Frequency_THz,Cv_Contribution_eV_K
0.24572969004045808,8.615861771080111e-05
0.4676603632304767,8.611948886451566e-05
0.6629246646984094,8.606396401810218e-05
0.8391656042636747,8.59970062111225e-05
1.0021060564305326,8.592111232839899e-05
1.154097879894463,8.583813932589396e-05
1.295584895084701,8.575039360305198e-05
1.425769045958834,8.565968630673155e-05
1.5423979106467258,8.557013969968479e-05
1.641096527619137,8.548929040342042e-05
1.7148656076859574,8.54202925153534e-05
1.7550417998016907,8.538343717460681e-05
0.24276694883676814,8.615792861804903e-05
0.40031124915668664,8.613280964503016e-05
0.5767627597834942,8.609024057711128e-05
0.7417698672159803,8.603559397095751e-05
0.8951397003321337,8.597210274392147e-05
1.0397227553570991,8.590155847561664e-05
1.1775581763513514,8.582434080753888e-05
1.3094263741670742,8.574056180153482e-05
1.4344263465700131,8.56536898061676e-05
1.549298271034069,8.556469969091562e-05
1.6477709575380002,8.548161692738471e-05
1.720693404927296,8.541553389592647e-05
1.7350513500760594,8.54019286942295e-05
1.6818725954055262,8.545018503954723e-05
1.5959180988251245,8.55264755043814e-05
1.4890050360777296,8.561202178189433e-05
1.3704693191462294,8.56989739856295e-05
1.245388403404023,8.578199507618559e-05
1.1151379738862341,8.585963346122631e-05
0.9787437881185876,8.593190380128644e-05
0.8339687984392962,8.599798654424279e-05
0.6779191018181211,8.605774614788922e-05
0.5088236610412965,8.610761046791429e-05
0.3391905495075487,8.61434510338113e-05
0.4327191932240571,8.61251141196844e-05
0.5357376474562393,8.610050791346383e-05
0.662541266170079,8.606299726534358e-05
0.7935134297730965,8.601499665619127e-05
0.924431831950422,8.595845280586422e-05
1.0553902079607194,8.589311790939212e-05
1.1866856015658314,8.581861133133896e-05
1.3172650778805746,8.573527585290502e-05
1.4439263288372548,8.56467079373134e-05
1.5608239411296576,8.555640145676944e-05
1.6593887479470446,8.547222574609509e-05
1.6891568147564504,8.54452016809223e-05
1.6209295989348582,8.550434489199655e-05
1.5198373813817327,8.558829993919513e-05
1.4031714129019575,8.56746738634911e-05
1.28338392722332,8.575641549241774e-05
1.1665366218985693,8.582918515464663e-05
1.0533724353851575,8.589225612318422e-05
0.9415916693145691,8.59479623970873e-05
0.8282118179856611,8.599842346658115e-05
0.712129803316035,8.604362913426282e-05
0.5987656723574761,8.608132463557075e-05
0.5507428577740489,8.609585617416864e-05
0.6130164306309406,8.607805274344528e-05
0.7050581917324599,8.604794818539339e-05
0.8146258510235761,8.600596188992947e-05
0.9356881978766639,8.595324377385219e-05
1.064835523051488,8.588807849879237e-05
1.1987389683372143,8.581107386946509e-05
1.3329845512322742,8.572517759841224e-05
1.461632579816814,8.563316440640236e-05
1.5771015995146702,8.554347716104839e-05
1.6229110684270556,8.550363446755733e-05
1.5432330394458087,8.556901641706627e-05
1.430558652588072,8.565435590752202e-05
1.3082922350876718,8.573965746146137e-05
1.1908711734874409,8.581356194537215e-05
1.0853181876090563,8.587418864310805e-05
0.9926851030277479,8.592195756004237e-05
0.9105237847215514,8.596036545507161e-05
0.8358253933715944,8.599323776511551e-05
0.7680780067851123,8.602137410613425e-05
0.6054809902953041,8.608008646331321e-05
0.6441174611507166,8.60681832634539e-05
0.7222214141630916,8.604149047381075e-05
0.8285084734094428,8.600000023817675e-05
0.9527376695638338,8.594454091445777e-05
1.086752043298416,8.587578782773365e-05
1.2236476007184949,8.579601523592848e-05
1.3569688495829535,8.570853438035603e-05
1.4802228391024235,8.561945778730814e-05
1.5440304669853522,8.556884828745004e-05
1.4587110544912718,8.563328868000592e-05
1.342258409498625,8.571622401032909e-05
1.2214486377205054,8.579483576492761e-05
1.110906546560731,8.585924485473248e-05
1.018453825591921,8.590818480500522e-05
0.9465276747773654,8.594279814305464e-05
0.8938401360823462,8.59665224266577e-05
0.8576188445122973,8.598267797985271e-05
0.6279000164919436,8.607331802265632e-05
0.6649896263962882,8.606120107771995e-05
0.7479393093229489,8.603148840209591e-05
0.8607590827888056,8.59857383510095e-05
0.9888273969734154,8.592640261261109e-05
1.1216917599018952,8.585588270326034e-05
1.2520502802950593,8.577759035377882e-05
1.3744043028831803,8.569637049568421e-05
1.4587427559277664,8.563417830328997e-05
1.3849103765978248,8.568663630781497e-05
1.264329498434916,8.576703755840084e-05
1.1535221661723374,8.583419776665805e-05
1.0551576894325247,8.588824063607041e-05
0.9772115778574961,8.592711197667907e-05
0.924131846846076,8.595181213492094e-05
0.8970021693550715,8.596424087264635e-05
0.6598076710013397,8.606267966477534e-05
0.7093506404955392,8.604506938498709e-05
0.7994367110676133,8.601034475156058e-05
0.9113579445853407,8.596222740946744e-05
1.0311189892166626,8.590440124401036e-05
1.1502691274665324,8.583914601874141e-05
1.2639516284718437,8.576962261420874e-05
1.3692994357764676,8.56996544106729e-05
1.3066243619488633,8.573898963613245e-05
1.2010495995362354,8.580515637561108e-05
1.108684970510117,8.58576301370244e-05
1.0282512865914653,8.590014327158457e-05
0.9668816935986575,8.593059357248135e-05
0.9308127885894355,8.594787928345019e-05
0.7208241524923322,8.604035297248857e-05
0.7758906468076672,8.601862309665527e-05
0.8586355724437017,8.598428404212425e-05
0.9542814941568974,8.594108667058234e-05
1.0535952460984435,8.58917684792448e-05
1.1519537209461974,8.583751099102289e-05
1.2475123713195881,8.578001527306497e-05
1.2330950344798661,8.578467361451449e-05
1.152026491519982,8.58313030151634e-05
1.084624212055762,8.586792256459955e-05
1.0273468488386097,8.589839517876906e-05
0.9857624461469621,8.592009836407762e-05
0.7895020733085338,8.601210433470291e-05
0.8319317321466031,8.599408637523977e-05
0.8926081268988586,8.596810259388527e-05
0.963716951349646,8.593615107457874e-05
1.0411987070514415,8.589814190012751e-05
1.1236477846567208,8.585393447944336e-05
1.1645271026208914,8.582356989275059e-05
1.1244491442782885,8.584443326120534e-05
1.0755989246851665,8.58709696832578e-05
1.0452954090809978,8.588761999467119e-05
0.829423746430824,8.599427078090377e-05
0.8476642423571563,8.598665694177813e-05
0.8836500697593238,8.597190262863295e-05
0.9357106291743432,8.594956455993603e-05
1.0030701545278906,8.591822044904032e-05
1.0850862301020359,8.587584274212604e-05
1.0905505559688489,8.586158433333914e-05
1.076737074150825,8.586903784724304e-05
0.8220030281612669,8.599730532220088e-05
0.8191682308205538,8.599899507988279e-05
0.8424623556703744,8.59902651691087e-05
0.8931200231493678,8.596941032160498e-05
0.9693806135305684,8.593515356270889e-05
1.0664183937633602,8.587352690149845e-05
0.7789728692876999,8.60153240927541e-05
0.7723031648382522,8.601844768364827e-05
0.8042521948582039,8.600646291321959e-05
0.8725857688353064,8.597850578371294e-05
0.7381885257625797,8.603141242657022e-05
0.7491955178563786,8.602748468320586e-05
0.4892726662839666,8.611177449391436e-05
0.6187853104630509,8.607591440044075e-05
0.7545933557907853,8.602921546025158e-05
0.886200945663252,8.597463203389067e-05
1.0134157911472217,8.591413582836256e-05
1.1382222761802099,8.584647847680614e-05
1.2622458923720739,8.577066206164967e-05
1.3852795307587484,8.568802616677466e-05
1.5036891372922163,8.560085773817391e-05
1.6089831710753728,8.551558001226016e-05
1.6860341470265046,8.544736007100453e-05
0.595131021478422,8.608276611954865e-05
0.6873406892941989,8.605296018624731e-05
0.7947686299008069,8.601285591868725e-05
0.908746549536837,8.596398454367962e-05
1.0272968256442212,8.590670236689953e-05
1.149989176468113,8.583923640083011e-05
1.275661436698561,8.576177406918669e-05
1.400960342350827,8.567655749822293e-05
1.5186838658246284,8.558897687933545e-05
1.6129549304267137,8.551201244200983e-05
1.6197595761453665,8.550608767823902e-05
1.5323628844748964,8.55771274609718e-05
1.4179042982896009,8.566380749865248e-05
1.296853059655766,8.574707310125232e-05
1.1794657075499468,8.582117221894752e-05
1.0695528598083925,8.588311871711024e-05
0.9667280097658894,8.593534797425543e-05
0.868885916473251,8.598022238775878e-05
0.7748164381587057,8.601930150401741e-05
0.6876035106052485,8.605197285484203e-05
0.6466231833648951,8.606659495670143e-05
0.7167674994168811,8.604227300677592e-05
0.8122196084474222,8.600556472739945e-05
0.9233811223696532,8.59571086689453e-05
1.0445227681731364,8.58973618405386e-05
1.1712098633460957,8.582653552639095e-05
1.2988641466096333,8.574709665290319e-05
1.4212388696854272,8.566204131561592e-05
1.524646578711226,8.558457646017637e-05
1.5417280908349194,8.557065786010089e-05
1.4451324193199502,8.564429247946275e-05
1.3267985048084028,8.572692187305085e-05
1.2082167936898984,8.580292168925289e-05
1.1002826416881937,8.586568095125886e-05
1.0073533239211678,8.591412653026386e-05
0.9295419624702576,8.595116797328101e-05
0.8651155240939382,8.597988481666771e-05
0.8129939095004949,8.600262404441064e-05
0.668611572572855,8.605930469020092e-05
0.7370913427792729,8.603462885725218e-05
0.8366479702569354,8.599488635085764e-05
0.953566848991989,8.59423832701274e-05
1.0781895565389492,8.58789909101503e-05
1.2035809959892136,8.580706744964198e-05
1.3238235349346605,8.572968093145188e-05
1.4287637123708683,8.565654842693075e-05
1.4556609244914291,8.563633647431094e-05
1.3588672476751396,8.570473456349643e-05
1.2448787394607455,8.577968735991212e-05
1.1352428741596123,8.584532584541488e-05
1.040294750423979,8.589652468827927e-05
0.9651539667420908,8.593335815698968e-05
0.9114734606754312,8.59580767466433e-05
0.8786665753262978,8.597284651768036e-05
0.6995966104926408,8.604832104724887e-05
0.7785463206711983,8.601787953797643e-05
0.8839331954213933,8.597359864580626e-05
1.0001446990301839,8.591864675712766e-05
1.117408507111428,8.585644402454237e-05
1.2296094571923435,8.579013330576365e-05
1.3299925170838436,8.572549129221779e-05
1.3688566551064754,8.569840685480723e-05
1.2803378279815658,8.575659657696677e-05
1.179660882598914,8.581833005540373e-05
1.0858206988108814,8.587082047670896e-05
1.0074373013902704,8.591142822392206e-05
0.950131733848188,8.593897747321092e-05
0.9177032895100627,8.595427278821786e-05
0.7583016462296135,8.602549402852083e-05
0.840686018597004,8.599116811239745e-05
0.938649347053458,8.594704494072986e-05
1.0401097219800988,8.589715179694572e-05
1.1385582315749343,8.584407509649711e-05
1.229674012347121,8.579014706249646e-05
1.282948282742666,8.575590470317667e-05
1.2272961598297158,8.578870392545436e-05
1.1327292358968741,8.58431245060777e-05
1.0606877800316825,8.588206893812671e-05
1.0025312977483316,8.591201606402848e-05
0.9637652682438896,8.593150857253077e-05
0.8248668397664155,8.599678457396795e-05
0.8938926580093414,8.596640442408389e-05
0.9708752625884703,8.593080218942509e-05
1.0497378518286444,8.58915099132004e-05
1.1276349866530353,8.585000470056741e-05
1.19439292128226,8.581095996004767e-05
1.1667796777572363,8.582240239033949e-05
1.1012826333632475,8.585798285529479e-05
1.055143486604558,8.588281330726287e-05
1.0206277046567949,8.590138142299061e-05
0.8644016099276833,8.59787913749403e-05
0.9100267201201888,8.595851393676635e-05
0.9638975522621646,8.593402521316793e-05
1.02520382052706,8.590468732724377e-05
1.093147146742856,8.586925395572341e-05
1.1140641648753349,8.585030730529831e-05
1.0814749264573587,8.586699156185315e-05
1.0632947941812225,8.587710079784454e-05
0.8586947849261946,8.598098529853121e-05
0.8850648163512862,8.596992036220607e-05
0.9274211139915768,8.595193664112554e-05
0.9874424671051119,8.59244368766206e-05
1.0635304162308075,8.588439154211678e-05
1.0763532253731605,8.586893070747479e-05
0.8188967171031324,8.599861040164989e-05
0.8431193178317934,8.598900045625509e-05
0.8935331241281077,8.596793713088616e-05
0.9693038640832061,8.593368012638035e-05
0.7809994864217592,8.601450476172201e-05
0.8225216614405172,8.599788680403854e-05
0.7344672334789853,8.603474456247513e-05
0.8038842749438638,8.600708432328657e-05
0.8878001587229907,8.59714037335866e-05
0.9825574938790431,8.592740560193585e-05
1.0868956373444119,8.587332508651804e-05
1.199753653992389,8.580845832283556e-05
1.318211810582092,8.573304019947676e-05
1.434893561184334,8.565170252860508e-05
1.5305801240671777,8.557930796546787e-05
0.7561407982940154,8.602626458744018e-05
0.8243992979295318,8.59982649954773e-05
0.9121368706810596,8.595982157220196e-05
1.0120933515574637,8.591191522807497e-05
1.1194265652109576,8.585486778573474e-05
1.2304239432769977,8.578933782341773e-05
1.34015443717349,8.57179931932465e-05
1.4344568548218994,8.565235391456755e-05
1.4406515408127019,8.564809030478405e-05
1.3458026844023991,8.571434592945728e-05
1.2357448439612093,8.578561757651467e-05
1.1296887683527814,8.584857502184888e-05
1.0342697641870233,8.589970920939871e-05
0.9522561531271718,8.593992326973857e-05
0.8851484783752915,8.59705676488206e-05
0.8347508654578172,8.599295647818034e-05
0.7856165065447932,8.601419967277225e-05
0.8635631380790209,8.598059469814586e-05
0.9574296445030918,8.593752949318293e-05
1.0574050581332162,8.588732012268219e-05
1.1577441626125329,8.583195800416151e-05
1.2547569136615093,8.577367011212647e-05
1.340011847076875,8.57184092145351e-05
1.3590110475084767,8.570560569268212e-05
1.2635547710057509,8.576775896331968e-05
1.1667300755276724,8.582635363138915e-05
1.0780911991024282,8.587535117328112e-05
1.0029613574820326,8.591385094852684e-05
0.9442182915122531,8.594197919125021e-05
0.9042442330179091,8.596067635824061e-05
0.8401278628482006,8.599047467022116e-05
0.9221053334810395,8.595285911003826e-05
1.0105935660920833,8.590982671869785e-05
1.0975101473006583,8.586449411430113e-05
1.1792543862320026,8.58191021211412e-05
1.2517177161738624,8.577596111510399e-05
1.2757547565628231,8.576061025960619e-05
1.193832764796667,8.580953539892187e-05
1.1160105037786339,8.585333692005199e-05
1.0486084339214738,8.588905287872111e-05
0.9953645458862552,8.591589955775692e-05
0.9593977365448575,8.59336478118329e-05
0.9028452351258756,8.596120789314413e-05
0.973816195904393,8.592687614421737e-05
1.0440826936146415,8.589158853775826e-05
1.1097924032309137,8.585709494988986e-05
1.1694071057563973,8.582456887852818e-05
1.1996545200389008,8.580678583602167e-05
1.1381275524101946,8.583969939739368e-05
1.0830896556916543,8.586897885996623e-05
1.0392536119440228,8.589192555636424e-05
1.0089191806513136,8.590794063136062e-05
0.9419617470516276,8.594200894255693e-05
0.992472917020998,8.591693080428559e-05
1.0418304017740951,8.589248080623067e-05
1.0901702690788109,8.586808648102526e-05
1.1295365169145013,8.584609488031014e-05
1.1067476264075817,8.585509145481481e-05
1.064933662445737,8.587702863591352e-05
1.045720756395989,8.588723717731854e-05
0.9400509703654328,8.59425419740789e-05
0.9736919008276415,8.592630484137226e-05
1.0123227207276446,8.590816802129969e-05
1.0582116216439579,8.588556978009177e-05
1.0724288338751373,8.587228542133023e-05
1.0592848654956544,8.587899600687189e-05
0.9069254781469919,8.595837505661916e-05
0.9388472508139247,8.59438447131922e-05
0.9842069123655802,8.592305209755923e-05
1.0458307205250446,8.58931623774352e-05
0.874750111495145,8.597351369578484e-05
0.921529245267333,8.595234391466635e-05
0.8627977789872708,8.5980192741342e-05
0.9218740872374599,8.595298477644337e-05
0.9948426136433445,8.591817919659818e-05
1.0769581736301628,8.587600024476921e-05
1.1654730525983987,8.582710380594152e-05
1.2574778066742405,8.577166842936522e-05
1.3414628795634678,8.571754392222534e-05
0.9137417289666298,8.595614550563295e-05
0.9773865298836196,8.592520107231536e-05
1.0461166156422788,8.58905447979364e-05
1.1158520819032098,8.585364175934175e-05
1.1856613951028059,8.581475735990189e-05
1.2513078193024367,8.577615087047818e-05
1.2544325108466392,8.577422038983466e-05
1.1842587081583464,8.581574852975027e-05
1.1136808909653249,8.585470839470028e-05
1.0505870056796225,8.588799045001154e-05
0.9958817634822867,8.591556420363895e-05
0.9515311071867322,8.593753197142251e-05
0.9734016919748298,8.592633906264054e-05
1.0279550838043416,8.589834423876817e-05
1.0799905089932833,8.58712612742802e-05
1.1287632315882752,8.584588648165618e-05
1.1746032483821278,8.582152742367193e-05
1.1891049158557712,8.581315777536502e-05
1.1247176467841864,8.584801021334099e-05
1.0769343576844785,8.587275602980107e-05
1.0395498627959392,8.589193544263521e-05
1.0120258456700415,8.590627426564957e-05
1.0125771224238946,8.590570450947852e-05
1.0486134910697904,8.58867428396429e-05
1.080556030751163,8.587076970358237e-05
1.1105995244205762,8.585623349880181e-05
1.1250664852940893,8.584810215370425e-05
1.0798849491589677,8.587060970685948e-05
1.054218016525973,8.5883220044619e-05
1.041167947653055,8.589011398380818e-05
1.0144263548485255,8.590435266482335e-05
1.0345371962167742,8.589422120026903e-05
1.0552679013658268,8.588479429677296e-05
1.0743251454460192,8.587459056306705e-05
1.0500213532555345,8.588500114450003e-05
1.0448283211540117,8.588735935987737e-05
0.9873527729496082,8.59184356227271e-05
1.0050711407132946,8.591000779942432e-05
1.0314777441936045,8.589767679154126e-05
1.0442191977853872,8.58869830313116e-05
0.9601065341980018,8.593238400907203e-05
0.9903674492760179,8.591763996446648e-05
1.0084482553394944,8.590821089445422e-05
1.044458154290185,8.588935976667414e-05
1.0829272111750436,8.586954903299778e-05
1.1252455296712645,8.584784671911384e-05
1.1713116122152991,8.582376035429681e-05
1.0473855825134115,8.588696834234581e-05
1.0655543713392888,8.587729358595495e-05
1.083942958393689,8.586872011136797e-05
1.1066248585816643,8.585851035399304e-05
1.1046821679871257,8.585932404193961e-05
1.0764140723769189,8.587291862623876e-05
1.05876536243464,8.588097639389728e-05
1.049034513190048,8.588595983827099e-05
1.0516419427339898,8.588417429308288e-05
1.0537831558834136,8.588357534742032e-05
1.059860321545927,8.588210361426809e-05
1.0633962363588505,8.58803954033141e-05
1.041053223995426,8.589021399224567e-05
1.0437318912918956,8.588836116165619e-05
1.028451270666193,8.589673667183264e-05
1.0270628494159026,8.589813962121556e-05
1.0321745950401007,8.589542134256022e-05
1.0222784536786562,8.589947275134657e-05
1.0042820530519243,8.590968279863047e-05
1.0142133937572027,8.590511031688433e-05
1.0535979374085311,8.58830669455958e-05
1.047065644949625,8.588710154277066e-05
1.0520787958372817,8.588630311249181e-05
1.0319906039681392,8.589476381685169e-05
1.0211035687056529,8.590130753193978e-05
1.0149605889727624,8.590428654335561e-05
1.0219636560237566,8.59001090395581e-05
1.0092306349383238,8.59069075731816e-05
1.007387641387462,8.590747986057362e-05
0.9995994263965587,8.591185560757722e-05
0.24572969004045808,8.615861213718528e-05
0.4676603632304767,8.61195269896848e-05
0.6629246646984094,8.606414317219375e-05
0.8391656042636747,8.599692333666763e-05
1.0021060564305326,8.592082641530376e-05
1.154097879894463,8.583840937505997e-05
1.295584895084701,8.57500243358385e-05
1.425769045958834,8.565989908820008e-05
1.5423979106467258,8.557080944004046e-05
1.641096527619137,8.548790455856873e-05
1.7148656076859574,8.542023913499268e-05
1.7550417998016907,8.538350413358058e-05
0.24276694883676814,8.615792714443483e-05
0.4162852475497172,8.612974237419386e-05
0.6135264773418562,8.607947742528592e-05
0.7981661486681758,8.601353847032618e-05
0.9705806137902113,8.593638235125141e-05
1.1319521822590608,8.585018961367586e-05
1.281813129846276,8.575818261890996e-05
1.418683014300795,8.566419783471364e-05
1.539763968594899,8.557118145389981e-05
1.6399407587463486,8.5487583566161e-05
1.711394659602494,8.542323488675204e-05
1.7451692070056262,8.539281758164287e-05
1.7582881436548146,8.538097639094216e-05
1.7546865548278636,8.53830488770739e-05
1.7110272551910148,8.542317981269967e-05
1.6335641220499553,8.549377017384114e-05
1.529568562464381,8.558095815618324e-05
1.4050532803659792,8.567483159778783e-05
1.2645146082069725,8.577047821275986e-05
1.1113594090597487,8.586304078932369e-05
0.9481928604258048,8.594790725877503e-05
0.7766265240377588,8.602250462871911e-05
0.5967761843209357,8.608521088056854e-05
0.4099947900719094,8.613250032469687e-05
0.4327191932240571,8.612511610879062e-05
0.550392774831646,8.609650815251311e-05
0.7081415510562512,8.604694469306428e-05
0.8746909483506847,8.598000784166182e-05
1.0392984646717751,8.589975972448406e-05
1.1970420658142509,8.580995722070018e-05
1.3445804552901646,8.571431090475629e-05
1.4780481723797363,8.561758054287711e-05
1.5905466998690192,8.552774495186088e-05
1.6707655936877424,8.545921979242159e-05
1.7059536072813195,8.542845312876098e-05
1.7293099469124793,8.540730410084541e-05
1.7613584923803178,8.537776672938423e-05
1.7511178410459578,8.538655786254916e-05
1.700396155400965,8.543280796847204e-05
1.615123556582691,8.550910854721589e-05
1.5024629655937312,8.560271890709539e-05
1.369294725426772,8.569905854746476e-05
1.22187299572837,8.579737328584053e-05
1.06586438193181,8.588812007893818e-05
0.9063725235817286,8.596732961644915e-05
0.7480572198991583,8.603285001783075e-05
0.5507428577740489,8.609589765234316e-05
0.6282244006856854,8.60731372413336e-05
0.7569640127540583,8.602815238870781e-05
0.9102673886547095,8.596298596219053e-05
1.071271823434638,8.588166392379679e-05
1.2296856795185342,8.578872583336333e-05
1.3778004037391614,8.56903350660642e-05
1.5063859523902268,8.559522757472943e-05
1.6008480839338883,8.551957760436518e-05
1.6428968358142615,8.548602235316199e-05
1.6704010429243925,8.546143978319792e-05
1.7321666396761783,8.540375045804915e-05
1.754890161746561,8.538286965444208e-05
1.73551780934102,8.540063971869597e-05
1.6764079181245992,8.545529696938932e-05
1.5839596776857472,8.55359546252872e-05
1.4664358137697446,8.562919377351751e-05
1.3323878814196368,8.572537542690935e-05
1.1898328636682882,8.581627498110503e-05
1.0458417061949916,8.589837043349803e-05
0.6054809902953041,8.608011106050865e-05
0.6606222069014909,8.606248877439553e-05
0.7793220649412951,8.601908119925498e-05
0.9330164794441648,8.595189098921086e-05
1.0985021823426422,8.586629236472394e-05
1.2598099944553736,8.57695014901246e-05
1.4034893256965584,8.56720110572262e-05
1.5124314256880769,8.55916298132238e-05
1.5636441202480027,8.555247052517684e-05
1.5865731215358332,8.553513827395247e-05
1.6687372466986063,8.546318167334448e-05
1.7194443044127794,8.541643017488009e-05
1.732895591597231,8.540334030297054e-05
1.7069243298848737,8.542778006814688e-05
1.6443436879371187,8.548428739326507e-05
1.5522424157784334,8.55614715142292e-05
1.4398515545391382,8.564942044554366e-05
1.3164253504585661,8.573563990821187e-05
0.6279000164919436,8.607324206295028e-05
0.6825508982043816,8.60550292356163e-05
0.8078455270450171,8.600719480082774e-05
0.9688274240526091,8.593413241953696e-05
1.1370165963172678,8.584391632903102e-05
1.291873273851224,8.57484933829625e-05
1.4132195332284199,8.566587638620055e-05
1.474419218929335,8.562227315669915e-05
1.484132052311834,8.561628167950106e-05
1.5767783833590556,8.554278169170251e-05
1.6474529468631094,8.548231645502701e-05
1.6906811275901108,8.54434870797366e-05
1.701402008275108,8.543227586801302e-05
1.6772674121130748,8.545507403553005e-05
1.6207071050990638,8.550345064978283e-05
1.5386261425320849,8.557222458078985e-05
0.6598076710013397,8.606263712010944e-05
0.7271026563198294,8.603840461738604e-05
0.8594888800795395,8.598437441106001e-05
1.0191774408885772,8.590776297646637e-05
1.1763353714165328,8.582061994690482e-05
1.3061305568407353,8.573973451356553e-05
1.378199325763176,8.569182021502142e-05
1.3706637111528768,8.569727512860404e-05
1.4643475868022848,8.56311443467545e-05
1.5469765717228408,8.556691480963214e-05
1.613780896834878,8.551153077820405e-05
1.6594392541766854,8.547142893071015e-05
1.6777051216291157,8.545403575643324e-05
1.6644617751524617,8.546605626298757e-05
0.7208241524923322,8.604034201636717e-05
0.793278569916534,8.601146963482329e-05
0.9179567580808814,8.595681834735412e-05
1.060693052834947,8.588544595260847e-05
1.191295715319265,8.581201118795678e-05
1.2752523149117083,8.57606144766071e-05
1.2813273299134755,8.575639724631333e-05
1.3398687109196505,8.57193755026574e-05
1.4288275997115043,8.565755237116481e-05
1.5128959302120268,8.559395791611513e-05
1.5877617447635244,8.553364515374275e-05
1.6457555705358802,8.548342853499062e-05
0.7895020733085338,8.601195993529807e-05
0.8491835328974324,8.59865721597204e-05
0.9523174212549095,8.593965764498992e-05
1.069655187205814,8.588033314857935e-05
1.16473083288467,8.582754108975951e-05
1.1919730095246637,8.581037200260788e-05
1.2110665936121672,8.580288706507929e-05
1.3036758706830032,8.574443804554412e-05
1.4004913351743822,8.567780744174022e-05
1.4977438930930174,8.560540024792849e-05
0.829423746430824,8.599426920275734e-05
0.8656553486947063,8.597876702939178e-05
0.9471032420769432,8.59419981365177e-05
1.0454469382741463,8.589246877010244e-05
1.1047987179477265,8.585863723097619e-05
1.102919957029039,8.58561767408079e-05
1.1806010094153634,8.582188992592129e-05
1.2872346755010056,8.575487808704851e-05
0.8220030281612669,8.599719851199452e-05
0.8398375756911568,8.599018061921428e-05
0.9179400339203063,8.595582350223986e-05
1.0188553894288364,8.590425632568036e-05
1.0534588920108088,8.588126975544557e-05
1.0670513534495016,8.58860717681273e-05
0.7789728692876999,8.601526264484153e-05
0.7990422967890517,8.600783160199151e-05
0.904589499454269,8.596240250440714e-05
1.0226097479025622,8.589726464846031e-05
0.7381885257625797,8.60312677451528e-05
0.78095782713794,8.60152807455887e-05
0.5553192389556039,8.609681378585829e-05
0.7205256836571291,8.604360446132946e-05
0.8882198063811598,8.597533466707924e-05
1.0530472724462792,8.589411222021146e-05
1.2113228133353322,8.580291842548706e-05
1.3593371975263122,8.570605557845236e-05
1.4927783745741938,8.560867513359967e-05
1.605841143738149,8.551657323771761e-05
1.690722915311969,8.544241791830367e-05
1.7388389830737374,8.539823708741667e-05
1.7461330159184525,8.539161839617595e-05
0.6503449513626142,8.606728210840924e-05
0.787389338389697,8.601748156017135e-05
0.9409642892824227,8.594987173248413e-05
1.1001314069316899,8.586730563185595e-05
1.2567782457373735,8.577320804451008e-05
1.4039578288292984,8.567291699557876e-05
1.533543532925854,8.557563100388259e-05
1.6341568214242272,8.549234526968573e-05
1.6925819787374345,8.54418216379691e-05
1.7044517512101294,8.542987646055565e-05
1.7202599082425987,8.541520591990822e-05
1.7450802791811737,8.539202062899088e-05
1.7298443987606784,8.54060646944398e-05
1.6713416804690544,8.545895021775734e-05
1.5760602606586407,8.554145755861796e-05
1.4533928129678495,8.563852894845862e-05
1.3126488299773245,8.573774996452162e-05
1.1619754833042242,8.583327259016201e-05
1.0085266439236158,8.591765654884434e-05
0.8589758684711891,8.598811806994472e-05
0.6973111219549094,8.605079223880138e-05
0.8163407000170776,8.600540643181737e-05
0.9645045249700429,8.593804778092364e-05
1.1250970907896458,8.585275432693587e-05
1.2846435458105605,8.575456074126354e-05
1.431014967794425,8.565319951516e-05
1.5495063673954013,8.556263841717816e-05
1.6214338702311986,8.550391660959051e-05
1.6377239309243068,8.549055765293043e-05
1.6597062716078095,8.547018770158527e-05
1.7121191472273933,8.542288467274524e-05
1.7313953986951967,8.540526063936773e-05
1.707229569967131,8.542744575365193e-05
1.6410022490054976,8.548598028627143e-05
1.5405380189789366,8.557048435209884e-05
1.416659177921901,8.566509067904072e-05
1.2804120869723787,8.575915190396513e-05
1.14163496416436,8.584461970884083e-05
0.7170347983930995,8.604355850874617e-05
0.8351301162491757,8.599715414078345e-05
0.9887761167732865,8.592549207283697e-05
1.1545642831368839,8.58352884438357e-05
1.3134958167745974,8.573554780441016e-05
1.447179303085308,8.564132282876111e-05
1.5324525978881485,8.55777624976111e-05
1.5528374168514925,8.556183865657304e-05
1.571556830055111,8.554538910182981e-05
1.6415848324915867,8.548632644081775e-05
1.6905266533938954,8.54431104629062e-05
1.703603014504257,8.543089264718651e-05
1.6760711287579728,8.545503979028176e-05
1.6103469634165295,8.551298958958927e-05
1.5148917524561474,8.559152526887398e-05
1.401136607405231,8.567625072030152e-05
0.7445737929540719,8.603297181756737e-05
0.8707584456801417,8.598130572246358e-05
1.028931813711223,8.59045733448528e-05
1.191348709777286,8.581297498056487e-05
1.3344655322228185,8.572099355686807e-05
1.4312719711965298,8.565391682678306e-05
1.4566501945345867,8.563611600414522e-05
1.4652795360786033,8.562850937277896e-05
1.5423150311875755,8.557016957405035e-05
1.612230366407442,8.551164101340338e-05
1.6589403384441799,8.547050350222087e-05
1.6740217574008547,8.545758871266974e-05
1.6528553579556506,8.547605580104624e-05
1.5972082835966506,8.552302446685386e-05
0.7975660111876386,8.601146766106314e-05
0.9236498949614896,8.595640264989624e-05
1.0727685185884883,8.588057956232643e-05
1.215581618653301,8.579806872564558e-05
1.3211366875515806,8.57308975454082e-05
1.3547282172743833,8.570839880276979e-05
1.3507819217590074,8.571051820707558e-05
1.4208477319296793,8.566197943561809e-05
1.5081271512352612,8.559704990174853e-05
1.580830589486242,8.553915731188504e-05
1.6349860202692856,8.54928211501312e-05
1.661141234856418,8.546949405008065e-05
0.8577989808515368,8.598493099543214e-05
0.967854063455873,8.593416838786704e-05
1.0943695393072173,8.586837972147978e-05
1.2035225805546759,8.580557337526439e-05
1.251006141903581,8.577656677672012e-05
1.2392330328221928,8.57822083362019e-05
1.2978533497463383,8.574670681987691e-05
1.3913065657972867,8.568377122860863e-05
1.4822561305581765,8.561733073474365e-05
1.567101998686694,8.554984372116618e-05
0.8922794897667276,8.596850780429932e-05
0.978343822515611,8.592846523531968e-05
1.0798233292988058,8.587591367373369e-05
1.147702076645738,8.583689868008339e-05
1.1473139690409513,8.583394636062775e-05
1.1777021741734381,8.582191784308176e-05
1.273118654141799,8.576353481439217e-05
1.3762920154716418,8.569457676861041e-05
0.8843423487209247,8.597197463531526e-05
0.9550147555163445,8.593956986479594e-05
1.0435932207040644,8.589332239509798e-05
1.0763681003124517,8.587188301240678e-05
1.0743278486927277,8.58716972508328e-05
1.1590675482192725,8.583327891255867e-05
0.8480001531884966,8.598814083101211e-05
0.9299469467060546,8.595102548233135e-05
1.0237973754569292,8.589854793969227e-05
1.0435081238982469,8.588550134809304e-05
0.8205002397604202,8.600050520511852e-05
0.9347766675429245,8.594989296080324e-05
0.9079921235939026,8.596609119919147e-05
1.0495456948348627,8.589596657436452e-05
1.2012707919620598,8.580829550485351e-05
1.3524065914927386,8.570995928385578e-05
1.4913503243796935,8.560932850972918e-05
1.6044749768052413,8.551783247379223e-05
1.6768010881298154,8.545458231565632e-05
1.698133029405978,8.543590982914824e-05
1.676389026432854,8.545477284439438e-05
0.9285169583226571,8.595634103132707e-05
1.0707269994587973,8.588391374946003e-05
1.2263713153892122,8.579282616793206e-05
1.3787603042840504,8.569176276285065e-05
1.509781146858807,8.559432047321592e-05
1.5980889149531183,8.552453195714198e-05
1.626037535185493,8.550118649921984e-05
1.6027460941654779,8.551859376901599e-05
1.6067731375778516,8.551466893658354e-05
1.6576530853067053,8.547142095601306e-05
1.6780614934199398,8.545391873820807e-05
1.6486170825112563,8.547977493528012e-05
1.5697038036949469,8.554745678498484e-05
1.4541111595992695,8.563738366223914e-05
1.3187008941996783,8.573289468533976e-05
1.1793375537616,8.58219812705886e-05
0.9509107420678576,8.594532048362928e-05
1.0985871597822523,8.586845152729686e-05
1.255281964704685,8.577392349495174e-05
1.3981884740788377,8.567800916017625e-05
1.5006703609753174,8.560286371944225e-05
1.53579179782803,8.557495460041436e-05
1.5100512025577948,8.559337041070809e-05
1.5038690127765042,8.559741592046337e-05
1.576054462644064,8.554078570380596e-05
1.6306722130719986,8.549592129752825e-05
1.6485660080984683,8.548042631483248e-05
1.6190561447194383,8.55067576634921e-05
1.5445713385073359,8.556710290859595e-05
1.4385814353862172,8.564851129797609e-05
0.9901993678096328,8.592578407713392e-05
1.1352189504660315,8.584737377421546e-05
1.278855576616266,8.575936965223387e-05
1.3905048049461075,8.5684010448009e-05
1.4339141219828564,8.565275012676116e-05
1.4084480498908611,8.56693977652323e-05
1.3921123800065565,8.567947917263735e-05
1.469142731386923,8.562468990086942e-05
1.5452266871559417,8.556696986546536e-05
1.6026142565768182,8.551973423433646e-05
1.6261424692225726,8.550105066116063e-05
1.6062138225444424,8.55172404110237e-05
1.0333902913193862,8.590284944964492e-05
1.1603674944409235,8.583281904535979e-05
1.2724963922143124,8.576343115082626e-05
1.3257405387171584,8.572869474288734e-05
1.3055938144345953,8.573965618666448e-05
1.280965972434904,8.575441665321037e-05
1.3522298647298447,8.570925205304952e-05
1.4389452801382396,8.564801769688576e-05
1.523003807649197,8.558391002009007e-05
1.5904682558989778,8.553096857570281e-05
1.0541057981263033,8.589171419694304e-05
1.1520816240655087,8.583700013303913e-05
1.2156239928611245,8.579865115409487e-05
1.2077496863460093,8.580099490699304e-05
1.1789146959482286,8.58164114382432e-05
1.2232268373841748,8.579299431129758e-05
1.3271668023974226,8.572698758574011e-05
1.426267174192681,8.565784272300364e-05
1.0391653883801935,8.589897581067685e-05
1.1071607388454776,8.586129615113015e-05
1.1210814153373927,8.584953028218158e-05
1.098571731142914,8.585948223635155e-05
1.1257084386669098,8.585056059498502e-05
1.2217986972671315,8.57944688057148e-05
1.005504622596582,8.591504438179524e-05
1.0509604746902081,8.588650919042601e-05
1.0490634407150397,8.58842848845021e-05
1.0522125840289238,8.58817888946408e-05
0.9989649916624048,8.591455419906043e-05
1.0244170937701151,8.589621801597885e-05
1.2035420485464698,8.580708177666216e-05
1.3447176501933635,8.571584559287915e-05
1.4735977967131062,8.562288375096739e-05
1.5663653844100611,8.555087500405643e-05
1.601518786737319,8.552180856470358e-05
1.5775210335869057,8.554015323246304e-05
1.5217724755108373,8.558280412999871e-05
1.2322020331237564,8.578922994158282e-05
1.364960269944633,8.57016520017355e-05
1.4677933215596637,8.562804205645625e-05
1.5090480756895168,8.559644312656432e-05
1.4824806330885072,8.561484152550076e-05
1.4222970157809123,8.565760674460438e-05
1.4154247156832753,8.566246724883349e-05
1.4873206300825876,8.561013188619812e-05
1.550108171387348,8.55629230330447e-05
1.5745392840308976,8.554369046893058e-05
1.5423832427680155,8.557057247276373e-05
1.458311209686897,8.563454962920582e-05
1.2560030141053484,8.57743474586337e-05
1.360031924450093,8.570558678003505e-05
1.4071191091399877,8.567239543375379e-05
1.3813729876918182,8.568873279680687e-05
1.32082399074193,8.572823613042412e-05
1.2921220546723489,8.574668848362978e-05
1.3777266164835997,8.569038619582719e-05
1.4610349259491637,8.563091152765374e-05
1.5301319381770082,8.55795559492198e-05
1.5626346483496085,8.555365470409268e-05
1.2510196988807885,8.57778669741769e-05
1.3014894037353706,8.574494466412707e-05
1.28102749743872,8.575645835351656e-05
1.2250050655365792,8.57892237309201e-05
1.1912510889098418,8.58094338594105e-05
1.2659344515768323,8.57655420923926e-05
1.3562691011615635,8.570641840197367e-05
1.4502392534226043,8.563979616945844e-05
1.1983862310086706,8.580961977926342e-05
1.187851747818374,8.58128951305081e-05
1.1414233194435714,8.583684701704855e-05
1.1076789562528617,8.585605731706501e-05
1.1641418004402868,8.582750194816808e-05
1.2530379621310397,8.57742718383287e-05
1.108622280014653,8.585693165722039e-05
1.077310349937532,8.58708624314761e-05
1.0514585593156012,8.588370371033095e-05
1.0766599069217373,8.58758700403667e-05
1.0380078802621868,8.589038147369139e-05
1.0317839462083378,8.589315031065567e-05
1.4533310285414762,8.563876559136824e-05
1.4880161373430543,8.561281947693335e-05
1.4584518572974314,8.563397453106832e-05
1.3897196590752126,8.56821937668754e-05
1.3152853355378198,8.573171455539738e-05
1.394913050548597,8.568113982929462e-05
1.3631377426053684,8.570200848508338e-05
1.2927813207607237,8.57477508545227e-05
1.219823067328951,8.579244192151469e-05
1.208332676472978,8.579948793792635e-05
1.2833070253055225,8.575397814181004e-05
1.3707166252376515,8.569606881425062e-05
1.4482856314299546,8.564153852770628e-05
1.2707173140153571,8.576306703114502e-05
1.2037785258947191,8.58028069262247e-05
1.136905147272593,8.584008035239831e-05
1.1052857712257038,8.585833572069505e-05
1.1814412556824865,8.581682087825582e-05
1.2719466333211515,8.576201421816466e-05
1.1299062919388578,8.58439723852368e-05
1.0742996612382214,8.587298307060686e-05
1.046224301150014,8.588869707209067e-05
1.0974705248818009,8.58637071822221e-05
1.0388861995747964,8.58902749070362e-05
1.0233732717786634,8.589802916910718e-05
1.2824216573387934,8.575517811316253e-05
1.1956871718259623,8.580750042875485e-05
1.1244246060874723,8.584753646961146e-05
1.1234355052260194,8.584808159139902e-05
1.0605158971494817,8.588119900396986e-05
1.0487008599715755,8.588798075609643e-05
1.1095591123237802,8.585636135837322e-05
1.025683932103039,8.58978805191206e-05
1.0093339998668192,8.59077063465777e-05
1.0109158799983256,8.590649769513993e-05
0.32741176432427016,8.614585067518346e-05
0.6422272036747149,8.606782653172777e-05
0.9339303632020476,8.595005364981712e-05
1.1959186176498406,8.580424568631687e-05
1.4267889592172691,8.564769468398985e-05
1.6307466657543768,8.547693280251763e-05
1.8167975130315106,8.529982379480136e-05
1.9964004954090198,8.511871063235413e-05
2.1795487257636252,8.491627843709811e-05
2.369814467032464,8.467086031921733e-05
2.557925452498616,8.442626244920528e-05
2.703680049128695,8.423715078411585e-05
0.4272766520083898,8.612864298447094e-05
0.6679893539355131,8.606195017479039e-05
0.9267970558414027,8.595520751277851e-05
1.1757760310774878,8.581830799686137e-05
1.4031757205896471,8.566653582726337e-05
1.6066769952598285,8.550319035962175e-05
1.7906872995045373,8.532540292585083e-05
1.9635487983941096,8.515352583682635e-05
2.1340897656922704,8.49684756288974e-05
2.3071449147673,8.47589569235884e-05
2.476965782342343,8.452800896538491e-05
2.614486840174691,8.434831250198426e-05
2.65877953510476,8.428740695157003e-05
2.579514104331788,8.439514857225859e-05
2.426737656866021,8.459147064065242e-05
2.251933662346716,8.482813844643976e-05
2.07603467704429,8.503334309169764e-05
1.9017482464421722,8.521616772140368e-05
1.7230617609875567,8.538972504526369e-05
1.5307844183760744,8.556735210961592e-05
1.3168700755244984,8.572662979082045e-05
1.0776621541406444,8.587511458223068e-05
0.8162710571562344,8.600449369376492e-05
0.5465082978018008,8.609799277565055e-05
0.843622864973143,8.599378703984919e-05
1.056041107432891,8.588802369282205e-05
1.2701484511177572,8.575862983791503e-05
1.473376942173226,8.56138532911402e-05
1.6594743573909336,8.545844468782993e-05
1.8269663791203385,8.52956167065378e-05
1.9782403991486694,8.514220358555287e-05
2.1176385351544913,8.499083211901253e-05
2.248909616568806,8.483231404702579e-05
2.3710191728671544,8.465681986304055e-05
2.4717481756035222,8.452799637194694e-05
2.5279509235308337,8.445236866885717e-05
2.5157194650837646,8.44694900002345e-05
2.441039179995909,8.457033710156248e-05
2.3196456968006185,8.472176338509613e-05
2.1727372347908704,8.492342360371462e-05
2.014331857368257,8.51007589953867e-05
1.8478471256821318,8.52690772127297e-05
1.6703867746837444,8.544134586534626e-05
1.4774320143626276,8.56104936158256e-05
1.2667129621189948,8.576085761501209e-05
1.041512308497789,8.58956858582861e-05
1.2386681677376083,8.577810619071615e-05
1.4261753814200975,8.564589237752495e-05
1.600141350042891,8.550572685207044e-05
1.7565915010318733,8.536162998722155e-05
1.8936599269807155,8.522896552733661e-05
2.0100246726081523,8.511057498905347e-05
2.1059047032848888,8.500214091185614e-05
2.1838527242417696,8.490851054833686e-05
2.249733030131683,8.481162270976042e-05
2.310571550931508,8.472212017008083e-05
2.3650674496293775,8.465327082690774e-05
2.3984172761513745,8.461219626595337e-05
2.388628992503314,8.462706892436325e-05
2.340680481474083,8.469119385302438e-05
2.2527362886824753,8.480751718561147e-05
2.1307010832073416,8.497336225343716e-05
1.9853548304147537,8.513113422618051e-05
1.8239101410720897,8.529155768969104e-05
1.6488892533794377,8.545974838805404e-05
1.4616545182116347,8.562203548648215e-05
1.5994200853055893,8.550101790174842e-05
1.752861510771484,8.536054285484239e-05
1.8713357915076263,8.524927170936064e-05
1.9629589096961324,8.51581542342795e-05
2.0315329289133706,8.508184151431982e-05
2.076346288098919,8.502927211052183e-05
2.100452433723325,8.499592311535948e-05
2.115596263699384,8.496882349707659e-05
2.141920537441717,8.493199696124547e-05
2.190594093138148,8.485741430125176e-05
2.2589808745225852,8.47782482880292e-05
2.2924973076221096,8.47375498761713e-05
2.299931250394198,8.472965363212093e-05
2.281925742921622,8.475540862643659e-05
2.2290059365265993,8.48426582496336e-05
2.1262311004474976,8.497886830840409e-05
1.9829715726771713,8.513448577012492e-05
1.8199058806898196,8.52949491761231e-05
1.9033670018190634,8.522461014908575e-05
1.9881874573595077,8.512422609476076e-05
2.01615968981924,8.508273038835752e-05
2.0283296428385507,8.506721692836102e-05
2.021338997512555,8.507379904146989e-05
1.9976213443295878,8.509968400045688e-05
1.9722768109098847,8.512225863307108e-05
1.9720426160026747,8.511591559699318e-05
2.015278934321916,8.50620953167405e-05
2.085897642557847,8.497304775509528e-05
2.181401268611072,8.486509985095129e-05
2.2283389356671446,8.480644967970756e-05
2.2575839317983317,8.477034392112096e-05
2.278021992069014,8.476284709327908e-05
2.2609518636617802,8.481731382706953e-05
2.139573038636749,8.496483126075985e-05
2.0858812495987085,8.493088706945096e-05
2.044329377859119,8.500871582091231e-05
2.003656596856148,8.506705733187115e-05
1.9479591977041422,8.51336338336274e-05
1.8821423405238416,8.521034904653434e-05
1.8245284452936064,8.526520944612306e-05
1.8041047010100553,8.5282517118747e-05
1.8439187456020796,8.524365282485629e-05
1.924992782908909,8.5142807071986e-05
2.065570919127605,8.499482358396496e-05
2.156135865437525,8.488788036148291e-05
2.220730991978873,8.480432283508622e-05
2.2715863868746555,8.477173364009117e-05
2.3240708074158074,8.475299095595025e-05
2.0551861927810107,8.495089034544814e-05
1.9828047544235696,8.507372563490561e-05
1.8705122888179815,8.520482054416997e-05
1.7623493226193825,8.53302902977825e-05
1.6764679879747701,8.540989376150695e-05
1.6383035875509921,8.544199607644989e-05
1.675238374391486,8.54079070081202e-05
1.7659928678724313,8.532319946917563e-05
1.937172375943123,8.513332491429566e-05
2.0824499454200196,8.497863701249844e-05
2.204008808108226,8.48313834393839e-05
2.2521735024797573,8.480859178681949e-05
1.9445987540807663,8.516917095402371e-05
1.7864600694131934,8.531508072420723e-05
1.6408960353626758,8.545040843220133e-05
1.5305800215713943,8.554762373055708e-05
1.473750614265519,8.559263212622235e-05
1.5036846554890186,8.556809988190146e-05
1.60339153907944,8.54824791945735e-05
1.7343581889186088,8.535773270842768e-05
1.9631581525862905,8.512239569399567e-05
2.144889294383946,8.493269315962809e-05
1.6595376087484173,8.54446393364965e-05
1.5113062505333794,8.557357222107837e-05
1.3883508539899683,8.567226167746536e-05
1.3134913139629472,8.572457320508136e-05
1.3248628646186884,8.57164168810107e-05
1.4309469613647068,8.563848595651688e-05
1.5743501549599084,8.551512148709446e-05
1.7882703900457877,8.531304837775546e-05
1.3751709633848999,8.568442956666016e-05
1.2545531428132204,8.57672985692793e-05
1.1705629526151078,8.581793117070505e-05
1.147465067719979,8.583110028594106e-05
1.248715389156952,8.577107111147717e-05
1.4077266064225586,8.565940235795227e-05
1.1415933201594155,8.583618765413302e-05
1.0634877450398603,8.587844141716432e-05
1.025871157999219,8.589678618635478e-05
1.0681311180383715,8.588030617857364e-05
1.002093568656233,8.590955234361325e-05
0.9880890996332591,8.591627285747408e-05
0.8843184797766444,8.59756637564675e-05
1.1148700698029221,8.585553742894371e-05
1.3369076134682127,8.571454984431053e-05
1.541433280176083,8.555958821291345e-05
1.7267982861499092,8.53888306784791e-05
1.8963352992923983,8.522429649381023e-05
2.0556956095566616,8.505842782156268e-05
2.2093610981260894,8.488226290435679e-05
2.3558339180425074,8.467770123535803e-05
2.481154121331793,8.451867799445103e-05
2.5574879435178035,8.441669688145648e-05
1.2529177487419587,8.576927606625278e-05
1.446839501074764,8.563303131837155e-05
1.627521352635433,8.548416778260004e-05
1.7906865912650405,8.532927617539863e-05
1.93524033997625,8.518813462499014e-05
2.062258015085731,8.505361276897052e-05
2.17377042093494,8.492480896488967e-05
2.2712644116501326,8.478864176627054e-05
2.3534249822464064,8.467430101980645e-05
2.4140423222387177,8.45965760868799e-05
2.44325324170504,8.455828295005306e-05
2.4237151151023237,8.458528584803146e-05
2.3647646398431013,8.46627919658193e-05
2.2702366813375123,8.479001477503679e-05
2.1499669482235593,8.495091991947224e-05
2.0126383453230465,8.510488306700108e-05
1.861322485051726,8.525764348435979e-05
1.6953025797008452,8.541892258898739e-05
1.513475012130213,8.558205682844434e-05
1.3174337722526457,8.572743990137219e-05
1.5973915186826322,8.550502214099637e-05
1.7496494154705642,8.536478098179875e-05
1.879199075428848,8.524331783670464e-05
1.9854016808553518,8.513744474524211e-05
2.0677086230696884,8.504418697892026e-05
2.1274701710175004,8.497390163181066e-05
2.1707462685232186,8.490936292408862e-05
2.2095143165898037,8.4843181739528e-05
2.253616534883981,8.478706944524689e-05
2.297592064251907,8.473368138895779e-05
2.325411921769123,8.470093385310089e-05
2.3198952692584305,8.470858193440505e-05
2.2872493691342344,8.475238380441317e-05
2.2237269150783376,8.484712345926222e-05
2.126369800797303,8.497905183486985e-05
1.9996380236698457,8.511844300889361e-05
1.851416735506367,8.526568133850202e-05
1.6876702375597974,8.542506544426012e-05
1.8805606380092517,8.523991723673943e-05
1.967064588382789,8.514844530766736e-05
2.02261497929696,8.508877861923482e-05
2.0526397805366168,8.505428373106181e-05
2.0599155694502054,8.503939883035599e-05
2.054291412550102,8.503776052677134e-05
2.056329413878086,8.502781967814442e-05
2.0869707431700943,8.498714348606039e-05
2.141092513160139,8.49137158775899e-05
2.210328284306808,8.483438327755571e-05
2.2431938055200753,8.479484682037519e-05
2.25700941110166,8.477859016940974e-05
2.255983253239877,8.478267555550356e-05
2.2263122279739225,8.48514514211071e-05
2.137246688340618,8.496907346369858e-05
2.00262225843029,8.511585430100228e-05
2.0315048189673215,8.505726151065964e-05
2.033515359701424,8.50470354433792e-05
2.012550496569108,8.507610267366747e-05
1.972399306103385,8.512108269118468e-05
1.9261005379184655,8.516903689805214e-05
1.8988107984603484,8.51896002516058e-05
1.9193315604141092,8.517075583192577e-05
1.9823271797773832,8.509076408529009e-05
2.0877858488449417,8.497228860194257e-05
2.1587501413496537,8.4889612937358e-05
2.2090925973708955,8.482613195904526e-05
2.2495102068451565,8.477549438079033e-05
2.290352958961152,8.476133554105135e-05
2.265631692214091,8.48163851285409e-05
2.0198817350648697,8.50294572603854e-05
1.9566291839192158,8.511552131073159e-05
1.8727473542049522,8.521189495374472e-05
1.7916614280238738,8.530070597669317e-05
1.7400172835118195,8.534435627163687e-05
1.7516252970327095,8.533550082891214e-05
1.8228544742923083,8.526561992593455e-05
1.918445309296601,8.51504287865684e-05
2.0709608731627505,8.499058308173156e-05
2.16854067385706,8.487241902432988e-05
2.2383389033472647,8.480146711794575e-05
2.28372615456746,8.478199957162193e-05
1.8903181379082197,8.519509336406485e-05
1.7661398538285742,8.532422319495106e-05
1.6549671339659553,8.543637067140325e-05
1.5815896769183047,8.549848630198224e-05
1.581565657254293,8.54963797896507e-05
1.6591327806436194,8.543141707261382e-05
1.772023827990176,8.532086651441521e-05
1.960186538812833,8.511325192407497e-05
2.1197898372949124,8.494528079471838e-05
2.24637691393121,8.481976438855952e-05
1.6467192155191153,8.544744655786748e-05
1.5173006228395667,8.556344470771138e-05
1.425938723590143,8.563797119039298e-05
1.4071769536857446,8.564979486627647e-05
1.4857637972785604,8.559098819678997e-05
1.6131890553057493,8.54797607661951e-05
1.8057587107983908,8.529684016207708e-05
1.9849166354761365,8.510941761418983e-05
1.3805892298111822,8.567843573698164e-05
1.2796660636146648,8.574868324965017e-05
1.235090978159208,8.577735091226218e-05
1.3009644486626257,8.5735553920127e-05
1.441397202570385,8.563328963704869e-05
1.6013314422707068,8.54933949003764e-05
1.1547016870105231,8.582778418803022e-05
1.0936036758534526,8.586157581187885e-05
1.1130455827888432,8.585432280294505e-05
1.2656747186674535,8.576148139254587e-05
1.0130242063252386,8.590356297296188e-05
1.0049907302247767,8.590690640014109e-05
1.6203327503912197,8.548808384275292e-05
1.7794706877774458,8.533837661496009e-05
1.919069454504529,8.520287487585513e-05
2.036881965804197,8.508044790880105e-05
2.1323735040394944,8.497148162678547e-05
2.2067248285923746,8.486734777102309e-05
2.262994795609901,8.478189377796578e-05
2.303918543267985,8.472956215909595e-05
2.3283230455233594,8.469856190923738e-05
1.880611456182581,8.524070495074153e-05
1.985004484230075,8.513428584808975e-05
2.0588504313597604,8.505472094975382e-05
2.1032497792002944,8.500079120978005e-05
2.1261961468388955,8.49592054140473e-05
2.142707843522655,8.49228671488947e-05
2.1677292780839363,8.488667185016722e-05
2.2001954302069535,8.484882169052577e-05
2.230710150150183,8.481302120598424e-05
2.237255476762309,8.480615146841527e-05
2.2291543485110323,8.481551175938715e-05
2.21204422287505,8.483829891385919e-05
2.1824039192877605,8.490418833313145e-05
2.127250037449512,8.497950430548572e-05
2.0379535639937814,8.508084483578799e-05
1.9190121571334666,8.520041114473823e-05
2.0303959466900645,8.507378585403501e-05
2.057933827803055,8.503975547521454e-05
2.0526540408195175,8.504736925680661e-05
2.02861918706032,8.506846419783427e-05
2.0091494541112986,8.507938914014092e-05
2.0206926119928794,8.505771147391657e-05
2.063427068621619,8.500143194037584e-05
2.111658711519962,8.494933164645722e-05
2.1637552857887434,8.488918562544921e-05
2.1861732940303673,8.486139505559928e-05
2.201772155946473,8.484164192826691e-05
2.2158474466909532,8.484320439315671e-05
2.207538043506498,8.487902534926958e-05
2.141097760498613,8.496326555456356e-05
2.023211800784258,8.505373300830061e-05
1.9782658718973114,8.511415544101783e-05
1.9157521068566437,8.51791340244289e-05
1.8658993753699442,8.522324602494264e-05
1.8650253059717798,8.522323514384542e-05
1.9178053950169114,8.517280092870859e-05
1.9888217136809705,8.508124631251886e-05
2.0825531112456814,8.498102588109385e-05
2.143342394280762,8.49093389615821e-05
2.193066294615677,8.484710388726889e-05
2.244009950476701,8.480400539986202e-05
2.276849064701811,8.47812561161791e-05
1.881115746577515,8.520714164276068e-05
1.7897156171966762,8.530538298733448e-05
1.7156067524672007,8.537006825058031e-05
1.7011934962010646,8.538422233437638e-05
1.761088266385541,8.533590714898921e-05
1.8537556017472223,8.524435834245217e-05
1.9837818161685075,8.508917514035079e-05
2.094306619440898,8.496948252475375e-05
2.1928268507784434,8.486650549069276e-05
2.268980036878693,8.479021143882946e-05
1.654484862657398,8.543822514097569e-05
1.562317322836748,8.551923184952334e-05
1.5306974776010862,8.55453007330784e-05
1.5910465132354037,8.549620953557849e-05
1.7017155053158128,8.539924838144047e-05
1.827772487766253,8.527254239770923e-05
2.0052451080192033,8.508793215719831e-05
2.143954811360934,8.494869547657798e-05
1.4135520309820055,8.564946930748524e-05
1.360624975397634,8.569029344525516e-05
1.4088072425438969,8.565631207893593e-05
1.5313704638004857,8.555881421572376e-05
1.677953022960025,8.542539703877397e-05
1.8582813333005328,8.525029640998613e-05
1.2079234922973876,8.579519530816999e-05
1.2240013860823389,8.57877004253498e-05
1.3498457227273983,8.570487908526998e-05
1.5121886731787317,8.55790822625745e-05
1.0640753595728554,8.588049133950429e-05
1.175589756450403,8.582034615523582e-05
2.06628951642806,8.504447568664693e-05
2.1130712211891987,8.498918820432458e-05
2.1238168456931987,8.496812437146437e-05
2.118587547432258,8.494898040518113e-05
2.1214014004599253,8.493750288015675e-05
2.1372822133154656,8.492108461570993e-05
2.151052230555151,8.490677549940336e-05
2.064462616625044,8.503086449726963e-05
2.0390154680557826,8.506004656645966e-05
2.0040825527796415,8.508617731170166e-05
1.9951165224549225,8.508780091544695e-05
2.022068181799825,8.505650541702123e-05
2.0597344940968014,8.50084068037285e-05
2.094632309341793,8.49711533923164e-05
2.111846293127439,8.495021216034259e-05
2.117869677469893,8.494148385417835e-05
2.1277682379864724,8.49428497192375e-05
2.145653037575559,8.494029176316933e-05
2.145847318014591,8.495017696417749e-05
1.9233902836179053,8.51686901952766e-05
1.8661481043065575,8.522292080792789e-05
1.847629745494659,8.52375154927948e-05
1.8862918918621108,8.521126371332724e-05
1.9495922404202743,8.51423871090733e-05
2.008770937501693,8.506374721836967e-05
2.077828991464257,8.499004933476735e-05
2.1215629188539222,8.494515823071136e-05
2.1569675280011023,8.492527428621335e-05
2.169892717380318,8.490934828230837e-05
1.713605197621185,8.53737144115903e-05
1.6833092074993454,8.540488802498144e-05
1.7284898310400232,8.536726701045281e-05
1.8153721659245639,8.528933354571293e-05
1.9087413586697861,8.518238760059746e-05
2.019546530881477,8.506490199455877e-05
2.108901675215429,8.49843718414129e-05
2.167833515022365,8.492238234382907e-05
1.51521723911618,8.555897189018524e-05
1.554868405176064,8.553100819776581e-05
1.6569774487000388,8.544546183650412e-05
1.7793351195969203,8.532937112773779e-05
1.917364381444252,8.518871396153052e-05
2.038816890433287,8.506968099423485e-05
1.37951814075826,8.567936128481676e-05
1.4831874965316283,8.560284822594415e-05
1.6236559262931212,8.548259785303277e-05
1.7713596775957525,8.534026453939503e-05
1.3128610519530917,8.573143834679049e-05
1.4593301782015904,8.562443044301128e-05
2.019286462155168,8.507786592350175e-05
2.009212525623697,8.508531984072953e-05
2.020942254478866,8.507227206813907e-05
2.041321939899521,8.503477799511058e-05
2.0527644434204415,8.501827272644851e-05
1.8503637664028711,8.524010675185017e-05
1.883227490756831,8.52175078431489e-05
1.9379040414559556,8.516248161104202e-05
1.9867524718292073,8.510988610131964e-05
2.0267135899125934,8.504809309314032e-05
2.0538159753548015,8.503022194808815e-05
2.0595010217530323,8.50407601020975e-05
2.039337440097207,8.506291833311927e-05
1.7199339398205533,8.537862272069444e-05
1.799564351075222,8.530947785239174e-05
1.8871060028185638,8.522375767610123e-05
1.9646813306452064,8.513516675803193e-05
2.0379594622759725,8.506486847739995e-05
2.0726846198725,8.503234942293702e-05
1.640949645113707,8.546088998444408e-05
1.754091928087231,8.535759989090421e-05
1.8698671638054551,8.524554298409595e-05
1.9738655990025413,8.513877706404921e-05
1.6032004942604006,8.55009532381119e-05
1.740617339027561,8.537108188244298e-05
1.9418831505825689,8.516216788773854e-05
1.9892804953114767,8.511528068283449e-05
2.010464764673691,8.509339929540579e-05
1.8828947693905502,8.522437480844402e-05
1.956004257260517,8.515286264355467e-05
2.0036651100540537,8.510938313901502e-05
2.01656890264272,8.509213508622753e-05
1.8602723855118541,8.52541493169558e-05
1.9514017302640656,8.516688455718334e-05
2.001055074029609,8.511744673016209e-05
1.4293794828456907,8.538709493759666e-05
1.5022511684025073,8.535295637754723e-05
1.6965675957096706,8.523995136739094e-05
1.956144144906198,8.503088029396933e-05
2.2257673976318846,8.476571247691882e-05
2.467855380977196,8.448923345363842e-05
2.661737063665754,8.424239172539587e-05
2.799272322893674,8.40539056354904e-05
2.8816216846749922,8.393548420503296e-05
2.917090842292443,8.38821162927312e-05
2.919398617615165,8.387796866879993e-05
2.905685778380335,8.389586777637713e-05
2.8931187560597014,8.391376686536103e-05
1.5128191360421257,8.535192895982069e-05
1.6489306607209817,8.527236691748013e-05
1.8678048101796287,8.510958655452431e-05
2.116709367906578,8.488060490048471e-05
2.354143394927128,8.462445508286201e-05
2.5547756313438295,8.438125283648164e-05
2.706656517127917,8.418198805029594e-05
2.8078209279998485,8.404125862040714e-05
2.8637175748166603,8.396074022534345e-05
2.885190215428714,8.392926091873902e-05
2.8865849172513682,8.392504092500521e-05
2.883320299227679,8.392886240704264e-05
2.887862716585223,8.392164800881559e-05
2.904297445938503,8.389713408217474e-05
2.891776226818942,8.391825849933742e-05
2.879475483450497,8.393733141273594e-05
2.8460215202576853,8.398742285427531e-05
2.7754051372754738,8.408858776751088e-05
2.6573033109371553,8.424876784620505e-05
2.488103824048679,8.44656031872804e-05
2.272764773256407,8.471737375380932e-05
2.0275866741416597,8.496835613982294e-05
1.7840837365071847,8.517792909819724e-05
1.591469805064305,8.53094122981151e-05
1.7081989747677566,8.523083852390135e-05
1.8531392885540439,8.512367389080783e-05
2.0456688895221573,8.495159093709064e-05
2.2482958816857055,8.474404560570977e-05
2.4336946982173324,8.453241442535335e-05
2.586156735093021,8.43416834867765e-05
2.6996939642409266,8.419153053751375e-05
2.775629158998722,8.408538596182885e-05
2.820414814083326,8.402197678330988e-05
2.8437246884288507,8.398701685542151e-05
2.8566260618623813,8.396682573933192e-05
2.8692834921484383,8.394840744251442e-05
2.887587157308303,8.392153882689906e-05
2.8807600420947854,8.39395213439187e-05
2.8311712786305,8.400846607738399e-05
2.7827327136159954,8.407724853747574e-05
2.716776756606982,8.416860394553862e-05
2.620012384672054,8.42999061040329e-05
2.486267663019524,8.44696722372294e-05
2.3176006465002055,8.466990849426159e-05
2.12617107675226,8.487453969328991e-05
1.9364467376279852,8.504995760577394e-05
1.9105189299897403,8.507546465625991e-05
2.0223024085380237,8.497546198006094e-05
2.163681367866974,8.483608000974672e-05
2.311402981128868,8.46750979745001e-05
2.4484853474591763,8.451497372651443e-05
2.5651473244921337,8.436908781891289e-05
2.657741941960316,8.424695426852301e-05
2.7270695439176005,8.415180687733044e-05
2.776758547939693,8.408214450335095e-05
2.8119742863243564,8.403221737671767e-05
2.8383615711002093,8.399305398417243e-05
2.860739516859557,8.396046581586149e-05
2.881108128279272,8.393107194457612e-05
2.8014922653779517,8.405767403600381e-05
2.7143398031746995,8.417674978032535e-05
2.636857195834803,8.42779229765119e-05
2.5581318541781144,8.438082888855992e-05
2.467468040817545,8.45062102224221e-05
2.36096485059087,8.46641515041184e-05
2.243014125955522,8.48063893013859e-05
2.046886195653692,8.495047564920801e-05
2.1113621358328065,8.489417449373842e-05
2.2030659901408445,8.479386453760086e-05
2.3087189141826445,8.467817177194137e-05
2.4170523703393827,8.455172329218524e-05
2.5197613162720436,8.442471718234772e-05
2.6113341892450155,8.430784148555497e-05
2.688492427670045,8.420358359701515e-05
2.749756490590511,8.411982248022202e-05
2.7953120402052787,8.405515449348114e-05
2.826979320457644,8.400919213444358e-05
2.8477522920666236,8.397977093858274e-05
2.783622453409856,8.409561124982139e-05
2.6670718721046676,8.425119196472077e-05
2.5569976921804005,8.438869946544045e-05
2.4822430833256695,8.450372971462369e-05
2.4369950847229327,8.459729152991764e-05
2.400235745517055,8.464074555668445e-05
2.0978063984423025,8.491767444179786e-05
2.12382903537029,8.488131420088068e-05
2.184896538752939,8.481605231983063e-05
2.2724271005798466,8.472002054682259e-05
2.3755870406916486,8.460114407700118e-05
2.4830907330032805,8.447163924563956e-05
2.584664807107181,8.43426571534248e-05
2.6721143113215717,8.42268634812969e-05
2.740106719489423,8.413373300804515e-05
2.7867533144362726,8.40676144778826e-05
2.7528398040776785,8.413621104469955e-05
2.7038852762447134,8.421251264162343e-05
2.6212970197107146,8.43268996873589e-05
2.504389207178009,8.447554095093316e-05
2.405212175221312,8.462946027932871e-05
2.4047004618398327,8.46567426012558e-05
2.0858812495987085,8.492423937560457e-05
2.095443635086742,8.490739789013456e-05
2.1507572384596796,8.48503206385355e-05
2.242259491201303,8.475332945343649e-05
2.3552175889338347,8.462546136705136e-05
2.473530905135182,8.448411116661662e-05
2.5829727370057545,8.434528680262892e-05
2.673156268494555,8.422636259840824e-05
2.7051025346297655,8.419596381724538e-05
2.6034563840267864,8.43531447655844e-05
2.5503129904015096,8.442936936116507e-05
2.514827113557288,8.447251604416797e-05
2.4695723699680627,8.454143707812234e-05
2.3902993093071183,8.464658687435085e-05
2.0551861927810107,8.494922641773777e-05
2.0707890765425288,8.493322047701522e-05
2.137913904059246,8.486582979868007e-05
2.2424300766524077,8.475386441411778e-05
2.365294399803578,8.461553047036132e-05
2.4879637326846704,8.446812945548738e-05
2.5959018638782623,8.432936838157183e-05
2.587805099655525,8.437288772986202e-05
2.4692278393050042,8.455443473553303e-05
2.3896378613636284,8.465811394595547e-05
2.353250268316078,8.468645829664317e-05
2.4041631054139216,8.462982798149982e-05
2.045691454509989,8.495887412774601e-05
2.078236713005921,8.492839633601176e-05
2.159270229464239,8.484598391381818e-05
2.2712256574214895,8.472429622731176e-05
2.3942701678414817,8.458283031866366e-05
2.511276707368486,8.443982551003862e-05
2.485488843080152,8.453002150418947e-05
2.4215998249508757,8.463427729076087e-05
2.2995341126562505,8.477091874508692e-05
2.248600254373523,8.481787533417415e-05
2.071877750465958,8.4935478478903e-05
2.1170734905431305,8.489053171482347e-05
2.2022077837158585,8.480247325886395e-05
2.3102533890594215,8.468155548919538e-05
2.424029941086803,8.454829835726089e-05
2.4117712703275647,8.464262904400583e-05
2.3664259325616324,8.47094081407807e-05
2.2997168145731726,8.477972273700141e-05
2.1206690871864744,8.49097228059287e-05
2.1666490330062933,8.486395458581487e-05
2.2446293958391594,8.47650273069001e-05
2.340796742568463,8.464794095852542e-05
2.372437127226995,8.47034272652164e-05
2.353310078743692,8.47306972665789e-05
2.1682952203291754,8.489108965320448e-05
2.2050553441689225,8.48452897585876e-05
2.269686914009139,8.474896857466032e-05
2.3520345903396107,8.463529475955843e-05
2.19636555430428,8.487063420469644e-05
2.2191795846077005,8.482730474196123e-05
1.7761086828440784,8.518217164868054e-05
1.9685478201425384,8.502539622364822e-05
2.1838942827805097,8.481313692323119e-05
2.386842764746005,8.458918672284381e-05
2.5567836033171503,8.438153040065358e-05
2.6850078925290894,8.421270579753058e-05
2.771822166393766,8.40921077066693e-05
2.8243622545593627,8.401750306913333e-05
2.854608176127655,8.39719645372733e-05
2.8728984483990594,8.394494760609439e-05
2.876010053268911,8.393920795740574e-05
1.9676630969124838,8.5024911064286e-05
2.120734253177923,8.488411000235854e-05
2.284587079358874,8.470466659918306e-05
2.4362836732681576,8.453022607913575e-05
2.563430096768853,8.437166510939177e-05
2.662084608723434,8.42419018188459e-05
2.734418454978243,8.414293143152407e-05
2.786145223187454,8.407018309623761e-05
2.8223754597427693,8.401763258830579e-05
2.8442062912866466,8.398518736066361e-05
2.856263745634433,8.396718475260603e-05
2.8598901912803956,8.396393428512905e-05
2.827474984654662,8.401501379633774e-05
2.768080245878843,8.409842032511919e-05
2.703100254037209,8.418649616752765e-05
2.6250726603834305,8.429322143298877e-05
2.52507835824466,8.442262774266255e-05
2.399967757240778,8.45859506521858e-05
2.2545542360199424,8.477259230307096e-05
2.1030602495363135,8.491307875147154e-05
2.0959208007047248,8.492007672481107e-05
2.197969823398251,8.482019128063214e-05
2.312836847799919,8.467680203392362e-05
2.4259446594043186,8.454301740815662e-05
2.528978365773007,8.441596680802658e-05
2.6182092276034483,8.430070925224706e-05
2.692627403598625,8.419965525783646e-05
2.752107606987336,8.411620699690339e-05
2.7958798381971546,8.405511616875172e-05
2.823067121660656,8.401546995445556e-05
2.8317850103305013,8.4004480436165e-05
2.8045305443824216,8.405112202912465e-05
2.722288685398964,8.416784615220483e-05
2.6286517558422746,8.429222930883028e-05
2.546801656751237,8.439699514152799e-05
2.4751987677697644,8.450639708467998e-05
2.4047598982533303,8.461566917923437e-05
2.330508421145548,8.470914641876847e-05
2.1415195147316086,8.4898731707202e-05
2.203362618349131,8.481521027993655e-05
2.2889329960659297,8.47024599124306e-05
2.3863294677728417,8.458942278075901e-05
2.486197018914934,8.44680231078228e-05
2.581110854946247,8.434741030211662e-05
2.665042420580227,8.423602718924396e-05
2.7328579662260175,8.41436837904525e-05
2.778858490779978,8.407930927357159e-05
2.7869245842536325,8.407267718277253e-05
2.753150870822402,8.412986618774369e-05
2.6763632008091216,8.424101838741335e-05
2.5683002443936624,8.43825327287164e-05
2.467176228637837,8.451998390142078e-05
2.4168217102634584,8.462077729839785e-05
2.4061623222738233,8.464912865398136e-05
2.1263203465818363,8.491159454471674e-05
2.171053830676095,8.484237211407276e-05
2.2510552846242424,8.474459672436029e-05
2.3522350253002924,8.462873816616699e-05
2.4614815135768127,8.449936683003219e-05
2.5666187628705996,8.436642806885685e-05
2.6574895731501544,8.424599509177133e-05
2.7243833713514793,8.415646568886766e-05
2.6972811116416757,8.420500094772817e-05
2.6423028079450974,8.428673473551723e-05
2.5842835450748067,8.437181818454015e-05
2.5087091768546927,8.447462774995147e-05
2.409228986562394,8.460353759203491e-05
2.363316234367999,8.470362821835819e-05
2.0933893171939926,8.492642638750907e-05
2.1425913739353,8.486196502360974e-05
2.232815787554333,8.476527388818739e-05
2.3458215410514747,8.463826548316986e-05
2.4641931509338284,8.449635264507865e-05
2.573182121737778,8.435884577912388e-05
2.659168533658918,8.424689056809473e-05
2.612409027829242,8.433444370424797e-05
2.4954488803765997,8.450316431950657e-05
2.4387989786789244,8.457501063944707e-05
2.4125998405105973,8.460533615841051e-05
2.4020368415291475,8.463075887091406e-05
2.0817541231919208,8.49301268439866e-05
2.145350616127344,8.486499550228875e-05
2.247378004889456,8.475260343695248e-05
2.3665553525867065,8.46150971009143e-05
2.484616729696239,8.447382273309685e-05
2.5667703818271366,8.439256812815864e-05
2.4989503225471594,8.451280532949417e-05
2.375855788137004,8.467804856936713e-05
2.3004811402718772,8.476693149766658e-05
2.2820499697209033,8.477263189961642e-05
2.1054793235022893,8.491344634468743e-05
2.1790885674428613,8.484462887795584e-05
2.283305046503533,8.4715093876869e-05
2.3978170089595583,8.458006775650976e-05
2.4742709676628123,8.45393320914934e-05
2.413295221879504,8.464401794777194e-05
2.3233956339500255,8.47550100596343e-05
2.274016324757047,8.480123918473132e-05
2.151750421008803,8.489516191775028e-05
2.224020820145548,8.481145538802559e-05
2.319987065054957,8.468061883827989e-05
2.408874379799889,8.46433106829512e-05
2.3661382058893135,8.470841608784021e-05
2.3467947401059437,8.473386745122286e-05
2.197338067400944,8.48652015367846e-05
2.2592239088953345,8.479082065955147e-05
2.3418773346038817,8.467409299507769e-05
2.3560427134123496,8.472854247864461e-05
2.2242820268297,8.4851752743868e-05
2.2722243515062925,8.477714591695614e-05
2.2120120926751388,8.482186205930151e-05
2.31457837848301,8.471357765847295e-05
2.4163243574324937,8.456712029933656e-05
2.5105175828533217,8.444129469491445e-05
2.5959466532623474,8.433154753877395e-05
2.67417274496115,8.422681644207724e-05
2.7443314810876,8.413077912542869e-05
2.796657607713902,8.405536721335958e-05
2.820503611400725,8.401971122419598e-05
2.2446843536325587,8.480864164511691e-05
2.309163215896428,8.472678572494638e-05
2.386851943211573,8.460479390394748e-05
2.472150498609516,8.448834639082878e-05
2.559240376314497,8.437931020137053e-05
2.642437039224101,8.426884542128856e-05
2.7146042916337776,8.417013947583139e-05
2.76502742966187,8.409853937638983e-05
2.781004257511479,8.407643083379754e-05
2.756950941778883,8.411338287535769e-05
2.696058147551914,8.420090069349712e-05
2.6103453516258384,8.431719809672916e-05
2.5207586877792694,8.443265826382497e-05
2.444930082269962,8.45338975384579e-05
2.3895216336917873,8.463696687897941e-05
2.3484961430532327,8.470999102638382e-05
2.221478915169142,8.483513000300066e-05
2.2705857335925033,8.47569164072259e-05
2.346005643531896,8.463924873437807e-05
2.4363445054705064,8.453101817995154e-05
2.5314481767432913,8.441344781463025e-05
2.6217783535966563,8.429594440856766e-05
2.6958242327574036,8.419572207543093e-05
2.7319848119687764,8.414666176618569e-05
2.692900219044326,8.420666258015396e-05
2.6250816430884187,8.430257970820803e-05
2.5378396164409414,8.441813568778024e-05
2.4448361108253622,8.45429427859107e-05
2.376549054336717,8.466304610227767e-05
2.367280502296169,8.469748649288426e-05
2.183172548536126,8.486077432631284e-05
2.236952238849236,8.478969447958052e-05
2.3219889318446616,8.466689514377904e-05
2.422947052445555,8.454830634558883e-05
2.5259885940120923,8.441968619368547e-05
2.618266160509691,8.430104984160227e-05
2.6693756462721203,8.423471619495743e-05
2.5928913367212187,8.434388615545841e-05
2.5183701429144776,8.44459855437159e-05
2.4432770592422735,8.455887651048428e-05
2.3671783120903087,8.466224822588228e-05
2.3173366482383515,8.475582331230592e-05
2.1665305389680625,8.486837309748365e-05
2.233598615015172,8.479150536931176e-05
2.329079873432695,8.467435751944552e-05
2.4353364403426543,8.45342019107899e-05
2.53753561935879,8.440659984158805e-05
2.582552969026449,8.436142719222117e-05
2.4768314030492427,8.452453426152344e-05
2.3945107178055696,8.463579028201107e-05
2.3287109538661577,8.471717393572842e-05
2.2938700794851554,8.475991583363059e-05
2.1845178757207853,8.487004948571517e-05
2.2605606226144737,8.477707963910909e-05
2.357526591341168,8.46478572456058e-05
2.4589832998153844,8.450657458266233e-05
2.4814447875959114,8.452677677200785e-05
2.4194851364051124,8.462590331067411e-05
2.3124826230092768,8.475912330221881e-05
2.2676019778884373,8.480790889135781e-05
2.224830232848081,8.483966977827877e-05
2.2991724234987774,8.474954907188873e-05
2.3880625202721144,8.46219028733003e-05
2.4044746655389693,8.465136782728904e-05
2.3600053993403853,8.471903431820716e-05
2.3065262986020953,8.477626550068421e-05
2.2655150746126393,8.480606742862546e-05
2.329896577023171,8.47277991548705e-05
2.3631760936659583,8.471600160084513e-05
2.3441926077159727,8.474001384876491e-05
2.289715613442244,8.478217888025814e-05
2.34130583307648,8.472274448555763e-05
2.316309503615922,8.475231868156736e-05
2.34635379337836,8.468620438929888e-05
2.406278868255551,8.457764867339839e-05
2.4877088890151433,8.447256340376377e-05
2.577331794033804,8.435772057294875e-05
2.659927796638883,8.424730165217459e-05
2.7156677442733748,8.416816870268612e-05
2.272383360026837,8.479019722208325e-05
2.3091194578363745,8.47314250459309e-05
2.3778122591622903,8.461710104207177e-05
2.4658968791348364,8.449689935301765e-05
2.5590220443804643,8.437954231693679e-05
2.637693403863555,8.42757939865436e-05
2.650154080442764,8.426023944467102e-05
2.5842662560733385,8.435184678690956e-05
2.4959127995286687,8.446648403681811e-05
2.4065849232111165,8.460578121431276e-05
2.3391308900608117,8.470187013489576e-05
2.320221401610067,8.474568351458302e-05
2.25086645683356,8.480220837724068e-05
2.3008441233590373,8.474274104233564e-05
2.378140049908434,8.46264903535143e-05
2.4690951406881028,8.449383310361373e-05
2.557713370579199,8.438152564088733e-05
2.585776846567806,8.434842597757175e-05
2.4892041544801398,8.44905358979408e-05
2.403491633892116,8.461803873409447e-05
2.326834486847665,8.473004233400219e-05
2.2960349479929265,8.477709299911941e-05
2.263182740090649,8.47951612464322e-05
2.322127087884562,8.473229820305349e-05
2.4001196801832556,8.461375012306253e-05
2.4848829656765923,8.447567019934694e-05
2.494405914161277,8.4498266110078e-05
2.394578969811365,8.464725367285153e-05
2.322426303952223,8.474235461207157e-05
2.284214581989216,8.478631427236685e-05
2.297291296423551,8.477277955288868e-05
2.3551130320939704,8.470448808923044e-05
2.4253481594100057,8.459192151467349e-05
2.406141640088969,8.464844873316847e-05
2.337351751064668,8.473961329766408e-05
2.3002285725180367,8.477963083239058e-05
2.3326190130430757,8.474198861240827e-05
2.381590425623953,8.467634309304355e-05
2.3528511300004955,8.472438736138293e-05
2.337070713674607,8.474756029614927e-05
2.353724776046511,8.472257055958986e-05
2.3403299984161534,8.47460790174627e-05
2.296648698791521,8.477694198363316e-05
2.3265202067646404,8.472405941980466e-05
2.3948804984003496,8.462220969916732e-05
2.4825950767640093,8.449269737216588e-05
2.564202757411927,8.437516791178875e-05
2.306085418719588,8.47646716913268e-05
2.344001699770185,8.471384031934509e-05
2.409151638851601,8.46117461927978e-05
2.486046603169767,8.4486829140416e-05
2.4833207835157722,8.449717142918176e-05
2.404404806068248,8.462454444118489e-05
2.3363108236241663,8.472903772446066e-05
2.3066047906369294,8.476514324254919e-05
2.336198366332927,8.473641531510815e-05
2.3731197093553775,8.468955079838405e-05
2.428511648791305,8.45965963186788e-05
2.418652276996363,8.46206732996952e-05
2.3446138033151183,8.472483950032944e-05
2.3149483484721722,8.476614657678113e-05
2.367522174302606,8.470778907430725e-05
2.3958580901312474,8.4662722001094e-05
2.3541605757032347,8.472316458574622e-05
2.327833316214169,8.475369151760143e-05
2.3493915821856057,8.473269355166948e-05
2.3317088552615655,8.475685688171111e-05
2.3358239893433907,8.47434381815211e-05
2.361927219151461,8.470500830468361e-05
2.416605347076072,8.461880159696828e-05
2.365071500122679,8.471361922290277e-05
2.382352504054861,8.468468788409907e-05
2.3632189143033973,8.471105657580158e-05
2.343440719976071,8.473718158707898e-05
2.3503226529266383,8.47283680271059e-05
2.3393181581330516,8.474646322879733e-05
2.359311197309607,8.4721519188945e-05
1.4293794828456907,8.538987113046818e-05
1.5022511684025073,8.53543650824776e-05
1.6965675957096706,8.523705570420909e-05
1.956144144906198,8.503269933419225e-05
2.2257673976318846,8.47671310031962e-05
2.467855380977196,8.448968455756601e-05
2.661737063665754,8.424171562104972e-05
2.799272322893674,8.405373522160207e-05
2.8816216846749922,8.393558900725057e-05
2.917090842292443,8.388270514523942e-05
2.919398617615165,8.38780741978112e-05
2.905685778380335,8.389616972600373e-05
2.8931187560597014,8.391386002918389e-05
1.5128191360421257,8.535114442329754e-05
1.6614338873742258,8.526122777347157e-05
1.9006868437182418,8.508048895869777e-05
2.1673306808951605,8.482693587070381e-05
2.417910178877011,8.454847222871833e-05
2.626646578629754,8.4287334359683e-05
2.7810750130245294,8.407877569998232e-05
2.8788650001028846,8.39393420609981e-05
2.9260001625278393,8.387038144094676e-05
2.935597979089304,8.385475095974004e-05
2.927229546928005,8.386644156485553e-05
2.925406242435154,8.387201050010567e-05
2.9274352069454688,8.387459340799886e-05
2.904441126246478,8.390266674758093e-05
2.9254417069311227,8.386813781930552e-05
2.9359928822918504,8.385389532414024e-05
2.9185950395328457,8.388057017046355e-05
2.8583735783628823,8.396852852635718e-05
2.7454238585465545,8.412785885360369e-05
2.5764697774394802,8.43516963182424e-05
2.3565989360652146,8.461960708720387e-05
2.1016882702648845,8.489179762208757e-05
1.8418591342159227,8.512832537029278e-05
1.623805172249456,8.528588358608904e-05
1.7081989747677566,8.522987991300336e-05
1.8691916656635892,8.511051909901677e-05
2.095856285656993,8.490084940699608e-05
2.3338319424136755,8.464747166573937e-05
2.54788358091353,8.438941006514992e-05
2.7181788034302605,8.416571303262943e-05
2.8361238748820288,8.400087303709383e-05
2.903185323717308,8.390242654796302e-05
2.930766931059363,8.386259461379575e-05
2.939088614639228,8.385067276740268e-05
2.9523004357047538,8.383595816004021e-05
2.971243835299223,8.381581353774833e-05
2.941250648597462,8.38585165475435e-05
2.9097326349915744,8.389059989766298e-05
2.925883544926387,8.386783409093482e-05
2.921850679626196,8.387452200093147e-05
2.8837531004052748,8.393045583161169e-05
2.8012796073176403,8.404929647982255e-05
2.6696726994241047,8.422888555059579e-05
2.4912801683747317,8.44569671142791e-05
2.2772389974954845,8.470681368904115e-05
2.049454787730956,8.494247450873003e-05
1.9105189299897403,8.50754560168494e-05
2.041283782501915,8.495600366730346e-05
2.229020889133502,8.476571269620628e-05
2.4303567734268547,8.453537120196418e-05
2.613076356547879,8.430667279798837e-05
2.7572426902966143,8.411193838679299e-05
2.8539137544630555,8.397666388192975e-05
2.907219888792292,8.389985033534853e-05
2.933248252115132,8.386157766220182e-05
2.9511497120436614,8.383955837206712e-05
2.9692343020159098,8.381863208539877e-05
2.9589138583508308,8.383795056431974e-05
2.8944684313574065,8.393031185454637e-05
2.896689994039005,8.39099061172273e-05
2.8998754802249893,8.390587561206967e-05
2.8806207480970416,8.393423268783586e-05
2.8296736306160053,8.400721747779158e-05
2.7411665991005485,8.413179664479486e-05
2.6144177939857287,8.429982525483119e-05
2.4552874769381785,8.450011685351586e-05
2.046886195653692,8.495428568320714e-05
2.1367106624500316,8.48723595143913e-05
2.2950604486425723,8.469921755086817e-05
2.4776482466960683,8.44824449373855e-05
2.6481572636394035,8.426383595802745e-05
2.782390146924935,8.408062905814227e-05
2.8670230940691757,8.396032458424257e-05
2.9075172713950086,8.390277289122126e-05
2.922072538433767,8.388278914929977e-05
2.924498261893265,8.388265177903438e-05
2.8995035430807303,8.39246483493115e-05
2.867703300014258,8.39760487294587e-05
2.860364902729156,8.396110022276408e-05
2.8651781747435026,8.395468918335382e-05
2.8589386404812864,8.396513345048826e-05
2.8356856099152368,8.399820730936318e-05
2.789186319234417,8.40644243515051e-05
2.7154263619289347,8.416654720597069e-05
2.0978063984423025,8.491356737762717e-05
2.1741935980131273,8.486704910565577e-05
2.3363989286175633,8.468109103636154e-05
2.5126775875860314,8.444688655031908e-05
2.6768651404855457,8.423099864097444e-05
2.8010632218485623,8.4057089004389e-05
2.8594330775936934,8.397439234133124e-05
2.8669835886292017,8.396287882536313e-05
2.850069427291549,8.399065102131605e-05
2.8204166666468637,8.403606667183615e-05
2.813860694160595,8.402882796413617e-05
2.826422021917364,8.400987212884268e-05
2.830752462397754,8.400383828003004e-05
2.8313258817422198,8.400370819639046e-05
2.82805295742205,8.400756184323106e-05
2.816248163137971,8.40251562324675e-05
2.106848520745314,8.501026241338139e-05
2.216266862937835,8.486357114897411e-05
2.350279143148296,8.466535298898752e-05
2.5089841743146635,8.445393960151297e-05
2.6711002476439147,8.423987938532423e-05
2.781445520957399,8.408654697158639e-05
2.789916687634464,8.40721457185887e-05
2.7553814432653296,8.412178366472422e-05
2.738483318379743,8.413679010206808e-05
2.778493675819423,8.407974391703753e-05
2.797706373535351,8.405159313265792e-05
2.804565598258638,8.404144923099849e-05
2.8087384896693113,8.40347705816935e-05
2.816709155430637,8.402278791551352e-05
2.1311717298388557,8.498518520565044e-05
2.16888251480158,8.48865977181685e-05
2.298744182110301,8.472008304718464e-05
2.470422456307852,8.45113093138644e-05
2.64220737704967,8.427598911751305e-05
2.6975075397876633,8.42011570457507e-05
2.651421954874367,8.427158335533158e-05
2.6800732346311964,8.421705129927246e-05
2.737294894095731,8.41385183835668e-05
2.7700425037778595,8.409103070999084e-05
2.785763131957826,8.406934650732119e-05
2.7951856886875075,8.405461124753356e-05
2.045691454509989,8.495839270552628e-05
2.1229889901158603,8.489637125810206e-05
2.2735678293105126,8.475441390213977e-05
2.456079067470184,8.453028690612922e-05
2.5935658974404703,8.433957672118373e-05
2.5516529890786743,8.441912318451457e-05
2.6102875481420575,8.43115649332286e-05
2.6852054627007953,8.421082367790348e-05
2.7356308511797836,8.414043845199955e-05
2.7662592586819623,8.409688790972167e-05
2.071877750465958,8.493925193868277e-05
2.145687282944664,8.488043991986535e-05
2.29127601465925,8.474216692093951e-05
2.4610531241742395,8.452982600825557e-05
2.4688874100648297,8.454916678689423e-05
2.529753265726131,8.441676676098957e-05
2.6185733215921116,8.430158999614083e-05
2.686828098275199,8.420813783291265e-05
2.1206690871864744,8.490978576210651e-05
2.189224798810608,8.486029110544709e-05
2.320978312279973,8.472186153260947e-05
2.4107214588581396,8.464253545000799e-05
2.4416459677657434,8.452724838398987e-05
2.5364895321150334,8.440871221816239e-05
2.1682952203291754,8.488404528020637e-05
2.2252944703100366,8.483236075790226e-05
2.3425283053774675,8.470283132618637e-05
2.3652388674608344,8.471897290226149e-05
2.19636555430428,8.487859746664573e-05
2.23907811121285,8.482481510600866e-05
1.8252752034696924,8.514314903055016e-05
2.0540040980890857,8.493919872831269e-05
2.2959546575072354,8.4687267190653e-05
2.5166281538651503,8.442719855357786e-05
2.695395466157615,8.419511470894006e-05
2.8227250754062596,8.401965999765081e-05
2.8982393642269058,8.391048071878131e-05
2.929642262654005,8.386452226667896e-05
2.932171427277216,8.385906984990682e-05
2.931634697921781,8.386313360540535e-05
2.956711475431424,8.383494807866917e-05
2.021015877963991,8.497265496790402e-05
2.2200347113845376,8.47726462411242e-05
2.42495462334842,8.454083825788728e-05
2.60812859860662,8.431075132199587e-05
2.7523130346385827,8.411806520421534e-05
2.8498987606714237,8.398078921700709e-05
2.9036805136325956,8.39030584247801e-05
2.927213139644922,8.386839972553744e-05
2.942360249804358,8.384998965396951e-05
2.9681147695405645,8.38174480455237e-05
2.9798775978492484,8.380526280823926e-05
2.9446677800284684,8.38524489464572e-05
2.918771746083062,8.388061700932211e-05
2.9156220777170203,8.388378934772539e-05
2.8972878166108953,8.391097071180846e-05
2.8462883228296367,8.398480365251052e-05
2.7537046695454834,8.411510005717225e-05
2.6178556728551166,8.42974455399804e-05
2.444732450027828,8.451339631372439e-05
2.2487387287233096,8.473905733703375e-05
2.1541784872290637,8.484522858755431e-05
2.3144625630224716,8.46714138640758e-05
2.4883490133793575,8.446500074723491e-05
2.6487977938487233,8.425975646900944e-05
2.7761226761955577,8.408703933245346e-05
2.8605451775331963,8.39681178821706e-05
2.9065737101740425,8.390135968102579e-05
2.9301148382434286,8.38696897763763e-05
2.9467832547996498,8.384840189307211e-05
2.95808265256194,8.383658095697411e-05
2.939583414624905,8.386640163775562e-05
2.904419339526318,8.390692501696178e-05
2.8904498120161706,8.392083394867318e-05
2.878442142926133,8.393778406577176e-05
2.848971546254662,8.398017646017322e-05
2.7921799711928443,8.406020587730298e-05
2.703841682114251,8.418210994913386e-05
2.5854999965442973,8.433868287340274e-05
2.2158087545327385,8.478461286417149e-05
2.358364838144741,8.462461355474635e-05
2.5230438392268315,8.44283279739729e-05
2.6779329125902986,8.422571534072898e-05
2.7982339737632502,8.406081651147343e-05
2.867674053701916,8.396092510328212e-05
2.893516718220255,8.392514521908366e-05
2.8956421926965112,8.392372961641854e-05
2.887929432745818,8.39369946855878e-05
2.8654915508264502,8.397021512337292e-05
2.8683166131367592,8.396198095419539e-05
2.8624326357920586,8.396318262140046e-05
2.852958598804485,8.397442808866421e-05
2.838566758427491,8.399450327759531e-05
2.812670135608796,8.403079214782812e-05
2.7689353567401853,8.409226229928903e-05
2.253482287689483,8.477800802352226e-05
2.390667943986308,8.460130088378823e-05
2.544116526649993,8.440792461569474e-05
2.6926832447019584,8.421036448055451e-05
2.8004551465152385,8.405948429142444e-05
2.8332286538897065,8.401125327520213e-05
2.819826370512233,8.403123556114361e-05
2.7897313437454856,8.407585985683341e-05
2.7851645581746047,8.407272763493968e-05
2.813211063471629,8.403289620533645e-05
2.826602562510159,8.401251714818924e-05
2.8284950421074764,8.401031518430791e-05
2.825301739822237,8.401427599743931e-05
2.821263982099094,8.40189075041751e-05
2.2628380805120867,8.478252636700694e-05
2.371165830964115,8.462347339218455e-05
2.519344112278871,8.443689340235846e-05
2.6725685363460574,8.423567725052967e-05
2.7507350229271226,8.412860153491223e-05
2.7271041298782834,8.41605738999878e-05
2.679111435845301,8.422607566402342e-05
2.7293369416312596,8.415055167945948e-05
2.76950466829557,8.409343899156224e-05
2.791926757269935,8.406046324100829e-05
2.804797819644554,8.404300124017434e-05
2.814761032082116,8.40286418120638e-05
2.2021310662586395,8.481502876780261e-05
2.328251185475004,8.466520767168081e-05
2.492443115135454,8.447153862913999e-05
2.63867992736986,8.427892627971096e-05
2.628449745247656,8.42948583153193e-05
2.588184440687736,8.434011242585695e-05
2.6693234211690946,8.423263702489933e-05
2.725965202781573,8.415408666737934e-05
2.7613170568397667,8.410546905881858e-05
2.7840651015037814,8.407264753320053e-05
2.188658024185017,8.481532892591265e-05
2.3268591351737014,8.466887674815583e-05
2.4902292078066175,8.447069678790291e-05
2.535910945009565,8.44304141443597e-05
2.5070199333450556,8.444608137418022e-05
2.6001184083067272,8.432621475441948e-05
2.6727278775004324,8.422862733026324e-05
2.7246286832314643,8.415556391681777e-05
2.218743445950948,8.479901291753422e-05
2.3506707964069045,8.465187078493655e-05
2.4576325470387155,8.454327978396276e-05
2.42325213178132,8.454938457814618e-05
2.520239153523886,8.442935895417216e-05
2.604448146913818,8.431983990126149e-05
2.256328735649495,8.476812229854382e-05
2.3732805847634046,8.462893249625654e-05
2.375250157423606,8.4698727969255e-05
2.432153417875189,8.454030152770158e-05
2.280615372528664,8.475432331408228e-05
2.369562193715268,8.471379488166297e-05
2.3780971783414135,8.459465605932381e-05
2.5362723699698324,8.440224884323426e-05
2.675445368576255,8.42222966210252e-05
2.783358017471909,8.407352194779823e-05
2.855104149085263,8.397331966098905e-05
2.895248401987017,8.391570974695146e-05
2.9179765268183533,8.388503039110942e-05
2.942707869664862,8.38541858162452e-05
2.97142185328617,8.381768386530481e-05
2.439695449135329,8.45230684675028e-05
2.5747658311962,8.435665892412711e-05
2.6996597459281615,8.419237303118469e-05
2.798456768401887,8.405656762360941e-05
2.86285876678599,8.396477353667503e-05
2.897582318509142,8.391744350473022e-05
2.9157916207032475,8.38937659256632e-05
2.927997991556637,8.388020702786436e-05
2.925534740953107,8.388653102866789e-05
2.9218926010382056,8.38893004584106e-05
2.902976725699595,8.390994595177626e-05
2.8808744601749234,8.393900280349333e-05
2.851308719086923,8.397873869734777e-05
2.80463833365918,8.404450654771599e-05
2.735088927007006,8.41404103297585e-05
2.6435095334560152,8.426259902587563e-05
2.471644330186254,8.449118629959084e-05
2.6004574576735453,8.433011877187457e-05
2.7213707576731316,8.416795677739254e-05
2.8115663769798602,8.404114263407857e-05
2.8552007243047313,8.397953283653797e-05
2.8625657593526586,8.397135851644644e-05
2.852634102565663,8.398803282469058e-05
2.8455632702046896,8.400079011948828e-05
2.85083767775115,8.398857296150692e-05
2.865064560395827,8.396665336256569e-05
2.8604849548942797,8.397015735539659e-05
2.8434406095878266,8.399186370835717e-05
2.8180440070369417,8.402616802155053e-05
2.7826879624290966,8.407496389420086e-05
2.48733422395516,8.447975596631002e-05
2.604805051873701,8.432670207849805e-05
2.720555196815147,8.417084657360365e-05
2.7890106153603424,8.407412906376257e-05
2.7874852154984207,8.407727375761089e-05
2.7555929999734343,8.412310720827399e-05
2.732613602909493,8.41546163495051e-05
2.7680978436409003,8.409925396510297e-05
2.805150265082932,8.404748793018336e-05
2.82586758657451,8.401837392191678e-05
2.831668204926217,8.400973281708416e-05
2.8271526704301104,8.401433291581113e-05
2.45699762863269,8.451157914039678e-05
2.5797812506784163,8.435633113105146e-05
2.692101391737058,8.420721140503058e-05
2.698755788823234,8.419915422288519e-05
2.649503671486127,8.427104296743613e-05
2.630815796744341,8.42855668326223e-05
2.6991385198557336,8.419262731661851e-05
2.748549163473908,8.412417955553449e-05
2.7841071311411527,8.407412981298233e-05
2.811542944597589,8.403731922942503e-05
2.434125463803206,8.453497456619146e-05
2.5646768640719038,8.437259658046652e-05
2.606593794279111,8.43230482930261e-05
2.5483735823776725,8.442706458664628e-05
2.552872860787892,8.438886433622429e-05
2.632186342029733,8.428261955260103e-05
2.6944232093004095,8.419883675482099e-05
2.742281802561441,8.413336490358883e-05
2.4406185478052618,8.452834572369085e-05
2.5201524522770877,8.443870614497693e-05
2.4646810579189204,8.455612257919642e-05
2.4786647740922447,8.448348305390746e-05
2.561861502255376,8.437778265390364e-05
2.634169877353092,8.428066390818993e-05
2.442648831710055,8.453862841276518e-05
2.406414468267065,8.465021278421187e-05
2.406648241413676,8.460488598257542e-05
2.4859391592592353,8.447611121140557e-05
2.3756629289516136,8.470059076715609e-05
2.3559443174603323,8.472674776022977e-05
2.6670779947953287,8.423640354658529e-05
2.751179042936657,8.412196850232118e-05
2.816165911863381,8.403135120014516e-05
2.856910813928814,8.39763200385891e-05
2.87672410987884,8.394831435344562e-05
2.8815560921482963,8.394566344105991e-05
2.875984072816,8.395956402049639e-05
2.686501101712221,8.421433404915736e-05
2.763964163233556,8.410766632305241e-05
2.813717448345614,8.403897153927347e-05
2.8264480023702743,8.402115224901839e-05
2.813384607613126,8.404252050166132e-05
2.7889854672877843,8.408033104169554e-05
2.780236021375823,8.409202589774966e-05
2.8146956130343077,8.404039193359294e-05
2.8367292047925847,8.400751227929382e-05
2.839889243694718,8.400010343338104e-05
2.8255578599144076,8.401944432618313e-05
2.795021771828518,8.406126030741525e-05
2.6818780421365616,8.422128537427793e-05
2.747573427489646,8.413014548972833e-05
2.757357754545821,8.411762724725679e-05
2.7247185357461365,8.416549933262849e-05
2.678224599037602,8.423015733433286e-05
2.672994049818809,8.42366052572167e-05
2.7303502891116733,8.415490214526642e-05
2.7779863789876145,8.408786359365897e-05
2.80896178405447,8.404556565352158e-05
2.824060616153468,8.402291284329737e-05
2.6589027687771964,8.424944441465013e-05
2.677446224732071,8.422610255533303e-05
2.6279318343726925,8.429773398119209e-05
2.5647175695401483,8.439447672133457e-05
2.5736098665628315,8.43622120526104e-05
2.6496782246699624,8.42627959187751e-05
2.7122821350703976,8.417705749489345e-05
2.7655224365489732,8.4105346509465e-05
2.5956403038701366,8.433559042584545e-05
2.5362374513753183,8.443331510583816e-05
2.4671743585672554,8.45471804070886e-05
2.5002408542764614,8.446341956495211e-05
2.5761345207349557,8.43587438869022e-05
2.6451460091442707,8.426796947731215e-05
2.460406772077102,8.455386373636126e-05
2.3978840768525775,8.465995459386389e-05
2.440669095415188,8.457148865690053e-05
2.5054837905244756,8.445628975092871e-05
2.3614375821521376,8.471970378607908e-05
2.3914777800409897,8.466924938554857e-05
2.7938256062480744,8.406626431672097e-05
2.7997853126977965,8.40573823037289e-05
2.781449472774636,8.40851625386688e-05
2.7452406091366286,8.413848748742414e-05
2.6998590779450873,8.420383478065476e-05
2.743772659434515,8.413570982967974e-05
2.705097717009638,8.419131183141999e-05
2.650278086016674,8.426665195511432e-05
2.591853656041556,8.435336295561983e-05
2.5979972055491434,8.433608304927919e-05
2.6636686444494897,8.42477208948494e-05
2.722406826113221,8.416693752985302e-05
2.7686723022671442,8.410291117550242e-05
2.6193328392199855,8.430964404476841e-05
2.5494558137090055,8.441775098979432e-05
2.4823148860782456,8.452311064982275e-05
2.5037295242628383,8.447397211904167e-05
2.5803077463710102,8.435653045863801e-05
2.653506735023224,8.42604575305575e-05
2.461322450943588,8.455589713970978e-05
2.3975957724478145,8.466075222445127e-05
2.44227699642496,8.45859155292688e-05
2.5059626909313377,8.447161634541383e-05
2.3861242756709107,8.469277770109944e-05
2.4051029105782313,8.465600978533468e-05
2.6404336238568007,8.427757292489818e-05
2.5710666437834973,8.437027541399115e-05
2.5047824615353456,8.448291788630586e-05
2.474226666884403,8.453457688109139e-05
2.412770088553223,8.463699074425673e-05
2.4334727852970808,8.460242188375149e-05
2.4954149151201945,8.449152794169972e-05
2.382040477605831,8.469635386367843e-05
2.390755046303563,8.46817365920539e-05
2.368877957967026,8.470407078541787e-05
1.4293794828456907,8.539354239352669e-05
3.394489095463884,8.314543473924293e-05
3.411818215118462,8.311562395963355e-05
3.4409600167760974,8.306527038272629e-05
3.479971740609853,8.299722964989568e-05
3.523120912048456,8.292153530505195e-05
3.5606443286713265,8.285414241495146e-05
3.58029606325552,8.281830428864026e-05
3.5700984824318596,8.283639157521297e-05
3.5214677298658246,8.29219671798451e-05
3.432428531967151,8.307619567331768e-05
3.3126491297680736,8.327617020324324e-05
3.201519711190821,8.345233522056887e-05
3.404161638454229,8.312930779219358e-05
3.4172263844368445,8.310589542692125e-05
3.435788253027085,8.307407216864768e-05
3.463176816564016,8.302523991094811e-05
3.496883068989518,8.296691003952534e-05
3.529933918176269,8.290870776902256e-05
3.551958786652115,8.286956258529352e-05
3.5514051677741194,8.286933857619602e-05
3.5184365555380133,8.292817289412004e-05
3.4481279893565877,8.30491596779085e-05
3.3444522726376085,8.322385671085556e-05
3.2302282214736366,8.340768499638878e-05
3.1823450101260073,8.348186344037224e-05
3.263140227071133,8.335602106878411e-05
3.379206993264816,8.316606997132348e-05
3.474687416118888,8.300388277748913e-05
3.5342397501193576,8.289977195656316e-05
3.556954326090389,8.286031011387313e-05
3.549479830638801,8.287316410786012e-05
3.5224589595837963,8.292141554706494e-05
3.487344163630239,8.298395039531575e-05
3.4535382069990876,8.304262761347476e-05
3.4264476037973166,8.308946568900831e-05
3.4069016801939385,8.312374197108533e-05
3.4333679710750915,8.307715856807007e-05
3.440627963860578,8.306383833878889e-05
3.4449487659176143,8.305613577657923e-05
3.4526040422859614,8.30423832779111e-05
3.463916683331066,8.302283551767892e-05
3.4743164975662655,8.300405255621577e-05
3.476040589642242,8.300108814726152e-05
3.459963075600985,8.302941340304558e-05
3.4180889246509305,8.310111104256409e-05
3.3474463686383276,8.321893248635548e-05
3.256031305749178,8.336825337485768e-05
3.181041828761828,8.348456214732042e-05
3.205633640469727,8.34471073385648e-05
3.2970413647244508,8.33016892824334e-05
3.38660327679427,8.31542881918893e-05
3.4515116345875674,8.304340969873452e-05
3.4872753434412966,8.298189316640097e-05
3.4978984281884125,8.296300716633445e-05
3.491457469021768,8.297490819999754e-05
3.476627115396272,8.300114767707491e-05
3.4598336205618234,8.303050474764758e-05
3.4434748272149918,8.306086740284078e-05
3.4370082313701147,8.306930269589851e-05
3.4189892832625945,8.30989703906635e-05
3.3948149668014143,8.313950269223455e-05
3.373142032876579,8.317560943343013e-05
3.358305075912493,8.320140304229225e-05
3.350491255756035,8.32136896132204e-05
3.3459781038094265,8.322131399798715e-05
3.336068221010195,8.323858532258324e-05
3.3093787503354437,8.328310120816368e-05
3.2597016893002806,8.336328694671997e-05
3.195791944422765,8.346399293588191e-05
3.164932580816468,8.350888916756147e-05
3.202455680721002,8.345268535773972e-05
3.271041835502651,8.334329198338393e-05
3.3346974751895746,8.324059778729014e-05
3.382509705024135,8.315989126012037e-05
3.4144474675107355,8.310571029978858e-05
3.4348695072448456,8.307102507035431e-05
3.448393342027007,8.304840584613554e-05
3.457160193123545,8.303432755655976e-05
3.3769563004539833,8.316930324797595e-05
3.3224373402048597,8.325938497886163e-05
3.266715706529669,8.33507904744849e-05
3.221027827537468,8.342417906666591e-05
3.1932958967601124,8.346846902323767e-05
3.187972120941854,8.347726080650893e-05
3.2030504538841824,8.34546177272838e-05
3.222621945729168,8.34239550364791e-05
3.224852656636896,8.34194765257153e-05
3.1999548886494953,8.34590148396577e-05
3.1679025330123194,8.350758276905808e-05
3.142336191714627,8.354515792108954e-05
3.1598979306424786,8.351789046182704e-05
3.206293931356781,8.344706971133508e-05
3.259861054327897,8.336145854115255e-05
3.312301186823035,8.327575472969457e-05
3.3620481805401927,8.319285062858138e-05
3.4083757366712186,8.311601443088216e-05
3.2383559843046394,8.339645010991323e-05
3.1535126343256317,8.353004838753959e-05
3.082378343651555,8.363957064389805e-05
3.036210053872081,8.370944548857784e-05
3.0197138716121747,8.373596271897253e-05
3.036758293313,8.371219314187555e-05
3.088731692796675,8.363508037571842e-05
3.143880779296488,8.354948918523986e-05
3.1702392506614427,8.350699211941846e-05
3.1610941232792626,8.352088954025692e-05
3.1431296921059495,8.354588882805723e-05
3.110272752527214,8.359392862115383e-05
3.108592026990131,8.359628841251278e-05
3.145611140485673,8.354078080039217e-05
3.2079895697120313,8.344328897164362e-05
3.283265859822328,8.332298659531154e-05
3.046964137461306,8.369347580988575e-05
2.9638722446591896,8.381619154177926e-05
2.914504972354557,8.388840502123997e-05
2.894096195001855,8.391939913162165e-05
2.891935106423982,8.392392454671224e-05
2.9256333453980994,8.387887550742403e-05
3.0183219152122884,8.37426626267457e-05
3.0979191362951246,8.362067710330755e-05
3.1364088080422974,8.356031087705972e-05
3.1495664193426567,8.353843700278956e-05
3.118360390805514,8.358497963451662e-05
3.081947875685425,8.363892511075553e-05
3.0760500518606757,8.364599605496777e-05
3.1216685599878318,8.357720243326014e-05
2.8832195159515157,8.393309264988859e-05
2.8408142506324188,8.399596196445284e-05
2.8196839745846485,8.402696941949123e-05
2.802361851381369,8.405418052546954e-05
2.7870307087696857,8.407711489454019e-05
2.858672899472806,8.397873280384492e-05
2.9838802364426487,8.379438442524373e-05
3.072667135559335,8.36599075180108e-05
3.127787539155304,8.357426896651529e-05
3.12922513641822,8.357050280607701e-05
3.1014652516666605,8.361045185419678e-05
3.070534261969774,8.365528463563013e-05
2.7990338292114503,8.405566009786643e-05
2.7677505691466235,8.410090228714697e-05
2.7332959192491213,8.415109213393029e-05
2.6914953137982702,8.420997012527671e-05
2.6880299281800677,8.422199698990352e-05
2.83584000612553,8.401021925004999e-05
2.96899839937616,8.381732073817166e-05
3.0595184146540966,8.36806292084239e-05
3.1139814064759324,8.359497570994239e-05
3.120920285065138,8.358298895838875e-05
2.7199287581844893,8.416729877104128e-05
2.668095623543711,8.424194957602356e-05
2.6102592710833177,8.433089254088037e-05
2.556401354524129,8.443093203943438e-05
2.6673764898910974,8.424697684397826e-05
2.8307855125132364,8.401810653267487e-05
2.96346579954017,8.382540431162776e-05
3.061094487858349,8.367797616741726e-05
2.602955733505401,8.433835942039424e-05
2.537890439388919,8.443890579758361e-05
2.476276407480989,8.455238379751027e-05
2.4977355756271096,8.450327481031415e-05
2.668892819512812,8.424264279056695e-05
2.8302192853806485,8.401875262749724e-05
2.4749934865410657,8.45480979856493e-05
2.423082521950016,8.463691394723279e-05
2.3857232163551654,8.469345242259553e-05
2.4997246590917843,8.448992591079721e-05
2.3904881275485037,8.468833091157183e-05
2.376903190000591,8.471120644572058e-05
3.4319400265594733,8.308099054634618e-05
3.446101897592995,8.305530890319546e-05
3.463425438866818,8.302471748800676e-05
3.4836738198678723,8.298907458800368e-05
3.501819638338278,8.295717713288366e-05
3.509372660838788,8.294352466186604e-05
3.4965994469231814,8.296526008193082e-05
3.4553683647037885,8.303721987430729e-05
3.3826417861198577,8.315994200646814e-05
3.285391219707025,8.332056429255036e-05
3.1944636515916653,8.346393721125311e-05
3.4388953092486636,8.306579957271696e-05
3.4304686407021383,8.307948952033988e-05
3.4221325297266825,8.309362604639213e-05
3.416687773869982,8.310283279024702e-05
3.4125055575711927,8.310996238388419e-05
3.4044818725236747,8.312432553751062e-05
3.3849523721188746,8.315677297215369e-05
3.346020088883414,8.322165637763515e-05
3.284637425290905,8.332265924388965e-05
3.2105794296643406,8.343898014008506e-05
3.1693099369909823,8.350244755068407e-05
3.2113201924737202,8.34383887160928e-05
3.287490201251454,8.331708357968219e-05
3.354986803574388,8.320611622173576e-05
3.402086117939961,8.312720009407605e-05
3.429193906692487,8.307985531274443e-05
3.441942583690517,8.305946780160101e-05
3.446985505146899,8.305109304158494e-05
3.4491427564990933,8.304795742570779e-05
3.449681908192762,8.304800036614736e-05
3.384368830520028,8.315698728869744e-05
3.3435710364923574,8.32263566972273e-05
3.3063791539398917,8.328601501105491e-05
3.2795267149696117,8.332968935707788e-05
3.2660781811656756,8.335183252003042e-05
3.2639486195904808,8.335663589315618e-05
3.262708877386618,8.335866995805164e-05
3.247647002656955,8.338308811490231e-05
3.211520506476645,8.343977797402363e-05
3.165300203270219,8.351078813950932e-05
3.1527491203171367,8.352940187632866e-05
3.1836275490940675,8.348177444953398e-05
3.2344527984520797,8.340224966445705e-05
3.2830830846941312,8.332431152369885e-05
3.3244372223324237,8.325605079616566e-05
3.360313036744968,8.319591062888138e-05
3.3933807277077968,8.31421525977673e-05
3.4239926992790024,8.308970538213855e-05
3.251427475273743,8.337508412152086e-05
3.1839178954567497,8.348200376563662e-05
3.1321187547202665,8.356383770766813e-05
3.1045300761240893,8.360715532028665e-05
3.10598998054383,8.360623462024042e-05
3.1339255914511566,8.35634061357286e-05
3.1669007608709174,8.351256481276822e-05
3.179687574576411,8.34915085539581e-05
3.164418628124939,8.351427114857492e-05
3.1448310679968987,8.354325033881214e-05
3.1212655510240332,8.357884983882089e-05
3.129160942863474,8.356540023842597e-05
3.1640356790501682,8.351310325658973e-05
3.212928287652523,8.343634763573558e-05
3.269944517874262,8.33441985708821e-05
3.331785412421174,8.324326169804449e-05
3.0638300764427506,8.3668040823931e-05
2.997116035791901,8.376784334760971e-05
2.960480877230371,8.382200913572103e-05
2.95204661858461,8.383500456524473e-05
2.9772865903898005,8.3801453598896e-05
3.043724479707342,8.370356062094015e-05
3.1071285208940287,8.360615611146735e-05
3.1374935969935653,8.35579557537443e-05
3.1472049753815745,8.354132973510239e-05
3.1183947587239254,8.358451567263912e-05
3.0868110220842877,8.363092498197715e-05
3.0823918813710147,8.363667295452504e-05
3.1176965284815377,8.358344495091004e-05
3.1845996706695714,8.348069616475978e-05
2.8982670349053117,8.391123779323733e-05
2.8653618793365663,8.396017075449053e-05
2.850165690567329,8.398359201893562e-05
2.843704897511677,8.399464330474106e-05
2.890408124561927,8.393122729022208e-05
2.9948400246127216,8.377720551954384e-05
3.073700842140069,8.365832924053328e-05
3.110791927092426,8.35995118210414e-05
3.1233979694304566,8.357953344357017e-05
3.095190273598618,8.362037444126185e-05
3.0643444620357245,8.366553950645922e-05
3.0645159132897204,8.366449769829176e-05
2.8090202289326713,8.40406687680945e-05
2.7836418162002325,8.407936604030559e-05
2.7540192201919114,8.412261646141893e-05
2.7386473132246545,8.414533511464961e-05
2.8510115004137973,8.398914685670099e-05
2.972660942954766,8.38107732410779e-05
3.0553517477932473,8.368656695320736e-05
3.105290343371745,8.360910024613689e-05
3.107576452932064,8.36033019368342e-05
3.0856568606764245,8.363528611458681e-05
2.726277122596792,8.416078055259487e-05
2.6779498944227265,8.422955527495248e-05
2.6267759843308833,8.431003098515247e-05
2.689906326761935,8.421179913697352e-05
2.8403834118352713,8.400326625000216e-05
2.9633573354464526,8.382501115491357e-05
3.052964159449663,8.368826848955317e-05
3.0976653319073755,8.362031435448862e-05
2.6061316640286023,8.433237146390142e-05
2.5423244801879648,8.444391223467687e-05
2.532094765981294,8.443914278168538e-05
2.688017017531084,8.42147364062852e-05
2.838450575319034,8.400628364925417e-05
2.9607319377869006,8.38277723881534e-05
2.474872064051882,8.455857270880997e-05
2.424015736508132,8.463176307015364e-05
2.53125215992383,8.442775490064086e-05
2.689611248722794,8.4212181288111e-05
2.387239977286776,8.469049823075838e-05
2.389187974902892,8.461741930108312e-05
3.4050663340380924,8.312201354608521e-05
3.376043787179315,8.317088758657873e-05
3.3491796996587504,8.321469903663067e-05
3.3267219185968484,8.32525829070419e-05
3.306836554105492,8.328596671167127e-05
3.2834648878533126,8.332491992694024e-05
3.249263327737865,8.337996989868775e-05
3.2028648091923624,8.345284872591272e-05
3.160201688992215,8.351730999106958e-05
3.2858114158131277,8.33199937797515e-05
3.2327691253654507,8.340508222950412e-05
3.193821216297677,8.34666502791473e-05
3.174441802187311,8.349827483133456e-05
3.172705654124395,8.350193837219962e-05
3.1760140556729297,8.349637746567394e-05
3.169172002176453,8.350670407158144e-05
3.1482064403539365,8.353886959448516e-05
3.132658094216768,8.356121574021185e-05
3.130161435399134,8.356510203361049e-05
3.149156717913501,8.353571646358466e-05
3.1741725454461376,8.349749692566921e-05
3.200250865914065,8.34570472138387e-05
3.231863579894191,8.340596579840638e-05
3.273283185918324,8.33396958836138e-05
3.323398771342837,8.325806166343874e-05
3.1090801790738354,8.359882883670616e-05
3.0549924905233046,8.368153541708082e-05
3.0292528676897716,8.372149241807232e-05
3.035222183914958,8.371336496799081e-05
3.0681727989100986,8.366409110090487e-05
3.103196015517852,8.361024909910303e-05
3.1184369475162406,8.358655258778371e-05
3.1109035201723243,8.359740244193644e-05
3.1024303879317126,8.36087323381462e-05
3.0856704206775762,8.363354271223635e-05
3.08654147090647,8.363187710069421e-05
3.106466579570215,8.360133364923941e-05
3.1447706464143033,8.354221721769998e-05
3.201792345199887,8.345373353802514e-05
2.940209762537245,8.385002781768753e-05
2.9115462835540282,8.389489726308419e-05
2.905392228228648,8.390479788296334e-05
2.9365592765371282,8.386196266427044e-05
3.0049905703760493,8.375991692048557e-05
3.06088140485434,8.36760616995438e-05
3.0858621323558273,8.363638738830734e-05
3.094985983905215,8.362178135580549e-05
3.0718530755324642,8.365526498482842e-05
3.0491840767624856,8.368841725012218e-05
3.0481517341396143,8.368922627445512e-05
3.0804040249909503,8.364157642718266e-05
2.836946107515228,8.400258752052449e-05
2.8147160421628032,8.403549597714891e-05
2.8067495160215468,8.404858122041584e-05
2.881333429608262,8.39438922972281e-05
2.9740272340285294,8.380697108084633e-05
3.0368124059936514,8.371211049265073e-05
3.0751743527158943,8.36534126325307e-05
3.0719786121769266,8.365703441419723e-05
3.0516588581416424,8.368670865889812e-05
3.0351677099525856,8.370930021014633e-05
2.744585661081014,8.413506752211039e-05
2.7032169034696496,8.419256952525576e-05
2.7441641392142353,8.41351042839333e-05
2.8625647312117266,8.397063597783574e-05
2.959974302962004,8.382745060681859e-05
3.023400393474507,8.373295385802832e-05
3.0600746166168182,8.367688047326667e-05
3.062611183536433,8.367140501837032e-05
2.617786964074635,8.431793397975268e-05
2.6091462719183864,8.431872037249317e-05
2.73545234617871,8.414773079136155e-05
2.8577386965624934,8.397705140173306e-05
2.9542324557561326,8.38356585095375e-05
3.0238228209329114,8.373183786336899e-05
2.4959589942509015,8.449306954252893e-05
2.604677422341737,8.432197179815983e-05
2.736823158844407,8.414591189617141e-05
2.85691454611223,8.397760724827789e-05
2.484140003345899,8.447735324682477e-05
2.607680906892549,8.431817065973287e-05
3.1657523290410055,8.351131985689101e-05
3.1171492933083096,8.358676772208681e-05
3.093041931740138,8.36235537764551e-05
3.0894965548475377,8.362965453595341e-05
3.093537094599086,8.362254730239545e-05
3.094639801213847,8.362060185629687e-05
3.0933047251990726,8.362231508771382e-05
3.002209143576488,8.3759949789727e-05
2.979167198619912,8.379466991672641e-05
2.986753915813424,8.378479001815595e-05
3.015724665695972,8.374235698196916e-05
3.0432247697916703,8.369975177727643e-05
3.056178247370471,8.367944778162257e-05
3.061400676504067,8.367084700214716e-05
3.0496936654254747,8.368856868279907e-05
3.037244263382435,8.370706853312595e-05
3.030346597965743,8.371765022307968e-05
3.0357740552716783,8.370960299850479e-05
3.062882967658103,8.366961776319135e-05
2.8843632463444084,8.393460323286172e-05
2.8802705435602625,8.394108859100332e-05
2.919832835271754,8.388421407876646e-05
2.9743983387924353,8.38036797175637e-05
3.0121579986466345,8.374664529392732e-05
3.026527008247041,8.372432213733734e-05
3.0295199583321697,8.371901269222068e-05
3.0141228444050254,8.374296489106883e-05
3.0027300083671955,8.3758379130886e-05
3.0070564222275253,8.375205159535826e-05
2.7855255406841306,8.407711502400237e-05
2.813660819425313,8.403709914186046e-05
2.8899953546254684,8.392904404483102e-05
2.953872748077701,8.383496016101093e-05
2.9925863030833213,8.377622669626014e-05
3.0129651481658764,8.374554106291496e-05
3.008783086247382,8.375056267183567e-05
3.0003098059926736,8.376161184979992e-05
2.706769351616371,8.418731498468482e-05
2.795035167900078,8.40633487533085e-05
2.8799397575180894,8.394212040895176e-05
2.9436474281390095,8.385020942273705e-05
2.9864092371362685,8.378541255432833e-05
3.0038766369716026,8.375906966907889e-05
2.696839515561925,8.419906226068581e-05
2.7931831789118333,8.406603086873195e-05
2.876791130025376,8.394682321227412e-05
2.9403145326447335,8.385323978477205e-05
2.6994897238855553,8.419555568724706e-05
2.79359195405922,8.40663194227489e-05
2.9579848343423665,8.382703278263726e-05
2.962820812992444,8.381870268092495e-05
2.9809359575306673,8.379145180208871e-05
2.9982982036951005,8.376623924156494e-05
3.0085225798449797,8.374901858977889e-05
2.8887021952480554,8.392883884016051e-05
2.920680855780383,8.388134350029713e-05
2.9506960933995092,8.383650266337864e-05
2.96870779677402,8.381018113044334e-05
2.9768350232528644,8.379682114444757e-05
2.971284122189968,8.380411218090676e-05
2.9627805085946552,8.381772668581085e-05
2.957634395847821,8.382571677944787e-05
2.858122737440174,8.397291586381906e-05
2.902165407912393,8.390861225778387e-05
2.933284450315389,8.3862181176663e-05
2.949343819101584,8.383898214199994e-05
2.95627422269007,8.382713305148454e-05
2.956875502107324,8.382557897263045e-05
2.8495617978259093,8.398438191696081e-05
2.8941034126785237,8.392067061150614e-05
2.9245877642670624,8.387571297843353e-05
2.9441541727031653,8.384660628303041e-05
2.8474605769714305,8.39885680295998e-05
2.8917171357716707,8.392407399213375e-05
2.927293415806668,8.38706857138946e-05
2.9332138014361506,8.385944029683405e-05
2.9366027131041967,8.385306353706587e-05
2.910724862611039,8.389459659729631e-05
2.9148179521416973,8.388635995254529e-05
2.9177140293876134,8.388128118697828e-05
2.922429698041559,8.38741426738498e-05
2.9027264609177807,8.390529385598068e-05
2.90841883958424,8.389593449668923e-05
2.9036063633446094,8.390110547636937e-05
