Frequency_THz,Cv_Contribution_eV_K
0.2347182861716365,8.58193533974848e-05
0.44434062016439624,8.491632687576835e-05
0.6307010075720396,8.366064911776743e-05
0.8016912855083532,8.214930822913411e-05
0.9606005837681223,8.045657956248732e-05
1.108193041679613,7.86518347117377e-05
1.2444900730629536,7.680760927682555e-05
1.3689486036917478,7.498556143354313e-05
1.4798390285219454,7.326333972859695e-05
1.5733515597103251,7.174778502075045e-05
1.6430616805465688,7.058063829347248e-05
1.6809447284534982,6.993394416804688e-05
0.2392756970389047,8.579708573501297e-05
0.3895463528989378,8.519109383959685e-05
0.5566904095607674,8.41947330117923e-05
0.7147907011222634,8.294462775214673e-05
0.8628060574316357,8.151760013051238e-05
1.0020619580972105,7.996180213943792e-05
1.1339121445071785,7.831159483840813e-05
1.2592213294997543,7.659786202207617e-05
1.3775640876148696,7.485349139929031e-05
1.4862339398663693,7.315904626359671e-05
1.5794542344088074,7.164400580228478e-05
1.6485669884929177,7.048530739369889e-05
1.6618371127887468,7.025946913340116e-05
1.611588297169823,7.11119521734727e-05
1.5306768396613057,7.24446200225294e-05
1.430224631403371,7.403950961893131e-05
1.3189542967211956,7.572307847890651e-05
1.2013368119789334,7.73991295030604e-05
1.0781686478766106,7.90230138270042e-05
0.9481240918030639,8.057751060883666e-05
0.8091477402696773,8.205111777735069e-05
0.6592689982048948,8.340596629624765e-05
0.4976946849596745,8.457522291337078e-05
0.33426955649391443,8.54422109970269e-05
0.42620032166488203,8.499136400232985e-05
0.5253762172552855,8.439336776750681e-05
0.6459770267100275,8.351182429327626e-05
0.7707741298774302,8.242383442426798e-05
0.8954668710106191,8.116436992795896e-05
1.0197369072783373,7.974834062797758e-05
1.1438689832667348,7.818010489578947e-05
1.2671605577034806,7.648258739870864e-05
1.3868839158766728,7.470991542427916e-05
1.4976158572384834,7.297559677460847e-05
1.591147773021467,7.144845137468537e-05
1.6182942731899561,7.099408510286328e-05
1.5541711642408023,7.205787446964668e-05
1.4596455500875247,7.357391506474848e-05
1.3510894718161086,7.52418003533754e-05
1.2403030315045995,7.684769379458395e-05
1.1327197049031072,7.830676312710291e-05
1.0283794547037568,7.9615140911741e-05
0.9243442577387604,8.081885529740424e-05
0.8171907303343272,8.194358466715284e-05
0.7053946174300412,8.298887386454004e-05
0.5931256403884194,8.39029268420954e-05
0.544163123773086,8.426006287608813e-05
0.6045317217780785,8.382548527545268e-05
0.6915217482182421,8.312894647562552e-05
0.7946785389720302,8.21918439409446e-05
0.9086383365896201,8.101951218376964e-05
1.0302587214168535,7.961892743685914e-05
1.1564902990680346,7.800918278647737e-05
1.283263780997625,7.624623309578501e-05
1.4049772297679721,7.442899537869989e-05
1.5143408492389456,7.270287914380583e-05
1.55576242321395,7.202837707941622e-05
1.4818064065946366,7.322300940932164e-05
1.3772563839732483,7.484296610335029e-05
1.2645045204892145,7.649789225599014e-05
1.15736514737049,7.797330815219404e-05
1.062160233341221,7.919278867466618e-05
0.9789815847021601,8.018418793538673e-05
0.9043121246969134,8.101750697653232e-05
0.8340885583959444,8.175348681611338e-05
0.7666444275478888,8.24178252289599e-05
0.6005875633952781,8.385138174927788e-05
0.6378515590524585,8.35652948429035e-05
0.7110288545676199,8.295768374064736e-05
0.8105567128794592,8.203392984191578e-05
0.9272322791980774,8.081142919013811e-05
1.0533850635341173,7.932982864906665e-05
1.1823967288551684,7.765402560651222e-05
1.3080703772350302,7.58822383033314e-05
1.4241775982279234,7.413033950525854e-05
1.4818898916383452,7.322026093595596e-05
1.4041941549803516,7.442979894333132e-05
1.297279593311703,7.60239497348926e-05
1.1870066279085838,7.757050902141802e-05
1.0873608574289857,7.887177133164971e-05
1.0052654725593737,7.986980562991317e-05
0.941914766422286,8.059404342016623e-05
0.8947034233697356,8.110798267074696e-05
0.8597225559824804,8.147935587327053e-05
0.6250444349480573,8.366318451056144e-05
0.6608181037181251,8.337877775903156e-05
0.7388101295843763,8.270647662969293e-05
0.8447204049409871,8.168471855997674e-05
0.9649985724711492,8.037794492397977e-05
1.0896815193682952,7.886784179490852e-05
1.2117373642156037,7.724703669694672e-05
1.3259261819765844,7.56164358202045e-05
1.4027912431499574,7.445498940027939e-05
1.3376004598171858,7.543087501345065e-05
1.2285292226189268,7.699458520983158e-05
1.1287331742223428,7.833383211288598e-05
1.0409835618768348,7.943568078360192e-05
0.9721268075637578,8.024575082615716e-05
0.9252596439193062,8.076938216744392e-05
0.9003185386775217,8.104172427382102e-05
0.6588797777887461,8.339048567445505e-05
0.706999952066356,8.298225772149028e-05
0.7920496032980933,8.219958108686068e-05
0.8968647544997411,8.112776377085346e-05
1.0084434991531752,7.986104630682094e-05
1.118825058202135,7.848925879321974e-05
1.2234669939172433,7.708225233229645e-05
1.3198562048653855,7.570530057423572e-05
1.2675785194333375,7.644553253416392e-05
1.1744151577971425,7.772690008753323e-05
1.0927229633279638,7.8787133279349e-05
1.021503554998772,7.965989823932745e-05
0.9667268407728324,8.029835758089718e-05
0.9334866584784555,8.067423969338245e-05
0.7212280910801534,8.285130769582013e-05
0.7744953500638353,8.235987636193306e-05
0.85192840355727,8.159424592440624e-05
0.9400852865584876,8.064558146968283e-05
1.0306194333629757,7.959117541379006e-05
1.1194184686806927,7.848054487164676e-05
1.2050989696814907,7.733963190674356e-05
1.202400630834055,7.735234482457884e-05
1.133594860215448,7.826106619191427e-05
1.0755012630740568,7.899571061016438e-05
1.0248826326420402,7.96117767084341e-05
0.9864965936811322,8.006612086353434e-05
0.7899777272728669,8.220738578854032e-05
0.830017318292494,8.181236665219902e-05
0.884956889246347,8.124594459550269e-05
0.9480605511018938,8.05571936790449e-05
1.016076518498506,7.977212835890091e-05
1.0882775736673909,7.888701721329452e-05
1.1415445406017521,7.816375007847603e-05
1.1119720470469812,7.853061053700018e-05
1.070470540366598,7.905209009311782e-05
1.0433882560345473,7.938342889740417e-05
0.8284053987795635,8.182832602804749e-05
0.8436455873652132,8.167807388359633e-05
0.8734193921877825,8.137580248369611e-05
0.9169778391569128,8.091439199348768e-05
0.97450498969105,8.02714923222153e-05
1.046347943691499,7.942065038327604e-05
1.0822734467547415,7.89071167924176e-05
1.0721382893645506,7.903080073510892e-05
0.8180884286711175,8.194027478575969e-05
0.8117824589976262,8.20110262047805e-05
0.8286092923363135,8.185080274394113e-05
0.8708580335435276,8.142130967395588e-05
0.9379649120432275,8.069672367642432e-05
1.0267392847109629,7.96634735361578e-05
0.7713464685598325,8.240933948878149e-05
0.7613155200968001,8.250940510812527e-05
0.7874604335393961,8.226547548288199e-05
0.8486659949225004,8.16579625617849e-05
0.7276169655184308,8.282227937325045e-05
0.7365284372103478,8.274345146862592e-05
0.4828165655935019,8.466049699237737e-05
0.6093097336514026,8.378778407980145e-05
0.7395964224849462,8.269858001650257e-05
0.8650629985063795,8.147209621995358e-05
0.9854764321409853,8.01395170127805e-05
1.1026981295749918,7.870272296681144e-05
1.2186045797902734,7.715560409204341e-05
1.3335011119958555,7.550610039118163e-05
1.4443252026373221,7.3817426303931e-05
1.543131213545613,7.223932274441379e-05
1.6154278799324757,7.104330141096016e-05
0.5893692539624087,8.393288909822416e-05
0.6801020574893993,8.321162827091491e-05
0.7823931744274263,8.229350911972494e-05
0.8896423611146301,8.120769630837473e-05
1.0005175341266312,7.996075147064164e-05
1.1149133481699773,7.854360599863194e-05
1.232066158888275,7.696769166989654e-05
1.3490765380282814,7.527335858754594e-05
1.459160064963202,7.35850276926414e-05
1.5468044655462547,7.217623680512715e-05
1.5526831794778322,7.208293290039886e-05
1.4716029496113219,7.33836593907657e-05
1.365369972965338,7.50255340305583e-05
1.2535856680845896,7.665668412152201e-05
1.1459516859661198,7.812778705553192e-05
1.0456038688677536,7.940293580602059e-05
0.951377275499022,8.050910294371831e-05
0.8604019954373572,8.149549385334093e-05
0.7706374708489246,8.238656966271733e-05
0.6838331919146744,8.317119978379554e-05
0.6427469379878614,8.351814913157228e-05
0.7115839198457384,8.293836594529011e-05
0.8015745755970346,8.210592359410175e-05
0.9054831507991664,8.103498663590748e-05
1.018522546786489,7.974076169661308e-05
1.1366735879712402,7.825489397426933e-05
1.255672017342031,7.662819037268594e-05
1.3695466379397123,7.496275341654888e-05
1.4646848262590901,7.3492366644951e-05
1.4794540540413683,7.326080989645707e-05
1.391162884056917,7.463090536590515e-05
1.2825506511469298,7.623704212926294e-05
1.174454908335729,7.774133828401275e-05
1.0771663069154418,7.900195098915872e-05
0.9941432957360756,8.000437890801894e-05
0.9243700513437676,8.079378436490228e-05
0.8649276493230555,8.143034277877524e-05
0.8135366402705239,8.195697474030425e-05
0.66672837170872,8.332120265401881e-05
0.7336096195878524,8.274059783378607e-05
0.8273555139397097,8.184631617729656e-05
0.9367669620175615,8.068579800268424e-05
1.0531010715916924,7.931590033915636e-05
1.1697448877724035,7.781009069169088e-05
1.2809500682405959,7.626296217992082e-05
1.3764768331943775,7.485390084371914e-05
1.399507372948577,7.450791206030934e-05
1.3130003268522419,7.579562423726456e-05
1.2098456421958157,7.725464787325113e-05
1.1112785093289355,7.856279788580575e-05
1.0268649241695187,7.960759328182323e-05
0.9605654160961221,8.0379783226024e-05
0.9127344879430731,8.09092596546794e-05
0.8816514565741214,8.124510661394486e-05
0.699488077962298,8.30416701673028e-05
0.7764106184208339,8.233868241067717e-05
0.8756849343139609,8.134159695211859e-05
0.9841627116956299,8.013544845590119e-05
1.092838796454701,7.880861240602851e-05
1.195814212643792,7.745299749458627e-05
1.286294529585963,7.618557030568021e-05
1.3198884467920668,7.569753098314578e-05
1.243272444324349,7.678983546957124e-05
1.1539690430131002,7.800037936396449e-05
1.07089029115717,7.906241583526249e-05
1.001729132325287,7.989724114782721e-05
0.9508547028166202,8.048058438502047e-05
0.920951614683073,8.081312626490001e-05
0.7593745701798743,8.249645562260768e-05
0.8390928742744003,8.171380275169256e-05
0.9305359576645204,8.073917239493446e-05
1.0239063505971686,7.965841289737864e-05
1.1132841643245952,7.854350967631608e-05
1.1945405986074757,7.74705402836895e-05
1.2416555563124052,7.681910025351603e-05
1.1976841079955296,7.741365911134668e-05
1.1154804506547518,7.849555943000354e-05
1.0527776507628213,7.927713614235812e-05
1.0013350422453446,7.989245275651128e-05
0.9656544197521918,8.030671392700867e-05
0.8259540230446477,8.184475289715125e-05
0.8914787008747859,8.116225593637041e-05
0.9614429353368327,8.038966270852131e-05
1.0317595759259865,7.956441975094491e-05
1.1000991024571158,7.87174769843113e-05
1.1594765091004777,7.794630362770858e-05
1.1451066316281662,7.811096318136062e-05
1.090618409132357,7.880545307105752e-05
1.0512665005204194,7.928937102339809e-05
1.020041373549261,7.966624090708546e-05
0.8640491350456408,8.14536389624854e-05
0.9052860130514409,8.101715364863552e-05
0.9516367249534472,8.05084611749693e-05
1.003972710751009,7.990757824713845e-05
1.0625507688546645,7.920260132511186e-05
1.0985336606439067,7.871497751352037e-05
1.0747363131696654,7.900242564167341e-05
1.059921801349739,7.918062932337036e-05
0.8556038842045798,8.155072831753304e-05
0.876912215640709,8.133417785255475e-05
0.9115140168563398,8.096767164770159e-05
0.9625734822891695,8.040286567195505e-05
1.0304855452220294,7.960455157370782e-05
1.0701832028281146,7.905663286056813e-05
0.8123536544700722,8.200288638502486e-05
0.8317426958629458,8.1812890374568e-05
0.87493192485002,8.137028252521441e-05
0.9427296316140145,8.063331966935941e-05
0.7717696118971716,8.240599970780609e-05
0.8097782217541997,8.203788834965519e-05
0.7328071918774618,8.273685906906955e-05
0.8016241171885653,8.208455273878893e-05
0.8807488806157902,8.127760098456321e-05
0.9680792217045694,8.031530006912334e-05
1.0633799885490203,7.917915694837055e-05
1.1663924849750626,7.78510188427993e-05
1.2748728015146937,7.635021750744332e-05
1.3819454006995788,7.477075750691149e-05
1.4690052659203208,7.3425521896816e-05
0.7562763857322891,8.251950644296734e-05
0.823510142075157,8.186524656563228e-05
0.9060339763487559,8.100254819835549e-05
0.9982769957194775,7.995810770141534e-05
1.0963720697730341,7.875607482530848e-05
1.197248914559984,7.742774859782322e-05
1.296427463104134,7.603704077719842e-05
1.3801378931306039,7.480036576984853e-05
1.3852531782015813,7.472321920917964e-05
1.300762665818731,7.597152064331832e-05
1.2017370078791128,7.736631570506538e-05
1.106609480235288,7.862153166028464e-05
1.0213050208255758,7.967585238336018e-05
0.9476040775363723,8.052911082961106e-05
0.885878145061194,8.120511422993391e-05
0.83669322230444,8.172196896254796e-05
0.7871663139313226,8.222359108760107e-05
0.8636466430170975,8.144853354243205e-05
0.9519712633917132,8.048447430217479e-05
1.043996256883358,7.939924907079093e-05
1.1347650490035455,7.825323680368948e-05
1.220981005324459,7.709616576011e-05
1.2944542301985515,7.60659576144403e-05
1.3099016864257447,7.584460006695625e-05
1.2272275212365635,7.701304962371604e-05
1.1421013483081877,7.815567587413034e-05
1.064306105114984,7.914276446838384e-05
0.9982158041452674,7.993552282360488e-05
0.9455639476701796,8.053860711577137e-05
0.907678939929281,8.096104972983418e-05
0.842534069932802,8.166643487884836e-05
0.9225039201655891,8.080658322200079e-05
1.0050470163253309,7.985992258866253e-05
1.0836316272926048,7.890073048219973e-05
1.1551820444808896,7.798222971031044e-05
1.2157661919140441,7.717368800559828e-05
1.2344566950997151,7.691791062971573e-05
1.1662989322671187,7.783807162997927e-05
1.09985731554081,7.86942005754577e-05
1.041976283672398,7.940676835368685e-05
0.9954066560560282,7.995895383349901e-05
0.9622971266009144,8.034287952004592e-05
0.9051305075311941,8.099868115910916e-05
0.973443130033278,8.022506715136888e-05
1.0372659919090497,7.94689801859491e-05
1.0941339554548186,7.876874913174872e-05
1.1428750447316316,7.81498728667796e-05
1.1665512520575583,7.784458296904092e-05
1.118622834339893,7.845788757749765e-05
1.073520347759371,7.901922897038242e-05
1.0366551477571806,7.946604965209021e-05
1.0096830793373057,7.978690856224543e-05
0.9428953965802029,8.057824456871126e-05
0.9901006541843493,8.003302711502119e-05
1.0325069748598736,7.953240007891406e-05
1.0716619661536817,7.90592252565499e-05
1.1036547838365065,7.866354746431972e-05
1.0926641226314182,7.87830897969897e-05
1.059235868850649,7.919380748879352e-05
1.043492576051856,7.938199981526953e-05
0.9385321568125211,8.063387901227731e-05
0.9683660967387883,8.029523898665241e-05
0.9997379375111372,7.99370547406378e-05
1.0371810733567683,7.949658082829358e-05
1.0626992368616377,7.915992246261732e-05
1.0540464198043598,7.925934406997422e-05
0.9024126632905527,8.104533794772777e-05
0.930591051057931,8.073578089587144e-05
0.9689231697565138,8.030639077713297e-05
1.0221837531452627,7.96842930892393e-05
0.8679855336700357,8.14218435395683e-05
0.9120108182154265,8.094613671918749e-05
0.8656941447810992,8.141826858704735e-05
0.9231535526052589,8.079377478320923e-05
0.9904647925772415,8.002800218476765e-05
1.0640433627447863,7.914470692766597e-05
1.1420782904174975,7.815398744930103e-05
1.222405115797498,7.707782260113453e-05
1.2942602034524984,7.60692203488176e-05
0.9171171500250802,8.08580183389681e-05
0.9787042565772027,8.01555732263756e-05
1.0414346806742958,7.94084277108762e-05
1.102210988761796,7.865797476993436e-05
1.1607610120405356,7.790636399170378e-05
1.2135603301858915,7.720644303871928e-05
1.215327401576785,7.718470323596634e-05
1.157865135648157,7.794913533638325e-05
1.0988877614528478,7.870169980228294e-05
1.045235891975944,7.936243614817521e-05
0.9969246420032358,7.99387251943701e-05
0.9550428653032383,8.042533230130251e-05
0.9764673801661345,8.017882028076049e-05
1.0284429207612586,7.955821792381788e-05
1.074005335047032,7.900193211140278e-05
1.113131459453882,7.851864535434315e-05
1.1467474498590433,7.809735364880903e-05
1.1562218632480576,7.798083817973593e-05
1.1062673478780671,7.861429169885178e-05
1.0686732193506006,7.907448535022313e-05
1.0383576934369614,7.943875556342723e-05
1.014088897667758,7.972887793930727e-05
1.014309582389314,7.972990279534679e-05
1.04726713287941,7.93285671663937e-05
1.0722047141124447,7.902882525080765e-05
1.0919863266104837,7.879754575403621e-05
1.1003099746398104,7.870371840552683e-05
1.0678266910787186,7.909615533169198e-05
1.0496547091272181,7.930798404628384e-05
1.0402777112957717,7.941547509484275e-05
1.0138964992359278,7.973880267979466e-05
1.0305975221836503,7.953984571406972e-05
1.044093613235287,7.938742607628614e-05
1.056547147895579,7.924769411750788e-05
1.0419524295295275,7.941328346304575e-05
1.0405082314745009,7.942278946957298e-05
0.9841443568335078,8.010165051590722e-05
0.9985782373520993,7.99354755249081e-05
1.0184988898365928,7.97070445308414e-05
1.0368679347329957,7.947678482506215e-05
0.9549348022799778,8.044777281824811e-05
0.9826946426273087,8.012628273931574e-05
1.0114087204683433,7.975907065606672e-05
1.0444879035321477,7.935869254162047e-05
1.0760981138458643,7.897608839500441e-05
1.1082371685016699,7.858477719040996e-05
1.1417794006174697,7.816931222848883e-05
1.048937940835369,7.930038510384873e-05
1.06370265880318,7.912163499649192e-05
1.0746237263263023,7.900042387233354e-05
1.0864247685325976,7.887116983260153e-05
1.0830474603739868,7.891895026169176e-05
1.0656017901221884,7.911882142161265e-05
1.055607193443933,7.9227048188886e-05
1.049556324475202,7.929506574749808e-05
1.0509869749431628,7.927817566516623e-05
1.0493762928599148,7.930702404538751e-05
1.0476072315547678,7.934613202381691e-05
1.0465581786178015,7.93701446759852e-05
1.0339751949662357,7.950712793696365e-05
1.0406204820234692,7.941511529159162e-05
1.025251291353626,7.960322302596384e-05
1.0202329294148225,7.967151675717486e-05
1.0208538834069865,7.967789274386907e-05
1.0156137848916078,7.973396545136995e-05
0.9992438570649576,7.992249213942547e-05
1.0064621590539464,7.98398361103044e-05
1.0518914278157379,7.926946539814567e-05
1.0413274842497005,7.941041209870983e-05
1.0383176966856777,7.946589574313079e-05
1.0277688192040182,7.957329130492085e-05
1.0129062129884587,7.976493657518627e-05
1.0054874633063926,7.986026411631325e-05
1.0163755526520672,7.971808229295126e-05
1.0032021614574098,7.987623507704132e-05
0.9990566843265288,7.993792454683821e-05
0.9922276808987658,8.001333927430184e-05
0.2347182861716365,8.58193279665574e-05
0.44434062016439624,8.491604643979823e-05
0.6307010075720396,8.365956078181478e-05
0.8016912855083532,8.214894653158639e-05
0.9606005837681223,8.045458065996056e-05
1.108193041679613,7.865281638544982e-05
1.2444900730629536,7.680767345936084e-05
1.3689486036917478,7.498499261241919e-05
1.4798390285219454,7.32634096183766e-05
1.5733515597103251,7.174664454225702e-05
1.6430616805465688,7.058160906577148e-05
1.6809447284534982,6.993441037016877e-05
0.2392756970389047,8.579707797278939e-05
0.40306218887196915,8.512624588613276e-05
0.5879128563626842,8.397759447084844e-05
0.7643459556273651,8.250079031960682e-05
0.9313550442819593,8.078179791804208e-05
1.087949665624054,7.89065406124549e-05
1.2326247349652835,7.696898331612957e-05
1.3637322008009167,7.50605021173067e-05
1.4788002862788125,7.327685695190667e-05
1.573337358155598,7.174583838172689e-05
1.6403293976103355,7.062515369851726e-05
1.6716872488223413,7.009555568575162e-05
1.6843320581214107,6.987533020632407e-05
1.681180941445387,6.993115177033636e-05
1.6399821835949364,7.063301113990143e-05
1.566340717622051,7.18655868403338e-05
1.466876253429679,7.347352130004083e-05
1.3470463534361727,7.532050535676303e-05
1.2108682754122286,7.728568617288743e-05
1.0614354544627758,7.925532825921877e-05
0.9014822121397138,8.112815662859199e-05
0.7336578185482832,8.280219016539168e-05
0.5603389938184694,8.419445048858357e-05
0.3848750959543969,8.523501156466756e-05
0.42620032166488203,8.499123522489891e-05
0.5387876117757864,8.43042721433763e-05
0.6886804466924697,8.315826920224159e-05
0.8481823477194603,8.165498973648408e-05
1.0063890747857687,7.989317523606653e-05
1.1576285255646854,7.797663790453925e-05
1.2981314480220651,7.601678667196033e-05
1.4240202000370932,7.412383000353034e-05
1.5289233908194562,7.246420498786414e-05
1.602786148690006,7.125331243322427e-05
1.6345450878656471,7.072155249223323e-05
1.657568941679842,7.033259488069854e-05
1.6880479392960948,6.98116046902457e-05
1.6782500060838343,6.99819658205164e-05
1.6295830569090917,7.080786556295246e-05
1.5473574013312346,7.217795244229927e-05
1.4381871476358357,7.392931039696238e-05
1.3085462194796609,7.589712813418e-05
1.1644358126187737,7.792861111437073e-05
1.0115419331557112,7.987637601502283e-05
0.8555400425414124,8.162439091095606e-05
0.7025301365783568,8.308364930212027e-05
0.544163123773086,8.425973649260759e-05
0.6191589424482985,8.37126275358549e-05
0.7421540078838104,8.267471526559318e-05
0.8888022028601907,8.121316491266749e-05
1.042699312164779,7.94394689365585e-05
1.1933955158750316,7.747922363249586e-05
1.3329618530317553,7.549436478213266e-05
1.4522779190633206,7.36788353693614e-05
1.5380374473370262,7.231546214126619e-05
1.5749692231251518,7.171386031524741e-05
1.6026517343828175,7.125572508376364e-05
1.6608787071862385,7.027716641231373e-05
1.6817935113143039,6.99192281374962e-05
1.6623357770564424,7.025693368698714e-05
1.604511300737903,7.123643492667155e-05
1.5142477364352642,7.272486387656325e-05
1.3994462265743706,7.453381876336646e-05
1.268477934415344,7.648403411162532e-05
1.1293783880433275,7.839827692615297e-05
0.9895149033557379,8.014218280109698e-05
0.6005875633952781,8.385164108945788e-05
0.6540547849677706,8.343280520403763e-05
0.7675117771060457,8.243372836034953e-05
0.9143869528143759,8.092914340509509e-05
1.0721194624488675,7.906485903024065e-05
1.2246084433014919,7.704285971111516e-05
1.3581307611999256,7.5116025823817e-05
1.456404964301087,7.361398674231938e-05
1.5005419439446945,7.292319649851003e-05
1.5241472827575613,7.25423092445647e-05
1.6009761718320885,7.128437075958816e-05
1.647698352644511,7.050084051578746e-05
1.658775813613308,7.031425238625364e-05
1.6321003963200313,7.077280889918699e-05
1.5702842156709924,7.180949479206483e-05
1.4801182314921326,7.327560770301262e-05
1.3706392714789706,7.497728851681243e-05
1.2510708256555523,7.673624235404405e-05
0.6250444349480573,8.366381846184528e-05
0.6781431730385562,8.323151308386282e-05
0.7981517779317444,8.21349502123467e-05
0.9519058873157393,8.05019486675278e-05
1.1114134163798275,7.855735889504373e-05
1.2557971268146264,7.660184669591887e-05
1.3651255685868382,7.501530571608754e-05
1.4173570489515823,7.423070641782955e-05
1.4279250006757065,7.406890635471491e-05
1.5136002303056344,7.271483430394916e-05
1.5783919568101548,7.165966360185715e-05
1.617171767700274,7.101891586260391e-05
1.6252045436781413,7.0888127371643e-05
1.6003084850148295,7.130591801923899e-05
1.5448149791012638,7.223136535392015e-05
1.465382525401433,7.3509464976985e-05
0.6588797777887461,8.339032347230665e-05
0.7244606786940809,8.282415931554695e-05
0.851191824931344,8.15946754005041e-05
1.0027871781531579,7.99027327815798e-05
1.1496133051728161,7.805495570813818e-05
1.2667284321386183,7.645164870409015e-05
1.3281815109709092,7.557495590184244e-05
1.3218168301529962,7.567118323645628e-05
1.4064626545236825,7.440406822675217e-05
1.481622550486067,7.323164703631556e-05
1.5423473332748254,7.225553855369439e-05
1.5836911018094202,7.158201258217365e-05
1.5997329743744113,7.131940795065221e-05
1.5864993465352024,7.154216943702989e-05
0.7212280910801534,8.28511007039467e-05
0.7914675636444449,8.219342154655609e-05
0.9097067984718963,8.096680375207363e-05
1.042905829231611,7.941679113193934e-05
1.1610302025732528,7.790864170269311e-05
1.2331052608215796,7.69393938172203e-05
1.2400292094038836,7.684369408099089e-05
1.2878380700874532,7.617593876240726e-05
1.3680850674860274,7.499525706977158e-05
1.444901633034156,7.381755946328069e-05
1.5143421960080743,7.271116407487024e-05
1.5689590078993092,7.182595547427209e-05
0.7899777272728669,8.220676681914391e-05
0.8466710663333855,8.163926112691936e-05
0.9422922396120852,8.060549590865488e-05
1.0485204366759735,7.935430793879711e-05
1.13127334090846,7.831498614743274e-05
1.1580655343215118,7.796161310360519e-05
1.1654249873281202,7.788466705543347e-05
1.2485619434199786,7.67468028915477e-05
1.3373942559672818,7.546045029740522e-05
1.4285252735971004,7.40747935454673e-05
0.8284053987795635,8.182828985289199e-05
0.8608620606524794,8.149712174749111e-05
0.9340231148831629,8.070685960370148e-05
1.0214437165598882,7.969489643290191e-05
1.0775711249934783,7.900379680093243e-05
1.0861499739951792,7.887691557630952e-05
1.1322949679473229,7.833191201976102e-05
1.2306922290138633,7.700131192512279e-05
0.8180884286711175,8.194131931947658e-05
0.831804571803411,8.18069524523138e-05
0.9026445327848894,8.106312742276481e-05
0.9976438369305024,7.998049252137949e-05
1.0405286940255343,7.94443758672927e-05
1.0584931325199747,7.920990091667913e-05
0.7713464685598325,8.240901648132388e-05
0.7882555891421268,8.224817517936166e-05
0.8902710659525228,8.119578392033237e-05
1.0102134520443133,7.981350404275385e-05
0.7276169655184308,8.282273958418323e-05
0.7692388124343847,8.243297130682016e-05
0.5308662834101996,8.437984103340835e-05
0.6864341763200404,8.320275049845602e-05
0.8480106139654412,8.168441499758502e-05
1.00820821355714,7.989771782290809e-05
1.1619255840915363,7.794469364537066e-05
1.3049538871042001,7.59363460365667e-05
1.433045445868249,7.399865762207743e-05
1.54081674273359,7.22798801136905e-05
1.6211694167862079,7.095033096924023e-05
1.6664155500930118,7.018689711047436e-05
1.6733059484950024,7.006422084698382e-05
0.6308202394525866,8.363835223470611e-05
0.7601823445414232,8.25290389380813e-05
0.9075958846039185,8.103237831551163e-05
1.0608936810097296,7.92372084966406e-05
1.211322491842347,7.725320575604022e-05
1.3517696300147082,7.522830821310668e-05
1.4743156421656105,7.334110677682279e-05
1.5684347131604233,7.182288598994835e-05
1.6226367871643288,7.092130404166857e-05
1.6343339672420862,7.072492746382133e-05
1.6501236113715754,7.045722004391642e-05
1.67279502611359,7.007251210015497e-05
1.6577687559362457,7.032993848034168e-05
1.601571481347427,7.127678812039756e-05
1.5099085801527263,7.27850683031105e-05
1.3914458924217934,7.464860048771514e-05
1.2550420636153,7.666376184847841e-05
1.1087280822419467,7.865521710748279e-05
0.9599661719522804,8.04714335287512e-05
0.8163511073179612,8.201192392371036e-05
0.6816642022488074,8.321572273901441e-05
0.7936148133817054,8.220089035060996e-05
0.9353261853163466,8.071531058136422e-05
1.0891963998228766,7.886830196237247e-05
1.2413433348985694,7.682423399048876e-05
1.3795035249232162,7.48038174588284e-05
1.4895380001455207,7.30956452302303e-05
1.5552877206778668,7.203780008933555e-05
1.571508973914428,7.176914577913584e-05
1.5944345503470383,7.138733787548929e-05
1.6421845283171568,7.059106199899725e-05
1.6587519642450856,7.031539129900762e-05
1.6341880142015237,7.073558896056222e-05
1.5695105149503652,7.181769067741834e-05
1.4719221054060285,7.339792617372004e-05
1.351769954849947,7.525731296664169e-05
1.2199449483435258,7.716459140245482e-05
1.086459564100341,7.894519305089569e-05
0.704158943385679,8.301950431439039e-05
0.81527638093797,8.198364217929413e-05
0.9621722679565095,8.040267216235326e-05
1.1204625668059707,7.845937850474145e-05
1.2706572978004018,7.640542115790767e-05
1.3944313027006479,7.457885666312996e-05
1.4713613065710849,7.3390012312705e-05
1.4913359015995955,7.30718318222978e-05
1.5125937202807314,7.272432627198804e-05
1.5757752884809213,7.169681093713792e-05
1.6193874130010886,7.097862911612879e-05
1.6292991786032962,7.081568002625524e-05
1.6009740932685317,7.129535841263272e-05
1.5365830359909916,7.235987485239358e-05
1.4441630769080622,7.384137498451767e-05
1.334858774325224,7.55095011941344e-05
0.7339546353551771,8.275069409070621e-05
0.8531713793121115,8.159190552927069e-05
1.0040669188590083,7.99058242952344e-05
1.1576859787484373,7.796078887137472e-05
1.290052909586791,7.612416255103446e-05
1.3764890349672447,7.485581638990858e-05
1.4004914607476324,7.449447792321155e-05
1.4132702979256881,7.429210080333332e-05
1.4816391086480363,7.322406175863963e-05
1.5442179749040912,7.222351111693394e-05
1.5855105339033517,7.154585766324496e-05
1.5975715261063679,7.13515829911611e-05
1.5759890604666793,7.171352133552696e-05
1.522372201098382,7.259487005231205e-05
0.7887042851238892,8.223171745731039e-05
0.9075282837009951,8.100618131573875e-05
1.048249320686755,7.936401524886641e-05
1.1802190311857452,7.765954598193957e-05
1.2739498005658958,7.63646697733229e-05
1.3046559412521401,7.592745052746082e-05
1.3059475073294173,7.589984205729749e-05
1.366670449491259,7.500592858404012e-05
1.4443562082484056,7.381777343881468e-05
1.5101440699445536,7.277979899438541e-05
1.5596348337526298,7.197596957809532e-05
1.5836833153129843,7.158556304332285e-05
0.8494200154977947,8.161995579582848e-05
0.9515610784498405,8.051096037509678e-05
1.0681216363826367,7.911834462422924e-05
1.1651542343713266,7.78703986014878e-05
1.2079385596550052,7.729785811491715e-05
1.2027582749094943,7.735885906570657e-05
1.249925504668158,7.671359732296699e-05
1.3328339733082206,7.552136322656465e-05
1.4159975674812142,7.426378819314276e-05
1.4951895851718964,7.302207441592162e-05
0.8825720407551084,8.127284707871379e-05
0.9600930735095349,8.041629782217279e-05
1.0509142412933248,7.934032741177843e-05
1.1122976751957583,7.856999785046682e-05
1.1204188019022543,7.845058585396539e-05
1.1369041977542025,7.825460203762563e-05
1.2212560822027463,7.712386863807693e-05
1.3162623920306442,7.576802775721951e-05
0.8718114209906804,8.13950672258212e-05
0.9343662905010357,8.071695754506457e-05
1.0159062967164463,7.977054546343003e-05
1.05603294437586,7.926603551606207e-05
1.06248258353479,7.916474944569583e-05
1.1156137150674763,7.854182472892397e-05
0.8325494672300432,8.181175424463213e-05
0.909144388829774,8.10004399509193e-05
1.0066408198677088,7.98671445876825e-05
1.0333934314464135,7.952673261734611e-05
0.8038334238254613,8.210272461820158e-05
0.9154612445422177,8.092784551392816e-05
0.8716002344769732,8.143034102022494e-05
1.0060377591883316,7.991998543780147e-05
1.1517014153205476,7.807947720770415e-05
1.2970469118088463,7.604934344929934e-05
1.4302264261936641,7.40427862127684e-05
1.5380182634368058,7.232247790834612e-05
1.6067897804102507,7.119093813213133e-05
1.628143812392514,7.083075980189264e-05
1.6103880460819897,7.112130812877186e-05
0.8958252874649972,8.116365812788483e-05
1.030189330816595,7.962240370711905e-05
1.1789362657402012,7.770682420405397e-05
1.3244314251707856,7.564032150637942e-05
1.4484635486718227,7.375390743133442e-05
1.5314033054229927,7.243095327880859e-05
1.559327780418106,7.197134371256726e-05
1.5424526231823577,7.223953828749724e-05
1.5476947612683316,7.21512803470215e-05
1.5911771033676194,7.144438543819634e-05
1.6070215402468315,7.118838467765732e-05
1.5770699093781764,7.16899186042084e-05
1.5010067085278216,7.293158887665935e-05
1.3900961036466146,7.466863889628742e-05
1.260329721447393,7.658765294954125e-05
1.1276104866594057,7.840338372343176e-05
0.920598584350279,8.088771740809682e-05
1.0599405574414724,7.924815683430623e-05
1.208838641177913,7.728871208855712e-05
1.343479549513584,7.535744202178982e-05
1.438619835017647,7.390840393116149e-05
1.4731249607461956,7.336545808333762e-05
1.4558983247791932,7.3624302612356e-05
1.4538242993664603,7.365171462039966e-05
1.5153206438334113,7.2684119179422e-05
1.5620831704239073,7.192878363207136e-05
1.5754329113433982,7.171521683384344e-05
1.5453937030799827,7.221505725236813e-05
1.473846553183525,7.336742108433358e-05
1.3731580252998894,7.493087313113634e-05
0.9616719799900845,8.041869563492313e-05
1.0975317086574188,7.876798584832156e-05
1.231918404372912,7.696678755358846e-05
1.3344741183136886,7.549328402817516e-05
1.3760112658337178,7.487191375523716e-05
1.3602242676551577,7.509689513274945e-05
1.350296548998074,7.52336523505733e-05
1.4147867130136074,7.42675724119063e-05
1.4812078426790214,7.32333162313599e-05
1.5314535509568366,7.243129854939503e-05
1.5512318051264216,7.211758529782918e-05
1.5315382586288182,7.244243317118518e-05
1.0053957165295881,7.989977387310652e-05
1.1219243401822079,7.845199152620004e-05
1.2238120997662658,7.708191237950757e-05
1.273452722754673,7.638535948526178e-05
1.2631363752603642,7.651997890580924e-05
1.246694963468489,7.673545670851568e-05
1.3045232730338325,7.592083639761704e-05
1.3806756982142991,7.479577914545852e-05
1.4564030423459944,7.363197654925997e-05
1.518134830290684,7.265224417207932e-05
1.024677836358453,7.966958217661994e-05
1.1115995399688714,7.85913205889413e-05
1.1698879696577926,7.782501048477277e-05
1.1713818167339363,7.778879925730363e-05
1.1523224845408906,7.802641412784613e-05
1.18427835870086,7.761104987940792e-05
1.275915513718727,7.634218172046425e-05
1.3662903615449,7.50170151817414e-05
1.0072615448359097,7.988533771559392e-05
1.0684416059365671,7.914064792267762e-05
1.0911297484997204,7.883734375275914e-05
1.0805444893121547,7.89504507560322e-05
1.0944685029649164,7.879079482259096e-05
1.1791880127320005,7.768632263776923e-05
0.9739168582227998,8.028267029068234e-05
1.0259898011656314,7.964796400248784e-05
1.036278246570247,7.949674831850094e-05
1.043841322411047,7.939421304506723e-05
0.9745498530821836,8.026529402978598e-05
1.0126655415891492,7.978419740550936e-05
1.1538307793844584,7.804975763920885e-05
1.2874430588187002,7.619102975814642e-05
1.4097232549991434,7.436295213245708e-05
1.4977726059179908,7.297876274593422e-05
1.5331081843142391,7.240617534905479e-05
1.5156816032654699,7.267695604392291e-05
1.4703960740172926,7.339038696677614e-05
1.1835436891384767,7.764454625642069e-05
1.3077054628026354,7.589355740598309e-05
1.403720893114813,7.445509462636273e-05
1.444259241985242,7.382297830158747e-05
1.4257845899855055,7.409847664120278e-05
1.3781649366771576,7.481362381653976e-05
1.3728755774787227,7.489157106646843e-05
1.4327026140250532,7.39888661198013e-05
1.485418724852076,7.316974795571707e-05
1.5039713699358999,7.288243855754863e-05
1.472008804265503,7.339692383890003e-05
1.3931262700461706,7.462243296065693e-05
1.2071032836375999,7.731920602287554e-05
1.30207827829805,7.597866240681748e-05
1.3470075742202037,7.5314350450252e-05
1.3301827909563384,7.555091114107594e-05
1.2831818047427768,7.621714816828886e-05
1.259903750245025,7.654157445385712e-05
1.3305066041021445,7.553454401029635e-05
1.4026922121697174,7.445775516708958e-05
1.4631738512462806,7.352640218798277e-05
1.4910605839198794,7.30913550073417e-05
1.2007640704753704,7.741061436922529e-05
1.2471492101380466,7.676418293148127e-05
1.2358502866574868,7.69102028780628e-05
1.1935304302470509,7.747552724893895e-05
1.1664861226717462,7.782810957888679e-05
1.2263550355892383,7.702804554863204e-05
1.3054962990868784,7.590994821524017e-05
1.3902828084695107,7.465038217575241e-05
1.150888926152965,7.808444660070704e-05
1.1492313877403861,7.809116364102228e-05
1.1162327128862348,7.850100829071932e-05
1.0900213207422194,7.882446912257942e-05
1.1329561236823373,7.828552617479422e-05
1.211227446897657,7.724225220761366e-05
1.0766586979807895,7.902666638661776e-05
1.0584274110777743,7.923287578314123e-05
1.0402947569493317,7.944340483768831e-05
1.0547188768135733,7.927688849618166e-05
1.0241736255409906,7.964957692932819e-05
1.0218083161838056,7.967036966362198e-05
1.3881772372738173,7.469612966826608e-05
1.4214405450997356,7.418338984056634e-05
1.3987684316675209,7.452262948841833e-05
1.3414859729457105,7.537640962943816e-05
1.2801578286747324,7.625368413710834e-05
1.3337452034757373,7.551525749178431e-05
1.3095549159751723,7.585975069254793e-05
1.2513283840309437,7.668107885327145e-05
1.191337203670675,7.749445883451262e-05
1.181113299415202,7.763366875580226e-05
1.2434503324408626,7.678832771455292e-05
1.319369756694502,7.570648484214816e-05
1.3872799721567823,7.470134208897495e-05
1.2242501651527593,7.707566624027239e-05
1.1697015250532286,7.780512254699003e-05
1.1147213609945201,7.851370709130745e-05
1.0874565085948542,7.885407086678493e-05
1.1501138439674314,7.805908751775629e-05
1.2300240101416293,7.698133150858206e-05
1.1036366059546814,7.866892345477643e-05
1.0579601811845791,7.923249711248433e-05
1.0341910197324493,7.95134822848615e-05
1.0751961267608225,7.901773307547781e-05
1.0271883892434641,7.96076525415403e-05
1.0143693944084773,7.975740475063778e-05
1.2392809357544294,7.685633969034094e-05
1.163591017703377,7.787953809608119e-05
1.1036841277108291,7.865012125483507e-05
1.0994302928017332,7.871687187848354e-05
1.0454221327030258,7.938330058161099e-05
1.03459000955647,7.9510964452014e-05
1.0865364943477183,7.8875529445233e-05
1.0148847694677328,7.975352754315646e-05
1.0004572427327794,7.991587004556508e-05
1.0008885026539063,7.991660963067182e-05
0.3236511921232561,8.548973351455905e-05
0.6348141544452457,8.358028583682048e-05
0.9230398570885624,8.080421097063817e-05
1.181721539633047,7.757797405766041e-05
1.4093733187975983,7.425939101054393e-05
1.6100577295468992,7.103326569235616e-05
1.7926237758943229,6.790243109467867e-05
1.9684225763431709,6.475660023743993e-05
2.1474466915025126,6.144091783414954e-05
2.333412768082307,5.7923841688894384e-05
2.517401487733634,5.4398917715266196e-05
2.6601233264442183,5.167012451823047e-05
0.4115796968529685,8.509010493493593e-05
0.6476997075591235,8.350436388973974e-05
0.9051190938936052,8.102965139156344e-05
1.1531755015598024,7.798493697996168e-05
1.3792358207385127,7.473921837841048e-05
1.5809698031107393,7.152721068441029e-05
1.7628761509458075,6.84303406900256e-05
1.9333692110145484,6.539752081097575e-05
2.1013462303766857,6.230667147667974e-05
2.2717705418762084,5.909460709340624e-05
2.43931831080753,5.588925690300236e-05
2.575891063010058,5.3258205587838316e-05
2.6198394214460996,5.242471253473294e-05
2.5399516120850674,5.394704165585526e-05
2.3888742104818825,5.68580742990605e-05
2.217077179640445,6.013024286567429e-05
2.0444538322499684,6.336025441415502e-05
1.873328931831801,6.647658066792881e-05
1.6975698564567483,6.95585767629167e-05
1.5079962136678051,7.271382455580735e-05
1.2966558041333824,7.59642903925828e-05
1.060060240685438,7.918792592971377e-05
0.8016462663045305,8.209808912391353e-05
0.535980824272663,8.432392089753012e-05
0.8136395568595446,8.201932181541416e-05
1.0205556690605373,7.972305402602855e-05
1.2318390454211028,7.694313750667929e-05
1.434439212018993,7.39233092084141e-05
1.6207503077083663,7.089341542164011e-05
1.7886598405999838,6.800146253669135e-05
1.940502441662511,6.528096735441532e-05
2.0808355477054707,6.269320486407916e-05
2.213642047785375,6.0194230098419864e-05
2.3378745575456814,5.783611431598934e-05
2.4405439375594895,5.5874584998827673e-05
2.4961107150666013,5.478142269741532e-05
2.4797905884131937,5.505979715492875e-05
2.401928258069223,5.657654917859905e-05
2.280468031656998,5.892761248594144e-05
2.1352829805400697,6.167279584159833e-05
1.9791214602234837,6.457179486658714e-05
1.8149484715928115,6.752784148975192e-05
1.63983655045581,7.055564104609146e-05
1.4494535823403971,7.366438986481635e-05
1.241872692992815,7.677224988402344e-05
1.0208476594937819,7.968341910976769e-05
1.1969314069738684,7.744956468954843e-05
1.379123087154292,7.480732122775616e-05
1.5492815454410995,7.211325231800393e-05
1.705225610289925,6.948352947325285e-05
1.8441289972396513,6.704058629698327e-05
1.9637533459185206,6.48710155552778e-05
2.0642285904220734,6.301129381691062e-05
2.148330639647994,6.143195682706132e-05
2.2211593622828527,6.0062180686680985e-05
2.286650029815737,5.883237327370647e-05
2.3400193741221718,5.7810193589304665e-05
2.366277049478568,5.7272619258271455e-05
2.348130428867249,5.7600271081052534e-05
2.295079626813215,5.8635659085292904e-05
2.206832325024038,6.0334460764181037e-05
2.0873431132157987,6.257887542726262e-05
1.9451327157317406,6.520117321930996e-05
1.7867702114676978,6.803525387673865e-05
1.615002495375228,7.098660150189041e-05
1.431656097858725,7.395154746072814e-05
1.5490259098165757,7.212570796631913e-05
1.695707928242307,6.966710950422784e-05
1.807826763762729,6.771374075724293e-05
1.901097164260126,6.603457704969118e-05
1.976121717405384,6.465721499396672e-05
2.029735862704437,6.365583925789118e-05
2.064359775475466,6.300994007543306e-05
2.090635570622134,6.251957698587263e-05
2.1243426840758777,6.189714887997656e-05
2.1716697841791026,6.101044838944619e-05
2.230419140111388,5.988672534322556e-05
2.2510195527479686,5.948092364442847e-05
2.24636111143691,5.9587111713450594e-05
2.221551739696453,6.007440229574905e-05
2.1716309105842524,6.1020584920056436e-05
2.0782375708510643,6.275817629680511e-05
1.9410728673024968,6.527840473173223e-05
1.7817809857060158,6.812956403706594e-05
1.8473687679936253,6.700268891859527e-05
1.9042701074450452,6.603010593029567e-05
1.9339181555118656,6.547895680367433e-05
1.9605536296890744,6.495914970847682e-05
1.968902778637468,6.479036467028841e-05
1.9600779840007982,6.494299743206952e-05
1.9492852066618087,6.513376284772396e-05
1.9591995505740947,6.494982362891783e-05
2.00131569661512,6.418747647173014e-05
2.0616696367681637,6.306778747179884e-05
2.140279750246054,6.15964732460747e-05
2.16848513196502,6.10884402381626e-05
2.1806329481232964,6.088251777190338e-05
2.1922505937013423,6.069123554222871e-05
2.1965176236693056,6.057383949952891e-05
2.094727240490699,6.244205078545487e-05
1.9332968018816392,6.561166812542324e-05
1.9251986848418858,6.570775809487396e-05
1.9189933625262368,6.575373010106913e-05
1.8890118402902547,6.625794972736741e-05
1.8422464266290908,6.707748477652556e-05
1.8015991120085642,6.778262574248407e-05
1.7939328253012536,6.790722525934724e-05
1.833340539365817,6.72123165070303e-05
1.90380133884186,6.595833674793435e-05
2.0272661901989535,6.370738268383043e-05
2.094732772716521,6.248208854147815e-05
2.1317634026637444,6.184307244416464e-05
2.16085631988061,6.132896146825597e-05
2.2017309682387505,6.057752659108744e-05
1.906541079778727,6.608956122331028e-05
1.8838225790467988,6.642680393277708e-05
1.8085811152211502,6.770168163823412e-05
1.7205246195185975,6.921735809321476e-05
1.651991668642875,7.037267495113895e-05
1.6285689056962158,7.074508818678439e-05
1.6663634745956322,7.010667109598696e-05
1.74691551233701,6.873273639281239e-05
1.9041395462790294,6.594868686879746e-05
2.030059832140397,6.367209357080532e-05
2.1109877047305896,6.224494555437567e-05
2.1334356532001078,6.185633890593498e-05
1.8948072288105315,6.611622463979522e-05
1.7341351937447438,6.89860509359049e-05
1.5998502461026791,7.126742657217332e-05
1.5039242939727475,7.281857864843123e-05
1.4623169798129572,7.345511431696135e-05
1.495122045543626,7.292708504311918e-05
1.585346268654192,7.147112850459285e-05
1.7057462602214593,6.945113515002585e-05
1.92651177996747,6.553710148790908e-05
2.10498936819308,6.223159733208236e-05
1.6172667975252446,7.097055233986462e-05
1.4736828823780777,7.331655771858028e-05
1.3602841021151681,7.505831551534429e-05
1.2986205052199307,7.595259605998978e-05
1.3157444957979354,7.568842456502804e-05
1.4131259835444197,7.423056403387242e-05
1.5482080918231882,7.209275000366705e-05
1.7573627022241192,6.854637438136771e-05
1.341485476063978,7.535109512236382e-05
1.2270505913919625,7.700189880535794e-05
1.152115930231802,7.801350174155251e-05
1.1369271316631921,7.820153006424837e-05
1.2310957195805194,7.692425075530817e-05
1.384452477163168,7.468159961653509e-05
1.11729545935535,7.848543733570821e-05
1.0442945009917817,7.940733839242043e-05
1.0113853627297402,7.98036591943823e-05
1.051782405565635,7.930728002232025e-05
0.9846174654328361,8.012876237522335e-05
0.9721497546826077,8.027290206556219e-05
0.8582150922460254,8.154791424947244e-05
1.0859879612659293,7.888673632387025e-05
1.3064742823389366,7.584603649082123e-05
1.5098566561708524,7.270730497021756e-05
1.694120470684975,6.963364214050366e-05
1.862502558475874,6.668232223458702e-05
2.0206951139085847,6.380454077812148e-05
2.1733153889948933,6.0956653009517e-05
2.319206772932362,5.819115920860752e-05
2.4451242401596875,5.5767922763938146e-05
2.523147770587769,5.425261713280425e-05
1.2122634379884436,7.722709416991644e-05
1.4032705640441796,7.4421824424888e-05
1.5829552062765104,7.153893040352186e-05
1.746401400490538,6.875388739151362e-05
1.8920459430690184,6.616645342717576e-05
2.0209130431806113,6.381016832048881e-05
2.13525109703032,6.167678927116745e-05
2.2365887607902026,5.9762229664350696e-05
2.322773567305654,5.812585151585246e-05
2.3855757720327864,5.692706144931766e-05
2.413097984341629,5.637227034923899e-05
2.388842339704529,5.6832801718041415e-05
2.325770120658694,5.805542369810847e-05
2.229506061836672,5.990221514994072e-05
2.1092142889461996,6.216973008751671e-05
1.9725879699644757,6.469989486004735e-05
1.8223191550496691,6.740937673004404e-05
1.657692514352307,7.026962679852403e-05
1.47777152623371,7.323457729469987e-05
1.2844310639347716,7.618020066941134e-05
1.5456108177970105,7.217372015339756e-05
1.6945856758089843,6.967576277605467e-05
1.8238608412369175,6.741457930578118e-05
1.932613155006687,6.544960959101702e-05
2.0196991063592216,6.384738646337943e-05
2.086320066833153,6.26000628280309e-05
2.1380622078183174,6.163311330268891e-05
2.1843774612722426,6.0764262269608615e-05
2.2309926501741715,5.9887841755563965e-05
2.27127800984847,5.9112068767091006e-05
2.2907907989842458,5.871985036870197e-05
2.2766402947967594,5.8997083095411944e-05
2.2381455221336606,5.974108496405071e-05
2.1737003895768807,6.096786832765224e-05
2.0791306433494334,6.273721151207498e-05
1.9556031820292772,6.501711624121077e-05
1.8098793229933574,6.763978957904555e-05
1.6485947864952784,7.04315650437179e-05
1.8160012385695299,6.757167018787288e-05
1.89867797888569,6.609430535743023e-05
1.9584825304991251,6.499481285667556e-05
1.9974875793745674,6.426565603904731e-05
2.016067247853644,6.391408338177072e-05
2.022952892297484,6.378297813108655e-05
2.0357957890218246,6.354561923778463e-05
2.0694641593877714,6.29225616869168e-05
2.1179338009964646,6.201657286379401e-05
2.175877988888549,6.0916442386779835e-05
2.1954618359317672,6.055111137782227e-05
2.196550573517174,6.0549692917119386e-05
2.188248902079854,6.0726309285143904e-05
2.1649994763732656,6.115630138277535e-05
2.0896569634826982,6.254165699973365e-05
1.9588106904847369,6.496125565721005e-05
1.9385140521133877,6.541254406810065e-05
1.953049464572995,6.512131678141489e-05
1.9493528936675564,6.516267616096577e-05
1.925712723477084,6.557622283187642e-05
1.8950292197167056,6.611836891658851e-05
1.8812817292676656,6.636149861962958e-05
1.905731423569131,6.592141701469702e-05
1.9616844176019952,6.490842632602741e-05
2.0543530246116717,6.319894357320405e-05
2.1087429834132214,6.219903862399759e-05
2.139034862562881,6.166325797212101e-05
2.160758963210371,6.129839145173978e-05
2.1912931732679315,6.0738027184766035e-05
2.218736850570106,6.009844361447048e-05
1.9216756023737138,6.572587571640404e-05
1.8873940732655603,6.629954985275534e-05
1.8241060035112564,6.740997262333634e-05
1.7598909214669687,6.852196069743276e-05
1.723519313941902,6.913996591273862e-05
1.7404403682801395,6.883993472690316e-05
1.804020667200103,6.773875685597312e-05
1.8876113850164074,6.625521272822995e-05
2.0237646111551424,6.377936067957239e-05
2.0956824693605434,6.248424348840765e-05
2.1337952064982444,6.182868154754379e-05
2.1631966726286334,6.130210588437709e-05
1.824243093213038,6.742995938938863e-05
1.7186154127367617,6.925731862807605e-05
1.6222905057968966,7.088395618641151e-05
1.5641618033722426,7.182662679123168e-05
1.5712736676282497,7.169847740820103e-05
1.6412973238615396,7.054132306424764e-05
1.7430777327998623,6.880966081869184e-05
1.9208378362180691,6.564569655219651e-05
2.06498116411978,6.302529317851296e-05
2.1309662990045104,6.189286437886492e-05
1.603899151038036,7.119967252722295e-05
1.4845898256957755,7.313791355438988e-05
1.4062412459654452,7.434625681670168e-05
1.3964254019333544,7.447884995060403e-05
1.4681410973920115,7.336982111281044e-05
1.585565306122087,7.148140250045017e-05
1.7717687726445746,6.829921801421179e-05
1.9469697664370271,6.515902037124881e-05
1.3494346883755948,7.52279492482156e-05
1.2578954161942082,7.655440994970382e-05
1.222599640061903,7.703723271336322e-05
1.2831372268756112,7.618174399004428e-05
1.4147412075914336,7.422355327884132e-05
1.5694672421537328,7.17540234326923e-05
1.1330150207197327,7.827452214669778e-05
1.078381724036957,7.897362295808401e-05
1.0955432127927935,7.875697094915989e-05
1.241036370054194,7.679834925093172e-05
0.9968761638850347,7.997986472403027e-05
0.9908711307441396,8.004835839367409e-05
1.5741267124014984,7.169304916045304e-05
1.7320525064833883,6.901353898754062e-05
1.8713614727492436,6.65507386441862e-05
1.9898136691454829,6.439625485913838e-05
2.087254623067439,6.258360818316489e-05
2.1652610109166,6.11213039917584e-05
2.2264782202133695,5.996462613174171e-05
2.2720961219601925,5.909597081708592e-05
2.2993785784881138,5.856416702261014e-05
1.8242517703405352,6.740905893877079e-05
1.929288392330003,6.55157507994839e-05
2.0051792083234665,6.412300142586658e-05
2.0542495197859814,6.320835470214681e-05
2.084914981742011,6.263443076640204e-05
2.1099423129939345,6.216573086132293e-05
2.139983123629317,6.160619855791929e-05
2.172390283381128,6.0991200601578384e-05
2.1995538448003615,6.0471991126974815e-05
2.2008851074626996,6.0447169585276613e-05
2.186462411716889,6.072711999991125e-05
2.163196034417312,6.117710533104684e-05
2.130445701594107,6.179225205197347e-05
2.076665508351377,6.278937336639065e-05
1.989303964299385,6.440746064816913e-05
1.8707400204429527,6.656399486200599e-05
1.9652691280472314,6.486952625850425e-05
1.998671731939907,6.425090908785278e-05
2.0014849324323074,6.419412658015153e-05
1.9886129008040845,6.442525424585569e-05
1.9804358540534033,6.45686216585136e-05
1.9972373130012038,6.425693248162236e-05
2.0369994078282536,6.352589499401896e-05
2.0786662737888753,6.274716259047015e-05
2.122382148233345,6.193276692101151e-05
2.135047458280634,6.17086678671461e-05
2.140711122212261,6.161954283584545e-05
2.149589916529572,6.146778554037281e-05
2.1524096121352,6.138780011843054e-05
2.094245475294861,6.245466056406326e-05
1.9589290428750685,6.498635991707602e-05
1.9274516042303727,6.555138937205968e-05
1.8777962439717002,6.643809438727873e-05
1.8405211408910414,6.709372097087423e-05
1.8452891492395724,6.700473700722512e-05
1.8929285559045275,6.61571591625597e-05
1.9550004065555582,6.503346979741787e-05
2.038676299322757,6.34935618955873e-05
2.086361386639479,6.262999981954191e-05
2.1197482023617997,6.204206196066804e-05
2.1543318171012382,6.143506419564134e-05
2.1952512357448706,6.069257000196804e-05
1.8310900630057068,6.72830824247576e-05
1.7534068153952527,6.864258353630617e-05
1.6919515389515072,6.969081734923736e-05
1.6839241392276176,6.981969837213758e-05
1.7375072779606573,6.890440158512765e-05
1.8201587333310087,6.746040762723913e-05
1.9409404328828008,6.52892507075719e-05
2.039671681393194,6.348969527995556e-05
2.1166513463805243,6.210796147028404e-05
2.1518072377319375,6.150571014496642e-05
1.6193446878566156,7.093298689809599e-05
1.5388282253830472,7.225108205417701e-05
1.5144057855698116,7.263567735146032e-05
1.5680965076331135,7.176876594638774e-05
1.6685159512995338,7.009606000143774e-05
1.7861852295166163,6.80631601167947e-05
1.9597593335230363,6.493638946652576e-05
2.0986728077130556,6.23530293002096e-05
1.3901260656787362,7.459985884516952e-05
1.3443130563646417,7.528377177891388e-05
1.385859299271359,7.466339828914922e-05
1.4980756579380903,7.292209970597756e-05
1.63796057840919,7.06238564234996e-05
1.816050745306128,6.752848889666621e-05
1.1917380616554176,7.747497553025012e-05
1.2013344174928147,7.735516958962642e-05
1.3162072161949732,7.573174706022588e-05
1.4741362976222125,7.331018597459033e-05
1.045848280249071,7.938991223616213e-05
1.1428120324248725,7.816941979913598e-05
2.0137301020777234,6.396050753178157e-05
2.0626031139319356,6.305628256423541e-05
2.0746408505738225,6.283633718162147e-05
2.074714953115326,6.28373520502043e-05
2.082865788638429,6.26846402673942e-05
2.1009951266144777,6.233701015886584e-05
2.115192901411612,6.206315164443302e-05
2.015606505434239,6.392408553860194e-05
1.997277601483498,6.426458093416168e-05
1.968853704802315,6.478800436591483e-05
1.9634319245531993,6.488454848974154e-05
1.9879878738777719,6.443477024264862e-05
2.021220608516587,6.381214076395536e-05
2.0521925074000458,6.323909427007954e-05
2.066159065078955,6.298490691792173e-05
2.069399851241466,6.293934618950786e-05
2.078013655761628,6.279099967098613e-05
2.099505146685141,6.238008160560862e-05
2.1038047699938995,6.227539289293281e-05
1.885582141984942,6.629584510227946e-05
1.8375865067686112,6.714968389421081e-05
1.8222932016530993,6.742000722717519e-05
1.8552627799597095,6.683382066344717e-05
1.9105180084826197,6.584379716886647e-05
1.9626909261945038,6.48899424777678e-05
2.026457270876744,6.372087422610667e-05
2.0657131893227842,6.300713370219457e-05
2.102919115707428,6.232462081079448e-05
2.1337973280336358,6.17144444071232e-05
1.6878368123063363,6.976363325327862e-05
1.6616763822117184,7.020731702061955e-05
1.6996159985600712,6.956517564046382e-05
1.7765864023212627,6.823301460687388e-05
1.8618591029987006,6.672186297301785e-05
1.9677502008212886,6.480013073459188e-05
2.0552482138707844,6.318322991929642e-05
2.122720632600115,6.190738234450548e-05
1.4959315438715186,7.293925860796062e-05
1.5270802102615366,7.244786906619244e-05
1.6181289366688747,7.096041206931767e-05
1.7327703080091281,6.900671461993598e-05
1.867108766726159,6.662651645585522e-05
1.9882223839117694,6.441296169199766e-05
1.353150373153079,7.517096064730593e-05
1.4439031819789514,7.379804496303529e-05
1.5774625014917945,7.165075501804164e-05
1.7218691143229043,6.920125135410327e-05
1.274272083755234,7.635946787893197e-05
1.4147219310630361,7.426388163861609e-05
1.9871742387945988,6.444332593116803e-05
1.9765659188515536,6.464133924201353e-05
1.981138344873618,6.456330576674718e-05
1.995657875261454,6.429034914993112e-05
2.0043887541577545,6.412282121914312e-05
1.8244697473590443,6.738064841464695e-05
1.8497547281821414,6.693610927826309e-05
1.8944900155019058,6.61359860370268e-05
1.936051614791617,6.538181675394084e-05
1.9724189728797028,6.471196485802129e-05
2.000374825112692,6.419884278554613e-05
2.0128691963849024,6.397146008126001e-05
2.0029815141086833,6.415305576209605e-05
1.689147927544428,6.975009588004146e-05
1.7573746149716094,6.857477451899557e-05
1.83622169265272,6.718486918995238e-05
1.9082880678848166,6.588810449645945e-05
1.9815801956012777,6.454244347519142e-05
2.0211808150061654,6.380419408647584e-05
1.5994653250981632,7.128276308471137e-05
1.703551513556222,6.95232645705015e-05
1.814174838513035,6.758699434423122e-05
1.9167098408252923,6.573528209672949e-05
1.5539453666666996,7.204550461179269e-05
1.6867597901162907,6.981795357511363e-05
1.8982254122557116,6.606978392626e-05
1.9365932668094417,6.5372039017848e-05
1.9521074519296249,6.508545787037824e-05
1.8306494234471637,6.728888609643425e-05
1.897079994820422,6.609169760531613e-05
1.9421975532148996,6.526846965109612e-05
1.9577942649477245,6.498203213480027e-05
1.8027533514023495,6.779243587627953e-05
1.8905028817830616,6.621926794747654e-05
1.938292605517119,6.534603840849192e-05
1.1557491378938323,7.7267800600138e-05
1.2480742027518021,7.573423919579897e-05
1.4846178411037882,7.278249178797931e-05
1.7851563437391087,6.815173457575929e-05
2.086297215366424,6.265717750992238e-05
2.3517260764401744,5.757289146846213e-05
2.563423014373885,5.3493618435842356e-05
2.7151677892590906,5.052812190839311e-05
2.809238988993501,4.868845240850174e-05
2.8544814696943606,4.782004330460284e-05
2.8647311355646976,4.7628795996391934e-05
2.856875470390602,4.779640297504884e-05
2.8475124089617476,4.796967456830914e-05
1.2592620921046238,7.560420723644665e-05
1.4243168572115794,7.338153899621452e-05
1.6804903490487182,6.993339389974054e-05
1.961805663429192,6.503495679654266e-05
2.2244050567838087,6.0052017229036205e-05
2.444534009278583,5.581062896690106e-05
2.612052980714502,5.254299999608005e-05
2.7262324143817276,5.0297885694784254e-05
2.7932030796459175,4.9014430617998835e-05
2.824070556971214,4.842299745117977e-05
2.8330978030616936,4.825380438801343e-05
2.835283353754319,4.822888133665563e-05
2.8424477851373253,4.809156716234368e-05
2.852805975580258,4.7923959563444106e-05
2.8352289386792764,4.821211801369278e-05
2.8148518013292603,4.859782162043726e-05
2.7712372130905742,4.9459903728583154e-05
2.6886076526657443,5.1057028230261156e-05
2.5563382623215887,5.363466485690629e-05
2.369993891949108,5.726539178640381e-05
2.1330875733818186,6.181727245329228e-05
1.8600373232102039,6.690537675545683e-05
1.5817952691357622,7.142066531591216e-05
1.3543782872798806,7.432309054682756e-05
1.4924454880050821,7.253840757016554e-05
1.660547808144056,7.029047661617243e-05
1.8794874307631924,6.656393231588634e-05
2.1058482605758706,6.23433602109042e-05
2.3110969213986543,5.840706270227882e-05
2.4801236344555586,5.511863150810201e-05
2.6077796752671327,5.263499223602025e-05
2.695986771334586,5.092779544107223e-05
2.7514855228359205,4.984772889887957e-05
2.7839530198182074,4.919727375702347e-05
2.8041846418037544,4.882404212695827e-05
2.8218115085258684,4.8490765623402775e-05
2.842122318053351,4.8095569556600335e-05
2.820798434791957,4.857754666027663e-05
2.7636311904024655,4.964098862628847e-05
2.704333138254574,5.0778123775576215e-05
2.6256099197248264,5.2307152186552286e-05
2.5145104381923695,5.448309885833897e-05
2.364612634140053,5.742457657316743e-05
2.177420061822309,6.102953520845083e-05
1.964786678485138,6.502920294769465e-05
1.7526148253843397,6.882221821290778e-05
1.724835074912783,6.927430758524894e-05
1.8516836797262175,6.707885002777291e-05
2.011167958958754,6.41597677561418e-05
2.1767996408400494,6.100756614641939e-05
2.3303560684847233,5.803914762721146e-05
2.461869137032263,5.54854784806639e-05
2.567826163198477,5.34117800573084e-05
2.649134852187203,5.182862314014197e-05
2.709387081190765,5.064230138855223e-05
2.753542286940146,4.980121278344068e-05
2.7868648963753246,4.915929744447595e-05
2.8136598899604452,4.863189469164096e-05
2.8289403114833136,4.848027325494245e-05
2.731116803190845,5.032467358000299e-05
2.633101533882093,5.220256075307789e-05
2.5414156545333286,5.3993208808457134e-05
2.44784992612353,5.582310637738236e-05
2.3427375973107325,5.7876791671895655e-05
2.2224420015185267,6.0181005722266857e-05
2.0918445004290134,6.264876682545253e-05
1.8794704091420287,6.658646878451979e-05
1.9533565906413277,6.524078244317749e-05
2.0582086756573794,6.327929413205377e-05
2.1785539866791583,6.098288290967375e-05
2.3017148871090334,5.8598533281868375e-05
2.4186350150512355,5.6307891824508876e-05
2.523407540102785,5.426647724568446e-05
2.6124875055401313,5.252760858535382e-05
2.6841434854275206,5.114577432094219e-05
2.7382761129677826,5.007928661586281e-05
2.7763623714976013,4.934994646750244e-05
2.7935915020591815,4.916587773700257e-05
2.709195611428028,5.0764904094134915e-05
2.5873818509576134,5.310550860035485e-05
2.4628887615836317,5.553109200013151e-05
2.3690590189964853,5.737150512411628e-05
2.310582919369093,5.850105099336947e-05
2.266103403592174,5.935191733279153e-05
1.9401642644647807,6.547967384495755e-05
1.972381821341337,6.488459102113047e-05
2.04420855697562,6.35365521088623e-05
2.145213964101656,6.161346550046185e-05
2.262839858272801,5.9352142352880674e-05
2.3845547580587643,5.696661037783761e-05
2.4993183842685536,5.4736565941264256e-05
2.5984925036897923,5.280733046475541e-05
2.6764701911280655,5.128409832657428e-05
2.7311484877569163,5.024932024579398e-05
2.6726375172814922,5.14894819590201e-05
2.62521540486034,5.2372372114610385e-05
2.545676684359937,5.3869263143347073e-05
2.427314805210804,5.614821667074052e-05
2.300578692702696,5.864044501459383e-05
2.278688263998829,5.911192476318337e-05
1.9332968018816392,6.560594577368869e-05
1.9478896422193626,6.53295806276757e-05
2.013512764862085,6.410567262372006e-05
2.118556547232443,6.210370838299096e-05
2.246125585994376,5.965179656181965e-05
2.3785798395795807,5.708753137341502e-05
2.5008624736954426,5.4722364980386777e-05
2.602213363231096,5.274520726375436e-05
2.622694778899826,5.2477495416306265e-05
2.517152427754739,5.451665604046217e-05
2.468596102406291,5.5398200740317497e-05
2.4448197751620033,5.579729489257908e-05
2.4109751677529223,5.641083848643012e-05
2.3402197406462277,5.776572569703224e-05
1.906541079778727,6.608974420996562e-05
1.9276452098524464,6.569615649049578e-05
2.005649374307052,6.424716104045788e-05
2.1239277735054345,6.200452974410948e-05
2.261117330689915,5.93743390622615e-05
2.3972672479973833,5.672302184986562e-05
2.517210350604728,5.4391711454648634e-05
2.5007505209253726,5.484525587083862e-05
2.3756699938395376,5.7243459177641176e-05
2.2980534432910846,5.868723316314844e-05
2.2879625042370426,5.880357655384048e-05
2.3553567333259315,5.746670274085174e-05
1.902735325399228,6.61483431399468e-05
1.94181459936548,6.54313521923875e-05
2.0339646636550692,6.371145551172688e-05
2.1590790429973006,6.133655500349273e-05
2.295360347484939,5.872043508485186e-05
2.42462889206724,5.621487293726707e-05
2.394807627718105,5.687990905008634e-05
2.3248555542852603,5.8206923998841956e-05
2.1948755298115596,6.066698666090763e-05
2.136356006349494,6.178856825781945e-05
1.9369774954899552,6.551347480329681e-05
1.9889770473138788,6.455520854087886e-05
2.0843787648654932,6.276362112475312e-05
2.2040994118342296,6.048325983256175e-05
2.329498883834472,5.807209797988442e-05
2.3191498925472502,5.8313951862465796e-05
2.2684402899455374,5.9272396391633355e-05
2.195747164139094,6.064638671440121e-05
1.9944232291988695,6.444956850049148e-05
2.0463268376484485,6.347865522711815e-05
2.132900257563096,6.184987433828467e-05
2.2388492750525737,5.982827128051623e-05
2.2797684740623847,5.904987269748898e-05
2.256999021466975,5.948025469364593e-05
2.0490478922034474,6.342354895194035e-05
2.0900976109989884,6.2652915043814e-05
2.1613379004567137,6.130875146806386e-05
2.2515942310080344,5.958759319361657e-05
2.080962698181056,6.28220303117121e-05
2.106122081880812,6.234949897474863e-05
1.570832700369679,7.155308859822747e-05
1.7904815201208666,6.815388067286002e-05
2.0320278132511675,6.375950531744342e-05
2.256970811253312,5.947659216969475e-05
2.4450478792095414,5.582849342569609e-05
2.5885569189588016,5.3017968412312185e-05
2.6885641126479625,5.1052080080011604e-05
2.752559506758103,4.9803800166906445e-05
2.792557408731936,4.905331595985082e-05
2.819592392055745,4.851910697462214e-05
2.8287338954798704,4.834605421890045e-05
1.7886053730038096,6.81927557164538e-05
1.960260970805069,6.510538574793325e-05
2.1434455441909295,6.167479581779183e-05
2.3129074998622565,5.841338256630075e-05
2.4559088735402392,5.562253010636854e-05
2.5687334211769244,5.341274317716469e-05
2.6537516490158524,5.1749229695204204e-05
2.7167495188300212,5.051679236732854e-05
2.762942388498906,4.9628439043312394e-05
2.792367395236928,4.905554081814948e-05
2.8076605014087614,4.8762623210647386e-05
2.8086448062951592,4.8763870453844814e-05
2.7641613323348055,4.9652426671876e-05
2.6936385356422305,5.1011380928689576e-05
2.6160751842250556,5.251781284879996e-05
2.5241038779928995,5.431572783191753e-05
2.4091845823332716,5.656112848119827e-05
2.268211713207818,5.9299733933691114e-05
2.106150510136747,6.23881002841602e-05
1.938291294080388,6.551478849516873e-05
1.9332365044398996,6.560811191541603e-05
2.0480893815586763,6.347424484488781e-05
2.1782339547364904,6.100831212642322e-05
2.3068346947268736,5.852554264556767e-05
2.424633139912671,5.6228661503107544e-05
2.5275462211584405,5.420216338539161e-05
2.6143946576316517,5.249007179281449e-05
2.6848940251250544,5.111793755134867e-05
2.737742920035183,5.0084235910706765e-05
2.7706017933464775,4.947209824120583e-05
2.778989998917906,4.932868470054717e-05
2.7409684527879485,5.0120092796950836e-05
2.6470773671110863,5.194869837941259e-05
2.540140965087062,5.401981021597331e-05
2.44228320505929,5.593404563129736e-05
2.355598599501399,5.762961017080335e-05
2.2727490853536665,5.921904488874111e-05
2.1888373758903867,6.081591231539506e-05
1.9877438622936716,6.460173700790418e-05
2.0594935892171904,6.325891932367004e-05
2.1587606853646335,6.137657813380323e-05
2.270659096063522,5.922083341853854e-05
2.3846810284075146,5.699380318118866e-05
2.492899356653068,5.486462106471174e-05
2.5889139703412325,5.300205705977088e-05
2.6672028661721288,5.145998612687597e-05
2.7207801591441085,5.0442550285630054e-05
2.7237354229302624,5.045135870726315e-05
2.6826964534595774,5.126081941050414e-05
2.6013469682842882,5.28310581356673e-05
2.486326536024523,5.505144847346694e-05
2.3672820126765792,5.7372025964069835e-05
2.295072165629483,5.878959418229905e-05
2.276442395174321,5.914873950792973e-05
1.9772137303995194,6.480352271806673e-05
2.03161820094878,6.377367902775118e-05
2.124429531745224,6.201468020752761e-05
2.239469501865803,5.979480488547739e-05
2.3626666100452316,5.741472546696553e-05
2.4809317054819213,5.510627986530958e-05
2.583538816124245,5.3117960267106574e-05
2.6594581335849177,5.163575844405484e-05
2.616875876828257,5.257207039683069e-05
2.5611856746627777,5.362548645879256e-05
2.507833196005662,5.461267963709826e-05
2.4383711638256957,5.5926020205113955e-05
2.340751063508246,5.779034489862673e-05
2.239281812032964,5.986028499437398e-05
1.9479828990582673,6.532664100115622e-05
2.006556861468617,6.424108521387203e-05
2.109566861708532,6.229474645429761e-05
2.236663514275423,5.9861397049782424e-05
2.3688808705024846,5.7300241167521415e-05
2.4905647525815886,5.492769892098188e-05
2.585079238621245,5.3114954052231016e-05
2.525537337227296,5.435989748988842e-05
2.406069746618075,5.663761227487919e-05
2.3597927237730305,5.7467244005601576e-05
2.3539658193909223,5.751911612285572e-05
2.353976719912975,5.750108114124684e-05
1.941740020950697,6.544223074000726e-05
2.0146585276636015,6.408701038895513e-05
2.129485040766055,6.192255967159404e-05
2.2622951457054206,5.937486074837075e-05
2.3933844021465496,5.684025356600202e-05
2.4811708310092686,5.522917166834664e-05
2.4069769170613036,5.664496633511198e-05
2.2772465191580955,5.911283494450233e-05
2.204029700377606,6.047172296149758e-05
2.237209670378138,5.973326862854606e-05
1.9731263147425828,6.485789357309061e-05
2.055734231686702,6.330839161585157e-05
2.1717048778440544,6.11122588503467e-05
2.2985075107521764,5.8688208288579734e-05
2.3855872439210843,5.7056168922879066e-05
2.318345795619817,5.833601069001835e-05
2.2212381949092648,6.0170874207746254e-05
2.166190284798325,6.12112238533401e-05
2.0276640170778046,6.382610088830431e-05
2.107732779242934,6.232529936121375e-05
2.2137263378347862,6.032005782981602e-05
2.318250320161005,5.832827022256569e-05
2.2706852213474304,5.922269495337394e-05
2.2476529737015367,5.9659954527871924e-05
2.079968549561428,6.284603007358983e-05
2.1478828572156052,6.156385469796675e-05
2.238639516795326,5.98416390739153e-05
2.2622574387163032,5.9375191959991204e-05
2.1106148572200567,6.226364504511144e-05
2.1626469164411066,6.129025091566782e-05
2.0598705333759586,6.32549193099565e-05
2.1743985927629286,6.109113033743986e-05
2.2901303855478865,5.888244835410308e-05
2.3991524844532406,5.676568919778286e-05
2.4993570827929665,5.479164760033637e-05
2.5914558387120015,5.299571903718367e-05
2.6741016599973673,5.137004141392434e-05
2.7372975185607427,5.013379630941406e-05
2.7672480278645137,4.952971769570607e-05
2.0996640772197632,6.250592919999124e-05
2.1739109292848995,6.110313493057988e-05
2.265305018735648,5.935259651613644e-05
2.3654740332131974,5.740698360046376e-05
2.466660902439149,5.5426284180812746e-05
2.562621483024134,5.355069537894509e-05
2.645943047549978,5.192067437342409e-05
2.7047994240406465,5.074983225973163e-05
2.7228640639407793,5.0396273781149075e-05
2.6938601811821785,5.0978126102387944e-05
2.6244642731064185,5.23571876007959e-05
2.527893786906264,5.4252945942754474e-05
2.4240328265659215,5.62667191297714e-05
2.3312370658975605,5.8091273322588395e-05
2.261698820781545,5.942853107537438e-05
2.2123420049566738,6.037144955530221e-05
2.0802945625468574,6.28680070564592e-05
2.1394201798632055,6.17464083880893e-05
2.2285072865828486,6.0047334668396534e-05
2.332367398627344,5.804359699602977e-05
2.4404522436221265,5.593523620250829e-05
2.5428070698064085,5.39402820760742e-05
2.6272370100460867,5.2261918657693834e-05
2.6674994020705483,5.149820711654112e-05
2.619698020236909,5.246487407751766e-05
2.548335299247661,5.385451057738473e-05
2.4576869430151653,5.561127231818375e-05
2.3562772536857866,5.756450790042586e-05
2.265081665463161,5.933887236251723e-05
2.2399792210358456,5.984759457011047e-05
2.0451620844791227,6.351727392857841e-05
2.108758661766666,6.232798854308038e-05
2.2064703430214694,6.0468184738670126e-05
2.3206536950833945,5.827213817304473e-05
2.4365440443888584,5.6012009791834564e-05
2.540609218028231,5.397332336390749e-05
2.5951623456605377,5.294216416446304e-05
2.508224793560041,5.466137589988301e-05
2.434141407945405,5.607152629299215e-05
2.3651006604913523,5.737409427287445e-05
2.2974427498589467,5.863971707547201e-05
2.2341819306139987,5.980552070500431e-05
2.033265131525247,6.373986908178509e-05
2.1096943177616088,6.230520482207211e-05
2.2173474008605734,6.02611575500606e-05
2.3363639575019177,5.796860389600171e-05
2.450831813348564,5.5731251393118323e-05
2.4970156732561204,5.489226429250056e-05
2.384237084792353,5.707048329791779e-05
2.301038645713583,5.8638302142966134e-05
2.2478192635607273,5.9597757409610676e-05
2.250238074921047,5.949358315817283e-05
2.0580550338415162,6.326947367592125e-05
2.1429812780810846,6.166541832364844e-05
2.2510194827197934,5.961509147032916e-05
2.3640226833716484,5.7440356746310206e-05
2.390980651618495,5.69492537311668e-05
2.3232546067549515,5.8240161332247595e-05
2.208947354161379,6.0408461905755976e-05
2.1569897142001695,6.139271319224597e-05
2.1057820807674346,6.236362704416912e-05
2.1878606595116756,6.080973115224319e-05
2.286242554964235,5.894305245652908e-05
2.311516197589186,5.846096178203617e-05
2.2620225546681896,5.939292994557051e-05
2.2033404082768224,6.050678827869373e-05
2.152556824091362,6.147021151818387e-05
2.2230407344566916,6.014324721903209e-05
2.2696614714999366,5.924075022892248e-05
2.2474430960780816,5.965723698076738e-05
2.180140287180054,6.094001870573905e-05
2.236046454645562,5.989401129308324e-05
2.183188532467061,6.092507120857299e-05
2.222871409512736,6.0164629396629394e-05
2.298444144803134,5.870901029424595e-05
2.3937400768387236,5.6865264372725214e-05
2.494640871420665,5.49073145601236e-05
2.586505209615569,5.3099427199157614e-05
2.649641943709135,5.183083141113561e-05
2.1419084321167454,6.17054943444601e-05
2.188225017697544,6.081725816700479e-05
2.2697652914524142,5.9263730496967907e-05
2.370256986210885,5.732923296086227e-05
2.4745952665495046,5.5296024698932116e-05
2.5629508414464675,5.355526914188513e-05
2.5753637890497916,5.332468132924856e-05
2.502759108828324,5.475968102866458e-05
2.4087770294958477,5.658504309241004e-05
2.311470760444483,5.84513639987902e-05
2.229092551829728,6.002805651348569e-05
2.1951518355251625,6.069350518363789e-05
2.1245118021184073,6.202142023655134e-05
2.182919777063958,6.091760743501891e-05
2.27153220257428,5.9235050325433516e-05
2.3742687555233704,5.726038809307125e-05
2.4740097609786607,5.5306669435642745e-05
2.5034027202773417,5.475334002543074e-05
2.399139715452156,5.676627084965193e-05
2.310546780056165,5.846226305349329e-05
2.228004194624636,6.003017901371682e-05
2.1773870037490797,6.102692852960903e-05
2.142815099630354,6.167186490971457e-05
2.2095514999591583,6.0407405684142536e-05
2.2975095360477167,5.87361241508413e-05
2.3929039849930795,5.6898432653684834e-05
2.403832722033755,5.6702542010048294e-05
2.297413385771946,5.872998712781209e-05
2.2202452383601607,6.0188999864721035e-05
2.1720241538007428,6.111691365006758e-05
2.1835168722977585,6.089485524179068e-05
2.248104531289176,5.967119847292895e-05
2.3267918587877072,5.817190199942583e-05
2.3114184637217323,5.84647871628756e-05
2.236709513237076,5.987722521058942e-05
2.1947377812083135,6.067528525907921e-05
2.224316450452341,6.0117243805316634e-05
2.278631479106683,5.908775529218216e-05
2.2566530202122426,5.94948003764216e-05
2.2379201141708585,5.9852921887022974e-05
2.248485252194744,5.9654623445014854e-05
2.244960143684146,5.970788981644525e-05
2.1752585912725735,6.106610480771355e-05
2.213854845902036,6.0332672031938986e-05
2.29400246297527,5.8799658560295114e-05
2.3915823703033916,5.692433291348633e-05
2.481558946253492,5.5183905952070703e-05
2.1901285076338244,6.077418153531389e-05
2.234935456058265,5.992512445593881e-05
2.3094867205999545,5.8506653633840316e-05
2.395867687174316,5.684625229352063e-05
2.393072872260942,5.690560496865243e-05
2.307285332398942,5.854256938230294e-05
2.2305931044219345,5.9996239058929634e-05
2.1930912389699078,6.072398517992468e-05
2.2262623408570104,6.008672823341929e-05
2.26891177691515,5.9276680838161e-05
2.3320216743022124,5.807508343819951e-05
2.323701868750677,5.823078699489252e-05
2.243182085350066,5.9757377618994685e-05
2.2081939417171226,6.043063225746043e-05
2.2626117335351204,5.939007823714003e-05
2.295884516332265,5.876113290321224e-05
2.2563103659859634,5.950875649491562e-05
2.226538197753674,6.006872978408457e-05
2.2538645396656034,5.954458692589947e-05
2.233944644917794,5.992336722407728e-05
2.2279892786233693,6.005003117644045e-05
2.2593787714296116,5.945761853706751e-05
2.3210541655258505,5.8286380200649607e-05
2.261971683973729,5.9402899639067206e-05
2.2830770745545976,5.900845404518191e-05
2.2645050407381415,5.9354445122438476e-05
2.241183540124024,5.979996356457992e-05
2.253113452475065,5.9568696046143163e-05
2.240246542452911,5.980629273761555e-05
2.2595793114325557,5.944423866222386e-05
1.1557491378938323,7.719128466919474e-05
1.2480742027518021,7.573783757737532e-05
1.4846178411037882,7.277258583460683e-05
1.7851563437391087,6.814946999865367e-05
2.086297215366424,6.267387242554174e-05
2.3517260764401744,5.757318381256882e-05
2.563423014373885,5.346758233830599e-05
2.7151677892590906,5.0526758598458854e-05
2.809238988993501,4.871432528559904e-05
2.8544814696943606,4.78357831421732e-05
2.8647311355646976,4.763999924586938e-05
2.856875470390602,4.778278237054531e-05
2.8475124089617476,4.7980624494468986e-05
1.2592620921046238,7.559297970657234e-05
1.4413388733978265,7.326129165945199e-05
1.7223630867028776,6.922423033676903e-05
2.023035998234118,6.385413626438671e-05
2.2990545660803194,5.8581842004664465e-05
2.5270954752610115,5.416981346712399e-05
2.6967416018493857,5.088694252821715e-05
2.80686160089022,4.874929023986127e-05
2.863969198781689,4.764011606317448e-05
2.881184188426576,4.732315134102731e-05
2.8774836752531967,4.740225020716748e-05
2.8762733019109827,4.7451720731974295e-05
2.8768451058327758,4.74690725451265e-05
2.8582448522533603,4.77781059744086e-05
2.8756759854518115,4.7442273817472484e-05
2.879998014593459,4.732993760445078e-05
2.8542923044951993,4.783026786052595e-05
2.783780067733099,4.9195711106173185e-05
2.6582644412722893,5.1619585498730873e-05
2.4737079809248663,5.5195020517192304e-05
2.233813068343241,5.9795746006038505e-05
1.952387949784429,6.515150780546795e-05
1.657717595579789,7.023043434199584e-05
1.399458142027495,7.394786724292655e-05
1.4924454880050821,7.249912120710883e-05
1.6810390213910824,6.995188999326052e-05
1.9403655795522978,6.544668278815678e-05
2.205826266840018,6.04397353184342e-05
2.441633542539336,5.585307677507061e-05
2.6294309864013994,5.2206918732848365e-05
2.7616152527242424,4.962930291805804e-05
2.8397935072218,4.811223140194535e-05
2.874891119216152,4.745038177125312e-05
2.886356194091102,4.72716394462533e-05
2.8981135220049525,4.708556964955535e-05
2.913850148439799,4.681308391970151e-05
2.883720780810981,4.7399695975464595e-05
2.8630616766060366,4.7679279680075915e-05
2.875075140527552,4.744780001777385e-05
2.8644648916265973,4.762694277194247e-05
2.817667234765512,4.85558028891591e-05
2.72436594547676,5.033228250728549e-05
2.579445958959804,5.313666625748348e-05
2.384516280759722,5.689506327115321e-05
2.1496262516030797,6.138100132173354e-05
1.8957084802814264,6.617276364142481e-05
1.724835074912783,6.927221777870797e-05
1.8750334542159748,6.665937795888018e-05
2.0883968335306258,6.271051214785879e-05
2.313068367312536,5.842252249565433e-05
2.5155433139843,5.4470838152385995e-05
2.6764501949010153,5.130207823883447e-05
2.7864358735360777,4.920014799831867e-05
2.8480474146691486,4.803072611779176e-05
2.8765158349456614,4.75095548403921e-05
2.8921683320775893,4.7212271423635725e-05
2.906073045328712,4.698334447932878e-05
2.8933057217375495,4.7239193082831854e-05
2.8354678573051975,4.822837164497076e-05
2.84939164527625,4.7935572527981114e-05
2.8481018822653223,4.795367285262382e-05
2.821969355215328,4.844419308073247e-05
2.7620093060393933,4.961007850010755e-05
2.6623709205083097,5.1527946984704815e-05
2.5221536840385688,5.4236710756904165e-05
2.346845465969406,5.760382418875714e-05
1.8794704091420287,6.658850943819864e-05
1.9853696175005167,6.464696523357021e-05
2.167855656658048,6.120806640799851e-05
2.370406668251764,5.732930298500631e-05
2.5576736279983594,5.367931008590342e-05
2.7068547350602414,5.077026885413257e-05
2.80239652806037,4.895378874054853e-05
2.8463817372319347,4.812126204449558e-05
2.858612313960619,4.790679332518514e-05
2.856473448187451,4.794921820398075e-05
2.826905991409164,4.8526250755191414e-05
2.8010028352800544,4.888141717283456e-05
2.8145948154341993,4.862669470479521e-05
2.8174133014622593,4.8556030489088814e-05
2.806446247869035,4.8763619181548346e-05
2.7761317766752036,4.930516771921039e-05
2.7205630399707426,5.042398472904703e-05
2.6358870541467914,5.2041776589766925e-05
1.9401642644647807,6.548335204258922e-05
2.0517399216714742,6.335571033962239e-05
2.2290493205725364,6.0015784991724374e-05
2.4133768779146068,5.6475627071473134e-05
2.5882273584096906,5.3099160039477514e-05
2.7262038253793,5.044623316245805e-05
2.7933476559962225,4.917099664125912e-05
2.799402541876562,4.904359280090955e-05
2.7775593917400894,4.947130742926328e-05
2.7429928081711115,5.0141694479127634e-05
2.7641038312454156,4.959746674281327e-05
2.780042140415698,4.92942391854548e-05
2.78499003045556,4.9182133105668805e-05
2.783321816088553,4.922694528950633e-05
2.7751875963415085,4.933353391904865e-05
2.756364532207962,4.9722724104108626e-05
2.0482425363604135,6.331768982833298e-05
2.132132150342944,6.177423377438507e-05
2.250046543087882,5.958764058592266e-05
2.407435046156543,5.658977970101521e-05
2.5788451458665334,5.330871390058803e-05
2.706599808630144,5.08511351482406e-05
2.7185269596429222,5.061133694318866e-05
2.6786538271867255,5.138602786766123e-05
2.6768674561899672,5.126698067636346e-05
2.724252475960083,5.0339430656959076e-05
2.7487409165324435,4.9913696446844024e-05
2.758542139477378,4.9712008315530604e-05
2.763046253014768,4.961330615727293e-05
2.7686410187715302,4.949977467834407e-05
2.074662427209457,6.2807348058272e-05
2.073684431225004,6.28881849523875e-05
2.1870075205800776,6.0817920971637146e-05
2.364650783579912,5.745038187951626e-05
2.550427028101334,5.387357148582223e-05
2.622226911113619,5.248846180125487e-05
2.5708371184823173,5.349203091641972e-05
2.611682889767583,5.255538372994049e-05
2.677421603462374,5.127827857461433e-05
2.716847200176344,5.05118324766584e-05
2.7373048890261575,5.012592279766613e-05
2.749317027186997,4.988147804093382e-05
1.902735325399228,6.615210350364221e-05
1.995221201844093,6.443166664210279e-05
2.1561654348344024,6.142595436124108e-05
2.3519955066602356,5.7703419653831826e-05
2.5113382525849794,5.464016937818765e-05
2.4677712389418827,5.548078592354622e-05
2.534489097719817,5.4064002408591856e-05
2.6186924777149057,5.2434128249054835e-05
2.6767938358879415,5.130937483130806e-05
2.7134647263257454,5.06068590985966e-05
1.9369774954899552,6.551621105061885e-05
2.019679180160346,6.398342282718415e-05
2.1778511361687727,6.101627972706169e-05
2.3633074537897887,5.748807535455688e-05
2.3824956496022276,5.711224709603691e-05
2.4460121990097354,5.5805657301545026e-05
2.5444455938187804,5.3875446385492265e-05
2.6210114209399844,5.238297684834178e-05
1.9944232291988695,6.4450848797857e-05
2.0700995202445394,6.303823599671586e-05
2.2129060628073867,6.035130483791377e-05
2.3224836458866696,5.825270479794373e-05
2.34958854279388,5.7688167465696686e-05
2.4538065035870713,5.564389863051853e-05
2.0490478922034474,6.342378199554687e-05
2.1113131765892126,6.225939019420984e-05
2.2375248751513817,5.987536320411205e-05
2.2742156217598857,5.91470253092973e-05
2.080962698181056,6.281806974218676e-05
2.1268943022784605,6.196255560810323e-05
1.6357283125576685,7.062576491435056e-05
1.8979073220033493,6.616502101167585e-05
2.167379576476777,6.109562191653594e-05
2.4095042848252075,5.6445586701683004e-05
2.6052034803582376,5.265880544894976e-05
2.746205888641129,4.9931180233686245e-05
2.832776338724538,4.825877200044596e-05
2.8727138732284567,4.748072943513361e-05
2.8807471171218566,4.734132972228037e-05
2.880575874360837,4.739574610760897e-05
2.9018941426358382,4.7013456888430415e-05
1.8559709000902609,6.696621490369717e-05
2.0809702850971936,6.281640695079192e-05
2.308579360762344,5.846397682120349e-05
2.5106818021067028,5.451291663350106e-05
2.670700195778959,5.139082029334196e-05
2.7812116475431736,4.924249416208471e-05
2.8443510745383773,4.80549343744175e-05
2.8726387632361634,4.75386917164894e-05
2.887229899024446,4.729869816513635e-05
2.9089093678512445,4.6890673668567165e-05
2.918287227506708,4.673887384673567e-05
2.8868612261480706,4.7318659496732476e-05
2.8679911842499712,4.760513281421609e-05
2.8631475391062846,4.767663228504047e-05
2.8385421833127285,4.813510390793693e-05
2.7783768624573915,4.932095225352574e-05
2.6741399431273787,5.131773635679044e-05
2.5240814976248016,5.421681271673837e-05
2.3337191652210003,5.7879232042190034e-05
2.1168606255813938,6.206252303409001e-05
2.005099466922329,6.427209687628564e-05
2.186956786758868,6.0829388797051665e-05
2.380740436368679,5.709944104905921e-05
2.5585266666623436,5.363558058870765e-05
2.700783362319347,5.082202946066105e-05
2.7964484892595256,4.9041425774200775e-05
2.8477744273361085,4.8081264923260456e-05
2.8706447666583954,4.765686882458097e-05
2.8832291448255725,4.740451063710607e-05
2.890800056341686,4.728061155112927e-05
2.873970640236582,4.76114853571549e-05
2.8497232812058186,4.800939288423795e-05
2.8401159105731204,4.8156456032781766e-05
2.8250350486587457,4.8422701912886245e-05
2.7887809579605594,4.909204808767714e-05
2.722532808391524,5.036494962174564e-05
2.6225140616450435,5.231339179524193e-05
2.490382574284429,5.485988021718941e-05
2.081473919773762,6.283389078160245e-05
2.243937175287423,5.9745876677846675e-05
2.423804147969039,5.628336194439929e-05
2.5921790658297517,5.30081232592178e-05
2.7254612163725804,5.0440750249307394e-05
2.803510962802888,4.895337134739263e-05
2.8298307626997703,4.846189091164485e-05
2.827872919758875,4.849150873592142e-05
2.8159266287726403,4.872901510199045e-05
2.8003418775337887,4.900146815180884e-05
2.812639558761129,4.8713330621856396e-05
2.8119747972117235,4.871294683690108e-05
2.8027588267812744,4.886417179784147e-05
2.784514149217968,4.9188866352860956e-05
2.751652226497964,4.981201494204189e-05
2.698644122532062,5.082435280515144e-05
2.1491598607747444,6.15000611403367e-05
2.289473194999124,5.884973498354667e-05
2.4472922456113864,5.580959517425532e-05
2.6053364240737515,5.278886825806207e-05
2.727039966562976,5.042965310545478e-05
2.765427680470505,4.96937790639719e-05
2.748047901797541,5.004004600530047e-05
2.7133097714816015,5.070897915773382e-05
2.7269942747703637,5.0336894295905586e-05
2.760818890727043,4.969042089743287e-05
2.776981387141713,4.9359313662732546e-05
2.77968384921626,4.9312458685231966e-05
2.7751723429317625,4.940360458166691e-05
2.766986509236674,4.9521407366041774e-05
2.1690165423622565,6.109789293566675e-05
2.2669733079054777,5.9276836836368436e-05
2.4185515175934413,5.6405538678032444e-05
2.5833080525976078,5.3221376534499324e-05
2.677862524725167,5.140786906482678e-05
2.6515740831267216,5.189695635894741e-05
2.599967666293927,5.2891849578925486e-05
2.6666983656926697,5.150286617519917e-05
2.7143736474733475,5.056510280267833e-05
2.7415955646440158,5.0044771216810856e-05
2.7565819824236093,4.9757643733140366e-05
2.7663925079749667,4.9578605655471486e-05
2.087916583489846,6.267383346387573e-05
2.2163713051861405,6.027373032500397e-05
2.3913379321840442,5.693858520737314e-05
2.5549892220521073,5.3790501755925374e-05
2.5494622467518053,5.389795783247364e-05
2.5086585958222285,5.458952547909433e-05
2.600002158353194,5.2796778625374504e-05
2.6651903980716654,5.1536921922565594e-05
2.7071126249553794,5.0709600806499364e-05
2.7342179102006505,5.018378324688965e-05
2.0663290743891656,6.311633619088054e-05
2.2163813287644563,6.027833150728353e-05
2.3938404033402003,5.6887992625131436e-05
2.4537434718634095,5.575255857756523e-05
2.4194219200617164,5.6334616031915644e-05
2.523023274816634,5.431869901652578e-05
2.6048354759326227,5.269620629846886e-05
2.6644049556951113,5.155713572586889e-05
2.101457142273427,6.24510243256456e-05
2.2454077574122957,5.972032938635514e-05
2.3716004799305996,5.7324855451589274e-05
2.327869200879188,5.812715544799213e-05
2.434713246881286,5.6042610185395534e-05
2.5282433436824245,5.420239163634728e-05
2.144814297391662,6.162844870977343e-05
2.2731334445412332,5.9200772845825465e-05
2.284744792358181,5.895483349811923e-05
2.33777393660756,5.793979267715753e-05
2.172332304826909,6.110578415433151e-05
2.280202540521778,5.90361960105624e-05
2.258689414075301,5.939635572622532e-05
2.4348212351017233,5.599083624531183e-05
2.5896358287264722,5.296105375445641e-05
2.7108373137646136,5.062227019671456e-05
2.7929446358915775,4.905267766128016e-05
2.839242482569377,4.817080160585062e-05
2.8627171061542422,4.774534725306319e-05
2.882879935007187,4.741180196912851e-05
2.906477352996846,4.696921602846245e-05
2.329274263688638,5.8089476948347155e-05
2.480316775345198,5.5153091442171637e-05
2.619288455681005,5.242690583751756e-05
2.7298499871396134,5.0304867489639596e-05
2.801768181161944,4.896746438010565e-05
2.8378752079180654,4.828820241187333e-05
2.8525739897436573,4.802339924195618e-05
2.859589616029521,4.788558146437749e-05
2.8558242122027444,4.796955867258641e-05
2.857316471230866,4.7932159490358774e-05
2.845008260312491,4.814411500525135e-05
2.825826215838603,4.843916094007163e-05
2.794053952211126,4.904457045598751e-05
2.740447876067688,5.006090021534989e-05
2.6605232462105715,5.15919763030856e-05
2.5562984640365194,5.3597390819177214e-05
2.3704963536537456,5.730355504207559e-05
2.5105138856839937,5.457179990449071e-05
2.6422912835356684,5.2022959203327556e-05
2.7428284536360286,5.01143262360296e-05
2.790993281697712,4.920313873050998e-05
2.795666968460769,4.913080498819046e-05
2.780416940757383,4.9408856709813075e-05
2.7719319005439287,4.958284073917034e-05
2.787431403620612,4.923916588339254e-05
2.806539051116352,4.885960439916302e-05
2.8050236063961207,4.889574657958281e-05
2.788593072367141,4.916872915110545e-05
2.7600440369288526,4.969714561704785e-05
2.717765891845903,5.0498357474388744e-05
2.389401110428032,5.691409589804236e-05
2.5132254864353727,5.453559906219547e-05
2.6394268574332846,5.210856126368096e-05
2.7193054564977595,5.059253221927182e-05
2.716920285717761,5.063326869285947e-05
2.6793636232188276,5.1362221688299635e-05
2.65713116099296,5.1780328995321704e-05
2.7063928451336965,5.0761873626783326e-05
2.7484378982531923,4.994963090508454e-05
2.7713214522104033,4.9548261274249774e-05
2.777677395581096,4.940798138550806e-05
2.772403312710719,4.94778414313489e-05
2.3549041205410197,5.760006651302412e-05
2.4868152212772867,5.506530417939883e-05
2.613227724039606,5.263832346354328e-05
2.624593285694838,5.2426079910332145e-05
2.5692842293786247,5.350600006092281e-05
2.5541564581363234,5.3746376137089516e-05
2.632978465730798,5.217177589142736e-05
2.689562193986234,5.107685538239432e-05
2.7294817789956713,5.027287276467138e-05
2.7581435009083166,4.979558261986154e-05
2.331626245888353,5.806293081347061e-05
2.4752466527174923,5.529189479368632e-05
2.52881262658992,5.428765623741722e-05
2.4644622055482244,5.554624215458184e-05
2.468982326889791,5.54064278607472e-05
2.558378657339916,5.363014376550754e-05
2.6294508489382977,5.225736473170026e-05
2.6839521095661993,5.118007634590182e-05
2.3424331784679815,5.786214660688328e-05
2.4381912439371787,5.603975601302953e-05
2.3777527702276613,5.720253216385255e-05
2.38685155964816,5.7006488829877444e-05
2.4798040465551816,5.5179390495803805e-05
2.561270825740431,5.359478664548859e-05
2.353110835853534,5.767271125615963e-05
2.3175223295358087,5.8341522988856584e-05
2.3075408827164163,5.8533883967159226e-05
2.3952886544350074,5.684060575168867e-05
2.285978362533351,5.893400964837498e-05
2.263663297300469,5.9346719697373824e-05
2.585150751711825,5.308739106847127e-05
2.6800429235722842,5.1250169117429776e-05
2.7530010105279867,4.9891646610464446e-05
2.796996550446908,4.902918557902148e-05
2.814999753355908,4.869231743568015e-05
2.814833913905206,4.874147029531933e-05
2.803336361872569,4.897899145649017e-05
2.60562225043605,5.272462269267174e-05
2.69212748041533,5.107501723082522e-05
2.748491729229594,5.002255328846815e-05
2.760893189029127,4.976547107424676e-05
2.7430810850518466,5.0135137250556495e-05
2.71253931354294,5.0727291626851706e-05
2.705733778148155,5.083835548213136e-05
2.7472198695582155,5.002996812919239e-05
2.7738393932270275,4.951112075715392e-05
2.7798340755670443,4.9402971356456125e-05
2.765502556505032,4.964783511996252e-05
2.731065321341403,5.0292849215146824e-05
2.5990144539172118,5.287191806000524e-05
2.67543850422356,5.1423625912184365e-05
2.6879560245822427,5.1206426488752474e-05
2.6502821365099756,5.194295636958205e-05
2.5974954823234415,5.2951216918994663e-05
2.5945194090284787,5.2994428520827764e-05
2.6620804261315296,5.164671561498546e-05
2.7146587449060067,5.063579557229893e-05
2.7484902697787663,4.998286251845187e-05
2.764730355819743,4.967506114993153e-05
2.578020621402154,5.329844674250224e-05
2.6041030289690195,5.282507832895906e-05
2.549223686224506,5.390633100015316e-05
2.4795697195493687,5.5256720287627e-05
2.4911945541561944,5.4982881734732445e-05
2.576754359210124,5.33005642590585e-05
2.646036317121278,5.195589191630462e-05
2.7034290665580873,5.0846480122831264e-05
2.5181267345276117,5.44927733226253e-05
2.453470382671206,5.575811008209694e-05
2.3781469365428216,5.719702130212748e-05
2.4107980744561948,5.6560695003855994e-05
2.4959123889089154,5.489850980369137e-05
2.5728809321488226,5.3385516669286054e-05
2.3741510365697125,5.727115473213096e-05
2.3061607276555605,5.855917585023467e-05
2.3445430621260126,5.783495267194602e-05
2.4170871807085357,5.643565784953094e-05
2.2686639472039656,5.926612375486469e-05
2.2899548265048097,5.886929109946409e-05
2.728107385343755,5.039162131882782e-05
2.735280758051464,5.02706579664471e-05
2.7134745891575687,5.069498480084279e-05
2.671959569745052,5.149884626767031e-05
2.6201055253278507,5.249515985702276e-05
2.6748556278923754,5.1455257111268224e-05
2.6319719650960365,5.228554299610523e-05
2.5713812103454194,5.346233545192613e-05
2.506789844635377,5.4709471301441675e-05
2.5150319141380586,5.4542044017274086e-05
2.5871916719414645,5.311905435734452e-05
2.6511772430085174,5.1884083513204774e-05
2.7016762883951686,5.092024489541172e-05
2.541235858785667,5.405349439963228e-05
2.4654270553343784,5.5520172615491146e-05
2.3923628693274135,5.6927532937039286e-05
2.41506878886109,5.64817723915513e-05
2.4991019033065096,5.485308451980378e-05
2.577955840565667,5.3291209883136345e-05
2.372879259658904,5.729618406452403e-05
2.3033822022506114,5.861135115871647e-05
2.347797901669999,5.7777560529092894e-05
2.418463566980339,5.641398688872721e-05
2.2840402882279367,5.8984345755678215e-05
2.3059137414655737,5.856898491910033e-05
2.5622458646260418,5.3644833505629584e-05
2.487428599653315,5.507848145442142e-05
2.4155293450692117,5.6470951148224506e-05
2.3848986918907857,5.7063754398802846e-05
2.3185460395945667,5.832495523037432e-05
2.3396940789255356,5.7934518602570086e-05
2.406827392583818,5.664022503259556e-05
2.281605617077538,5.9029007514626284e-05
2.292647802944748,5.881850664242188e-05
2.271205651645143,5.9225224451274735e-05
1.1557491378938323,7.715966220630609e-05
3.2892952506723336,3.987686013625954e-05
3.3090480709270826,3.9534732432810255e-05
3.3419805167939205,3.896821357771015e-05
3.385794943162251,3.822017640861497e-05
3.43433110198786,3.7400602896411845e-05
3.4774176841535422,3.668082336745047e-05
3.502505530889477,3.6264828980351714e-05
3.497455511122633,3.634942226669636e-05
3.453641694317734,3.7078888029919374e-05
3.369091170335422,3.8506705181921896e-05
3.2533616327760075,4.050692465947081e-05
3.145161120334784,4.244814977255029e-05
3.3013582802177766,3.966764071415015e-05
3.3170779343694914,3.939531201964126e-05
3.3387368976734217,3.902333241230824e-05
3.3701339201000224,3.848581586401826e-05
3.408486468722875,3.783539030858477e-05
3.446440670030212,3.719690280124182e-05
3.4733201923971584,3.6748510104133454e-05
3.477419600379057,3.668118790168707e-05
3.4488842188433373,3.715856517966967e-05
3.3828209516139442,3.827363214762979e-05
3.283176366997827,3.998269522636072e-05
3.1724530545395657,4.195054152670731e-05
3.1258856566839492,4.2796693436010695e-05
3.2043759806023715,4.13773438737758e-05
3.3168286961370597,3.9401683669713416e-05
3.4082667378168927,3.784247059553121e-05
3.463493108365521,3.691357162799335e-05
3.4815934308038945,3.661155243340895e-05
3.469211781020129,3.681689489060081e-05
3.437075079629312,3.7354993012235416e-05
3.39685231877723,3.803258923578233e-05
3.3582661895852475,3.8688920949630195e-05
3.3270343429332363,3.922480151034624e-05
3.3040893869989807,3.9620265915923006e-05
3.339026440303642,3.9016871776469366e-05
3.3505503340709106,3.8818728736508895e-05
3.358329154463833,3.8686313897207274e-05
3.3693399486100675,3.849873296315336e-05
3.3839187228339207,3.825085129218966e-05
3.3973270270428917,3.802509865516515e-05
3.4018125974378624,3.795081197912716e-05
3.3885458138042885,3.8175046583889476e-05
3.349870712224469,3.8835783819031385e-05
3.282897440002311,3.998876656955096e-05
3.19538540381078,4.153422679504353e-05
3.123391945415861,4.283868776679291e-05
3.146763627583535,4.241348083747795e-05
3.2351792070771412,4.0818998157026665e-05
3.3216444509685186,3.9319401462803066e-05
3.383246221579633,3.8265715224719396e-05
3.4154142335224043,3.77206811951136e-05
3.4220776387783594,3.760709124041758e-05
3.41129137883429,3.7788216185103874e-05
3.3918078535179,3.8117798689202524e-05
3.3701927835557246,3.848384908186247e-05
3.3489357978915613,3.8848750331340474e-05
3.3537027637752144,3.876348105697198e-05
3.340383557686486,3.899171701244025e-05
3.3193918164673804,3.935317130055686e-05
3.2998273624539776,3.9692205420141555e-05
3.286018181957446,3.993223633298026e-05
3.2781706766572825,4.006899880209912e-05
3.2733558433329444,4.015462725769399e-05
3.2644136289539096,4.0311443139173645e-05
3.240673031994347,4.072519946723681e-05
3.195241634376037,4.152957526193411e-05
3.135713003321242,4.260542391490278e-05
3.1071220464709435,4.312585257207188e-05
3.1424365723287844,4.248412217362754e-05
3.2086582416983886,4.129255361038974e-05
3.2700049808371427,4.021044028762368e-05
3.3151596748544923,3.942941261901908e-05
3.3438890423926,3.893670858404993e-05
3.3604491731086408,3.865156970101667e-05
3.369455420295929,3.849757754404115e-05
3.373113668282621,3.8434832373248505e-05
3.3047712195075816,3.960509235796942e-05
3.254443106529811,4.047820638160468e-05
3.200947098761917,4.142543952732042e-05
3.1555581636824237,4.224314277491452e-05
3.125891652050655,4.278628614619156e-05
3.1165871182605733,4.295760956150041e-05
3.1284234284064825,4.273676676146977e-05
3.1491869271132495,4.234934115731653e-05
3.1559822543099836,4.2230752630737735e-05
3.1364053623377792,4.2589338894958965e-05
3.1094079141157493,4.3090656685371055e-05
3.086132773745005,4.351495391537096e-05
3.102502795473072,4.3210773010763243e-05
3.1468724895646094,4.240875684128996e-05
3.1980690553626023,4.148491319899961e-05
3.2474548819505,4.0603841173661234e-05
3.2932934138287338,3.98075173731669e-05
3.3348766900216944,3.908996712183905e-05
3.175750321608281,4.186753617568471e-05
3.093938247816247,4.335582640623764e-05
3.0234625991840143,4.470610733112339e-05
2.9754193623157543,4.56136337827578e-05
2.954024534146928,4.603561876442534e-05
2.9628825587441656,4.585345844382523e-05
3.010577324272977,4.492204512412063e-05
3.0700735020433254,4.3797835882610654e-05
3.102724394858086,4.320389569876426e-05
3.0993102634977574,4.327138775717832e-05
3.0865783932617177,4.351659979506845e-05
3.0565843455317143,4.407287214283195e-05
3.054903274628405,4.409291436420817e-05
3.0898197030439913,4.34411967648053e-05
3.148836090731346,4.2366203390241146e-05
3.219712835284962,4.109163144623062e-05
2.9911039912391426,4.5305145552839544e-05
2.90888300860957,4.6923620602955125e-05
2.857794838468669,4.7919447131708124e-05
2.8336468271364827,4.8383389978952926e-05
2.8250335907994675,4.8543706798156704e-05
2.8460389111183177,4.810942092934055e-05
2.939013388463826,4.628511599825178e-05
3.026005513202759,4.4624207521251795e-05
3.0711770633201314,4.378382076517779e-05
3.0903364775526616,4.343736413227902e-05
3.0635313457976663,4.3954350746582955e-05
3.0299973451755227,4.4575352565066015e-05
3.024446138535136,4.46622156496354e-05
3.0673444754172277,4.384637149417514e-05
2.8285811306077444,4.84984676274772e-05
2.7839200397309,4.934280869810848e-05
2.7592116724919764,4.985531243006497e-05
2.7371322600255836,5.0270153686562884e-05
2.7134311319003577,5.070799581899229e-05
2.773507813001689,4.9514235196312906e-05
2.906962818545111,4.690802371451486e-05
3.0035008960242036,4.504379933606054e-05
3.065213511686984,4.387904557161902e-05
3.0715882480733567,4.378520251448226e-05
3.047637108222676,4.425408777438282e-05
3.0191787258484237,4.478402795356391e-05
2.739758265657018,5.023177956023071e-05
2.7051272195614393,5.090812979164943e-05
2.6663319862390242,5.163214060936488e-05
2.6185371440819973,5.2547146643818464e-05
2.5994997459865883,5.292260888456228e-05
2.7530748616046807,4.992357204620033e-05
2.895119991004282,4.7145679747847816e-05
2.992588343449692,4.524595682537523e-05
3.0527436725577015,4.411446201234172e-05
3.0638747910240123,4.3927027242866195e-05
2.654274444356019,5.188589213270572e-05
2.5984333187411046,5.2958865819721376e-05
2.5353300979039055,5.4186453931502154e-05
2.472755892182049,5.5385389750038435e-05
2.577761165422376,5.334907048506877e-05
2.751031213459316,4.995063454267281e-05
2.8914943459076823,4.719350890898122e-05
2.995249266084091,4.5183378722135376e-05
2.5297527771204553,5.428894066826111e-05
2.460195312453512,5.562842863003432e-05
2.3930304717925526,5.690334509375882e-05
2.4006937520629883,5.675948868982462e-05
2.5817757867914413,5.326775026404431e-05
2.751633390510449,4.994138963399701e-05
2.3939703390272897,5.6896999084957145e-05
2.338370088052547,5.7944071958461474e-05
2.2970604214884536,5.872004434592531e-05
2.403764013253273,5.67075627421588e-05
2.304195343953461,5.858093755283919e-05
2.2893790962305705,5.885939933992266e-05
3.3359427973657425,3.907088245100443e-05
3.3540983784003573,3.8759267466841047e-05
3.3755472985596917,3.839288396420719e-05
3.400042028935404,3.797883983794431e-05
3.42235644004147,3.760215193338549e-05
3.4338507930597513,3.740937117742979e-05
3.424800993122286,3.75621528615285e-05
3.3871901542807237,3.8198169263585254e-05
3.3180686229606566,3.938142320308974e-05
3.2243831463716757,4.1016614724059336e-05
3.13660213673477,4.259673288062789e-05
3.353767277231397,3.876354288489565e-05
3.3492088345626327,3.884193164796866e-05
3.3440541624629585,3.893168119376644e-05
3.3411569424845506,3.898158154303015e-05
3.338850970387334,3.902197642209832e-05
3.332317574029742,3.9135125278184274e-05
3.3145897234962365,3.944079050267394e-05
3.2783295562623227,4.0068205106090996e-05
3.220446784671228,4.107986091740712e-05
3.1502145444258605,4.2346764514079855e-05
3.111222955283955,4.305723532862736e-05
3.15095337827733,4.2328853235334266e-05
3.2241774704387183,4.1012107716906256e-05
3.28894332407907,3.9882678901249754e-05
3.3333958503607395,3.911654851260922e-05
3.3577608885564247,3.8699003877198716e-05
3.367420046616056,3.8533382648051515e-05
3.3688503498079307,3.8508319369265617e-05
3.3668577728922546,3.854173464859636e-05
3.362763169798088,3.861165309474239e-05
3.310497977233298,3.950694041767946e-05
3.272789568453874,4.0159854568337595e-05
3.2372001836008626,4.078015800543134e-05
3.2103383369818963,4.1258503659631705e-05
3.1953981314315785,4.152528470549957e-05
3.191765722249898,4.1588842383322265e-05
3.1913076647743828,4.159236595110424e-05
3.1795955400474694,4.1803827033030526e-05
3.147936617021166,4.238329588633171e-05
3.1058355302208556,4.3151024510118314e-05
3.09500985237203,4.334997198866612e-05
3.1238111022401855,4.282133778207964e-05
3.1723306023179005,4.1945473958683646e-05
3.218830134914234,4.1114939936475915e-05
3.2579095775847255,4.042131524992156e-05
3.2910131977759574,3.984673193407808e-05
3.320549076621985,3.933610613961174e-05
3.3468053896120686,3.888436782202066e-05
3.1872385980908353,4.166567300723417e-05
3.121467176463689,4.286406617289395e-05
3.0691666069381487,4.382601278380392e-05
3.038432974145344,4.442274663618656e-05
3.034470324822946,4.447686843303219e-05
3.0589719561569906,4.401736021594596e-05
3.094421265561488,4.3355837602480567e-05
3.1124055847364898,4.3023491437167156e-05
3.102334810613738,4.3216840796719995e-05
3.087354160609281,4.3489904908695634e-05
3.0658870760962915,4.3884297109954744e-05
3.0728863444371037,4.376270361617649e-05
3.1056017554826956,4.315769320834894e-05
3.151914373330763,4.231316392210076e-05
3.20577673986216,4.134206398643364e-05
3.2636755892856066,4.0320285625857906e-05
3.0064975655603523,4.5017635834885495e-05
2.939545932044257,4.6314141156582344e-05
2.9002096435350544,4.707359065333281e-05
2.8861619184267173,4.735142195317415e-05
2.9020034979972364,4.701635734319998e-05
2.966393421295807,4.576821752873564e-05
3.0356896044757753,4.444895285449542e-05
3.0722243410428627,4.3763417674007604e-05
3.087478374676167,4.3482506885536137e-05
3.0627892031149293,4.395630591801623e-05
3.033654596852271,4.450427367100302e-05
3.029154643625093,4.457633294016333e-05
3.0620280668812847,4.396232133208959e-05
3.1251039353499643,4.279429287399391e-05
2.842673700804396,4.820329162833175e-05
2.807028380946635,4.892227560338127e-05
2.787586481014062,4.9297411071464234e-05
2.773947628137627,4.9535903696261e-05
2.808763185741831,4.882778736193136e-05
2.9186844623291712,4.6681781005112046e-05
3.0048241850238933,4.50221448522935e-05
3.0478646409039682,4.4222253490668585e-05
3.065543750236152,4.389762255336321e-05
3.040934574723962,4.4369262882414345e-05
3.0123321061966295,4.490177886673338e-05
3.0123155493078997,4.488936547071772e-05
2.7491808383021934,5.006472248811113e-05
2.7198787692084134,5.063004597863748e-05
2.684934894522891,5.125700036422601e-05
2.6578829373244015,5.178445776174446e-05
2.7694474027554965,4.9582335890197825e-05
2.8995612940433815,4.704724308427191e-05
2.989047900360327,4.5316291298372276e-05
3.0444987414491433,4.4278298743314183e-05
3.050812348013424,4.417497879754702e-05
3.0318926004350475,4.453731214181958e-05
2.6599845178690513,5.176943566729304e-05
2.6068255588903404,5.280446565740374e-05
2.548322455443754,5.392458379644102e-05
2.6022451273746383,5.285702399902747e-05
2.7621538951220934,4.973217629781738e-05
2.892804214962571,4.7159312285424266e-05
2.988408057700362,4.533013816324715e-05
3.037548015365974,4.4407946430741236e-05
2.532089782840026,5.424489048429262e-05
2.462601356404297,5.557773852033077e-05
2.4388558574724866,5.6026617582185135e-05
2.6034869799730465,5.283030458303257e-05
2.7623679935346392,4.9720651328816854e-05
2.8911430065961587,4.720339225418831e-05
2.392818606323858,5.6913906190961756e-05
2.3359473025932984,5.798726115626931e-05
2.439210970347711,5.601023299166526e-05
2.606381336754028,5.275950959743987e-05
2.2999278858587013,5.866412468319578e-05
2.2888588585103387,5.8901917251720864e-05
3.3282230632454426,3.920232580192833e-05
3.3025811376737266,3.964503990362162e-05
3.278010751404266,4.0071827029750825e-05
3.2568100874913637,4.0440994456747024e-05
3.2377004394179894,4.07751869922178e-05
3.2156268456563155,4.116949719408484e-05
3.1838037320245203,4.173254262361506e-05
3.140599203313612,4.25136868412561e-05
3.101047235983278,4.323468913113375e-05
3.2181561200964373,4.1116862126992264e-05
3.166558502940447,4.204018223875047e-05
3.127158563594853,4.275843394328955e-05
3.1058363880659985,4.314854441666648e-05
3.10280546042835,4.320453839554761e-05
3.1076608209673973,4.3115109179451216e-05
3.1044565608643255,4.3175240659113005e-05
3.0874379700107637,4.348770032456977e-05
3.0746311393880776,4.372834082801325e-05
3.072134287992962,4.376395496773548e-05
3.0886868604407556,4.346875053121789e-05
3.111112353739353,4.305449141431038e-05
3.1354167698172146,4.261088968076536e-05
3.165917805618437,4.2056427215021624e-05
3.2059209708462384,4.133452578765412e-05
3.2535701480331505,4.0496117967243504e-05
3.0479730349695107,4.422959818966062e-05
2.992940687028906,4.5270401684832076e-05
2.9636975434612562,4.584261307007677e-05
2.9646029727494074,4.5812156998239876e-05
2.9963402604865905,4.521481680882662e-05
3.0353501508554017,4.446679093580868e-05
3.0555097297644087,4.4087192700928876e-05
3.0520548754287904,4.414418771495644e-05
3.046311156560789,4.424603973787763e-05
3.0302555358735033,4.45680559618722e-05
3.0295519739405217,4.456444067115269e-05
3.046952181741981,4.423654061423052e-05
3.0828650044534425,4.357789145627895e-05
3.137465426568638,4.257109252269764e-05
2.881661899946013,4.744782512142593e-05
2.8498435275399725,4.804553655903058e-05
2.8377670191623996,4.828454786535787e-05
2.8615783891420565,4.779702821582607e-05
2.933259432749884,4.6418749065745793e-05
2.995234089068718,4.5214716681008204e-05
3.0252425244055763,4.464746128532361e-05
3.0380318750408635,4.4406702352480545e-05
3.01727812775746,4.4800152367551984e-05
2.99545426720009,4.521935586469771e-05
2.993219607658224,4.525312834332918e-05
3.0223862963743113,4.4700752124524325e-05
2.7753939041195905,4.953359589423904e-05
2.7484260921395136,5.004403062421979e-05
2.731507487195851,5.033599212684115e-05
2.804909633949823,4.8891445110358765e-05
2.904984193151747,4.695420497536568e-05
2.9737851975572727,4.562345629818192e-05
3.016565509908216,4.4810713944897504e-05
3.0163970921474363,4.482814569800195e-05
2.9978927930832104,4.5177551096815404e-05
2.98195624257505,4.548360692199122e-05
2.676447594309245,5.1442697010674526e-05
2.6283039975169706,5.237657264234496e-05
2.662304057925167,5.165154492397539e-05
2.78925449484584,4.918944101865061e-05
2.8937259624070366,4.717043900754445e-05
2.962312936836642,4.583993606984263e-05
3.002653811346641,4.508003794253633e-05
3.007526293774466,4.499618916287133e-05
2.540990114004236,5.406708409644991e-05
2.5217787452320835,5.440945564436746e-05
2.6567952071897847,5.1765838894312614e-05
2.787131374271192,4.921789063005955e-05
2.88962783562243,4.7238788955289985e-05
2.963515855361322,4.5810468138806925e-05
2.4063248719918517,5.665006539666713e-05
2.5195083490392958,5.444046188728347e-05
2.6604046487216277,5.167958552873226e-05
2.7873077211312363,4.922228905398311e-05
2.391514530508899,5.6923584468399985e-05
2.5238471594781426,5.4341896770749795e-05
3.1009860058935717,4.323604387531841e-05
3.052180109678861,4.41372895157236e-05
3.0271537285819483,4.461413320832659e-05
3.0242225958682667,4.467699946056568e-05
3.0311671451480944,4.454004704106217e-05
3.0357390459588465,4.4449259116977306e-05
3.036585463777198,4.4427127352497824e-05
2.9390932492311705,4.629658209960892e-05
2.9131370531257264,4.679690749946884e-05
2.918473220747854,4.6693827938828887e-05
2.950146306972543,4.607834012227537e-05
2.9825271615953595,4.546570530769591e-05
2.9994960801911823,4.5134853917306906e-05
3.0066466412208976,4.4993738864630836e-05
2.9951976855585847,4.521140168197318e-05
2.980893459977763,4.548515805528584e-05
2.9707912575283983,4.569473543609879e-05
2.9733498037456543,4.564543647590262e-05
2.998958583708922,4.513445032620264e-05
2.819134606735183,4.8638264422985506e-05
2.8094370238976407,4.8812253693579246e-05
2.849851251329361,4.8026341982570575e-05
2.9108338216766287,4.682193042858965e-05
2.954024131484922,4.60090020806587e-05
2.9720258240135116,4.5664450753372794e-05
2.9764462570649233,4.5576725518760865e-05
2.960893593054149,4.5880069310283954e-05
2.947537159032681,4.614876566310386e-05
2.948510374002644,4.611929053069889e-05
2.713019000175221,5.0701038668962293e-05
2.738309675562182,5.017285910851477e-05
2.822494816400792,4.8535675783011915e-05
2.8930689755766017,4.717964232924332e-05
2.936550610550477,4.6337533012926046e-05
2.9596500486386956,4.590577476527459e-05
2.9565619207144995,4.595641578677428e-05
2.9474452725178364,4.612405323837162e-05
2.625458224373917,5.237683603298737e-05
2.722554870449735,5.0472180310938015e-05
2.8152889187889127,4.865700671723189e-05
2.884812887706533,4.7338647182846085e-05
2.9314390153277,4.6445258957102025e-05
2.9511029937016664,4.6060113570684144e-05
2.6184017493803595,5.2488551459144967e-05
2.7234223842557936,5.046136602467989e-05
2.813772369533376,4.8710841497349354e-05
2.8821836878353904,4.737320316527597e-05
2.623296655148117,5.2401600263381524e-05
2.7248194336138587,5.0425235788720504e-05
2.8914976117671154,4.7234602268647615e-05
2.8990912283274097,4.706246403438484e-05
2.9224627529316898,4.662246845366453e-05
2.9443200487595047,4.6192847390869714e-05
2.956954371339373,4.5946956236684965e-05
2.8195632746589063,4.8584186490835206e-05
2.8586546778233717,4.7847082943288107e-05
2.895009962417474,4.71358017292942e-05
2.917372936471326,4.670513537025975e-05
2.9273839526875953,4.650084901466352e-05
2.921478990763648,4.6632889335629984e-05
2.910074749682596,4.684109511305748e-05
2.8998549460542313,4.7052356780117314e-05
2.791306605259529,4.9147776056378186e-05
2.8429696844351624,4.8139032175391536e-05
2.879792276590073,4.741466364641047e-05
2.8995256735755675,4.705688375669963e-05
2.9078738851013464,4.6884282336718966e-05
2.907605050120772,4.6889323335866454e-05
2.7855979116198535,4.9240713616767576e-05
2.836852519634042,4.826714817043871e-05
2.872215299679079,4.7588481388741795e-05
2.894763307269769,4.7161576448416756e-05
2.7851076093528677,4.9249477262294696e-05
2.835149345292236,4.828634082321145e-05
2.8724352263456407,4.757525122608702e-05
2.8834795003257043,4.7368736596658815e-05
2.8895117702886304,4.7260683480196835e-05
2.8580988228184254,4.785851793828691e-05
2.8666956868864446,4.7687759323884815e-05
2.8717368130750685,4.757778088049618e-05
2.875994430619697,4.7497064406834313e-05
2.8512121040787193,4.7980947928407926e-05
2.8607858802860298,4.7803359946110606e-05
2.8583300542605947,4.78477906147705e-05
