Frequency_THz,Cv_Contribution_eV_K
0.237475594153657,8.608421896875767e-05
0.450230078646182,8.585351933571973e-05
0.6387095284957344,8.552947228474281e-05
0.810884542459409,8.513502147284274e-05
0.9707285448084064,8.46858880634302e-05
1.1193830890143082,8.41957430558427e-05
1.2569499884040694,8.368152004949811e-05
1.3828128013464727,8.316253326253132e-05
1.4951119030765678,8.266146782043971e-05
1.58989938695349,8.220995233135567e-05
1.6606086467126024,8.18566365238699e-05
1.699056287230854,8.165777886846413e-05
0.2401481697946797,8.607866747562361e-05
0.39225754573619737,8.592551661578604e-05
0.5616794333548263,8.567056199356617e-05
0.7214050023036264,8.534710747577156e-05
0.8706843970921637,8.4972602677681e-05
1.011230574361667,8.455560199514973e-05
1.144548172689196,8.41033126038909e-05
1.2714685038608335,8.362222435439668e-05
1.3914459627682785,8.312379232637108e-05
1.5016391151505355,8.263114645753709e-05
1.5961500735208785,8.217783747729866e-05
1.6661978579618508,8.182570253916258e-05
1.679737791266506,8.175715392718728e-05
1.6287751020658374,8.201598514252567e-05
1.5466290349412175,8.241806770305693e-05
1.4445932364319125,8.288864616177412e-05
1.3315423652140383,8.337666962080781e-05
1.2120957026840598,8.385066297528453e-05
1.0871918231019564,8.430140877139093e-05
0.9555965834939186,8.47246224692638e-05
0.8152227524066556,8.511552212255816e-05
0.6638796613611919,8.546914439981382e-05
0.500494312559373,8.57695252561522e-05
0.3355167963279912,8.598929929237552e-05
0.42784415922418456,8.587551589687742e-05
0.5279437364690777,8.572394995330069e-05
0.6500265184496594,8.549755787892238e-05
0.7763038980286733,8.52141161073902e-05
0.9025099114171202,8.488170563575817e-05
1.0284204506297732,8.450009478035382e-05
1.1543127728084848,8.406723848888987e-05
1.279393653536604,8.359061323591461e-05
1.4008192059754625,8.308363155027894e-05
1.5130638151220572,8.257712009419744e-05
1.6078296001323484,8.211937423312254e-05
1.6356302094507467,8.19810202698813e-05
1.5705178775682984,8.230111649822987e-05
1.474391501141066,8.275376234227576e-05
1.3638478486713002,8.32385102320424e-05
1.2508524324468668,8.369787450197384e-05
1.1409957294762774,8.410826211346684e-05
1.0344897556296473,8.447013015064957e-05
0.928552488390463,8.479501752856718e-05
0.819871152950664,8.509343052626151e-05
0.7070303536844306,8.536602703866065e-05
0.5945145715711474,8.560004067658042e-05
0.5457821711992976,8.569110881265762e-05
0.6065972266717778,8.558053725611642e-05
0.6948071596760916,8.540050462758176e-05
0.7995266620991951,8.515517326571512e-05
0.9152272496927708,8.484452007530757e-05
1.0386950513050441,8.446534986813887e-05
1.166808056675139,8.402067184921324e-05
1.29541210422355,8.352469530461488e-05
1.4188239012803634,8.300361465554238e-05
1.5296827201670322,8.249647201257992e-05
1.5722042704537498,8.229365171851397e-05
1.4968787561068795,8.264840074866656e-05
1.3903508976597994,8.312347399093317e-05
1.275262693883012,8.359982983421625e-05
1.1655943665439112,8.401627335689077e-05
1.0678475967171137,8.435666409698207e-05
0.9823494529036311,8.462848803305526e-05
0.9058394078392767,8.485267593466987e-05
0.8345079889667711,8.5047557262818e-05
0.766975864056314,8.522069656587532e-05
0.6017772812906677,8.558877854899408e-05
0.6393785156088786,8.551548499825617e-05
0.7137601585417984,8.535798365881624e-05
0.8149415198926342,8.511525155417562e-05
0.9334653759611553,8.4790337522376e-05
1.061540786228058,8.438926149379479e-05
1.192479455036682,8.392432409275893e-05
1.3200223661273822,8.342342101434138e-05
1.4378774664940466,8.29172073668251e-05
1.497122447948699,8.264693697706638e-05
1.4176092496941244,8.300359035138361e-05
1.308372725949436,8.346553544523238e-05
1.1955092082700058,8.39045098797448e-05
1.0931817508472028,8.42687941973299e-05
1.0085445311885148,8.454400583664498e-05
0.9430938696379011,8.474124941289284e-05
0.8945354514019515,8.487934535474339e-05
0.8592300346181234,8.497748527807235e-05
0.6257621494160434,8.554201811544578e-05
0.6618703924342394,8.546874380953442e-05
0.7410735231188229,8.52939814971442e-05
0.8486658914717874,8.50251828125114e-05
0.9708400361882961,8.46760602703939e-05
1.0975153912968783,8.426445524924826e-05
1.221595473593537,8.381249371740176e-05
1.337778078006916,8.3348468854011e-05
1.4165251142330524,8.30099503524682e-05
1.349284702985394,8.329622443254173e-05
1.237408433603879,8.374445167930593e-05
1.1349060575774907,8.412139233562779e-05
1.04454760668933,8.442650427607574e-05
0.9734644286252275,8.464789897690303e-05
0.9250757642558048,8.478990775839232e-05
0.8995836297461037,8.486285974741677e-05
0.6591728577967312,8.547324691177529e-05
0.7076501456863551,8.536780418875388e-05
0.793919480824477,8.516283864132011e-05
0.9004529716058383,8.487915931676345e-05
1.0140140200416816,8.453863122675023e-05
1.1265259916673172,8.416130195557889e-05
1.2333711678286656,8.376647902294887e-05
1.3319498862204733,8.337213838805446e-05
1.277268420975861,8.358797136503342e-05
1.1810768756923906,8.3952563410866e-05
1.096765328268399,8.424856241812386e-05
1.0232862113191583,8.448950051872768e-05
0.9668953029378414,8.46634395885387e-05
0.9329534790740263,8.476493065541729e-05
0.7212336271256939,8.533504256830489e-05
0.7749397014339612,8.520690899507738e-05
0.8536498878795038,8.500466601245017e-05
0.9436104810127544,8.47517876637234e-05
1.036268376894761,8.44657965579183e-05
1.127391319321077,8.415833973170218e-05
1.2154834604787688,8.383564669109674e-05
1.2100665218821771,8.384549690749742e-05
1.1382658394346132,8.410202973808443e-05
1.0778903769177703,8.430648661671973e-05
1.0256411974092696,8.447625927534668e-05
0.9864675633420473,8.460052187369229e-05
0.7899832914888325,8.516785591782328e-05
0.8305979869854627,8.506371566348564e-05
0.886912963339205,8.491226087467584e-05
0.9519442990429446,8.472679094623708e-05
1.0222544788963388,8.451212148246589e-05
1.0969538213562355,8.426661684449491e-05
1.147334726824404,8.407103651140793e-05
1.1151971548560482,8.417670393361375e-05
1.0718892454603048,8.432166104308142e-05
1.0440188637289396,8.441378400369052e-05
0.8287772479111387,8.506742811998321e-05
0.8447369758353518,8.502630318323107e-05
0.87600222274372,8.494418805955564e-05
0.9216150305774342,8.481884737983502e-05
0.9815341207512998,8.464356251233743e-05
1.0558632393699003,8.440828283732911e-05
1.0844632545237847,8.427889015661123e-05
1.0734252205315753,8.4314786948336e-05
0.8191598640451956,8.509503860060628e-05
0.8136891140482597,8.511178534458527e-05
0.8320758818025055,8.506712294595079e-05
0.8763645830575878,8.49507840998481e-05
0.9457022999481248,8.475530053327232e-05
1.0366480255734771,8.447227579262756e-05
0.7733177252384867,8.521638560183672e-05
0.7640999429881653,8.524136811934786e-05
0.7916486931105294,8.517454612572207e-05
0.8545828533601338,8.501197240088785e-05
0.7303071842806699,8.532316044448444e-05
0.7397244519732825,8.530126069281797e-05
0.48443666232825333,8.579197206479439e-05
0.6116532933715296,8.556983154147463e-05
0.7432751949339441,8.528811271979011e-05
0.870231143549451,8.496553274708738e-05
0.9923050149222338,8.460900363000225e-05
1.1113839494787339,8.421630144447223e-05
1.229278661760029,8.378363713241232e-05
1.3461681915278019,8.331420224235814e-05
1.4588501648242111,8.282358769406408e-05
1.5592435739250403,8.235648111684224e-05
1.632698927131418,8.19949665479181e-05
0.5907786258919427,8.560821447765213e-05
0.6818776756598919,8.542369826128808e-05
0.7854375974493196,8.518418583310946e-05
0.8943343729778349,8.489709576919457e-05
1.0070854817491286,8.45613357623568e-05
1.123508807377314,8.417225455072743e-05
1.2427441871048448,8.373082750704908e-05
1.3617817802099472,8.324751086015969e-05
1.4737339762077684,8.275485206374907e-05
1.5629962450380597,8.233688016883936e-05
1.5691079654668874,8.230761971485618e-05
1.4865008906115722,8.269730170066009e-05
1.3782563306074531,8.317658244388006e-05
1.2641974194082077,8.36445649307823e-05
1.1541694289540594,8.405956505779251e-05
1.0514757911804444,8.441265942996169e-05
0.9551400214382487,8.471401876229391e-05
0.8624759218557154,8.497755806409951e-05
0.7716460198078037,8.521160973996405e-05
0.6847386659253643,8.541386491697626e-05
0.6436850713886485,8.550362706627194e-05
0.7128755600892192,8.535441215622779e-05
0.8042270001532476,8.513666458962539e-05
0.9099106350511766,8.485206262648118e-05
1.024923699869471,8.450357872708158e-05
1.1451535906124353,8.409373331094483e-05
1.266262815758236,8.363707171341197e-05
1.3822135597491096,8.315917615857255e-05
1.4793732373894355,8.272888070145137e-05
1.49472158926596,8.2658619008218e-05
1.4044352078740598,8.306249667305326e-05
1.2934431022929747,8.352571335643047e-05
1.1827679413669712,8.395173895699021e-05
1.0828631638836899,8.430450264517093e-05
0.9974115402642983,8.457987721479442e-05
0.925668099642722,8.479393662439821e-05
0.8649947457048093,8.496380346130036e-05
0.8134035152775296,8.510193861475325e-05
0.6672077618353424,8.545481102808868e-05
0.7345274460911405,8.530407880342617e-05
0.8297160465795879,8.506977747897574e-05
0.9409542637942475,8.475992453852348e-05
1.0592971193121878,8.438935369757857e-05
1.1780638646041506,8.397258124276894e-05
1.2914691076718343,8.353502230471678e-05
1.3892953484955208,8.312872368539623e-05
1.413293493962869,8.302485659587031e-05
1.3243252400166985,8.340044374960234e-05
1.2185165572391372,8.38168326054917e-05
1.1172257934170398,8.418454473879746e-05
1.0302255298126266,8.447366954883107e-05
0.9617622068371826,8.468402722961729e-05
0.9124968589496557,8.482730662333255e-05
0.8809736352475509,8.4916384054164e-05
0.6995790994700269,8.538373817248077e-05
0.7770442825267534,8.52008985613132e-05
0.8778225744349123,8.493758735430524e-05
0.9881691429513235,8.461416364031031e-05
1.098917156893372,8.42527561058151e-05
1.2041263956284833,8.387471407754046e-05
1.2970160465724228,8.351273843258038e-05
1.331927180857982,8.337043258360255e-05
1.252473626236641,8.368637690106526e-05
1.16038393435077,8.402899186996863e-05
1.0746606795576092,8.432488295803178e-05
1.0032391570239314,8.455399561916701e-05
0.9507909400943045,8.471249254082927e-05
0.9202584419073118,8.48025051426252e-05
0.7592135995971916,8.524319336628918e-05
0.8396268472253758,8.503822342259302e-05
0.932660808094245,8.477844850829456e-05
1.027975817873708,8.448635895079867e-05
1.1195365511442406,8.417975604911526e-05
1.2031764239647191,8.387823668323199e-05
1.2518224304179655,8.369156194021728e-05
1.205097268315149,8.38640019862681e-05
1.1198519940132796,8.416802585533726e-05
1.0548582171254053,8.438456525836871e-05
1.001771298995065,8.455346455715567e-05
0.965329034314703,8.466623458609944e-05
0.8258068443518685,8.50732940776416e-05
0.8922344973009352,8.489196777709692e-05
0.9639011206751437,8.46840745433771e-05
1.0362670379242247,8.445925337507346e-05
1.1069065615576974,8.422554603160569e-05
1.1681099385392077,8.400768284335311e-05
1.1506006932087716,8.405860234816863e-05
1.0933907706255148,8.425305036969937e-05
1.0523751097145555,8.438753598808424e-05
1.0203422780917133,8.449163515147765e-05
0.864255061329324,8.496905910036606e-05
0.9066257725187259,8.48512658692205e-05
0.9547932482820424,8.471343638319712e-05
1.0092834288611163,8.45491422750939e-05
1.0701472627771753,8.435360597037654e-05
1.1026092896040678,8.422336628319323e-05
1.076548629764401,8.430610934279498e-05
1.0609093615913427,8.4357228115246e-05
0.8564710493021577,8.499225465127092e-05
0.8790872783408945,8.493229942071186e-05
0.9155563945291704,8.483314010596338e-05
0.9687783019935083,8.467884278378116e-05
1.0388933001134275,8.44594422099416e-05
1.0718499466034466,8.432015343086958e-05
0.8140567080132763,8.510932222522465e-05
0.8346781047516386,8.505741101883824e-05
0.879615182236425,8.49379433156129e-05
0.9493446736616376,8.47389293489435e-05
0.7741271447846824,8.52142898483512e-05
0.8130319064699186,8.511588861163371e-05
0.7332024108434158,8.530316198829813e-05
0.8021895103492509,8.513400923551857e-05
0.8825047686662976,8.492092349059176e-05
0.9716570324647126,8.466275963196301e-05
1.0691685900659036,8.435282555494736e-05
1.1745921818614697,8.39829423342045e-05
1.2855200873624557,8.355837700158516e-05
1.3949478230388737,8.310357013174903e-05
1.4841010933331487,8.270837024537405e-05
0.7562652335862717,8.524799817814522e-05
0.8237801250403357,8.50774477522785e-05
0.9075943799530866,8.484875717096025e-05
1.0017211183964376,8.456768746341723e-05
1.102069206535672,8.423891822606014e-05
1.2054209087778418,8.386636932554176e-05
1.3071854838683414,8.346971149969114e-05
1.3934747049391378,8.311157664712247e-05
1.3988617615585444,8.308786171971338e-05
1.3118675240377415,8.345120738903005e-05
1.2101329722540168,8.384910974132274e-05
1.1123202000765442,8.420149123273545e-05
1.0245379380493906,8.44919999192204e-05
0.9488043771664633,8.472405287131678e-05
0.8857550504901781,8.490498627930427e-05
0.836251539166935,8.504102891838299e-05
0.7868518080074336,8.51720973732603e-05
0.863717663841438,8.496894349800764e-05
0.9534045408711646,8.47118835525219e-05
1.0473620043452123,8.441794812177433e-05
1.1404590176278862,8.410128627190034e-05
1.2293133432136782,8.377512370420467e-05
1.3056597847951268,8.347731217588623e-05
1.3219842874136942,8.34118712366934e-05
1.2362340442393687,8.374918608145602e-05
1.1482339853571015,8.407268300261812e-05
1.0677755090771894,8.434807883349805e-05
0.9994732891013409,8.456564459814229e-05
0.9453317417222932,8.472880232267084e-05
0.9069226373904126,8.484172146062613e-05
0.8420437437925751,8.50271610400285e-05
0.9225247829913045,8.479929300733342e-05
1.006520762132162,8.454468397980092e-05
1.0871229446623047,8.428246311318057e-05
1.1611502159045703,8.402592283813892e-05
1.2246280769735818,8.379459335585161e-05
1.244639113550257,8.372011065158858e-05
1.1731803949148292,8.398312589134963e-05
1.1039438392934455,8.422342705972834e-05
1.0437270749450078,8.442089112282758e-05
0.9955243495448951,8.457242980730131e-05
0.9617088776763162,8.46766968090254e-05
0.9046859121765404,8.485080261256845e-05
0.9736664365142116,8.464363320083371e-05
1.0390581618753139,8.443818740199707e-05
1.0980613866531,8.424434475464221e-05
1.1494374784311254,8.407024621588564e-05
1.1747385027091057,8.39809527847338e-05
1.123558161166012,8.415541366967601e-05
1.076014450548619,8.431294149207849e-05
1.0374396003491435,8.443674289282233e-05
1.009640680778776,8.452566817524195e-05
0.942782580235412,8.473746276117856e-05
0.990819278222835,8.458979197738616e-05
1.034915721261592,8.445290052357441e-05
1.076283522192594,8.432133415263752e-05
1.1100983576005554,8.420921871362864e-05
1.0963219354884954,8.424442578980015e-05
1.0607887245318033,8.435955623695862e-05
1.0441935786141978,8.441255498097149e-05
0.9390115595123838,8.474968437150541e-05
0.9698124959066776,8.465754702097764e-05
1.0029548190786606,8.455914525209331e-05
1.0424652318491276,8.443658603726879e-05
1.0653324816556584,8.434633585779617e-05
1.055485112371595,8.43760093581758e-05
0.9036160404997781,8.485684997387969e-05
0.9327487499538252,8.477305995339951e-05
0.9728067053848708,8.465611508257567e-05
1.0281033958394705,8.448635941864203e-05
0.8697357965482343,8.495536793953222e-05
0.9144674403338864,8.482861970849629e-05
0.8650568032410647,8.496217783916053e-05
0.9229279813494852,8.479667042335204e-05
0.9916235440136634,8.45904074843657e-05
1.0672856393933394,8.434890680929195e-05
1.1478869895431296,8.4073150161161e-05
1.2310815029060729,8.37686572360796e-05
1.3058826655365876,8.347749398083211e-05
0.9163917852972896,8.481450655350376e-05
0.9784905695801844,8.462670652649551e-05
1.0426837811888123,8.442373279046237e-05
1.1056453187942625,8.421629605409568e-05
1.166954064146692,8.400390364341769e-05
1.2228825699633925,8.3802816575279e-05
1.2249914165678144,8.379506725381418e-05
1.1644481499916521,8.401458627397515e-05
1.102620976669849,8.422753373783368e-05
1.0466569721388665,8.441027562251202e-05
0.9967842242124392,8.456799004848077e-05
0.9542919797620131,8.46994870171469e-05
0.9758320318826074,8.463319608688322e-05
1.0284404436737244,8.446503241309055e-05
1.0755785819778052,8.43124389841298e-05
1.1170601347663534,8.417612124397611e-05
1.153656635706291,8.405547725456557e-05
1.1643728537880753,8.401837235961563e-05
1.1109291107527879,8.420022408402885e-05
1.0708310131028407,8.432965678722081e-05
1.0387833706801493,8.443136905013883e-05
1.0137147861486668,8.451126685938927e-05
1.0140015166701972,8.451066713699353e-05
1.0477115321551738,8.4401291100863e-05
1.0743551073189859,8.431757404112132e-05
1.0966376914153073,8.424950104350351e-05
1.1064877779517144,8.42197579014995e-05
1.0709365193019404,8.433156447534113e-05
1.0509188685641402,8.439247458176057e-05
1.040639043787017,8.442370959305069e-05
1.0141352744632455,8.451082437220624e-05
1.0316709455621227,8.445591139417509e-05
1.046929419936649,8.441246390400294e-05
1.061033886965297,8.436974073953284e-05
1.0440866306304686,8.441674768684088e-05
1.0417151221882501,8.442172151087765e-05
0.9850309728933005,8.460593336620856e-05
1.0002753531426867,8.455993392950415e-05
1.021793195668437,8.449635341603682e-05
1.0388193755071504,8.443204325177833e-05
0.9562978800154401,8.469708639113706e-05
0.9846832989201164,8.461031725767744e-05
1.0108046216212725,8.452048648872486e-05
1.0446022772080568,8.441106414640474e-05
1.0778885079612734,8.430458463832725e-05
1.1125252460742372,8.419332466492335e-05
1.1491144782487688,8.40725744382891e-05
1.0486790286880316,8.439515209699244e-05
1.0642759739011578,8.434497175349243e-05
1.0770275290571787,8.430862051684424e-05
1.0914845478397068,8.42686273840096e-05
1.0884690854470331,8.428036973276228e-05
1.0683901240871252,8.433911035906129e-05
1.0565131094279,8.437225059130179e-05
1.0495591846486843,8.439253392249988e-05
1.0512622042918855,8.438714836507206e-05
1.050570923072623,8.439244867761625e-05
1.0507258093209861,8.439953076158727e-05
1.0508380541403766,8.440294313884485e-05
1.0358537085581416,8.444350366284357e-05
1.0415194776322005,8.44213208475933e-05
1.026142807157497,8.447188887912117e-05
1.0220177341677852,8.448873786871571e-05
1.0237856691334,8.448660390887125e-05
1.017390232577664,8.450269101901433e-05
1.0005819127785769,8.455642833614105e-05
1.008470580480827,8.453325630713814e-05
1.0524338156068644,8.438371916012337e-05
1.042863165043481,8.441931118653262e-05
1.041820021211242,8.44302825481606e-05
1.0289211535131348,8.446294235523098e-05
1.0150437744868683,8.451234698256171e-05
1.0079486576280579,8.453659541284777e-05
1.0178757969611485,8.450045225861307e-05
1.0047941783263965,8.454331051774033e-05
1.0012391857695995,8.455589881797058e-05
0.994162843464496,8.457825134263396e-05
0.237475594153657,8.608420914671275e-05
0.450230078646182,8.585343811472028e-05
0.6387095284957344,8.552963300389235e-05
0.810884542459409,8.513532474756203e-05
0.9707285448084064,8.468530556874219e-05
1.1193830890143082,8.419516362969043e-05
1.2569499884040694,8.368175127884067e-05
1.3828128013464727,8.316229679963649e-05
1.4951119030765678,8.266120813081477e-05
1.58989938695349,8.220902647287878e-05
1.6606086467126024,8.185722394483221e-05
1.699056287230854,8.16577356502901e-05
0.2401481697946797,8.607866926551924e-05
0.40648387022448856,8.590859498363162e-05
0.5944271522172455,8.561282851167686e-05
0.7727775364912088,8.522768339481039e-05
0.941027650456817,8.477277404405636e-05
1.098748594142439,8.42642328720396e-05
1.2446715617417448,8.372548406696914e-05
1.377175655015689,8.318491724296231e-05
1.4937049090810384,8.266598781251813e-05
1.5896157031350353,8.220962653427327e-05
1.6576978874231856,8.187027033810859e-05
1.6896492401503769,8.170583084595138e-05
1.7024092155578168,8.164057699598494e-05
1.6991433242945826,8.165585993411302e-05
1.6573365961530706,8.187350212014744e-05
1.582754594335532,8.224494745817804e-05
1.4821783201839636,8.27212215689256e-05
1.3612018406057727,8.325469341446825e-05
1.2239607043281802,8.381021212537626e-05
1.0736317999871448,8.435543174894843e-05
0.9129363443165515,8.486074072539195e-05
0.7442936985570486,8.530212621776141e-05
0.5695008574570003,8.566512021686468e-05
0.3912586843795494,8.59342100225466e-05
0.42784415922418456,8.587552150103714e-05
0.5417158041018947,8.570083206003906e-05
0.6935577056784467,8.540451282962479e-05
0.8547734353565986,8.500926195233097e-05
1.014528862727652,8.453809735392453e-05
1.1673451321925752,8.40119922841697e-05
1.3095560275132947,8.346041677147485e-05
1.4372830815097721,8.291686062361736e-05
1.5440230293565516,8.24276836177836e-05
1.6194181744684892,8.206167349754102e-05
1.6520059830384568,8.189758474440892e-05
1.675105858802769,8.177932701397257e-05
1.7059641497047497,8.162066425846428e-05
1.6960523108912682,8.167273518691417e-05
1.6468782892931861,8.192667619586903e-05
1.5639054816307592,8.233800886034044e-05
1.453883403305282,8.285076916267575e-05
1.3233862783735877,8.341476484361509e-05
1.1784800164239946,8.398522328861139e-05
1.0248548080608042,8.4519473914857e-05
0.868061569148323,8.498978942055277e-05
0.7138496972029227,8.537405237438276e-05
0.5457821711992976,8.569111735493757e-05
0.6213944888015072,8.555141507712735e-05
0.7458191475978477,8.528175252990853e-05
0.8941136483083881,8.489605314308335e-05
1.049761879450403,8.441786484544752e-05
1.2023556616048843,8.387710112692482e-05
1.3440181107424138,8.331513091704905e-05
1.4655901540063871,8.278703910800922e-05
1.5534397229772843,8.2381286708787e-05
1.591588993654707,8.219783320468057e-05
1.6192139818596014,8.206132956227306e-05
1.678303950060246,8.176300095919427e-05
1.6996572069579365,8.16536810855315e-05
1.6802174938142815,8.175650619812536e-05
1.6220783570324033,8.20529537498001e-05
1.5312836094466318,8.249498626976626e-05
1.4158234521326265,8.302160734094117e-05
1.2841136414965504,8.357788824959417e-05
1.144186654304977,8.41109359729411e-05
1.0033410241452574,8.458906424697544e-05
0.6017772812906677,8.558857624123491e-05
0.6556708846852813,8.548120729860767e-05
0.7704362571431065,8.522071610635767e-05
0.9190045018092857,8.482237596587208e-05
1.0786592063830542,8.431795858495157e-05
1.233332161657748,8.375622260646613e-05
1.3693511978977646,8.320651703091467e-05
1.4701951841917837,8.276790735067272e-05
1.515995840217505,8.256021522624325e-05
1.539408639746417,8.245006031467163e-05
1.617543160534627,8.207107743378622e-05
1.6652397436128883,8.183118137350357e-05
1.676897483504198,8.177370600861598e-05
1.6503954225495854,8.19116199313676e-05
1.5883954968821272,8.222224761121047e-05
1.497761401887462,8.265508085079511e-05
1.3875769166059406,8.314792003741964e-05
1.2670718036762258,8.364504291060948e-05
0.6257621494160434,8.554200411119783e-05
0.6792629404265975,8.543058326562947e-05
0.800586245204661,8.514456831323009e-05
0.9561355012298209,8.47102195984512e-05
1.117804494318292,8.41805447231604e-05
1.2647855279581461,8.363399824290484e-05
1.377028369052478,8.317573912843663e-05
1.4313525002554806,8.294540629563655e-05
1.4416674845877016,8.289957243325669e-05
1.5290507470823833,8.249928991155696e-05
1.5952854276868949,8.218115584535312e-05
1.6351567505513886,8.198661287846865e-05
1.6438494975148736,8.194394602759786e-05
1.6191416379802188,8.206987757802104e-05
1.5633885132713683,8.234444444482717e-05
1.4833082602785026,8.272183599818582e-05
0.6591728577967312,8.547329088240489e-05
0.7251906950433932,8.5326629894259e-05
0.8533223150164772,8.500364598846218e-05
1.0069318897487625,8.455013952736275e-05
1.1563345388998787,8.404240008799674e-05
1.2765522289840605,8.359008568831292e-05
1.340478045964349,8.333609088048706e-05
1.333826834523514,8.336304395408596e-05
1.4206246896459511,8.2993673757408e-05
1.497618207320373,8.264689732283092e-05
1.559836800420484,8.235561446190851e-05
1.6022397809112172,8.215134417429164e-05
1.6188254559956243,8.207164345197715e-05
1.6055857844066064,8.213869023032205e-05
0.7212336271256939,8.53350024330456e-05
0.7920250466453039,8.516314764105744e-05
0.9118602492040495,8.483756080584546e-05
1.0474395051630607,8.441834960173842e-05
1.1686457352466761,8.40012837725473e-05
1.2435073185048564,8.372543713222533e-05
1.250205639172227,8.369868607055658e-05
1.30057786241994,8.350245938658682e-05
1.382962787214138,8.315940986257772e-05
1.4615603255416645,8.281487803460041e-05
1.5323315354074458,8.248826560259657e-05
1.5877720161460867,8.222365186792142e-05
0.7899832914888325,8.516787198356167e-05
0.8474151569134704,8.501734297831464e-05
0.9449050688057812,8.474022175294994e-05
1.0538951708830662,8.439885773570431e-05
1.1395865195664754,8.411026947399996e-05
1.1664462513345577,8.401225711566614e-05
1.1766149028825224,8.398405132635525e-05
1.262074124558897,8.365849320514674e-05
1.352863443210405,8.328947009388898e-05
1.4454920714533064,8.28881081777992e-05
0.8287772479111387,8.506744018055213e-05
0.862165659798384,8.497791031922993e-05
0.9373874819941957,8.476447542167175e-05
1.027469852054688,8.448828664337274e-05
1.0843278300601726,8.429679091209094e-05
1.0904245954947727,8.426538025449909e-05
1.14415214839923,8.410353189297285e-05
1.244563262055084,8.37275913934347e-05
0.8191598640451956,8.509489987328675e-05
0.8338907253002723,8.505751382516027e-05
0.9065188415645755,8.485744388742277e-05
1.0029304427484216,8.456276290368156e-05
1.0438624663043916,8.441894699852623e-05
1.0605908540347198,8.435941703630882e-05
0.7733177252384867,8.521608380595808e-05
0.7909968802481394,8.517270995881704e-05
0.893852604758053,8.489468482010159e-05
1.0134115237257326,8.451706830603278e-05
0.7303071842806699,8.5322592907222e-05
0.7721961974376198,8.522156986443692e-05
0.5370767294009315,8.571621372607505e-05
0.6949547922787686,8.541044172012556e-05
0.8579420189693167,8.501061761374132e-05
1.019219884647111,8.453204969150111e-05
1.1740276358825463,8.399560858133589e-05
1.3182624064159656,8.343221193092628e-05
1.4476527217184654,8.287586398424864e-05
1.5567103250676793,8.236944109797731e-05
1.638165915342119,8.19697763590514e-05
1.6841139299057055,8.173429471435897e-05
1.6911081227953828,8.169847881633415e-05
0.6356788529595154,8.55284806807808e-05
0.766897000076378,8.523884158913786e-05
0.9157919497336794,8.484250268354052e-05
1.0705197463003535,8.435604499710931e-05
1.2224721158905112,8.38075839697155e-05
1.364567615760587,8.323461952757019e-05
1.4888291401036386,8.26858953686631e-05
1.584518864121962,8.223333212741468e-05
1.6397364913346373,8.196017546033522e-05
1.6514791610782296,8.18994459528703e-05
1.667278451588819,8.181983454889918e-05
1.6904625505574662,8.1700812090271e-05
1.6753804551922833,8.178114807444547e-05
1.618622345640349,8.206780455158558e-05
1.5260824548725882,8.251671998881444e-05
1.4066023744200535,8.306007311106761e-05
1.2691514456669004,8.363333222878103e-05
1.1217932908879813,8.418804781496892e-05
0.9719226267323355,8.468325430019089e-05
0.8269106874920787,8.509493059351598e-05
0.685509607854208,8.542163609554398e-05
0.7991804749514893,8.515575328896232e-05
0.9424662456212269,8.476061559688756e-05
1.0979975394195094,8.42588995354833e-05
1.2519779240015914,8.368982126432977e-05
1.3921622435685368,8.311443548585996e-05
1.5042515722399745,8.261345191912776e-05
1.5714730758803936,8.22959199635151e-05
1.587709085963278,8.221701898288932e-05
1.6104227450426825,8.210395836193076e-05
1.6592901641921947,8.186014987794304e-05
1.6765103470628742,8.177525988284166e-05
1.6520430311261096,8.190103666285182e-05
1.586993301089822,8.222812394023961e-05
1.4887130752473043,8.269413046573509e-05
1.3676642823474803,8.322994655826841e-05
1.2347755117352377,8.376996304802684e-05
1.1000156882373568,8.426475402314753e-05
0.7073272938364054,8.537266220922065e-05
0.8201391827663813,8.510008486171616e-05
0.9686896135380902,8.467891935335956e-05
1.1288453235487672,8.414778569830841e-05
1.2812150932109874,8.357268144650906e-05
1.4074188413471294,8.304867675958943e-05
1.4863329681409754,8.269787215620174e-05
1.5063970212982087,8.260472361287587e-05
1.5270704188902828,8.250614203664372e-05
1.5918897869478543,8.219633479156652e-05
1.6367940697608419,8.197539951038329e-05
1.6474753542875473,8.192564029766522e-05
1.6193467791525678,8.206838151625228e-05
1.5546375962902679,8.238425092998769e-05
1.4614859554607018,8.281957426941081e-05
1.3511036275342119,8.33015695844227e-05
0.7366021353391411,8.530443995236913e-05
0.8575026251165131,8.499907544369714e-05
1.0101886595238985,8.454673505528206e-05
1.1660055896534776,8.401219468973717e-05
1.3010330777064811,8.349331154974273e-05
1.3899456582986285,8.312667910257467e-05
1.414263745626947,8.302052962175506e-05
1.42608074868671,8.296543316686782e-05
1.4965139062913917,8.26499620550575e-05
1.5608777205398578,8.234759580593595e-05
1.60349076582026,8.21442931567439e-05
1.6162883049773686,8.208306051408164e-05
1.5948080647167828,8.219124062544554e-05
1.5406972534995,8.245124796080137e-05
0.7909570466306725,8.51704992724588e-05
0.9115279949575267,8.484513943826346e-05
1.0543252683364885,8.440147761518414e-05
1.1889944639168148,8.3928597258769e-05
1.2855736555740467,8.35610469711663e-05
1.3169533309076242,8.343490275685404e-05
1.317035057289212,8.343014195920018e-05
1.379971427723511,8.316891343954457e-05
1.4599943661565806,8.281885197778604e-05
1.5274707452975151,8.251016905462995e-05
1.5780977106739014,8.227026208287249e-05
1.6026542378900723,8.215034451529425e-05
0.8515808346263481,8.501050407041372e-05
0.9556213031213697,8.471346915083877e-05
1.074646153804263,8.433326559674998e-05
1.174630686535162,8.398515021140235e-05
1.2185183372280208,8.382245469360294e-05
1.2118063628172373,8.38426649671537e-05
1.2617011298300413,8.365627338494805e-05
1.3471914236442657,8.331056965946188e-05
1.432255587260334,8.294533330763034e-05
1.5128233902537545,8.2579796117325e-05
0.8850717485039874,8.49176801710507e-05
0.9646295585257305,8.468670736588754e-05
1.0580591991141137,8.439095906749228e-05
1.1209861469391622,8.417704889288086e-05
1.1271331464484504,8.414639630505528e-05
1.1468670175565203,8.408761963118983e-05
1.2340123365676168,8.37667305260833e-05
1.331008215601076,8.33786724321874e-05
0.8750008577206622,8.494791319188291e-05
0.9394619966492237,8.476397520766374e-05
1.0226989477228126,8.450582049088261e-05
1.0611619797973006,8.436818409296718e-05
1.0653225874703114,8.434616581635573e-05
1.126331092593021,8.416461282421614e-05
0.8364339851627088,8.50563134923086e-05
0.9142566838568353,8.483873527849613e-05
1.011003722545221,8.453047024916611e-05
1.0360291095603593,8.444213281799398e-05
0.8079888960459234,8.513303546423876e-05
0.9201843280658073,8.482247512114725e-05
0.8805747288207205,8.49457173195044e-05
1.0167372381489763,8.453861876541737e-05
1.1638682861452307,8.403201312055737e-05
1.3106222475390428,8.346323446117862e-05
1.4452040611668786,8.288571570672998e-05
1.554284918167363,8.238239115307048e-05
1.6239076584835106,8.204024054911582e-05
1.6452582097471686,8.193153225520878e-05
1.626561267948275,8.202411804238663e-05
0.9038719326820702,8.487842110324747e-05
1.0401554844375056,8.445990132598292e-05
1.1905877225126675,8.39300028249877e-05
1.3377732603867885,8.334841024990942e-05
1.4635062430026742,8.280288134923324e-05
1.5477265663146944,8.24125763247115e-05
1.5756534015776138,8.227634030658743e-05
1.5572688871390525,8.236125480891613e-05
1.5622261394684418,8.23381382211283e-05
1.6074641103548344,8.211931682589025e-05
1.6243998992577031,8.203874528706647e-05
1.5945745907814646,8.218731446572107e-05
1.5178336481820107,8.255783542651305e-05
1.4057967074291065,8.306405285654755e-05
1.2746643395744572,8.361051453535923e-05
1.1403287204999208,8.411930703005214e-05
0.9280736459159998,8.480613854635778e-05
1.0694596987807636,8.436033229542377e-05
1.2202712640416569,8.381686110675091e-05
1.356936689143603,8.326805436116724e-05
1.453834027234892,8.284746422427485e-05
1.4884784541231564,8.268908675063167e-05
1.469250742207362,8.277223857953427e-05
1.4662006562934384,8.278331601167688e-05
1.530234387487116,8.249075218736822e-05
1.5788920093864187,8.226103966735822e-05
1.5933371833806171,8.219360315606838e-05
1.5634314555031839,8.234083642131413e-05
1.4911836608246964,8.268194157560934e-05
1.3892143055252588,8.313602719030856e-05
0.9687374862308876,8.46819446005314e-05
1.1068443630101623,8.423039876855706e-05
1.2434969143870716,8.3727532991622e-05
1.3482405034784175,8.330647379034068e-05
1.390216643462484,8.312732243011844e-05
1.3721622795604074,8.319891966683353e-05
1.3606918605807783,8.324317197653101e-05
1.428156644647489,8.295657710334043e-05
1.4969260030024407,8.264901466895275e-05
1.5489023755004523,8.24082890482093e-05
1.5695835812340342,8.231203063720907e-05
1.5498318048765567,8.240804054449463e-05
1.012363283274751,8.454401398169006e-05
1.1314440899708464,8.414374545261264e-05
1.2357977710966892,8.375983390540433e-05
1.2862940217225396,8.356157024128472e-05
1.2736969678190746,8.36043642540197e-05
1.2552652208088968,8.367068698208755e-05
1.3162774398122037,8.343314997996321e-05
1.3950068074523327,8.310498691883167e-05
1.472761911450579,8.276148406763537e-05
1.5358768729887753,8.24714055280151e-05
1.0320182687578123,8.448118032794182e-05
1.121592119358223,8.4180918477792e-05
1.1811178475860107,8.396626182802556e-05
1.1804674333772605,8.396089076984848e-05
1.1590168368389102,8.403115776148067e-05
1.193865961653007,8.391131714434317e-05
1.2885466794602998,8.354754696207514e-05
1.3810465179317022,8.316608356026859e-05
1.015190515344399,8.453743758894947e-05
1.0779496067481518,8.433052606800902e-05
1.0986344945313422,8.424901567794417e-05
1.0851353668033914,8.428501765232482e-05
1.1021397962092718,8.424008231497888e-05
1.1897206877629882,8.392959145747996e-05
0.9817228547997202,8.464197390697383e-05
1.0322992584013906,8.446890876047677e-05
1.0395829877142448,8.443319336585476e-05
1.046046613568729,8.440854075963433e-05
0.9807446692617292,8.463633922639743e-05
1.0157043520119744,8.45096178036168e-05
1.1660659084219798,8.40238859641873e-05
1.301526657292055,8.350075011913427e-05
1.425403944041916,8.297643169892815e-05
1.5145758537673515,8.257068679397102e-05
1.549859845908515,8.240263885264169e-05
1.5308672492929671,8.248845318940023e-05
1.48308904742186,8.270635487655486e-05
1.1955438410222423,8.391356717388526e-05
1.3218007454769825,8.341739977538583e-05
1.41944325449211,8.300388721791031e-05
1.4601430302424434,8.282067632342226e-05
1.4397467709034801,8.290699420113821e-05
1.389110615443215,8.31223138669188e-05
1.38342427877586,8.314600768921429e-05
1.446152281012184,8.28761927692557e-05
1.501304838362996,8.263012390602258e-05
1.5212644823761525,8.253948859951445e-05
1.4892614486966855,8.268970020738789e-05
1.4091376045973012,8.304854702828821e-05
1.2191837516310025,8.382347675467819e-05
1.3163302534702093,8.344133685244953e-05
1.361763356115425,8.325053398409014e-05
1.3428350596884355,8.332579360618894e-05
1.2925613406181007,8.3523772944913e-05
1.267936123401731,8.361899063824242e-05
1.3421523153811652,8.332332816060812e-05
1.4170569312711687,8.300802467696692e-05
1.4796226588092065,8.27314227995892e-05
1.5086067498548592,8.259958893125127e-05
1.2131586961616463,8.38480793477268e-05
1.2605050887087628,8.366485997021737e-05
1.2470670767972694,8.371213105586378e-05
1.201426497699225,8.387783135411397e-05
1.1726942513665068,8.397933920618308e-05
1.2361359615042795,8.374913811886605e-05
1.3180240546999518,8.342646806054431e-05
1.405048906469833,8.30612045910234e-05
1.1625812986373563,8.403594569972673e-05
1.158872423940732,8.404198596187926e-05
1.1226105890813247,8.41613762013253e-05
1.0944868033960478,8.425367071642037e-05
1.1406932286097458,8.410185700587948e-05
1.2215695233800659,8.380654343255884e-05
1.0847002936889831,8.429889914822756e-05
1.063258369026017,8.436023692509361e-05
1.0431904425149334,8.442088785022727e-05
1.060203394986326,8.43766237700739e-05
1.0277527903913894,8.447304283713182e-05
1.0244079727594815,8.448084271099146e-05
1.4041732509335063,8.307010562738588e-05
1.437772219240039,8.29222951873031e-05
1.413464268808356,8.302522888079771e-05
1.3534037724914973,8.327778991087859e-05
1.2888906506937332,8.353613792922294e-05
1.3487659648230363,8.330750752054667e-05
1.3227936420246733,8.34108661168484e-05
1.2616213308148148,8.365111364461863e-05
1.1984503176112955,8.388557349311114e-05
1.1878963629277965,8.392452422974325e-05
1.2533159362659112,8.368113810596765e-05
1.3320580316859945,8.336874562736491e-05
1.4023028252774983,8.307541520222154e-05
1.2357818049911082,8.375662121998047e-05
1.1782231301599277,8.396636335435763e-05
1.1203047662714445,8.416680418784348e-05
1.0919171056693946,8.426316035343973e-05
1.1578929497251669,8.403866430968946e-05
1.2404097966192993,8.373313771466004e-05
1.1102697549010248,8.420508990025674e-05
1.0621258721073172,8.43627335440622e-05
1.0372386735996877,8.444302070070877e-05
1.0807627346658981,8.430590104181133e-05
1.0302155740343164,8.446427905640767e-05
1.0167255606324919,8.4506031339607e-05
1.2499938528035393,8.369756497513866e-05
1.1715844594919886,8.39889338641825e-05
1.1088811627183257,8.420640689825225e-05
1.1054653597536295,8.422127819423056e-05
1.0492498835688993,8.440543398335891e-05
1.0381618873386445,8.44419883138391e-05
1.0923017358978295,8.426649284376411e-05
1.0176776337781246,8.450491382069041e-05
1.0027514208120933,8.455234110338146e-05
1.0034785150766505,8.455085663764525e-05
0.3245446548695458,8.600191809324259e-05
0.636575834621597,8.55166925804312e-05
0.9256284582844264,8.479270238953824e-05
1.1850972209098294,8.391822425595684e-05
1.413516541657865,8.29865512347524e-05
1.6149835734440439,8.204442795889994e-05
1.7983852102990403,8.109255310508004e-05
1.9750985691635754,8.009259741725672e-05
2.1551162520270024,7.899237581209072e-05
2.3421199806385697,7.774233991545172e-05
2.5271053380928348,7.637691606357476e-05
2.670562486964449,7.534035350134502e-05
0.41540169776905794,8.590044223808413e-05
0.6526016503626895,8.549472114130483e-05
0.9102903485059548,8.484686438980947e-05
1.1585363477474058,8.402470301866792e-05
1.384909587189307,8.311850805807434e-05
1.587067836055306,8.218657039531658e-05
1.7694832853800828,8.12516447550916e-05
1.9405522651174456,8.02956426555698e-05
2.109155232913016,7.927848056040219e-05
2.2802235792137053,7.816622533753258e-05
2.4483302159530456,7.693804922799442e-05
2.585139706358774,7.593646409914721e-05
2.629166548871903,7.560384850847674e-05
2.5494241975795604,7.619314495963953e-05
2.397931689645353,7.730645167167027e-05
2.2254057180237083,7.853305653853429e-05
2.0519904474673947,7.96333664536351e-05
1.88010338267465,8.064223146274912e-05
1.7036412849018732,8.159788986768822e-05
1.5134218136355548,8.253680892204339e-05
1.3014711774704424,8.346698250497625e-05
1.0642618406239013,8.435467288607637e-05
0.8051504979837779,8.513202062934494e-05
0.5385113339142984,8.570630712688777e-05
0.8209336753296191,8.51027605112006e-05
1.0291972636253128,8.448807669129671e-05
1.2411187935344323,8.372471127586815e-05
1.4437982753165224,8.287212675204219e-05
1.6300078891986867,8.198608573413503e-05
1.7977902620654225,8.110488431759585e-05
1.9494855827351614,8.024577963172473e-05
2.0895971928438204,7.940021439608254e-05
2.2220525796122206,7.854866125865183e-05
2.3458013060920098,7.768471397785307e-05
2.4480155188840698,7.692812078775101e-05
2.5037227331214162,7.649299772776187e-05
2.4883812295229384,7.659988884812809e-05
2.4112868170047377,7.716885302335527e-05
2.2898459470166914,7.806110627005323e-05
2.1442477742308808,7.905405075414799e-05
1.9875482926996002,8.002159232422126e-05
1.8228237748953353,8.09636573363031e-05
1.647155314387132,8.189225351416145e-05
1.4561653344117251,8.280693304016788e-05
1.2478409333305862,8.368764539435566e-05
1.0258164796818998,8.448716243676428e-05
1.2070700910784433,8.386154611038924e-05
1.390606267973033,8.311534975247715e-05
1.5616992816983521,8.233215659215127e-05
1.7176821186011741,8.154200163060583e-05
1.8560548336325993,8.078590766197745e-05
1.9748326148874709,8.009709201082602e-05
2.074168263843552,7.949296002163163e-05
2.156787514211169,7.896914209336132e-05
2.227974935579898,7.849147069204882e-05
2.292371307836763,7.805636999008082e-05
2.345997665094599,7.76357426533667e-05
2.3739549083417906,7.739832777238459e-05
2.3578424231848882,7.751393367491728e-05
2.3060618558302632,7.790762766265723e-05
2.21792151730369,7.854918692227225e-05
2.097816853330514,7.934795109605913e-05
1.954831371273599,8.021578304429528e-05
1.7957114645508758,8.111499468998866e-05
1.623154637560414,8.201683330805919e-05
1.4388718589390472,8.288824059970187e-05
1.5612448155541279,8.23375247890122e-05
1.7098235997789488,8.158600127857118e-05
1.8235856909882016,8.097283472213197e-05
1.916237710869709,8.044482106665313e-05
1.9895221752756607,8.000761258364786e-05
2.0409093800475873,7.969130146736284e-05
2.0729514765571317,7.949016316715696e-05
2.09656192933663,7.93438724293908e-05
2.1285402683759718,7.914675676513278e-05
2.1761799997170113,7.882137020112649e-05
2.2372407963103584,7.835905868158211e-05
2.2610078352721668,7.816977475276378e-05
2.259368128738567,7.820293208905203e-05
2.236362456785071,7.84100132161462e-05
2.185843375382634,7.87790500469274e-05
2.089983571707615,7.940057635706611e-05
1.9511788051183758,8.023803213777401e-05
1.7909537169215262,8.113991158517675e-05
1.860918233087822,8.076363113668192e-05
1.9268478961086872,8.039522244501185e-05
1.9547543546050874,8.022483378673954e-05
1.9772408074299876,8.008068825131509e-05
1.9815923072924473,8.004543910009272e-05
1.9690411081562562,8.011843402969888e-05
1.9547181261653916,8.020639388834043e-05
1.9622606460312066,8.016300711449794e-05
2.0046411372918613,7.99117714276136e-05
2.067442915483746,7.94803729677725e-05
2.1502358802886485,7.891213549960548e-05
2.1831429918716445,7.871315369933546e-05
2.1996520991044792,7.865547845141404e-05
2.2138785695378536,7.860634661557812e-05
2.2137089772135936,7.861456497519756e-05
2.1055173647167873,7.930198661781489e-05
1.9708485337604358,8.011814749148881e-05
1.9559386615507217,8.020887360010853e-05
1.940407932274204,8.028992959889048e-05
1.9034905394774408,8.049942933615306e-05
1.8518355294574214,8.079330142797076e-05
1.8070104930736983,8.104363612961223e-05
1.796353704084284,8.109774872045194e-05
1.8358634667068088,8.088317193208546e-05
1.9088451881715605,8.04606352910004e-05
2.0365790828066466,7.965792978214993e-05
2.109950947149597,7.920129737838376e-05
2.1538710062452076,7.897263521152469e-05
2.188123215829745,7.881807869838607e-05
2.2314932338504807,7.85661138638061e-05
1.9430777071065382,8.026397133380561e-05
1.9099817868314535,8.045908432514262e-05
1.824085060312295,8.094745484953268e-05
1.7306655141261769,8.145978202859788e-05
1.6577955321638715,8.183767476151367e-05
1.630887369864916,8.196359616329737e-05
1.6684925523398004,8.17714755415317e-05
1.7514562903986404,8.134134619636444e-05
1.9121499816775345,8.043278627884282e-05
2.043213661919309,7.964008400156222e-05
2.1346250658363166,7.912745356343818e-05
2.1622503819003933,7.900151766937195e-05
1.9068365445643791,8.048718466765675e-05
1.7472215068136974,8.137679516730139e-05
1.609853872754941,8.208470465035298e-05
1.5103071841851645,8.255919500342455e-05
1.465051714849399,8.275898839984873e-05
1.497199220314373,8.260899713020728e-05
1.5896561321511444,8.217233941833878e-05
1.7126358342008445,8.154842584920957e-05
1.9354381281902278,8.030921147741188e-05
2.11460215964314,7.922108348458065e-05
1.6275129763107783,8.19971957986504e-05
1.4828431595601357,8.269202029824522e-05
1.3670873385167994,8.320194033396448e-05
1.3022147614603437,8.346508340451234e-05
1.317991116947859,8.339648044117e-05
1.4174160271579987,8.297564889520986e-05
1.554524410865164,8.234822336704715e-05
1.7648268828438456,8.127142883871164e-05
1.3497147751331808,8.327851427205642e-05
1.2338007087172522,8.37468485161227e-05
1.1566607645163123,8.403115794420872e-05
1.1395721634722986,8.408865006578588e-05
1.2353831944333171,8.373540557488459e-05
1.3901066756728644,8.30992442040884e-05
1.1233263659970336,8.415655679710668e-05
1.0491116172346235,8.440714700709895e-05
1.0150714921159825,8.451385754706633e-05
1.0558073277609274,8.439018621983818e-05
0.9890566797224621,8.459864463256127e-05
0.9762234879482417,8.463735514001016e-05
0.864518401326333,8.49815167499884e-05
1.0929251125465376,8.42656248221789e-05
1.3137520218555077,8.34264110669202e-05
1.5173880972610787,8.252663844229992e-05
1.7019060472052319,8.161227732766908e-05
1.870563181794134,8.069787661179611e-05
2.0290403635608727,7.977114789852556e-05
2.1819212150777583,7.881346445521938e-05
2.327964923028161,7.780846148460954e-05
2.4537487764976627,7.688192190345123e-05
2.531362745552938,7.629342944343376e-05
1.2221546870860922,8.380044992450713e-05
1.4138321285621276,8.301035287349391e-05
1.5937049904541025,8.217130718067079e-05
1.7570361083231476,8.132963399065313e-05
1.9023846147497296,8.05209203564307e-05
2.03078847689241,7.976097277562772e-05
2.1444462929660477,7.90517678757043e-05
2.244877093451742,7.83799746089364e-05
2.330111054224482,7.77668489829623e-05
2.392377548187815,7.730737538319914e-05
2.4202927188258,7.708288171099952e-05
2.397185265694647,7.724977502160548e-05
2.335122486875373,7.771221854764381e-05
2.239283203047167,7.841220702565212e-05
2.118994565509073,7.921470291059512e-05
1.9821956127521267,8.00534264187472e-05
1.8316745547595634,8.091795228715358e-05
1.6667161714988206,8.179882481677203e-05
1.4863423036924723,8.267615621963137e-05
1.2923590895403636,8.35163794747066e-05
1.558275379179447,8.235035307145204e-05
1.7080415784867857,8.159568323213964e-05
1.837312193674896,8.089375561599188e-05
1.9453662230895967,8.027320708467646e-05
2.031235447634589,7.975698217102012e-05
2.0961664627255847,7.935247557753325e-05
2.1458691286079925,7.903319678681572e-05
2.1903908825152585,7.87345328122332e-05
2.2363908245621276,7.84127134615122e-05
2.277535967886899,7.809019591131405e-05
2.299073935236893,7.792332505611923e-05
2.2870708132035795,7.801316200217483e-05
2.2500711691322266,7.8307088097929e-05
2.185904489289232,7.876988699961002e-05
2.0906206530293177,7.93955413986257e-05
1.9662367439462964,8.014966574971035e-05
1.819866211320254,8.098441276083878e-05
1.6579801152922211,8.184471492730381e-05
1.8321825661970668,8.092402811843693e-05
1.915701513091784,8.044916922638626e-05
1.974239375977942,8.0102574983043e-05
2.0108831336810473,7.987853205236042e-05
2.0266139016224383,7.977739577764208e-05
2.0304332494256263,7.974961680028741e-05
2.0406981750719067,7.969118848014587e-05
2.073634900615164,7.948309958826981e-05
2.123420960504653,7.914066005506654e-05
2.1841283821947544,7.869951988034442e-05
2.2070401384078813,7.854249687608434e-05
2.2113923210450466,7.854215254412357e-05
2.2051423780495525,7.86344444265495e-05
2.1805611644693137,7.882866357279239e-05
2.101259374749592,7.932965391078636e-05
1.9693394791111694,8.012958843083711e-05
1.9626711989393075,8.016779550388953e-05
1.9733801700599134,8.009538011035946e-05
1.9649490149355422,8.014634042212793e-05
1.9370240180713705,8.030943787614202e-05
1.902447883614257,8.050819839995786e-05
1.8854533362979482,8.060634200176308e-05
1.9089692796891398,8.047125483047536e-05
1.966558620494755,8.012557174080982e-05
2.0623695572360474,7.950072087425339e-05
2.120955346450218,7.911851992896643e-05
2.1563845020642716,7.891109623568853e-05
2.1829495294890195,7.87963925715772e-05
2.216780401826512,7.862825246399674e-05
2.230017089260347,7.849689527346977e-05
1.9469200766722443,8.023756995628276e-05
1.9047634193320044,8.04874413558256e-05
1.8359767388713566,8.088528460472758e-05
1.7674945297745908,8.126129167263293e-05
1.7274360597956142,8.146875507194743e-05
1.74310945397157,8.138452301196672e-05
1.8084602784221568,8.103318391471138e-05
1.8949691021200514,8.053272937939853e-05
2.035348858068381,7.967764190367262e-05
2.114022997988328,7.92141580661457e-05
2.1597502710120433,7.898909500246118e-05
2.1924852819888767,7.881861862072606e-05
1.8410994144612713,8.085861858591733e-05
1.7302617332609045,8.146253681616747e-05
1.6301481301683416,8.197961091597793e-05
1.5683083043468726,8.22770143923112e-05
1.5737477191228377,8.224558718120014e-05
1.6455081800923381,8.189494177064027e-05
1.7499835978792224,8.135138910375632e-05
1.9304105301717667,8.033073722611486e-05
2.079142158209566,7.944490058720937e-05
2.1589225936882412,7.902453458251334e-05
1.6143579449120462,8.206188013157548e-05
1.4925040999959747,8.264521743219347e-05
1.410971507854433,8.300686983778138e-05
1.3990406642878201,8.305363000459871e-05
1.4723240574218497,8.27296566078691e-05
1.5921733660423567,8.216623945000741e-05
1.7799548960016602,8.119019520798609e-05
1.9561044230155011,8.019172955316638e-05
1.3570243621904845,8.324625658861514e-05
1.263202196333559,8.36272852239935e-05
1.2256821057306888,8.376908744790679e-05
1.287403172520947,8.35278955834796e-05
1.4211545664261562,8.296598149956072e-05
1.577147365632641,8.224311419539334e-05
1.1383834259713586,8.410026560368749e-05
1.082200434106288,8.429312483378571e-05
1.0997719542194773,8.423758410989548e-05
1.2469948271376134,8.369498144404245e-05
1.0009833040915337,8.456028422567993e-05
0.9944947047574643,8.457893897246506e-05
1.5852934401947765,8.221489561003123e-05
1.7434852856372862,8.140352825060064e-05
1.882857317049342,8.063390420206108e-05
2.0011599077990745,7.994259106874241e-05
2.098136046526632,7.934313026628263e-05
2.175262138836255,7.883479445036115e-05
2.235275925087176,7.841208173896828e-05
2.2797238661149346,7.80850691805651e-05
2.3062653656644456,7.788448126231119e-05
1.8379569796873936,8.088862942747157e-05
1.9428033924212733,8.028643238660055e-05
2.0182319396994273,7.983870829806896e-05
2.066168499783981,7.954040893789265e-05
2.094930764648826,7.935272827456279e-05
2.117872079117984,7.919242997096538e-05
2.1466476318290275,7.899970706426592e-05
2.178988740687906,7.877074742423555e-05
2.206942568470019,7.856813639494837e-05
2.2096079840484615,7.854683785773614e-05
2.1968468706831787,7.863976422045983e-05
2.1752119095362152,7.881857735117847e-05
2.143298785826355,7.905388584998483e-05
2.089070108277937,7.940597722223285e-05
2.0010420853947037,7.99436007560147e-05
1.8823514701190645,8.063594870788306e-05
1.9812417128260573,8.005498055015639e-05
2.0132162719355007,7.986144137836742e-05
2.0140321702019643,7.98543033457436e-05
1.998348734940649,7.994697138197712e-05
1.9873930131793724,8.000987681261074e-05
2.0028763492969364,7.991158789416369e-05
2.0432586136414357,7.965617840759554e-05
2.086479118325532,7.936506045181412e-05
2.1323236917254054,7.904926751194956e-05
2.1475671367803457,7.8970236571566e-05
2.155990079509653,7.893986572999294e-05
2.1666660132471716,7.890502005419496e-05
2.1667770270030773,7.891750760311612e-05
2.1054966968558775,7.930089206005458e-05
1.9747269869348398,8.007582467096291e-05
1.9398617125095126,8.028998420632789e-05
1.8869914733299655,8.059435750630378e-05
1.846643102622147,8.082314026260128e-05
1.850030718768957,8.080513687930884e-05
1.8988122022069467,8.052645893210863e-05
1.963021624701458,8.013642672989742e-05
2.0492481664176365,7.959197131467949e-05
2.1004061435081267,7.928095819282311e-05
2.138323936530683,7.907409421710319e-05
2.1778951822992734,7.886295032268645e-05
2.2249522680837956,7.860765652408319e-05
1.8432861906469584,8.084417908821275e-05
1.7621504998982744,8.129113218639314e-05
1.697626630208048,8.163007112828096e-05
1.6880729011573692,8.167612180951837e-05
1.7430819010678218,8.139132997602697e-05
1.8281423956849872,8.092337922813012e-05
1.9512604643365774,8.02041640312795e-05
2.0531872273859193,7.959363358991694e-05
2.136654440966385,7.91048326717253e-05
2.1802337318217915,7.889539646645325e-05
1.6278196280973805,8.199256979360861e-05
1.5444697347874408,8.239511968924932e-05
1.5183388385981478,8.251689255543476e-05
1.5735309537509101,8.225672072790633e-05
1.6764253806049552,8.174410520761594e-05
1.7961756924635346,8.11031566005126e-05
1.9707744248527344,8.010413606520972e-05
2.109553465636972,7.925524998801048e-05
1.3957911764879507,8.30753298273847e-05
1.3482945830548405,8.327725187762594e-05
1.3913178279193696,8.309666407733241e-05
1.506043190893516,8.258491253111433e-05
1.6475854592687276,8.189819219144899e-05
1.8262134902958445,8.093895267957614e-05
1.195743926319514,8.388601054737427e-05
1.2067612123958773,8.385005421990242e-05
1.3243127761156404,8.338986230293199e-05
1.4833176329131013,8.269384687992514e-05
1.050262282008387,8.440606341132486e-05
1.1507836133271208,8.406891224634683e-05
2.0263882803920126,7.978525809427399e-05
2.0749749422641632,7.949098333664755e-05
2.0869367810967883,7.941113868839142e-05
2.085633735014311,7.94052084785749e-05
2.0923186182298363,7.93432751374508e-05
2.109721835651269,7.92178272020546e-05
2.1237046732893075,7.912348797029981e-05
2.0273690027006412,7.976969245928421e-05
2.007486101927804,7.989569606553956e-05
1.9775538031326216,8.00690193841278e-05
1.9712010746917796,8.010629241628298e-05
1.9961842213484016,7.994894148090646e-05
2.0303901359430925,7.972805005877067e-05
2.0623128726115154,7.95106679456574e-05
2.0771836993390407,7.941816124680862e-05
2.0813770612584945,7.941791804023421e-05
2.090735769799656,7.937517451218445e-05
2.111538678453431,7.925802250945537e-05
2.1138967355973244,7.924247882910789e-05
1.8946526607128997,8.055164687177967e-05
1.844476004353624,8.083748727769183e-05
1.8284378525128924,8.092660304490593e-05
1.8626945009287923,8.073519136549354e-05
1.9198439024576142,8.039961600661406e-05
1.9737229898073332,8.006621883212771e-05
2.038893749538405,7.967247129082422e-05
2.079587344824833,7.943807328756072e-05
2.1171458328309636,7.92251788501199e-05
2.142488863828004,7.905848265300674e-05
1.694017806197384,8.164977656566014e-05
1.6668968696550093,8.1785532589026e-05
1.706507444201587,8.158604555926018e-05
1.7858596955875656,8.116112160473728e-05
1.8731225810818846,8.066934728263986e-05
1.9802760418003964,8.004229286340181e-05
2.0684313138352803,7.951464692940101e-05
2.1335521196043636,7.910379035164975e-05
1.500606820592457,8.260193865699887e-05
1.5337174996237246,8.245224375125871e-05
1.6274444712486233,8.200065072426676e-05
1.743991474750691,8.139393003707154e-05
1.8792345717558057,8.063914100247284e-05
2.000401192312114,7.992929415810467e-05
1.3594623937383516,8.323698277005101e-05
1.4533737138972136,8.283369430124471e-05
1.5886408934325422,8.219839595485976e-05
1.733837979846267,8.145229773226697e-05
1.28364132166912,8.35608806564875e-05
1.4255650279429182,8.296159811615116e-05
1.9948874125481442,7.997207230191718e-05
1.9845814392504908,8.003301472364176e-05
1.9908824773489153,7.999181779269593e-05
2.006685918620421,7.98789697246671e-05
2.0159874889454628,7.981030517829478e-05
1.8307045817757912,8.091395408066886e-05
1.8577938703577321,8.07633186627488e-05
1.9049314742195143,8.049376079285184e-05
1.9482520237008378,8.022899167191432e-05
1.9855018036385015,8.000325505205132e-05
2.0133114800140075,7.984539915637824e-05
2.0241875988389473,7.97866974231665e-05
2.0117066634270326,7.98712277810956e-05
1.6965160565644493,8.163920394771457e-05
1.7675095428603727,8.126853706057273e-05
1.8484968216246236,8.081476553116427e-05
1.9219192542676427,8.039235365444114e-05
1.9952046178990228,7.995765729220055e-05
2.033571113269539,7.972582176407973e-05
1.609450979974251,8.209300514640089e-05
1.7157824388342315,8.154993147324908e-05
1.8276683288137463,8.093602873865624e-05
1.930533192477957,8.034694370375134e-05
1.5659089183248218,8.231237007045553e-05
1.6998397322128722,8.163668939152244e-05
1.9087091616247984,8.047213258099895e-05
1.9493039439732591,8.023122604541706e-05
1.9662148012542924,8.012806538385587e-05
1.8432702831103966,8.084543120754332e-05
1.9113534191451067,8.045802276199527e-05
1.9570915608598862,8.018970204886833e-05
1.972002750872529,8.010036336032148e-05
1.8167134298835257,8.100075596210372e-05
1.9052793296293336,8.049470198485111e-05
1.9535155323167959,8.021335410350018e-05
1.2268936144842666,8.30015516689343e-05
1.3134573916783767,8.274570529388849e-05
1.5380066575400455,8.190680521785455e-05
1.8275235646606087,8.055782849933784e-05
2.1205084250460713,7.897426293144313e-05
2.3800288768998072,7.729319933024451e-05
2.587272576765236,7.578275461605614e-05
2.735494573168211,7.4651081154345e-05
2.8266766586854652,7.395042759271976e-05
2.8695196430698986,7.361528445999475e-05
2.8778238100567264,7.354878063530253e-05
2.868535204493349,7.361591384537648e-05
2.8583891182515258,7.369652754691827e-05
1.3244437529943676,8.271435547228326e-05
1.4812116117863838,8.214911605212679e-05
1.727175505646729,8.104604910115393e-05
1.9999739249518893,7.978123568793293e-05
2.256133683308989,7.814228296303306e-05
2.4713519100346626,7.66590881410186e-05
2.6349720453226153,7.54307498667223e-05
2.745930219547298,7.458356880298529e-05
2.810174345777151,7.408039930033224e-05
2.8387366404137477,7.38564632201781e-05
2.8458953533596487,7.380083375026274e-05
2.846749736882902,7.37869679150015e-05
2.853276490113169,7.373910690893658e-05
2.865148618079021,7.36591717564439e-05
2.848778733224205,7.378344262858145e-05
2.830382505140987,7.39262632778325e-05
2.7892643481283668,7.424503729766846e-05
2.7095974028565117,7.486115169612228e-05
2.5808423366840096,7.586569140148285e-05
2.3987862259573514,7.720967389602076e-05
2.1673403018114703,7.877202315421524e-05
1.9014869506312524,8.036615291160865e-05
1.6325104256083696,8.149889508077031e-05
1.4147963810397803,8.239476684758632e-05
1.5468585080395758,8.186881498387192e-05
1.7086386753121354,8.113318833435568e-05
1.9205800816046328,8.029382107133303e-05
2.1408057716569173,7.896577361001628e-05
2.3410115683190984,7.762748982642892e-05
2.5058800274454454,7.641896225959561e-05
2.630022671958684,7.546640439417177e-05
2.7151960122051495,7.482988081466293e-05
2.7680589207080177,7.440897081407844e-05
2.798280768499618,7.417618124493282e-05
2.8167199954738114,7.402190059441368e-05
2.833136340839614,7.390225070957457e-05
2.8529626301991935,7.374069965755388e-05
2.835188502182885,7.392121715158034e-05
2.7798805090216914,7.433645470921771e-05
2.7232503632271023,7.476952231579149e-05
2.647676529767597,7.53854841962868e-05
2.5401349267485207,7.622733806486816e-05
2.3942812959551025,7.73350931644602e-05
2.2117827122049567,7.860196294014126e-05
2.00461085328929,7.991134586718448e-05
1.7983476688310638,8.090594505633511e-05
1.7710708845853145,8.097567444719603e-05
1.8939331848771583,8.04894332465975e-05
2.0487062326955625,7.960371955352817e-05
2.209748621313925,7.855976132713342e-05
2.3591363878863127,7.7508802768507e-05
2.486928816526369,7.656198798900613e-05
2.5895646546359212,7.579754883565987e-05
2.667913847908557,7.518929280325762e-05
2.7255689642690535,7.474029253841827e-05
2.7675343444240372,7.441024658834924e-05
2.7991642168985784,7.416691903022522e-05
2.8248864886602156,7.396144564353858e-05
2.8446875503697657,7.389278863328405e-05
2.7480405997687516,7.464504532847504e-05
2.652670692515613,7.537050487795951e-05
2.5644912464364236,7.606369009796928e-05
2.4746296408341135,7.679110348574923e-05
2.37315499718936,7.756036214350192e-05
2.256364360891957,7.838536390720782e-05
2.1290146567401975,7.921350233931358e-05
1.920878142207407,8.03915881558054e-05
1.9923124081182233,7.998147868309183e-05
2.093772637099781,7.934178780752408e-05
2.21036883221166,7.855930740314266e-05
2.329785206760193,7.772034034414391e-05
2.4431491495976094,7.68871613769483e-05
2.544643959765202,7.611446002448413e-05
2.6307819126569565,7.547768186261895e-05
2.6998859608065255,7.493941073307159e-05
2.751920810013728,7.452874775009925e-05
2.7884433393966797,7.42412984517773e-05
2.8113519284264394,7.421183972439649e-05
2.7270252399560917,7.486136158759434e-05
2.606398993403415,7.577486616061079e-05
2.485342137236709,7.673148670901469e-05
2.3964114018402034,7.741555174503734e-05
2.341396944506752,7.782205779052835e-05
2.2988979019120865,7.811227216588159e-05
1.9790246940180838,8.008135061609689e-05
2.009639554251507,7.98968670641971e-05
2.078701289467905,7.942852574669e-05
2.176274790809567,7.876546687586167e-05
2.290251871699047,7.798289269506346e-05
2.408414753056635,7.714411383456554e-05
2.5199075653408003,7.630938124196464e-05
2.6161927137843315,7.558572247119897e-05
2.6917223371837444,7.499443465896897e-05
2.744439439068598,7.459263293649543e-05
2.691798284331039,7.519712352276484e-05
2.643918666702024,7.555039848016219e-05
2.563522023072433,7.611740561111829e-05
2.445127908681126,7.699774052624907e-05
2.3244063760640206,7.791516492094226e-05
2.309404983395831,7.804764149583882e-05
1.9708485337604358,8.012068404254982e-05
1.9841442820021025,8.002810986083095e-05
2.047122792208994,7.961357988764177e-05
2.1487229931883527,7.891522468910848e-05
2.2726132163702983,7.808498318696341e-05
2.401540090303868,7.717403461501249e-05
2.5206448426569263,7.629924514359594e-05
2.619249327438246,7.554748917448933e-05
2.642436856195917,7.558870608710997e-05
2.5377629562795025,7.63937038846086e-05
2.487865965394678,7.674627794757583e-05
2.4611355728009587,7.688924692122667e-05
2.424720773807436,7.71161274819308e-05
2.3522690780919167,7.763449048932514e-05
1.9430777071065382,8.026748141738303e-05
1.9627657210600098,8.014157880377432e-05
2.037985436362685,7.965925837405975e-05
2.152774404814063,7.890001327297219e-05
2.2863682205242015,7.801245630056257e-05
2.419164789335657,7.7086247415873e-05
2.536143775958913,7.619033975282235e-05
2.521616707992972,7.651246368644967e-05
2.3980804167565735,7.742077905832607e-05
2.3196128631358586,7.795281503537772e-05
2.3025936356625243,7.80124325482072e-05
2.3671040376614663,7.752641405826211e-05
1.9378070285603939,8.029094445263676e-05
1.9752095574546897,8.007593951393232e-05
2.064527290827719,7.950963493907152e-05
2.1863203070428505,7.870617939412999e-05
2.319291429038142,7.781835859569081e-05
2.4455183937424523,7.690585236239735e-05
2.416550747381295,7.728708904654906e-05
2.3480893780327774,7.77747496587907e-05
2.2200189661860175,7.862626945048118e-05
2.163492732653773,7.89918274916273e-05
1.9699814433065264,8.011821673177785e-05
2.0202453054337703,7.982238115170503e-05
2.1130462784265176,7.922964394624305e-05
2.229833683878576,7.844873150999554e-05
2.3523361523511332,7.759610829159963e-05
2.3413539710805678,7.781819940021973e-05
2.291974399281933,7.816078644804473e-05
2.220779782518227,7.86304765787295e-05
2.0252194608138905,7.980607235247932e-05
2.075621375530322,7.949933761279093e-05
2.160029024528671,7.894235554368423e-05
2.2635290755707613,7.82486642105789e-05
2.3019679243699565,7.809078278640059e-05
2.2801054989783265,7.824056480011404e-05
2.078069422062138,7.950869240957893e-05
2.118036626230548,7.925311283622425e-05
2.18761660654729,7.878000618945436e-05
2.275896856592786,7.814985720064455e-05
2.109013053436154,7.932907750245636e-05
2.133582096437895,7.915436955022566e-05
1.6223571185067782,8.15391684410836e-05
1.834689215170479,8.07334055514949e-05
2.06939740662154,7.944890979605299e-05
2.2887229338227404,7.802487364765988e-05
2.4722340438137933,7.671642838921561e-05
2.611932961971916,7.564524940807892e-05
2.7086749328486035,7.48723236673696e-05
2.769849520451613,7.43971302383355e-05
2.807458423969067,7.410648048776364e-05
2.8323849528462337,7.39100527457166e-05
2.8400217672411823,7.38418565896157e-05
1.8330745882728117,8.078581876374935e-05
1.9998514154344444,7.994983652099703e-05
2.178053963228249,7.882102708678072e-05
2.3430063097420004,7.765952364358685e-05
2.4820287493638076,7.663512299870145e-05
2.5913279513490295,7.580063987824089e-05
2.6732115366400935,7.515650590057472e-05
2.7334411083459567,7.468695656933933e-05
2.777203193428153,7.434225410072217e-05
2.8047648284164,7.411998298418945e-05
2.819272848718752,7.400698204271734e-05
2.8209824720188523,7.4003827707715e-05
2.779418757559947,7.435188238649613e-05
2.7115725968693027,7.48635926263707e-05
2.637101894968257,7.54837761582345e-05
2.5485843035223263,7.617514721920739e-05
2.437391700432667,7.704686594771384e-05
2.3004201234497947,7.804115824432345e-05
2.142611704387731,7.910538513238728e-05
1.9789952917338969,8.009066053568659e-05
1.9734035769773937,8.011710368739417e-05
2.0849312807997333,7.945634564311002e-05
2.2111563881658576,7.8616234582504e-05
2.335834409217515,7.773515064470296e-05
2.4499365858922655,7.689656543501657e-05
2.5494548142159625,7.610517863749568e-05
2.633240788091101,7.546068216464275e-05
2.7010408384116324,7.49269235445438e-05
2.751670548415012,7.452844345987555e-05
2.7831562790322435,7.428529048884592e-05
2.791743628817765,7.422678804578163e-05
2.756393367900551,7.455216346435308e-05
2.6651470506313646,7.527938210103625e-05
2.5614087334986197,7.610423233466789e-05
2.467538376161546,7.683460123780952e-05
2.3846849643092574,7.748236630483475e-05
2.3050023900219903,7.806124318823524e-05
2.2235626019235406,7.860914675794052e-05
2.0255975429305018,7.981963897361698e-05
2.0947562862678133,7.938287854715609e-05
2.1904974144679668,7.872734728435273e-05
2.29875036687139,7.796144518881196e-05
2.4092562641280906,7.715471589202311e-05
2.5141899876722014,7.635929416902314e-05
2.607236247080143,7.566685590283858e-05
2.6829618459187325,7.507055532013604e-05
2.7347047460729756,7.466782250141726e-05
2.739229659569878,7.467584992057691e-05
2.6997562686264986,7.503556659392723e-05
2.619256067650086,7.568523600711811e-05
2.5056597442718105,7.655198800487124e-05
2.3907953459267035,7.743304564775392e-05
2.3245851564031446,7.793645880551373e-05
2.308108270088539,7.805448455473041e-05
2.0138621195114688,7.98904619424268e-05
2.0656190253007036,7.954532250397959e-05
2.1552256010222033,7.893216667256161e-05
2.266833870668285,7.816179174496423e-05
2.386575575427542,7.730070502183583e-05
2.5016007759694023,7.645760327140201e-05
2.6013250765218654,7.57012103930001e-05
2.6750635113043937,7.513577101905354e-05
2.6362072866246873,7.559782317619708e-05
2.5805409386020792,7.602727232527632e-05
2.5258654049030405,7.642125145478459e-05
2.4546950895075947,7.69245454048223e-05
2.355888161230212,7.763492004465999e-05
2.2694872111611955,7.831559995798982e-05
1.9836795272865821,8.004559042817053e-05
2.039771560669281,7.970045909905135e-05
2.139574127256559,7.903534230160699e-05
2.26315051758087,7.81985024496629e-05
2.3919273863890265,7.729228111871476e-05
2.510476584539981,7.640482854914567e-05
2.603088029460297,7.574334481167799e-05
2.5463710025738235,7.632563493040485e-05
2.4273406440158145,7.720004951947917e-05
2.3781090974551016,7.751192068538119e-05
2.3675009700895377,7.753752683991181e-05
2.36554970502244,7.753559672985973e-05
1.9760512770191212,8.00896365724787e-05
2.0465755761343587,7.96690359525629e-05
2.1581671138212735,7.893614151958124e-05
2.287564371780701,7.805292283323297e-05
2.415417847482279,7.711862144615104e-05
2.501680382088838,7.66600468299741e-05
2.429044068230881,7.720127208449635e-05
2.300873923530582,7.809272008100975e-05
2.226373222514313,7.85755750330831e-05
2.247999477885889,7.835473275916221e-05
2.00547581743316,7.992534081028774e-05
2.0857948284646093,7.943390833546908e-05
2.1988057799621927,7.868565726893686e-05
2.3225393978632347,7.78353680587662e-05
2.4068326956265222,7.734414469610557e-05
2.3411353844986262,7.782128518283194e-05
2.2458167219540646,7.846652087219208e-05
2.192203679598767,7.881364381132697e-05
2.057909077617855,7.962649426661586e-05
2.1360067058127914,7.913937583265588e-05
2.2394861065010154,7.843507571788891e-05
2.339989812683042,7.782578311309517e-05
2.293583358672077,7.814837508337911e-05
2.271474216062314,7.829956728097108e-05
2.108513233703572,7.932420223029589e-05
2.174910387313429,7.890183496255071e-05
2.263641884594425,7.828918879324803e-05
2.2847309824837696,7.820903717578644e-05
2.1382256535786754,7.914886650840607e-05
2.189231064740718,7.881176850988723e-05
2.0972944176805184,7.93992583695596e-05
2.2087426236087837,7.869243693936175e-05
2.3209061450625774,7.79055135781062e-05
2.426184531368349,7.712555784637786e-05
2.5227028322542133,7.637791735640464e-05
2.611384950122565,7.565957385561234e-05
2.691002065573288,7.502491035198469e-05
2.751575378533692,7.454648028006892e-05
2.780014067075286,7.431396650305103e-05
2.135251975565606,7.917499512732134e-05
2.2069657223311396,7.870126783292698e-05
2.2948168349458298,7.806992362687484e-05
2.391241648218122,7.734217819156477e-05
2.488961616670813,7.659673715589967e-05
2.5818234823447868,7.587951508570702e-05
2.6624547553745828,7.523522823039999e-05
2.7192660338183554,7.478463050501801e-05
2.7368579198755274,7.465081333419064e-05
2.709092399447433,7.489602785119949e-05
2.6416700938350335,7.544491400075124e-05
2.547608846059215,7.619842880783656e-05
2.447163118431408,7.696973262510047e-05
2.3586674123817013,7.766469485704551e-05
2.2928497992154213,7.814357223943496e-05
2.245652782813383,7.846856756601217e-05
2.1148965039779934,7.930122723491797e-05
2.1713112669796453,7.891881369229015e-05
2.25690688348732,7.831184481691676e-05
2.3574579287156197,7.75845440881459e-05
2.462385860611351,7.678495030028465e-05
2.561823796857808,7.604739026032713e-05
2.6437355287005575,7.538521171121626e-05
2.6830564428422576,7.507739766909774e-05
2.637372270568681,7.548770893332337e-05
2.5666861872706916,7.607333474213249e-05
2.4765716701398635,7.679355852265583e-05
2.3767189538300166,7.751650113605035e-05
2.291135207097998,7.814928723766246e-05
2.271023848953649,7.830896587259834e-05
2.078950250770735,7.951045340325367e-05
2.1399471530206284,7.910970276117863e-05
2.234479203399805,7.846302476308307e-05
2.345396656240748,7.767672855076162e-05
2.4581323556304517,7.682690395835565e-05
2.55931808689856,7.606334196285001e-05
2.6131250706928606,7.568123721626486e-05
2.528533721876096,7.642020600919659e-05
2.454126400248038,7.696211497706639e-05
2.3831515828269394,7.746831580947159e-05
2.3125140592936364,7.795245915916787e-05
2.2444539036411593,7.839197066294137e-05
2.065839757291278,7.95824843487344e-05
2.139872466380484,7.911893971584822e-05
2.244464239163164,7.841456863155163e-05
2.360309300929571,7.760335691829102e-05
2.4717540372800766,7.676759238848513e-05
2.5175652438461307,7.6518625506728e-05
2.406439828015697,7.734193797262248e-05
2.3232009938208216,7.791694735461491e-05
2.2657558537598455,7.828240477968124e-05
2.2607364012913718,7.82748248701998e-05
2.0888964590941774,7.94453756589289e-05
2.17157224288913,7.891742141014983e-05
2.2768363020669242,7.820982936673017e-05
2.3869730553486175,7.741256850574358e-05
2.412678669953911,7.731063539784185e-05
2.3463708309150184,7.778193377901684e-05
2.2338303748517525,7.854053052282225e-05
2.1837265064141507,7.886906173073266e-05
2.134744374747856,7.916907717593074e-05
2.214874066199849,7.864931049344032e-05
2.3108866458878414,7.799105912470708e-05
2.3338092214539996,7.787029393398831e-05
2.2855628885544097,7.820575734284718e-05
2.2281862726541815,7.858416854902336e-05
2.179983276054046,7.88898528219769e-05
2.248935490387905,7.8433807147728e-05
2.2920752016566897,7.81565881713312e-05
2.2706638420639247,7.830405296548023e-05
2.2067162485493927,7.871618584774455e-05
2.26154112847238,7.834864503228204e-05
2.2157214723703973,7.866450608210181e-05
2.2527433360633555,7.84074319216002e-05
2.324201718722698,7.788038426866437e-05
2.416174314109894,7.720984740848935e-05
2.5144581096386305,7.643164934021822e-05
2.60417904296139,7.572195437041473e-05
2.6655565276520505,7.521684155873326e-05
2.173763698230144,7.893169226793804e-05
2.2174832236890083,7.86357795475384e-05
2.295776739787902,7.808858434471292e-05
2.3932634953193817,7.73715452811394e-05
2.494924020796821,7.659273224086785e-05
2.580965783624069,7.590793142790341e-05
2.5934148498501797,7.582135992141302e-05
2.522347846702943,7.64173288988122e-05
2.429530098779194,7.714902378745886e-05
2.3338251528638034,7.784695894997302e-05
2.2549436356445574,7.838657199750367e-05
2.22562326850697,7.86017853367703e-05
2.15531669812853,7.904881303503402e-05
2.2115590469887816,7.867915091741993e-05
2.2973269757786934,7.808192818013101e-05
2.3971596719882484,7.737199183524776e-05
2.49419430811514,7.660720278585887e-05
2.5232625404003315,7.643086543507435e-05
2.420731903708163,7.722139930017991e-05
2.3325622233762817,7.785289955089335e-05
2.250756167232646,7.841365049997685e-05
2.206209314590854,7.873057359997645e-05
2.17210101449741,7.893963152557697e-05
2.236867549320918,7.851288383909915e-05
2.32233625886007,7.792626440081419e-05
2.4151081876672524,7.723481548840564e-05
2.4255926962054177,7.720103510616625e-05
2.320742885513503,7.79536448711082e-05
2.244639880966811,7.846378729835005e-05
2.199186131628293,7.876791901271712e-05
2.211138628065758,7.86890233423079e-05
2.274025850180391,7.827187504419633e-05
2.3506106644863056,7.773497283703541e-05
2.33416655613223,7.786916821279747e-05
2.26092742064562,7.836429751072927e-05
2.220185133495902,7.863675704902575e-05
2.250563166399356,7.843719982606557e-05
2.303540672827448,7.80734848197075e-05
2.2797470756802856,7.824112314398912e-05
2.2617568184343573,7.836553928137176e-05
2.2739643749920724,7.827992842990021e-05
2.267835612570248,7.832221309067113e-05
2.2047921687381247,7.873681749340049e-05
2.2410529200706795,7.849075086521027e-05
2.3182334354130925,7.795830227301753e-05
2.4134704196408596,7.726795744507082e-05
2.5014774515786486,7.659001579320135e-05
2.2182861221797205,7.86440226745096e-05
2.26133976722993,7.835730514368463e-05
2.3335414623608406,7.785969082988145e-05
2.417607192428748,7.724834711041204e-05
2.4147918608516594,7.726766069909716e-05
2.330631899916596,7.787654284215859e-05
2.2560473449354603,7.839462806022807e-05
2.2206126348138926,7.863693841601355e-05
2.2529037005840147,7.842220777743499e-05
2.2941123133085415,7.814450894329979e-05
2.3553081019415205,7.771127584888933e-05
2.3465362613375165,7.777736567620854e-05
2.2676110290300513,7.832255028625237e-05
2.2339872904847953,7.854903456173487e-05
2.2879929983241394,7.818871157132471e-05
2.320139325405915,7.796692899877533e-05
2.2798374597724678,7.824058441961541e-05
2.2509350478393846,7.843344784321026e-05
2.276790798077145,7.826012268906007e-05
2.2574340603630705,7.838994677004563e-05
2.2540813277966874,7.841472443651029e-05
2.284130042066544,7.821131364749089e-05
2.344072606480431,7.778900986739933e-05
2.2868775402153374,7.819770440635414e-05
2.3070224100245036,7.805779381013255e-05
2.2882752293762736,7.818677157207335e-05
2.265850455458019,7.833840864987045e-05
2.2764805668958723,7.826363528823163e-05
2.2640879592942746,7.834674314843602e-05
2.2836154511636932,7.821723498748547e-05
1.2268936144842666,8.300299993728854e-05
1.3134573916783767,8.27364148924217e-05
1.5380066575400455,8.190339480926397e-05
1.8275235646606087,8.058279740545183e-05
2.1205084250460713,7.897626721439064e-05
2.3800288768998072,7.728544616887075e-05
2.587272576765236,7.579474864029971e-05
2.735494573168211,7.466116280229863e-05
2.8266766586854652,7.394928089744462e-05
2.8695196430698986,7.361649245143313e-05
2.8778238100567264,7.354845788393817e-05
2.868535204493349,7.362275438516756e-05
2.8583891182515258,7.369737351291128e-05
1.3244437529943676,8.271264410584078e-05
1.4969726700965442,8.208075152707623e-05
1.7666579843373593,8.084144812151112e-05
2.0584819558355143,7.937314786570431e-05
2.3280509717396933,7.762694976432893e-05
2.551265812848615,7.605229741599877e-05
2.717139711046253,7.480642822834803e-05
2.8242198618148775,7.39681953210649e-05
2.878876483132028,7.354359636254407e-05
2.894220674857495,7.34206176845283e-05
2.889368884163822,7.34637056027416e-05
2.887995677807781,7.34835798975276e-05
2.8889237978161684,7.349243850651363e-05
2.869232379538464,7.361347766379306e-05
2.887573221701486,7.347070952760178e-05
2.893420472451519,7.3429127718383e-05
2.869751071864198,7.36133546119609e-05
2.8017676145703465,7.414388180147888e-05
2.6793533227109108,7.508033498820996e-05
2.4986722852277756,7.640472825243767e-05
2.2637979423823245,7.799506606558749e-05
1.989124203565811,7.973529329093424e-05
1.7035733432482165,8.115634603239529e-05
1.4563072840688491,8.223197832982253e-05
1.5468585080395758,8.187489230120888e-05
1.7279255790202797,8.104029435584212e-05
1.9786678049736945,7.993102008937555e-05
2.2371241325539732,7.830393613792812e-05
2.4674871839741006,7.668371534244679e-05
2.6509483925242963,7.531638876126753e-05
2.779620663112303,7.431605491913116e-05
2.8550565299262898,7.373050417907834e-05
2.8882906141990228,7.347189273761605e-05
2.8989593652739596,7.339824271769146e-05
2.9110528889064984,7.331605188415856e-05
2.9275745104925086,7.320661279439653e-05
2.897502819023518,7.344460642748631e-05
2.8742017188900064,7.35758261492865e-05
2.8872298703765567,7.347254290047363e-05
2.878231049358912,7.354665223423603e-05
2.8335673419748035,7.389390575073813e-05
2.742929443813618,7.459117857203756e-05
2.6012993618577105,7.56550086992748e-05
2.4104840872182653,7.701295935259356e-05
2.1808342090981325,7.851450855576098e-05
1.9335936735969885,8.002362364636147e-05
1.7710708845853145,8.096919404531227e-05
1.9160997235340484,8.037583029259049e-05
2.122831528581363,7.913943816488932e-05
2.3416454967813785,7.768343805289034e-05
2.53924476678561,7.617705646991287e-05
2.6960423737055046,7.496634977277884e-05
2.8027401085684174,7.414901923897452e-05
2.8622638694819535,7.368486569705745e-05
2.890084409773875,7.347998452052402e-05
2.906262495415221,7.33686850408966e-05
2.921185454935906,7.326254064915617e-05
2.9090366456507852,7.338159172053433e-05
2.84635039962364,7.379421628670238e-05
2.8606853198267865,7.368006087641891e-05
2.860493598599239,7.36837863102923e-05
2.8360470348755045,7.387323591244113e-05
2.7782992155353052,7.431834245075198e-05
2.681401035673522,7.505330695543354e-05
2.5445147116274667,7.60499988177199e-05
2.373234315238349,7.726209324162633e-05
1.920878142207407,8.039064592522449e-05
2.0224024246873618,7.981958453954282e-05
2.1986678578800585,7.871670307985751e-05
2.3963898538524577,7.734791899392613e-05
2.5796398255959847,7.590350153301296e-05
2.7251880221381146,7.476966260396092e-05
2.817982253327473,7.40548303169715e-05
2.861019511784741,7.372270580461364e-05
2.8737833721643424,7.363274212840132e-05
2.872752899612052,7.367232923579578e-05
2.8442943373927143,7.391967941605741e-05
2.812146931240425,7.405760982641979e-05
2.82550787571298,7.395586013755862e-05
2.828820200430861,7.392918398143693e-05
2.8190134961896876,7.400508911162136e-05
2.790430898157,7.42262197788998e-05
2.7370893741346176,7.463147503143403e-05
2.6551014086656766,7.524576919134658e-05
1.9790246940180838,8.007516846230642e-05
2.0796691504655826,7.948914244848852e-05
2.2544497905885383,7.837113701060868e-05
2.4372984006219274,7.705656298492175e-05
2.6097399103068226,7.570341011850062e-05
2.7443840802047426,7.46625931325611e-05
2.8092082880049785,7.416091723364156e-05
2.8155620095726652,7.411909579695815e-05
2.7949130419460464,7.432429298340451e-05
2.761535843956936,7.461937147818038e-05
2.7759723479856095,7.434462575104053e-05
2.791094203438676,7.422361567766941e-05
2.795899670494613,7.418669254464806e-05
2.794785980597229,7.419048095301309e-05
2.7878454706698563,7.424495064155621e-05
2.770744413682532,7.437651083239488e-05
2.0623956713791096,7.956492167908299e-05
2.151068176288899,7.903105309602406e-05
2.2736678677415427,7.822522880145625e-05
2.4318947528954786,7.710479591511161e-05
2.6012173763718756,7.585255170406379e-05
2.7247175378446435,7.485240615726955e-05
2.7355994817405,7.480490892795997e-05
2.6970172995911055,7.514686162675505e-05
2.6916206642314493,7.5005384203849e-05
2.7372075657784567,7.46463432934886e-05
2.7604144016222736,7.446233468661014e-05
2.769505725084392,7.438676968591482e-05
2.773937630024102,7.435012465831857e-05
2.7801202727603602,7.430457875932586e-05
2.088300153268895,7.939742223761267e-05
2.0949375462409514,7.938238303951807e-05
2.2137478985549266,7.862497915242259e-05
2.390238890907622,7.743535725997257e-05
2.57269247041451,7.609873036107479e-05
2.640244546192858,7.55783681327838e-05
2.5901245107961364,7.597273783785478e-05
2.628087892160592,7.549102252764784e-05
2.691745529242052,7.501353250944275e-05
2.7295450987897802,7.471103153634741e-05
2.7488535218377805,7.455218426455232e-05
2.7602422516780782,7.446040287560632e-05
1.9378070285603939,8.029368256657184e-05
2.0260616753501948,7.980083329976677e-05
2.184654647112681,7.883385973803751e-05
2.3772233476756637,7.754397150879562e-05
2.5311703208605425,7.640827120714075e-05
2.4878474397593027,7.6750239795585e-05
2.5527057512807443,7.60791690898068e-05
2.6346341609699806,7.544101955162441e-05
2.6908627572515993,7.501150344753911e-05
2.726064144635045,7.473500682916977e-05
1.9699814433065264,8.01157762382434e-05
2.0503966332616357,7.965428259332098e-05
2.2054043948323643,7.870293097683984e-05
2.387029630156239,7.747307926915978e-05
2.403169711188724,7.737191473545425e-05
2.466179425313758,7.676966931049727e-05
2.5622488487812247,7.602537107569618e-05
2.6367813935185076,7.546730825821174e-05
2.0252194608138905,7.981317454473609e-05
2.0990903395654112,7.937704598102871e-05
2.23912889914674,7.848590612920981e-05
2.3436098682580395,7.779798679269191e-05
2.3718090715821147,7.747520159940157e-05
2.473711100361751,7.67261485568282e-05
2.078069422062138,7.950737227517963e-05
2.1390069197295225,7.914194543957956e-05
2.2629912384969226,7.833864550528869e-05
2.2959986431588577,7.813377116412066e-05
2.109013053436154,7.932921106728653e-05
2.154134068675996,7.904311043507753e-05
1.683014466868684,8.125953573548456e-05
1.9363908583274656,8.006387125240323e-05
2.1988281969359273,7.844226225691557e-05
2.4355651937423604,7.68657166179136e-05
2.6270562514110196,7.547988739864818e-05
2.7646824469987736,7.443007674310154e-05
2.8485322897525744,7.377910671427498e-05
2.8863710846275774,7.34803562734119e-05
2.893041682095411,7.343249694300228e-05
2.8927333814635983,7.344698856857089e-05
2.9149903376352078,7.330104878671854e-05
1.8967527977222158,8.035442719642762e-05
2.1150611497666216,7.908762738794083e-05
2.3369515782419557,7.759646342703631e-05
2.534349864200952,7.618200851545974e-05
2.69046321786556,7.500316728581052e-05
2.797790380288963,7.417404860000882e-05
2.8586106794393538,7.371414208612233e-05
2.885696578021007,7.34992936616665e-05
2.9003862402683596,7.339705947383707e-05
2.923061848743125,7.32368981889958e-05
2.9330258951525887,7.317669405792218e-05
2.9006200452459594,7.342004384003895e-05
2.880073331487178,7.354037881718008e-05
2.8757035940597895,7.356877106581722e-05
2.852648084327414,7.374960705071458e-05
2.7947372234804124,7.419210803658398e-05
2.6933693537038805,7.497151852034154e-05
2.546823753823536,7.604746167888048e-05
2.360753850925066,7.735237539790128e-05
2.149147346421569,7.875536263305157e-05
2.0416884005221876,7.96247177049416e-05
2.218051180835827,7.850401147516823e-05
2.406895534772703,7.718899972965164e-05
2.5804368051143634,7.586246849274509e-05
2.7190390534047153,7.479725623800036e-05
2.811907559022916,7.407987284748272e-05
2.8618648171100407,7.369945631123158e-05
2.884853209611365,7.353479122052149e-05
2.8984274169330146,7.344388009334704e-05
2.906902377863923,7.339942821092662e-05
2.889563172560601,7.353580127010049e-05
2.8626189282444976,7.370025254158011e-05
2.852114469634215,7.375834596239157e-05
2.8378226597305045,7.38609046364236e-05
2.8032429554280176,7.413223739676693e-05
2.7393208967325555,7.46144138487368e-05
2.642179195483897,7.534388623602386e-05
2.5134588250889887,7.629744457513795e-05
2.113935407065397,7.923818580974968e-05
2.271501964726642,7.821327785464477e-05
2.4478105368666645,7.693812947602715e-05
2.612988261103779,7.563776082978959e-05
2.743105577406039,7.464794095925616e-05
2.8189346110421436,7.40618633773217e-05
2.845057636542036,7.386456837438342e-05
2.844081695247898,7.390445786251203e-05
2.8331526765029733,7.401735618370211e-05
2.815553233769103,7.410272818988841e-05
2.8257065265467496,7.399442711380007e-05
2.8239512735244654,7.398744962316152e-05
2.8147392962915383,7.40483867408648e-05
2.7974618351483893,7.41749461260596e-05
2.766317811785526,7.440988275281008e-05
2.7155908199147305,7.480266310867183e-05
2.173180059546782,7.88944615405302e-05
2.3135384473524523,7.794448719380335e-05
2.470650230904658,7.67720301068425e-05
2.626524268055988,7.561017697124638e-05
2.7448184029035945,7.466717812128421e-05
2.7816513305805093,7.43870514442096e-05
2.765215861156744,7.455587228480146e-05
2.7315792963146244,7.48505091698548e-05
2.740830143959303,7.46346050076093e-05
2.773285632701133,7.437349246026121e-05
2.7887829824114356,7.424856444109298e-05
2.791307493344111,7.423228997796444e-05
2.7871423830186055,7.425880751944052e-05
2.7799900505943733,7.430829129735575e-05
2.1906046514770727,7.876996036309836e-05
2.2918448853554425,7.808635212878858e-05
2.442900694407498,7.702253658604062e-05
2.6049374369553653,7.582455938029314e-05
2.695352201477885,7.51101084732857e-05
2.6696392052663316,7.534840931380502e-05
2.6187167297451337,7.572135170178068e-05
2.6816993302340624,7.508760394081497e-05
2.727553362212204,7.472544585978833e-05
2.75360567676243,7.452036332128809e-05
2.768072514131707,7.440565580623374e-05
2.777918556700165,7.433565904495161e-05
2.114985304478491,7.924166620188071e-05
2.243427129849747,7.840099358584753e-05
2.4158146318962532,7.724321682635474e-05
2.575258025815459,7.605163963301205e-05
2.5683546483278596,7.613088531566872e-05
2.5278008213209047,7.629525204882918e-05
2.6166440199071603,7.56061561451638e-05
2.679745469349843,7.511644711975535e-05
2.720068400731558,7.478893275497854e-05
2.746113690182596,7.457675271197421e-05
2.0960649966747154,7.934791377048361e-05
2.2431903263930195,7.840661604986814e-05
2.417186464745135,7.722802747330861e-05
2.473399608673329,7.68535948149431e-05
2.440551457630551,7.698201880367516e-05
2.541566641644741,7.619660102355794e-05
2.6211250114144184,7.557833135644055e-05
2.678824477891357,7.510742817518733e-05
2.129984392583105,7.913948627864253e-05
2.2709308037908187,7.822375827739908e-05
2.392243324866558,7.743538011872422e-05
2.3508868619745473,7.76619114280103e-05
2.4553276158148263,7.686778625235213e-05
2.546566161548142,7.61448378481325e-05
2.1718936356065615,7.889528683566271e-05
2.2974277495055606,7.806060376705157e-05
2.3064046214650027,7.806204629296425e-05
2.3605752010929946,7.758991380848378e-05
2.198597972944547,7.873506662734418e-05
2.3015757140690467,7.809424139008655e-05
2.2878193873375663,7.793138588560335e-05
2.459476824969968,7.671014547358765e-05
2.610428287266684,7.560478753051083e-05
2.7283601361257808,7.471212724132011e-05
2.8079075337536814,7.410330374789365e-05
2.852658364145188,7.375844993446398e-05
2.875896548738146,7.358594305027662e-05
2.8971444068663232,7.344623742155768e-05
2.9220172750628772,7.327408135414745e-05
2.356110909713915,7.754062530538361e-05
2.5032319597557993,7.646064260735792e-05
2.638766515616649,7.540829766342122e-05
2.7464316005898723,7.458983812113062e-05
2.816441426576917,7.405192505262613e-05
2.8521412792843788,7.37983597336446e-05
2.867668965518385,7.368278684264513e-05
2.875961456898587,7.364457322334549e-05
2.8724811234481296,7.367694206595975e-05
2.87266796975977,7.366101200389695e-05
2.8587928863844025,7.374566065536446e-05
2.8389629889822636,7.387528875440777e-05
2.8077844130812553,7.410674734786388e-05
2.755913022366806,7.44932249325666e-05
2.6785471265297778,7.508574146445764e-05
2.577434606535492,7.583355831138062e-05
2.394915466332896,7.732245298162853e-05
2.532295995125142,7.623698200563388e-05
2.661461106501476,7.52729940915562e-05
2.7594210678759543,7.453048028194665e-05
2.806359623016609,7.418412627083985e-05
2.811652478212524,7.41531762350163e-05
2.7977010243377136,7.430146719068878e-05
2.7895127173748087,7.435305099048901e-05
2.802475998898104,7.420555534706273e-05
2.8204455102972004,7.404443091983237e-05
2.81822758748915,7.404114125348027e-05
2.8016943491838435,7.415947141629431e-05
2.77396314096993,7.436610063497224e-05
2.7334116089772547,7.467192006279931e-05
2.4129644469781772,7.717618936975188e-05
2.5353765281754534,7.628650831549165e-05
2.6590694310589535,7.53391654693149e-05
2.7360412481160403,7.475741263234976e-05
2.7337875647838263,7.479477182719795e-05
2.6976083660356616,7.511602940419661e-05
2.675103381209188,7.526156629919596e-05
2.721157362725434,7.479535656244448e-05
2.7619913883759,7.447362348869826e-05
2.784332784202567,7.430838249635786e-05
2.79054964684314,7.425700259046402e-05
2.7854872368639767,7.428812382632988e-05
2.379553955366522,7.742984313739606e-05
2.509299563707642,7.650488886098984e-05
2.6322755467837866,7.557362194814013e-05
2.642324387763831,7.555600126023183e-05
2.588486720488052,7.599115806817825e-05
2.572570559319651,7.599487545172337e-05
2.6488719250381165,7.536177291969686e-05
2.703711065244005,7.491749426387817e-05
2.7425595072469946,7.461919196443018e-05
2.770894589103734,7.440550736748082e-05
2.3564499224750963,7.759988507758593e-05
2.4968763362865425,7.660913087513045e-05
2.547416020296363,7.628780873394914e-05
2.4845519186203124,7.677974521114189e-05
2.489204752902726,7.664787221033204e-05
2.5761344013687486,7.594951236057263e-05
2.6450567136718997,7.538557956604622e-05
2.697944095430367,7.496158060252926e-05
2.3662086526417743,7.755928466288164e-05
2.457830865238654,7.693927275978349e-05
2.398563783051139,7.739887309211725e-05
2.409018537572693,7.726449278400854e-05
2.4995727170507136,7.658102448336642e-05
2.578803068482679,7.592626623892582e-05
2.3747623713962707,7.753122198989767e-05
2.3387973999761558,7.783364651035813e-05
2.3315070754416145,7.784582968261047e-05
2.4171658971518393,7.722381118694269e-05
2.30743451310175,7.805395670893957e-05
2.2857612576839297,7.819986729282774e-05
2.605003223651092,7.564819093202161e-05
2.6972441001596597,7.496486884006818e-05
2.768198964325543,7.443009520054956e-05
2.811323274170485,7.41070559749107e-05
2.8297223925074695,7.398089474673624e-05
2.8307539218485815,7.399233887401779e-05
2.8207146190242764,7.41098394270115e-05
2.6252157677336103,7.553525852242238e-05
2.7094835991144537,7.490891410867433e-05
2.7641293294588487,7.449770446762147e-05
2.7765508682460016,7.44110874479516e-05
2.7598874300564002,7.458801806259168e-05
2.7308445957170266,7.485747385736996e-05
2.723553602731725,7.488619633079127e-05
2.7633496675898277,7.452733166637584e-05
2.788854524149905,7.430546060333962e-05
2.7941646396993978,7.425125738432526e-05
2.77987626276781,7.434964056743096e-05
2.746462576916446,7.460235315215742e-05
2.619058013647353,7.563217708249047e-05
2.69280232443038,7.508527481797384e-05
2.7045440233288187,7.501245093565136e-05
2.6680896504586964,7.534719855424375e-05
2.616835437148767,7.576975721738996e-05
2.613323842484387,7.576787828927919e-05
2.6784786532986113,7.516348554420778e-05
2.7298446761391624,7.476686964905663e-05
2.7629498878798247,7.450860295925209e-05
2.7788947271774216,7.436211137716223e-05
2.5975533431030025,7.580576305956192e-05
2.6216418607259118,7.569323469208472e-05
2.568058510316798,7.614537023214629e-05
2.4999756289299966,7.667134066046769e-05
2.5110370279819367,7.652341522143979e-05
2.5943077106724743,7.584460608842714e-05
2.6619690765586945,7.527604600069689e-05
2.7183313980065975,7.485098815672534e-05
2.536675862764658,7.635283420452438e-05
2.4732789692264654,7.685471889252077e-05
2.3994881963409016,7.739682395197554e-05
2.4323700309358363,7.713121197602288e-05
2.5152350913384094,7.647447441689654e-05
2.590275843273776,7.58684870653454e-05
2.3947954794212993,7.742792169651034e-05
2.328144803127943,7.790519478263973e-05
2.367756062040776,7.761140828161732e-05
2.4384003241943693,7.708954031718628e-05
2.2908924003168174,7.816455620589266e-05
2.3145036886597663,7.800549750545206e-05
2.7438765175841784,7.464778933616072e-05
2.7506921434023552,7.46156074013216e-05
2.7297308182844238,7.480467367145896e-05
2.6895120936016985,7.516795859943993e-05
2.6392239842188743,7.556815151390456e-05
2.6913312155026454,7.512372613563816e-05
2.6494666472717148,7.547947532997319e-05
2.5902836832462723,7.595992240908238e-05
2.527194811818742,7.644782993507652e-05
2.53497068147902,7.63744659948831e-05
2.6055610442195856,7.579787291290863e-05
2.668256478261595,7.528717749601356e-05
2.717704860699875,7.488150590328769e-05
2.5599226433160926,7.618652220899967e-05
2.4855619922835466,7.67596859596852e-05
2.4139501221886355,7.730042718318694e-05
2.436417598969671,7.712583333285166e-05
2.5186415593882288,7.649384373691951e-05
2.5961110603185613,7.586157552658183e-05
2.3940759637968223,7.743630046228168e-05
2.325892943711377,7.79210148941367e-05
2.3705817593793075,7.760890631088388e-05
2.4395380544459075,7.70887414672948e-05
2.308714720449894,7.805479757753483e-05
2.3298620849639042,7.790391047187284e-05
2.5809801155266947,7.601379634910479e-05
2.5075015998648293,7.658882316849504e-05
2.4369770476932318,7.712372012443552e-05
2.4063369534435815,7.734645482655514e-05
2.341192541813339,7.781398964373738e-05
2.3622691173917607,7.76683795826293e-05
2.4281231945470525,7.718381747166971e-05
2.30584562474148,7.807304514689247e-05
2.316299795164393,7.799423900682456e-05
2.2947163874865963,7.814235116231319e-05
1.2268936144842666,8.299931921968401e-05
3.314806946120316,7.001756049481657e-05
3.33396106208479,6.985508718182808e-05
3.365957665745401,6.95808898997709e-05
3.408587435027223,6.921214827585337e-05
3.4557963753175973,6.880349746769258e-05
3.49751427908537,6.843845769890938e-05
3.521266892243137,6.823034274519018e-05
3.5149548676789903,6.828479227327545e-05
3.4699625546754294,6.867705997807106e-05
3.38431616296626,6.941660609590144e-05
3.267599446182176,7.040424714460917e-05
3.1586848023281995,7.130382905720644e-05
3.326280182460747,6.992003285176197e-05
3.3413443951765243,6.979178882783871e-05
3.3622381383309707,6.961167462471115e-05
3.392645142208716,6.93497486604303e-05
3.429851033579272,6.902703601841685e-05
3.4665966249811655,6.870786813073221e-05
3.4922817563452826,6.84826018623065e-05
3.4952392801316283,6.845721848907095e-05
3.4656191191939367,6.871484489617245e-05
3.3985199140315077,6.929439852948074e-05
3.297893804965849,7.014905188845857e-05
3.1863192379705154,7.107932262251131e-05
3.1394308373270774,7.14596761466872e-05
3.21847949588446,7.081422522533643e-05
3.3318117764374975,6.98628987601759e-05
3.4242362493137675,6.90725585622009e-05
3.480520949304376,6.858569811472881e-05
3.4997528999937693,6.841902086958863e-05
3.4885772436081837,6.85155718846233e-05
3.4576998779862733,6.87856364203722e-05
3.418736034325598,6.912382186680594e-05
3.381329028402752,6.944725994649865e-05
3.351119195217806,6.970729618670352e-05
3.3290131704533787,6.989725492489623e-05
3.3618640000738487,6.961392238054225e-05
3.3723373693575476,6.952295363690843e-05
3.379259955255229,6.946001068828466e-05
3.3894365101193573,6.937342840043183e-05
3.403201224316339,6.925399610946727e-05
3.415860102912377,6.914370927781444e-05
3.4196632360099635,6.911006553973248e-05
3.4057113508252574,6.92322131274652e-05
3.36626256523608,6.95710068852063e-05
3.2984017256850344,7.014644469734803e-05
3.2099436136244357,7.088430283996284e-05
3.137221316308473,7.147843120483612e-05
3.160871796556159,7.128834350839867e-05
3.2500101288857857,7.055117285356943e-05
3.3372330712640363,6.981814419098543e-05
3.3996482191273163,6.928422996538671e-05
3.432703260455268,6.899921452504432e-05
3.440344712625258,6.8933409196485e-05
3.4306316965328847,6.90170337841408e-05
3.4122965521168256,6.917727950112424e-05
3.3918702263400977,6.935494664216403e-05
3.3718198659192384,6.952712969128262e-05
3.373830258639244,6.950635798060665e-05
3.359355186593211,6.962786940686618e-05
3.3375702887574596,6.98153370253403e-05
3.3174657854165095,6.998412026543528e-05
3.30337354467059,7.01036781519859e-05
3.295507536016743,7.017075053135904e-05
3.2907665887831854,7.02112320388682e-05
3.2816144729074543,7.028876390098822e-05
3.257177643100039,7.049655671781499e-05
3.2107204839157544,7.088195173957662e-05
3.1501273402494414,7.137820102551891e-05
3.120963280773014,7.161280693902977e-05
3.1567819299130986,7.132207634280302e-05
3.223584215613695,7.077260585733898e-05
3.285510945604515,7.0254511955646e-05
3.3313333296222227,6.986679832191053e-05
3.36086372876356,6.961397181526754e-05
3.378381482039789,6.946430742896468e-05
3.388502089166773,6.937859161802787e-05
3.393416607598167,6.93380941237148e-05
3.322176186041839,6.994364544373392e-05
3.2708170737089173,7.03765013800093e-05
3.2167537995266566,7.08278346655736e-05
3.1712469831554637,7.120693755987839e-05
3.141990317783849,7.144787035409309e-05
3.133617897199677,7.151797005133837e-05
3.1462926324026954,7.141674375893887e-05
3.166829071118351,7.124757504024574e-05
3.1725288711798068,7.120015656350764e-05
3.1516574017596466,7.136973927712499e-05
3.123427697982277,7.159693953370811e-05
3.099573268632766,7.17878120086595e-05
3.116208049383314,7.165238274972726e-05
3.1610846074052157,7.12868994750555e-05
3.2128847205784012,7.085882419215294e-05
3.2630371105835034,7.044093057416662e-05
3.3098428525156978,7.004545619764314e-05
3.352591120610399,6.968527709688337e-05
3.1908150006480422,7.104365112128867e-05
3.1082526768204706,7.172204410943109e-05
3.037580731256076,7.229567071659221e-05
2.9899292845196754,7.268340529243853e-05
2.969635724204926,7.285749330684378e-05
2.9804510569824503,7.276598403623925e-05
3.0293383434435084,7.23690756164072e-05
3.087819459634707,7.189642823098338e-05
3.118936730643186,7.164103439585746e-05
3.114128269882769,7.167754311272446e-05
3.100125378721901,7.178848494956031e-05
3.0694330068480933,7.203189065851973e-05
3.0677485618599905,7.20435884094962e-05
3.103188645052437,7.175782563808795e-05
3.16303862107818,7.12700157457836e-05
3.2349937708782965,7.067463097901731e-05
3.00451879374444,7.256475167682281e-05
2.9220668757008914,7.323622687368266e-05
2.871358624324645,7.364357900774254e-05
2.8480680140934327,7.385432130347685e-05
2.8409331536988534,7.392318694107378e-05
2.865020256434318,7.37264439891357e-05
2.95809946250703,7.294256851915624e-05
3.043286700163126,7.225778490763618e-05
3.0868306761282103,7.190494376378297e-05
3.104532597138388,7.175687149539741e-05
3.0766638456311046,7.197723716575248e-05
3.042438178316427,7.224926113807116e-05
3.036811501993575,7.229427148397564e-05
3.0803762126646452,7.194380366718625e-05
2.8416709514516434,7.387172143758389e-05
2.7975317009853073,7.424605611367147e-05
2.7736626532542736,7.447178428512716e-05
2.7527018565307535,7.4652815704099e-05
2.7309344784711382,7.485483013681453e-05
2.7940155258416657,7.43293649836738e-05
2.9254640491020343,7.321365157206826e-05
3.0201104109275363,7.2446538922443e-05
3.0802201469189985,7.195629054494651e-05
3.0853993209221615,7.19127868929522e-05
3.0605294161906484,7.210911253199758e-05
3.0314793371182662,7.234012644312062e-05
2.753929448846261,7.463337193428872e-05
2.7200877237331986,7.492618636332627e-05
2.682320328948766,7.523539170352917e-05
2.6359446825601354,7.5625849789884e-05
2.6207085077029952,7.574585844244811e-05
2.7730075540014636,7.448933951377587e-05
2.9128778454276594,7.332365894147574e-05
3.008654345813915,7.25370284662591e-05
3.06742680308619,7.206178134306745e-05
3.0775432339874667,7.197774665817339e-05
2.669950396151911,7.53275441015102e-05
2.615060213364223,7.575308504502102e-05
2.553213885267554,7.62586433627941e-05
2.492683404085435,7.672951789651597e-05
2.599378360103042,7.590975756697894e-05
2.770226251342758,7.4505497993932e-05
2.9087878387282493,7.335022661364253e-05
3.0110509295948824,7.251747570965548e-05
2.5472209711389553,7.630549662873851e-05
2.47873875885909,7.682921250407828e-05
2.412907160747961,7.73080918138525e-05
2.42413356687025,7.722606342115138e-05
2.60277990867357,7.588847906991699e-05
2.770543047665433,7.449971703904208e-05
2.4133112074019882,7.730808465475797e-05
2.358601786432467,7.77021873759515e-05
2.3182350269625234,7.798251506401877e-05
2.426953736757609,7.720512092444937e-05
2.3248067207740712,7.793999689747913e-05
2.310291366611942,7.803753807175174e-05
3.3591857995788277,6.963655514474137e-05
3.376355896388916,6.948718627799655e-05
3.3967855835180423,6.931037384130952e-05
3.4202304690017913,6.910885712531402e-05
3.4415144950907863,6.892310201987676e-05
3.4520364782518524,6.883230946694474e-05
3.4420716472085187,6.891866180111867e-05
3.4035752113762645,6.924948552806399e-05
3.3335749506012995,6.984833358229482e-05
3.2390228546570405,7.064360017199139e-05
3.150480807462554,7.137043664007093e-05
3.374336364992078,6.950222137097469e-05
3.368820996861776,6.954597168857644e-05
3.3628724105679275,6.959917113944912e-05
3.359332432210997,6.962827039389639e-05
3.356549221284524,6.965191183341128e-05
3.3496435233178534,6.971110426451819e-05
3.331481445578462,6.986653148247198e-05
3.294579860050647,7.017902820895452e-05
3.2358505640073885,7.067195981128105e-05
3.164690608007189,7.126004506724123e-05
3.125141876296848,7.157859647562231e-05
3.1654060508566717,7.12514508744025e-05
3.239345963064759,7.064220985929982e-05
3.30478263569165,7.009189907323043e-05
3.3498887221978295,6.97090621109824e-05
3.3749341811977707,6.949465236547297e-05
3.3853613223366983,6.940578389097912e-05
3.3876879702525726,6.938594866473107e-05
3.3867214557057133,6.939522158969971e-05
3.383769088539524,6.942231353044792e-05
3.3283055261961065,6.989092291496583e-05
3.289825260506071,7.021688653248844e-05
3.2538141246031627,7.052095950809476e-05
3.226913495107664,7.07453274033299e-05
3.2123063244588645,7.086887398328239e-05
3.209052966647399,7.089634874599053e-05
3.208441574525061,7.090182659021177e-05
3.195930943983864,7.100627295832279e-05
3.1631861704428217,7.127547870145507e-05
3.120081770881261,7.162473651679798e-05
3.108814785023131,7.171195663314674e-05
3.1380986245097295,7.147539192298383e-05
3.187190348678288,7.107300403711461e-05
3.2342280668977854,7.068201928198408e-05
3.2738807060958224,7.035061649879802e-05
3.307677009979675,7.006475273817065e-05
3.3380878160690104,6.980833940345407e-05
3.365416830192434,6.957683634905696e-05
3.202674642908609,7.094519674007278e-05
3.136451214876884,7.149204027198872e-05
3.0842202804135948,7.191612235449876e-05
3.054182062412235,7.21610957547683e-05
3.0515109920586636,7.218530381691232e-05
3.076931564935528,7.198265827050556e-05
3.1118293324340365,7.16991592703869e-05
3.128549542783389,7.156112497760228e-05
3.1172114464966856,7.165117818409736e-05
3.1011113435943556,7.177956207623634e-05
3.0791270166571634,7.195336813355083e-05
3.0863366671426,7.18943028201e-05
3.119590862233942,7.162683530614425e-05
3.1665498735594317,7.124190847122295e-05
3.2211931083543193,7.079020240345587e-05
3.2800592187613073,7.029759711396736e-05
3.0202514635874014,7.244005292201333e-05
2.953320227368813,7.298728994598952e-05
2.914581653206139,7.329671098558109e-05
2.9018142818684933,7.341143164258081e-05
2.919933769745114,7.326193584160159e-05
2.9849766850850483,7.272547515073696e-05
3.0528437826084556,7.217934975286708e-05
3.087872146287068,7.189504271814014e-05
3.1017795683553224,7.177727188626871e-05
3.0760953409912815,7.198207398164057e-05
3.0463751591296035,7.221663568317647e-05
3.0419047562007098,7.22518830527073e-05
3.075378152212073,7.198348399495587e-05
3.1393871731684406,7.146630111414071e-05
2.85598279737114,7.376140794237309e-05
2.820971059017883,7.405882259543245e-05
2.802519876324365,7.423531918046697e-05
2.790540823293095,7.435427666702096e-05
2.828359652180487,7.402000734887841e-05
2.9369892208834956,7.311655479175519e-05
3.0213489785679193,7.243406547614414e-05
3.0629420714377695,7.209738475274134e-05
3.0793922292712326,7.196000617666637e-05
3.0539175516714643,7.216146679284297e-05
3.0247843857610404,7.239503722350821e-05
3.0248268769477473,7.238835504357802e-05
2.763484374742111,7.455514584034205e-05
2.7351083661917555,7.47942790595967e-05
2.701420847894605,7.509621306152016e-05
2.6771233041271856,7.529022115713759e-05
2.789076225394082,7.434640373068061e-05
2.9171162211396684,7.327574569982417e-05
3.004946449442726,7.256527978860736e-05
3.0590586001080093,7.212819432235905e-05
3.0643983137022692,7.20808359411038e-05
3.0447580844289117,7.223720414087225e-05
2.675813105621566,7.529599209150613e-05
2.6238026994305232,7.569469376122499e-05
2.5670314070746527,7.615097489694263e-05
2.623370588985381,7.571005920381029e-05
2.7809646279306492,7.441049183493106e-05
2.909738795879421,7.334005646709657e-05
3.003882449310124,7.257425505752028e-05
3.051945028278618,7.218553539121898e-05
2.5497606272560147,7.628453415568266e-05
2.4816320349780083,7.679145506148505e-05
2.4613071020408763,7.693999166967524e-05
2.623846637335663,7.569598921709983e-05
2.7806547134677135,7.440220447521971e-05
2.9078434849156665,7.334983071502745e-05
2.4124101707902668,7.731268186519469e-05
2.3569515884050185,7.770828990974848e-05
2.4614267451777962,7.692443184362555e-05
2.626422647624824,7.566449348415168e-05
2.32079038212317,7.796580428915407e-05
2.313130593712186,7.796772360459091e-05
3.346745743114046,6.973542492204076e-05
3.320262492682158,6.996046428823985e-05
3.2951109791943374,7.017269237548657e-05
3.273583006774769,7.035299593801705e-05
3.2542751646423116,7.051773646552515e-05
3.2318876075159495,7.070482626702738e-05
3.1994857667223364,7.097405140546478e-05
3.1555003220014557,7.133551362083452e-05
3.1151983895229325,7.1661890826303e-05
3.2344112017161524,7.068095908881367e-05
3.18243069437272,7.111329046401908e-05
3.143101825666964,7.143758304023954e-05
3.1222329918526612,7.160982299751105e-05
3.1195419523283805,7.163424991908754e-05
3.1240436546683825,7.159623441215654e-05
3.119949778912306,7.163038814932317e-05
3.1019632474835954,7.177303915081325e-05
3.0884902308747635,7.187981975508993e-05
3.0859893417187414,7.18984232895515e-05
3.103138430076342,7.176161028066652e-05
3.126206832950658,7.157549748727916e-05
3.1509493421079733,7.137369565203176e-05
3.1817265690312393,7.112081046342675e-05
3.2220876148387254,7.078366552388572e-05
3.2703529365145765,7.037971005351934e-05
3.062600386465094,7.209250082134677e-05
3.0077498316666866,7.253836267304771e-05
2.979306007195079,7.277396683586632e-05
2.9814556477578944,7.274654943580996e-05
3.0135656970619413,7.24908531711769e-05
3.0516087100106235,7.218579766935327e-05
3.0705565500280048,7.203075185644134e-05
3.066103119382242,7.206430833080409e-05
3.0597058562052237,7.211277000168905e-05
3.043496337462617,7.224142906377098e-05
3.0431918374508458,7.22447659326847e-05
3.0612151718685965,7.210040510467174e-05
3.0977074872771526,7.180620590367457e-05
3.1528925921321367,7.135516431643672e-05
2.8956443476544407,7.344776896371495e-05
2.8645512124930814,7.369616428991179e-05
2.8538593505288588,7.380367739440814e-05
2.8795410186814143,7.360008799275162e-05
2.9504719952818883,7.300635604180152e-05
3.0109479849945915,7.251298659656326e-05
3.0397235472549315,7.228007653083986e-05
3.0516229575611287,7.218181415674761e-05
3.03030482297628,7.235032229380668e-05
3.0083036749531527,7.252630593197122e-05
3.0063860154522883,7.254040230508601e-05
3.036302395570063,7.229981737666815e-05
2.790094186776296,7.432522487900643e-05
2.7642416037219033,7.456494918948234e-05
2.749458864480731,7.468411253592808e-05
2.8232757912980935,7.40583057820975e-05
2.921534214345802,7.324516430643375e-05
2.9888601007105775,7.268972060655072e-05
3.0305610608431084,7.235485316349514e-05
3.029658970625664,7.235940675027688e-05
3.0107275538068596,7.251366540062685e-05
2.9946847307685487,7.26386845180915e-05
2.6927141716905005,7.514572988881093e-05
2.6461734195554554,7.553566652032811e-05
2.682004818598031,7.521208240144997e-05
2.8068560495658046,7.417804341432398e-05
2.90959549595176,7.333678501654698e-05
2.9769189727106973,7.278895300716347e-05
3.0163635645671247,7.246894491311543e-05
3.0206693853693674,7.243049669531333e-05
2.5593183877014023,7.620622421882521e-05
2.542809064017845,7.630509114488169e-05
2.675714848134349,7.523636293759218e-05
2.804074423822564,7.42038497312065e-05
2.905099354485469,7.337935194890141e-05
2.9779333594728885,7.27827856305356e-05
2.427752848952225,7.718347155915148e-05
2.5400346941484604,7.628848339075756e-05
2.6787777404507684,7.521098369886285e-05
2.8040077792816938,7.417826925857994e-05
2.41388310045055,7.723024763497255e-05
2.5440464793764397,7.627087196498405e-05
3.116483718477145,7.165529506071607e-05
3.0677093635890564,7.205058221118814e-05
3.0429169800472247,7.225052716122012e-05
3.039861251294794,7.227652486283014e-05
3.04609309359861,7.222537210927421e-05
3.049799272687963,7.219408446344068e-05
3.0500998399810912,7.219011026217675e-05
2.9541358773535658,7.297045880665681e-05
2.928887783871629,7.317753797771859e-05
2.9348338029962457,7.313378951005487e-05
2.965866355828517,7.287468308344458e-05
2.9970324969538216,7.261873811300853e-05
3.0130033644508116,7.248965733363374e-05
3.019675305186365,7.243488722936613e-05
3.00817933992851,7.252551519159545e-05
2.99435846472676,7.264193692049141e-05
2.9850649460502887,7.271802717003092e-05
2.9883169876503755,7.269573773559601e-05
3.0142557228670133,7.247849563207189e-05
2.834680949111618,7.395091731619443e-05
2.826376592730408,7.404313259360978e-05
2.8666540806012217,7.3682149300372e-05
2.926051692123764,7.32033589099631e-05
2.967901260001308,7.285839444085202e-05
2.9850054380170667,7.271506036379733e-05
2.9890724563764968,7.268415398574702e-05
2.9735747963140544,7.280480416796963e-05
2.9607338762941073,7.291012172077989e-05
2.96255172495551,7.289884467798861e-05
2.7303232327713474,7.484027076743376e-05
2.756426325706167,7.458232069212501e-05
2.838685585099553,7.390280905365848e-05
2.907614478459601,7.334621595552236e-05
2.9499217473055874,7.300530510852502e-05
2.972344052730675,7.28251255501616e-05
2.9689847900369766,7.28466285794862e-05
2.9600396090098027,7.291550769881854e-05
2.645025680049546,7.548074510383898e-05
2.7399703555341817,7.46916012182015e-05
2.830786217569634,7.397287187326311e-05
2.898882786281541,7.342119300153653e-05
2.9445532537229684,7.304586823230115e-05
2.9636679549657865,7.289543652767575e-05
2.637278245011401,7.553553740297325e-05
2.740175167255799,7.469766859642855e-05
2.828874230350942,7.397836187481817e-05
2.896084011593183,7.343442159876901e-05
2.6416249049720415,7.5471615201151e-05
2.741331832170917,7.467913259373541e-05
2.907428477260708,7.335374679435292e-05
2.9143840655273894,7.328931791618083e-05
2.9364521445702847,7.310974540624447e-05
2.9571924957821283,7.294580768399582e-05
2.9692275045082908,7.283583409837128e-05
2.836171283956477,7.394103859420783e-05
2.8735194757616522,7.361839981405522e-05
2.908320461139267,7.3333766008155e-05
2.9296157967785175,7.316132210527533e-05
2.9391583738423344,7.307945056385834e-05
2.9333398998975624,7.312676408940849e-05
2.922650753116668,7.321519789338138e-05
2.913684597059544,7.329196278127377e-05
2.8073427676634717,7.415304557344798e-05
2.857146990315066,7.375722531263605e-05
2.8925766727319813,7.345832886204823e-05
2.9114086240775503,7.330294383718755e-05
2.9194016145027435,7.323900542669415e-05
2.9193405881313645,7.323626034466724e-05
2.800940169612761,7.419623172936349e-05
2.8505601640515295,7.380121331698568e-05
2.884731233262979,7.35197034893365e-05
2.906543621932051,7.334029672636703e-05
2.800059192890067,7.421388056687986e-05
2.8486920988224824,7.380847366111511e-05
2.885556497797844,7.35122334268315e-05
2.895356035291931,7.34313924346641e-05
2.900745791974947,7.33904041416146e-05
2.8706864445633427,7.36261613024125e-05
2.8781929365246897,7.357319086962986e-05
2.8827125851760758,7.352266546954696e-05
2.887078007912957,7.350025561725514e-05
2.863533335462988,7.369333160988782e-05
2.872167226928518,7.361319561534142e-05
2.8691462639818557,7.363913753482765e-05
