Frequency_THz,Cv_Contribution_eV_K
0.2482090673369066,8.616299170462916e-05
0.472834966621984,8.613533846587348e-05
0.6702181150360329,8.609560707561147e-05
0.8478044850775155,8.604839191897453e-05
1.0117545854864443,8.59952866018043e-05
1.1647919934236661,8.593704069717846e-05
1.3074871681108597,8.58741825234984e-05
1.4389981374046996,8.581043896764992e-05
1.5569543961757282,8.57465766758958e-05
1.6568498048441296,8.568503805667714e-05
1.7315538310748466,8.563826163834354e-05
1.772258217066417,8.561258134237747e-05
0.24355073679768866,8.616257915515974e-05
0.4027075295883326,8.614499380522626e-05
0.5813042508592697,8.61149756751645e-05
0.7479915543203428,8.607612513401336e-05
0.9026686288432736,8.60313810970001e-05
1.048511354180836,8.598182309262423e-05
1.18773635364097,8.59271413218803e-05
1.3211213338742207,8.586732345299777e-05
1.4476603461951691,8.580601013452934e-05
1.5639646950681816,8.574221741535999e-05
1.6636489485763994,8.56810083652931e-05
1.737451241096744,8.563515313519614e-05
1.7520571942102288,8.562601117506505e-05
1.6981943056506175,8.565903826265853e-05
1.6110696414497256,8.571415790220772e-05
1.5026594403019637,8.577625038546413e-05
1.382438955934446,8.583811552558121e-05
1.2556264253395681,8.589726888814841e-05
1.1237313790398753,8.59527367370798e-05
0.9858536761476665,8.600363185485118e-05
0.839698802766697,8.605019757511151e-05
0.6821571929610916,8.60923294687142e-05
0.51129101243109,8.612745021102423e-05
0.3402725766430896,8.615248243909476e-05
0.43415746418984796,8.613970754154198e-05
0.5380829741145445,8.612254464883966e-05
0.6663704629586105,8.609610725932867e-05
0.7988197723955085,8.606203418213194e-05
0.9312025283281636,8.60221504950705e-05
1.0637131974068916,8.59762034838291e-05
1.1966646072667064,8.59231645359671e-05
1.3289291521386197,8.586467936692734e-05
1.4571946105963078,8.580133956319213e-05
1.5755166414857196,8.57360969683113e-05
1.6752443633919945,8.567562427646346e-05
1.7056047189559194,8.565564782313726e-05
1.6364042022206944,8.569910593279748e-05
1.5337801783417233,8.575911372608522e-05
1.415236768178584,8.582152130984977e-05
1.2933680553260385,8.588005907491754e-05
1.1743763399065221,8.593139512890558e-05
1.0591677820476844,8.59764878589025e-05
0.9455919934767865,8.601574686976927e-05
0.8307668669321973,8.605136413990621e-05
0.7136820203084028,8.608310795086663e-05
0.6000388526965724,8.610938889968458e-05
0.5522369932389495,8.61194463773914e-05
0.6149802458610756,8.610698959394159e-05
0.7082218549109573,8.608564440795328e-05
0.819292669773374,8.605574408011339e-05
0.9420059375356616,8.601862032336535e-05
1.072896719486698,8.597263148068954e-05
1.208576759199338,8.591809507945891e-05
1.3445530645653034,8.585709216051152e-05
1.4748062784988214,8.579250494818096e-05
1.5916873275362966,8.572716989216634e-05
1.638480566256161,8.569941758178654e-05
1.557431041038737,8.57455011862361e-05
1.4428602133763047,8.58071182045794e-05
1.3184008136023664,8.586817249677381e-05
1.198612633689867,8.592086272448329e-05
1.090668134388692,8.596405707466507e-05
0.9958417177112807,8.599801336653737e-05
0.9119421396743834,8.602517352538342e-05
0.8362140873031914,8.604824629796558e-05
0.768410079595,8.606788799108591e-05
0.6066092930037884,8.61086199290338e-05
0.6455694577979546,8.6100276320585e-05
0.7248276742365114,8.608129938168146e-05
0.8326918265519907,8.605166202924697e-05
0.9586788686809988,8.60127824810845e-05
1.0945207419144225,8.596447247245112e-05
1.2332477724548074,8.590765422138581e-05
1.3683436282192503,8.584567060310641e-05
1.4932532768497309,8.57827293953727e-05
1.558420455753738,8.574602743992218e-05
1.4712622937345086,8.579234623726398e-05
1.3525860143403685,8.585154154820454e-05
1.2293553201707639,8.590730682499461e-05
1.1163085627898586,8.59536762986304e-05
1.021458464811845,8.598828417982437e-05
0.9475344187600347,8.601296901643993e-05
0.8935735127188613,8.602976230621259e-05
0.8570834031978168,8.604103986988574e-05
0.6285320914357563,8.610400807302168e-05
0.6659193780611523,8.609550774140874e-05
0.7500313399343937,8.60742592290115e-05
0.8644717735435005,8.604196235773934e-05
0.9943633712125094,8.600009761772581e-05
1.1291378775496652,8.595059998477263e-05
1.2614297609436183,8.589495507152443e-05
1.3856797750420304,8.583735698655413e-05
1.4716811623292312,8.57929427142337e-05
1.3957478000814503,8.583059946538254e-05
1.2724901683011078,8.58883238640566e-05
1.1591537073843352,8.593589542571301e-05
1.058345155506001,8.597433926018342e-05
0.9782882126644101,8.60020790230562e-05
0.9237577824368479,8.601970228299775e-05
0.8961295705485816,8.60283587122752e-05
0.6599441856763119,8.60967083961427e-05
0.7098128711728169,8.608428153164148e-05
0.8010907436151056,8.605959704767635e-05
0.9146909877754038,8.602579336827925e-05
1.036376827619463,8.598501056227843e-05
1.157579433904179,8.593884440817349e-05
1.273367670034775,8.588979821313245e-05
1.3807928252707236,8.58398288609603e-05
1.3155112703034835,8.586816395427683e-05
1.207055921354705,8.591518418401855e-05
1.1122351327143913,8.595265634726004e-05
1.0296731287882555,8.598299948928023e-05
0.9667706225469727,8.600472584243027e-05
0.9300495309795541,8.60169550085026e-05
0.720610888210843,8.608101219840071e-05
0.7761011359044138,8.606564600153292e-05
0.8601122696197977,8.604146951690354e-05
0.957535778568442,8.601097110702171e-05
1.0589188177209101,8.597610581897104e-05
1.1595130717655542,8.593772856655068e-05
1.2573666964704395,8.589657849304782e-05
1.2400256180725926,8.590053183651434e-05
1.1561144365262594,8.593402147113362e-05
1.086564688964197,8.596019117417414e-05
1.0277455946781024,8.5981955890896e-05
0.9854230878603994,8.599733812063786e-05
0.7892533988029109,8.606104719055256e-05
0.8322533059823599,8.604839749041692e-05
0.8943016317820969,8.603018953203571e-05
0.9673113713604952,8.600715829431741e-05
1.047018391528711,8.598031948267649e-05
1.1318544786310463,8.5948763672196e-05
1.1696641810965365,8.592785353563183e-05
1.1271475771862953,8.594304530112303e-05
1.0766067857763815,8.596207336890945e-05
1.0455553995030744,8.597421205529672e-05
0.8295234630505588,8.604856370045784e-05
0.8484831830295124,8.6043136943698e-05
0.8859524775815902,8.603232291648011e-05
0.9400225811024588,8.601619259055643e-05
1.0096805161469473,8.599400036009588e-05
1.0940562128806115,8.596374382456604e-05
1.0922947563169552,8.59545155912912e-05
1.0776288974420458,8.596023383411902e-05
0.8227919428212144,8.605025324053604e-05
0.8207865712805084,8.605125205491804e-05
0.8456151054352692,8.604462140549469e-05
0.8982475526467371,8.60296525405174e-05
0.9766400798315032,8.60054572446224e-05
1.0680980548721837,8.596126388528679e-05
0.7806419394308352,8.606243019456907e-05
0.7747693542378061,8.606437586404268e-05
0.808088073926176,8.605575459944826e-05
0.8780935040536926,8.603600289477136e-05
0.7405493146419162,8.607328329077043e-05
0.7520537867314792,8.6070498293053e-05
0.49070249837720986,8.613046928112044e-05
0.6209278460308969,8.610548012360204e-05
0.7580359152478944,8.60726593886199e-05
0.8910896077825916,8.60339629331129e-05
1.0198936511831962,8.59911820913051e-05
1.1464640464715983,8.594319876003599e-05
1.272372796305226,8.589000757320388e-05
1.3972948085691508,8.58304264901407e-05
1.5174635317703014,8.576835646472202e-05
1.6242637469785364,8.570563194236985e-05
1.7024248764042171,8.565715079972611e-05
0.5964456933520275,8.611038276897724e-05
0.6889931532105721,8.60895865519081e-05
0.7976003779919653,8.606127362100662e-05
0.913143077993261,8.602675922612817e-05
1.033482974086411,8.598618706681068e-05
1.1581087265857428,8.59388773819483e-05
1.2857634090098775,8.588368326214489e-05
1.4129876190115438,8.582335847350741e-05
1.5324846419852354,8.576037458327467e-05
1.6282991874057073,8.570438760095595e-05
1.635310707494039,8.569980405027949e-05
1.5464212225123037,8.575181874887432e-05
1.430053948071976,8.581440964584065e-05
1.3068629933001126,8.587340595800385e-05
1.187220935450725,8.59258847773051e-05
1.0750910860899314,8.597039267129765e-05
0.970271055993503,8.60071092881564e-05
0.8708393804250424,8.603875476782454e-05
0.7757808639560916,8.606633223420404e-05
0.6884747499102145,8.60891358775846e-05
0.6475175828971798,8.609924472228507e-05
0.7179266485815059,8.608225658878308e-05
0.8146181861215167,8.605621721316018e-05
0.9274672668560593,8.602193405758054e-05
1.050505432882555,8.597989743864415e-05
1.179189025912368,8.592973869963984e-05
1.3088618230951925,8.587317473067064e-05
1.433213015014872,8.581299637250472e-05
1.5385433171856153,8.575670022517618e-05
1.5561448359365628,8.574731796072725e-05
1.4575692164506522,8.579937773700477e-05
1.3369860655551562,8.58594844032601e-05
1.2159937444897047,8.591326609439751e-05
1.1056041258344267,8.59582714116618e-05
1.0103762613440537,8.599250076204275e-05
0.9306941358737266,8.60188488539359e-05
0.8651160995982123,8.603902650333449e-05
0.812846738287998,8.605487523076265e-05
0.6690165245001987,8.609430500800937e-05
0.7378113352319595,8.607689021752323e-05
0.8386920201093764,8.604887740387515e-05
0.9573695837247523,8.601184741654011e-05
1.0839434398373917,8.596719315511015e-05
1.2113882097831388,8.59159045167042e-05
1.3337417824402356,8.586133851606041e-05
1.4408727989695178,8.580913397341597e-05
1.4686403370048262,8.579450523462428e-05
1.369380089294584,8.584350732380236e-05
1.2528905665100731,8.589701216384832e-05
1.1407132754480678,8.594376812918196e-05
1.043332364638252,8.598017583698367e-05
0.9661328678407058,8.600653767685354e-05
0.9110874055327907,8.602395783426463e-05
0.8778947483368156,8.603433580943465e-05
0.6995423254471861,8.608669280998537e-05
0.7789055879679022,8.606538728642322e-05
0.8856999629855005,8.603398104248204e-05
1.0037376204380888,8.599534603257348e-05
1.1230332436538337,8.595140909878774e-05
1.237405654440263,8.590463588238654e-05
1.340106726182115,8.585836962361204e-05
1.3801601756184114,8.583907216485846e-05
1.2887733762598312,8.588088463143474e-05
1.1854724169107027,8.592466119193226e-05
1.0891570968279898,8.596222302739977e-05
1.0086378472330582,8.599096775972793e-05
0.9498323926847416,8.601067672364207e-05
0.9168231849564565,8.602140979169313e-05
0.7579339134814866,8.607070724315062e-05
0.8408828650911838,8.604640001623206e-05
0.9403622083608753,8.601559471885342e-05
1.0437451815254186,8.598037135378236e-05
1.144347078349585,8.594256873552521e-05
1.2377912836842757,8.590444091669273e-05
1.2924684302595073,8.587953968715686e-05
1.2339585772109392,8.590330815098943e-05
1.1365578208938045,8.594226624528149e-05
1.0623624670710694,8.597018503322201e-05
1.0026488709160615,8.599156440567694e-05
0.9631702654201263,8.600542540678177e-05
0.8244776570699883,8.605061919075175e-05
0.8942567718923723,8.602924899664635e-05
0.972883373344902,8.600401606582105e-05
1.0537839039116461,8.597619208796311e-05
1.1339517128133554,8.594652820035277e-05
1.2023977423309928,8.591855414888063e-05
1.1715792466901376,8.592726609701037e-05
1.1035733404324077,8.595302726670138e-05
1.0558654769292453,8.597068377374472e-05
1.0205882698816153,8.598408298977809e-05
0.8643483307414691,8.603788328068075e-05
0.9109172432746796,8.602337426139123e-05
0.9665582395064032,8.600596328002564e-05
1.0299990007624051,8.59850105812317e-05
1.1001182457728258,8.595973654263477e-05
1.1173701095490125,8.594655148796226e-05
1.082860478462335,8.595893008078837e-05
1.0638993607846712,8.596667200124188e-05
0.8592937518221253,8.603909194799575e-05
0.8867509128902334,8.60310713823153e-05
0.9309380610366926,8.601802171892526e-05
0.9930755352496334,8.599853418733964e-05
1.0697819383616474,8.596820056433909e-05
1.077622251927397,8.59597263154427e-05
0.8203158558940593,8.605081243626279e-05
0.8455907423148905,8.604387133982147e-05
0.8977009152594749,8.602888743082743e-05
0.9753437066383249,8.600475565098998e-05
0.7830517728608151,8.606166408428649e-05
0.8253327731834444,8.604994746714244e-05
0.7348457332181675,8.607721872662969e-05
0.8043764249997386,8.605788516030074e-05
0.8893875505493313,8.60327713113229e-05
0.9858698136631213,8.600161384704572e-05
1.0923113720930142,8.596341709852673e-05
1.2074533525743678,8.59172820348499e-05
1.3282171798218254,8.586343024714526e-05
1.447120633957791,8.580529279349992e-05
1.5448347268874476,8.575347951302135e-05
0.7560689215343909,8.607141306831715e-05
0.8245311796041106,8.605169776448169e-05
0.9134661564798496,8.602474251962847e-05
1.0152230066668764,8.599087332252463e-05
1.1247124510119142,8.595031831687584e-05
1.2380594042183104,8.590388478460717e-05
1.350229925783966,8.585313714624964e-05
1.447009439561025,8.580569279538372e-05
1.4534446298384465,8.580260635668684e-05
1.3561488110598001,8.585010286043053e-05
1.2435497842267722,8.590123865651275e-05
1.1349757187411527,8.594613191733627e-05
1.0372107934733765,8.598258365978776e-05
0.9532584393390401,8.601099002023587e-05
0.8849006338626969,8.603261287902331e-05
0.8342428027724221,8.604816228183756e-05
0.7851717900732279,8.60630222298207e-05
0.8634281664112219,8.603953136755015e-05
0.9585766791117581,8.600930640605925e-05
1.0604164829241387,8.597380559402615e-05
1.162994433675254,8.593485110972429e-05
1.2625154005780574,8.589272986457722e-05
1.350519049200066,8.585343385275317e-05
1.3703342780868752,8.584384075893464e-05
1.2718401513430957,8.588855396328621e-05
1.1723242606872022,8.593024749690677e-05
1.0811853349665712,8.596536363265526e-05
1.0039538652141973,8.599282256320724e-05
0.943787390167213,8.601282157706647e-05
0.9033365448436508,8.60259794611697e-05
0.8394490959821133,8.604644074114136e-05
0.9218685427567073,8.602019591930284e-05
1.011740016124644,8.599002607883649e-05
1.1006183806321956,8.595776950998361e-05
1.184751250531156,8.592542964234364e-05
1.2599916258961488,8.58941049845979e-05
1.2852567661457301,8.588297824042217e-05
1.2000495771442776,8.591842983289653e-05
1.119608003278477,8.594980514504176e-05
1.0500061555500186,8.597523553433228e-05
0.9952089257744494,8.599443693405139e-05
0.95858078499098,8.60070590254918e-05
0.9021782492269859,8.602601956829577e-05
0.9737446686490236,8.600201509637003e-05
1.0455166699434477,8.597698176560331e-05
1.1133157131314995,8.595230691858987e-05
1.1754919065589955,8.592899549413975e-05
1.2072474888385774,8.59156903074836e-05
1.1424651048883714,8.59396432544755e-05
1.0851405993404555,8.596077864731414e-05
1.039691943915046,8.597741226055066e-05
1.008578952582987,8.598882962815019e-05
0.9416103778189746,8.601246231002899e-05
0.9928626136287366,8.599490305067645e-05
1.0438469451960315,8.597722283966386e-05
1.094365921078741,8.595964310557729e-05
1.1354248328229504,8.594356244137779e-05
1.109773264530697,8.595052894196635e-05
1.066083500887036,8.59663110738315e-05
1.0460670832817347,8.59740407998938e-05
0.9402841490683315,8.60125548820254e-05
0.9747678277133687,8.600103922085662e-05
1.0150885522526423,8.598796447707457e-05
1.0629340215970668,8.597174854543262e-05
1.074427340426528,8.596221213560523e-05
1.0603352574031568,8.596715536176197e-05
0.9078716047864859,8.602325618779868e-05
0.9406126122441097,8.601294148697416e-05
0.9875881866653726,8.599797635568807e-05
1.0511575258576449,8.597667500869044e-05
0.8762292803475072,8.603358511471019e-05
0.9235998424825916,8.601851481864822e-05
0.8620293187614547,8.603933962079242e-05
0.9214662261169113,8.602045821506181e-05
0.9957548762489771,8.599592241058352e-05
1.079863162120498,8.596606546271443e-05
1.1708068295541263,8.593112949711941e-05
1.265503200727537,8.589117432422416e-05
1.3523330388315633,8.585245863868891e-05
0.9128324164570224,8.602275024829282e-05
0.976948263166123,8.600109029260054e-05
1.0470820538242576,8.597655159503789e-05
1.118908137082429,8.595016750193637e-05
1.1913243235794404,8.592226943962645e-05
1.2599718964127833,8.589401133717847e-05
1.2633991779502853,8.589268953427829e-05
1.190237630975898,8.592257628979927e-05
1.1169870404714144,8.595092512753675e-05
1.0517028209321169,8.597468940649312e-05
0.9955039150051318,8.59943917260059e-05
0.9505820457300876,8.600987418983541e-05
0.9725507298053884,8.600196717175168e-05
1.0277023535533039,8.598235065113881e-05
1.0812538998709849,8.596290861839216e-05
1.132274305815991,8.59444716210094e-05
1.1809682024690784,8.59266302542666e-05
1.1966223793222757,8.592022468773995e-05
1.1288323570363985,8.594557027018966e-05
1.078700872510536,8.596357192399734e-05
1.0396758035348024,8.597765269012584e-05
1.011395174313672,8.598793604594405e-05
1.012037867120358,8.59873510917872e-05
1.0487928744469945,8.597395923499106e-05
1.0823752465535266,8.596216862693288e-05
1.1148188099746257,8.595139913765787e-05
1.130682633199146,8.594504430265844e-05
1.0825091576127848,8.596148916525584e-05
1.0551175451446089,8.597106873860912e-05
1.041216140088133,8.597629806549062e-05
1.0144260449738511,8.598603623467935e-05
1.0353315111630956,8.597876594512027e-05
1.0577559365320246,8.597169029849308e-05
1.0783013601808373,8.596382751896597e-05
1.0517273062834918,8.597152720200794e-05
1.0456737644666463,8.597374948515169e-05
0.9879904644713625,8.599563018835588e-05
1.0064651804513862,8.598944316157626e-05
1.0343656488331934,8.598050463328007e-05
1.04577337254271,8.597271171065112e-05
0.961209737217031,8.600506881049832e-05
0.9920328155653176,8.599463220935346e-05
1.0076167882181875,8.598939441024533e-05
1.044309996476196,8.597600215882195e-05
1.0843783227616433,8.596161320206465e-05
1.1290510316310234,8.59458201311267e-05
1.1780465487054972,8.592800887281274e-05
1.0468839078299674,8.597435857366523e-05
1.06584876262485,8.596728255881109e-05
1.0859712697321176,8.596073212330733e-05
1.1111901084664995,8.595270801023241e-05
1.1095679368287548,8.595326405754506e-05
1.0787689841416719,8.596333379649429e-05
1.0593526686845105,8.596962985588718e-05
1.048765437089735,8.597352374179269e-05
1.0516656162359999,8.597203162353601e-05
1.054681826975216,8.597129313885638e-05
1.0625807913656644,8.596963310170422e-05
1.0671261962206455,8.596788026794117e-05
1.0425445946206555,8.597564346830224e-05
1.0443088680676493,8.597470950673518e-05
1.0290805229970899,8.598051723371098e-05
1.0285338275182738,8.598120284904869e-05
1.0346262064834872,8.597863879528881e-05
1.0236814115048287,8.598192572797334e-05
1.0053468634423413,8.598934334962849e-05
1.0159020482343954,8.59860043200492e-05
1.0538590167687285,8.597118686489436e-05
1.0482604023271325,8.597367024485263e-05
1.0551346500038077,8.597246259910035e-05
1.0328495057410718,8.597908640181588e-05
1.0228759030322048,8.598322224217903e-05
1.0170187206954133,8.598513400429662e-05
1.0231291075649729,8.598255127257829e-05
1.0105169391940274,8.598736791570385e-05
1.0091848347611951,8.598702336254598e-05
1.0011862501989075,8.599042977525982e-05
0.24820928728903793,8.616300492519489e-05
0.4728351786163682,8.613530675727453e-05
0.6702183539276025,8.609563174456642e-05
0.847804704552182,8.604825809084342e-05
1.0117547511667402,8.59951421129914e-05
1.1647920928955056,8.593668591992754e-05
1.3074872104460749,8.587441028318552e-05
1.4389981633469555,8.580976678038904e-05
1.5569544259377026,8.574608251401063e-05
1.6568498191680745,8.568573628782137e-05
1.7315538740466814,8.563828267983491e-05
1.7722582934607893,8.561236230821565e-05
0.24355090932164697,8.616257922170831e-05
0.4191035998876254,8.614278519533872e-05
0.6191082361608943,8.610731472643581e-05
0.8057574135550316,8.606032796293608e-05
0.9795398614087204,8.60059832497021e-05
1.1420854040068338,8.594564934409908e-05
1.2931851184964203,8.587986157863149e-05
1.4314161918355368,8.581322683328761e-05
1.5539116355272153,8.57472911534064e-05
1.6554106239895292,8.568568543667234e-05
1.7279062623848365,8.564014994958554e-05
1.7622415906384035,8.561867488180161e-05
1.7754716444942102,8.56104996705636e-05
1.7717701541094808,8.561246885365925e-05
1.7275459515091707,8.564036440839491e-05
1.6492014294341144,8.569078949363997e-05
1.5441567004101555,8.575433099594247e-05
1.418552111429116,8.582087343955922e-05
1.2769932901440477,8.588791578663144e-05
1.1229499701270445,8.595358824207847e-05
0.958972695284822,8.60135223932003e-05
0.7864066882372426,8.606565010787045e-05
0.6048951778737296,8.611010389252421e-05
0.4155282213333227,8.614437419929536e-05
0.4341575862616893,8.613971057515785e-05
0.5529476315190107,8.611972599724714e-05
0.7124701136674673,8.608483065360895e-05
0.8806632804028877,8.603741048464819e-05
1.046780428628223,8.59809461708837e-05
1.2060560846965658,8.591769879360388e-05
1.3552488313960556,8.584973116025187e-05
1.490501728844256,8.577991424711542e-05
1.6047993154806695,8.571573436819505e-05
1.6865334415477746,8.566623335869511e-05
1.7225380536895658,8.564393658615379e-05
1.7459775676939853,8.562932405701869e-05
1.7783947032776293,8.560836347074562e-05
1.7680566061462624,8.561497524934231e-05
1.7168616987427767,8.564686844082855e-05
1.6308821607236288,8.570119605568504e-05
1.5174065458654622,8.57687631007259e-05
1.383407949160389,8.583744959090102e-05
1.235194839491971,8.590632048905774e-05
1.0784168269328955,8.597019843320658e-05
0.918026122898039,8.602662211087977e-05
0.7583544151650802,8.607273868637094e-05
0.552237089686845,8.611944754026606e-05
0.6302823142069093,8.610359451721504e-05
0.7603217128645251,8.607196277079477e-05
0.9151455890421748,8.602601000251369e-05
1.07778343148052,8.596887775525052e-05
1.2379752908308863,8.590323812804533e-05
1.3880664635235662,8.583248578453752e-05
1.5188209108038713,8.576405052354318e-05
1.6153661994342803,8.570983414223617e-05
1.6586626846882087,8.568570820380112e-05
1.686141474753928,8.566747692618384e-05
1.748729230927639,8.562710228135607e-05
1.7718755672029387,8.561229189641472e-05
1.7525245479259697,8.56245282421988e-05
1.693114262895309,8.566265768505493e-05
1.6001522617057895,8.572014624967823e-05
1.481984172161844,8.578722626694333e-05
1.347202467564922,8.585443803760685e-05
1.2038175054867615,8.591916774725039e-05
1.0588266480694215,8.597774250251617e-05
0.6066093760826687,8.610861747424117e-05
0.6621207827893039,8.609635943656796e-05
0.7820062921565465,8.606567302653421e-05
0.9372512983615051,8.60185458041681e-05
1.1045005311350826,8.595828332946395e-05
1.267814388650549,8.588973712398203e-05
1.4138292940125912,8.581978016916951e-05
1.5253073481771935,8.576210903305884e-05
1.5782749234959916,8.573431133599074e-05
1.60107961777045,8.572204715752767e-05
1.6844777294577238,8.566904757209208e-05
1.7361073081093865,8.563619876398967e-05
1.7501076989460982,8.562717498844042e-05
1.7242959439092571,8.564259752385872e-05
1.6615308843542933,8.568220332578508e-05
1.568970631621423,8.573809671432193e-05
1.455892066329366,8.57999443159446e-05
1.3315582111576374,8.586165716560371e-05
0.6285322384949237,8.610398962409496e-05
0.6835197846373576,8.609123854738286e-05
0.8100154625687108,8.605756777816864e-05
0.9726371291352601,8.600621585745638e-05
1.1427839958492523,8.594275401933319e-05
1.300012811283227,8.587494137376481e-05
1.4241804346873193,8.581549464875982e-05
1.487627119849458,8.578442173072835e-05
1.4971970094930585,8.578039202855756e-05
1.5914532327375455,8.572696863975464e-05
1.6634841897877615,8.568171868620067e-05
1.7077373363060218,8.565453177872007e-05
1.7190762968040658,8.564688544659236e-05
1.695113112107292,8.566221222869403e-05
1.6383005047197448,8.569679513607227e-05
1.5556020066496241,8.574515554433342e-05
0.6599444135861905,8.609665883861617e-05
0.7276182634269917,8.607967355539503e-05
0.8612937811680115,8.604175452697725e-05
1.0228082519954742,8.598795213572405e-05
1.182285382306277,8.592639791709667e-05
1.3150119302638994,8.58684160817719e-05
1.3897433556546896,8.58340983626976e-05
1.381941295138667,8.583782264754661e-05
1.4777908973001437,8.579089051930703e-05
1.56213996422873,8.574410818401083e-05
1.6303423899172316,8.570285841828874e-05
1.6769938645546356,8.567396855558113e-05
1.6957734236844884,8.566186122170252e-05
1.682529846433167,8.566997800039055e-05
0.7206111765996,8.608096654444592e-05
0.7935672798480915,8.606074065819263e-05
0.9197079125450712,8.602241373812256e-05
1.0645837647596879,8.597204073047937e-05
1.1980285697444972,8.591976857584758e-05
1.284930292884205,8.588301766668892e-05
1.2908443489216008,8.588015777036131e-05
1.3519463241508387,8.585355470029453e-05
1.442912558641313,8.580841229843205e-05
1.5286494300947848,8.57624134544749e-05
1.6047654600411752,8.571815981334865e-05
1.6635430166378269,8.568179338443453e-05
0.7892537823663238,8.606114844364675e-05
0.849617590284994,8.604327578017562e-05
0.954447720035801,8.601029066701712e-05
1.0742929681362448,8.596789241253247e-05
1.1723436580142015,8.59301131479166e-05
1.1997690367951037,8.59179806992044e-05
1.2216506193489238,8.591230980629856e-05
1.3164453592588565,8.587045545622004e-05
1.4151020963586975,8.582228855248236e-05
1.5137699953130075,8.577037763835894e-05
0.8295240312337058,8.604864270669795e-05
0.8666197418653289,8.603765667824573e-05
0.9499409831474837,8.601139562331347e-05
1.0508347368738977,8.597602377945667e-05
1.111041848315882,8.595187980815664e-05
1.1066228459082539,8.595025299236125e-05
1.1917832645240447,8.592485819449543e-05
1.3003231543504243,8.58774492690869e-05
0.8227927728142426,8.605031393358256e-05
0.8415738176554889,8.604511393725845e-05
0.9213450616178904,8.602059585250803e-05
1.023702582295359,8.598416351911052e-05
1.0562869860636288,8.596654451122826e-05
1.0763758430412782,8.597046913736553e-05
0.7806430603590994,8.606233381590025e-05
0.8014492378962509,8.605700608557679e-05
0.9078412872022213,8.602530169663106e-05
1.0253345141099885,8.5977712388105e-05
0.7405506497927337,8.607316585680582e-05
0.7835981826565086,8.6062123244915e-05
0.5606754284287274,8.611940152838245e-05
0.7281610148871632,8.608131158911324e-05
0.8973863444003694,8.603322439307047e-05
1.0633648067589987,8.597603419341013e-05
1.222737811858143,8.591182702306273e-05
1.371932335840882,8.58427948090563e-05
1.5066330423492362,8.577378918994253e-05
1.6209395731751417,8.570674405977981e-05
1.7068839013462296,8.565367979247667e-05
1.7556700257423596,8.562310075823528e-05
1.7630524405100727,8.561819701306407e-05
0.6547427955529526,8.609887964837395e-05
0.7935961814308274,8.60633794082072e-05
0.9486382556932023,8.601617456828112e-05
1.109179594788737,8.595809127174607e-05
1.267268728156328,8.589115050115957e-05
1.4160103724513158,8.581988004218328e-05
1.547241465867869,8.57491873593496e-05
1.6493925601968231,8.568948554836631e-05
1.708829027807172,8.565335842556019e-05
1.7207351862829563,8.564532082588671e-05
1.7365378620191858,8.563466116890367e-05
1.7618754021706895,8.56189988183634e-05
1.7465950220281057,8.562871299076067e-05
1.687549389619958,8.566571563581081e-05
1.5914129829299022,8.572611759902476e-05
1.4677504283475706,8.579352150713812e-05
1.3259749947976305,8.586492146381858e-05
1.1742545026595568,8.593188691771738e-05
1.0196609039493483,8.599207274946753e-05
0.8686544349986655,8.604191757162354e-05
0.7009017112654335,8.60876315459965e-05
0.8215914862643495,8.605544221099898e-05
0.9712630915129516,8.600821106765757e-05
1.1333959661929254,8.594796945151819e-05
1.2946269422780057,8.587769128847844e-05
1.442880390244215,8.580620788348389e-05
1.5633557216235134,8.574100037810772e-05
1.636781822787971,8.569932975585417e-05
1.6530907847221206,8.568869808040621e-05
1.6748199544545481,8.567374169727257e-05
1.7283502601126788,8.564066844340036e-05
1.7482685171561239,8.5627363861428e-05
1.7241940290414484,8.564311498878212e-05
1.6575942314002994,8.568495129009528e-05
1.5564428169618656,8.57454334881729e-05
1.4316746446617081,8.581197565973524e-05
1.2943724576620304,8.587828655421701e-05
1.1543350884005208,8.5939622413137e-05
0.7199946066894981,8.608264713863022e-05
0.8397297453524231,8.604973136908892e-05
0.9949417975714848,8.59996815974109e-05
1.1624267636439525,8.593571592659281e-05
1.323328475685581,8.586476569580252e-05
1.459299902475076,8.579793551701025e-05
1.5466000018964987,8.575258558485705e-05
1.5670958260213814,8.574086945707238e-05
1.5851600237890815,8.57292237252866e-05
1.6568345211949445,8.568634689399773e-05
1.7070296395276188,8.565373781957557e-05
1.7208460058698314,8.564585931735296e-05
1.6934925089415116,8.566337084027873e-05
1.6274445651500395,8.570281505040621e-05
1.5312662508944535,8.575864449388936e-05
1.4164594698218447,8.581897666807877e-05
0.7469828809022984,8.607530976833844e-05
0.8748139272160568,8.603885762589756e-05
1.0346630295260506,8.598510630148333e-05
1.1990534144188447,8.592043041156359e-05
1.344613658831012,8.585505677648882e-05
1.44392065130297,8.580702527334078e-05
1.4696515581751999,8.579405214298757e-05
1.477220842172865,8.578867641271887e-05
1.556354194396594,8.57466205107314e-05
1.6279853195339853,8.57039563406031e-05
1.6759582560723323,8.56744593832478e-05
1.6917423250041645,8.566412333427657e-05
1.6706691632992723,8.56774475152992e-05
1.6145435577728777,8.571078197926245e-05
0.7995303495600715,8.606036799467732e-05
0.9273350695772282,8.602155762739173e-05
1.0783695213091602,8.596828277114332e-05
1.223625439506754,8.590975981729265e-05
1.3319914410986498,8.586180344139151e-05
1.3663090415605708,8.584580241245522e-05
1.3610190124789805,8.58474896281568e-05
1.4333603297851276,8.581209620146059e-05
1.522879707378096,8.576515311447569e-05
1.5971906428627582,8.572251101695861e-05
1.6524334907226452,8.568858597216226e-05
1.6790855074646394,8.567252535037009e-05
0.8596202187174525,8.604184658514155e-05
0.9715538537475006,8.600620123271786e-05
1.100336004430753,8.595945649841186e-05
1.2123219711976392,8.591458193320187e-05
1.2609798084335802,8.589358448213742e-05
1.2475378310175247,8.58982972766296e-05
1.3089154307772093,8.587276416420733e-05
1.404813103620233,8.582695200782935e-05
1.497572286026333,8.577896329404089e-05
1.5837373231105283,8.573021628694783e-05
0.8943921365137256,8.603032994720328e-05
0.9825009050657874,8.600176202899084e-05
1.0864580505368322,8.59641360809784e-05
1.1559326004122277,8.593645465892764e-05
1.1534050855891564,8.593466041454119e-05
1.1871746511242598,8.592567515767098e-05
1.2850745689091323,8.588395780412306e-05
1.3901508612230953,8.583415962196013e-05
0.8871161489747681,8.603225572062444e-05
0.9597754917572157,8.600924499304165e-05
1.0500496592804731,8.597619421322291e-05
1.0809245198035795,8.596058143440564e-05
1.0782088303617128,8.596322062682688e-05
1.1690518241769332,8.593379554986365e-05
0.8514851255280803,8.604291590793585e-05
0.934790277518728,8.601708997825564e-05
1.027603425387157,8.59794638020798e-05
1.0457007693999254,8.596940404780418e-05
0.8243047703975613,8.605168612265856e-05
0.9392970169535245,8.601662343748076e-05
0.91631677652754,8.602695167451132e-05
1.0595459080910599,8.597743923984969e-05
1.2127018551073614,8.591494729812314e-05
1.36519504719978,8.584482664572831e-05
1.5054896137141154,8.57733316138101e-05
1.619877401732836,8.570799730784655e-05
1.6930595247357312,8.566313454193735e-05
1.7143850584338847,8.564916569924345e-05
1.691660816983159,8.566326764711023e-05
0.9360280025928419,8.602054730107235e-05
1.0800600515865124,8.596947332940665e-05
1.2373082891756573,8.590440865776511e-05
1.3912913322819085,8.58326366227704e-05
1.523947412796928,8.576360899210184e-05
1.6135534898859902,8.571364646430716e-05
1.641513765034848,8.569648201995223e-05
1.6166356160772826,8.570880663312116e-05
1.6203607075485233,8.570655021465198e-05
1.6730418022190516,8.56752316854049e-05
1.6945483189607418,8.566262537261949e-05
1.6652168730475658,8.568078302056373e-05
1.5856102035723783,8.572829581816828e-05
1.4689008483410315,8.57925769946352e-05
1.3321580478353323,8.586136104935573e-05
1.1912380485495793,8.592466179656686e-05
0.9578692575122518,8.601306049310004e-05
1.1074709132084355,8.5958790257282e-05
1.2659635000595806,8.58914477106559e-05
1.4107826431398043,8.582341950946432e-05
1.5150299492397132,8.576983047646087e-05
1.5503129095793808,8.575041433962936e-05
1.5224635541258573,8.576369943650424e-05
1.5152828684076682,8.576583474026605e-05
1.5900677014227118,8.572530204192178e-05
1.6465477467580765,8.56922969680365e-05
1.665520680735335,8.568116644571379e-05
1.6361259420843905,8.569912143467469e-05
1.5609295472780618,8.574272117057102e-05
1.4536830959868645,8.58003743439452e-05
0.9967166592785329,8.599955285728376e-05
1.1438470281606452,8.594391783400688e-05
1.28962084975292,8.588122436973991e-05
1.4034380157344548,8.582784538227025e-05
1.44731497869542,8.580588904149691e-05
1.4194402074707244,8.581803219875086e-05
1.4015799218809029,8.582547239956559e-05
1.4816591375018495,8.578597018041426e-05
1.5600059308770986,8.57432270452067e-05
1.6190742358618195,8.570927993048961e-05
1.6434931098085552,8.569495568894279e-05
1.6235080777171866,8.570663152628662e-05
1.0397435661391479,8.59836252083189e-05
1.1691419421620504,8.593369527259803e-05
1.2837060184717968,8.588422108168321e-05
1.3378361324780426,8.585952287886094e-05
1.3152121035738547,8.586818751361336e-05
1.2886658806239428,8.587898006235884e-05
1.363195247355322,8.584577488489421e-05
1.4523686093696129,8.580195835035579e-05
1.5383723236612366,8.575507880075522e-05
1.607192679557138,8.571655794689239e-05
1.0607631088620226,8.5975285224838e-05
1.1613728800361536,8.59364503349369e-05
1.2262197750552175,8.590913785750453e-05
1.215946903757558,8.591104782863488e-05
1.1848453362490043,8.592300543258952e-05
1.2321952475527578,8.590569709670234e-05
1.3389441149200128,8.58583256845339e-05
1.4400780549414698,8.580811713443936e-05
1.0464298573984547,8.59802377667066e-05
1.116140088369919,8.595306449663669e-05
1.1278148702542254,8.594498029808258e-05
1.10254810614676,8.595280046836318e-05
1.132906681880956,8.594639837019647e-05
1.2315557980055019,8.590647290378831e-05
1.0127790044213187,8.599104485534498e-05
1.056512902844784,8.59706235894818e-05
1.051848380700815,8.596905143762096e-05
1.0540036683993212,8.59678805124553e-05
1.0043270993120872,8.599070642037118e-05
1.0269920630267935,8.597619250234874e-05
1.2149716267761523,8.591417604669251e-05
1.3579044971426846,8.584838003968777e-05
1.4883419442228325,8.578286062794654e-05
1.5822547973621064,8.573202003951018e-05
1.6173776346191633,8.571088427184755e-05
1.5917889622914057,8.572464741341015e-05
1.5335111320033843,8.575562537352024e-05
1.2433639880194463,8.590221099132842e-05
1.3781261962949944,8.583993658226037e-05
1.4826046039666396,8.578768893259943e-05
1.5240488132759604,8.57650122946875e-05
1.4955106686512734,8.577850561518217e-05
1.432329431493365,8.580979944394883e-05
1.4251059786137978,8.581302808494e-05
1.4998745510866154,8.577513497728012e-05
1.565038008788898,8.574008068510147e-05
1.5908815758749195,8.57270217013554e-05
1.5586682257818192,8.574474774765584e-05
1.4733464024086609,8.579156188041639e-05
1.267196226236087,8.589173279992936e-05
1.3733919965944046,8.584308399374826e-05
1.4210213760204804,8.581941013728359e-05
1.3930809311000674,8.583151284310957e-05
1.3293323223263755,8.586022396619431e-05
1.2994047080977877,8.587383646188132e-05
1.3885657161870864,8.583313982507867e-05
1.474452416103985,8.578950638079758e-05
1.5455806361310673,8.575218638709678e-05
1.579201547925379,8.573363431421837e-05
1.2625632260018367,8.589391795096941e-05
1.3140461230016076,8.587088546664151e-05
1.2913002757898926,8.587942598877753e-05
1.232060797594862,8.590362302281206e-05
1.196820636725026,8.591824276774144e-05
1.2750041404709165,8.588617377692773e-05
1.367917705718295,8.584357974396242e-05
1.4640239796029753,8.57950177639602e-05
1.2093509892693057,8.591677200071998e-05
1.1965734733955877,8.591973650092668e-05
1.1470104904856044,8.593708804191163e-05
1.1116202942509155,8.595127596995601e-05
1.1712586413122095,8.593052937651367e-05
1.2626062707294354,8.589233898102647e-05
1.1157677799171781,8.59499466018339e-05
1.0814544920767504,8.596023107429462e-05
1.053880412445193,8.596987546822067e-05
1.0816260294335698,8.596469265523694e-05
1.0410173491980137,8.597325566831552e-05
1.033946871752563,8.597476558970642e-05
1.4683813118574793,8.579487128587926e-05
1.5034182753142866,8.577643735137555e-05
1.4721770738530309,8.579146560026165e-05
1.4007583195012783,8.582686499950235e-05
1.3232598590558107,8.586294108652538e-05
1.409052416914011,8.582522078371757e-05
1.3754047718639082,8.584033892491933e-05
1.3022096720035732,8.58737843391268e-05
1.226263150506788,8.590609163343341e-05
1.2145082583001863,8.591130910109418e-05
1.2924191484088439,8.587809079062973e-05
1.3824695687511301,8.583626364327706e-05
1.4623150374860316,8.57966094255523e-05
1.2812936589345603,8.588414896870221e-05
1.2114619634570072,8.591273579977567e-05
1.1418793534231402,8.593952301689189e-05
1.1093355599484596,8.595272353400489e-05
1.1885860460722755,8.592295319094896e-05
1.2815202572171818,8.588348225376479e-05
1.1357610323613576,8.594129897331675e-05
1.077914211007118,8.596258550367071e-05
1.048930403575574,8.59742605921455e-05
1.1025200000204296,8.595614979002766e-05
1.0414370204111143,8.597382872593014e-05
1.0253160287408132,8.598005970927381e-05
1.2922350511805354,8.587862421906722e-05
1.202974768444779,8.591620747718243e-05
1.1291114229741797,8.594513705160767e-05
1.1288291494276754,8.594478388650348e-05
1.0638862976652521,8.596849002561869e-05
1.0518622228836805,8.597355820326602e-05
1.1147652038841585,8.595103360169627e-05
1.0280449282021116,8.59802677654874e-05
1.0112782503389548,8.59874476055825e-05
1.0131143045751425,8.598636880585355e-05
0.3283138850994642,8.615424555424853e-05
0.6440050068834211,8.610000397449961e-05
0.9365411039645803,8.601797411235735e-05
1.1993200100893695,8.591577056329212e-05
1.4309580116515606,8.58057565003688e-05
1.6356940369491242,8.568049983111776e-05
1.8225710225217604,8.555517094582617e-05
2.0030737539475014,8.542615424465827e-05
2.1871959568495996,8.528082672024735e-05
2.3784763793172745,8.511022109787057e-05
2.567560065682924,8.494504490377352e-05
2.7140309152611466,8.481182245098997e-05
0.4309408746716451,8.61420421948905e-05
0.6727832396045514,8.609531551534048e-05
0.9320078728711962,8.60207221883547e-05
1.1812451928672465,8.592476058349146e-05
1.4089680197533234,8.581778883397798e-05
1.612881902181076,8.56985577271761e-05
1.7973796900587282,8.557387492966918e-05
1.9707874373608814,8.545083283225565e-05
2.1419175325963917,8.531723881190085e-05
2.315576252919856,8.516249265525952e-05
2.4859164430742076,8.50163191352734e-05
2.6236480804033095,8.488969169783416e-05
2.668027034129436,8.484646157915015e-05
2.588918355059915,8.492238705777746e-05
2.435749854856632,8.5060572753416e-05
2.2602424814325297,8.520847132244071e-05
2.0835752743183926,8.536522557776417e-05
1.9085454739489274,8.549605572938592e-05
1.7291679265905606,8.561885934481138e-05
1.5362483188217244,8.574558890685854e-05
1.3217165144740552,8.586092376473172e-05
1.0818737442348858,8.59650012227448e-05
0.8197541528998841,8.605571034136817e-05
0.5490045316757369,8.612085668374853e-05
0.8506301512216785,8.604660437805494e-05
1.0643268331364626,8.597156549604298e-05
1.279155265533263,8.588005142220662e-05
1.4826254287543235,8.577741395031897e-05
1.6687371066422565,8.566255629980615e-05
1.8361625411265705,8.555104205364343e-05
1.9873107619047827,8.544338167273141e-05
2.126475457397824,8.5334626709272e-05
2.257347795200816,8.521971102693304e-05
2.378905800043879,8.510691417875445e-05
2.479150984485643,8.50160834357256e-05
2.5355196100608426,8.496228544196494e-05
2.5242669083588556,8.497441313114436e-05
2.450344301067731,8.50442989508876e-05
2.328967732859793,8.515157387628095e-05
2.1816531981535916,8.528189824406195e-05
2.0227178331789326,8.541404773076715e-05
1.8556833500799286,8.553322413341563e-05
1.6776591592731,8.565370309152702e-05
1.48408249162171,8.577660890503513e-05
1.2726063638236507,8.588419763801731e-05
1.0464100591601537,8.59791124396596e-05
1.2484405144054425,8.589144670222337e-05
1.4371272002247046,8.579344918679129e-05
1.6119626725678096,8.569586200873238e-05
1.7686329046036486,8.55930259105535e-05
1.9053832371170298,8.550421947747672e-05
2.0210588322915823,8.541891899624834e-05
2.115893897766911,8.534140751231696e-05
2.1923799787123293,8.526955404772667e-05
2.256557517697091,8.520711753145539e-05
2.316244985385091,8.515353241312043e-05
2.371025964008576,8.510447209306964e-05
2.4060673004065998,8.507402869616931e-05
2.398227730571899,8.508368102987554e-05
2.3514332870491153,8.512808681015659e-05
2.2635232075280096,8.520506659439202e-05
2.1408992481296436,8.531849081148211e-05
1.9948452524037188,8.543237953414502e-05
1.8326957899589564,8.554603859248938e-05
1.6569147575679548,8.566447084285674e-05
1.4687607620699814,8.57840382221965e-05
1.6112472233521287,8.569263867132968e-05
1.7659720392650287,8.559458795543775e-05
1.8857605339860055,8.551186089935555e-05
1.9772568613890973,8.544732773559155e-05
2.044555653216361,8.53910184890315e-05
2.087436699505435,8.535569297648467e-05
2.109122517022914,8.532819088780562e-05
2.121601208350131,8.53120625868051e-05
2.146088802218195,8.528864457823734e-05
2.1950968045204897,8.524796254153066e-05
2.2657802792689616,8.519063244042931e-05
2.302263769535923,8.516043983162818e-05
2.3123985478190394,8.515269822856278e-05
2.2957724489706366,8.5170941825158e-05
2.242015474842554,8.522041390210575e-05
2.137338196066698,8.532177132569672e-05
1.9928607350943612,8.54334716666634e-05
1.828933998949388,8.554599747425012e-05
1.9165428713744945,8.549726936360179e-05
2.005221420989023,8.542087794549323e-05
2.0341785090112556,8.538158878841165e-05
2.0438321619014057,8.537065144532426e-05
2.0336414438388912,8.537997263404172e-05
2.0066043596698333,8.539856234243508e-05
1.9778528871016798,8.541772811723561e-05
1.9750896517121137,8.541589445250033e-05
2.018598124984043,8.538265981429922e-05
2.091686071232462,8.53271633719836e-05
2.191006312398503,8.524902525025986e-05
2.242072732424881,8.520502145221302e-05
2.274973022627016,8.51768803998481e-05
2.2967395126020493,8.516239580828607e-05
2.2743076196831904,8.519931905257515e-05
2.150192200214517,8.531014510174672e-05
2.1206694850738317,8.534710836114788e-05
2.0690396597320078,8.533028116917316e-05
2.0221900531059482,8.537700121136427e-05
1.9614863874725037,8.542726748410092e-05
1.8915978104957545,8.547779814056213e-05
1.830108062682885,8.551924033080756e-05
1.8065235219196716,8.553375051134712e-05
1.846425033293771,8.550641084048832e-05
1.9300692096639107,8.544687918702611e-05
2.074468932995844,8.534071984105351e-05
2.169958478611254,8.52615306110074e-05
2.2405827461293466,8.519644813326027e-05
2.296608887774056,8.514881073029157e-05
2.352464120883126,8.513256807355111e-05
2.0891838451749187,8.528219612385946e-05
2.0027519219624272,8.538722782105748e-05
1.8843451961334294,8.547807860623882e-05
1.7721426944509735,8.555910950222887e-05
1.6823927646891323,8.562648318115494e-05
1.6406282221568362,8.565051073399119e-05
1.677326254878635,8.562151633764676e-05
1.770569890289252,8.555693153240282e-05
1.9448861274291118,8.543948236865166e-05
2.0940582406451593,8.532726894117278e-05
2.2237009425831746,8.521184971566256e-05
2.279797473684565,8.51815124615138e-05
1.956324580456731,8.545397400328418e-05
1.7982387256809678,8.554551932592613e-05
1.6504483781738004,8.565448256978245e-05
1.5369526373773055,8.572583981066072e-05
1.4764870557612608,8.575979138618624e-05
1.5056761985341842,8.57440234346502e-05
1.6077088349530795,8.568147440285258e-05
1.7411165269150195,8.557682265808511e-05
1.9716794626197254,8.542563179516805e-05
2.154306242493433,8.529361836573951e-05
1.6694563087314955,8.565193877612042e-05
1.5200898033496455,8.574189788329063e-05
1.3949594789102857,8.58156576341272e-05
1.3170215784570811,8.585708479565318e-05
1.326951257266444,8.585265809210477e-05
1.4351730850108864,8.579308814715185e-05
1.5805038179683537,8.570297322489495e-05
1.7955445253395175,8.554677637941728e-05
1.3830144611635962,8.582527326516614e-05
1.2609348766058213,8.588728930642459e-05
1.174842684898234,8.592385625999472e-05
1.1498394094384943,8.593431101115363e-05
1.2528408932974047,8.589193603750033e-05
1.4131712269975574,8.581030558728342e-05
1.1471651986395863,8.593639653591451e-05
1.067843235235053,8.596526154108998e-05
1.0291100600855134,8.597866000257707e-05
1.0719062817237233,8.596825641022373e-05
1.0060088782957384,8.598726981181357e-05
0.9916364895175795,8.599163876273823e-05
0.8904865034947601,8.60343932685627e-05
1.1217423958428145,8.59499648778671e-05
1.3441888660118426,8.585014747405479e-05
1.549009774688445,8.573928966908033e-05
1.7346445834640545,8.561594465302575e-05
1.9044526326999807,8.54998230514919e-05
2.064077740183912,8.53826090717142e-05
2.2179713582656686,8.525413293741739e-05
2.3645579851072434,8.512056774387093e-05
2.489716105002485,8.500946499722319e-05
2.5656487596473885,8.49371368901868e-05
1.2624187960740796,8.588494331302462e-05
1.4570681863447277,8.578912275978616e-05
1.638051896740888,8.568232904958203e-05
1.8012114408066315,8.557346291819334e-05
1.9455485812318423,8.547254228568214e-05
2.0721479048410103,8.537971949814297e-05
2.182983631618676,8.528433762173034e-05
2.279530677478812,8.519104028756258e-05
2.360702111244616,8.511873854755565e-05
2.4208112344895474,8.506387420177482e-05
2.450441290090051,8.503635545305798e-05
2.4320039522850325,8.505498789036955e-05
2.374010569600038,8.510933214312777e-05
2.2798926642560287,8.519179550277134e-05
2.1596400832702924,8.530388325984294e-05
2.0221581107088693,8.541618900561636e-05
1.8706013344170918,8.552353243905678e-05
1.7042518923903418,8.56359844952206e-05
1.5219684199147998,8.57535083168241e-05
1.3252803651175202,8.58590515740048e-05
1.6094045401534063,8.569371338634371e-05
1.7624264586541014,8.559749005449117e-05
1.8921261078223044,8.551038907177348e-05
1.9978354857139686,8.543561115320596e-05
2.079098764614332,8.53711424498702e-05
2.1372854616678545,8.531369765075966e-05
2.1785500460027674,8.527040820613575e-05
2.2154835946178038,8.5236566584942e-05
2.2590009710172496,8.519842123331097e-05
2.30389425463212,8.516040305319327e-05
2.333640883270691,8.513525848287388e-05
2.330065190544531,8.514097366004803e-05
2.298684831640473,8.517032993906793e-05
2.23532124764032,8.522743256209505e-05
2.1373852104368876,8.532292983250032e-05
2.010018589706227,8.542330209131308e-05
1.8612699734698022,8.552804448668757e-05
1.69695522075667,8.563926844712138e-05
1.8950607546771299,8.550726836010326e-05
1.9825087532857588,8.543996941191963e-05
2.0373614471266013,8.53911828899892e-05
2.065526245926628,8.536641285673923e-05
2.0703000315995936,8.535459968884938e-05
2.061787653341565,8.535786742572405e-05
2.061218687152407,8.535482230714604e-05
2.091142171946841,8.5329939617511e-05
2.1466743332538303,8.528627562776502e-05
2.2185101598184627,8.52292762414694e-05
2.254314658492557,8.519920321567794e-05
2.270839859473237,8.51852958345299e-05
2.271112538045687,8.518881380637882e-05
2.2397634562710453,8.522670713975307e-05
2.1483406934657494,8.531712540621869e-05
2.0130181733693835,8.542085481961358e-05
2.0510235254838816,8.536019093339332e-05
2.0512664532228193,8.536010542952588e-05
2.026982155921314,8.538108007467152e-05
1.9833423686804879,8.541439928317985e-05
1.9335361804653461,8.544920836025342e-05
1.9030079689575907,8.546767194178073e-05
1.9225732410274006,8.545327074032001e-05
1.9873356887519698,8.540676130215864e-05
2.0957196511383485,8.532651701587929e-05
2.1702846205121875,8.526485835582107e-05
2.224872038076983,8.521672221292377e-05
2.269110631467247,8.517752497542275e-05
2.3107385171992068,8.514991282519614e-05
2.276738996326267,8.519939040490923e-05
2.040702163494781,8.53582825719505e-05
1.972044774143703,8.541656662541735e-05
1.8840292305995574,8.548097429106353e-05
1.7992436920620778,8.55382954075172e-05
1.7439909765957191,8.557589595442909e-05
1.7542836397654815,8.556867035249377e-05
1.8274443994003655,8.552008988810313e-05
1.9258250645852149,8.545153256097325e-05
2.0817800861377873,8.53369344283822e-05
2.1845029262969806,8.52498361203074e-05
2.26151724568162,8.517436019267675e-05
2.3117290036635945,8.51613532409165e-05
1.9047026889888197,8.546522572482218e-05
1.7771026484355217,8.555629402280969e-05
1.6627189919199685,8.564037294669265e-05
1.5857886121255558,8.56901885275935e-05
1.5839927150688344,8.569080620054278e-05
1.6634797780127388,8.563929401286921e-05
1.7789637872414452,8.55532026928284e-05
1.969348851745768,8.542510608764305e-05
2.131550564758348,8.530469876400068e-05
2.2732842613568565,8.517922582179897e-05
1.656657964250375,8.565358839134064e-05
1.525004055992285,8.573831133647823e-05
1.4306382217835607,8.57915554890611e-05
1.4096832572929303,8.58027364193727e-05
1.4900380536767144,8.575966107332153e-05
1.6197969680076962,8.56781494431681e-05
1.8137986201008072,8.553371775723251e-05
1.993892307407308,8.541204916575808e-05
1.3878717552760467,8.582089576241592e-05
1.284768724674711,8.587441974518949e-05
1.2379666706808585,8.5895819893741e-05
1.3052534213225926,8.586606722318578e-05
1.4477317986477154,8.578884552011787e-05
1.608870280882688,8.568834402967043e-05
1.1596953694289212,8.59306520158392e-05
1.097057443797429,8.595426916534185e-05
1.1172243479718467,8.595009929976683e-05
1.2714989129591903,8.588423765004625e-05
1.0166364239967538,8.598306738933866e-05
1.0081164242859655,8.598446741347477e-05
1.6312217671327476,8.568412822445581e-05
1.7906793513066792,8.557796787959529e-05
1.930354089054298,8.548424234519782e-05
2.0480043164246924,8.5399853913119e-05
2.143018410520857,8.531861334889206e-05
2.21649120137942,8.524177937154243e-05
2.2715947600162116,8.519316855403376e-05
2.311460407415435,8.515679105495828e-05
2.335255941478254,8.513464286516484e-05
1.8937683926659823,8.550743008256486e-05
1.9980593801132622,8.543203556846875e-05
2.071388291720171,8.537422612651557e-05
2.114682825734497,8.533735235119992e-05
2.1358459481794227,8.53035737944521e-05
2.150375126539909,8.528845980232542e-05
2.174285436781489,8.526757556557079e-05
2.206890177845852,8.524070706864746e-05
2.238222505379634,8.521520647739497e-05
2.2458785743395984,8.520873634673355e-05
2.239064064197573,8.521523525224268e-05
2.2232078535131357,8.523012981606002e-05
2.1942197509671426,8.525836565098513e-05
2.1389382077659413,8.532366355977231e-05
2.0494432744623725,8.53951025630487e-05
1.9304564670629913,8.548039487487462e-05
2.045393554653707,8.537924587247658e-05
2.071618652584802,8.53588118648397e-05
2.0644775389925085,8.535735239963088e-05
2.0379431775421954,8.537577580493662e-05
2.0158626844137384,8.538856390611956e-05
2.026228843744671,8.53800285021809e-05
2.06981839372771,8.534740102190094e-05
2.1196421160429324,8.53093381233191e-05
2.173547034239915,8.526633840655326e-05
2.1979224509294397,8.52455172082419e-05
2.2153309682104774,8.523067171443793e-05
2.2299309530135965,8.522312716404066e-05
2.219412916895119,8.524244112136777e-05
2.1522246502180855,8.531605392767699e-05
2.037951612754179,8.537307193607454e-05
1.990061591166535,8.54094103945099e-05
1.9246601204299572,8.545484155526192e-05
1.8718772111592341,8.549028182695394e-05
1.8696904174665032,8.549181709066371e-05
1.9238436316986542,8.545496416377945e-05
1.996996592741327,8.540280338210232e-05
2.092904095152791,8.533117656232163e-05
2.1563140553118108,8.527841537706771e-05
2.208965184289654,8.52326465034546e-05
2.261791682916191,8.518960174874381e-05
2.2869323468115406,8.518807527561682e-05
1.892728655704455,8.547546824028284e-05
1.798304397785136,8.553878394680375e-05
1.7212293687474547,8.559328047260585e-05
1.705279323491669,8.560535343320263e-05
1.7668256827177964,8.556966504372793e-05
1.8618623640834848,8.549924297195644e-05
1.9939039686899884,8.540757620693189e-05
2.106714259226871,8.532183800341535e-05
2.208370202633498,8.523785145838311e-05
2.296253582321351,8.516725604921317e-05
1.6627845494325775,8.564292379291601e-05
1.56790235626874,8.570596949263901e-05
1.5345328777718348,8.572578172676077e-05
1.5966283786882536,8.569120194529537e-05
1.7097071063183527,8.562259449917164e-05
1.8376506828163142,8.552005602229845e-05
2.015926876376936,8.539644413808785e-05
2.154698476667584,8.529560533895843e-05
1.4190836227305863,8.58001035290076e-05
1.364419390942367,8.583054255589416e-05
1.414366458975105,8.580663286103196e-05
1.5393436383211792,8.573579577224834e-05
1.6874391493570762,8.564167248145723e-05
1.8682917081223818,8.550141794519343e-05
1.2116373580930273,8.590776252924929e-05
1.2294623760615446,8.590257271293795e-05
1.3578295456687144,8.584167870520457e-05
1.5211911006473862,8.574993744226644e-05
1.0684631386454377,8.596805636716739e-05
1.1832733440958023,8.592538504502671e-05
2.0787201732019027,8.536631825741617e-05
2.1247746544646704,8.532844902917216e-05
2.1348781174211844,8.530582558276411e-05
2.128461976876366,8.530464686788653e-05
2.130242086717663,8.530131392473027e-05
2.145861598987635,8.528963851561243e-05
2.159699984416224,8.528039917246595e-05
2.076013727479131,8.535062274499643e-05
2.048711410005861,8.536915333686435e-05
2.0121247539132385,8.539188738295685e-05
2.0024003391438407,8.53972806629709e-05
2.030137062076532,8.537928995681806e-05
2.0689899922489166,8.535117686862585e-05
2.1048041213886175,8.53242604134953e-05
2.1226035184352408,8.530924980428652e-05
2.1288820074613284,8.530217325758294e-05
2.1385344141682734,8.529513932801201e-05
2.15555928527589,8.528683523178121e-05
2.155829095876265,8.529086976894233e-05
1.932373709577904,8.545052790288563e-05
1.87288129423041,8.54902569031043e-05
1.853549032955034,8.550263812837185e-05
1.8936932110539642,8.547752571312258e-05
1.9589576430183422,8.543318274670252e-05
2.0197580796318344,8.538945891881651e-05
2.0898738725715393,8.533691835539155e-05
2.134176501953157,8.530124841113934e-05
2.1683267791628413,8.527622767044845e-05
2.178412949934788,8.527115661255434e-05
1.719730472958206,8.559248615924316e-05
1.6883998642978089,8.561871551637173e-05
1.7354214139666377,8.559536050397832e-05
1.8246550482761876,8.55370788253629e-05
1.9198732951925044,8.546233056572482e-05
2.031723797070423,8.538428920963464e-05
2.121269279575467,8.531913514540763e-05
2.1785489080449243,8.527685457610132e-05
1.5197331089517516,8.573528524968702e-05
1.5615439141654408,8.571624759050062e-05
1.6662460755434099,8.565508439439653e-05
1.7903556826735616,8.556662409276033e-05
1.9292315533251765,8.545895256381708e-05
2.0508017812678694,8.537511455344933e-05
1.3858472802083666,8.58216063270767e-05
1.4924959826164124,8.576368615459295e-05
1.6345322058645533,8.567829096589385e-05
1.783015647684095,8.557575341975664e-05
1.321917783565794,8.586048214676169e-05
1.4697726892516827,8.57816131780628e-05
2.0268933172236294,8.538378499340008e-05
2.016731886853743,8.538991969377382e-05
2.030143674964418,8.53806513821789e-05
2.052075175192899,8.53656693672574e-05
2.0642725235525647,8.535700537406848e-05
1.8564738042456406,8.550150411023593e-05
1.8911820197984763,8.548018727158073e-05
1.9482006182457687,8.544290981793045e-05
1.9987592273698718,8.540718984198257e-05
2.0395412602835283,8.53782810478265e-05
2.0663626385751144,8.535909608531258e-05
2.0704271088639055,8.535567609159732e-05
2.047975402746181,8.537057758127171e-05
1.7272950739808257,8.560392588163029e-05
1.8095969343778293,8.554963571867524e-05
1.899124989416605,8.547880305123186e-05
1.977956509702028,8.542499270725329e-05
2.051238356009166,8.537378543344324e-05
2.0848934433035624,8.534954215234213e-05
1.6507940515693502,8.566454259145863e-05
1.765985720223937,8.558894488745292e-05
1.8829466077470647,8.549101781074314e-05
1.987319685722442,8.542194043271457e-05
1.6147374737470903,8.569262775783774e-05
1.7532294865492088,8.55965265233413e-05
1.9522628317174666,8.544123680573133e-05
2.001721395297457,8.540881535161154e-05
2.0241975571637365,8.539250829275981e-05
1.8952153036761685,8.548174985415502e-05
1.9698428575482794,8.543314543504623e-05
2.018093295053852,8.540849965484099e-05
2.030409632423621,8.539026806865462e-05
1.873751761952212,8.550470934963525e-05
1.9656777456312242,8.543771622219357e-05
2.015775216040114,8.54065469023083e-05
1.4872286830888648,8.55798626936477e-05
1.5567745444055268,8.555762168984539e-05
1.7433876424881498,8.547897687724798e-05
1.9948354962057075,8.533825487862063e-05
2.2578060516200096,8.515638823720704e-05
2.4947879162641367,8.496521414479373e-05
2.6846896224316414,8.479528204531271e-05
2.8190050975833407,8.466653791606093e-05
2.8986705054184454,8.458558604896598e-05
2.9318854704078636,8.455056801471044e-05
2.932353056489822,8.454795716583172e-05
2.917279047787297,8.456227851580065e-05
2.90396573679766,8.457564681281407e-05
1.5672611394649962,8.555584130813427e-05
1.698162956901477,8.550061407931716e-05
1.9098311323538721,8.53880674983879e-05
2.1520582139363476,8.523542495075761e-05
2.384081369187581,8.505851334257109e-05
2.5804109185628694,8.489169674337469e-05
2.728780706246,8.475386372039708e-05
2.8269858855990466,8.465776786472775e-05
2.8803412688338734,8.460393916267877e-05
2.899644627571584,8.458252441570438e-05
2.8992698654270854,8.458191419350957e-05
2.8947372138168492,8.458565850825212e-05
2.898666636361779,8.45806216902663e-05
2.9152477134598795,8.456530015800637e-05
2.9051665608432886,8.457734547241081e-05
2.894731536760029,8.458866715032546e-05
2.8636177592025516,8.462136189564773e-05
2.7957501125945896,8.468904988678307e-05
2.6808573337400308,8.4799404025532e-05
2.515486718486537,8.49491649780503e-05
2.3048672674753052,8.512083040919004e-05
2.0655958221015505,8.529348772453927e-05
1.829083857652254,8.543654153461615e-05
1.6430006812315299,8.552433317435085e-05
1.7557862963860356,8.547327732587857e-05
1.896234420523269,8.539764972702028e-05
2.0833932504015276,8.52817064549735e-05
2.2809977502371894,8.513980977483207e-05
2.4620753906976636,8.499528383431533e-05
2.610859137204677,8.486429083103117e-05
2.7212147237584743,8.476085065315677e-05
2.794353480222475,8.468961072118028e-05
2.8366782592953013,8.46464276949376e-05
2.857873050390803,8.462430995344499e-05
2.8690740888067134,8.461142200818593e-05
2.880573066867641,8.459941794325517e-05
2.89840452567755,8.458111890188628e-05
2.8949313653403776,8.459195059729226e-05
2.847087037136895,8.463791707844019e-05
2.8011472317852735,8.468402612740989e-05
2.738111400334078,8.474556743989062e-05
2.6445932417452203,8.483486560544382e-05
2.5144536405678286,8.495119229411799e-05
2.349839436237719,8.508811404498143e-05
2.1629244078590357,8.522843033776982e-05
1.9778120813658204,8.535066350195211e-05
1.9522408571944738,8.536713288948689e-05
2.0609529938904094,8.529826386621357e-05
2.1985386893197947,8.520352855376363e-05
2.3424130596916255,8.509351180327436e-05
2.4758833297856397,8.498376714997628e-05
2.5892352946220383,8.488373998688636e-05
2.6788126876931724,8.480055689526981e-05
2.7454076342916562,8.473625414557234e-05
2.792669375825951,8.46891382610307e-05
2.825819357852105,8.465596927929697e-05
2.8505956492376407,8.463044881014813e-05
2.871940949979727,8.460810907093248e-05
2.891967462623913,8.45883183267672e-05
2.8180876361814917,8.46733424711112e-05
2.733461131629347,8.475248649163551e-05
2.6592180594941097,8.482219374916994e-05
2.5838253252612495,8.4891374085288e-05
2.4963630663697196,8.496824543430015e-05
2.392868617581626,8.506398594573901e-05
2.277626221472027,8.516702166972795e-05
2.0848743988230725,8.52819653588934e-05
2.1473801249475644,8.524128386747692e-05
2.2362871351167035,8.517626254563952e-05
2.338760178409615,8.50961971081591e-05
2.4438311412611537,8.501010431410494e-05
2.5433673572765194,8.492355586308054e-05
2.6319571238975934,8.484270165477797e-05
2.7063944589648194,8.477302589993048e-05
2.7652684682316337,8.4715479388835e-05
2.8088390883257413,8.467368819405786e-05
2.83901216467658,8.464252557245507e-05
2.858878117039527,8.462175045757911e-05
2.801282960712291,8.470049603280946e-05
2.68609398973399,8.480723370175355e-05
2.5794476030303666,8.489972039734497e-05
2.508764963845345,8.495924301673934e-05
2.4662890241822195,8.502082299167483e-05
2.431196543343233,8.505337048274095e-05
2.1337431007614254,8.525145373092863e-05
2.1584496027044158,8.52337295481789e-05
2.2172120427645727,8.51904979393469e-05
2.301817102779685,8.512630678015782e-05
2.401789393789826,8.504578313066626e-05
2.506116835676821,8.495667310048106e-05
2.60470630259771,8.486849720865917e-05
2.6894756184718407,8.478950173934451e-05
2.755167082247127,8.472595368856445e-05
2.7999510455146863,8.468186264882103e-05
2.7719409373615975,8.472829682738073e-05
2.7227780804827737,8.47821770524184e-05
2.6396892514133112,8.48637229215945e-05
2.523750393272743,8.496592140139833e-05
2.431310439395158,8.505498873038353e-05
2.433893474783507,8.507031694636548e-05
2.120733672262381,8.526024968747606e-05
2.129219371377299,8.525401096453316e-05
2.182318494463605,8.521652429242178e-05
2.2708759048847487,8.514983371741251e-05
2.3806081563292776,8.506263178755702e-05
2.495753409036261,8.49666306306807e-05
2.6022820481383375,8.487086849723748e-05
2.689906188297134,8.478875831565876e-05
2.724624209386014,8.476613504882291e-05
2.6240041704898847,8.486564873156376e-05
2.5701570191710466,8.492165128630921e-05
2.5322298948941766,8.496741478626019e-05
2.484130781908496,8.502053164521545e-05
2.402158429539472,8.50977278266776e-05
2.0891841030059264,8.528190517732772e-05
2.103608312315246,8.527341630774443e-05
2.168390931337303,8.522758358096884e-05
2.2699032962951184,8.515207143500758e-05
2.3895915584160345,8.505687930076248e-05
2.5092289005044583,8.495589089647479e-05
2.6144342617476912,8.486000054111924e-05
2.6083992575028425,8.487582401208985e-05
2.49138560852453,8.500052582116151e-05
2.4118526064612316,8.507564509344723e-05
2.3706258882703786,8.510185758652508e-05
2.4157068473941434,8.508673747096639e-05
2.0784640722083254,8.52908141156413e-05
2.109606737979524,8.52696779556419e-05
2.188232529810858,8.521510554756268e-05
2.2972968572972627,8.51318449447691e-05
2.417390280156808,8.50351874056347e-05
2.531627187857083,8.49363924696267e-05
2.506916334617949,8.498684845276359e-05
2.44441415128249,8.505820427310348e-05
2.324194795482674,8.515500058710698e-05
2.274830142868405,8.518472379315791e-05
2.102917700819984,8.527551901859466e-05
2.1466414422932907,8.524628092145674e-05
2.229532435402292,8.518665718412909e-05
2.3349948589349583,8.510353069077038e-05
2.4461672254736038,8.501238565898742e-05
2.4336494441008134,8.506795353871686e-05
2.3895161730856898,8.511543001238654e-05
2.3241387490694643,8.516802019901386e-05
2.1498335970713907,8.524552848998925e-05
2.194519799415156,8.521291693535491e-05
2.27060834155217,8.515573732680152e-05
2.3646002152798435,8.508132118195765e-05
2.3943364749738727,8.511533092002196e-05
2.3760303349546423,8.513425458165052e-05
2.195929458619362,8.5230388750045e-05
2.2317463538719737,8.52018731055102e-05
2.2949165105035894,8.513674437597699e-05
2.375501101797027,8.507304078900644e-05
2.223154030494481,8.521982830607279e-05
2.2454510523314646,8.519128002935886e-05
1.821698293208217,8.543823579877397e-05
2.0087340390196866,8.533239772462719e-05
2.2186218213349864,8.518918372082564e-05
2.416823807925608,8.503239348807594e-05
2.5827566762127603,8.489100759604055e-05
2.707546385837282,8.477408152226423e-05
2.791359950813354,8.469355386338826e-05
2.8412721569107378,8.464242868094699e-05
2.8692612741183825,8.461420383769615e-05
2.8854767739037506,8.459631444519478e-05
2.8872392159548146,8.459261447079061e-05
2.0080532808069513,8.533161386262222e-05
2.157287762070548,8.523255746067369e-05
2.317026623958505,8.511504907136588e-05
2.4648480178204215,8.499338001708039e-05
2.5884703116134187,8.48856468403296e-05
2.68392976262064,8.479686279144984e-05
2.7533720373059705,8.472993002865918e-05
2.8025037141398936,8.4680498895343e-05
2.836416992132271,8.464662918677945e-05
2.8564987872459406,8.462440100530685e-05
2.8677974497123935,8.461274712414702e-05
2.8719263475136976,8.461022407029153e-05
2.8423337156065127,8.46435217272875e-05
2.7855926165348963,8.47001226386222e-05
2.723505749614985,8.475943202809931e-05
2.648646085765418,8.48315148509783e-05
2.551999580798246,8.491822957167108e-05
2.430387972570349,8.502388292085285e-05
2.288570199190053,8.513839250798293e-05
2.1405238891541085,8.524521854569332e-05
2.1329328158898044,8.524984190743306e-05
2.232287685988363,8.517901326381627e-05
2.3438750983791525,8.509333191166523e-05
2.4535876002867933,8.50040411327217e-05
2.553327252925068,8.491683435169945e-05
2.6394618667461165,8.483755322382736e-05
2.7110351258518333,8.476996752843481e-05
2.7679708141230717,8.47132952635303e-05
2.8096413231403408,8.467158465648905e-05
2.835494676504658,8.464599133976298e-05
2.84412610106857,8.463800661607773e-05
2.819259466971137,8.4669262359223e-05
2.740043476089687,8.474895832823389e-05
2.6495605264064475,8.483287065030985e-05
2.5713061496911584,8.490296004080901e-05
2.503000911341814,8.496405314292166e-05
2.4352585180825166,8.503732047551255e-05
2.3630927298983164,8.510479557806857e-05
2.1766498410245125,8.522684380550123e-05
2.236419136634954,8.51768293425325e-05
2.3190607928354594,8.511350730114937e-05
2.413251554537768,8.503660977537726e-05
2.5099296804090345,8.495428642188346e-05
2.601813066267528,8.487209287789934e-05
2.6829695108207914,8.479605012300298e-05
2.748365185134342,8.473184574412566e-05
2.7925850396216063,8.468938629335e-05
2.801330404800827,8.468432925323185e-05
2.769506021112586,8.472328179053056e-05
2.6942361942845294,8.480159727552688e-05
2.588205587605025,8.48995195610626e-05
2.491388190017707,8.497828004071612e-05
2.445216589815417,8.504226632726229e-05
2.4361629255959327,8.506303137802126e-05
2.1604450046203314,8.523178511853068e-05
2.203254843396317,8.520317098745418e-05
2.2804403148236583,8.514326220446332e-05
2.378499361291057,8.506562412513912e-05
2.484590204933423,8.49756162781837e-05
2.586736625677473,8.488547115343607e-05
2.6749124716718504,8.48033397671039e-05
2.739682135481539,8.474180114457995e-05
2.7161842243454,8.477486778837139e-05
2.6616321105300815,8.483228827506577e-05
2.602856478116691,8.489315876285649e-05
2.5263061717855377,8.496795541877375e-05
2.4279524021945216,8.505085049480698e-05
2.392076062570665,8.510190876522945e-05
2.1267080925865924,8.525689246233874e-05
2.1739753647551594,8.522322164938158e-05
2.261380464740428,8.515938886915852e-05
2.371243008379119,8.507286954912426e-05
2.486495362813507,8.497496631605958e-05
2.592594331315717,8.488122320340021e-05
2.676382227782568,8.48030684148215e-05
2.632947608770431,8.485328112339261e-05
2.516827092769367,8.496922396253898e-05
2.4584737334340874,8.502086000528688e-05
2.4275851012337553,8.506307373456024e-05
2.4133963632542894,8.508721236682097e-05
2.113907160246097,8.52660555265798e-05
2.1755062475048708,8.522388302720013e-05
2.2747271298314886,8.515066690430969e-05
2.3908693195527033,8.505657844260703e-05
2.505993062469128,8.49592787541722e-05
2.587020607433981,8.489694363905732e-05
2.52067313563116,8.497453970423955e-05
2.3991903203578615,8.50910614300192e-05
2.3242124728222033,8.515128154522744e-05
2.2926565803398593,8.518669071351764e-05
2.135978166148396,8.525486736256466e-05
2.2076329778385033,8.520162171372335e-05
2.309256402707158,8.512478232360774e-05
2.421020938634115,8.503390095032388e-05
2.4952445827254492,8.499508264008426e-05
2.4356946519646208,8.50662933753006e-05
2.3474181913983196,8.514287913697431e-05
2.29928078891643,8.517292414326954e-05
2.180451867995244,8.522676663898358e-05
2.2510122379867843,8.518105771738927e-05
2.344751881369097,8.509866929287621e-05
2.4302707708702562,8.50711032241925e-05
2.3886607916609437,8.512042757811516e-05
2.370142840285699,8.513967097441687e-05
2.2245667995862752,8.521656661497736e-05
2.2851220723338797,8.516502341082249e-05
2.36596758860722,8.508309102035291e-05
2.3781959132934594,8.513010395697834e-05
2.2506943387203537,8.520582125010679e-05
2.2977313900806395,8.515694435488442e-05
2.2468209387153926,8.519281934725635e-05
2.346834708686802,8.511206556090849e-05
2.4455482337027328,8.501212018925113e-05
2.536471740183945,8.493169177432497e-05
2.618583706452148,8.485824496768459e-05
2.6936335302192704,8.478826466015436e-05
2.7608633315618025,8.472414939991179e-05
2.810623794561794,8.467291179840221e-05
2.8330850292859617,8.464898460252875e-05
2.2779696666983735,8.516655897488716e-05
2.3403780854906593,8.511295740069145e-05
2.4151473334170555,8.503757114546025e-05
2.4971615642262552,8.496782483044693e-05
2.581026848192635,8.489246253199231e-05
2.661241501327899,8.481748691454549e-05
2.7307745452603744,8.475036799405754e-05
2.7792215980079944,8.470241499396845e-05
2.794656676755263,8.468705125635991e-05
2.7717003030453897,8.471259899464621e-05
2.71293006916767,8.477242672126911e-05
2.6299450202619497,8.48516659157009e-05
2.5437467651538066,8.493006178678196e-05
2.4716169762261844,8.499160150565057e-05
2.419140763305448,8.505868675852277e-05
2.3798871414652365,8.509460885673171e-05
2.253930036699334,8.51830251303927e-05
2.30102036358527,8.513397357966276e-05
2.3735003904722096,8.507296206415458e-05
2.460744788528339,8.499779987283761e-05
2.5528323574464244,8.491757136326031e-05
2.6403500770609742,8.483749267121512e-05
2.711963683536314,8.476971766209143e-05
2.7470776343771237,8.473498622656118e-05
2.7099974340313246,8.477704086347579e-05
2.643300835170689,8.48437812925306e-05
2.557306193347441,8.492434773891645e-05
2.466904635502099,8.500307900777982e-05
2.4035407650230485,8.50813209224656e-05
2.396749345080167,8.509808014035944e-05
2.2149271618804143,8.521101904944008e-05
2.2666796352044845,8.515998006014188e-05
2.3489149529197815,8.509162231871167e-05
2.4468703863361285,8.501009770542357e-05
2.546961744342296,8.492219941358921e-05
2.6365089361714285,8.484008441257221e-05
2.6866500373164173,8.479500589205475e-05
2.612896002166367,8.487173243355438e-05
2.538607192083584,8.494274281658682e-05
2.462849407340853,8.50134342945998e-05
2.38660718519079,8.508232937934929e-05
2.3456695624047668,8.513542212052688e-05
2.1972507168019777,8.521064730277638e-05
2.262301071043952,8.516389753303267e-05
2.355089507401832,8.508706845176644e-05
2.458469897799959,8.500109359356148e-05
2.557864844704737,8.491382876915537e-05
2.602699992201995,8.487821417483375e-05
2.4987291592466896,8.497895612207756e-05
2.416962186782429,8.506625453797815e-05
2.3499946186734317,8.512383496356794e-05
2.304190653657288,8.51756188668562e-05
2.2137565343021386,8.521300797252025e-05
2.287856218974497,8.515236084658215e-05
2.3823574410411963,8.50674831802477e-05
2.4812057893925186,8.498208818013653e-05
2.5028116379172913,8.498423335338838e-05
2.442171121782167,8.50551644765223e-05
2.3368695370518906,8.514611466716342e-05
2.293459704830591,8.517849503155538e-05
2.2524444048830423,8.519772086786761e-05
2.325080000952206,8.513593150115119e-05
2.4118449638408648,8.504497395561126e-05
2.426421949163157,8.507768658828869e-05
2.3830855749058415,8.512463544448381e-05
2.330761706688182,8.515923228712564e-05
2.291785362998276,8.51784166172474e-05
2.3548133369699307,8.512684590656987e-05
2.385261011301833,8.512022210984904e-05
2.3670042491036973,8.51432350764276e-05
2.31523565975009,8.516389122678424e-05
2.365866601612729,8.51116727084465e-05
2.3470358391545854,8.512604710913103e-05
2.3751939661793977,8.508835824037395e-05
2.4318955582194905,8.50255321406751e-05
2.510078200618829,8.495778916535604e-05
2.596909418118747,8.488036038831729e-05
2.677182707118145,8.480353437155622e-05
2.7311404265590484,8.475041575188734e-05
2.302525792684933,8.516343000825196e-05
2.337342949796315,8.511815596519271e-05
2.40322898526418,8.504746621076773e-05
2.488424596061832,8.497694056766833e-05
2.5788698053334165,8.489528875097401e-05
2.65522056478847,8.482345558089899e-05
2.667641564040366,8.481293515014143e-05
2.6034646982810137,8.487620982921412e-05
2.5167195947461543,8.495566919302245e-05
2.4296668653964413,8.503413522995614e-05
2.365646175199646,8.510311870751009e-05
2.3491977585212602,8.513066537432835e-05
2.2801046713726225,8.517017085993767e-05
2.328269255927243,8.513138246178975e-05
2.403055662348054,8.504917658255453e-05
2.4913190292371867,8.49734978953169e-05
2.5773422075417303,8.489710539469312e-05
2.605071816248466,8.487366114104692e-05
2.510508184753932,8.496231763451142e-05
2.4258410304377724,8.504315555166506e-05
2.35125436983674,8.512376521907772e-05
2.3236151038419006,8.515594109723598e-05
2.2911072451660464,8.516576252134685e-05
2.348338070363754,8.512104260023134e-05
2.424097986191173,8.503897425568393e-05
2.5064315804922797,8.496142390645122e-05
2.5157528669316718,8.496020701669425e-05
2.4175102240965702,8.506410446450422e-05
2.3466939918438676,8.513839264193825e-05
2.310395062423564,8.516774163242686e-05
2.323761114178243,8.515776083358582e-05
2.3800816351718925,8.510674675731104e-05
2.4484103472837937,8.502369068711831e-05
2.4284714796752183,8.506832894849092e-05
2.3610145148908614,8.513679103039267e-05
2.324951758673711,8.516419945098645e-05
2.3578738515115005,8.513370717132543e-05
2.405650258751469,8.508613522834364e-05
2.375527510376734,8.512973274658492e-05
2.3604029890783713,8.514455829903516e-05
2.378296523090735,8.512182310253876e-05
2.362830397988717,8.514382782206691e-05
2.324816378296018,8.514676179835019e-05
2.3529141092030263,8.511556410407597e-05
2.418679153491603,8.504857582394853e-05
2.5040267715838533,8.49648172319475e-05
2.5835825837335955,8.489247481220142e-05
2.3330567241506657,8.514278453188482e-05
2.3694681633833397,8.511319290894362e-05
2.4325119287084482,8.504115278256377e-05
2.5072014718393443,8.496119249330544e-05
2.5045394176132993,8.496530409979012e-05
2.427288990279034,8.504647216337349e-05
2.3611599856919465,8.51224218236806e-05
2.333055103953345,8.514338077701638e-05
2.3618359390169497,8.513045407975324e-05
2.397484239846795,8.509718714896641e-05
2.451123039838082,8.502976324287547e-05
2.441000610387,8.504695751943383e-05
2.3684434060850563,8.512910574286995e-05
2.3399243315648057,8.514910429081948e-05
2.3920395365112257,8.511576900355201e-05
2.418545931254939,8.507855937514821e-05
2.377186560602117,8.51267969338394e-05
2.351618896726848,8.51494765880663e-05
2.3719160587179604,8.513601569746868e-05
2.3547287095120404,8.51485411292559e-05
2.3610151801585237,8.513470828430504e-05
2.385957155022917,8.51079882838391e-05
2.439044670939224,8.504231839089017e-05
2.389205696805805,8.512225841711602e-05
2.4056304407779554,8.50979360559963e-05
2.3864103757797115,8.511747868098505e-05
2.3674124703918817,8.513710792446524e-05
2.3732028503060993,8.513180440528198e-05
2.3626044536737565,8.514283750324806e-05
2.382716453212526,8.512698466572665e-05
1.487230419628449,8.558271332205585e-05
1.5567765588296416,8.55571676477914e-05
1.7433892069812402,8.547897413621195e-05
1.994836568910024,8.533667553964276e-05
2.2578067152961228,8.51557220495017e-05
2.4947882727712094,8.496434013899432e-05
2.684689748164047,8.479563990181092e-05
2.8190052089918,8.46663776071649e-05
2.8986708173621336,8.458545225478637e-05
2.9318860051684728,8.454957162624254e-05
2.932353818841999,8.45493063146223e-05
2.9172800090831537,8.45632444914068e-05
2.903966817459724,8.457544076806439e-05
1.5672619718453484,8.55568444245992e-05
1.7098131958203189,8.549441735085619e-05
1.9408872337515228,8.53700542921644e-05
2.2004035173372993,8.519783559253671e-05
2.445432451664732,8.500638411341697e-05
2.649857924924658,8.482631821867044e-05
2.8008386287590685,8.468328466931011e-05
2.8958080066824223,8.458862343557623e-05
2.9406479940814996,8.454183966251648e-05
2.948488488606419,8.453256052251181e-05
2.939048646058369,8.454167614861129e-05
2.9371019503296876,8.454684670176016e-05
2.9394711164886087,8.454891530281923e-05
2.916702130217182,8.456732539540927e-05
2.937254874356757,8.454296878738081e-05
2.9492520073895627,8.453191044929723e-05
2.9337766592585925,8.454853019391712e-05
2.8759238151629964,8.460880614301984e-05
2.76584297619591,8.471775709114902e-05
2.6004112327118736,8.487150428253493e-05
2.3849898096872555,8.505485957076942e-05
2.135822996445079,8.524435119376751e-05
1.883215184896631,8.540289491294984e-05
1.6729434540135173,8.551137619039129e-05
1.7557869616536976,8.547363683064621e-05
1.911411774896541,8.539037537706315e-05
2.1313452819380996,8.52479165125443e-05
2.363372834640411,8.507419586140329e-05
2.5725740193481137,8.489728151100258e-05
2.7389012369786108,8.474341647937036e-05
2.853592834435805,8.463023812368766e-05
2.9181131295060094,8.456482319410338e-05
2.9439884112383856,8.453739035326938e-05
2.951619066337037,8.453175282689095e-05
2.9651947601658555,8.452066231789898e-05
2.9848822457249162,8.450690587594966e-05
2.9548835474874755,8.453613907192355e-05
2.9208266974124846,8.455875960374184e-05
2.9379372464006157,8.454214769601712e-05
2.935428778286204,8.454609184899976e-05
2.8993407450809916,8.458327125601014e-05
2.819353880866478,8.466360572540255e-05
2.690778710709252,8.478753332779875e-05
2.516108431806934,8.494363609502892e-05
2.3066811515870755,8.511576647770702e-05
2.084527617709119,8.527870158628076e-05
1.9522413617156438,8.536782147246141e-05
2.079069718837218,8.528596537846577e-05
2.2613903021074604,8.515577619415605e-05
2.4575532910601545,8.499775420425742e-05
2.635769220601574,8.484122355839238e-05
2.7760835893330835,8.470860005166739e-05
2.8697205507207615,8.461570783320492e-05
2.92118684276701,8.45630404523473e-05
2.9467218098507706,8.453737942732001e-05
2.965175807995232,8.4521110262926e-05
2.9842334951627856,8.450739072956415e-05
2.974450519332078,8.452168345350896e-05
2.909932256670497,8.458478042025369e-05
2.9079294381342327,8.457247750454575e-05
2.9121511057603158,8.456919062109897e-05
2.8944879294294847,8.458755087773192e-05
2.845619396195371,8.463682871131194e-05
2.7596649203051116,8.472213521114536e-05
2.635979281253214,8.483746349883598e-05
2.480486832401892,8.497405478717793e-05
2.0848747839780346,8.528177486162606e-05
2.171532979364669,8.522390018742778e-05
2.324767296503118,8.510863863596154e-05
2.50270058437265,8.496295563301156e-05
2.669219332244763,8.481284118412004e-05
2.7999631460650103,8.468814202408256e-05
2.882195586258936,8.460528727270377e-05
2.9220162676120873,8.456480470739717e-05
2.937154955291935,8.455124311981157e-05
2.9406451436164684,8.455027658776091e-05
2.916724130204966,8.457993970606913e-05
2.8852756975486487,8.461657568783771e-05
2.871254280752405,8.460897060053827e-05
2.8765247539886727,8.460425370471229e-05
2.8713786476080356,8.460987842133112e-05
2.8497582475468155,8.463168960998072e-05
2.8053492803815216,8.467643940750317e-05
2.7340920950350376,8.474515443991222e-05
2.1337434063389162,8.525087872722628e-05
2.2047551572561086,8.520594239872212e-05
2.3623152213956753,8.508920627639168e-05
2.53605912940243,8.494005324376076e-05
2.6974846023772647,8.479106245794453e-05
2.818451978451866,8.467266083792722e-05
2.8750529941172207,8.461454679783284e-05
2.8830379249360956,8.460768083108648e-05
2.8672741991890893,8.462394449882196e-05
2.838775432839577,8.465702407014572e-05
2.8256942127288025,8.465578778580299e-05
2.8374613525448953,8.464308401764096e-05
2.8416389772235764,8.463816919904805e-05
2.842726608682128,8.463794077011526e-05
2.8405778928095318,8.464065261305911e-05
2.830395783437889,8.465163272115532e-05
2.12073392691029,8.525945840244551e-05
2.238512235812687,8.522175705775069e-05
2.374651187344576,8.508693647462166e-05
2.532898703753785,8.494567592431654e-05
2.692582173355348,8.479643974245035e-05
2.7989180678635925,8.469120907610389e-05
2.8068669182568686,8.468348234794836e-05
2.773578219965414,8.471734091602719e-05
2.7530787402106434,8.472839435811469e-05
2.7913752042231,8.469054994467888e-05
2.8093550002146195,8.467200894708655e-05
2.815520864836777,8.466444847169175e-05
2.819607705944369,8.465962442186276e-05
2.8281241506111936,8.465209333610076e-05
2.1445036126188017,8.531991700445281e-05
2.193828877567755,8.523062187339155e-05
2.3252774613070013,8.511796907235198e-05
2.495172671747512,8.497410662892108e-05
2.663560232876904,8.482177144047481e-05
2.7153552419510647,8.477108528106054e-05
2.6705220791159476,8.481593199233934e-05
2.696238000595355,8.478448979312599e-05
2.751487636413565,8.473088511971839e-05
2.78268054262565,8.469870499049478e-05
2.797292869894605,8.468306404325318e-05
2.8061043830512737,8.467428535026533e-05
2.078464517842166,8.529158997717266e-05
2.1528973058526684,8.524377523990257e-05
2.300909679280097,8.513322072692456e-05
2.48035712748947,8.498608681961972e-05
2.6128598803604834,8.486683694242469e-05
2.5715228041320906,8.491028282974733e-05
2.628160296518853,8.48483082177539e-05
2.7009386720790136,8.47803626461687e-05
2.749583591026534,8.473297172822007e-05
2.7788038481133666,8.470324687664022e-05
2.1029185125101937,8.527684601259996e-05
2.174831576968709,8.522542109647826e-05
2.3176452862786436,8.5131310818666e-05
2.4837784049067437,8.498179043440603e-05
2.4893432065623697,8.499797834747565e-05
2.5494450230038637,8.492214037680657e-05
2.636064317739308,8.484229860082767e-05
2.702401022710229,8.477888592309674e-05
2.149834832113749,8.524707027128917e-05
2.216838557042718,8.520703101374474e-05
2.3461356444725125,8.511963443446277e-05
2.431592637024754,8.506633039042825e-05
2.4632263594573685,8.499756918031758e-05
2.5559411102596963,8.491511087267092e-05
2.195931064492738,8.52259916087366e-05
2.251773219840134,8.519044137706e-05
2.3669721618756205,8.51072581373018e-05
2.38677093175399,8.512983816906462e-05
2.223155848043931,8.5220925888268e-05
2.2651617904277113,8.519406711183727e-05
1.8677355952864276,8.541180988564736e-05
2.089587888645847,8.527536907676569e-05
2.325612409250936,8.510229299204744e-05
2.5415326334165007,8.492308921561656e-05
2.71648157034248,8.476437358484335e-05
2.8406931384953737,8.464323997383727e-05
2.913669695382222,8.456871231808448e-05
2.94310925683979,8.453829498368285e-05
2.944384800948101,8.453655206238111e-05
2.943834223521068,8.453922256000379e-05
2.96975040489072,8.451957448780047e-05
2.0585124196831712,8.529806322718923e-05
2.2520012427186513,8.51604092784348e-05
2.4519215965819465,8.500045769044147e-05
2.6308267259142832,8.484397427956542e-05
2.771393990258816,8.47114405741803e-05
2.866020663026309,8.461840807726043e-05
2.9176793272438215,8.456536219310331e-05
2.9401657959842162,8.454261529345644e-05
2.95549380483507,8.452980958256707e-05
2.9821903610878877,8.450685717839373e-05
2.9945027339080244,8.449850427932406e-05
2.9584903454557137,8.453177298736767e-05
2.930925605354527,8.455195475167268e-05
2.9280719126615056,8.455293762350342e-05
2.911169165916372,8.457060984586743e-05
2.862276118046374,8.46201864944911e-05
2.7723638693411723,8.470971584104038e-05
2.639748355192978,8.483407389337809e-05
2.4705008098778856,8.49828794707507e-05
2.2791144013589575,8.513848743670586e-05
2.188374157020067,8.52107337089926e-05
2.3439842802616635,8.509119770672767e-05
2.513382091716276,8.495058101421079e-05
2.669827456916119,8.48097042326286e-05
2.7937009847445347,8.469161311759395e-05
2.8755934397405767,8.461034352194051e-05
2.920502072258159,8.45643984289322e-05
2.9442612203178893,8.45424654673411e-05
2.961884001532614,8.452775047564506e-05
2.9740586384819,8.451965112497223e-05
2.9553114721576152,8.454043031604159e-05
2.9177118553310906,8.457088269162585e-05
2.9024552927257408,8.458007345616003e-05
2.891100805071449,8.45904159522281e-05
2.8631813117852087,8.461882857263465e-05
2.8085624165557688,8.467399104455176e-05
2.7228999279156554,8.475693557250484e-05
2.60769393531619,8.486374426714273e-05
2.2472333632856243,8.516847972474694e-05
2.3853017119954303,8.506194275046441e-05
2.5462742252275774,8.492665796267971e-05
2.6978955388487793,8.478777195772996e-05
2.8151843428504555,8.467388943381221e-05
2.8828068653812644,8.460603929780468e-05
2.908649628575668,8.458019706835116e-05
2.911738092316794,8.457866855428015e-05
2.905029472733056,8.458859292204336e-05
2.881541067921668,8.461247594987265e-05
2.8819735412400815,8.460844775539929e-05
2.874552241736672,8.461068030637065e-05
2.8649039619174013,8.461819239890953e-05
2.8513686250075025,8.46301518141492e-05
2.8270673840707556,8.465446606298032e-05
2.7854640209324275,8.469593504590797e-05
2.2796131229224326,8.51579614240647e-05
2.414948408836784,8.504765256537591e-05
2.5668650583281334,8.491361938208985e-05
2.713013762386044,8.47764577769171e-05
2.8175818560962904,8.467279351635318e-05
2.849318274847484,8.464087383442454e-05
2.8368684812832843,8.465406303645962e-05
2.8078901492592476,8.468454921377982e-05
2.7991222318245907,8.46860801872856e-05
2.825741685465228,8.46584622744453e-05
2.838467991644457,8.464554026461057e-05
2.8401392204060856,8.464302470676397e-05
2.83721626507338,8.464457650252581e-05
2.8341151596551235,8.464779518994357e-05
2.2864981975915764,8.516202991549771e-05
2.3960188366237705,8.506346364762005e-05
2.5429784510322286,8.49329904868608e-05
2.6933754700283434,8.479417029637162e-05
2.767953736797678,8.472052149157436e-05
2.7450289617102057,8.474412369189183e-05
2.6981163981633074,8.478879147834745e-05
2.7441729006938527,8.473740404355028e-05
2.7825787407578506,8.469973470823149e-05
2.8038861785389737,8.467767916865277e-05
2.816275018943069,8.466618794185916e-05
2.8262819846660365,8.465679527181979e-05
2.2295525414462527,8.519060805131515e-05
2.354439450177619,8.50901869332178e-05
2.516071337564348,8.495266549304718e-05
2.658198239182161,8.482571843662344e-05
2.6471843685708762,8.483620625811565e-05
2.606899389276891,8.486872558700464e-05
2.685684681417544,8.479564466021231e-05
2.7403460121294607,8.474158399646961e-05
2.7741686275085056,8.47076232239355e-05
2.7959035347766314,8.468543812367285e-05
2.2170680934847438,8.519413426917736e-05
2.3525859078371294,8.508936476847649e-05
2.5127205053079855,8.495510178230858e-05
2.5553849321702153,8.492078979904788e-05
2.527574000062208,8.494146695373729e-05
2.618272054017234,8.485827831168647e-05
2.688760166073061,8.479250629234224e-05
2.7388816609206104,8.474333616655572e-05
2.2459562690081674,8.517460519337762e-05
2.375201253884242,8.507198615583547e-05
2.477939867889845,8.499728249324626e-05
2.4456043119469313,8.501331908900947e-05
2.5403243593279865,8.49304755520824e-05
2.6223987777620152,8.485505986932423e-05
2.2822562090623597,8.514857205697645e-05
2.3965716581355014,8.505511020924706e-05
2.396661074565629,8.511548312516174e-05
2.4542498758359876,8.500666356268747e-05
2.30582845351467,8.513614130004424e-05
2.3907147053001374,8.51302743447023e-05
2.4057395446745438,8.503931029304864e-05
2.5598819076084083,8.49072422639348e-05
2.6954901092360743,8.478273127769403e-05
2.800354762717982,8.468204026179782e-05
2.869739751173096,8.461386885808528e-05
2.908520366113988,8.457585611289127e-05
2.9311548887401937,8.455419554431761e-05
2.9569852601307285,8.453253821053487e-05
2.9868460951733637,8.45060532320366e-05
2.4653845004856945,8.499121207213553e-05
2.5967842172912143,8.487544241361815e-05
2.7184110407316706,8.476377954984843e-05
2.814515395526047,8.467182917114589e-05
2.8772830365741875,8.460950134339824e-05
2.9117844557432666,8.457577052224892e-05
2.930844665516668,8.45589933752169e-05
2.944237722682091,8.454926393483654e-05
2.942128504291722,8.455386205455708e-05
2.9373810157900038,8.455611825522024e-05
2.916868716104567,8.457255214561771e-05
2.893988851358937,8.459167264868915e-05
2.8648535814201654,8.461908130668011e-05
2.819732881307111,8.466392960692982e-05
2.7525551809267497,8.472896265739585e-05
2.663875770283979,8.48119099042045e-05
2.495391059385774,8.497101792587907e-05
2.6214663828518567,8.485923514767363e-05
2.739798453871698,8.47477905763263e-05
2.8276795321790735,8.466144337991967e-05
2.8704369787393427,8.461893028508198e-05
2.8784747871965104,8.461171252103266e-05
2.8697712081475983,8.462355145267072e-05
2.8631061269900924,8.463188930776759e-05
2.8661067467519286,8.46257667797226e-05
2.879111453123812,8.461101100807827e-05
2.873743211006002,8.461413997484825e-05
2.8564840399489135,8.462880760704091e-05
2.83174921797535,8.465213814829226e-05
2.7979479436826242,8.46857841965829e-05
2.5104364568041793,8.49626423629052e-05
2.6262308404536068,8.485751490799334e-05
2.739488520310169,8.474962276292265e-05
2.8054755682373154,8.468506791884251e-05
2.8042515027953474,8.468596490278344e-05
2.7736730206072666,8.471832691828831e-05
2.750680849767593,8.473965261542e-05
2.782739458602484,8.470285944206866e-05
2.81861934897312,8.466812259842177e-05
2.8388557742548497,8.464797860295105e-05
2.844535979159712,8.464229222319168e-05
2.840161070788222,8.464408372695901e-05
2.480956621188262,8.498589660591225e-05
2.601533937145235,8.487763774718382e-05
2.7105767771227725,8.47753336841231e-05
2.7163630826704472,8.477077244564447e-05
2.668514937931429,8.481721071382486e-05
2.6489179160420218,8.483126298836939e-05
2.7147274123062037,8.47671886448804e-05
2.76246693857121,8.472096836880169e-05
2.7970278355340716,8.468747302119194e-05
2.824228675815626,8.466276705146283e-05
2.458065220892357,8.50026695785336e-05
2.58558755404469,8.488987506943101e-05
2.6250417604512295,8.485598183825957e-05
2.5682419093323707,8.491250301480925e-05
2.5725659963474325,8.490082378889131e-05
2.649549278926619,8.483008934917262e-05
2.709728175698602,8.477231079353055e-05
2.7560385335464774,8.472750672804362e-05
2.463542547808161,8.499682222771484e-05
2.5395391047542653,8.493315996605151e-05
2.4852522353840047,8.500000299820201e-05
2.500176710059747,8.496783254633915e-05
2.581136135117408,8.489302002157346e-05
2.651322938218072,8.482805781857703e-05
2.4635744329094598,8.499893128351005e-05
2.4274476279685606,8.506871461747711e-05
2.429822523705433,8.503693761758494e-05
2.5071891182326613,8.496183590025478e-05
2.39688701728904,8.511520487056043e-05
2.3777576753830076,8.513442760315525e-05
2.6861971046300694,8.479461068961554e-05
2.7678183325467436,8.471751046908402e-05
2.8310415991828686,8.465611752357111e-05
2.87114519436286,8.461677866033542e-05
2.8914438555935362,8.459811361701462e-05
2.897467607583908,8.459574631681077e-05
2.893247805253758,8.460342663841197e-05
2.7053693658496063,8.47806247832851e-05
2.7807816395348297,8.470745684358802e-05
2.8291567271918314,8.466010817545773e-05
2.842044769807329,8.464795642848168e-05
2.830093097792469,8.466174477917678e-05
2.80711699523585,8.468825305160159e-05
2.7979466513444864,8.469657700966934e-05
2.8307406419601304,8.466165869604752e-05
2.851701920923128,8.463880270890902e-05
2.8541955048672616,8.463496453461676e-05
2.8398043122508865,8.464687405620937e-05
2.810070532190871,8.467696376065452e-05
2.7012508338097456,8.478531004385356e-05
2.7645511569031185,8.472381309337248e-05
2.773847145664306,8.471480581401312e-05
2.7423793677246557,8.474652864544565e-05
2.697346600717659,8.479209667877235e-05
2.691595234454642,8.479698295018971e-05
2.7464449345910045,8.474131183351506e-05
2.7929462449480527,8.46948435676963e-05
2.8233113592447756,8.466539333008259e-05
2.838179706338287,8.465061951071085e-05
2.677852154189075,8.480605142497688e-05
2.694852981759438,8.479048479684945e-05
2.646587424534272,8.483684421062118e-05
2.5848609353351026,8.489608173267944e-05
2.5929863904194312,8.488432319119681e-05
2.6668075507582794,8.48154427319517e-05
2.727851174533267,8.47581607684102e-05
2.7801628610315823,8.470694915696853e-05
2.6140127016837256,8.486626610349186e-05
2.5558404017863556,8.492230024644476e-05
2.4882125762128426,8.500322360606907e-05
2.5212194492972677,8.494911189623214e-05
2.5949704270808605,8.488209582596802e-05
2.6621154625007017,8.481924091452547e-05
2.480824135838984,8.50051978988296e-05
2.4195537417348816,8.507732318831931e-05
2.463184339369293,8.501470802707559e-05
2.5262234716940086,8.494435190510769e-05
2.3833550862949235,8.512766391952198e-05
2.4152195117752973,8.508301574750538e-05
2.8093619298208417,8.467988712937099e-05
2.8151217551690846,8.467426174718643e-05
2.797585320285635,8.469182339529638e-05
2.7626014372305185,8.472816759007903e-05
2.718745270886812,8.47735566849491e-05
2.7601406376131123,8.472753291264732e-05
2.7224406640456715,8.47649243999636e-05
2.668953677179952,8.481668483605043e-05
2.6119652990732534,8.487117457089224e-05
2.617559367731365,8.48653097346609e-05
2.681700132374976,8.480594694768732e-05
2.7392401383313314,8.474927841458042e-05
2.7845606542923393,8.47044421755085e-05
2.637843509256583,8.484550418618464e-05
2.569331616171381,8.490786566109754e-05
2.5035518659660623,8.498355628033614e-05
2.524568943060559,8.4948585233609e-05
2.5994007070486016,8.488040621801016e-05
2.6712990464917814,8.48137953711348e-05
2.4822260060002757,8.500453773631616e-05
2.4205323202264273,8.508495181856616e-05
2.4644399302223894,8.50233020869833e-05
2.5265136413947045,8.494773379504995e-05
2.4100090113046853,8.510374566931246e-05
2.4283398187485457,8.508040228246817e-05
2.658934142991128,8.482539176822289e-05
2.590812921178536,8.488966379991347e-05
2.525825994956032,8.495195364206368e-05
2.4953090563928955,8.498391567289967e-05
2.4349665101422278,8.505689648913737e-05
2.4555211498171756,8.503532525166599e-05
2.516280483075065,8.496056571315435e-05
2.40557723368893,8.511098386641465e-05
2.4137751902160347,8.509489925910919e-05
2.391835149733307,8.511455122931392e-05
1.4872320533539396,8.557836001243165e-05
3.4191038907371154,8.402271444962984e-05
3.4358806743025387,8.400195335129641e-05
3.464157783971258,8.396679869440464e-05
3.5020722474724035,8.392040834582231e-05
3.5439880429048674,8.386844885883182e-05
3.5802344018559182,8.382214131885984e-05
3.5986344417000233,8.379898976696327e-05
3.587247513493681,8.38133976859325e-05
3.5374995552975683,8.38743575669317e-05
3.447415078662249,8.398394684818856e-05
3.326688787312345,8.412631379262155e-05
3.214871801873892,8.425038232698538e-05
3.428229715807797,8.401117801774457e-05
3.440688708527708,8.399621174484244e-05
3.4585449334383114,8.397402956273948e-05
3.4850196038272183,8.394109168081004e-05
3.5176650233034863,8.390052207319455e-05
3.5495937760287584,8.386066213272812e-05
3.570503851663464,8.383432733132647e-05
3.5688767581591048,8.383584207037227e-05
3.534879990666681,8.38780518260061e-05
3.4635818993167233,8.396492040377099e-05
3.358962390602111,8.408893396672636e-05
3.2439151996217634,8.421881599345744e-05
3.195723027149308,8.427100853188876e-05
3.277065019309876,8.418232835407525e-05
3.393980014505163,8.404780200341217e-05
3.4904033078477488,8.393204166889641e-05
3.5509595434827586,8.385846024280743e-05
3.574739996023171,8.382897887992961e-05
3.568394560061821,8.383711025993571e-05
3.5425471129374424,8.386941512669495e-05
3.508601260702863,8.391208030096212e-05
3.4758875112348773,8.395221195093915e-05
3.449742288395072,8.398416803528815e-05
3.430972175111092,8.400769399658693e-05
3.4554964128132535,8.397670525389406e-05
3.461779671712985,8.396876962753036e-05
3.465315160308971,8.396451792610002e-05
3.4722136978947513,8.395507759005064e-05
3.482792683990235,8.394166741946918e-05
3.492515381477797,8.392968315905255e-05
3.493608535612874,8.392888212433712e-05
3.4768736352622747,8.394871199731659e-05
3.434242220318341,8.400050571562916e-05
3.362731709640487,8.408540175140878e-05
3.2703964765323583,8.419071249194403e-05
3.194704538964233,8.427298553203445e-05
3.21961056550163,8.424601521707426e-05
3.3117296184505576,8.414401578843932e-05
3.4020123289336954,8.403863514574073e-05
3.4676823020170158,8.395969561770832e-05
3.5042690981659885,8.39156846368899e-05
3.51579586627153,8.390080716569745e-05
3.510346256189065,8.390845211444007e-05
3.496578791794667,8.392577036683026e-05
3.4808885781243246,8.394497482304525e-05
3.4656522743516813,8.396452712541546e-05
3.4565935856106433,8.397368288014698e-05
3.4374943972001293,8.399601245134828e-05
3.4126049880303397,8.402612955768047e-05
3.39048106947566,8.405172630842384e-05
3.3754542327067187,8.406965240786029e-05
3.367686261906267,8.407895389358481e-05
3.3632372350777793,8.408490716547779e-05
3.3530580843965287,8.40969798026881e-05
3.325645389787126,8.412823793135611e-05
3.274964347539951,8.418602778482359e-05
3.2100288219978683,8.425717470677002e-05
3.178674672729838,8.429047359411074e-05
3.2167677367250236,8.424936456036098e-05
3.285901292201041,8.417293823412996e-05
3.3500709036780876,8.409868282154907e-05
3.3984728200838465,8.404204749643172e-05
3.431129366082186,8.400261974277877e-05
3.4524267866511917,8.39775086568754e-05
3.4669841799999896,8.396095856897192e-05
3.476926224830121,8.394903472226814e-05
3.393965170123621,8.404704266103898e-05
3.33848268266592,8.411182061095058e-05
3.282280416978087,8.417721815453798e-05
3.236593217577492,8.422889233043496e-05
3.2094062062689432,8.425933823137515e-05
3.205058740984291,8.426446822749922e-05
3.2208072562933863,8.424782807789149e-05
3.2400041753882562,8.422697155561744e-05
3.241147030428962,8.422492178394576e-05
3.21500845549113,8.425270072623414e-05
3.18178241809232,8.428883719549357e-05
3.1557198873862973,8.431505476472073e-05
3.173602434932939,8.429621912157182e-05
3.220450769911003,8.424560828592741e-05
3.2745300359819454,8.418541500064109e-05
3.327647487351498,8.412398605684453e-05
3.3782837004258526,8.406481627124564e-05
3.4257059162977175,8.400956202752385e-05
3.253135421080743,8.42099914839039e-05
3.167600819803601,8.430449731663604e-05
3.096367897628192,8.438192154093748e-05
3.050738681556464,8.443005812557617e-05
3.0355261380252747,8.444724691717659e-05
3.0545125381022684,8.442914512734622e-05
3.1072473714393314,8.437363647014959e-05
3.1613227207071244,8.431425055067437e-05
3.1862201035395628,8.42868323369356e-05
3.175741469410347,8.42970185348326e-05
3.156556451922121,8.43162098021268e-05
3.1230362468504453,8.43507712601545e-05
3.1213618684124933,8.43525491655891e-05
3.158852725117107,8.431196657848148e-05
3.221992465647548,8.424377314772236e-05
3.298286465675247,8.415725540375617e-05
3.060171914399729,8.442017634313173e-05
2.97690112189228,8.45061967040452e-05
2.9279914104997404,8.455601281849283e-05
2.9085327197206707,8.457686358188327e-05
2.908021464705427,8.45789582941694e-05
2.9446596297038323,8.454529065538009e-05
3.0370355268999214,8.444968688102479e-05
3.1149220647107367,8.436565043495326e-05
3.1518613954248553,8.432404490460476e-05
3.1636197769444294,8.431061494197265e-05
3.1313787383475695,8.434411417242965e-05
3.09428083838055,8.438207421081316e-05
3.0882865045898584,8.438701423756919e-05
3.134533326192902,8.433858240522289e-05
2.896170625304763,8.45883538387253e-05
2.8543247657373927,8.462984190746436e-05
2.834066825890456,8.465201052064295e-05
2.8179038122222204,8.467000865040374e-05
2.8046884451845626,8.46854334031205e-05
2.8787430969657724,8.46136910372681e-05
3.002038271646486,8.448728928993266e-05
3.0890337497800706,8.439380629985025e-05
3.1426217793445113,8.433384807361746e-05
3.142903781213527,8.433316654585311e-05
3.1142452439912933,8.436314388137457e-05
3.082720896018671,8.439439436624397e-05
2.8131184973651773,8.467265182431907e-05
2.7826408652983368,8.470452235281395e-05
2.749226264306051,8.47387010144688e-05
2.7088717072455943,8.477784371507359e-05
2.7090178480889895,8.477955227190426e-05
2.855338137091047,8.463847449583738e-05
2.9864532482526815,8.450290622948118e-05
3.0753631900558727,8.440833155980553e-05
3.128502036624425,8.435000463582494e-05
3.134459355750001,8.434279541414662e-05
2.735543046989229,8.475100827624726e-05
2.6846634605420956,8.480058079050692e-05
2.6280753491595266,8.485364219950903e-05
2.576370864233898,8.491549647447761e-05
2.6884316050169925,8.47992813469917e-05
2.849588758673269,8.464290493460931e-05
2.980476625224058,8.450938048452728e-05
3.076687118858433,8.440723366646046e-05
2.620360119124117,8.486150940032998e-05
2.556350278519792,8.492970798282925e-05
2.4960437951876795,8.500305558518866e-05
2.520477763389218,8.496576476926134e-05
2.689373453730771,8.479811959974601e-05
2.84875159253176,8.464361949036865e-05
2.494229296737829,8.499711207439203e-05
2.4431750075012135,8.506333805329585e-05
2.4067706968184406,8.51119963440416e-05
2.522202348845518,8.496217124021655e-05
2.4109458418631085,8.51055978548319e-05
2.3976432786067785,8.512221667394334e-05
3.4544520667245746,8.397882394139176e-05
3.467701620244009,8.396184600997313e-05
3.484084762705584,8.39409967177917e-05
3.503366237638619,8.391755215371456e-05
3.5205622512396415,8.389533911413006e-05
3.527213937917136,8.388690526330254e-05
3.513583101675185,8.390408625223553e-05
3.47151128187736,8.395531891235844e-05
3.397942033573987,8.404324950453522e-05
3.299853739202696,8.415715992856882e-05
3.20818028189724,8.425800870031828e-05
3.4589102194974983,8.397085486421284e-05
3.449603245862139,8.39813464628283e-05
3.4405538087979433,8.399307190180473e-05
3.434548420104905,8.399934755265336e-05
3.4299581257573797,8.4005112072325e-05
3.421598270455964,8.40147191038495e-05
3.4016382845779902,8.40391375759125e-05
3.362065600048714,8.408608044401505e-05
3.29985509838591,8.415760486668125e-05
3.22489655316175,8.424049535727895e-05
3.1830990432745416,8.428488158692807e-05
3.225676251636408,8.424021547301831e-05
3.302539380191307,8.415455620726747e-05
3.37066739632842,8.4075412873212e-05
3.4183727520271443,8.401916219295953e-05
3.44610283501561,8.398551912158657e-05
3.4595494271292404,8.396959863150924e-05
3.4654106835142655,8.396263426318872e-05
3.468513487115764,8.395956009155481e-05
3.470113899885464,8.395855921728362e-05
3.4017844126889902,8.403822177319589e-05
3.3602950188138605,8.408724821544974e-05
3.32277755776896,8.41303625006005e-05
3.295989493790062,8.416152599888392e-05
3.282930367568488,8.417674436651144e-05
3.2811240146686242,8.417967187124067e-05
3.279642423796339,8.41813081935187e-05
3.263772221800854,8.419904805319128e-05
3.2266004102782615,8.424032186520856e-05
3.179420754497416,8.429059601565776e-05
3.1665041801752705,8.43036737261596e-05
3.1979059454191745,8.427049412243308e-05
3.2492540872018685,8.421385255375047e-05
3.298352780765385,8.415828645056536e-05
3.3402085779674024,8.411012906274265e-05
3.3767049741086987,8.406675366294793e-05
3.410575512632658,8.402757683208318e-05
3.442187792119789,8.398988653942588e-05
3.2665999977029427,8.419485782687719e-05
3.198728501136908,8.427032001132739e-05
3.14712791096658,8.432680999939353e-05
3.1203794606530173,8.435723032944163e-05
3.123134509112311,8.435463361705684e-05
3.151735734639537,8.432473124910156e-05
3.184059245736358,8.428915627877614e-05
3.1956338128459576,8.427615458217352e-05
3.179157988094822,8.429335647209327e-05
3.158496012734704,8.431433123865984e-05
3.1344547370735527,8.433833416792058e-05
3.1425735633545013,8.432956646084016e-05
3.177931279089249,8.42921651871941e-05
3.2273970969515453,8.423772749100807e-05
3.2851302246989476,8.417283797585282e-05
3.3478824659147945,8.410124927290458e-05
3.0774142007089047,8.44020148657457e-05
3.0108113807153867,8.447136752677167e-05
2.9748980996376893,8.450877948612663e-05
2.9679054012129273,8.451665858635212e-05
2.9953267809075745,8.449199780671772e-05
3.0620128421194286,8.442226083523209e-05
3.124040060949768,8.435491806208452e-05
3.1529779978576986,8.432275457170457e-05
3.1613975155726304,8.431262061727756e-05
3.1316166240579104,8.434406308358313e-05
3.099445960593787,8.437612931793165e-05
3.095029600317369,8.437965529268992e-05
3.13088830716508,8.434267485076244e-05
3.19868411123173,8.42698632152437e-05
2.911463333589238,8.457234362464644e-05
2.8792409543179067,8.46071414017399e-05
2.8650930459475417,8.46220733770568e-05
2.8604419846511946,8.462793862538925e-05
2.9097385857948965,8.458018137140282e-05
3.0128389860424876,8.447505146885002e-05
3.090022148131604,8.439268893059614e-05
3.125731082220119,8.435293384403614e-05
3.1371500324010118,8.433873365703981e-05
3.108089200820674,8.436910902755594e-05
3.076695555661966,8.44009015953984e-05
3.0768883400445337,8.439994482352813e-05
2.823244297717954,8.466234712299606e-05
2.798811682333432,8.468986033682498e-05
2.770477471054231,8.471721167869635e-05
2.7579589830334936,8.473183827516564e-05
2.8702486873008186,8.462149084711377e-05
2.9899554113951337,8.449901135553033e-05
3.071073494832464,8.441239231438831e-05
3.119729011907644,8.435931989860862e-05
3.1210704875426805,8.435636963585163e-05
3.098437995733549,8.438042825087465e-05
2.742044671245531,8.474476000421736e-05
2.6948688606481106,8.479061036901947e-05
2.645476153792022,8.483868580360348e-05
2.7105305633019467,8.477779539005343e-05
2.858852362586636,8.46329399238443e-05
2.980058864188585,8.450927903450224e-05
3.0682770231161323,8.441488685769672e-05
3.1119450905987955,8.436775931080016e-05
2.6237348182557456,8.48580832707698e-05
2.5612711981629976,8.492613904666342e-05
2.5540312891397794,8.492294485496107e-05
2.707918443939297,8.477933985153172e-05
2.8564209111407357,8.463492621950364e-05
2.9772078819042433,8.451172620037402e-05
2.4943498948044076,8.500181955092851e-05
2.4449816548377212,8.506271780236035e-05
2.5528479259829577,8.49219823279648e-05
2.7092122224294384,8.477869046280665e-05
2.407932456283287,8.511026267970018e-05
2.412640561894337,8.504686414815783e-05
3.4231899742671783,8.401329325191796e-05
3.3934047505549065,8.404783307451733e-05
3.3660385307804366,8.408047315602751e-05
3.34331770320324,8.41066330933547e-05
3.3232626333876145,8.413037739286575e-05
3.2995823911655706,8.415794976645271e-05
3.2648233717633506,8.419741441621656e-05
3.217682834675968,8.424930433664387e-05
3.1742808694835047,8.429593387767195e-05
3.301833723779275,8.415404638634655e-05
3.248500463081538,8.421499921119842e-05
3.2097149589007943,8.425830387373734e-05
3.1908124096055688,8.42795446305511e-05
3.18933557905763,8.428203784350744e-05
3.1922480397133883,8.427927402187198e-05
3.1845638560327276,8.428670795251832e-05
3.162689000640042,8.431017604050758e-05
3.1465000558569285,8.432677503850769e-05
3.144013043420395,8.432844434655887e-05
3.163576680968939,8.430851916271219e-05
3.189177492044206,8.428121951668177e-05
3.2156599323774344,8.425137861966596e-05
3.24752521888605,8.421565772012799e-05
3.289258525669215,8.416852820402122e-05
3.339929224436639,8.41101140944237e-05
3.1236205317028762,8.435302251640935e-05
3.06982531105042,8.441003406397159e-05
3.044979535799829,8.443721384604698e-05
3.0520986366719436,8.442984316313462e-05
3.0852149049065023,8.439501318800133e-05
3.1193063918717585,8.435885280727184e-05
3.1334253706481174,8.434378255272308e-05
3.124952397562449,8.435149249209483e-05
3.11582726322422,8.436003941800708e-05
3.0988766569961497,8.437792464057618e-05
3.100090348718927,8.437599429085159e-05
3.1205900035441347,8.435516501029757e-05
3.1594564014078035,8.431328038911556e-05
3.2170543493127415,8.42496858334831e-05
2.954173294680687,8.452953900167239e-05
2.926305685905895,8.455859102653208e-05
2.9216136931412833,8.456463321683453e-05
2.9543629580348196,8.453320143396202e-05
3.0219853611994214,8.446346556294297e-05
3.076490700968515,8.440521510675693e-05
3.1003180516960085,8.437965372756317e-05
3.1085866316375603,8.436934474576887e-05
3.0848767054270803,8.439366572876162e-05
3.061964944439305,8.441653086588837e-05
3.061173290245322,8.44173553292485e-05
3.0941477816650256,8.438310630586241e-05
2.8516039005767766,8.463481654855362e-05
2.8305269446180406,8.46578481680389e-05
2.8247057666307858,8.466477244036901e-05
2.8993932948601016,8.459016095542966e-05
2.9904054745178574,8.449686785468736e-05
3.051811992253237,8.443179356277741e-05
3.089155305959406,8.439125415327216e-05
3.0852515917124346,8.439478715771662e-05
3.0644856292871485,8.441580756919868e-05
3.0478185559986466,8.443148038510621e-05
2.7608032473876865,8.472757678037187e-05
2.7210757432959682,8.476607287427903e-05
2.7634585677680894,8.472385708601164e-05
2.879907681430859,8.460994200575937e-05
2.975700464959342,8.451118621086425e-05
3.037942573202294,8.444686177854444e-05
3.0737733913293273,8.440762761826538e-05
3.075765089709718,8.440452180549988e-05
2.6360586199923453,8.484722289639025e-05
2.6297155061016153,8.485237046993201e-05
2.7540040909230212,8.473345915912744e-05
2.874451391615432,8.461584171257224e-05
2.9695718680586585,8.451833739705984e-05
3.038180783588719,8.444680289140093e-05
2.5172324858742128,8.496108289038846e-05
2.624701256408231,8.485508108599791e-05
2.754854657910739,8.473277374586998e-05
2.873392805933995,8.461717232833898e-05
2.5058491354709913,8.496167263145181e-05
2.6273961856793213,8.485253460230372e-05
3.1811768096606134,8.429002567049437e-05
3.132641779243552,8.434310648585376e-05
3.108726949001588,8.436884871162736e-05
3.105000398079519,8.437280301726286e-05
3.108375016042127,8.436856113372423e-05
3.1087033463235274,8.436782842985304e-05
3.1068836005352036,8.436939310694792e-05
3.0173212221414007,8.446537876694775e-05
2.994948716298007,8.448889715618019e-05
3.0029607384712946,8.448144020347875e-05
3.0312808868197245,8.445103044399678e-05
3.0576892580339874,8.442309063801307e-05
3.0697433430716283,8.441002152709316e-05
3.07453280073184,8.440342066784036e-05
3.0627394178571814,8.441630793532329e-05
3.0506689796491373,8.442901561043154e-05
3.0444708750101577,8.443621006290792e-05
3.050572931232531,8.442999983849436e-05
3.0780887168647717,8.440027571402184e-05
2.899962658936617,8.458586390749981e-05
2.8971192030895354,8.459056595149319e-05
2.936387169564768,8.455089273957097e-05
2.9894998685677194,8.449492785088107e-05
3.0260295249090237,8.445623477683557e-05
3.0395775846650728,8.444142931217999e-05
3.042248834863729,8.443879202827289e-05
3.0268587444442243,8.44536034270211e-05
3.015860068355357,8.446535276427806e-05
3.0209213467428753,8.44604934986694e-05
2.80281122218009,8.468518400169136e-05
2.8314433349071226,8.465714783320748e-05
2.9059814914476987,8.458265028368933e-05
2.968329138516514,8.451705007945831e-05
3.0059598367118747,8.447821858034795e-05
3.0257332325176667,8.445691378597983e-05
3.021305672507904,8.446174770847814e-05
3.0129568689257367,8.446826442820514e-05
2.7259262798486903,8.476017862986195e-05
2.8121523584239845,8.467554048390241e-05
2.8952591990583563,8.459281831342476e-05
2.957637486636816,8.452837039520808e-05
2.9995298162644692,8.448520767719311e-05
3.0165137065657888,8.446634774116715e-05
2.71531909468039,8.476973660851567e-05
2.809665817086082,8.467832017797733e-05
2.8917260802794726,8.459586307768629e-05
2.9541373829593276,8.453226759902865e-05
2.7174477840864966,8.476864890422767e-05
2.8098432541574874,8.467746521833306e-05
2.9737584261042955,8.451063553326255e-05
2.977903931723911,8.450586286073027e-05
2.994836004358859,8.448826791499406e-05
3.0111919408744616,8.447077926464332e-05
3.0208784640350084,8.44602609145138e-05
2.9050392687198037,8.458132457353692e-05
2.935384140099315,8.455004026957913e-05
2.963944029904722,8.452024101957147e-05
2.9809597257298686,8.450148580600725e-05
2.9886672256096927,8.449352882027391e-05
2.9831984453143328,8.449789078360354e-05
2.975353262084789,8.450697571208653e-05
2.9713556782523822,8.45109312334975e-05
2.8739264524581816,8.46132956432137e-05
2.916203281329753,8.457034858808906e-05
2.9460050491983583,8.45385324134104e-05
2.9612244029695627,8.452131656169534e-05
2.9678445626443812,8.451520064739512e-05
2.9686562257978095,8.45139070593447e-05
2.86469745678719,8.462300770835779e-05
2.907679677873588,8.457828396112789e-05
2.9370390618454745,8.454772997635241e-05
2.95593210163285,8.452735730364464e-05
2.8622169649286753,8.462503419701784e-05
2.905131153643099,8.458082755609969e-05
2.940325493645664,8.454383007690483e-05
2.9450495465820117,8.453778337107781e-05
2.947822321718867,8.453497350723834e-05
2.923216953192915,8.456022426637151e-05
2.9262521652816322,8.45572481024612e-05
2.9286490323583982,8.455422804573632e-05
2.933478942430495,8.454902835256592e-05
2.9149504931952053,8.457033798759783e-05
2.919732311418148,8.45633892270307e-05
2.9143565969757605,8.456827925465073e-05
