Mode_Index,Frequency_THz,Cv_QPA_eV_K
0,0.0,0.0
1,0.24572969004045808,8.61586502699988e-05
2,0.4676603632304767,8.611935833463732e-05
3,0.6629246646984094,8.606343371337482e-05
4,0.8391656042636747,8.599722018767296e-05
5,1.0021060564305326,8.592171440771008e-05
6,1.154097879894463,8.583888582983921e-05
7,1.295584895084701,8.57513148958909e-05
8,1.425769045958834,8.56618652596261e-05
9,1.5423979106467258,8.557467930442588e-05
10,1.641096527619137,8.549719689235546e-05
11,1.7148656076859574,8.543289690216532e-05
12,1.7550417998016907,8.539694523441795e-05
13,0.24276694883676814,8.615792888768215e-05
14,0.40031124915668664,8.613285121441937e-05
15,0.5767627597834942,8.60901181704021e-05
16,0.7417698672159803,8.603556588667523e-05
17,0.8951397003321337,8.597252844348259e-05
18,1.0397227553570991,8.590222160846874e-05
19,1.1775581763513514,8.582520814777011e-05
20,1.3094263741670742,8.574151567881365e-05
21,1.4344263465700131,8.565581967029734e-05
22,1.549298271034069,8.556975047851497e-05
23,1.6477709575380002,8.549037059176165e-05
24,1.720693404927296,8.542789609086901e-05
25,1.7350513500760594,8.541450548366562e-05
26,1.6818725954055262,8.546111729068763e-05
27,1.5959180988251245,8.553276329630941e-05
28,1.4890050360777296,8.56152835291779e-05
29,1.3704693191462294,8.570070393777841e-05
30,1.245388403404023,8.578318192095444e-05
31,1.1151379738862341,8.586045363166505e-05
32,0.9787437881185876,8.593288275310997e-05
33,0.8339687984392962,8.599843837219222e-05
34,0.6779191018181211,8.60577821426209e-05
35,0.5088236610412965,8.610768426418486e-05
36,0.3391905495075487,8.61434536024907e-05
37,0.4327191932240571,8.612513302374441e-05
38,0.5357376474562393,8.6100619197304e-05
39,0.662541266170079,8.606310137227027e-05
40,0.7935134297730965,8.60152770677797e-05
41,0.924431831950422,8.59591327816984e-05
42,1.0553902079607194,8.589405359246823e-05
43,1.1866856015658314,8.581972809330118e-05
44,1.3172650778805746,8.573663372520729e-05
45,1.4439263288372548,8.564947334119448e-05
46,1.5608239411296576,8.556200928765451e-05
47,1.6593887479470446,8.548116596299621e-05
48,1.6891568147564504,8.545575708947877e-05
49,1.6209295989348582,8.551221595011616e-05
50,1.5198373813817327,8.55926393400917e-05
51,1.4031714129019575,8.567689832794596e-05
52,1.28338392722332,8.575783473060422e-05
53,1.1665366218985693,8.583070621438883e-05
54,1.0533724353851575,8.589351414733872e-05
55,0.9415916693145691,8.594907182439548e-05
56,0.8282118179856611,8.599927018967918e-05
57,0.712129803316035,8.604414464999822e-05
58,0.5987656723574761,8.608148442396579e-05
59,0.5507428577740489,8.609599335535875e-05
60,0.6130164306309406,8.607837098051096e-05
61,0.7050581917324599,8.604839442651669e-05
62,0.8146258510235761,8.600649808165471e-05
63,0.9356881978766639,8.595406656651994e-05
64,1.064835523051488,8.588923916266284e-05
65,1.1987389683372143,8.581208528173604e-05
66,1.3329845512322742,8.572696300846423e-05
67,1.461632579816814,8.563651978584221e-05
68,1.5771015995146702,8.554873873396783e-05
69,1.6229110684270556,8.551173129143918e-05
70,1.5432330394458087,8.55746649911752e-05
71,1.430558652588072,8.565791473904388e-05
72,1.3082922350876718,8.574208633992006e-05
73,1.1908711734874409,8.581552606984179e-05
74,1.0853181876090563,8.587578786856459e-05
75,0.9926851030277479,8.592337910268358e-05
76,0.9105237847215514,8.596180244717731e-05
77,0.8358253933715944,8.599444508424666e-05
78,0.7680780067851123,8.602219767960853e-05
79,0.6054809902953041,8.60804558469756e-05
80,0.6441174611507166,8.606874059573616e-05
81,0.7222214141630916,8.604219055666063e-05
82,0.8285084734094428,8.600084109630713e-05
83,0.9527376695638338,8.594545546945149e-05
84,1.086752043298416,8.587703159262145e-05
85,1.2236476007184949,8.579754026008188e-05
86,1.3569688495829535,8.571065692794115e-05
87,1.4802228391024235,8.562347369763196e-05
88,1.5440304669853522,8.557585356023434e-05
89,1.4587110544912718,8.563818893994249e-05
90,1.342258409498625,8.571944612646662e-05
91,1.2214486377205054,8.579725160415734e-05
92,1.110906546560731,8.586124320642453e-05
93,1.018453825591921,8.590990368315014e-05
94,0.9465276747773654,8.594444350369545e-05
95,0.8938401360823462,8.596823049078633e-05
96,0.8576188445122973,8.598424092111067e-05
97,0.6279000164919436,8.607392673943804e-05
98,0.6649896263962882,8.606204216328483e-05
99,0.7479393093229489,8.603255782824973e-05
100,0.8607590827888056,8.598697773890874e-05
101,0.9888273969734154,8.592770813401024e-05
102,1.1216917599018952,8.585760404424937e-05
103,1.2520502802950593,8.577985598017115e-05
104,1.3744043028831803,8.569894826326326e-05
105,1.4587427559277664,8.56400908047164e-05
106,1.3849103765978248,8.569109026682917e-05
107,1.264329498434916,8.577055986086676e-05
108,1.1535221661723374,8.583687389664854e-05
109,1.0551576894325247,8.58904023911289e-05
110,0.9772115778574961,8.592909153928907e-05
111,0.924131846846076,8.595375489050087e-05
112,0.8970021693550715,8.596611331656231e-05
113,0.6598076710013397,8.606356621572733e-05
114,0.7093506404955392,8.60462836651588e-05
115,0.7994367110676133,8.601199364333443e-05
116,0.9113579445853407,8.596383356738092e-05
117,1.0311189892166626,8.59061829742817e-05
118,1.1502691274665324,8.584120945284157e-05
119,1.2639516284718437,8.577216425988192e-05
120,1.3692994357764676,8.57021987385345e-05
121,1.3066243619488633,8.574355078778654e-05
122,1.2010495995362354,8.580867764426818e-05
123,1.108684970510117,8.586024274615352e-05
124,1.0282512865914653,8.590266737714236e-05
125,0.9668816935986575,8.593291268072137e-05
126,0.9308127885894355,8.595006973236313e-05
127,0.7208241524923322,8.604187974876411e-05
128,0.7758906468076672,8.60208228051652e-05
129,0.8586355724437017,8.598672713214493e-05
130,0.9542814941568974,8.594322153211724e-05
131,1.0535952460984435,8.589400713267187e-05
132,1.1519537209461974,8.583980411507375e-05
133,1.2475123713195881,8.578237017329629e-05
134,1.2330950344798661,8.578856352625122e-05
135,1.152026491519982,8.583396892144656e-05
136,1.084624212055762,8.587030218821322e-05
137,1.0273468488386097,8.590100094994915e-05
138,0.9857624461469621,8.592279925274977e-05
139,0.7895020733085338,8.601504306324502e-05
140,0.8319317321466031,8.59974223024173e-05
141,0.8926081268988586,8.597126339985189e-05
142,0.963716951349646,8.593874981794613e-05
143,1.0411987070514415,8.590064859234512e-05
144,1.1236477846567208,8.585607683003636e-05
145,1.1645271026208914,8.582578621877552e-05
146,1.1244491442782885,8.584527685647091e-05
147,1.0755989246851665,8.587323348118153e-05
148,1.0452954090809978,8.589007207927589e-05
149,0.829423746430824,8.599846616121096e-05
150,0.8476642423571563,8.599101556946897e-05
151,0.8836500697593238,8.597566026189541e-05
152,0.9357106291743432,8.595274596277491e-05
153,1.0030701545278906,8.592054248162264e-05
154,1.0850862301020359,8.587792449230448e-05
155,1.0905505559688489,8.586125771015939e-05
156,1.076737074150825,8.586934693322171e-05
157,0.8220030281612669,8.600250162625257e-05
158,0.8191682308205538,8.60041710257932e-05
159,0.8424623556703744,8.599452671384496e-05
160,0.8931200231493678,8.597256405515658e-05
161,0.9693806135305684,8.593764088899739e-05
162,1.0664183937633602,8.587262138814764e-05
163,0.7789728692876999,8.602137885971393e-05
164,0.7723031648382522,8.602425937716443e-05
165,0.8042521948582039,8.601112222509578e-05
166,0.8725857688353064,8.5981716854456e-05
167,0.7381885257625797,8.603762215695702e-05
168,0.7491955178563786,8.60333546140088e-05
169,0.4892726662839666,8.611181871168076e-05
170,0.6187853104630509,8.607614505175321e-05
171,0.7545933557907853,8.602964122828122e-05
172,0.886200945663252,8.597527973063342e-05
173,1.0134157911472217,8.591532341721951e-05
174,1.1382222761802099,8.584793620622605e-05
175,1.2622458923720739,8.577218025914275e-05
176,1.3852795307587484,8.568967199002637e-05
177,1.5036891372922163,8.560448952319829e-05
178,1.6089831710753728,8.552246218882955e-05
179,1.6860341470265046,8.545759897943524e-05
180,0.595131021478422,8.608297122043835e-05
181,0.6873406892941989,8.605344640334767e-05
182,0.7947686299008069,8.601354189179618e-05
183,0.908746549536837,8.596494682232312e-05
184,1.0272968256442212,8.590781470948208e-05
185,1.149989176468113,8.584050985487568e-05
186,1.275661436698561,8.576335651515128e-05
187,1.400960342350827,8.567892730703291e-05
188,1.5186838658246284,8.55935419421345e-05
189,1.6129549304267137,8.551923921623816e-05
190,1.6197595761453665,8.551395602941947e-05
191,1.5323628844748964,8.558258362519374e-05
192,1.4179042982896009,8.566638997837998e-05
193,1.296853059655766,8.574885054168428e-05
194,1.1794657075499468,8.582281649189203e-05
195,1.0695528598083925,8.588457958392593e-05
196,0.9667280097658894,8.593660357057256e-05
197,0.868885916473251,8.598139806975479e-05
198,0.7748164381587057,8.602011048422358e-05
199,0.6876035106052485,8.605240087931086e-05
200,0.6466231833648951,8.60670766031195e-05
201,0.7167674994168811,8.60429793729662e-05
202,0.8122196084474222,8.600653779588096e-05
203,0.9233811223696532,8.595821003151637e-05
204,1.0445227681731364,8.589868130417071e-05
205,1.1712098633460957,8.582834241805494e-05
206,1.2988641466096333,8.574899115839737e-05
207,1.4212388696854272,8.5665145820951e-05
208,1.524646578711226,8.559007515683355e-05
209,1.5417280908349194,8.557667857530572e-05
210,1.4451324193199502,8.564848098596853e-05
211,1.3267985048084028,8.572951076203793e-05
212,1.2082167936898984,8.580490263119435e-05
213,1.1002826416881937,8.586749789844647e-05
214,1.0073533239211678,8.591562575921566e-05
215,0.9295419624702576,8.5952718223726e-05
216,0.8651155240939382,8.598143804053779e-05
217,0.8129939095004949,8.600388415730062e-05
218,0.668611572572855,8.606004323954374e-05
219,0.7370913427792729,8.603561480000038e-05
220,0.8366479702569354,8.599614055859315e-05
221,0.953566848991989,8.594368723481468e-05
222,1.0781895565389492,8.588041541086066e-05
223,1.2035809959892136,8.580930266381693e-05
224,1.3238235349346605,8.573195836148495e-05
225,1.4287637123708683,8.566039985015825e-05
226,1.4556609244914291,8.564179001166095e-05
227,1.3588672476751396,8.57086943387738e-05
228,1.2448787394607455,8.578259493566214e-05
229,1.1352428741596123,8.584780978291305e-05
230,1.040294750423979,8.589839257619635e-05
231,0.9651539667420908,8.59350561957046e-05
232,0.9114734606754312,8.59598906995736e-05
233,0.8786665753262978,8.59747165202686e-05
234,0.6995966104926408,8.60493177333538e-05
235,0.7785463206711983,8.601942755924194e-05
236,0.8839331954213933,8.597524740808442e-05
237,1.0001446990301839,8.592031203245973e-05
238,1.117408507111428,8.585837294555393e-05
239,1.2296094571923435,8.579240408492086e-05
240,1.3299925170838436,8.572867004792638e-05
241,1.3688566551064754,8.57033555645088e-05
242,1.2803378279815658,8.576038980836372e-05
243,1.179660882598914,8.58210741648761e-05
244,1.0858206988108814,8.587320676181776e-05
245,1.0074373013902704,8.591362903655309e-05
246,0.950131733848188,8.594098340801761e-05
247,0.9177032895100627,8.595629730799397e-05
248,0.7583016462296135,8.602722161431339e-05
249,0.840686018597004,8.599353878419605e-05
250,0.938649347053458,8.594919888737459e-05
251,1.0401097219800988,8.589936174441819e-05
252,1.1385582315749343,8.584596864825227e-05
253,1.229674012347121,8.579275752615043e-05
254,1.282948282742666,8.576022494638261e-05
255,1.2272961598297158,8.57922236324772e-05
256,1.1327292358968741,8.584584711724776e-05
257,1.0606877800316825,8.588482750873555e-05
258,1.0025312977483316,8.591465260055769e-05
259,0.9637652682438896,8.593385380208988e-05
260,0.8248668397664155,8.599986821698924e-05
261,0.8938926580093414,8.596954415725989e-05
262,0.9708752625884703,8.593355984699715e-05
263,1.0497378518286444,8.589390287817314e-05
264,1.1276349866530353,8.585259309119884e-05
265,1.19439292128226,8.581382510991122e-05
266,1.1667796777572363,8.582446965700638e-05
267,1.1012826333632475,8.586007679078399e-05
268,1.055143486604558,8.588547032695428e-05
269,1.0206277046567949,8.590405564603777e-05
270,0.8644016099276833,8.598270540829695e-05
271,0.9100267201201888,8.596230832442093e-05
272,0.9638975522621646,8.59372257719251e-05
273,1.02520382052706,8.590731403515441e-05
274,1.093147146742856,8.58716005852122e-05
275,1.1140641648753349,8.585129408347356e-05
276,1.0814749264573587,8.586757573672665e-05
277,1.0632947941812225,8.587864276765276e-05
278,0.8586947849261946,8.598569496737467e-05
279,0.8850648163512862,8.597418858555978e-05
280,0.9274211139915768,8.595541874256295e-05
281,0.9874424671051119,8.592708289427497e-05
282,1.0635304162308075,8.588666400768052e-05
283,1.0763532253731605,8.586822929571471e-05
284,0.8188967171031324,8.600448185175221e-05
285,0.8431193178317934,8.599394045379087e-05
286,0.8935331241281077,8.597155774978179e-05
287,0.9693038640832061,8.593641486771948e-05
288,0.7809994864217592,8.602060629207613e-05
289,0.8225216614405172,8.600313930240378e-05
290,0.7344672334789853,8.603552127949078e-05
291,0.8038842749438638,8.6008297996181e-05
292,0.8878001587229907,8.59727475322043e-05
293,0.9825574938790431,8.592877397820911e-05
294,1.0868956373444119,8.587511141992659e-05
295,1.199753653992389,8.581021861545063e-05
296,1.318211810582092,8.573547568526936e-05
297,1.434893561184334,8.565537971540322e-05
298,1.5305801240671777,8.55852185707899e-05
299,0.7561407982940154,8.602732909787827e-05
300,0.8243992979295318,8.599967460139013e-05
301,0.9121368706810596,8.596135115422054e-05
302,1.0120933515574637,8.591352742398649e-05
303,1.1194265652109576,8.58566743027152e-05
304,1.2304239432769977,8.579159215800333e-05
305,1.34015443717349,8.572066159482467e-05
306,1.4344568548218994,8.565670510543852e-05
307,1.4406515408127019,8.565266467421699e-05
308,1.3458026844023991,8.571778726672735e-05
309,1.2357448439612093,8.578835494079721e-05
310,1.1296887683527814,8.585061687697844e-05
311,1.0342697641870233,8.590140863193824e-05
312,0.9522561531271718,8.594166238568952e-05
313,0.8851484783752915,8.59724322554753e-05
314,0.8347508654578172,8.599444087142233e-05
315,0.7856165065447932,8.60156886455902e-05
316,0.8635631380790209,8.598246691873266e-05
317,0.9574296445030918,8.593951207536486e-05
318,1.0574050581332162,8.588916713941727e-05
319,1.1577441626125329,8.583404413707356e-05
320,1.2547569136615093,8.577664632050619e-05
321,1.340011847076875,8.572210059031654e-05
322,1.3590110475084767,8.570994444002677e-05
323,1.2635547710057509,8.577105287717705e-05
324,1.1667300755276724,8.582886095744017e-05
325,1.0780911991024282,8.587743371957023e-05
326,1.0029613574820326,8.591588007798715e-05
327,0.9442182915122531,8.594398078832797e-05
328,0.9042442330179091,8.596269407449489e-05
329,0.8401278628482006,8.599272678953303e-05
330,0.9221053334810395,8.595535224506726e-05
331,1.0105935660920833,8.591214510640389e-05
332,1.0975101473006583,8.586668115321683e-05
333,1.1792543862320026,8.582144059222688e-05
334,1.2517177161738624,8.577915876758971e-05
335,1.2757547565628231,8.576460393971002e-05
336,1.193832764796667,8.581282050800418e-05
337,1.1160105037786339,8.585594653659438e-05
338,1.0486084339214738,8.58914347210832e-05
339,0.9953645458862552,8.591827197666047e-05
340,0.9593977365448575,8.5935857361077e-05
341,0.9028452351258756,8.596423825350988e-05
342,0.973816195904393,8.592973463706475e-05
343,1.0440826936146415,8.589410230895082e-05
344,1.1097924032309137,8.585944913688894e-05
345,1.1694071057563973,8.582718208249114e-05
346,1.1996545200389008,8.580981850164486e-05
347,1.1381275524101946,8.584249988790057e-05
348,1.0830896556916543,8.587103596781535e-05
349,1.0392536119440228,8.589461702626507e-05
350,1.0089191806513136,8.591051499767449e-05
351,0.9419617470516276,8.594544399033163e-05
352,0.992472917020998,8.592003789773186e-05
353,1.0418304017740951,8.589522988780307e-05
354,1.0901702690788109,8.587054715579284e-05
355,1.1295365169145013,8.584862284317678e-05
356,1.1067476264075817,8.58570994826525e-05
357,1.064933662445737,8.587903003908931e-05
358,1.045720756395989,8.588953360905312e-05
359,0.9400509703654328,8.594637492901373e-05
360,0.9736919008276415,8.59296116964646e-05
361,1.0123227207276446,8.591124039297675e-05
362,1.0582116216439579,8.588846415072883e-05
363,1.0724288338751373,8.587326608655508e-05
364,1.0592848654956544,8.588001795310174e-05
365,0.9069254781469919,8.596296221055413e-05
366,0.9388472508139247,8.594795430506749e-05
367,0.9842069123655802,8.592634699571412e-05
368,1.0458307205250446,8.589575306914905e-05
369,0.874750111495145,8.597883363921472e-05
370,0.921529245267333,8.595681090069058e-05
371,0.8627977789872708,8.59821810354851e-05
372,0.9218740872374599,8.595499589779981e-05
373,0.9948426136433445,8.592022745554836e-05
374,1.0769581736301628,8.587803950739657e-05
375,1.1654730525983987,8.582963994521414e-05
376,1.2574778066742405,8.577460998865744e-05
377,1.3414628795634678,8.572156947820334e-05
378,0.9137417289666298,8.595851240731794e-05
379,0.9773865298836196,8.592746813909322e-05
380,1.0461166156422788,8.589272660205131e-05
381,1.1158520819032098,8.585570763018593e-05
382,1.1856613951028059,8.581752645023023e-05
383,1.2513078193024367,8.577959109928029e-05
384,1.2544325108466392,8.577777977026147e-05
385,1.1842587081583464,8.581873395317381e-05
386,1.1136808909653249,8.585703547821324e-05
387,1.0505870056796225,8.589028524393351e-05
388,0.9958817634822867,8.591784713695021e-05
389,0.9515311071867322,8.593999319697562e-05
390,0.9734016919748298,8.592899965760785e-05
391,1.0279550838043416,8.590093757753986e-05
392,1.0799905089932833,8.58733714526957e-05
393,1.1287632315882752,8.584827534384639e-05
394,1.1746032483821278,8.58242562487882e-05
395,1.1891049158557712,8.581647947692007e-05
396,1.1247176467841864,8.58506139512697e-05
397,1.0769343576844785,8.587537055997466e-05
398,1.0395498627959392,8.589431389198782e-05
399,1.0120258456700415,8.59087298320344e-05
400,1.0125771224238946,8.590850328369465e-05
401,1.0486134910697904,8.588932277940077e-05
402,1.080556030751163,8.587331073555303e-05
403,1.1105995244205762,8.585878986215848e-05
404,1.1250664852940893,8.585068199998252e-05
405,1.0798849491589677,8.587322230941703e-05
406,1.054218016525973,8.58853903217612e-05
407,1.041167947653055,8.589258112167176e-05
408,1.0144263548485255,8.590731560513102e-05
409,1.0345371962167742,8.589713244901858e-05
410,1.0552679013658268,8.588768805874598e-05
411,1.0743251454460192,8.58772067210623e-05
412,1.0500213532555345,8.588691915763263e-05
413,1.0448283211540117,8.58891214066759e-05
414,0.9873527729496082,8.592187992131758e-05
415,1.0050711407132946,8.591333689816493e-05
416,1.0314777441936045,8.590084973675205e-05
417,1.0442191977853872,8.588790772642694e-05
418,0.9601065341980018,8.593634396475914e-05
419,0.9903674492760179,8.592117377109566e-05
420,1.0084482553394944,8.59106557721434e-05
421,1.044458154290185,8.589178654773801e-05
422,1.0829272111750436,8.58718794088067e-05
423,1.1252455296712645,8.585030779130831e-05
424,1.1713116122152991,8.582695966655553e-05
425,1.0473855825134115,8.588944800384759e-05
426,1.0655543713392888,8.58797161209193e-05
427,1.083942958393689,8.587136061496736e-05
428,1.1066248585816643,8.586119588510306e-05
429,1.1046821679871257,8.586216232836954e-05
430,1.0764140723769189,8.587535496374576e-05
431,1.05876536243464,8.588345131956212e-05
432,1.049034513190048,8.588845512355054e-05
433,1.0516419427339898,8.588660638229419e-05
434,1.0537831558834136,8.588624265269816e-05
435,1.059860321545927,8.588500346189345e-05
436,1.0633962363588505,8.588317763782756e-05
437,1.041053223995426,8.589272722384822e-05
438,1.0437318912918956,8.589066458856297e-05
439,1.028451270666193,8.589956345793919e-05
440,1.0270628494159026,8.590119142982147e-05
441,1.0321745950401007,8.589822209722188e-05
442,1.0222784536786562,8.590187234591998e-05
443,1.0042820530519243,8.591307005199792e-05
444,1.0142133937572027,8.59084076502546e-05
445,1.0535979374085311,8.58854249692186e-05
446,1.047065644949625,8.588951396362192e-05
447,1.0520787958372817,8.588916734329706e-05
448,1.0319906039681392,8.589730984388743e-05
449,1.0211035687056529,8.590444973049264e-05
450,1.0149605889727624,8.590746041109544e-05
451,1.0219636560237566,8.590312401312584e-05
452,1.0092306349383238,8.591016156103789e-05
453,1.007387641387462,8.591050562855784e-05
454,0.9995994263965587,8.591499589102133e-05
455,0.0,0.0
456,0.24572969004045808,8.615864475416324e-05
457,0.4676603632304767,8.611940149521856e-05
458,0.6629246646984094,8.606367628629374e-05
459,0.8391656042636747,8.599727589826074e-05
460,1.0021060564305326,8.592092267808937e-05
461,1.154097879894463,8.583902113361662e-05
462,1.295584895084701,8.575098642117063e-05
463,1.425769045958834,8.566214951818938e-05
464,1.5423979106467258,8.557529982569406e-05
465,1.641096527619137,8.549627987384613e-05
466,1.7148656076859574,8.543317187414702e-05
467,1.7550417998016907,8.539694747737128e-05
468,0.24276694883676814,8.615792742058982e-05
469,0.4162852475497172,8.612978351980294e-05
470,0.6135264773418562,8.60792400923099e-05
471,0.7981661486681758,8.601368464466773e-05
472,0.9705806137902113,8.59372170806165e-05
473,1.1319521822590608,8.585076659707018e-05
474,1.281813129846276,8.575887614847044e-05
475,1.418683014300795,8.56659707233227e-05
476,1.539763968594899,8.557582931701269e-05
477,1.6399407587463486,8.549652816765689e-05
478,1.711394659602494,8.543582956725331e-05
479,1.7451692070056262,8.540617276474823e-05
480,1.7582881436548146,8.53950466744547e-05
481,1.7546865548278636,8.539695228935162e-05
482,1.7110272551910148,8.543573574295268e-05
483,1.6335641220499553,8.550255594067972e-05
484,1.529568562464381,8.558503496250474e-05
485,1.4050532803659792,8.567672329697494e-05
486,1.2645146082069725,8.577087441595154e-05
487,1.1113594090597487,8.58634744889568e-05
488,0.9481928604258048,8.594788979496027e-05
489,0.7766265240377588,8.602251673597614e-05
490,0.5967761843209357,8.608464839469973e-05
491,0.4099947900719094,8.613242290545533e-05
492,0.4327191932240571,8.612513476845492e-05
493,0.550392774831646,8.609664094003643e-05
494,0.7081415510562512,8.604728524099635e-05
495,0.8746909483506847,8.598088090120739e-05
496,1.0392984646717751,8.59010455198507e-05
497,1.1970420658142509,8.581106614737486e-05
498,1.3445804552901646,8.571562240708273e-05
499,1.4780481723797363,8.562104572723962e-05
500,1.5905466998690192,8.55347420082741e-05
501,1.6707655936877424,8.546967003787252e-05
502,1.7059536072813195,8.544068969797512e-05
503,1.7293099469124793,8.541985641441954e-05
504,1.7613584923803178,8.539115034332817e-05
505,1.7511178410459578,8.540037348935819e-05
506,1.700396155400965,8.54452096448754e-05
507,1.615123556582691,8.551770192386903e-05
508,1.5024629655937312,8.560602323840512e-05
509,1.369294725426772,8.570032873762581e-05
510,1.22187299572837,8.579713636802299e-05
511,1.06586438193181,8.588801899499117e-05
512,0.9063725235817286,8.596726601362255e-05
513,0.7480572198991583,8.603243950730824e-05
514,0.5507428577740489,8.609604407212678e-05
515,0.6282244006856854,8.607348998969488e-05
516,0.7569640127540583,8.602885977698542e-05
517,0.9102673886547095,8.596428459398845e-05
518,1.071271823434638,8.588355664700263e-05
519,1.2296856795185342,8.57900986630987e-05
520,1.3778004037391614,8.569214355882179e-05
521,1.5063859523902268,8.55999930957633e-05
522,1.6008480839338883,8.552767359397779e-05
523,1.6428968358142615,8.549515181859092e-05
524,1.6704010429243925,8.547097489653379e-05
525,1.7321666396761783,8.541717623371696e-05
526,1.754890161746561,8.539656765559532e-05
527,1.73551780934102,8.541431480744044e-05
528,1.6764079181245992,8.54673879236228e-05
529,1.5839596776857472,8.554310418148094e-05
530,1.4664358137697446,8.56325756210124e-05
531,1.3323878814196368,8.572629303961156e-05
532,1.1898328636682882,8.58159823710972e-05
533,1.0458417061949916,8.589801524570922e-05
534,0.6054809902953041,8.608047667291372e-05
535,0.6606222069014909,8.606306826851712e-05
536,0.7793220649412951,8.602000417415205e-05
537,0.9330164794441648,8.595335065999636e-05
538,1.0985021823426422,8.586845745168253e-05
539,1.2598099944553736,8.577134546523848e-05
540,1.4034893256965584,8.567496592902006e-05
541,1.5124314256880769,8.55971182785078e-05
542,1.5636441202480027,8.555964207995465e-05
543,1.5865731215358332,8.55411704393959e-05
544,1.6687372466986063,8.547281413633629e-05
545,1.7194443044127794,8.542847917921323e-05
546,1.732895591597231,8.541734534155433e-05
547,1.7069243298848737,8.544097242825207e-05
548,1.6443436879371187,8.549477946416329e-05
549,1.5522424157784334,8.556790465259314e-05
550,1.4398515545391382,8.565226417950936e-05
551,1.3164253504585661,8.573651360200325e-05
552,0.6279000164919436,8.607382687894551e-05
553,0.6825508982043816,8.605586855649218e-05
554,0.8078455270450171,8.600833661912653e-05
555,0.9688274240526091,8.593599710184431e-05
556,1.1370165963172678,8.584618880061019e-05
557,1.291873273851224,8.575100156481174e-05
558,1.4132195332284199,8.567008677889352e-05
559,1.474419218929335,8.562834626334238e-05
560,1.484132052311834,8.561977352313371e-05
561,1.5767783833590556,8.554865220036978e-05
562,1.6474529468631094,8.549136353844833e-05
563,1.6906811275901108,8.545560181852573e-05
564,1.701402008275108,8.544615452056672e-05
565,1.6772674121130748,8.546792310070228e-05
566,1.6207071050990638,8.551381692817362e-05
567,1.5386261425320849,8.557843587225374e-05
568,0.6598076710013397,8.606353777431455e-05
569,0.7271026563198294,8.603965801332137e-05
570,0.8594888800795395,8.598613222432715e-05
571,1.0191774408885772,8.590998788850649e-05
572,1.1763353714165328,8.5823240727086e-05
573,1.3061305568407353,8.574323206435773e-05
574,1.378199325763176,8.569691636369849e-05
575,1.3706637111528768,8.57026601960241e-05
576,1.4643475868022848,8.563452171650675e-05
577,1.5469765717228408,8.557231151476334e-05
578,1.613780896834878,8.55193649809787e-05
579,1.6594392541766854,8.548274522962837e-05
580,1.6777051216291157,8.546653192767812e-05
581,1.6644617751524617,8.547845339717741e-05
582,0.7208241524923322,8.604194236373384e-05
583,0.793278569916534,8.601369199208423e-05
584,0.9179567580808814,8.595938114788988e-05
585,1.060693052834947,8.588800583744864e-05
586,1.191295715319265,8.58149423732132e-05
587,1.2752523149117083,8.576496538719096e-05
588,1.2813273299134755,8.576108160925281e-05
589,1.3398687109196505,8.572148375535878e-05
590,1.4288275997115043,8.566067055282058e-05
591,1.5128959302120268,8.559889442492765e-05
592,1.5877617447635244,8.55409194170867e-05
593,1.6457555705358802,8.549443468054935e-05
594,0.7895020733085338,8.601501416024245e-05
595,0.8491835328974324,8.598992774684073e-05
596,0.9523174212549095,8.594290150600873e-05
597,1.069655187205814,8.588326873551665e-05
598,1.16473083288467,8.583092973241594e-05
599,1.1919730095246637,8.581381582299045e-05
600,1.2110665936121672,8.580489531584702e-05
601,1.3036758706830032,8.5746445610746e-05
602,1.4004913351743822,8.568068159237266e-05
603,1.4977438930930174,8.560953985168236e-05
604,0.829423746430824,8.599835657418813e-05
605,0.8656553486947063,8.598294445136274e-05
606,0.9471032420769432,8.594578381851991e-05
607,1.0454469382741463,8.589613771903257e-05
608,1.1047987179477265,8.586085281067885e-05
609,1.102919957029039,8.585603466479057e-05
610,1.1806010094153634,8.582380516288829e-05
611,1.2872346755010056,8.57565897573786e-05
612,0.8220030281612669,8.600248770463755e-05
613,0.8398375756911568,8.599530806072884e-05
614,0.9179400339203063,8.596038246599427e-05
615,1.0188553894288364,8.590795239397514e-05
616,1.0534588920108088,8.588042796249984e-05
617,1.0670513534495016,8.5887790713809e-05
618,0.7789728692876999,8.602128280641642e-05
619,0.7990422967890517,8.601367928240809e-05
620,0.904589499454269,8.596765934039398e-05
621,1.0226097479025622,8.589828042624156e-05
622,0.7381885257625797,8.603767138646917e-05
623,0.78095782713794,8.602109228096009e-05
624,0.5553192389556039,8.609655627499033e-05
625,0.7205256836571291,8.604337504161043e-05
626,0.8882198063811598,8.59758358469638e-05
627,1.0530472724462792,8.589459089969747e-05
628,1.2113228133353322,8.580318298187582e-05
629,1.3593371975263122,8.57071950701789e-05
630,1.4927783745741938,8.561165796982537e-05
631,1.605841143738149,8.552453565656364e-05
632,1.690722915311969,8.545360015482124e-05
633,1.7388389830737374,8.541160241710458e-05
634,1.7461330159184525,8.540507743721358e-05
635,0.6503449513626142,8.60674270751465e-05
636,0.787389338389697,8.601795605894779e-05
637,0.9409642892824227,8.5950780820674e-05
638,1.1001314069316899,8.586843611269833e-05
639,1.2567782457373735,8.577399693326043e-05
640,1.4039578288292984,8.567493062485225e-05
641,1.533543532925854,8.558053778318522e-05
642,1.6341568214242272,8.550097516565643e-05
643,1.6925819787374345,8.545291406561825e-05
644,1.7044517512101294,8.544162635988182e-05
645,1.7202599082425987,8.542756361420669e-05
646,1.7450802791811737,8.540525402912582e-05
647,1.7298443987606784,8.54196966095879e-05
648,1.6713416804690544,8.547068533655066e-05
649,1.5760602606586407,8.554830285618752e-05
650,1.4533928129678495,8.564132363745371e-05
651,1.3126488299773245,8.573851398307305e-05
652,1.1619754833042242,8.583364599304816e-05
653,1.0085266439236158,8.591792589095952e-05
654,0.8589758684711891,8.598820565972905e-05
655,0.6973111219549094,8.605127150536647e-05
656,0.8163407000170776,8.600614299054877e-05
657,0.9645045249700429,8.593939289430484e-05
658,1.1250970907896458,8.58543399490024e-05
659,1.2846435458105605,8.575548926194953e-05
660,1.431014967794425,8.565596167691957e-05
661,1.5495063673954013,8.556854073349881e-05
662,1.6214338702311986,8.551227109443349e-05
663,1.6377239309243068,8.549924851314647e-05
664,1.6597062716078095,8.547965586555121e-05
665,1.7121191472273933,8.543517942204742e-05
666,1.7313953986951967,8.541870886373988e-05
667,1.707229569967131,8.544019798292875e-05
668,1.6410022490054976,8.549618258015803e-05
669,1.5405380189789366,8.557647230060155e-05
670,1.416659177921901,8.566765495388144e-05
671,1.2804120869723787,8.575959865416762e-05
672,1.14163496416436,8.58442659795403e-05
673,0.7170347983930995,8.604427462333107e-05
674,0.8351301162491757,8.599800995261527e-05
675,0.9887761167732865,8.592717609171577e-05
676,1.1545642831368839,8.583724595000439e-05
677,1.3134958167745974,8.573763694185032e-05
678,1.447179303085308,8.564530496318503e-05
679,1.5324525978881485,8.558407907422216e-05
680,1.5528374168514925,8.556836570428736e-05
681,1.571556830055111,8.555159891475925e-05
682,1.6415848324915867,8.549525762673389e-05
683,1.6905266533938954,8.54545309024073e-05
684,1.703603014504257,8.544335742287284e-05
685,1.6760711287579728,8.546785455838701e-05
686,1.6103469634165295,8.552262962988089e-05
687,1.5148917524561474,8.559655228081106e-05
688,1.401136607405231,8.567859123106305e-05
689,0.7445737929540719,8.603394664000755e-05
690,0.8707584456801417,8.598268788559189e-05
691,1.028931813711223,8.590651711645839e-05
692,1.191348709777286,8.581514426159143e-05
693,1.3344655322228185,8.572401603032389e-05
694,1.4312719711965298,8.565881560527636e-05
695,1.4566501945345867,8.56418169386488e-05
696,1.4652795360786033,8.563264550221653e-05
697,1.5423150311875755,8.557517786650361e-05
698,1.612230366407442,8.551985002831314e-05
699,1.6589403384441799,8.548187214573663e-05
700,1.6740217574008547,8.546993112060541e-05
701,1.6528553579556506,8.548792529136526e-05
702,1.5972082835966506,8.553275064195177e-05
703,0.7975660111876386,8.601305278624486e-05
704,0.9236498949614896,8.595818510300559e-05
705,1.0727685185884883,8.5883001140033e-05
706,1.215581618653301,8.580085125578834e-05
707,1.3211366875515806,8.573503263954484e-05
708,1.3547282172743833,8.571324526302617e-05
709,1.3507819217590074,8.571369304969882e-05
710,1.4208477319296793,8.566518296061999e-05
711,1.5081271512352612,8.56019038990686e-05
712,1.580830589486242,8.55464212060473e-05
713,1.6349860202692856,8.550312288394393e-05
714,1.661141234856418,8.548138030595256e-05
715,0.8577989808515368,8.598731997916369e-05
716,0.967854063455873,8.593677681532613e-05
717,1.0943695393072173,8.587098885736988e-05
718,1.2035225805546759,8.580896672249874e-05
719,1.251006141903581,8.578093603944684e-05
720,1.2392330328221928,8.57852403745604e-05
721,1.2978533497463383,8.574921961620332e-05
722,1.3913065657972867,8.568678791066074e-05
723,1.4822561305581765,8.562143821875025e-05
724,1.567101998686694,8.555661846843333e-05
725,0.8922794897667276,8.597163081595643e-05
726,0.978343822515611,8.593137654953381e-05
727,1.0798233292988058,8.587905361344105e-05
728,1.147702076645738,8.584006378622438e-05
729,1.1473139690409513,8.583577588449853e-05
730,1.1777021741734381,8.58242194845297e-05
731,1.273118654141799,8.576567448626648e-05
732,1.3762920154716418,8.569759243992263e-05
733,0.8843423487209247,8.597585749882862e-05
734,0.9550147555163445,8.594336131204128e-05
735,1.0435932207040644,8.589675407119797e-05
736,1.0763681003124517,8.587305235545327e-05
737,1.0743278486927277,8.587194714221826e-05
738,1.1590675482192725,8.583544582825617e-05
739,0.8480001531884966,8.599270427219964e-05
740,0.9299469467060546,8.595557333714355e-05
741,1.0237973754569292,8.590009349258501e-05
742,1.0435081238982469,8.588500876904644e-05
743,0.8205002397604202,8.600545042187249e-05
744,0.9347766675429245,8.595449619018681e-05
745,0.9079921235939026,8.59669669988414e-05
746,1.0495456948348627,8.5897031963603e-05
747,1.2012707919620598,8.580874328317274e-05
748,1.3524065914927386,8.571132528562002e-05
749,1.4913503243796935,8.561346888183487e-05
750,1.6044749768052413,8.552596914512382e-05
751,1.6768010881298154,8.546602647393224e-05
752,1.698133029405978,8.544781631860825e-05
753,1.676389026432854,8.546513915718344e-05
754,0.9285169583226571,8.595731109284059e-05
755,1.0707269994587973,8.588532093104752e-05
756,1.2263713153892122,8.579378775449016e-05
757,1.3787603042840504,8.56937630399022e-05
758,1.509781146858807,8.559935995352764e-05
759,1.5980889149531183,8.553244017642815e-05
760,1.626037535185493,8.550991736061852e-05
761,1.6027460941654779,8.552644908757952e-05
762,1.6067731375778516,8.552226483851405e-05
763,1.6576530853067053,8.548141750179203e-05
764,1.6780614934199398,8.546521235346475e-05
765,1.6486170825112563,8.549039143973269e-05
766,1.5697038036949469,8.55546560493196e-05
767,1.4541111595992695,8.564130024872289e-05
768,1.3187008941996783,8.573418628502513e-05
769,1.1793375537616,8.582269898833551e-05
770,0.9509107420678576,8.594694276037223e-05
771,1.0985871597822523,8.587030547149339e-05
772,1.255281964704685,8.577522876709623e-05
773,1.3981884740788377,8.568098553034525e-05
774,1.5006703609753174,8.560851293624277e-05
775,1.53579179782803,8.558212987126176e-05
776,1.5100512025577948,8.559912789412437e-05
777,1.5038690127765042,8.560242236994484e-05
778,1.576054462644064,8.554814554622128e-05
779,1.6306722130719986,8.55055302225919e-05
780,1.6485660080984683,8.549109851137087e-05
781,1.6190561447194383,8.551611089916951e-05
782,1.5445713385073359,8.557370964809722e-05
783,1.4385814353862172,8.565252356217442e-05
784,0.9901993678096328,8.592766860300318e-05
785,1.1352189504660315,8.584933325307811e-05
786,1.278855576616266,8.576200628560998e-05
787,1.3905048049461075,8.56879518591418e-05
788,1.4339141219828564,8.565841004342112e-05
789,1.4084480498908611,8.567422390257495e-05
790,1.3921123800065565,8.568285692747661e-05
791,1.469142731386923,8.562913921708071e-05
792,1.5452266871559417,8.557354920592861e-05
793,1.6026142565768182,8.552892202247418e-05
794,1.6261424692225726,8.551085019031593e-05
795,1.6062138225444424,8.552617023515209e-05
796,1.0333902913193862,8.590501164967608e-05
797,1.1603674944409235,8.583508941910325e-05
798,1.2724963922143124,8.576671020199405e-05
799,1.3257405387171584,8.573337273170952e-05
800,1.3055938144345953,8.574381883068401e-05
801,1.280965972434904,8.575761734172486e-05
802,1.3522298647298447,8.571224536637392e-05
803,1.4389452801382396,8.565202950614727e-05
804,1.523003807649197,8.559041846343553e-05
805,1.5904682558989778,8.553950069777778e-05
806,1.0541057981263033,8.589417807099961e-05
807,1.1520816240655087,8.58401729722756e-05
808,1.2156239928611245,8.58024332287049e-05
809,1.2077496863460093,8.580454387872666e-05
810,1.1789146959482286,8.58192531854432e-05
811,1.2232268373841748,8.57960430485223e-05
812,1.3271668023974226,8.57301211108732e-05
813,1.426267174192681,8.566134106137557e-05
814,1.0391653883801935,8.590180556082424e-05
815,1.1071607388454776,8.586453136740834e-05
816,1.1210814153373927,8.58516786160259e-05
817,1.098571731142914,8.586086274902596e-05
818,1.1257084386669098,8.585315539076198e-05
819,1.2217986972671315,8.579685075601534e-05
820,1.005504622596582,8.591832898057726e-05
821,1.0509604746902081,8.588847348888242e-05
822,1.0490634407150397,8.588508010942435e-05
823,1.0522125840289238,8.588171755199e-05
824,0.9989649916624048,8.591821177890316e-05
825,1.0244170937701151,8.589629731761795e-05
826,1.2035420485464698,8.580822564243009e-05
827,1.3447176501933635,8.571772874928377e-05
828,1.4735977967131062,8.562694733865098e-05
829,1.5663653844100611,8.555773974449254e-05
830,1.601518786737319,8.553010516479175e-05
831,1.5775210335869057,8.554784164412066e-05
832,1.5217724755108373,8.558840973071193e-05
833,1.2322020331237564,8.57908581877076e-05
834,1.364960269944633,8.570453623590074e-05
835,1.4677933215596637,8.563279719199029e-05
836,1.5090480756895168,8.560268952801906e-05
837,1.4824806330885072,8.562108618058217e-05
838,1.4222970157809123,8.56623984201237e-05
839,1.4154247156832753,8.56664113957115e-05
840,1.4873206300825876,8.561574947266672e-05
841,1.550108171387348,8.557002409049034e-05
842,1.5745392840308976,8.555163419672983e-05
843,1.5423832427680155,8.557677456644838e-05
844,1.458311209686897,8.563833360248755e-05
845,1.2560030141053484,8.57770399707074e-05
846,1.360031924450093,8.570901776053054e-05
847,1.4071191091399877,8.567717288301278e-05
848,1.3813729876918182,8.569372226953241e-05
849,1.32082399074193,8.573249880516805e-05
850,1.2921220546723489,8.575013769678821e-05
851,1.3777266164835997,8.56941321505263e-05
852,1.4610349259491637,8.563619632720051e-05
853,1.5301319381770082,8.558605955242463e-05
854,1.5626346483496085,8.556139368912107e-05
855,1.2510196988807885,8.578092799115551e-05
856,1.3014894037353706,8.574911569089004e-05
857,1.28102749743872,8.576100681308704e-05
858,1.2250050655365792,8.579247831013895e-05
859,1.1912510889098418,8.581251872103113e-05
860,1.2659344515768323,8.576896882070297e-05
861,1.3562691011615635,8.571035366281911e-05
862,1.4502392534226043,8.564476003401022e-05
863,1.1983862310086706,8.5812963188745e-05
864,1.187851747818374,8.581644491208422e-05
865,1.1414233194435714,8.583950974211262e-05
866,1.1076789562528617,8.585886726722654e-05
867,1.1641418004402868,8.583036953618954e-05
868,1.2530379621310397,8.577792255379719e-05
869,1.108622280014653,8.58591593226852e-05
870,1.077310349937532,8.587236928087454e-05
871,1.0514585593156012,8.58850512667635e-05
872,1.0766599069217373,8.587872205506467e-05
873,1.0380078802621868,8.58913068647068e-05
874,1.0317839462083378,8.58939161037418e-05
875,1.4533310285414762,8.564327771027981e-05
876,1.4880161373430543,8.561872694436071e-05
877,1.4584518572974314,8.563964922869408e-05
878,1.3897196590752126,8.568660382094286e-05
879,1.3152853355378198,8.57354515646084e-05
880,1.394913050548597,8.568612639253612e-05
881,1.3631377426053684,8.570717493634246e-05
882,1.2927813207607237,8.575182499872854e-05
883,1.219823067328951,8.57961230594549e-05
884,1.208332676472978,8.580271549550805e-05
885,1.2833070253055225,8.575746129873784e-05
886,1.3707166252376515,8.57007950160857e-05
887,1.4482856314299546,8.564714301853056e-05
888,1.2707173140153571,8.576776177999058e-05
889,1.2037785258947191,8.58066738072323e-05
890,1.136905147272593,8.584296566782927e-05
891,1.1052857712257038,8.586158626754114e-05
892,1.1814412556824865,8.582001918585001e-05
893,1.2719466333211515,8.576581120258967e-05
894,1.1299062919388578,8.584666701950089e-05
895,1.0742996612382214,8.58755046403773e-05
896,1.046224301150014,8.589190669267196e-05
897,1.0974705248818009,8.586672731858037e-05
898,1.0388861995747964,8.589150438447927e-05
899,1.0233732717786634,8.589924066706921e-05
900,1.2824216573387934,8.575973135799411e-05
901,1.1956871718259623,8.581145033271821e-05
902,1.1244246060874723,8.585062227159363e-05
903,1.1234355052260194,8.585139197189502e-05
904,1.0605158971494817,8.588434981381818e-05
905,1.0487008599715755,8.589103051380944e-05
906,1.1095591123237802,8.585942521940361e-05
907,1.025683932103039,8.590009352286365e-05
908,1.0093339998668192,8.591109899991722e-05
909,1.0109158799983256,8.590943460063905e-05
910,0.0,0.0
911,0.32741176432427016,8.614585002900749e-05
912,0.6422272036747149,8.606784178655196e-05
913,0.9339303632020476,8.595112284847176e-05
914,1.1959186176498406,8.580571465849934e-05
915,1.4267889592172691,8.564662026412698e-05
916,1.6307466657543768,8.547874229909715e-05
917,1.8167975130315106,8.53078577078497e-05
918,1.9964004954090198,8.513443169256679e-05
919,2.1795487257636252,8.494243911905106e-05
920,2.369814467032464,8.47199072776194e-05
921,2.557925452498616,8.445633587162474e-05
922,2.703680049128695,8.42510478113512e-05
923,0.4272766520083898,8.61286583087208e-05
924,0.6679893539355131,8.606198292425837e-05
925,0.9267970558414027,8.595688218863446e-05
926,1.1757760310774878,8.581909526241638e-05
927,1.4031757205896471,8.566593659835101e-05
928,1.6066769952598285,8.550331377629212e-05
929,1.7906872995045373,8.533341069632405e-05
930,1.9635487983941096,8.516855610294335e-05
931,2.1340897656922704,8.499352752476145e-05
932,2.3071449147673,8.480065417028102e-05
933,2.476965782342343,8.456768626413277e-05
934,2.614486840174691,8.436553009002967e-05
935,2.65877953510476,8.429853567127699e-05
936,2.579514104331788,8.440739416985956e-05
937,2.426737656866021,8.46381534736615e-05
938,2.251933662346716,8.486251424277215e-05
939,2.07603467704429,8.505343622869072e-05
940,1.9017482464421722,8.522771720778339e-05
941,1.7230617609875567,8.539591907012195e-05
942,1.5307844183760744,8.556624255696314e-05
943,1.3168700755244984,8.572642416821436e-05
944,1.0776621541406444,8.587747640232521e-05
945,0.8162710571562344,8.600485274289092e-05
946,0.5465082978018008,8.609798800039245e-05
947,0.843622864973143,8.599544532296318e-05
948,1.056041107432891,8.58890359190549e-05
949,1.2701484511177572,8.575795505299929e-05
950,1.473376942173226,8.561445960416866e-05
951,1.6594743573909336,8.546325098780806e-05
952,1.8269663791203385,8.530777720163477e-05
953,1.9782403991486694,8.515991679729315e-05
954,2.1176385351544913,8.501638771578999e-05
955,2.248909616568806,8.487200131737496e-05
956,2.3710191728671544,8.472198993281926e-05
957,2.4717481756035222,8.458723482343066e-05
958,2.5279509235308337,8.449662872774823e-05
959,2.5157194650837646,8.448552272082209e-05
960,2.441039179995909,8.46030154577613e-05
961,2.3196456968006185,8.477663681126063e-05
962,2.1727372347908704,8.495232865849416e-05
963,2.014331857368257,8.511800884510438e-05
964,1.8478471256821318,8.527953484326929e-05
965,1.6703867746837444,8.544743577721016e-05
966,1.4774320143626276,8.561063483202126e-05
967,1.2667129621189948,8.576108986399883e-05
968,1.041512308497789,8.589790220106376e-05
969,1.2386681677376083,8.577917058927364e-05
970,1.4261753814200975,8.564879040008295e-05
971,1.600141350042891,8.5513309598369e-05
972,1.7565915010318733,8.537632560769969e-05
973,1.8936599269807155,8.524624343435166e-05
974,2.0100246726081523,8.513354453742072e-05
975,2.1059047032848888,8.503152474077062e-05
976,2.1838527242417696,8.494585787522583e-05
977,2.249733030131683,8.486562107733822e-05
978,2.310571550931508,8.479070106360853e-05
979,2.3650674496293775,8.471825503160494e-05
980,2.3984172761513745,8.465329825582259e-05
981,2.388628992503314,8.46613946849615e-05
982,2.340680481474083,8.473760108044884e-05
983,2.2527362886824753,8.486049985193512e-05
984,2.1307010832073416,8.499957619474395e-05
985,1.9853548304147537,8.514774568890647e-05
986,1.8239101410720897,8.530290839093833e-05
987,1.6488892533794377,8.546732033072877e-05
988,1.4616545182116347,8.562284126560396e-05
989,1.5994200853055893,8.55129610913457e-05
990,1.752861510771484,8.537554023371452e-05
991,1.8713357915076263,8.526642550060829e-05
992,1.9629589096961324,8.518040252070708e-05
993,2.0315329289133706,8.51116653739393e-05
994,2.076346288098919,8.506150659380261e-05
995,2.100452433723325,8.503344716663206e-05
996,2.115596263699384,8.50123161062255e-05
997,2.141920537441717,8.498197011162905e-05
998,2.190594093138148,8.492536688961045e-05
999,2.2589808745225852,8.483049472311123e-05
1000,2.2924973076221096,8.477198113541974e-05
1001,2.299931250394198,8.47773405119143e-05
1002,2.281925742921622,8.481845078693648e-05
1003,2.2290059365265993,8.488982761650432e-05
1004,2.1262311004474976,8.500479084965264e-05
1005,1.9829715726771713,8.515064814829171e-05
1006,1.8199058806898196,8.530750796476346e-05
1007,1.9033670018190634,8.524199540716578e-05
1008,1.9881874573595077,8.515291355106116e-05
1009,2.01615968981924,8.512108980662278e-05
1010,2.0283296428385507,8.510708236257871e-05
1011,2.021338997512555,8.511148416199596e-05
1012,1.9976213443295878,8.513588324640932e-05
1013,1.9722768109098847,8.515693422055235e-05
1014,1.9720426160026747,8.515298860413276e-05
1015,2.015278934321916,8.510958402151203e-05
1016,2.085897642557847,8.502225837546637e-05
1017,2.181401268611072,8.490340218721803e-05
1018,2.2283389356671446,8.485554535150613e-05
1019,2.2575839317983317,8.484676591338513e-05
1020,2.278021992069014,8.484102125019187e-05
1021,2.2609518636617802,8.485889232640444e-05
1022,2.139573038636749,8.498907378426435e-05
1023,2.0858812495987085,8.504539809993118e-05
1024,2.044329377859119,8.508417602639352e-05
1025,2.003656596856148,8.512475121068214e-05
1026,1.9479591977041422,8.517894355453019e-05
1027,1.8821423405238416,8.52440904295893e-05
1028,1.8245284452936064,8.529303900778703e-05
1029,1.8041047010100553,8.530841050425284e-05
1030,1.8439187456020796,8.527304301052175e-05
1031,1.924992782908909,8.519028377843717e-05
1032,2.065570919127605,8.50346303156945e-05
1033,2.156135865437525,8.49344334059069e-05
1034,2.220730991978873,8.489103588839799e-05
1035,2.2715863868746555,8.485799553059206e-05
1036,2.3240708074158074,8.4814115310927e-05
1037,2.0551861927810107,8.506849356353896e-05
1038,1.9828047544235696,8.513858691356794e-05
1039,1.8705122888179815,8.524928311367692e-05
1040,1.7623493226193825,8.53576652862326e-05
1041,1.6764679879747701,8.543221647885824e-05
1042,1.6383035875509921,8.545992472632315e-05
1043,1.675238374391486,8.54261715588734e-05
1044,1.7659928678724313,8.534736003467351e-05
1045,1.937172375943123,8.517337263166387e-05
1046,2.0824499454200196,8.502098771807815e-05
1047,2.204008808108226,8.491373734079844e-05
1048,2.2521735024797573,8.488356776187252e-05
1049,1.9445987540807663,8.519024474456227e-05
1050,1.7864600694131934,8.533769091580407e-05
1051,1.6408960353626758,8.547026253465263e-05
1052,1.5305800215713943,8.556296394388766e-05
1053,1.473750614265519,8.560463028423571e-05
1054,1.5036846554890186,8.558039233740584e-05
1055,1.60339153907944,8.549780949364079e-05
1056,1.7343581889186088,8.537835569528148e-05
1057,1.9631581525862905,8.51523711479832e-05
1058,2.144889294383946,8.496682670536031e-05
1059,1.6595376087484173,8.546121329881419e-05
1060,1.5113062505333794,8.558445106340741e-05
1061,1.3883508539899683,8.567764773566709e-05
1062,1.3134913139629472,8.572887640154297e-05
1063,1.3248628646186884,8.572031173438066e-05
1064,1.4309469613647068,8.56436442359231e-05
1065,1.5743501549599084,8.552930694300477e-05
1066,1.7882703900457877,8.532767498794425e-05
1067,1.3751709633848999,8.569008059655634e-05
1068,1.2545531428132204,8.577247847071824e-05
1069,1.1705629526151078,8.582288018021913e-05
1070,1.147465067719979,8.58360512954334e-05
1071,1.248715389156952,8.57764977379811e-05
1072,1.4077266064225586,8.566416040956776e-05
1073,1.1415933201594155,8.584131477365822e-05
1074,1.0634877450398603,8.588173716184264e-05
1075,1.025871157999219,8.589904200731162e-05
1076,1.0681311180383715,8.588566655887337e-05
1077,1.002093568656233,8.591269412707552e-05
1078,0.9880890996332591,8.591990486261412e-05
1079,0.8843184797766444,8.597727168290848e-05
1080,1.1148700698029221,8.58564206109649e-05
1081,1.3369076134682127,8.571391358392842e-05
1082,1.541433280176083,8.55604216073499e-05
1083,1.7267982861499092,8.539756748861203e-05
1084,1.8963352992923983,8.523687257459757e-05
1085,2.0556956095566616,8.507858916918611e-05
1086,2.2093610981260894,8.491428375652733e-05
1087,2.3558339180425074,8.47351252413436e-05
1088,2.481154121331793,8.455715657792865e-05
1089,2.5574879435178035,8.444105844684278e-05
1090,1.2529177487419587,8.576948552656216e-05
1091,1.446839501074764,8.563466223340149e-05
1092,1.627521352635433,8.549135707303629e-05
1093,1.7906865912650405,8.534173350142997e-05
1094,1.93524033997625,8.520401831162365e-05
1095,2.062258015085731,8.50769326819758e-05
1096,2.17377042093494,8.495774367789764e-05
1097,2.2712644116501326,8.484136325056776e-05
1098,2.3534249822464064,8.473606190889606e-05
1099,2.4140423222387177,8.46552235517464e-05
1100,2.44325324170504,8.460244291229328e-05
1101,2.4237151151023237,8.462497885549561e-05
1102,2.3647646398431013,8.470953052166331e-05
1103,2.2702366813375123,8.484250910891255e-05
1104,2.1499669482235593,8.498003507486008e-05
1105,2.0126383453230465,8.512406830953387e-05
1106,1.861322485051726,8.527031192723961e-05
1107,1.6953025797008452,8.54280274862621e-05
1108,1.513475012130213,8.5583972828637e-05
1109,1.3174337722526457,8.572707158360912e-05
1110,1.5973915186826322,8.551508729482578e-05
1111,1.7496494154705642,8.537925114470896e-05
1112,1.879199075428848,8.526012594226765e-05
1113,1.9854016808553518,8.515829042478418e-05
1114,2.0677086230696884,8.507244261795874e-05
1115,2.1274701710175004,8.500756692959596e-05
1116,2.1707462685232186,8.495335263061932e-05
1117,2.2095143165898037,8.490447236742266e-05
1118,2.253616534883981,8.485531724204424e-05
1119,2.297592064251907,8.479162715414725e-05
1120,2.325411921769123,8.474734169233638e-05
1121,2.3198952692584305,8.475167884325552e-05
1122,2.2872493691342344,8.480629978319364e-05
1123,2.2237269150783376,8.489363898480199e-05
1124,2.126369800797303,8.50064953558721e-05
1125,1.9996380236698457,8.513721057212675e-05
1126,1.851416735506367,8.527974716271396e-05
1127,1.6876702375597974,8.543515141440658e-05
1128,1.8805606380092517,8.52576879391518e-05
1129,1.967064588382789,8.517492007818386e-05
1130,2.02261497929696,8.512013010322089e-05
1131,2.0526397805366168,8.508823035334409e-05
1132,2.0599155694502054,8.507521979186215e-05
1133,2.054291412550102,8.507580449818417e-05
1134,2.056329413878086,8.507075501585329e-05
1135,2.0869707431700943,8.503890569644075e-05
1136,2.141092513160139,8.497349413645649e-05
1137,2.210328284306808,8.488140095587252e-05
1138,2.2431938055200753,8.483601449965282e-05
1139,2.25700941110166,8.483621560692382e-05
1140,2.255983253239877,8.485488475978544e-05
1141,2.2263122279739225,8.489705071526749e-05
1142,2.137246688340618,8.4995935752938e-05
1143,2.00262225843029,8.513436391575689e-05
1144,2.0315048189673215,8.510329204178044e-05
1145,2.033515359701424,8.509879483560625e-05
1146,2.012550496569108,8.512023899634002e-05
1147,1.972399306103385,8.515837321847376e-05
1148,1.9261005379184655,8.520245303637056e-05
1149,1.8988107984603484,8.52204742503842e-05
1150,1.9193315604141092,8.520349343894306e-05
1151,1.9823271797773832,8.514033468851531e-05
1152,2.0877858488449417,8.501737596339523e-05
1153,2.1587501413496537,8.493309595037144e-05
1154,2.2090925973708955,8.488988631960937e-05
1155,2.2495102068451565,8.486551516949182e-05
1156,2.290352958961152,8.483546441477432e-05
1157,2.265631692214091,8.485240220439022e-05
1158,2.0198817350648697,8.51005719936178e-05
1159,1.9566291839192158,8.516880839223886e-05
1160,1.8727473542049522,8.52505615291252e-05
1161,1.7916614280238738,8.532865811730251e-05
1162,1.7400172835118195,8.536784353385966e-05
1163,1.7516252970327095,8.535761647481704e-05
1164,1.8228544742923083,8.52933622994887e-05
1165,1.918445309296601,8.51959166874451e-05
1166,2.0709608731627505,8.503040934523004e-05
1167,2.16854067385706,8.494144800997116e-05
1168,2.2383389033472647,8.488865924955133e-05
1169,2.28372615456746,8.485288982799882e-05
1170,1.8903181379082197,8.523365591219412e-05
1171,1.7661398538285742,8.535263549356803e-05
1172,1.6549671339659553,8.545753064860593e-05
1173,1.5815896769183047,8.551596721957792e-05
1174,1.581565657254293,8.551268540808207e-05
1175,1.6591327806436194,8.544906775192374e-05
1176,1.772023827990176,8.53446087727825e-05
1177,1.960186538812833,8.515223639710171e-05
1178,2.1197898372949124,8.499519650725399e-05
1179,2.24637691393121,8.488961852010064e-05
1180,1.6467192155191153,8.546677111554487e-05
1181,1.5173006228395667,8.557686873652976e-05
1182,1.425938723590143,8.56464574068489e-05
1183,1.4071769536857446,8.565761395595907e-05
1184,1.4857637972785604,8.560022634461594e-05
1185,1.6131890553057493,8.54963347164076e-05
1186,1.8057587107983908,8.53140947917665e-05
1187,1.9849166354761365,8.513457054173369e-05
1188,1.3805892298111822,8.568440049348128e-05
1189,1.2796660636146648,8.57534345803416e-05
1190,1.235090978159208,8.578214459267259e-05
1191,1.3009644486626257,8.573991996012342e-05
1192,1.441397202570385,8.56391369960864e-05
1193,1.6013314422707068,8.550841149933125e-05
1194,1.1547016870105231,8.58325976211341e-05
1195,1.0936036758534526,8.58654623657593e-05
1196,1.1130455827888432,8.586000553722452e-05
1197,1.2656747186674535,8.57662329710074e-05
1198,1.0130242063252386,8.59063848940207e-05
1199,1.0049907302247767,8.590844077860527e-05
1200,1.6203327503912197,8.54967910190125e-05
1201,1.7794706877774458,8.535190573685419e-05
1202,1.919069454504529,8.522010000374556e-05
1203,2.036881965804197,8.510381531148045e-05
1204,2.1323735040394944,8.500335068856815e-05
1205,2.2067248285923746,8.491392680719195e-05
1206,2.262994795609901,8.483801366928183e-05
1207,2.303918543267985,8.478281662830327e-05
1208,2.3283230455233594,8.475697392080244e-05
1209,1.880611456182581,8.525869702421243e-05
1210,1.985004484230075,8.515923467898115e-05
1211,2.0588504313597604,8.508301136365458e-05
1212,2.1032497792002944,8.50347037234895e-05
1213,2.1261961468388955,8.500118103859027e-05
1214,2.142707843522655,8.497781686825556e-05
1215,2.1677292780839363,8.494622378209174e-05
1216,2.2001954302069535,8.491307595927733e-05
1217,2.230710150150183,8.487340632693034e-05
1218,2.237255476762309,8.485780357727699e-05
1219,2.2291543485110323,8.486560420628675e-05
1220,2.21204422287505,8.48979665883329e-05
1221,2.1824039192877605,8.494504413968744e-05
1222,2.127250037449512,8.50104484663865e-05
1223,2.0379535639937814,8.510445134450808e-05
1224,1.9190121571334666,8.521849618085536e-05
1225,2.0303959466900645,8.510710985227704e-05
1226,2.057933827803055,8.507910113491632e-05
1227,2.0526540408195175,8.508366360475995e-05
1228,2.02861918706032,8.510502858929511e-05
1229,2.0091494541112986,8.511774012345519e-05
1230,2.0206926119928794,8.5102219210958e-05
1231,2.063427068621619,8.505984727021246e-05
1232,2.111658711519962,8.500490459768222e-05
1233,2.1637552857887434,8.493918917523289e-05
1234,2.1861732940303673,8.49130170062746e-05
1235,2.201772155946473,8.490516447867034e-05
1236,2.2158474466909532,8.490346657681135e-05
1237,2.207538043506498,8.49200279074337e-05
1238,2.141097760498613,8.499437806841171e-05
1239,2.023211800784258,8.510616653611912e-05
1240,1.9782658718973114,8.515299114368207e-05
1241,1.9157521068566437,8.52115670119872e-05
1242,1.8658993753699442,8.525334298033145e-05
1243,1.8650253059717798,8.525303097260955e-05
1244,1.9178053950169114,8.520716509732713e-05
1245,1.9888217136809705,8.51338025076025e-05
1246,2.0825531112456814,8.502964505784166e-05
1247,2.143342394280762,8.496193015439848e-05
1248,2.193066294615677,8.492269688194214e-05
1249,2.244009950476701,8.487754655106212e-05
1250,2.276849064701811,8.483280472665466e-05
1251,1.881115746577515,8.524488056963981e-05
1252,1.7897156171966762,8.533257534302367e-05
1253,1.7156067524672007,8.539428478438899e-05
1254,1.7011934962010646,8.54052144503276e-05
1255,1.761088266385541,8.535762185525067e-05
1256,1.8537556017472223,8.527166087596377e-05
1257,1.9837818161685075,8.513406205201433e-05
1258,2.094306619440898,8.50207427857239e-05
1259,2.1928268507784434,8.492821661488549e-05
1260,2.268980036878693,8.48676942162876e-05
1261,1.654484862657398,8.54597947220745e-05
1262,1.562317322836748,8.553659056270922e-05
1263,1.5306974776010862,8.556096817171976e-05
1264,1.5910465132354037,8.551292426921504e-05
1265,1.7017155053158128,8.541904610985037e-05
1266,1.827772487766253,8.529669555706819e-05
1267,2.0052451080192033,8.51180023180161e-05
1268,2.143954811360934,8.498019060074314e-05
1269,1.4135520309820055,8.565788423114064e-05
1270,1.360624975397634,8.569588054184107e-05
1271,1.4088072425438969,8.56619141366934e-05
1272,1.5313704638004857,8.556909669524255e-05
1273,1.677953022960025,8.544317635712964e-05
1274,1.8582813333005328,8.526851930722668e-05
1275,1.2079234922973876,8.580030356316576e-05
1276,1.2240013860823389,8.579239675443902e-05
1277,1.3498457227273983,8.570921456013804e-05
1278,1.5121886731787317,8.558762921458008e-05
1279,1.0640753595728554,8.58853038855932e-05
1280,1.175589756450403,8.582478064324598e-05
1281,2.06628951642806,8.507372215607028e-05
1282,2.1130712211891987,8.502502441989653e-05
1283,2.1238168456931987,8.500862398944237e-05
1284,2.118587547432258,8.50011414304606e-05
1285,2.1214014004599253,8.499451054242253e-05
1286,2.1372822133154656,8.497539826125238e-05
1287,2.151052230555151,8.496243147138388e-05
1288,2.064462616625044,8.507081449956615e-05
1289,2.0390154680557826,8.509507650979513e-05
1290,2.0040825527796415,8.512142101318601e-05
1291,1.9951165224549225,8.51271689698271e-05
1292,2.022068181799825,8.510283587425681e-05
1293,2.0597344940968014,8.506081958638375e-05
1294,2.094632309341793,8.502419229031678e-05
1295,2.111846293127439,8.50043542060996e-05
1296,2.117869677469893,8.500059792405112e-05
1297,2.1277682379864724,8.499479200595258e-05
1298,2.145653037575559,8.498174408291351e-05
1299,2.145847318014591,8.49874411431115e-05
1300,1.9233902836179053,8.520339171107484e-05
1301,1.8661481043065575,8.525266174059597e-05
1302,1.847629745494659,8.526619266678371e-05
1303,1.8862918918621108,8.52392923550741e-05
1304,1.9495922404202743,8.517840546238538e-05
1305,2.008770937501693,8.511482135084603e-05
1306,2.077828991464257,8.50405455338713e-05
1307,2.1215629188539222,8.500014515829818e-05
1308,2.1569675280011023,8.497037273949954e-05
1309,2.169892717380318,8.49518299576661e-05
1310,1.713605197621185,8.539727718843821e-05
1311,1.6833092074993454,8.542636140582578e-05
1312,1.7284898310400232,8.538761566929463e-05
1313,1.8153721659245639,8.53121949080714e-05
1314,1.9087413586697861,8.521530259444842e-05
1315,2.019546530881477,8.510486345021794e-05
1316,2.108901675215429,8.502108797070948e-05
1317,2.167833515022365,8.495975485531326e-05
1318,1.51521723911618,8.55747809403701e-05
1319,1.554868405176064,8.554667114953926e-05
1320,1.6569774487000388,8.546382006530049e-05
1321,1.7793351195969203,8.535002592186451e-05
1322,1.917364381444252,8.521083242409984e-05
1323,2.038816890433287,8.50940572414426e-05
1324,1.37951814075826,8.568456496033554e-05
1325,1.4831874965316283,8.561114950271697e-05
1326,1.6236559262931212,8.549758257047562e-05
1327,1.7713596775957525,8.535884944534241e-05
1328,1.3128610519530917,8.573542800067648e-05
1329,1.4593301782015904,8.563176028744257e-05
1330,2.019286462155168,8.5110754948104e-05
1331,2.009212525623697,8.511686829370208e-05
1332,2.020942254478866,8.510790726845734e-05
1333,2.041321939899521,8.508442060424258e-05
1334,2.0527644434204415,8.50688070169266e-05
1335,1.8503637664028711,8.526694527565119e-05
1336,1.883227490756831,8.524224053610942e-05
1337,1.9379040414559556,8.519121682324366e-05
1338,1.9867524718292073,8.514412130901433e-05
1339,2.0267135899125934,8.509447691701361e-05
1340,2.0538159753548015,8.507265907436545e-05
1341,2.0595010217530323,8.507405465606824e-05
1342,2.039337440097207,8.509290776951523e-05
1343,1.7199339398205533,8.539886721357502e-05
1344,1.799564351075222,8.533036757625373e-05
1345,1.8871060028185638,8.524570328758473e-05
1346,1.9646813306452064,8.516419076542706e-05
1347,2.0379594622759725,8.509359505167875e-05
1348,2.0726846198725,8.506166118553935e-05
1349,1.640949645113707,8.547862535716081e-05
1350,1.754091928087231,8.537745417371917e-05
1351,1.8698671638054551,8.526416774055467e-05
1352,1.9738655990025413,8.515957812750164e-05
1353,1.6032004942604006,8.551591266399826e-05
1354,1.740617339027561,8.539120719693348e-05
1355,1.9418831505825689,8.518792404472601e-05
1356,1.9892804953114767,8.514309439022484e-05
1357,2.010464764673691,8.512116543666262e-05
1358,1.8828947693905502,8.524763487855381e-05
1359,1.956004257260517,8.517520591061646e-05
1360,2.0036651100540537,8.513092859053231e-05
1361,2.01656890264272,8.511676954370292e-05
1362,1.8602723855118541,8.52738488799058e-05
1363,1.9514017302640656,8.518491204383354e-05
1364,2.001055074029609,8.513559588167503e-05
1365,1.4293794828456907,8.205244739444986e-05
1366,1.5022511684025073,8.346580547041612e-05
1367,1.6965675957096706,8.494197755846324e-05
1368,1.956144144906198,8.50744960455956e-05
1369,2.2257673976318846,8.483763282486678e-05
1370,2.467855380977196,8.457687845828852e-05
1371,2.661737063665754,8.433571794585776e-05
1372,2.799272322893674,8.415518508946571e-05
1373,2.8816216846749922,8.403620103397617e-05
1374,2.917090842292443,8.398846106855417e-05
1375,2.919398617615165,8.3986251003211e-05
1376,2.905685778380335,8.40011776657275e-05
1377,2.8931187560597014,8.40194805073527e-05
1378,1.5128191360421257,8.349187029742477e-05
1379,1.6489306607209817,8.480148283901414e-05
1380,1.8678048101796287,8.513117928130403e-05
1381,2.116709367906578,8.496669495048468e-05
1382,2.354143394927128,8.472617329511117e-05
1383,2.5547756313438295,8.449199644663148e-05
1384,2.706656517127917,8.428521792753418e-05
1385,2.8078209279998485,8.415939198627141e-05
1386,2.8637175748166603,8.406349171991093e-05
1387,2.885190215428714,8.40404109799986e-05
1388,2.8865849172513682,8.403451928913887e-05
1389,2.883320299227679,8.403003368104051e-05
1390,2.887862716585223,8.402467481344988e-05
1391,2.904297445938503,8.400077752936818e-05
1392,2.891776226818942,8.403142410739353e-05
1393,2.879475483450497,8.404894576305478e-05
1394,2.8460215202576853,8.409134839519871e-05
1395,2.7754051372754738,8.419695872380329e-05
1396,2.6573033109371553,8.435361483181552e-05
1397,2.488103824048679,8.456829236020863e-05
1398,2.272764773256407,8.482204240892717e-05
1399,2.0275866741416597,8.506409136151876e-05
1400,1.7840837365071847,8.513840435944055e-05
1401,1.591469805064305,8.440918928371638e-05
1402,1.7081989747677566,8.500680292011849e-05
1403,1.8531392885540439,8.515850339960245e-05
1404,2.0456688895221573,8.505462565801738e-05
1405,2.2482958816857055,8.484981477333903e-05
1406,2.4336946982173324,8.464850940547743e-05
1407,2.586156735093021,8.445760891954713e-05
1408,2.6996939642409266,8.429428146140558e-05
1409,2.775629158998722,8.420288476060315e-05
1410,2.820414814083326,8.41350672779977e-05
1411,2.8437246884288507,8.410107169462182e-05
1412,2.8566260618623813,8.406996128093327e-05
1413,2.8692834921484383,8.405144609064339e-05
1414,2.887587157308303,8.402166465307527e-05
1415,2.8807600420947854,8.406233937993307e-05
1416,2.8311712786305,8.412414343091962e-05
1417,2.7827327136159954,8.41890638883133e-05
1418,2.716776756606982,8.428466728727198e-05
1419,2.620012384672054,8.442594552697306e-05
1420,2.486267663019524,8.459943930255394e-05
1421,2.3176006465002055,8.480398065568271e-05
1422,2.12617107675226,8.500477307454165e-05
1423,1.9364467376279852,8.514856674426246e-05
1424,1.9105189299897403,8.515579333793161e-05
1425,2.0223024085380237,8.509079092961397e-05
1426,2.163681367866974,8.495759009945813e-05
1427,2.311402981128868,8.479112763956256e-05
1428,2.4484853474591763,8.463141213059478e-05
1429,2.5651473244921337,8.448417817981194e-05
1430,2.657741941960316,8.436202741613134e-05
1431,2.7270695439176005,8.426742652245558e-05
1432,2.776758547939693,8.419067335816589e-05
1433,2.8119742863243564,8.413802153045023e-05
1434,2.8383615711002093,8.409137642279706e-05
1435,2.860739516859557,8.40588440607039e-05
1436,2.881108128279272,8.403128421254187e-05
1437,2.8014922653779517,8.417354083543398e-05
1438,2.7143398031746995,8.429541911808352e-05
1439,2.636857195834803,8.441177614221937e-05
1440,2.5581318541781144,8.452013048577596e-05
1441,2.467468040817545,8.464031183928123e-05
1442,2.36096485059087,8.476868913081272e-05
1443,2.243014125955522,8.490112825749564e-05
1444,2.046886195653692,8.507910126752003e-05
1445,2.1113621358328065,8.501821403189329e-05
1446,2.2030659901408445,8.492135030524733e-05
1447,2.3087189141826445,8.479714760860635e-05
1448,2.4170523703393827,8.467047434971854e-05
1449,2.5197613162720436,8.453825130105692e-05
1450,2.6113341892450155,8.441463068036988e-05
1451,2.688492427670045,8.431153358681345e-05
1452,2.749756490590511,8.422255730709536e-05
1453,2.7953120402052787,8.415478285623517e-05
1454,2.826979320457644,8.410904847844872e-05
1455,2.8477522920666236,8.406897639744565e-05
1456,2.783622453409856,8.418366960282552e-05
1457,2.6670718721046676,8.435082226636576e-05
1458,2.5569976921804005,8.451979682344374e-05
1459,2.4822430833256695,8.462690333801184e-05
1460,2.4369950847229327,8.468765127340081e-05
1461,2.400235745517055,8.472925458703336e-05
1462,2.0978063984423025,8.503521722919569e-05
1463,2.12382903537029,8.50061625268469e-05
1464,2.184896538752939,8.493377792138728e-05
1465,2.2724271005798466,8.483454612757915e-05
1466,2.3755870406916486,8.470989741294167e-05
1467,2.4830907330032805,8.457933549331712e-05
1468,2.584664807107181,8.444539636345647e-05
1469,2.6721143113215717,8.432883076424614e-05
1470,2.740106719489423,8.423094647406855e-05
1471,2.7867533144362726,8.416430956834199e-05
1472,2.7528398040776785,8.426080619435957e-05
1473,2.7038852762447134,8.430237452981877e-05
1474,2.6212970197107146,8.439418357810882e-05
1475,2.504389207178009,8.456413185573892e-05
1476,2.405212175221312,8.471721916329954e-05
1477,2.4047004618398327,8.472648074038442e-05
1478,2.0858812495987085,8.504446151272752e-05
1479,2.095443635086742,8.502837461110127e-05
1480,2.1507572384596796,8.496181827365785e-05
1481,2.242259491201303,8.485826872717026e-05
1482,2.3552175889338347,8.472784048807428e-05
1483,2.473530905135182,8.458900380450311e-05
1484,2.5829727370057545,8.444928781502129e-05
1485,2.673156268494555,8.432422504925099e-05
1486,2.7051025346297655,8.434278137936467e-05
1487,2.6034563840267864,8.447080460794163e-05
1488,2.5503129904015096,8.452511535960808e-05
1489,2.514827113557288,8.454221164462796e-05
1490,2.4695723699680627,8.457768821901951e-05
1491,2.3902993093071183,8.468406707517474e-05
1492,2.0551861927810107,8.506798887728521e-05
1493,2.0707890765425288,8.504906691485398e-05
1494,2.137913904059246,8.497263143377435e-05
1495,2.2424300766524077,8.48576753647821e-05
1496,2.365294399803578,8.472148774251046e-05
1497,2.4879637326846704,8.457200000013032e-05
1498,2.5959018638782623,8.44356091237973e-05
1499,2.587805099655525,8.449557607086259e-05
1500,2.4692278393050042,8.46407671848108e-05
1501,2.3896378613636284,8.472819528012275e-05
1502,2.353250268316078,8.474982651274687e-05
1503,2.4041631054139216,8.465727141557277e-05
1504,2.045691454509989,8.507289903679138e-05
1505,2.078236713005921,8.503836091599937e-05
1506,2.159270229464239,8.495310014736135e-05
1507,2.2712256574214895,8.482959234559796e-05
1508,2.3942701678414817,8.469360416666399e-05
1509,2.511276707368486,8.455035460329944e-05
1510,2.485488843080152,8.462355660697392e-05
1511,2.4215998249508757,8.46977208819797e-05
1512,2.2995341126562505,8.483138382664237e-05
1513,2.248600254373523,8.488594691185165e-05
1514,2.071877750465958,8.504913004421485e-05
1515,2.1170734905431305,8.500311143375038e-05
1516,2.2022077837158585,8.491426707533778e-05
1517,2.3102533890594215,8.479738605552257e-05
1518,2.424029941086803,8.466652875905717e-05
1519,2.4117712703275647,8.470985032638785e-05
1520,2.3664259325616324,8.475944074383319e-05
1521,2.2997168145731726,8.483280631072903e-05
1522,2.1206690871864744,8.500677201341941e-05
1523,2.1666490330062933,8.496176207332929e-05
1524,2.2446293958391594,8.487625620393051e-05
1525,2.340796742568463,8.476323530102748e-05
1526,2.372437127226995,8.475426025872974e-05
1527,2.353310078743692,8.477485571918201e-05
1528,2.1682952203291754,8.49669375637521e-05
1529,2.2050553441689225,8.492746497558028e-05
1530,2.269686914009139,8.485272701138745e-05
1531,2.3520345903396107,8.475096198688128e-05
1532,2.19636555430428,8.493971451103795e-05
1533,2.2191795846077005,8.491236177073879e-05
1534,1.7761086828440784,8.511818646746806e-05
1535,1.9685478201425384,8.512964726053883e-05
1536,2.1838942827805097,8.492755480890105e-05
1537,2.386842764746005,8.470861248108515e-05
1538,2.5567836033171503,8.449853250749891e-05
1539,2.6850078925290894,8.433127471904305e-05
1540,2.771822166393766,8.420120984131701e-05
1541,2.8243622545593627,8.412962048657577e-05
1542,2.854608176127655,8.408412293601893e-05
1543,2.8728984483990594,8.404898573826848e-05
1544,2.876010053268911,8.40434053522805e-05
1545,1.9676630969124838,8.513369920277685e-05
1546,2.120734253177923,8.501096969370238e-05
1547,2.284587079358874,8.483378397154959e-05
1548,2.4362836732681576,8.465640061548542e-05
1549,2.563430096768853,8.44918302970672e-05
1550,2.662084608723434,8.435949672980067e-05
1551,2.734418454978243,8.426432086008071e-05
1552,2.786145223187454,8.418543690640203e-05
1553,2.8223754597427693,8.413160594715977e-05
1554,2.8442062912866466,8.4096315516477e-05
1555,2.856263745634433,8.407444378341902e-05
1556,2.8598901912803956,8.406731858535618e-05
1557,2.827474984654662,8.412517475547634e-05
1558,2.768080245878843,8.420850055089674e-05
1559,2.703100254037209,8.431070942232375e-05
1560,2.6250726603834305,8.441560974040694e-05
1561,2.52507835824466,8.455551360864687e-05
1562,2.399967757240778,8.471591852521415e-05
1563,2.2545542360199424,8.488355981923492e-05
1564,2.1030602495363135,8.503173692288902e-05
1565,2.0959208007047248,8.50393122552097e-05
1566,2.197969823398251,8.493824716816895e-05
1567,2.312836847799919,8.480760208579728e-05
1568,2.4259446594043186,8.466679661444721e-05
1569,2.528978365773007,8.453680078538413e-05
1570,2.6182092276034483,8.441492388999616e-05
1571,2.692627403598625,8.430668010356408e-05
1572,2.752107606987336,8.422105913922143e-05
1573,2.7958798381971546,8.415593484939196e-05
1574,2.823067121660656,8.411247952424412e-05
1575,2.8317850103305013,8.410440840758158e-05
1576,2.8045305443824216,8.41539484686268e-05
1577,2.722288685398964,8.42776545962153e-05
1578,2.6286517558422746,8.44130610974921e-05
1579,2.546801656751237,8.453402598092699e-05
1580,2.4751987677697644,8.463234977741196e-05
1581,2.4047598982533303,8.471985845606009e-05
1582,2.330508421145548,8.480542808001681e-05
1583,2.1415195147316086,8.49996590638182e-05
1584,2.203362618349131,8.493081060513087e-05
1585,2.2889329960659297,8.482796480066803e-05
1586,2.3863294677728417,8.47071249933739e-05
1587,2.486197018914934,8.457866327649857e-05
1588,2.581110854946247,8.445543758852438e-05
1589,2.665042420580227,8.434496995826825e-05
1590,2.7328579662260175,8.424155659738252e-05
1591,2.778858490779978,8.418190533670925e-05
1592,2.7869245842536325,8.4179398540638e-05
1593,2.753150870822402,8.422586251556e-05
1594,2.6763632008091216,8.433524423909589e-05
1595,2.5683002443936624,8.449051801117234e-05
1596,2.467176228637837,8.463783841713708e-05
1597,2.4168217102634584,8.470849783269792e-05
1598,2.4061623222738233,8.472452440985263e-05
1599,2.1263203465818363,8.501023660120647e-05
1600,2.171053830676095,8.49599067094199e-05
1601,2.2510552846242424,8.486324019290292e-05
1602,2.3522350253002924,8.47435678667392e-05
1603,2.4614815135768127,8.460462695811436e-05
1604,2.5666187628705996,8.447620590228552e-05
1605,2.6574895731501544,8.435176381833038e-05
1606,2.7243833713514793,8.426044741660666e-05
1607,2.6972811116416757,8.433871252979214e-05
1608,2.6423028079450974,8.439726322102852e-05
1609,2.5842835450748067,8.446076717996956e-05
1610,2.5087091768546927,8.455682018501997e-05
1611,2.409228986562394,8.46893288169811e-05
1612,2.363316234367999,8.477078264915976e-05
1613,2.0933893171939926,8.503728412494984e-05
1614,2.1425913739353,8.498193507612248e-05
1615,2.232815787554333,8.488008263475277e-05
1616,2.3458215410514747,8.474762072481429e-05
1617,2.4641931509338284,8.460504352167927e-05
1618,2.573182121737778,8.447016891394023e-05
1619,2.659168533658918,8.435982461026723e-05
1620,2.612409027829242,8.446283102379534e-05
1621,2.4954488803765997,8.460244257503798e-05
1622,2.4387989786789244,8.465970321109423e-05
1623,2.4125998405105973,8.466942771468429e-05
1624,2.4020368415291475,8.467117498557244e-05
1625,2.0817541231919208,8.504465839188971e-05
1626,2.145350616127344,8.49798957647679e-05
1627,2.247378004889456,8.48655180665115e-05
1628,2.3665553525867065,8.473132215700471e-05
1629,2.484616729696239,8.458759500634718e-05
1630,2.5667703818271366,8.452003203384798e-05
1631,2.4989503225471594,8.460639437844228e-05
1632,2.375855788137004,8.47478561536426e-05
1633,2.3004811402718772,8.482872261561507e-05
1634,2.2820499697209033,8.481872190663839e-05
1635,2.1054793235022893,8.502125039985741e-05
1636,2.1790885674428613,8.494963263325522e-05
1637,2.283305046503533,8.483402098328121e-05
1638,2.3978170089595583,8.470216534180629e-05
1639,2.4742709676628123,8.463542042554971e-05
1640,2.413295221879504,8.47077170487003e-05
1641,2.3233956339500255,8.480743544984752e-05
1642,2.274016324757047,8.485949151541039e-05
1643,2.151750421008803,8.498094222230875e-05
1644,2.224020820145548,8.4906312687603e-05
1645,2.319987065054957,8.479623912340084e-05
1646,2.408874379799889,8.471172268796879e-05
1647,2.3661382058893135,8.476139373931666e-05
1648,2.3467947401059437,8.478315019508681e-05
1649,2.197338067400944,8.493792536483489e-05
1650,2.2592239088953345,8.487117372730535e-05
1651,2.3418773346038817,8.47760791402518e-05
1652,2.3560427134123496,8.47748229031803e-05
1653,2.2242820268297,8.491306581221126e-05
1654,2.2722243515062925,8.485839799457448e-05
1655,2.2120120926751388,8.492784037824476e-05
1656,2.31457837848301,8.481936728415062e-05
1657,2.4163243574324937,8.469796358760846e-05
1658,2.5105175828533217,8.457734797054853e-05
1659,2.5959466532623474,8.445350672429176e-05
1660,2.67417274496115,8.434020794580437e-05
1661,2.7443314810876,8.423442604353004e-05
1662,2.796657607713902,8.415706515907593e-05
1663,2.820503611400725,8.412182042989144e-05
1664,2.2446843536325587,8.48967073685217e-05
1665,2.309163215896428,8.482584242496929e-05
1666,2.386851943211573,8.472987893472128e-05
1667,2.472150498609516,8.461623156849187e-05
1668,2.559240376314497,8.449598668603038e-05
1669,2.642437039224101,8.437762751809187e-05
1670,2.7146042916337776,8.42743380555973e-05
1671,2.76502742966187,8.42025271204495e-05
1672,2.781004257511479,8.417825754612294e-05
1673,2.756950941778883,8.421647880624661e-05
1674,2.696058147551914,8.431129358713784e-05
1675,2.6103453516258384,8.443625694841392e-05
1676,2.5207586877792694,8.455678589052508e-05
1677,2.444930082269962,8.466373206241308e-05
1678,2.3895216336917873,8.473783913273922e-05
1679,2.3484961430532327,8.478894674628634e-05
1680,2.221478915169142,8.492113194941122e-05
1681,2.2705857335925033,8.486308200261701e-05
1682,2.346005643531896,8.476914543965979e-05
1683,2.4363445054705064,8.465591339347234e-05
1684,2.5314481767432913,8.453001250205174e-05
1685,2.6217783535966563,8.44095407540464e-05
1686,2.6958242327574036,8.430189300241484e-05
1687,2.7319848119687764,8.424847441184463e-05
1688,2.692900219044326,8.43222872732224e-05
1689,2.6250816430884187,8.441563653458409e-05
1690,2.5378396164409414,8.453984484323748e-05
1691,2.4448361108253622,8.46567946077739e-05
1692,2.376549054336717,8.475232741279348e-05
1693,2.367280502296169,8.476654203071917e-05
1694,2.183172548536126,8.49562231920287e-05
1695,2.236952238849236,8.489507546497957e-05
1696,2.3219889318446616,8.479406672444803e-05
1697,2.422947052445555,8.467107684510575e-05
1698,2.5259885940120923,8.453882206242156e-05
1699,2.618266160509691,8.441673124901592e-05
1700,2.6693756462721203,8.435678499798234e-05
1701,2.5928913367212187,8.447228304407498e-05
1702,2.5183701429144776,8.456180265047228e-05
1703,2.4432770592422735,8.465696490544032e-05
1704,2.3671783120903087,8.47448693744921e-05
1705,2.3173366482383515,8.482135024746186e-05
1706,2.1665305389680625,8.496857951593467e-05
1707,2.233598615015172,8.489727910725346e-05
1708,2.329079873432695,8.478951758297015e-05
1709,2.4353364403426543,8.46619018915278e-05
1710,2.53753561935879,8.452802632675907e-05
1711,2.582552969026449,8.449726506748344e-05
1712,2.4768314030492427,8.462829262005674e-05
1713,2.3945107178055696,8.472268507290005e-05
1714,2.3287109538661577,8.479361683481184e-05
1715,2.2938700794851554,8.481315792829023e-05
1716,2.1845178757207853,8.495194170578579e-05
1717,2.2605606226144737,8.486939542661496e-05
1718,2.357526591341168,8.475991213169084e-05
1719,2.4589832998153844,8.463521959884615e-05
1720,2.4814447875959114,8.462702528158982e-05
1721,2.4194851364051124,8.469904624713852e-05
1722,2.3124826230092768,8.481851491319794e-05
1723,2.2676019778884373,8.486764437015448e-05
1724,2.224830232848081,8.491203029969223e-05
1725,2.2991724234987774,8.48301064176984e-05
1726,2.3880625202721144,8.47282012493096e-05
1727,2.4044746655389693,8.471654086940813e-05
1728,2.3600053993403853,8.476861055789982e-05
1729,2.3065262986020953,8.482685854314725e-05
1730,2.2655150746126393,8.48696382560603e-05
1731,2.329896577023171,8.479908931966252e-05
1732,2.3631760936659583,8.476470956253346e-05
1733,2.3441926077159727,8.478608970799091e-05
1734,2.289715613442244,8.48441433591012e-05
1735,2.34130583307648,8.478794830194633e-05
1736,2.316309503615922,8.482385877304023e-05
1737,2.34635379337836,8.478385147765514e-05
1738,2.406278868255551,8.470430883039155e-05
1739,2.4877088890151433,8.460043351483634e-05
1740,2.577331794033804,8.448145072601735e-05
1741,2.659927796638883,8.436361918139534e-05
1742,2.7156677442733748,8.4275024905691e-05
1743,2.272383360026837,8.486662468960206e-05
1744,2.3091194578363745,8.482336126851534e-05
1745,2.3778122591622903,8.473873293347976e-05
1746,2.4658968791348364,8.463058003637022e-05
1747,2.5590220443804643,8.450844970340173e-05
1748,2.637693403863555,8.440013031759175e-05
1749,2.650154080442764,8.438408429194405e-05
1750,2.5842662560733385,8.448041806988652e-05
1751,2.4959127995286687,8.459779661113126e-05
1752,2.4065849232111165,8.471073567942464e-05
1753,2.3391308900608117,8.479153341933303e-05
1754,2.320221401610067,8.48165977469864e-05
1755,2.25086645683356,8.488675559832313e-05
1756,2.3008441233590373,8.483047414689284e-05
1757,2.378140049908434,8.47403527313993e-05
1758,2.4690951406881028,8.462767391624827e-05
1759,2.557713370579199,8.451441947797465e-05
1760,2.585776846567806,8.44808438566849e-05
1761,2.4892041544801398,8.460880125857758e-05
1762,2.403491633892116,8.47137448792896e-05
1763,2.326834486847665,8.480394420627554e-05
1764,2.2960349479929265,8.484109546434298e-05
1765,2.263182740090649,8.48711140261037e-05
1766,2.322127087884562,8.48085356617435e-05
1767,2.4001196801832556,8.471726985541832e-05
1768,2.4848829656765923,8.461181866096338e-05
1769,2.494405914161277,8.460804644114563e-05
1770,2.394578969811365,8.472535288833518e-05
1771,2.322426303952223,8.480847096394588e-05
1772,2.284214581989216,8.485011028317452e-05
1773,2.297291296423551,8.483641484994045e-05
1774,2.3551130320939704,8.477413409088785e-05
1775,2.4253481594100057,8.468998613694902e-05
1776,2.406141640088969,8.471585006392289e-05
1777,2.337351751064668,8.47931761642243e-05
1778,2.3002285725180367,8.483394732217026e-05
1779,2.3326190130430757,8.479939063802538e-05
1780,2.381590425623953,8.474436581105479e-05
1781,2.3528511300004955,8.477624410930424e-05
1782,2.337070713674607,8.479353878373529e-05
1783,2.353724776046511,8.477761447214263e-05
1784,2.3403299984161534,8.479009782719393e-05
1785,2.296648698791521,8.48411761365082e-05
1786,2.3265202067646404,8.48044073129397e-05
1787,2.3948804984003496,8.472450201076309e-05
1788,2.4825950767640093,8.461857856791078e-05
1789,2.564202757411927,8.451333946544474e-05
1790,2.306085418719588,8.482760897796267e-05
1791,2.344001699770185,8.478684438906786e-05
1792,2.409151638851601,8.471070917006105e-05
1793,2.486046603169767,8.461575797672114e-05
1794,2.4833207835157722,8.461864822432756e-05
1795,2.404404806068248,8.471428500916083e-05
1796,2.3363108236241663,8.479536193064838e-05
1797,2.3066047906369294,8.482827171397468e-05
1798,2.336198366332927,8.479542082279065e-05
1799,2.3731197093553775,8.475519413893775e-05
1800,2.428511648791305,8.468922073531427e-05
1801,2.418652276996363,8.470045687752679e-05
1802,2.3446138033151183,8.478489938132802e-05
1803,2.3149483484721722,8.481906096898438e-05
1804,2.367522174302606,8.47626933335442e-05
1805,2.3958580901312474,8.472902685077369e-05
1806,2.3541605757032347,8.4775679732381e-05
1807,2.327833316214169,8.480431713847936e-05
1808,2.3493915821856057,8.477980853577929e-05
1809,2.3317088552615655,8.479987917463323e-05
1810,2.3358239893433907,8.479668066567137e-05
1811,2.361927219151461,8.476750977738538e-05
1812,2.416605347076072,8.470418158163087e-05
1813,2.365071500122679,8.47652238210964e-05
1814,2.382352504054861,8.474495290895013e-05
1815,2.3632189143033973,8.47656892287361e-05
1816,2.343440719976071,8.47889492045088e-05
1817,2.3503226529266383,8.477869881114812e-05
1818,2.3393181581330516,8.479266540950172e-05
1819,2.359311197309607,8.477134839310657e-05
1820,1.4293794828456907,8.217959726222183e-05
1821,1.5022511684025073,8.348281602852863e-05
1822,1.6965675957096706,8.492605973655e-05
1823,1.956144144906198,8.507338811386032e-05
1824,2.2257673976318846,8.483845609333898e-05
1825,2.467855380977196,8.458025209677892e-05
1826,2.661737063665754,8.434031058385256e-05
1827,2.799272322893674,8.41616010892801e-05
1828,2.8816216846749922,8.403901504692786e-05
1829,2.917090842292443,8.398944898075306e-05
1830,2.919398617615165,8.398468234642172e-05
1831,2.905685778380335,8.40014859394813e-05
1832,2.8931187560597014,8.401793080785171e-05
1833,1.5128191360421257,8.333225282295781e-05
1834,1.6614338873742258,8.481162285398682e-05
1835,1.9006868437182418,8.510857895051375e-05
1836,2.1673306808951605,8.489935803393727e-05
1837,2.417910178877011,8.463103990976192e-05
1838,2.626646578629754,8.43834138843279e-05
1839,2.7810750130245294,8.417813336838027e-05
1840,2.8788650001028846,8.403330339283025e-05
1841,2.9260001625278393,8.396935578561157e-05
1842,2.935597979089304,8.396677758499844e-05
1843,2.927229546928005,8.39812460816047e-05
1844,2.925406242435154,8.397970788464302e-05
1845,2.9274352069454688,8.396548075679275e-05
1846,2.904441126246478,8.401132798177906e-05
1847,2.9254417069311227,8.396636794232861e-05
1848,2.9359928822918504,8.396006186521144e-05
1849,2.9185950395328457,8.398444626159959e-05
1850,2.8583735783628823,8.406419104439408e-05
1851,2.7454238585465545,8.421478587614657e-05
1852,2.5764697774394802,8.443585960804028e-05
1853,2.3565989360652146,8.468311980035215e-05
1854,2.1016882702648845,8.494093867890915e-05
1855,1.8418591342159227,8.507972027845181e-05
1856,1.623805172249456,8.467897971427775e-05
1857,1.7081989747677566,8.500034890717372e-05
1858,1.8691916656635892,8.51467557482979e-05
1859,2.095856285656993,8.500516361377092e-05
1860,2.3338319424136755,8.475120981287983e-05
1861,2.54788358091353,8.448707818400004e-05
1862,2.7181788034302605,8.426061215498566e-05
1863,2.8361238748820288,8.409402871692082e-05
1864,2.903185323717308,8.400615103900533e-05
1865,2.930766931059363,8.39689527171078e-05
1866,2.939088614639228,8.397395680391673e-05
1867,2.9523004357047538,8.395922795180515e-05
1868,2.971243835299223,8.39220180104659e-05
1869,2.941250648597462,8.396641784772363e-05
1870,2.9097326349915744,8.399738475125058e-05
1871,2.925883544926387,8.396915680830252e-05
1872,2.921850679626196,8.39818537316609e-05
1873,2.8837531004052748,8.402470471469962e-05
1874,2.8012796073176403,8.414150171958144e-05
1875,2.6696726994241047,8.430551578297899e-05
1876,2.4912801683747317,8.453091242732206e-05
1877,2.2772389974954845,8.475307464944334e-05
1878,2.049454787730956,8.499303599258168e-05
1879,1.9105189299897403,8.515626286822981e-05
1880,2.041283782501915,8.507368254592617e-05
1881,2.229020889133502,8.489135820082727e-05
1882,2.4303567734268547,8.465939484127804e-05
1883,2.613076356547879,8.441969702032013e-05
1884,2.7572426902966143,8.421010637366921e-05
1885,2.8539137544630555,8.408301631574173e-05
1886,2.907219888792292,8.40171427259026e-05
1887,2.933248252115132,8.399488809558695e-05
1888,2.9511497120436614,8.397721947620468e-05
1889,2.9692343020159098,8.394104635323337e-05
1890,2.9589138583508308,8.39440740789855e-05
1891,2.8944684313574065,8.403809221016367e-05
1892,2.896689994039005,8.401449721239693e-05
1893,2.8998754802249893,8.400433468048521e-05
1894,2.8806207480970416,8.40281031101759e-05
1895,2.8296736306160053,8.40999738596194e-05
1896,2.7411665991005485,8.421888026896438e-05
1897,2.6144177939857287,8.438118569533308e-05
1898,2.4552874769381785,8.457057496388285e-05
1899,2.046886195653692,8.50796108997898e-05
1900,2.1367106624500316,8.499572888763419e-05
1901,2.2950604486425723,8.483161805792395e-05
1902,2.4776482466960683,8.461776120762251e-05
1903,2.6481572636394035,8.43801809665536e-05
1904,2.782390146924935,8.418429045117867e-05
1905,2.8670230940691757,8.407265051023263e-05
1906,2.9075172713950086,8.403511557191634e-05
1907,2.922072538433767,8.402350955877025e-05
1908,2.924498261893265,8.402404814325237e-05
1909,2.8995035430807303,8.404930143205542e-05
1910,2.867703300014258,8.40802514062753e-05
1911,2.860364902729156,8.406077483767489e-05
1912,2.8651781747435026,8.405132148095726e-05
1913,2.8589386404812864,8.406237277586356e-05
1914,2.8356856099152368,8.40947113421645e-05
1915,2.789186319234417,8.415167333243434e-05
1916,2.7154263619289347,8.424649532240765e-05
1917,2.0978063984423025,8.503483650937026e-05
1918,2.1741935980131273,8.496205921892766e-05
1919,2.3363989286175633,8.478825285091238e-05
1920,2.5126775875860314,8.456466912296718e-05
1921,2.6768651404855457,8.433699417469839e-05
1922,2.8010632218485623,8.417814309869944e-05
1923,2.8594330775936934,8.410124901658399e-05
1924,2.8669835886292017,8.41073235943217e-05
1925,2.850069427291549,8.413970739528204e-05
1926,2.8204166666468637,8.418095535719595e-05
1927,2.813860694160595,8.412856529905086e-05
1928,2.826422021917364,8.410894048560078e-05
1929,2.830752462397754,8.409237545392344e-05
1930,2.8313258817422198,8.409182381162541e-05
1931,2.82805295742205,8.409683034722527e-05
1932,2.816248163137971,8.412103136651243e-05
1933,2.106848520745314,8.503237235058958e-05
1934,2.216266862937835,8.492073678244133e-05
1935,2.350279143148296,8.476889436180788e-05
1936,2.5089841743146635,8.45663043122912e-05
1937,2.6711002476439147,8.436706735690692e-05
1938,2.781445520957399,8.421758279922625e-05
1939,2.789916687634464,8.421896656507246e-05
1940,2.7553814432653296,8.427562510705691e-05
1941,2.738483318379743,8.423752664151404e-05
1942,2.778493675819423,8.417692495055631e-05
1943,2.797706373535351,8.414799932838113e-05
1944,2.804565598258638,8.41361944446378e-05
1945,2.8087384896693113,8.411783595044664e-05
1946,2.816709155430637,8.41093315110194e-05
1947,2.1311717298388557,8.500726810340141e-05
1948,2.16888251480158,8.496189195470633e-05
1949,2.298744182110301,8.48234477883414e-05
1950,2.470422456307852,8.463198511873983e-05
1951,2.64220737704967,8.441504946403582e-05
1952,2.6975075397876633,8.434887272246352e-05
1953,2.651421954874367,8.441641384578861e-05
1954,2.6800732346311964,8.431811566022488e-05
1955,2.737294894095731,8.424281728682884e-05
1956,2.7700425037778595,8.419628064091978e-05
1957,2.785763131957826,8.416320876136905e-05
1958,2.7951856886875075,8.41414142322529e-05
1959,2.045691454509989,8.507526209067962e-05
1960,2.1229889901158603,8.500443742242151e-05
1961,2.2735678293105126,8.485623743623909e-05
1962,2.456079067470184,8.465253936369211e-05
1963,2.5935658974404703,8.447764995911084e-05
1964,2.5516529890786743,8.454167693481043e-05
1965,2.6102875481420575,8.441906610447715e-05
1966,2.6852054627007953,8.432011410906088e-05
1967,2.7356308511797836,8.424605583818045e-05
1968,2.7662592586819623,8.419975437835277e-05
1969,2.071877750465958,8.504859178804973e-05
1970,2.145687282944664,8.498346277283272e-05
1971,2.29127601465925,8.483765370102113e-05
1972,2.4610531241742395,8.464837991736023e-05
1973,2.4688874100648297,8.464080518220737e-05
1974,2.529753265726131,8.453328937641347e-05
1975,2.6185733215921116,8.441794845769139e-05
1976,2.686828098275199,8.431893535019258e-05
1977,2.1206690871864744,8.500761962599169e-05
1978,2.189224798810608,8.494442208147832e-05
1979,2.320978312279973,8.48080979751753e-05
1980,2.4107214588581396,8.47081917227336e-05
1981,2.4416459677657434,8.464361798686141e-05
1982,2.5364895321150334,8.452635126775308e-05
1983,2.1682952203291754,8.496535392704621e-05
1984,2.2252944703100366,8.490977075615588e-05
1985,2.3425283053774675,8.478638204591995e-05
1986,2.3652388674608344,8.476213837761747e-05
1987,2.19636555430428,8.494214173168002e-05
1988,2.23907811121285,8.489728369165174e-05
1989,1.8252752034696924,8.509761213022508e-05
1990,2.0540040980890857,8.501085501505947e-05
1991,2.2959546575072354,8.475541975650962e-05
1992,2.5166281538651503,8.450941612462384e-05
1993,2.695395466157615,8.428561243090776e-05
1994,2.8227250754062596,8.410633056790298e-05
1995,2.8982393642269058,8.40029917341001e-05
1996,2.929642262654005,8.396293533318758e-05
1997,2.932171427277216,8.396585160577212e-05
1998,2.931634697921781,8.39798817241531e-05
1999,2.956711475431424,8.394201295683771e-05
2000,2.021015877963991,8.506184261469996e-05
2001,2.2200347113845376,8.486962273420501e-05
2002,2.42495462334842,8.463898675320234e-05
2003,2.60812859860662,8.440618944813028e-05
2004,2.7523130346385827,8.421542784742075e-05
2005,2.8498987606714237,8.408128096088934e-05
2006,2.9036805136325956,8.40164959328078e-05
2007,2.927213139644922,8.398353788224008e-05
2008,2.942360249804358,8.397123699928126e-05
2009,2.9681147695405645,8.394095410625456e-05
2010,2.9798775978492484,8.391342449116662e-05
2011,2.9446677800284684,8.396636049411344e-05
2012,2.918771746083062,8.399244305938533e-05
2013,2.9156220777170203,8.39898943525205e-05
2014,2.8972878166108953,8.400926373517456e-05
2015,2.8462883228296367,8.407893014341787e-05
2016,2.7537046695454834,8.420373735255913e-05
2017,2.6178556728551166,8.437561328710863e-05
2018,2.444732450027828,8.459336178592394e-05
2019,2.2487387287233096,8.480187369367892e-05
2020,2.1541784872290637,8.496131485454931e-05
2021,2.3144625630224716,8.479234972375469e-05
2022,2.4883490133793575,8.458511367970347e-05
2023,2.6487977938487233,8.437563901042661e-05
2024,2.7761226761955577,8.418778515823229e-05
2025,2.8605451775331963,8.40749571183934e-05
2026,2.9065737101740425,8.402655484385527e-05
2027,2.9301148382434286,8.400261183960939e-05
2028,2.9467832547996498,8.398721142161343e-05
2029,2.95808265256194,8.396616452542811e-05
2030,2.939583414624905,8.397610257465641e-05
2031,2.904419339526318,8.401749232448281e-05
2032,2.8904498120161706,8.402919457346528e-05
2033,2.878442142926133,8.404303376792043e-05
2034,2.848971546254662,8.406700873182285e-05
2035,2.7921799711928443,8.414922077884804e-05
2036,2.703841682114251,8.426562823877049e-05
2037,2.5854999965442973,8.442125430169066e-05
2038,2.2158087545327385,8.490951292134319e-05
2039,2.358364838144741,8.475515780426173e-05
2040,2.5230438392268315,8.455120295972356e-05
2041,2.6779329125902986,8.432689125466772e-05
2042,2.7982339737632502,8.417091224407644e-05
2043,2.867674053701916,8.408657397993297e-05
2044,2.893516718220255,8.40622854182964e-05
2045,2.8956421926965112,8.406738370233983e-05
2046,2.887929432745818,8.407837509912714e-05
2047,2.8654915508264502,8.408697144392723e-05
2048,2.8683166131367592,8.40644903107758e-05
2049,2.8624326357920586,8.406785644367215e-05
2050,2.852958598804485,8.407416642118672e-05
2051,2.838566758427491,8.409320464959973e-05
2052,2.812670135608796,8.412561626901574e-05
2053,2.7689353567401853,8.417275844662367e-05
2054,2.253482287689483,8.487645177399653e-05
2055,2.390667943986308,8.471533103831005e-05
2056,2.544116526649993,8.450536357898501e-05
2057,2.6926832447019584,8.432314548873526e-05
2058,2.8004551465152385,8.418255179477742e-05
2059,2.8332286538897065,8.415234251614348e-05
2060,2.819826370512233,8.41841968628184e-05
2061,2.7897313437454856,8.422842086318102e-05
2062,2.7851645581746047,8.418019855565586e-05
2063,2.813211063471629,8.41308061078744e-05
2064,2.826602562510159,8.411053229054279e-05
2065,2.8284950421074764,8.409936513011804e-05
2066,2.825301739822237,8.411260540606498e-05
2067,2.821263982099094,8.411127595479456e-05
2068,2.2628380805120867,8.486364238595968e-05
2069,2.371165830964115,8.473194079680438e-05
2070,2.519344112278871,8.455843064501287e-05
2071,2.6725685363460574,8.437169164940523e-05
2072,2.7507350229271226,8.426810562463854e-05
2073,2.7271041298782834,8.431007684985374e-05
2074,2.679111435845301,8.437348622860327e-05
2075,2.7293369416312596,8.425834742203011e-05
2076,2.76950466829557,8.419159070754208e-05
2077,2.791926757269935,8.416062826440206e-05
2078,2.804797819644554,8.413488028769748e-05
2079,2.814761032082116,8.4128347972315e-05
2080,2.2021310662586395,8.492139705400415e-05
2081,2.328251185475004,8.478483099576949e-05
2082,2.492443115135454,8.460223585261214e-05
2083,2.63867992736986,8.441836745167554e-05
2084,2.628449745247656,8.44395318469222e-05
2085,2.588184440687736,8.445283213398922e-05
2086,2.6693234211690946,8.434445607911312e-05
2087,2.725965202781573,8.426132685458895e-05
2088,2.7613170568397667,8.420696386356478e-05
2089,2.7840651015037814,8.416692754833121e-05
2090,2.188658024185017,8.493085732323656e-05
2091,2.3268591351737014,8.478808972704859e-05
2092,2.4902292078066175,8.460688339875811e-05
2093,2.535910945009565,8.455542498876935e-05
2094,2.5070199333450556,8.456531161877544e-05
2095,2.6001184083067272,8.444201642453063e-05
2096,2.6727278775004324,8.433713584810692e-05
2097,2.7246286832314643,8.426479720155028e-05
2098,2.218743445950948,8.490652341082064e-05
2099,2.3506707964069045,8.476622310393917e-05
2100,2.4576325470387155,8.465101530906028e-05
2101,2.42325213178132,8.46754245597073e-05
2102,2.520239153523886,8.454828673190499e-05
2103,2.604448146913818,8.443524332657097e-05
2104,2.256328735649495,8.487146961759468e-05
2105,2.3732805847634046,8.474277175810631e-05
2106,2.375250157423606,8.475080565054347e-05
2107,2.432153417875189,8.466447278189389e-05
2108,2.280615372528664,8.484788796755124e-05
2109,2.369562193715268,8.475805879439427e-05
2110,2.3780971783414135,8.468486258100721e-05
2111,2.5362723699698324,8.450096111187266e-05
2112,2.675445368576255,8.431802835431742e-05
2113,2.783358017471909,8.41695010777339e-05
2114,2.855104149085263,8.40720500511826e-05
2115,2.895248401987017,8.402735990637754e-05
2116,2.9179765268183533,8.400422914476976e-05
2117,2.942707869664862,8.397873902424054e-05
2118,2.97142185328617,8.393404363928812e-05
2119,2.439695449135329,8.464717584907603e-05
2120,2.5747658311962,8.447052674032732e-05
2121,2.6996597459281615,8.428763488797673e-05
2122,2.798456768401887,8.415300950958895e-05
2123,2.86285876678599,8.407541715285472e-05
2124,2.897582318509142,8.403815473835296e-05
2125,2.9157916207032475,8.402336622755309e-05
2126,2.927997991556637,8.401056983826554e-05
2127,2.925534740953107,8.400803207870799e-05
2128,2.9218926010382056,8.40045400587485e-05
2129,2.902976725699595,8.402718876886247e-05
2130,2.8808744601749234,8.405128925999684e-05
2131,2.851308719086923,8.408605356138557e-05
2132,2.80463833365918,8.413947510429056e-05
2133,2.735088927007006,8.423114940429266e-05
2134,2.6435095334560152,8.435135657970246e-05
2135,2.471644330186254,8.460894043834286e-05
2136,2.6004574576735453,8.442966474224728e-05
2137,2.7213707576731316,8.426563523460643e-05
2138,2.8115663769798602,8.415734923463054e-05
2139,2.8552007243047313,8.411012086568017e-05
2140,2.8625657593526586,8.411176762347328e-05
2141,2.852634102565663,8.412685560152733e-05
2142,2.8455632702046896,8.41310032651276e-05
2143,2.85083767775115,8.410686254127331e-05
2144,2.865064560395827,8.407783586744349e-05
2145,2.8604849548942797,8.408185571328457e-05
2146,2.8434406095878266,8.409928183175904e-05
2147,2.8180440070369417,8.412780196868592e-05
2148,2.7826879624290966,8.417079656224194e-05
2149,2.48733422395516,8.458115120789787e-05
2150,2.604805051873701,8.442822953495881e-05
2151,2.720555196815147,8.428925739627817e-05
2152,2.7890106153603424,8.420703296197481e-05
2153,2.7874852154984207,8.422672382041057e-05
2154,2.7555929999734343,8.427281151334769e-05
2155,2.732613602909493,8.429289288066612e-05
2156,2.7680978436409003,8.421074973344932e-05
2157,2.805150265082932,8.416048981097597e-05
2158,2.82586758657451,8.412769049090397e-05
2159,2.831668204926217,8.411955001297309e-05
2160,2.8271526704301104,8.412228609675126e-05
2161,2.45699762863269,8.46252604895443e-05
2162,2.5797812506784163,8.448090748568571e-05
2163,2.692101391737058,8.43370408736714e-05
2164,2.698755788823234,8.434396946790633e-05
2165,2.649503671486127,8.441441433085379e-05
2166,2.630815796744341,8.441043527947007e-05
2167,2.6991385198557336,8.43081520574397e-05
2168,2.748549163473908,8.423561495445248e-05
2169,2.7841071311411527,8.417967928594864e-05
2170,2.811542944597589,8.413951623598781e-05
2171,2.434125463803206,8.466087886099027e-05
2172,2.5646768640719038,8.450206611543525e-05
2173,2.606593794279111,8.44632944950314e-05
2174,2.5483735823776725,8.454514837820119e-05
2175,2.552872860787892,8.451388910987475e-05
2176,2.632186342029733,8.440331897579323e-05
2177,2.6944232093004095,8.431380807526536e-05
2178,2.742281802561441,8.423801711054793e-05
2179,2.4406185478052618,8.465563107207259e-05
2180,2.5201524522770877,8.457003682410496e-05
2181,2.4646810579189204,8.464680303442092e-05
2182,2.4786647740922447,8.461389132602027e-05
2183,2.561861502255376,8.450179434304629e-05
2184,2.634169877353092,8.440239160582421e-05
2185,2.442648831710055,8.466280957963853e-05
2186,2.406414468267065,8.47144329879226e-05
2187,2.406648241413676,8.470773633021642e-05
2188,2.4859391592592353,8.460566925912978e-05
2189,2.3756629289516136,8.475094298861616e-05
2190,2.3559443174603323,8.477251497980486e-05
2191,2.6670779947953287,8.433458988578626e-05
2192,2.751179042936657,8.421935829343714e-05
2193,2.816165911863381,8.413355231180526e-05
2194,2.856910813928814,8.40954114749397e-05
2195,2.87672410987884,8.40802318039622e-05
2196,2.8815560921482963,8.407636981517864e-05
2197,2.875984072816,8.408400114099225e-05
2198,2.686501101712221,8.430549617133792e-05
2199,2.763964163233556,8.421173716277788e-05
2200,2.813717448345614,8.415942677292569e-05
2201,2.8264480023702743,8.41524614345628e-05
2202,2.813384607613126,8.417963150710862e-05
2203,2.7889854672877843,8.421639459784219e-05
2204,2.780236021375823,8.421529814270787e-05
2205,2.8146956130343077,8.415892891960788e-05
2206,2.8367292047925847,8.413313996620753e-05
2207,2.839889243694718,8.41196627494705e-05
2208,2.8255578599144076,8.413603936844941e-05
2209,2.795021771828518,8.41641855447843e-05
2210,2.6818780421365616,8.433520340013266e-05
2211,2.747573427489646,8.425381105441572e-05
2212,2.757357754545821,8.426014709453781e-05
2213,2.7247185357461365,8.43110452216238e-05
2214,2.678224599037602,8.437596543611104e-05
2215,2.672994049818809,8.437008331091002e-05
2216,2.7303502891116733,8.427272063849634e-05
2217,2.7779863789876145,8.420332311530572e-05
2218,2.80896178405447,8.416443713635359e-05
2219,2.824060616153468,8.413501366894866e-05
2220,2.6589027687771964,8.437378499863574e-05
2221,2.677446224732071,8.436826255320436e-05
2222,2.6279318343726925,8.444057165073452e-05
2223,2.5647175695401483,8.452198804360803e-05
2224,2.5736098665628315,8.450120251828331e-05
2225,2.6496782246699624,8.439422495798599e-05
2226,2.7122821350703976,8.429722698780549e-05
2227,2.7655224365489732,8.421489713793475e-05
2228,2.5956403038701366,8.447795830569458e-05
2229,2.5362374513753183,8.45569189563083e-05
2230,2.4671743585672554,8.464381418029803e-05
2231,2.5002408542764614,8.459426903759687e-05
2232,2.5761345207349557,8.449376125626764e-05
2233,2.6451460091442707,8.439715793479085e-05
2234,2.460406772077102,8.464882700293089e-05
2235,2.3978840768525775,8.472277953968928e-05
2236,2.440669095415188,8.467204796174148e-05
2237,2.5054837905244756,8.458879625347392e-05
2238,2.3614375821521376,8.476658794672717e-05
2239,2.3914777800409897,8.473375661382123e-05
2240,2.7938256062480744,8.41831487696123e-05
2241,2.7997853126977965,8.418797843575234e-05
2242,2.781449472774636,8.422065876275607e-05
2243,2.7452406091366286,8.427048222245141e-05
2244,2.6998590779450873,8.432853452734485e-05
2245,2.743772659434515,8.4273723971746e-05
2246,2.705097717009638,8.43291407663153e-05
2247,2.650278086016674,8.440709636106565e-05
2248,2.591853656041556,8.448325846012618e-05
2249,2.5979972055491434,8.447201489738159e-05
2250,2.6636686444494897,8.438065762131206e-05
2251,2.722406826113221,8.429936938279303e-05
2252,2.7686723022671442,8.423876434953976e-05
2253,2.6193328392199855,8.444992289153184e-05
2254,2.5494558137090055,8.454167596666223e-05
2255,2.4823148860782456,8.462440669165669e-05
2256,2.5037295242628383,8.459572483139053e-05
2257,2.5803077463710102,8.44957648581994e-05
2258,2.653506735023224,8.438948830524056e-05
2259,2.461322450943588,8.464879949329167e-05
2260,2.3975957724478145,8.472540402994288e-05
2261,2.44227699642496,8.467438548404748e-05
2262,2.5059626909313377,8.459477565897365e-05
2263,2.3861242756709107,8.474307516618802e-05
2264,2.4051029105782313,8.472003283078437e-05
2265,2.6404336238568007,8.442202368858073e-05
2266,2.5710666437834973,8.450908874797608e-05
2267,2.5047824615353456,8.459515013753542e-05
2268,2.474226666884403,8.463395645768523e-05
2269,2.412770088553223,8.470843727615096e-05
2270,2.4334727852970808,8.468476886128577e-05
2271,2.4954149151201945,8.460655704623813e-05
2272,2.382040477605831,8.474774679230725e-05
2273,2.390755046303563,8.473627929114606e-05
2274,2.368877957967026,8.475998352780636e-05
2275,1.4293794828456907,8.224100202333562e-05
2276,3.394489095463884,8.3053627204773e-05
2277,3.411818215118462,8.298031361992351e-05
2278,3.4409600167760974,8.290532874310567e-05
2279,3.479971740609853,8.277088197722782e-05
2280,3.523120912048456,8.264509524581562e-05
2281,3.5606443286713265,8.249373667186939e-05
2282,3.58029606325552,8.242079233441112e-05
2283,3.5700984824318596,8.253716006793138e-05
2284,3.5214677298658246,8.280062609003055e-05
2285,3.432428531967151,8.310546937667866e-05
2286,3.3126491297680736,8.341980791969638e-05
2287,3.201519711190821,8.364097625997417e-05
2288,3.404161638454229,8.302074705878194e-05
2289,3.4172263844368445,8.295436976536925e-05
2290,3.435788253027085,8.288142478651516e-05
2291,3.463176816564016,8.280451853159459e-05
2292,3.496883068989518,8.272391782281092e-05
2293,3.529933918176269,8.262397848404697e-05
2294,3.551958786652115,8.253559102842722e-05
2295,3.5514051677741194,8.257536454044208e-05
2296,3.5184365555380133,8.278379904938103e-05
2297,3.4481279893565877,8.30610323301482e-05
2298,3.3444522726376085,8.334039326867526e-05
2299,3.2302282214736366,8.358249425222935e-05
2300,3.1823450101260073,8.36749220349945e-05
2301,3.263140227071133,8.350975873641219e-05
2302,3.379206993264816,8.325451135416238e-05
2303,3.474687416118888,8.296482979550531e-05
2304,3.5342397501193576,8.271390259661636e-05
2305,3.556954326090389,8.254900062099598e-05
2306,3.549479830638801,8.253835468543224e-05
2307,3.5224589595837963,8.26237998525983e-05
2308,3.487344163630239,8.274180513534504e-05
2309,3.4535382069990876,8.283393429655928e-05
2310,3.4264476037973166,8.292884733569762e-05
2311,3.4069016801939385,8.300164949760343e-05
2312,3.4333679710750915,8.287108445414093e-05
2313,3.440627963860578,8.286362586070454e-05
2314,3.4449487659176143,8.285464512042749e-05
2315,3.4526040422859614,8.285610318009864e-05
2316,3.463916683331066,8.285176909495384e-05
2317,3.4743164975662655,8.288634304976658e-05
2318,3.476040589642242,8.288432627093216e-05
2319,3.459963075600985,8.294220672584866e-05
2320,3.4180889246509305,8.309589787664612e-05
2321,3.3474463686383276,8.331682135540823e-05
2322,3.256031305749178,8.351509958839671e-05
2323,3.181041828761828,8.366997166003989e-05
2324,3.205633640469727,8.362204864640085e-05
2325,3.2970413647244508,8.343296595075897e-05
2326,3.38660327679427,8.320344075606764e-05
2327,3.4515116345875674,8.301269304305819e-05
2328,3.4872753434412966,8.288436844241282e-05
2329,3.4978984281884125,8.27738644360854e-05
2330,3.491457469021768,8.274871167009291e-05
2331,3.476627115396272,8.275469566171983e-05
2332,3.4598336205618234,8.280388029430471e-05
2333,3.4434748272149918,8.285641804946048e-05
2334,3.4370082313701147,8.287390826164359e-05
2335,3.4189892832625945,8.294805335148864e-05
2336,3.3948149668014143,8.306756854944034e-05
2337,3.373142032876579,8.318385715538606e-05
2338,3.358305075912493,8.324424127813006e-05
2339,3.350491255756035,8.325405161371306e-05
2340,3.3459781038094265,8.324984533686792e-05
2341,3.336068221010195,8.327734723101989e-05
2342,3.3093787503354437,8.336634309099724e-05
2343,3.2597016893002806,8.349046283902703e-05
2344,3.195791944422765,8.361775394668013e-05
2345,3.164932580816468,8.369474685028785e-05
2346,3.202455680721002,8.361578001448607e-05
2347,3.271041835502651,8.347194463771381e-05
2348,3.3346974751895746,8.332131521483482e-05
2349,3.382509705024135,8.322931110529643e-05
2350,3.4144474675107355,8.311705476157597e-05
2351,3.4348695072448456,8.298201480558804e-05
2352,3.448393342027007,8.287545376816848e-05
2353,3.457160193123545,8.28052915520272e-05
2354,3.3769563004539833,8.31081162855351e-05
2355,3.3224373402048597,8.329537708934947e-05
2356,3.266715706529669,8.345032062729177e-05
2357,3.221027827537468,8.354338339419108e-05
2358,3.1932958967601124,8.358054598774538e-05
2359,3.187972120941854,8.35867384758444e-05
2360,3.2030504538841824,8.356283907599273e-05
2361,3.222621945729168,8.352781841720192e-05
2362,3.224852656636896,8.353924262299375e-05
2363,3.1999548886494953,8.359902548039817e-05
2364,3.1679025330123194,8.36701402123045e-05
2365,3.142336191714627,8.371424826969886e-05
2366,3.1598979306424786,8.367817694868873e-05
2367,3.206293931356781,8.358299066580143e-05
2368,3.259861054327897,8.348783937397135e-05
2369,3.312301186823035,8.337540965719686e-05
2370,3.3620481805401927,8.324977687290741e-05
2371,3.4083757366712186,8.303977838382078e-05
2372,3.2383559843046394,8.350571718891193e-05
2373,3.1535126343256317,8.365018268828768e-05
2374,3.082378343651555,8.377521261262457e-05
2375,3.036210053872081,8.385533923775462e-05
2376,3.0197138716121747,8.387905532658527e-05
2377,3.036758293313,8.385418968115868e-05
2378,3.088731692796675,8.377326610157587e-05
2379,3.143880779296488,8.367017964355718e-05
2380,3.1702392506614427,8.363875282402212e-05
2381,3.1610941232792626,8.366531991748089e-05
2382,3.1431296921059495,8.370488927378944e-05
2383,3.110272752527214,8.376568289984065e-05
2384,3.108592026990131,8.37594232238308e-05
2385,3.145611140485673,8.368619222702573e-05
2386,3.2079895697120313,8.356482796865352e-05
2387,3.283265859822328,8.342525448238694e-05
2388,3.046964137461306,8.382556330285097e-05
2389,2.9638722446591896,8.396466485748e-05
2390,2.914504972354557,8.403336277287415e-05
2391,2.894096195001855,8.407074764253362e-05
2392,2.891935106423982,8.408466636888136e-05
2393,2.9256333453980994,8.403933432253561e-05
2394,3.0183219152122884,8.389107321462573e-05
2395,3.0979191362951246,8.375740828431957e-05
2396,3.1364088080422974,8.369846572574823e-05
2397,3.1495664193426567,8.368567352962432e-05
2398,3.118360390805514,8.374087633048812e-05
2399,3.081947875685425,8.380722403149493e-05
2400,3.0760500518606757,8.380446554781125e-05
2401,3.1216685599878318,8.372307681467211e-05
2402,2.8832195159515157,8.407149366137059e-05
2403,2.8408142506324188,8.413858614278749e-05
2404,2.8196839745846485,8.417836949652885e-05
2405,2.802361851381369,8.421002433379092e-05
2406,2.7870307087696857,8.423632550029409e-05
2407,2.858672899472806,8.413548811306091e-05
2408,2.9838802364426487,8.394182062717021e-05
2409,3.072667135559335,8.379892657903492e-05
2410,3.127787539155304,8.371160749104919e-05
2411,3.12922513641822,8.371705984937063e-05
2412,3.1014652516666605,8.376380885444958e-05
2413,3.070534261969774,8.38200965690528e-05
2414,2.7990338292114503,8.420474404870813e-05
2415,2.7677505691466235,8.42571216804437e-05
2416,2.7332959192491213,8.430600075476599e-05
2417,2.6914953137982702,8.436457359064699e-05
2418,2.6880299281800677,8.43749655874849e-05
2419,2.83584000612553,8.416918099128624e-05
2420,2.96899839937616,8.396658698675541e-05
2421,3.0595184146540966,8.382752104202744e-05
2422,3.1139814064759324,8.374498374969174e-05
2423,3.120920285065138,8.373444488322495e-05
2424,2.7199287581844893,8.432159807396117e-05
2425,2.668095623543711,8.439185108707664e-05
2426,2.6102592710833177,8.446882051679892e-05
2427,2.556401354524129,8.454008788057435e-05
2428,2.6673764898910974,8.43997628929998e-05
2429,2.8307855125132364,8.417254426245988e-05
2430,2.96346579954017,8.397760022996008e-05
2431,3.061094487858349,8.38174285226446e-05
2432,2.602955733505401,8.447757470270358e-05
2433,2.537890439388919,8.455873873736071e-05
2434,2.476276407480989,8.463521145827699e-05
2435,2.4977355756271096,8.460946963085092e-05
2436,2.668892819512812,8.439565134448211e-05
2437,2.8302192853806485,8.417394158083577e-05
2438,2.4749934865410657,8.463607257273018e-05
2439,2.423082521950016,8.469727423998222e-05
2440,2.3857232163551654,8.473973248885306e-05
2441,2.4997246590917843,8.460715186040198e-05
2442,2.3904881275485037,8.473423798652811e-05
2443,2.376903190000591,8.475051300222853e-05
2444,3.4319400265594733,8.28909850161759e-05
2445,3.446101897592995,8.285887542874342e-05
2446,3.463425438866818,8.277368850545281e-05
2447,3.4836738198678723,8.276139039387057e-05
2448,3.501819638338278,8.273045290504908e-05
2449,3.509372660838788,8.275654668400321e-05
2450,3.4965994469231814,8.28347307370832e-05
2451,3.4553683647037885,8.300158313660888e-05
2452,3.3826417861198577,8.322194642379949e-05
2453,3.285391219707025,8.346419724083884e-05
2454,3.1944636515916653,8.364448436616643e-05
2455,3.4388953092486636,8.28537582925514e-05
2456,3.4304686407021383,8.288587634837881e-05
2457,3.4221325297266825,8.298911655229673e-05
2458,3.416687773869982,8.303546020687091e-05
2459,3.4125055575711927,8.30927295377394e-05
2460,3.4044818725236747,8.312105289822716e-05
2461,3.3849523721188746,8.317929821187361e-05
2462,3.346020088883414,8.328666411233742e-05
2463,3.284637425290905,8.34467331689521e-05
2464,3.2105794296643406,8.360314923462728e-05
2465,3.1693099369909823,8.368563816113405e-05
2466,3.2113201924737202,8.360322853363979e-05
2467,3.287490201251454,8.343974721801577e-05
2468,3.354986803574388,8.325796319635576e-05
2469,3.402086117939961,8.316327287944944e-05
2470,3.429193906692487,8.306034946253783e-05
2471,3.441942583690517,8.296865101738222e-05
2472,3.446985505146899,8.2925173317731e-05
2473,3.4491427564990933,8.283890583448309e-05
2474,3.449681908192762,8.281814268335887e-05
2475,3.384368830520028,8.310972111153357e-05
2476,3.3435710364923574,8.325602502787417e-05
2477,3.3063791539398917,8.336326493708157e-05
2478,3.2795267149696117,8.342475927129522e-05
2479,3.2660781811656756,8.34446346173224e-05
2480,3.2639486195904808,8.343729188029308e-05
2481,3.262708877386618,8.344527924331064e-05
2482,3.247647002656955,8.349568671042137e-05
2483,3.211520506476645,8.358256598546154e-05
2484,3.165300203270219,8.368030629489906e-05
2485,3.1527491203171367,8.370884322264334e-05
2486,3.1836275490940675,8.363918647187017e-05
2487,3.2344527984520797,8.353428061085214e-05
2488,3.2830830846941312,8.343864251310542e-05
2489,3.3244372223324237,8.335128498169012e-05
2490,3.360313036744968,8.324413311500255e-05
2491,3.3933807277077968,8.31219188966691e-05
2492,3.4239926992790024,8.297682060570429e-05
2493,3.251427475273743,8.345445206263047e-05
2494,3.1839178954567497,8.36064101945696e-05
2495,3.1321187547202665,8.368881253433913e-05
2496,3.1045300761240893,8.373623773345528e-05
2497,3.10598998054383,8.373156292595015e-05
2498,3.1339255914511566,8.368804737620194e-05
2499,3.1669007608709174,8.36359275332227e-05
2500,3.179687574576411,8.362127568503641e-05
2501,3.164418628124939,8.366302165639139e-05
2502,3.1448310679968987,8.370343951451321e-05
2503,3.1212655510240332,8.374067175438704e-05
2504,3.129160942863474,8.372442670813154e-05
2505,3.1640356790501682,8.365567332600868e-05
2506,3.212928287652523,8.355783248168446e-05
2507,3.269944517874262,8.345309506411855e-05
2508,3.331785412421174,8.331197474923215e-05
2509,3.0638300764427506,8.379423096415206e-05
2510,2.997116035791901,8.391351061152631e-05
2511,2.960480877230371,8.397009607281478e-05
2512,2.95204661858461,8.398656187934242e-05
2513,2.9772865903898005,8.394997298255396e-05
2514,3.043724479707342,8.38487399670046e-05
2515,3.1071285208940287,8.374222982940003e-05
2516,3.1374935969935653,8.369884923553055e-05
2517,3.1472049753815745,8.369022788347775e-05
2518,3.1183947587239254,8.37482910379899e-05
2519,3.0868110220842877,8.379063440951422e-05
2520,3.0823918813710147,8.380453713884199e-05
2521,3.1176965284815377,8.372575938978889e-05
2522,3.1845996706695714,8.36027600011587e-05
2523,2.8982670349053117,8.405706795461052e-05
2524,2.8653618793365663,8.411182403131067e-05
2525,2.850165690567329,8.414212801486837e-05
2526,2.843704897511677,8.415666330582881e-05
2527,2.890408124561927,8.408832964577042e-05
2528,2.9948400246127216,8.392591527077517e-05
2529,3.073700842140069,8.380041920100135e-05
2530,3.110791927092426,8.374407495272517e-05
2531,3.1233979694304566,8.372946168937336e-05
2532,3.095190273598618,8.377674784874682e-05
2533,3.0643444620357245,8.382633520653493e-05
2534,3.0645159132897204,8.382062875225807e-05
2535,2.8090202289326713,8.41954974462084e-05
2536,2.7836418162002325,8.423126292124057e-05
2537,2.7540192201919114,8.42789412611422e-05
2538,2.7386473132246545,8.430568746346974e-05
2539,2.8510115004137973,8.41420430047898e-05
2540,2.972660942954766,8.396335929078195e-05
2541,3.0553517477932473,8.383074688105466e-05
2542,3.105290343371745,8.375347976133233e-05
2543,3.107576452932064,8.375066905717174e-05
2544,3.0856568606764245,8.378524016228773e-05
2545,2.726277122596792,8.431020573999481e-05
2546,2.6779498944227265,8.438073554687402e-05
2547,2.6267759843308833,8.445047522739772e-05
2548,2.689906326761935,8.436729503465133e-05
2549,2.8403834118352713,8.416171796288434e-05
2550,2.9633573354464526,8.397679055054576e-05
2551,3.052964159449663,8.382973077702707e-05
2552,3.0976653319073755,8.376549667858076e-05
2553,2.6061316640286023,8.447316223435077e-05
2554,2.5423244801879648,8.455524965392383e-05
2555,2.532094765981294,8.456581234743432e-05
2556,2.688017017531084,8.436925418472141e-05
2557,2.838450575319034,8.415363674421456e-05
2558,2.9607319377869006,8.397745502142633e-05
2559,2.474872064051882,8.463698807679862e-05
2560,2.424015736508132,8.469644208691511e-05
2561,2.53125215992383,8.456339241007443e-05
2562,2.689611248722794,8.436254161199346e-05
2563,2.387239977286776,8.473818967458328e-05
2564,2.389187974902892,8.472847658637912e-05
2565,3.4050663340380924,8.304057711327137e-05
2566,3.376043787179315,8.316004784769816e-05
2567,3.3491796996587504,8.32479361389611e-05
2568,3.3267219185968484,8.331877111621739e-05
2569,3.306836554105492,8.337294102195384e-05
2570,3.2834648878533126,8.340768323760484e-05
2571,3.249263327737865,8.349909748337053e-05
2572,3.2028648091923624,8.360174787191166e-05
2573,3.160201688992215,8.369312288234216e-05
2574,3.2858114158131277,8.339985435949035e-05
2575,3.2327691253654507,8.3511737906203e-05
2576,3.193821216297677,8.357707137647286e-05
2577,3.174441802187311,8.362350818954631e-05
2578,3.172705654124395,8.362586003231448e-05
2579,3.1760140556729297,8.36243921580667e-05
2580,3.169172002176453,8.364114691124963e-05
2581,3.1482064403539365,8.369451283299653e-05
2582,3.132658094216768,8.372584313815432e-05
2583,3.130161435399134,8.372718821244683e-05
2584,3.149156717913501,8.368666257858061e-05
2585,3.1741725454461376,8.363305937930134e-05
2586,3.200250865914065,8.358056105505376e-05
2587,3.231863579894191,8.350852795306338e-05
2588,3.273283185918324,8.3431081746699e-05
2589,3.323398771342837,8.330706248755339e-05
2590,3.1090801790738354,8.372857907321558e-05
2591,3.0549924905233046,8.381792439413177e-05
2592,3.0292528676897716,8.386273803450382e-05
2593,3.035222183914958,8.385888121062043e-05
2594,3.0681727989100986,8.381081432668513e-05
2595,3.103196015517852,8.375217581807538e-05
2596,3.1184369475162406,8.373193146880549e-05
2597,3.1109035201723243,8.374645635754462e-05
2598,3.1024303879317126,8.376448600971069e-05
2599,3.0856704206775762,8.379267682708995e-05
2600,3.08654147090647,8.378464608515708e-05
2601,3.106466579570215,8.37482153222435e-05
2602,3.1447706464143033,8.367340716607806e-05
2603,3.201792345199887,8.356780464291348e-05
2604,2.940209762537245,8.399225447118248e-05
2605,2.9115462835540282,8.404102019277156e-05
2606,2.905392228228648,8.406461373085657e-05
2607,2.9365592765371282,8.401642882064986e-05
2608,3.0049905703760493,8.390471786550782e-05
2609,3.06088140485434,8.381842139472642e-05
2610,3.0858621323558273,8.378228411261777e-05
2611,3.094985983905215,8.377170760579414e-05
2612,3.0718530755324642,8.381581797519997e-05
2613,3.0491840767624856,8.385339826717006e-05
2614,3.0481517341396143,8.384820352826239e-05
2615,3.0804040249909503,8.37884718097754e-05
2616,2.836946107515228,8.415368097844867e-05
2617,2.8147160421628032,8.419213444553734e-05
2618,2.8067495160215468,8.420823698772265e-05
2619,2.881333429608262,8.409145890252325e-05
2620,2.9740272340285294,8.395240127518155e-05
2621,3.0368124059936514,8.385947117151126e-05
2622,3.0751743527158943,8.380066785765766e-05
2623,3.0719786121769266,8.38043666459135e-05
2624,3.0516588581416424,8.384114203897748e-05
2625,3.0351677099525856,8.38791559827727e-05
2626,2.744585661081014,8.429040407177988e-05
2627,2.7032169034696496,8.435021867492007e-05
2628,2.7441641392142353,8.429057907930119e-05
2629,2.8625647312117266,8.411882650660045e-05
2630,2.959974302962004,8.397636285284725e-05
2631,3.023400393474507,8.388037833571633e-05
2632,3.0600746166168182,8.382371828408588e-05
2633,3.062611183536433,8.382094879814619e-05
2634,2.617786964074635,8.446027780866624e-05
2635,2.6091462719183864,8.446305034703867e-05
2636,2.73545234617871,8.42954494043726e-05
2637,2.8577386965624934,8.41280118533278e-05
2638,2.9542324557561326,8.399056406002198e-05
2639,3.0238228209329114,8.387460470274356e-05
2640,2.4959589942509015,8.460731636611854e-05
2641,2.604677422341737,8.44649912121825e-05
2642,2.736823158844407,8.428970180756564e-05
2643,2.85691454611223,8.412239310849975e-05
2644,2.484140003345899,8.461045785142484e-05
2645,2.607680906892549,8.445423102621963e-05
2646,3.1657523290410055,8.363078189759808e-05
2647,3.1171492933083096,8.371279425878925e-05
2648,3.093041931740138,8.376385457683936e-05
2649,3.0894965548475377,8.377850681537787e-05
2650,3.093537094599086,8.377624947009499e-05
2651,3.094639801213847,8.376896519694574e-05
2652,3.0933047251990726,8.378226496242135e-05
2653,3.002209143576488,8.390583817922986e-05
2654,2.979167198619912,8.394813728964152e-05
2655,2.986753915813424,8.394051888524166e-05
2656,3.015724665695972,8.389340178140877e-05
2657,3.0432247697916703,8.384751287197036e-05
2658,3.056178247370471,8.382676811351385e-05
2659,3.061400676504067,8.382047835082554e-05
2660,3.0496936654254747,8.3843773745659e-05
2661,3.037244263382435,8.386653157827337e-05
2662,3.030346597965743,8.387457272726799e-05
2663,3.0357740552716783,8.386093326735806e-05
2664,3.062882967658103,8.380969248461309e-05
2665,2.8843632463444084,8.408941890502903e-05
2666,2.8802705435602625,8.41030260619759e-05
2667,2.919832835271754,8.403403082771992e-05
2668,2.9743983387924353,8.395284308912239e-05
2669,3.0121579986466345,8.388938781345406e-05
2670,3.026527008247041,8.386302253520448e-05
2671,3.0295199583321697,8.386600150991857e-05
2672,3.0141228444050254,8.389573829351562e-05
2673,3.0027300083671955,8.392051271806045e-05
2674,3.0070564222275253,8.391457704600352e-05
2675,2.7855255406841306,8.423887971074627e-05
2676,2.813660819425313,8.418995317566046e-05
2677,2.8899953546254684,8.407303962578543e-05
2678,2.953872748077701,8.397718911286642e-05
2679,2.9925863030833213,8.392002000792321e-05
2680,3.0129651481658764,8.38825041442177e-05
2681,3.008783086247382,8.389830571966082e-05
2682,3.0003098059926736,8.391928311697956e-05
2683,2.706769351616371,8.433216341784851e-05
2684,2.795035167900078,8.420615993337781e-05
2685,2.8799397575180894,8.409179168474111e-05
2686,2.9436474281390095,8.399205857076577e-05
2687,2.9864092371362685,8.393030231092139e-05
2688,3.0038766369716026,8.390218659657731e-05
2689,2.696839515561925,8.434000661194643e-05
2690,2.7931831789118333,8.421196081298211e-05
2691,2.876791130025376,8.40905687386165e-05
2692,2.9403145326447335,8.39999933461184e-05
2693,2.6994897238855553,8.43343350993167e-05
2694,2.79359195405922,8.420592773166913e-05
2695,2.9579848343423665,8.398474314710494e-05
2696,2.962820812992444,8.397856896632929e-05
2697,2.9809359575306673,8.39432174976563e-05
2698,2.9982982036951005,8.39124395758944e-05
2699,3.0085225798449797,8.389480606116686e-05
2700,2.8887021952480554,8.408269989493408e-05
2701,2.920680855780383,8.402874495540451e-05
2702,2.9506960933995092,8.397908322976165e-05
2703,2.96870779677402,8.394446601439195e-05
2704,2.9768350232528644,8.393785372723284e-05
2705,2.971284122189968,8.394990942075426e-05
2706,2.9627805085946552,8.397086497668416e-05
2707,2.957634395847821,8.397664340193099e-05
2708,2.858122737440174,8.411003703154857e-05
2709,2.902165407912393,8.40539218927561e-05
2710,2.933284450315389,8.400652507156543e-05
2711,2.949343819101584,8.397287631218818e-05
2712,2.95627422269007,8.396212781558233e-05
2713,2.956875502107324,8.39729277831506e-05
2714,2.8495617978259093,8.412701287672442e-05
2715,2.8941034126785237,8.405673076523804e-05
2716,2.9245877642670624,8.401200717411144e-05
2717,2.9441541727031653,8.398128943073469e-05
2718,2.8474605769714305,8.41271754423367e-05
2719,2.8917171357716707,8.405712829006982e-05
2720,2.927293415806668,8.401157832736936e-05
2721,2.9332138014361506,8.399971818448987e-05
2722,2.9366027131041967,8.399082850764643e-05
2723,2.910724862611039,8.402908707266243e-05
2724,2.9148179521416973,8.401956276057533e-05
2725,2.9177140293876134,8.401634556802712e-05
2726,2.922429698041559,8.40096295873498e-05
2727,2.9027264609177807,8.403958548226044e-05
2728,2.90841883958424,8.403020612327616e-05
2729,2.9036063633446094,8.403870778134252e-05
