Mode_Index,Frequency_THz,Cv_QPA_eV_K
0,0.0,0.0
1,0.2403318495595724,8.613336914241517e-05
2,0.4562970396120541,8.602889376475078e-05
3,0.6470633185614235,8.588065673303629e-05
4,0.8205644711940434,8.570151033519432e-05
5,0.9814306859537844,8.549765511170642e-05
6,1.1312126982596489,8.527336922068668e-05
7,1.270115011231819,8.503931254676313e-05
8,1.3974522486177308,8.480110607628056e-05
9,1.5112295157282718,8.456977870765811e-05
10,1.6073534101341667,8.436246446756119e-05
11,1.6791088809595816,8.419673278261743e-05
12,1.7181475115280163,8.410315183146264e-05
13,0.24106019525944708,8.613101938491145e-05
14,0.39506217143772876,8.606246314618514e-05
15,0.5668876612520056,8.594746232082852e-05
16,0.7283763636209423,8.580065317325342e-05
17,0.8790203651464803,8.563025204021498e-05
18,1.0209327214446668,8.544116022538165e-05
19,1.1557909214776618,8.523501603425741e-05
20,1.2844010134125015,8.501343567442913e-05
21,1.406093830131801,8.478296898865235e-05
22,1.5178855724821947,8.455581481950318e-05
23,1.6137508579309185,8.434710794254195e-05
24,1.684780983286291,8.418423578448436e-05
25,1.698601605431682,8.415081575796904e-05
26,1.6468846411669649,8.427200883867538e-05
27,1.5634394165925922,8.4457920861164e-05
28,1.4597391701180096,8.467595188298865e-05
29,1.3448172455370317,8.490097303934138e-05
30,1.223449121294599,8.512073655578533e-05
31,1.0967225432816674,8.53266344760406e-05
32,0.9634953233167423,8.55201651962245e-05
33,0.8216365514639508,8.569729570849266e-05
34,0.6687174752269179,8.585768529744073e-05
35,0.5033989310144655,8.59929431483327e-05
36,0.3368069527699375,8.609111711632785e-05
37,0.42955167356213364,8.604043829877422e-05
38,0.5306385726345257,8.597286327970965e-05
39,0.6543087257513054,8.587102939790453e-05
40,0.782165431661609,8.574227997617048e-05
41,0.9099689685209187,8.559086979288383e-05
42,1.0376007070093025,8.541719218871976e-05
43,1.1653384598785193,8.521891357570553e-05
44,1.2922974031534356,8.499929703808409e-05
45,1.4155113580427452,8.476468279080234e-05
46,1.5293460589201353,8.453190765783541e-05
47,1.6254101909632088,8.43209676555849e-05
48,1.6538881637194065,8.425622783833032e-05
49,1.5877214691727803,8.440515815185429e-05
50,1.4899037856329191,8.461343940333162e-05
51,1.377269226663071,8.483804495787183e-05
52,1.2619537902120592,8.50514301450667e-05
53,1.149711061640272,8.524092635970072e-05
54,1.0409339047388155,8.540778776283512e-05
55,0.9330039919881747,8.555608492864706e-05
56,0.8227219603237225,8.569215476748028e-05
57,0.7087813636359321,8.581444337915972e-05
58,0.5959897718950037,8.591849686960992e-05
59,0.5474969231082837,8.595890396595253e-05
60,0.6087945346175143,8.590980488381519e-05
61,0.698296493338581,8.58286697613703e-05
62,0.8046608170576902,8.571705167746472e-05
63,0.922187946514815,8.557511870979e-05
64,1.0475939714015292,8.540185995292135e-05
65,1.177683727638069,8.519820323726905e-05
66,1.3082138948866533,8.497001699667891e-05
67,1.4334141892502645,8.472962324057404e-05
68,1.5458484378777508,8.449741552832341e-05
69,1.5895049815876052,8.440270445205478e-05
70,1.5127119230654162,8.456740302965498e-05
71,1.4040903356644938,8.478658703899463e-05
72,1.2865455016523444,8.500617014637956e-05
73,1.1742239695794994,8.520023439480069e-05
74,1.073811202303787,8.535785386413943e-05
75,0.9858813726091732,8.548305745760972e-05
76,0.9074465245334893,8.558544984040364e-05
77,0.8349657206521176,8.567383982530905e-05
78,0.7673566613562546,8.575097711415761e-05
79,0.6030466882252182,8.591408803101411e-05
80,0.6409955296715374,8.588166760580496e-05
81,0.7166390839778078,8.581048355931636e-05
82,0.8195564016098529,8.569975787276013e-05
83,0.940023550992682,8.5551279198467e-05
84,1.0701236897019342,8.536882290368261e-05
85,1.2030943520577502,8.515550077855924e-05
86,1.3326095914173364,8.492423577434615e-05
87,1.452308910987079,8.469111891168647e-05
88,1.513131330717931,8.456813081047354e-05
89,1.4316650280425818,8.473399419246054e-05
90,1.3199684441143527,8.494621420365939e-05
91,1.2043811275712404,8.51496427721972e-05
92,1.0992399789813476,8.531836756381544e-05
93,1.011935300831367,8.544528468113283e-05
94,0.9442825504796813,8.553610065093801e-05
95,0.8943212490612276,8.55995468018187e-05
96,0.8586995554364588,8.564359840618901e-05
97,0.6265004303632404,8.589430225887967e-05
98,0.6629429493732015,8.586163191002663e-05
99,0.7434163989501597,8.578240227400789e-05
100,0.852783657021442,8.56598652075707e-05
101,0.9769623351687263,8.550082741746503e-05
102,1.1057453866689568,8.531343716525021e-05
103,1.2319662205657045,8.510551243758194e-05
104,1.3502555514805086,8.489107503493966e-05
105,1.4309362637652068,8.473610650943778e-05
106,1.3614854410270374,8.486972579369556e-05
107,1.2466381209622537,8.507734601481966e-05
108,1.1412877988503738,8.525146285812352e-05
109,1.0481882758534022,8.539176625327186e-05
110,0.9747659332920809,8.549428891826844e-05
111,0.9247850647283036,8.555968030259849e-05
112,0.8987360450037096,8.5592652842044e-05
113,0.6594106957605887,8.586436569008131e-05
114,0.7082503227964733,8.581723407861728e-05
115,0.7958107911104273,8.572481909953605e-05
116,0.9041702304257097,8.559497716388817e-05
117,1.0198371284192418,8.543934733473004e-05
118,1.134608538260678,8.526714925662137e-05
119,1.2437854729622784,8.508405013659372e-05
120,1.3446766288025562,8.490190098829952e-05
121,1.2873388651704158,8.500611125096784e-05
122,1.1879416522175577,8.517539614916943e-05
123,1.1008701195070927,8.53120295869416e-05
124,1.0250124807939112,8.542296090470221e-05
125,0.9669258538432525,8.550285883953497e-05
126,0.9322611084391782,8.554888481988254e-05
127,0.721125777688367,8.580354178435733e-05
128,0.775292055039937,8.574597129614281e-05
129,0.8553651388983916,8.565418544102903e-05
130,0.9472504222021167,8.553841863967926e-05
131,1.042168112011222,8.540726794730884e-05
132,1.1357551036805724,8.526415347975437e-05
133,1.226396444363177,8.511464711234408e-05
134,1.2179803817429045,8.512414995843955e-05
135,1.1430117010545031,8.524450287624131e-05
136,1.0802300916136272,8.533983993583692e-05
137,1.0262629271226265,8.541897998008071e-05
138,0.9862669335757155,8.54752853660915e-05
139,0.7898556808963063,8.572925611979286e-05
140,0.8310832728477968,8.568211245153377e-05
141,0.8888705680251507,8.561294711223927e-05
142,0.9559595038740313,8.552679149549395e-05
143,1.0287073850287858,8.542744748715335e-05
144,1.1060503985230254,8.531223356451702e-05
145,1.1532532758058431,8.522776661073246e-05
146,1.1184032710240661,8.527848445809147e-05
147,1.0731954254627665,8.534740795044631e-05
148,1.0444954660975787,8.539108171937383e-05
149,0.829033061470889,8.568497713497558e-05
150,0.8457621666717003,8.56657794775587e-05
151,0.8786220701929413,8.562662914860258e-05
152,0.9264220694475894,8.556770895555754e-05
153,0.9888761319676946,8.548508998651969e-05
154,1.065832018888217,8.537467022607767e-05
155,1.086575859094723,8.532529462705658e-05
156,1.0745902302586694,8.534238878763571e-05
157,0.8201581688370075,8.569731651938266e-05
158,0.8155778358382154,8.570406568173265e-05
159,0.8356267775519124,8.568149183524812e-05
160,0.8820817200261496,8.562542859832702e-05
161,0.9537817213750232,8.553400977734125e-05
162,1.047024869134895,8.540223972813709e-05
163,0.7752678421618248,8.575087210302762e-05
164,0.7669135767003208,8.576066608863181e-05
165,0.7959562351734818,8.572888415167785e-05
166,0.860728119194627,8.565248058777369e-05
167,0.733013638120344,8.57974279421654e-05
168,0.7429699425967564,8.578734742462951e-05
169,0.4861278483239709,8.600338345628113e-05
170,0.6141203819965122,8.590453068352953e-05
171,0.7471593713201017,8.577775953397119e-05
172,0.875690644952474,8.563156170344552e-05
173,0.9995119188708183,8.546887627462364e-05
174,1.120541776629598,8.528940661517418e-05
175,1.240525574996736,8.508941217640385e-05
176,1.3595103803860882,8.48718521964243e-05
177,1.4741465992442142,8.464639351680413e-05
178,1.576211757065871,8.443092679680493e-05
179,1.6508910756057575,8.426303765972003e-05
180,0.592280808389921,8.5922185579008e-05
181,0.6837593298562897,8.584015108185729e-05
182,0.7886423525242642,8.573212344619276e-05
183,0.8992685715545623,8.560141846992574e-05
184,1.0139921561313743,8.544834642873294e-05
185,1.1325489935604425,8.527002435960572e-05
186,1.2539770162431727,8.506554233564884e-05
187,1.3751496568352033,8.484260419272726e-05
188,1.4890709392748749,8.461592721457562e-05
189,1.580040096645879,8.442288368447909e-05
190,1.5863910920485453,8.440894512575526e-05
191,1.5021606606469344,8.458917343366993e-05
192,1.3917950799584864,8.481000301574321e-05
193,1.2753456449618867,8.502627656707517e-05
194,1.1628039051548502,8.521993136886297e-05
195,1.05764803918906,8.538298715666697e-05
196,0.9591009253083865,8.552063418075592e-05
197,0.8646712452984664,8.564062688968091e-05
198,0.7727341239565367,8.574629121975126e-05
199,0.6857239225583218,8.58362692698711e-05
200,0.644692380371366,8.587652458621273e-05
201,0.7142238644262437,8.58100618434287e-05
202,0.8069842699380817,8.571127517975406e-05
203,0.9145320693365574,8.558213195189378e-05
204,1.031626773858372,8.542278357502744e-05
205,1.1540516507947627,8.523509345425649e-05
206,1.277389308545281,8.5023625464472e-05
207,1.3955305682263848,8.480366636046116e-05
208,1.4948211830180789,8.460508883620454e-05
209,1.51076662551291,8.457279224662464e-05
210,1.418348645840008,8.47590185627065e-05
211,1.3048468125922914,8.49727853369007e-05
212,1.1914631017560133,8.517097488246909e-05
213,1.0888129519565137,8.533455949618203e-05
214,1.0008124234080094,8.546147420069735e-05
215,0.9270048327787641,8.55597650244086e-05
216,0.8650527939688933,8.563690045280023e-05
217,0.8132744700623465,8.569849187600293e-05
218,0.6676967784486976,8.585565310006181e-05
219,0.7354352773456926,8.57883176062871e-05
220,0.8321228095924057,8.568191250384913e-05
221,0.945289931718743,8.55409724994853e-05
222,1.0657621447752414,8.537187596163346e-05
223,1.1867787407892332,8.518017679324085e-05
224,1.3025113460601756,8.497848543716117e-05
225,1.4027629350560045,8.478983761548967e-05
226,1.4277592352320534,8.474201120169156e-05
227,1.336152654515374,8.491685781463642e-05
228,1.227544548493061,8.51103798404188e-05
229,1.123392791859012,8.527991008105744e-05
230,1.0336759477042057,8.54135461780129e-05
231,0.9629402679062302,8.551061839208548e-05
232,0.9121765061506223,8.557634108207206e-05
233,0.880214378474629,8.561645262978428e-05
234,0.6996075721301913,8.582454976557379e-05
235,0.7776037756545436,8.574250123523766e-05
236,0.8799586699571411,8.562338961420498e-05
237,0.9922920137140876,8.547588892424559e-05
238,1.1052462498702353,8.530974151605131e-05
239,1.2128283267871147,8.513613425905765e-05
240,1.3082668126319918,8.496853518909946e-05
241,1.3445368952188599,8.490296045299721e-05
242,1.2620322711060472,8.505134115991948e-05
243,1.1670023832691048,8.520975142278943e-05
244,1.0784976022045432,8.534641617135716e-05
245,1.004698971839439,8.545221064126238e-05
246,0.9505997646090569,8.552483585535927e-05
247,0.9194234485490854,8.556570735955507e-05
248,0.7589350768552314,8.576265387517171e-05
249,0.840046527828618,8.567028586745677e-05
250,0.934762086721968,8.555219968068061e-05
251,1.032154717860948,8.541826179987868e-05
252,1.1260452090940978,8.527798216027477e-05
253,1.2122189645269208,8.513738523763386e-05
254,1.2624494092090737,8.505119150357684e-05
255,1.2127372576920576,8.513328046228878e-05
256,1.1242911611930424,8.527453899022646e-05
257,1.0568846076228255,8.537576727186651e-05
258,1.0020678328244699,8.545380504065862e-05
259,0.9648344415487615,8.550489241327308e-05
260,0.8255230683827017,8.568714994437978e-05
261,0.8928676170969492,8.560516852900503e-05
262,0.9663430688670055,8.55098202890642e-05
263,1.0409027743502566,8.54055663999928e-05
264,1.1139967148512975,8.529634038411417e-05
265,1.1771027923605706,8.519575338055305e-05
266,1.156191013927128,8.522287026373607e-05
267,1.0961279160635697,8.5314600440537e-05
268,1.053359849093948,8.537844785611044e-05
269,1.0204799530062205,8.542652508918622e-05
270,0.8643404450915037,8.56411857095202e-05
271,0.9078608295193737,8.558713788327297e-05
272,0.9579647477724729,8.552204158415142e-05
273,1.0147587162063247,8.544488178378747e-05
274,1.078038390537381,8.535355441000655e-05
275,1.1066208195475185,8.529866141521904e-05
276,1.0782670942807446,8.533885722613575e-05
277,1.0617610606481709,8.53637805288559e-05
278,0.8572582489084383,8.565128038677517e-05
279,0.8812007870710646,8.562311496166634e-05
280,0.9196654130823075,8.557499988385168e-05
281,0.9751927898733974,8.55020792138504e-05
282,1.0475726888842292,8.539911744003231e-05
283,1.0734146122179984,8.534392525458965e-05
284,0.8157288772214635,8.570369850419905e-05
285,0.8376141804995433,8.567844319920004e-05
286,0.8844125857071705,8.562116947556338e-05
287,0.956196128281448,8.552830680781856e-05
288,0.7764889656246698,8.574945250114962e-05
289,0.8163149861486969,8.570415403582037e-05
290,0.7336393731269987,8.578787176023874e-05
291,0.802782016191112,8.571225132883708e-05
292,0.8843301007931241,8.561590578759976e-05
293,0.9753909124719108,8.549802753928544e-05
294,1.07522629633099,8.535594595120662e-05
295,1.1831854066925604,8.518502745388254e-05
296,1.2966868718148938,8.498778272701849e-05
297,1.4085942588525722,8.477849040115441e-05
298,1.4999666626465495,8.459507513040923e-05
299,0.7562370932416287,8.576390942300714e-05
300,0.8240177976422075,8.56876980791801e-05
301,0.9091733083970183,8.55839112744178e-05
302,1.005281935546687,8.545528658451481e-05
303,1.1080062467750191,8.530445470082595e-05
304,1.2139659886020275,8.513211091245505e-05
305,1.3184533983955637,8.494858716602202e-05
306,1.4074696401035556,8.478135354077578e-05
307,1.4131356573001708,8.477076017684799e-05
308,1.3234783848405638,8.493940223655435e-05
309,1.2188937084584865,8.512489141132131e-05
310,1.1182597840893467,8.528816707009342e-05
311,1.0278726464776233,8.542203382670012e-05
312,0.9500036844654839,8.552853834974973e-05
313,0.8855742663903201,8.561097672030613e-05
314,0.8357605778393301,8.567178803556122e-05
315,0.7864565597569703,8.573066616215234e-05
316,0.8637023926063385,8.563946918196858e-05
317,0.9548155465261895,8.552285818164684e-05
318,1.0508165136329135,8.538865538319117e-05
319,1.146376278250061,8.524303889676904e-05
320,1.238013942563746,8.509119269795474e-05
321,1.317394701305666,8.495200860940034e-05
322,1.334633292991993,8.4921712009772e-05
323,1.2455996456219602,8.50792505664857e-05
324,1.1545756081251692,8.522952712072301e-05
325,1.0713177208554365,8.535682593281811e-05
326,1.000688899914422,8.545766346375483e-05
327,0.9449851429999044,8.553233218738118e-05
328,0.9060435251678767,8.558327960932889e-05
329,0.8414249517611581,8.56663307808217e-05
330,0.9224266881604396,8.556410006124782e-05
331,1.0079538658144156,8.544812974919916e-05
332,1.0906979068672764,8.532712113968184e-05
333,1.1673485338111738,8.520786513136287e-05
334,1.2338840755088383,8.509930433927375e-05
335,1.25527035801215,8.50644328450746e-05
336,1.180277276006184,8.518826647518974e-05
337,1.1080986881039956,8.530022699822637e-05
338,1.045424873510301,8.539265455785175e-05
339,0.9955055143531549,8.546254875106336e-05
340,0.9609591522154711,8.550969882235195e-05
341,0.9040960717025112,8.558787061883696e-05
342,0.9737666313945506,8.549442375938799e-05
343,1.0408181411627884,8.540002082243689e-05
344,1.1020932543701085,8.530965235715805e-05
345,1.1562637356403456,8.522695361888965e-05
346,1.1832540398744449,8.518464915698044e-05
347,1.1285809332882886,8.526818352799616e-05
348,1.0784688635964692,8.534267735574452e-05
349,1.038096056716153,8.540117144507537e-05
350,1.0094333028428568,8.54418792253225e-05
351,0.9425387125273803,8.553777540890662e-05
352,0.9914341418327919,8.547038552083414e-05
353,1.0373208540503278,8.540585150853202e-05
354,1.0810463890406885,8.534323912851132e-05
355,1.1167582388477606,8.528925949931699e-05
356,1.0999528969968135,8.530904050229498e-05
357,1.0622399927268669,8.536430790886588e-05
358,1.0447516778629966,8.539034238115941e-05
359,0.9393958434196626,8.554268398812378e-05
360,0.9711878705896629,8.549953389979441e-05
361,1.0062019211459332,8.545268507210262e-05
362,1.0478902962604941,8.539466045517451e-05
363,1.067835370752695,8.535600260081114e-05
364,1.056812588737837,8.537129090961619e-05
365,0.9047674757426211,8.55906501048215e-05
366,0.9348772598331563,8.555118346645379e-05
367,0.9767522040114467,8.54955822322142e-05
368,1.0342054711604372,8.541606771160632e-05
369,0.8714647751584286,8.56348651336233e-05
370,0.9169184853448306,8.557565581022883e-05
371,0.8643170427895165,8.563700780045355e-05
372,0.9226019912823675,8.556287986222322e-05
373,0.9927493564247533,8.546888316283036e-05
374,1.0706066702049177,8.53579547422411e-05
375,1.1539096737629886,8.523058349617989e-05
376,1.2401200327637085,8.508848203828084e-05
377,1.3180433627410277,8.495161751512877e-05
378,0.9155250675842568,8.557159663465799e-05
379,0.9781517805908533,8.548678822284652e-05
380,1.0438865926022152,8.53941985449157e-05
381,1.1091541018274174,8.529770008020693e-05
382,1.173367084299696,8.519887951425287e-05
383,1.2326038006789988,8.51022856209098e-05
384,1.235062888584992,8.509953410168786e-05
385,1.1712483895057053,8.520294542841031e-05
386,1.1064249811407483,8.530220738816356e-05
387,1.0480277146172332,8.538789311616319e-05
388,0.9965123054456876,8.546063722312077e-05
389,0.95338876591067,8.551983592848795e-05
390,0.9750422791127296,8.54906096854071e-05
391,1.0283133270981417,8.541434945320076e-05
392,1.0771159595224342,8.534361131675561e-05
393,1.1210818382120764,8.527890213207962e-05
394,1.1608252098924658,8.522003578035203e-05
395,1.1728357377235914,8.520188546656413e-05
396,1.1156782391870397,8.528848982605316e-05
397,1.0729488486192937,8.535055482069858e-05
398,1.03908064362511,8.539864496897985e-05
399,1.0131773149720422,8.543569128061845e-05
400,1.0135525620616523,8.543573563101462e-05
401,1.0480542856941373,8.538513537148497e-05
402,1.076499670839117,8.534513406161919e-05
403,1.1014220320849435,8.531072662283283e-05
404,1.1128542678838655,8.529441482600132e-05
405,1.0740319382732346,8.535000131910725e-05
406,1.052079085976743,8.537994724875972e-05
407,1.0408550748180372,8.539604466447269e-05
408,1.0142654687771175,8.543525548884878e-05
409,1.032678389189922,8.540912950100628e-05
410,1.0497972196463614,8.538664657684977e-05
411,1.065604660799897,8.536520800251695e-05
412,1.0461455964841762,8.538938700409647e-05
413,1.0428075714260843,8.539283314655843e-05
414,0.9858472542457127,8.54777439965052e-05
415,1.001938619541667,8.545560086590366e-05
416,1.02512941384046,8.542466580978059e-05
417,1.0406860834628424,8.539600517067105e-05
418,0.9576174769387595,8.551838974964944e-05
419,0.9866511687815817,8.547818534028377e-05
420,1.010040200907067,8.544014074927834e-05
421,1.0445891076139808,8.539033205228838e-05
422,1.0796396968029311,8.533970563034108e-05
423,1.1169019011712271,8.528598669631522e-05
424,1.1567154082970086,8.52277245462777e-05
425,1.0482744455226911,8.53835360949084e-05
426,1.0647448301987166,8.535986866932235e-05
427,1.0794192697532279,8.534040132148079e-05
428,1.0966773870454387,8.531896820665263e-05
429,1.0940301670150197,8.532335106577657e-05
430,1.0711648619227383,8.53541676742063e-05
431,1.0573144143001671,8.537181901122657e-05
432,1.0494158439773578,8.5382333410489e-05
433,1.0514225053097226,8.537932395206015e-05
434,1.0516946459384648,8.538077207194433e-05
435,1.0538691434794474,8.538124517743428e-05
436,1.0551682999742709,8.538108749246087e-05
437,1.037658417864907,8.54024876870218e-05
438,1.0423035226283541,8.539331979808228e-05
439,1.0269547937137695,8.541707763676765e-05
440,1.0237624183469187,8.542315142499784e-05
441,1.0266903006391979,8.54210392860719e-05
442,1.0190816496663588,8.542978170077189e-05
443,1.0018649842790763,8.54548424709991e-05
444,1.0104520689124625,8.54432717983486e-05
445,1.0528605948388783,8.537705601014833e-05
446,1.0443259982324842,8.539203397833245e-05
447,1.0453491350151374,8.539433959726734e-05
448,1.0299917460026342,8.541295455479746e-05
449,1.0171370807251818,8.543333126635016e-05
450,1.0103664744291383,8.544425930918785e-05
451,1.0192933187378534,8.542812474482506e-05
452,1.0063275962551963,8.544823120816747e-05
453,1.0033570718973244,8.545291259151463e-05
454,0.9960369955743413,8.546427070405262e-05
455,0.0,0.0
456,0.2403318495595724,8.613337968992671e-05
457,0.4562970396120541,8.602882775132309e-05
458,0.6470633185614235,8.588056922310658e-05
459,0.8205644711940434,8.570153318823881e-05
460,0.9814306859537844,8.5497309457375e-05
461,1.1312126982596489,8.527429638907665e-05
462,1.270115011231819,8.503935155603757e-05
463,1.3974522486177308,8.480028591738077e-05
464,1.5112295157282718,8.456975874031832e-05
465,1.6073534101341667,8.43625919155032e-05
466,1.6791088809595816,8.419680372379998e-05
467,1.7181475115280163,8.410440782505611e-05
468,0.24106019525944708,8.613101367808546e-05
469,0.40995460185722926,8.605459471466368e-05
470,0.6011186260389642,8.592005410730878e-05
471,0.7815617685807722,8.574447286941483e-05
472,0.9511794015005295,8.553754173864916e-05
473,1.110115980509094,8.530568593512003e-05
474,1.2573661951323687,8.506014367879698e-05
475,1.391348303067028,8.48107254195328e-05
476,1.5094210285606222,8.457188788784918e-05
477,1.6067803870855093,8.436152671600145e-05
478,1.6760092684146919,8.420399430944658e-05
479,1.708581955673516,8.412730769460248e-05
480,1.7214639472180775,8.409616446244067e-05
481,1.718082074973164,8.410448127586338e-05
482,1.6756415807074139,8.420488902587428e-05
483,1.600075342121793,8.437760604849442e-05
484,1.4983326113655429,8.45961832903386e-05
485,1.3761506265173826,8.48416576984733e-05
486,1.2377886660629267,8.509631756074417e-05
487,1.0865064468493923,8.534486347109125e-05
488,0.9249972897280145,8.557376936163209e-05
489,0.7554184965031046,8.577456387435955e-05
490,0.5789716222189442,8.594049611477877e-05
491,0.39779893283490597,8.606481475643905e-05
492,0.42955167356213364,8.60404627810648e-05
493,0.5447490181594561,8.596228800103897e-05
494,0.6986263690144793,8.582873912902485e-05
495,0.8616555952621148,8.56495640109616e-05
496,1.023053655389552,8.543467613036923e-05
497,1.1775391304384666,8.519491893369678e-05
498,1.3215562241195993,8.494028959205805e-05
499,1.4512285969953456,8.468949201709973e-05
500,1.559916072632849,8.446390898077512e-05
501,1.6369387240970688,8.429316795717731e-05
502,1.6704040238964764,8.421635993321765e-05
503,1.6935892035271871,8.416221526075257e-05
504,1.7248523273086143,8.408749253449425e-05
505,1.7148270651333888,8.411243759261306e-05
506,1.6651247891805918,8.422990957529896e-05
507,1.5813687047629212,8.44196613069906e-05
508,1.4704499320500348,8.465420516616867e-05
509,1.3390476361386625,8.491290865516534e-05
510,1.1932937818072378,8.517319750629109e-05
511,1.0388762853359264,8.541617662810523e-05
512,0.881202852743071,8.562959201726344e-05
513,0.7256501678838172,8.580510260302414e-05
514,0.5474969231082837,8.595888343682145e-05
515,0.6237509381621653,8.589662219769825e-05
516,0.7496608999606847,8.577519628269039e-05
517,0.8996731556748325,8.560079878567509e-05
518,1.0571539280259763,8.538305907017476e-05
519,1.2117371625662907,8.513522349866759e-05
520,1.3556024572866465,8.487579697656629e-05
521,1.4795582254079604,8.463137151805461e-05
522,1.5696355270201354,8.44430645541943e-05
523,1.6090889231688594,8.435829072309392e-05
524,1.636667173933165,8.429544884091271e-05
525,1.6966703493240298,8.415573316342552e-05
526,1.7184908755853414,8.41037946996279e-05
527,1.6990749592887775,8.41496258396785e-05
528,1.6406072232536446,8.428767594974668e-05
529,1.549252959303461,8.449033494395874e-05
530,1.433095562804899,8.473008406306484e-05
531,1.3005973536483555,8.498481088717381e-05
532,1.159786494864828,8.522754551980946e-05
533,1.0178862696747137,8.54467622987514e-05
534,0.6030466882252182,8.591408735296646e-05
535,0.6573712684043149,8.586624611676391e-05
536,0.7734904147179392,8.574897797627275e-05
537,0.9238197163097127,8.556871810335332e-05
538,1.0854779630972713,8.53395625228475e-05
539,1.2424312319867215,8.508168002349919e-05
540,1.3810722919606515,8.482695918478759e-05
541,1.4846521880137469,8.462303589081872e-05
542,1.5322506912217078,8.452611807550457e-05
543,1.5554873059103071,8.447587053281865e-05
544,1.634999468861977,8.429879062705841e-05
545,1.6837252926332682,8.41867610103513e-05
546,1.6959971923513766,8.41584904341697e-05
547,1.6696797192997619,8.422203116432703e-05
548,1.6074866435116772,8.436340209697357e-05
549,1.516358035487697,8.456176813882663e-05
550,1.4054273051456263,8.478649247491377e-05
551,1.2839316653261685,8.501463691652322e-05
552,0.6265004303632404,8.589436144619269e-05
553,0.6804002917302164,8.584460687968033e-05
554,0.8030874937325443,8.571532791889866e-05
555,0.9605056028037192,8.551893167766013e-05
556,1.1244239346127674,8.52778239121369e-05
557,1.274117501174502,8.5025804925589e-05
558,1.3894512477650969,8.481339701895476e-05
559,1.4460495576372645,8.470537925312288e-05
560,1.4561402746701606,8.468315708788495e-05
561,1.545324067858577,8.449824746754448e-05
562,1.6130787386484944,8.435016609054751e-05
563,1.654099967117673,8.425692905120805e-05
564,1.663488819605056,8.423558632466429e-05
565,1.6389807488620138,8.42930123351182e-05
566,1.5829561841244804,8.441800529622305e-05
567,1.5021961243471291,8.459026391621419e-05
568,0.6594106957605887,8.586452683187571e-05
569,0.7258693848784881,8.579877704072821e-05
570,0.8554618151812486,8.565306300148745e-05
571,1.0111689904705221,8.544749250243851e-05
572,1.163253156587364,8.521495331748444e-05
573,1.2867427886874063,8.500571150240794e-05
574,1.353359739093392,8.488567198986204e-05
575,1.3464026597040495,8.489972545089547e-05
576,1.4355318721371269,8.472483633335443e-05
577,1.514455588812069,8.456374165766017e-05
578,1.5782457709259106,8.442660752456435e-05
579,1.6217643682029246,8.433207641659391e-05
580,1.638925881786932,8.429315143313322e-05
581,1.6256857597894254,8.432377062263484e-05
582,0.721125777688367,8.580360029658518e-05
583,0.7924885879635382,8.572647842672101e-05
584,0.9139910846554091,8.557930850419143e-05
585,1.0520466193232818,8.538774785612757e-05
586,1.1764824705318404,8.519443072184289e-05
587,1.2543630475125718,8.506681356724688e-05
588,1.2608302339814426,8.505487573876521e-05
589,1.3139748217462575,8.495855318025549e-05
590,1.3986111087569788,8.479799876369541e-05
591,1.4790830899704321,8.463756733704697e-05
592,1.5512563530256893,8.448586796736237e-05
593,1.6075690189271228,8.436365434608481e-05
594,0.7898556808963063,8.572948972755172e-05
595,0.8480601396414775,8.566138576074154e-05
596,0.9474985431668477,8.553575056184296e-05
597,1.0593691246690065,8.537783644842895e-05
598,1.1482081756774452,8.52425307942756e-05
599,1.1751593642420257,8.519846774581981e-05
600,1.188364207159072,8.517934484495358e-05
601,1.2762710812996239,8.50276897119388e-05
602,1.3691232475939012,8.48553880655349e-05
603,1.463332940458381,8.467052476281927e-05
604,0.829033061470889,8.568473410641463e-05
605,0.8633976026142605,8.564430371785375e-05
606,0.9407673458628826,8.554609124771835e-05
607,1.0336589813098074,8.541732995119874e-05
608,1.0913128427335774,8.532888881044386e-05
609,1.094731644973176,8.531674950042714e-05
610,1.1565927740020883,8.523236857922708e-05
611,1.259131267537177,8.505796733008163e-05
612,0.8201581688370075,8.569747049940355e-05
613,0.8359526810387409,8.567971800958642e-05
614,0.9104560202073465,8.558775537431687e-05
615,1.0083649343845322,8.545266810772536e-05
616,1.04716817176819,8.538742150609915e-05
617,1.0626042438014587,8.536043439699819e-05
618,0.7752678421618248,8.575089973265621e-05
619,0.793761448082889,8.573101017834694e-05
620,0.897525861374188,8.560557281093789e-05
621,1.016568315707872,8.543161563079225e-05
622,0.733013638120344,8.57977139058934e-05
623,0.7751985516700255,8.575191701204278e-05
624,0.5434576292216304,8.596688411818832e-05
625,0.7038119162181835,8.582668079590399e-05
626,0.8683514089208217,8.564480731851584e-05
627,1.0308050369928206,8.542618198345346e-05
628,1.1867777785384472,8.518230023964423e-05
629,1.3322910977071933,8.492313476578147e-05
630,1.463054461961495,8.466826367834596e-05
631,1.5734704734401406,8.443550276900227e-05
632,1.6560888786950094,8.424950180817273e-05
633,1.7027738299831439,8.414020799668062e-05
634,1.709871898529529,8.412386121936047e-05
635,0.6407504955169278,8.588416448065436e-05
636,0.7739414829041283,8.575228516216492e-05
637,0.9244145645940262,8.557241930090213e-05
638,1.0806506116000392,8.535046065713582e-05
639,1.2342039223543075,8.509850842313248e-05
640,1.3780329599870775,8.48335420492508e-05
641,1.5041047258627165,8.458061031278052e-05
642,1.601460002859088,8.437314878498428e-05
643,1.6577577153578433,8.424723944227414e-05
644,1.6695446349502632,8.421922231234853e-05
645,1.6853514869121993,8.418149271108206e-05
646,1.7090867092093345,8.412590249506226e-05
647,1.693951549994575,8.416259291269851e-05
648,1.6366029771953197,8.429547160952969e-05
649,1.5431357053755719,8.450267524169227e-05
650,1.4225778313089827,8.475105202919363e-05
651,1.2840150155656405,8.501223093646261e-05
652,1.1355421682131954,8.52669703058529e-05
653,0.9844768218011752,8.549440981276241e-05
654,0.8379527703860407,8.568076085080832e-05
655,0.6895571572669144,8.583764135537706e-05
656,0.805045254867799,8.57163289441686e-05
657,0.9499887654402734,8.553760115708381e-05
658,1.1072546923055682,8.530852294469848e-05
659,1.2631478605176774,8.504686803210096e-05
660,1.405452879116812,8.47808280571574e-05
661,1.519716672384159,8.455041554820217e-05
662,1.588515433819072,8.440390471235065e-05
663,1.60476807495689,8.43684390141133e-05
664,1.6272479626403875,8.43155860043558e-05
665,1.6773108454970447,8.420183165695408e-05
666,1.6952280967790279,8.416008138433098e-05
667,1.6708656639497608,8.42175978607892e-05
668,1.6054213423363048,8.43665037581484e-05
669,1.506406104111656,8.458061901278216e-05
670,1.3844037278449441,8.482585400136453e-05
671,1.2503827929478333,8.50735852086547e-05
672,1.1142671393122885,8.530071504774862e-05
673,0.7106482471395265,8.581660486704425e-05
674,0.8252497985496381,8.569272406009616e-05
675,0.975537241118139,8.550150101998511e-05
676,1.1376336471936075,8.525953083500573e-05
677,1.292267837576277,8.499407984659537e-05
678,1.421028849936608,8.475178827515296e-05
679,1.5020735599212287,8.458988419790334e-05
680,1.5222399603702517,8.454825760920994e-05
681,1.54227724891817,8.450304897543521e-05
682,1.6088503674162085,8.435821429864822e-05
683,1.6551265706132965,8.425348139368141e-05
684,1.6666242436036907,8.42286942209085e-05
685,1.6387034945849501,8.42927206244734e-05
686,1.5736560178643468,8.443915325563032e-05
687,1.479728070947735,8.463652623553722e-05
688,1.3682042342722027,8.485582790355252e-05
689,0.7393346944092007,8.57870017454797e-05
690,0.8620217035157376,8.564819807597369e-05
691,1.0165854576501727,8.544291689964249e-05
692,1.174685664382084,8.519863550130825e-05
693,1.3124966638460935,8.495838882393107e-05
694,1.4040620194536386,8.478891048348308e-05
695,1.4287273992607423,8.474089186146035e-05
696,1.4395022089615865,8.471563851925561e-05
697,1.5121529920728851,8.456717826476237e-05
698,1.578406906870579,8.442729257059969e-05
699,1.6224169225681946,8.432946315417716e-05
700,1.6359946169746473,8.429894702478875e-05
701,1.614624610610746,8.43481548630342e-05
702,1.559994410764853,8.446831814144185e-05
703,0.7932341655282564,8.572786075537117e-05
704,0.9156680401302,8.558037674387186e-05
705,1.0606380482499949,8.537744181664704e-05
706,1.1981201984283343,8.51604223532694e-05
707,1.2977327489741255,8.498885593090073e-05
708,1.3298424425668747,8.49315657547181e-05
709,1.328610034381945,8.492987884539865e-05
710,1.3939365499839884,8.480591281702397e-05
711,1.4764319501129195,8.464136026674872e-05
712,1.5456923270912555,8.449812516165897e-05
713,1.5975224459050172,8.438537649588891e-05
714,1.6226223725011328,8.433047332848569e-05
715,0.8537349030388355,8.565667244475314e-05
716,0.9598073954796431,8.552099581034806e-05
717,1.0814092023095243,8.534646916250433e-05
718,1.1845130390306469,8.518491318239075e-05
719,1.2295894940695218,8.510952278443552e-05
720,1.221211783493351,8.512084571494046e-05
721,1.2740521647281091,8.502992526121383e-05
722,1.362264440811495,8.486837152871937e-05
723,1.4493373118558763,8.469866757481282e-05
724,1.5313628862744901,8.452945543734549e-05
725,0.8875702907612183,8.561504688732344e-05
726,0.9693179757153904,8.550859806407122e-05
727,1.0654926182664395,8.537093304761071e-05
728,1.130066800176431,8.52721209419412e-05
729,1.1340501678118564,8.526009413354976e-05
730,1.1573651669465481,8.522959127939707e-05
731,1.2473823899550298,8.507770204624137e-05
732,1.346484595692697,8.489734741597116e-05
733,0.878225132831067,8.562832767019156e-05
734,0.9447553657564497,8.554341917679545e-05
735,1.0297840453004907,8.542374680363713e-05
736,1.066381171082735,8.53626852727921e-05
737,1.068191721535067,8.53545753298892e-05
738,1.1375347817345083,8.526234498290491e-05
739,0.8404027013123831,8.567625468053568e-05
740,0.9195777920790927,8.557801043589988e-05
741,1.0154028654398952,8.543870045324653e-05
742,1.0386022633366019,8.539820224454954e-05
743,0.8122653296836989,8.571101035772867e-05
744,0.9251282925489976,8.557136475547353e-05
745,0.88998709692841,8.561779009669142e-05
746,1.0279765320019376,8.543085172957032e-05
747,1.1766629138809652,8.519838327930816e-05
748,1.3249048570138033,8.493669776383323e-05
749,1.4609682166322315,8.467209905467751e-05
750,1.571416698584057,8.444059411189207e-05
751,1.6419473444801154,8.428411309937311e-05
752,1.6632909231657167,8.423404602529567e-05
753,1.6435769446748287,8.427867742790794e-05
754,0.9123131869833553,8.55883507474814e-05
755,1.0506163605356362,8.539662184185574e-05
756,1.202824202457346,8.515318354399464e-05
757,1.3517872120204264,8.488627361945417e-05
758,1.4793182873946287,8.46350888558493e-05
759,1.5649100700188794,8.445616180667757e-05
760,1.5928407377328284,8.439550237798346e-05
761,1.5728230004147388,8.443627995652326e-05
762,1.577472268989807,8.442503883243933e-05
763,1.6245998535704567,8.432306814965668e-05
764,1.6427052880656021,8.428376855953834e-05
765,1.613013427826047,8.435075951461008e-05
766,1.535546339366342,8.45197026105989e-05
767,1.4223104409778269,8.475122837783631e-05
768,1.2897295697677857,8.500171076092811e-05
769,1.1536861347566831,8.523762581430841e-05
770,0.9358916243136558,8.555707208629698e-05
771,1.0794265313566613,8.535401334493355e-05
772,1.2322501829053099,8.51035303380068e-05
773,1.3710479032277536,8.484997184555405e-05
774,1.4698241811278858,8.46568963597029e-05
775,1.504622712972898,8.458628553447933e-05
776,1.4832288893900727,8.462723136876607e-05
777,1.4791317296309003,8.463240402020183e-05
778,1.5458966317452236,8.449438849947992e-05
779,1.5965726521764794,8.438663845266917e-05
780,1.6121856422768837,8.435334759349664e-05
781,1.5824198222578092,8.442053715586911e-05
782,1.509422933645291,8.45748388294913e-05
783,1.406094201121973,8.478295109089894e-05
784,0.976092447407537,8.55025618712378e-05
785,1.1165643122101667,8.529538816432568e-05
786,1.2556043879503729,8.50633884801885e-05
787,1.3626796846523888,8.486880832076708e-05
788,1.4051301596837749,8.478769698402795e-05
789,1.3846155387234933,8.482402003416224e-05
790,1.3715049795130443,8.48456330806765e-05
791,1.4421751931533484,8.471001825638984e-05
792,1.513433660015434,8.456563880081571e-05
793,1.5672481805920646,8.445117282433233e-05
794,1.5888935506314612,8.4405600925599e-05
795,1.5690835141746702,8.444884292799135e-05
796,1.0195844172667972,8.544068658051444e-05
797,1.1413610922481467,8.525622704942735e-05
798,1.2483418128759345,8.50779626554714e-05
799,1.2997536097922033,8.498801999643503e-05
800,1.2846634513192932,8.501194021123615e-05
801,1.264130426158857,8.504337585252378e-05
802,1.328580050227286,8.492881991865016e-05
803,1.4100341261424423,8.477460077284911e-05
804,1.489937004770951,8.46152171868145e-05
805,1.5545264650780144,8.448101249453096e-05
806,1.0396124441111123,8.541174392489045e-05
807,1.1320206978254421,8.527221713037541e-05
808,1.1928770121479049,8.517345173288563e-05
809,1.189855961666024,8.517388259338338e-05
810,1.1658884477956433,8.520912288945643e-05
811,1.203898646814778,8.515027285912513e-05
812,1.3017653370264066,8.497940721663662e-05
813,1.396515735891729,8.480196049513552e-05
814,1.0234123054833866,8.543663075250509e-05
815,1.0878927234868245,8.533968598196289e-05
816,1.1063537569163904,8.530556172521515e-05
817,1.089773396970463,8.532567438479786e-05
818,1.1101807517962843,8.530211912084068e-05
819,1.2007118366188223,8.515686487261239e-05
820,0.9898381833324845,8.548434943793449e-05
821,1.0387340057506056,8.540745796516746e-05
822,1.0428536111314022,8.53940025024497e-05
823,1.0481738893606314,8.538467773821157e-05
824,0.987059774110644,8.54843520260537e-05
825,1.0186963384139223,8.542931476216881e-05
826,1.178896729265013,8.51949607888585e-05
827,1.3163057703470038,8.495271762044596e-05
828,1.4418782152816518,8.471154282462612e-05
829,1.5322545599600645,8.452789025712884e-05
830,1.5674878109588917,8.44522907991706e-05
831,1.5468140334639686,8.449424591209438e-05
832,1.4963592180317775,8.459701990239773e-05
833,1.2081010854997916,8.514577248897559e-05
834,1.3365722911918518,8.491658146010126e-05
835,1.435958145097267,8.472658863888419e-05
836,1.4768364401726184,8.46444193606677e-05
837,1.4543723352482074,8.468736174690948e-05
838,1.4005128963719877,8.479061308022856e-05
839,1.3944160851007639,8.480081788561705e-05
840,1.4602421295001544,8.467421437080387e-05
841,1.5179854278850398,8.455576091971423e-05
842,1.539451831692338,8.451294332964073e-05
843,1.5074030597470156,8.457936796437255e-05
844,1.425952399456093,8.474578843541329e-05
845,1.231803359063143,8.510606686054547e-05
846,1.3312694071655085,8.492854578412651e-05
847,1.3772480242007072,8.484278890098687e-05
848,1.356044418308682,8.488131791734985e-05
849,1.302286943319994,8.497622042283623e-05
850,1.2762583399914997,8.50204572289794e-05
851,1.3543299829588777,8.488078926203342e-05
852,1.4321064487335855,8.473158227679887e-05
853,1.496889250783827,8.460222989941368e-05
854,1.5270551925368772,8.453970248863124e-05
855,1.2261149567237817,8.511726984999343e-05
856,1.2744969052320707,8.503348055550225e-05
857,1.2587270071380612,8.505878139492344e-05
858,1.2095575325967034,8.513838134812685e-05
859,1.1790837804090653,8.518733320931509e-05
860,1.2463384493931455,8.507688329583803e-05
861,1.331120484134553,8.492576536193987e-05
862,1.4205157649578286,8.47551424938583e-05
863,1.174803799525918,8.520430735368042e-05
864,1.1688397378011777,8.520965873248106e-05
865,1.1291131650841866,8.526839400253617e-05
866,1.099029472695867,8.53135622613707e-05
867,1.148728792823061,8.523995795369798e-05
868,1.2323512515462862,8.510208545686242e-05
869,1.0929504398275613,8.532799294760807e-05
870,1.068120010933203,8.536067245249742e-05
871,1.0460448221206895,8.538979759741588e-05
872,1.0658536209886427,8.536715024714339e-05
873,1.0312969206233207,8.541176833857791e-05
874,1.0269460007214737,8.54172462159877e-05
875,1.420969383124516,8.47561730460101e-05
876,1.4549286586461512,8.468881790179329e-05
877,1.4288585477084985,8.474055319952973e-05
878,1.3658488292862812,8.485990292712636e-05
879,1.2979582678679231,8.49829249277181e-05
880,1.364524457714669,8.486796114801327e-05
881,1.3366179100915,8.491842459736267e-05
882,1.27231840335272,8.503255222149258e-05
883,1.2057952677828694,8.51442369065332e-05
884,1.194910792050178,8.516180733343159e-05
885,1.2635915542595784,8.504745820036277e-05
886,1.3453066159518254,8.490029924937554e-05
887,1.4180381705150527,8.476095807229234e-05
888,1.2477726391487307,8.507890092359545e-05
889,1.1870166880925366,8.517792693334048e-05
890,1.1260157975789242,8.527292304658587e-05
891,1.096490275263353,8.531822215250613e-05
892,1.1659614333877564,8.521135351407027e-05
893,1.2512214761542602,8.506940820322655e-05
894,1.1170447631044846,8.528773387450419e-05
895,1.0663208971959266,8.536220055398894e-05
896,1.0403112142070672,8.540080879413498e-05
897,1.086491916321398,8.533524499128008e-05
898,1.0332034699950718,8.540945903469919e-05
899,1.0190151951564905,8.542901689289619e-05
900,1.2611267152897165,8.505352728716627e-05
901,1.1798553546604977,8.518931098502488e-05
902,1.1142124882104647,8.529090412427612e-05
903,1.1116443409712673,8.529683844690317e-05
904,1.0531172786578575,8.538360776989995e-05
905,1.0417763979554249,8.540022188410111e-05
906,1.0982221705470343,8.53174938938227e-05
907,1.0204330040487128,8.542961558021678e-05
908,1.00501667439036,8.545128698217638e-05
909,1.0060361582487591,8.545054431562708e-05
910,0.0,0.0
911,0.3255133971081433,8.609710009403774e-05
912,0.638485108407664,8.588081804490269e-05
913,0.9284331094507485,8.555769933901886e-05
914,1.1887530086794105,8.516166585295144e-05
915,1.418000462093541,8.473389390217899e-05
916,1.6203093291497943,8.4292336095997e-05
917,1.804606888968191,8.384476320055734e-05
918,1.9822980989861814,8.337872500913031e-05
919,2.1633757283058097,8.286453594921728e-05
920,2.3514842261802014,8.227866030106364e-05
921,2.5375279687806755,8.162299699283642e-05
922,2.6817621232253104,8.110107367445907e-05
923,0.41944386297003955,8.605132934580919e-05
924,0.6578170271816026,8.5869207507601e-05
925,0.9158487620004753,8.557934128674969e-05
926,1.1643282272194972,8.52056884980494e-05
927,1.391048256051409,8.479117857047666e-05
928,1.5936646335351827,8.435891973887726e-05
929,1.7766247331977572,8.391933304050257e-05
930,1.948306332142069,8.34726308970177e-05
931,2.1175722073319574,8.30024629405094e-05
932,2.2893202502819117,8.248080742298433e-05
933,2.458013786789398,8.190758456529015e-05
934,2.5950685413286285,8.140881249555329e-05
935,2.6391829397506004,8.124574198559162e-05
936,2.5595990908660835,8.152829073437059e-05
937,2.407669191725721,8.208215924833813e-05
938,2.2343697000243092,8.265305892931253e-05
939,2.060111487593602,8.316373664346539e-05
940,1.8874106969993663,8.363446823548614e-05
941,1.7101950896978173,8.40811011084408e-05
942,1.5192797387484658,8.452415818331343e-05
943,1.3066669774355806,8.495335317144963e-05
944,1.0687865882813539,8.535929761865275e-05
945,0.8089115508327201,8.570817567737355e-05
946,0.5412200838823366,8.596517652095373e-05
947,0.8286541140288519,8.569190322145518e-05
948,1.0383392430818734,8.540945434531318e-05
949,1.2509803093056127,8.505824561856666e-05
950,1.4538058556958802,8.467063415242061e-05
951,1.6399502093668694,8.426085619505607e-05
952,1.8076209286748282,8.384919003586758e-05
953,1.959169742444803,8.345290572720454e-05
954,2.099044163941772,8.306209376203061e-05
955,2.2311121182406537,8.267225745498762e-05
956,2.3543246708157604,8.227621947705882e-05
957,2.4560445499461263,8.193238883133047e-05
958,2.5119126523238946,8.171607768366354e-05
959,2.4976208519694802,8.174093868768994e-05
960,2.4213437207741992,8.201656598732281e-05
961,2.299920464463705,8.244478899329893e-05
962,2.1538794255416973,8.289704853629688e-05
963,1.996602805214931,8.334397533715885e-05
964,1.831283795951735,8.37805981929636e-05
965,1.6550119169838424,8.42181832825408e-05
966,1.463361657421383,8.464627726582772e-05
967,1.2542313799013913,8.505201143092134e-05
968,1.0311333594756291,8.541791774077583e-05
969,1.2178159861458464,8.511928363186402e-05
970,1.402738608541263,8.477438412655942e-05
971,1.5748229988845661,8.441312077570096e-05
972,1.7309187328237352,8.40475801097086e-05
973,1.8687972478836188,8.369689061793648e-05
974,1.9867204514462067,8.338460800194159e-05
975,2.0848654479490727,8.311035176463502e-05
976,2.165902862111947,8.287172388824165e-05
977,2.235315634245477,8.265643899663595e-05
978,2.2985264279087123,8.24577922981209e-05
979,2.3524392783880588,8.227164725981263e-05
980,2.3822197258604882,8.214767420252001e-05
981,2.3682646957741067,8.21937940233766e-05
982,2.3178079092079455,8.237182165238239e-05
983,2.229753094181592,8.266648530116259e-05
984,2.1089897929412214,8.30310755178392e-05
985,1.9651892736460843,8.343163885986663e-05
986,1.8052701242216918,8.384921442225591e-05
987,1.6318734318218857,8.427579580399273e-05
988,1.446589912064838,8.468376798388871e-05
989,1.5742186840642374,8.441597065492082e-05
990,1.7246060891468602,8.405676058845301e-05
991,1.8400522958934835,8.377366312899091e-05
992,1.932226491255544,8.353451199203963e-05
993,2.003797536516003,8.334058866604623e-05
994,2.0528878219238758,8.320253456016268e-05
995,2.082208742920665,8.311236468293905e-05
996,2.1029624902040687,8.304908006388503e-05
997,2.1330620290134523,8.296111189159207e-05
998,2.1810452405949254,8.281900733217439e-05
999,2.2445843120184303,8.260588403890806e-05
1000,2.2716982584757046,8.249632581250518e-05
1001,2.2732074340827273,8.251129422361922e-05
1002,2.252002460253966,8.259449065525966e-05
1003,2.2007361861824486,8.276046366962193e-05
1004,2.102387460211579,8.305187161985679e-05
1005,1.9619646433018467,8.344177832076404e-05
1006,1.80076179148676,8.386171803598384e-05
1007,1.8753343382274394,8.368411546520763e-05
1008,1.949062717600663,8.348507065464829e-05
1009,1.9762351837389627,8.34099353452542e-05
1010,1.9947961594699728,8.336253078598559e-05
1011,1.9951048150173085,8.33598585573611e-05
1012,1.9786755749180163,8.340182923321088e-05
1013,1.9606007538761745,8.344503830494606e-05
1014,1.9655617996636325,8.34286249655874e-05
1015,2.008229239328935,8.331154476406317e-05
1016,2.0736653756036674,8.311429209792685e-05
1017,2.160852996725398,8.284556482480434e-05
1018,2.1986560613156767,8.273205495477132e-05
1019,2.2196551714086477,8.269138426953793e-05
1020,2.2363232792042798,8.266376844229602e-05
1021,2.230700413050765,8.267755659882573e-05
1022,2.1170534974991795,8.300766676067873e-05
1023,2.010362332552317,8.330082057701993e-05
1024,1.9873868666154704,8.336265824025555e-05
1025,1.9625299759836539,8.3438299873827e-05
1026,1.9187485519843221,8.355689811112135e-05
1027,1.8620913784972974,8.370458107533747e-05
1028,1.812869204571183,8.382770397054368e-05
1029,1.7989633820101067,8.385285168621734e-05
1030,1.8385799248670507,8.375668704498578e-05
1031,1.914281209604984,8.356018210417848e-05
1032,2.0464785250416107,8.317886522648419e-05
1033,2.1259317188586957,8.29457783539969e-05
1034,2.1770682020741217,8.282407250874963e-05
1035,2.216907062104873,8.273246217860028e-05
1036,2.2631133549016584,8.260873651634882e-05
1037,1.981577647530639,8.336431594965053e-05
1038,1.9362709414440435,8.349545356224329e-05
1039,1.8402001301454733,8.375433042406602e-05
1040,1.7414405090833749,8.401233096711616e-05
1041,1.6640514832584674,8.419626339014889e-05
1042,1.6333775558510146,8.425630124049133e-05
1043,1.6707700707162914,8.416627767354829e-05
1044,1.756343523306591,8.396681612130884e-05
1045,1.9206720413307514,8.353349085162534e-05
1046,2.05688782013677,8.314946663364047e-05
1047,2.1591410322560853,8.288417703775936e-05
1048,2.1929545662540773,8.28060867665188e-05
1049,1.9196533923991836,8.356470437977916e-05
1050,1.7608059541643857,8.396473383406576e-05
1051,1.6204344567660531,8.430410284548458e-05
1052,1.5171305536870974,8.453436303612223e-05
1053,1.4679685315759496,8.463210186223925e-05
1054,1.4993958644248417,8.45621618122764e-05
1055,1.5942758410377869,8.435546719886322e-05
1056,1.7199918196987076,8.40569005835961e-05
1057,1.944897230077942,8.347008265191432e-05
1058,2.1248704752897085,8.29644812523454e-05
1059,1.6383886351779324,8.427034811150425e-05
1060,1.4925233230483113,8.459211009970058e-05
1061,1.3742828361489223,8.4832984093313e-05
1062,1.306005814697749,8.495872331874908e-05
1063,1.3203299211182864,8.492898992720259e-05
1064,1.4219805670526329,8.473212820294689e-05
1065,1.561243072966656,8.44365510971828e-05
1066,1.7727777560964482,8.392506812253148e-05
1067,1.3583715554668514,8.486791380497638e-05
1068,1.2408558996487289,8.508370552469913e-05
1069,1.161372322516388,8.521533632657112e-05
1070,1.1422694533295044,8.52443600140541e-05
1071,1.2399014533437396,8.508253205765178e-05
1072,1.3960889838752104,8.478876966213375e-05
1073,1.1295535643187657,8.527024859127298e-05
1074,1.054017636155437,8.538387096602965e-05
1075,1.0187643916351938,8.543291013645147e-05
1076,1.0600042240342025,8.537858224604945e-05
1077,0.9935175292167422,8.547013012294823e-05
1078,0.9802878032201182,8.548787728759832e-05
1079,0.8712294107806964,8.563838124651367e-05
1080,1.1003439674300208,8.531318978911039e-05
1081,1.3215646621963724,8.492871044448091e-05
1082,1.525492799177448,8.45157091450424e-05
1083,1.710294432621746,8.408615000516827e-05
1084,1.8792506050247728,8.366143916333864e-05
1085,2.0380312475215048,8.323035830598597e-05
1086,2.1911848699207073,8.27897888921693e-05
1087,2.337382329503884,8.232565135319745e-05
1088,2.4630160632564126,8.18821523926866e-05
1089,2.5401957446269248,8.16036511119711e-05
1090,1.232629124140304,8.509232328595655e-05
1091,1.425051778397928,8.473009285559767e-05
1092,1.6051708197234829,8.434538146737717e-05
1093,1.7684197881771013,8.39507815491276e-05
1094,1.9134810294806994,8.35772029480606e-05
1095,2.041406237906679,8.322982957493301e-05
1096,2.1543393180737063,8.290570539701803e-05
1097,2.2537893612366844,8.259790986882977e-05
1098,2.3379959227390854,8.232092272537938e-05
1099,2.3996986564714486,8.211500624603519e-05
1100,2.4280446515826366,8.200586340553256e-05
1101,2.406154475935129,8.207051100348351e-05
1102,2.3451557863752246,8.228452886995761e-05
1103,2.249763349148342,8.260323738315596e-05
1104,2.1294777960330458,8.297366732067595e-05
1105,1.992494801274556,8.33592885908809e-05
1106,1.8417015660476137,8.375825631976383e-05
1107,1.6763827652773928,8.417155061970886e-05
1108,1.4955171788842208,8.45828473182455e-05
1109,1.300838867295624,8.496953425130099e-05
1110,1.571639215497318,8.44193087710813e-05
1111,1.7222572502572708,8.406551999041098e-05
1112,1.851583517154332,8.37458810067769e-05
1113,1.9589598680044467,8.34623841441581e-05
1114,2.043581734781549,8.322736871122584e-05
1115,2.106737820524646,8.304716318980216e-05
1116,2.1542644659124206,8.290168402673311e-05
1117,2.1968556130642023,8.276873396845935e-05
1118,2.2422070305489608,8.263053765221561e-05
1119,2.2842925981507696,8.249190269597879e-05
1120,2.307978569950765,8.239661384141977e-05
1121,2.298220683305286,8.243003677980039e-05
1122,2.2627515336455826,8.255560684230713e-05
1123,2.198833625711036,8.276604110754089e-05
1124,2.102812720627971,8.305265283255981e-05
1125,1.9775757633316695,8.340173345915682e-05
1126,1.8305476024807712,8.378980687230175e-05
1127,1.6680240686239631,8.419358669567412e-05
1128,1.84895361700144,8.374757035722913e-05
1129,1.9334550687401488,8.352930605205134e-05
1130,1.9908319122319458,8.337525607636444e-05
1131,2.025107888424135,8.327888255487557e-05
1132,2.0378923100308337,8.32389143495218e-05
1133,2.038477252193179,8.322956763538433e-05
1134,2.0459740993649755,8.320701426945895e-05
1135,2.0781323391942412,8.311965617319046e-05
1136,2.129357016529832,8.296504347448384e-05
1137,2.1929898238486203,8.276012377061938e-05
1138,2.219369836835123,8.266542918619756e-05
1139,2.2270669534464598,8.265584432476303e-05
1140,2.222783075336221,8.268845325922883e-05
1141,2.1965767322236203,8.27780743450547e-05
1142,2.1135384189330955,8.302339167188528e-05
1143,1.9806047126733757,8.339215147656881e-05
1144,1.9871639351035828,8.337384692965243e-05
1145,1.9943631975458846,8.335418015972723e-05
1146,1.9813220144525943,8.339296210623008e-05
1147,1.9490557306986613,8.348135358347226e-05
1148,1.910419488389747,8.357749795459833e-05
1149,1.889949030538849,8.362627429507904e-05
1150,1.912459810196801,8.356683148141731e-05
1151,1.971838875393825,8.340961274498638e-05
1152,2.0709685746704465,8.312275539459577e-05
1153,2.133901432873462,8.293020835372917e-05
1154,2.1746126291050465,8.281626817294372e-05
1155,2.2061277254008274,8.274772557758719e-05
1156,2.24299394033409,8.265418758313706e-05
1157,2.2420793819184035,8.264005510128281e-05
1158,1.9727444272312822,8.340218234435175e-05
1159,1.9227905893838844,8.353951889998144e-05
1160,1.8485370050646555,8.373909931061898e-05
1161,1.775646285213265,8.392273222898075e-05
1162,1.731657660576621,8.402572779735778e-05
1163,1.7459776011165233,8.398748176821485e-05
1164,1.813268920619209,8.382252324639737e-05
1165,1.9028804365101417,8.358918330142981e-05
1166,2.047580645966182,8.317540146933853e-05
1167,2.1330918196357,8.294274425303848e-05
1168,2.18703934042785,8.28118170911072e-05
1169,2.223645787437646,8.272208278771939e-05
1170,1.8583774119565788,8.370828467882673e-05
1171,1.7425432188812353,8.400816668223702e-05
1172,1.638537115598991,8.425898869444896e-05
1173,1.5727612871306256,8.440383685972477e-05
1174,1.5763856505524678,8.439002554331742e-05
1175,1.6500567567461801,8.422578036073941e-05
1176,1.7574019355091408,8.396813377336271e-05
1177,1.9405669774003853,8.348291280556728e-05
1178,2.093526720431012,8.305818592983265e-05
1179,2.1887673699971186,8.281710145323487e-05
1180,1.625401419934295,8.429492486332793e-05
1181,1.5009052391346982,8.45725398850481e-05
1182,1.4160056221537292,8.474474147828567e-05
1183,1.4017954159231447,8.476936651405188e-05
1184,1.4768172583414123,8.461655009948905e-05
1185,1.5992497131221084,8.435060335013285e-05
1186,1.78869025192651,8.388925353656918e-05
1187,1.9658612369566644,8.341709559581954e-05
1188,1.3650242973416191,8.485163723003719e-05
1189,1.2687731845009782,8.503007800107198e-05
1190,1.2288787279880413,8.509841900411048e-05
1191,1.2919493392506405,8.498695947937514e-05
1192,1.4279861812682255,8.472469301089803e-05
1193,1.5853296415781322,8.438531704474838e-05
1194,1.143934576589206,8.524524984999238e-05
1195,1.0860884423068558,8.53339331327285e-05
1196,1.1042304342149645,8.531013219600246e-05
1197,1.2533094868301522,8.50611856279769e-05
1198,1.0051031867202413,8.545338078206113e-05
1199,0.998092669467206,8.545998334851023e-05
1200,1.597185645397545,8.436443170269458e-05
1201,1.7556847380252991,8.398369462657269e-05
1202,1.8951320545000856,8.362846820943203e-05
1203,2.0132742791376095,8.33090976920791e-05
1204,2.109753665048338,8.303729276148511e-05
1205,2.185943226010831,8.280302057978576e-05
1206,2.2446837488437748,8.261259087565831e-05
1207,2.287912295627146,8.247630550464577e-05
1208,2.3136970309292986,8.239717460957321e-05
1209,1.8524927852597102,8.374100694933614e-05
1210,1.957164175302672,8.346780711162321e-05
1211,2.032074964494608,8.326192174794518e-05
1212,2.0788113387448552,8.312915116254835e-05
1213,2.105579258482606,8.304561827770543e-05
1214,2.1263230792722094,8.297569174928975e-05
1215,2.153789713083375,8.289241383856877e-05
1216,2.1861174147298477,8.279875062957989e-05
1217,2.2149287852608337,8.270656602599431e-05
1218,2.2189655800965706,8.268565899344683e-05
1219,2.2078795900143735,8.271565465826093e-05
1220,2.1878737070339103,8.278639177513515e-05
1221,2.156776628013062,8.289460176612116e-05
1222,2.1021464662052,8.306148624459051e-05
1223,2.0135625485282844,8.331032944255275e-05
1224,1.894764424088587,8.362859274734222e-05
1225,1.9980875632705846,8.335446610379985e-05
1226,2.0285323059684357,8.326857985149232e-05
1227,2.027257126324944,8.327187030998934e-05
1228,2.008671987690474,8.331550923108587e-05
1229,1.9947978751602593,8.334939975499053e-05
1230,2.00891259813344,8.330778211360592e-05
1231,2.050024344384953,8.319762238541145e-05
1232,2.0949265120287466,8.306443418920388e-05
1233,2.142972013671847,8.291635401941161e-05
1234,2.1608094137357816,8.286318549408417e-05
1235,2.171914561298479,8.283071411219664e-05
1236,2.1840881828392282,8.281098632583492e-05
1237,2.1811994856080226,8.282971994224012e-05
1238,2.1175413853856786,8.30169401239711e-05
1239,1.9913700421508795,8.336210601066603e-05
1240,1.9529812125671995,8.346761759960102e-05
1241,1.8967685158643957,8.361724096005003e-05
1242,1.8531742628527883,8.371907369877258e-05
1243,1.8551046833969893,8.371354760973522e-05
1244,1.9051719255075374,8.359186020927038e-05
1245,1.9716796854366456,8.341463976076792e-05
1246,2.060546785912255,8.31503337872819e-05
1247,2.1151960288062437,8.299285489031814e-05
1248,2.1575444837684037,8.288164711247981e-05
1249,2.2018136285415437,8.277017446441215e-05
1250,2.2554336211932062,8.258798434686047e-05
1251,1.856202367081747,8.372432403657914e-05
1252,1.7714842927330943,8.393603059735541e-05
1253,1.7036977912728684,8.409589775591339e-05
1254,1.6925069658296568,8.41193277514716e-05
1255,1.7491026179734293,8.39887924291073e-05
1256,1.8367415022461548,8.377193460739059e-05
1257,1.9622836677937248,8.342738936131686e-05
1258,2.06737122413963,8.313680143035769e-05
1259,2.156876901993407,8.289170741903109e-05
1260,2.2105288736477844,8.275560907557972e-05
1261,1.6368495909627396,8.426634412257994e-05
1262,1.5504902347648606,8.44592296743795e-05
1263,1.5225194593686326,8.451715326073408e-05
1264,1.5793856983114385,8.439457259744295e-05
1265,1.6849216285095014,8.415448880109642e-05
1266,1.8068558549478912,8.384908805701596e-05
1267,1.9824890228474639,8.337780548686304e-05
1268,2.1211909928505097,8.298877928853489e-05
1269,1.4017930698201284,8.477687336593463e-05
1270,1.3524803343440708,8.487079329691765e-05
1271,1.3971705467557822,8.478431133525927e-05
1272,1.5145675137300236,8.454500947591267e-05
1273,1.6578523027320724,8.422259870773213e-05
1274,1.8370612731747162,8.377106527045508e-05
1275,1.1998919160294814,8.515121704011556e-05
1276,1.2125392352020032,8.513228337819946e-05
1277,1.332935887061945,8.491498672619799e-05
1278,1.4930861281904673,8.459381013401537e-05
1279,1.054880999518889,8.538470576649927e-05
1280,1.1592021336180247,8.52273125378472e-05
1281,2.039911023371264,8.324265807333297e-05
1282,2.088006432821419,8.310403818464591e-05
1283,2.099715828041059,8.306443421620222e-05
1284,2.0970379920108573,8.306031561174244e-05
1285,2.1022986422040373,8.303616402256666e-05
1286,2.1190604922611502,8.299422037263056e-05
1287,2.1328932786188415,8.295349116482991e-05
1288,2.0399390760215335,8.323637279556197e-05
1289,2.0182592841102003,8.329228062848429e-05
1290,1.9866812706823163,8.337014305286924e-05
1291,1.9793995261907573,8.338733077975636e-05
1292,2.0049482235714584,8.332208693467551e-05
1293,2.040263035908197,8.322254640913033e-05
1294,2.0732005397191258,8.312884435802121e-05
1295,2.0889519787045256,8.30799283695222e-05
1296,2.093956150706913,8.30640265250512e-05
1297,2.103769416906391,8.303929813486897e-05
1298,2.123620480324412,8.298862875404717e-05
1299,2.1247049207263546,8.299564060922059e-05
1300,1.9043670264391905,8.359543281968298e-05
1301,1.851824595512831,8.372213424993429e-05
1302,1.834967585123694,8.376358834379712e-05
1303,1.8706563113090844,8.367953891311473e-05
1304,1.9298618228153148,8.353064216377509e-05
1305,1.9855543024880296,8.337215982147478e-05
1306,2.052137021212235,8.318609484218758e-05
1307,2.0940998883106676,8.30688958889048e-05
1308,2.1313712273769223,8.296711203580698e-05
1309,2.151778268349196,8.290504653272607e-05
1310,1.7006312893223396,8.410277107593226e-05
1311,1.67245833064838,8.416903541827128e-05
1312,1.7139007626744514,8.407888076294355e-05
1313,1.7958014841782381,8.388014975458948e-05
1314,1.8851653613439179,8.364717957716413e-05
1315,1.9936150499471452,8.334913964413449e-05
1316,2.0823060184218827,8.310648697564175e-05
1317,2.1451436892365336,8.292957392011143e-05
1318,1.5055624528836804,8.4556211870088e-05
1319,1.5408260582315638,8.448451038519961e-05
1320,1.6374035472492143,8.427232896793684e-05
1321,1.7559544228932693,8.398688480253294e-05
1322,1.8921559191346948,8.362953966838808e-05
1323,2.013403361754204,8.330100076314098e-05
1324,1.3662015034303123,8.484745821480106e-05
1325,1.4634539540785159,8.46565580225913e-05
1326,1.6005157397648226,8.43637029448545e-05
1327,1.7465642096311231,8.401353781841872e-05
1328,1.2935578122632783,8.499062315881304e-05
1329,1.437041419052632,8.471532242325893e-05
1330,2.0031447131788793,8.332971476757283e-05
1331,1.9930223648968182,8.335288964710276e-05
1332,2.001168659729395,8.333245157925261e-05
1333,2.018442546252522,8.328419100208101e-05
1334,2.0284155912824686,8.325468953081234e-05
1335,1.8373636627919423,8.375876351651842e-05
1336,1.8663884346368238,8.369014546244278e-05
1337,1.9160854377863565,8.35642333659031e-05
1338,1.9612855944132002,8.34410148909599e-05
1339,1.9994690584160617,8.33348040268591e-05
1340,2.027078263225249,8.326543409405196e-05
1341,2.036202208676053,8.324202554137868e-05
1342,2.0210458150087867,8.328236054650169e-05
1343,1.7044055135160623,8.4103629303824e-05
1344,1.7783372228783823,8.392688765870905e-05
1345,1.8615785573974137,8.371300658732953e-05
1346,1.936431546288667,8.351073414649013e-05
1347,2.009712945370415,8.331511377502185e-05
1348,2.0468062569004255,8.321370208484949e-05
1349,1.6200974429909574,8.43126124099584e-05
1350,1.7287800293886086,8.405650847577658e-05
1351,1.8420002744110062,8.376710502087774e-05
1352,1.9452374842476792,8.348950384663167e-05
1353,1.578583957672937,8.44141446531507e-05
1354,1.7137035856154548,8.409544874098324e-05
1355,1.9199180097737663,8.355936726034851e-05
1356,1.962853017546296,8.344309251033649e-05
1357,1.9812356331072312,8.339034874525948e-05
1358,1.8567046107441125,8.372978245854156e-05
1359,1.9265202438273437,8.354426665584561e-05
1360,1.9729162445416464,8.341778604234342e-05
1361,1.9871245729030573,8.337811319901921e-05
1362,1.8315203670422455,8.379801716326502e-05
1363,1.92095697324227,8.356019763392478e-05
1364,1.9696725935901596,8.342953807914701e-05
1365,1.2986890411581447,8.183515948749261e-05
1366,1.3799862561895588,8.218029979842998e-05
1367,1.5931925799739723,8.360565670554453e-05
1368,1.8718421095365352,8.35400157711873e-05
1369,2.1565544922758892,8.282578550353579e-05
1370,2.409990872415821,8.208018666296553e-05
1371,2.612611273973176,8.141723495664963e-05
1372,2.75715748669783,8.088985775479379e-05
1373,2.8453148309300724,8.057867159307845e-05
1374,2.8856404965937097,8.043159540653933e-05
1375,2.891901585209869,8.041370310853872e-05
1376,2.881107458236962,8.045925652570397e-05
1377,2.870138337221026,8.050250209633647e-05
1378,1.390799270716182,8.205937841667368e-05
1379,1.5397785997088174,8.329363311956131e-05
1380,1.7758054863112904,8.370146432379388e-05
1381,2.040060566947343,8.318082970393727e-05
1382,2.2896390933371547,8.24549038632845e-05
1383,2.4997852334631254,8.179783340829491e-05
1384,2.6593521618576097,8.125636618782062e-05
1385,2.766946543838914,8.086235858437125e-05
1386,2.8283346027839933,8.064716300273924e-05
1387,2.8544773173418956,8.056380551928129e-05
1388,2.8596719500646812,8.053403926792471e-05
1389,2.8591245175393234,8.054670055816566e-05
1390,2.8649767371066797,8.05217941887192e-05
1391,2.878449292166177,8.047218129878402e-05
1392,2.8633451681653197,8.052894298509651e-05
1393,2.84702834875163,8.058546618334513e-05
1394,2.808528281003575,8.071323479439943e-05
1395,2.7319615880794808,8.099504758315057e-05
1396,2.606871274556194,8.144558009975533e-05
1397,2.4292640362777282,8.20437705241179e-05
1398,2.203438533665436,8.272289184052344e-05
1399,1.9448943891622077,8.34196375353947e-05
1400,1.6851120892298994,8.37266892797696e-05
1401,1.476710631214048,8.271813065580332e-05
1402,1.603050953867421,8.358330796292658e-05
1403,1.758665033700902,8.373767235290072e-05
1404,1.9636302889080712,8.338565799678973e-05
1405,2.177631529403646,8.280312640426509e-05
1406,2.3726600141754983,8.223099698346434e-05
1407,2.5332255952745,8.169436930904444e-05
1408,2.653712173815317,8.12787901991017e-05
1409,2.7357152828770936,8.098747908988808e-05
1410,2.7858152615678864,8.081071839413245e-05
1411,2.813677743961961,8.070572826511252e-05
1412,2.8302295110857423,8.06419324316076e-05
1413,2.8453666024415107,8.059339546014894e-05
1414,2.864675517278285,8.05224334779946e-05
1415,2.850642779790939,8.058907448950943e-05
1416,2.797288407190001,8.077562044875976e-05
1417,2.7434576774781907,8.096801576532904e-05
1418,2.6711790516224374,8.123382204148324e-05
1419,2.5673451173829815,8.159977951137166e-05
1420,2.4256823179454226,8.207807423186661e-05
1421,2.248010122168483,8.263815937055087e-05
1422,2.0463921357385004,8.320827510737623e-05
1423,1.8460474763884718,8.364729318877983e-05
1424,1.8192671123257205,8.368062939971793e-05
1425,1.9381536027729214,8.345842462550227e-05
1426,2.088171301426968,8.307547983117104e-05
1427,2.244531488492818,8.261297166990674e-05
1428,2.389629637827719,8.21754719294284e-05
1429,2.5135676727461185,8.177062256800802e-05
1430,2.6127444993929396,8.142108310243137e-05
1431,2.6879983247830177,8.11632128685709e-05
1432,2.742928070306459,8.096320206179108e-05
1433,2.7825890205756245,8.08196643482393e-05
1434,2.8124320827857647,8.070520049048933e-05
1435,2.8370164858310636,8.061623311685254e-05
1436,2.858108528086855,8.054162420500416e-05
1437,2.766180274858354,8.089182624443804e-05
1438,2.6736064748567276,8.123514326832447e-05
1439,2.589096484455322,8.15408485290459e-05
1440,2.5030794574893287,8.183479118340231e-05
1441,2.40535690913501,8.216644436869695e-05
1442,2.2921587611849117,8.25212681023672e-05
1443,2.1681149932716184,8.288693895061007e-05
1444,1.9642588045107365,8.341157166287733e-05
1445,2.0332241586766973,8.323661122308117e-05
1446,2.131242854591374,8.296372463405026e-05
1447,2.244004820912885,8.262343402357588e-05
1448,2.359563236669037,8.227213035833905e-05
1449,2.4692394496581027,8.190464308067243e-05
1450,2.5673167002678925,8.157177733459999e-05
1451,2.650373430968432,8.12916631653047e-05
1452,2.7167951660592493,8.105815932428301e-05
1453,2.7666181785434256,8.08734864973929e-05
1454,2.801486362321112,8.074421738173482e-05
1455,2.82419314606613,8.065479788761158e-05
1456,2.746184604850589,8.093917977849871e-05
1457,2.626878752269187,8.137934961958112e-05
1458,2.509519620881257,8.181216261480069e-05
1459,2.4255851665850603,8.210117767951026e-05
1460,2.3740398047715345,8.227409443278485e-05
1461,2.3335505835306294,8.240223068504014e-05
1462,2.0198482424986457,8.327863479846219e-05
1463,2.0488452115665186,8.31973415504962e-05
1464,2.1150958964737976,8.300476414371142e-05
1465,2.2091548906156215,8.271929937880601e-05
1466,2.3193679220868906,8.23875733369162e-05
1467,2.4338420756946353,8.202191168139599e-05
1468,2.5419189008718353,8.16599688850508e-05
1469,2.6351730182270043,8.134157776893684e-05
1470,2.7081248583511908,8.107772381354332e-05
1471,2.758770502947473,8.08993521580005e-05
1472,2.7124421876473686,8.110164327110753e-05
1473,2.6641203771075666,8.124162620120834e-05
1474,2.5828769702933974,8.149688843017136e-05
1475,2.464702254174241,8.192150345323488e-05
1476,2.351042141494775,8.233290178921979e-05
1477,2.341957615540276,8.23746009637547e-05
1478,2.010362332552317,8.330297624790207e-05
1479,2.0223477629221565,8.326174889132267e-05
1480,2.082633422421515,8.308760833625717e-05
1481,2.1807009773121715,8.279844002220657e-05
1482,2.300788587833195,8.243475085626841e-05
1483,2.426044568919844,8.20427893115893e-05
1484,2.541823610032758,8.165873862070415e-05
1485,2.637541239005564,8.133370190472202e-05
1486,2.663691532521856,8.130290094343338e-05
1487,2.559988668744234,8.165065921723437e-05
1488,2.5088060815248934,8.180250884916692e-05
1489,2.4789672369207447,8.185899649169844e-05
1490,2.4396442951450696,8.196165924572139e-05
1491,2.365150826129415,8.22229026461342e-05
1492,1.981577647530639,8.336356196779106e-05
1493,1.9998311693341335,8.331026264020413e-05
1494,2.072207946043292,8.311158011223152e-05
1495,2.1834066686405134,8.278311886459526e-05
1496,2.3132731090059777,8.240083917191903e-05
1497,2.442571218210507,8.199614246686126e-05
1498,2.556441738499389,8.161438053520562e-05
1499,2.5440854739290466,8.171188747585287e-05
1500,2.4222131874114092,8.210657918860253e-05
1501,2.343102076454358,8.234741792084149e-05
1502,2.3189560577420587,8.239218179128073e-05
1503,2.379661561615096,8.21589438952443e-05
1504,1.9748316329014721,8.338114115271086e-05
1505,2.010527670664948,8.328661558942345e-05
1506,2.096941279918138,8.304506128243924e-05
1507,2.215303789320846,8.270104306916426e-05
1508,2.3448329357985145,8.231012050343715e-05
1509,2.467879103021464,8.191743062606399e-05
1510,2.439970400440366,8.205357731452863e-05
1511,2.37307839591525,8.226622494830197e-05
1512,2.247047392326171,8.264346078823153e-05
1513,2.192518620174806,8.280511155030756e-05
1514,2.004906811455266,8.329960350409231e-05
1515,2.0533940731077087,8.317435082801947e-05
1516,2.1435155994222304,8.291922957394751e-05
1517,2.257262165066784,8.258464572517175e-05
1518,2.376744089170179,8.22139991247612e-05
1519,2.3652852388450536,8.228930864109315e-05
1520,2.317297913108302,8.243852158205668e-05
1521,2.247658887899222,8.264278430127063e-05
1522,2.0578883715597587,8.316572187358949e-05
1523,2.1067451878069616,8.302986356918074e-05
1524,2.188912567051701,8.279481696437905e-05
1525,2.2898663936522303,8.249414641444254e-05
1526,2.325916799445797,8.240821897052517e-05
1527,2.304998688078014,8.247355278707498e-05
1528,2.108915244765877,8.303144842430086e-05
1529,2.1477643822759678,8.292195008352843e-05
1530,2.2156219289112404,8.272081627902484e-05
1531,2.301843341063603,8.245298186394676e-05
1532,2.1388582467309827,8.295683497467829e-05
1533,2.1628156047652896,8.288097024901157e-05
1534,1.6757521965759616,8.374340035908687e-05
1535,1.8808676224296854,8.357424908313823e-05
1536,2.108684622887139,8.302471432955773e-05
1537,2.3222633977271223,8.238860670667245e-05
1538,2.5010586385290012,8.181138410157756e-05
1539,2.636797227843796,8.13539207406489e-05
1540,2.7301298881633804,8.101277869102814e-05
1541,2.788349652839429,8.080103563830763e-05
1542,2.8234473714675925,8.067177883764889e-05
1543,2.8461321966051116,8.059439335482943e-05
1544,2.8522043205573375,8.056812636142525e-05
1545,1.8795163953712857,8.358481625923646e-05
1546,2.041398493427148,8.321995970628558e-05
1547,2.214537825917777,8.2729823072336e-05
1548,2.3748595243481825,8.223755491072012e-05
1549,2.5097649757330767,8.17929485285961e-05
1550,2.6153954875757908,8.141861628791347e-05
1551,2.69400219354635,8.113626760588598e-05
1552,2.751325285639216,8.092651313101285e-05
1553,2.792522507644466,8.078824691879205e-05
1554,2.8181248243254946,8.069107554682198e-05
1555,2.831800978345942,8.064291667562934e-05
1556,2.8342155514101273,8.063516509767903e-05
1557,2.7957579525670866,8.07722502960123e-05
1558,2.730762190062142,8.101017033858732e-05
1559,2.6595369200563965,8.128125828976375e-05
1560,2.5746234702827033,8.158263764744154e-05
1561,2.467298391197506,8.195457471311925e-05
1562,2.3344511761000595,8.237872471922443e-05
1563,2.1809896016183696,8.284881569029432e-05
1564,2.0216668487375773,8.32754055312833e-05
1565,2.01553691971002,8.329358687582383e-05
1566,2.123706408078187,8.300197232820118e-05
1567,2.2459385280066613,8.263958180721557e-05
1568,2.366582717687622,8.225864676468121e-05
1569,2.476853676783528,8.189810696455663e-05
1570,2.5728311293840305,8.157380695301796e-05
1571,2.6534069607894,8.129073309326227e-05
1572,2.718365637009505,8.10482461937872e-05
1573,2.76665569772971,8.087451165196176e-05
1574,2.7966842566175734,8.076854346107976e-05
1575,2.805393519089503,8.072815381787683e-05
1576,2.7728437708326266,8.085380220085238e-05
1577,2.68452523606557,8.118259177464484e-05
1578,2.5841980040675434,8.15401564633374e-05
1579,2.494477481364537,8.186303946087472e-05
1580,2.4155513132260067,8.21340200042479e-05
1581,2.339102084607662,8.238020965066477e-05
1582,2.260180968047025,8.262318537390165e-05
1583,2.065403483352824,8.316736303985087e-05
1584,2.1319646397653393,8.297483531871082e-05
1585,2.2241239827881105,8.269718395344544e-05
1586,2.3286061837586693,8.237504118791882e-05
1587,2.435444931492712,8.202402462374595e-05
1588,2.5369385161672424,8.168032608915845e-05
1589,2.6268649567187197,8.136878456680964e-05
1590,2.699889030905377,8.111021849145112e-05
1591,2.7496849170210527,8.093918660300935e-05
1592,2.7556519971192888,8.09248835006483e-05
1593,2.7179845245827776,8.104971570941612e-05
1594,2.6385480165699264,8.133043377090722e-05
1595,2.526644648194561,8.172922290472968e-05
1596,2.4163709850561714,8.212211935065109e-05
1597,2.3559973797183593,8.23279250165008e-05
1598,2.3416188160467186,8.237675772102016e-05
1599,2.052460801253813,8.31953188663689e-05
1600,2.1016659853897526,8.305534592965983e-05
1601,2.1879331338981114,8.27956421777411e-05
1602,2.2959480207461085,8.246245482015327e-05
1603,2.4120763496633293,8.209269244159359e-05
1604,2.5237054510999126,8.172768455999681e-05
1605,2.620397811789289,8.139582517786263e-05
1606,2.691817752163678,8.114423780056283e-05
1607,2.656968394824209,8.13140633507022e-05
1608,2.6014163216422896,8.148544864133308e-05
1609,2.5454452523825384,8.165151576298897e-05
1610,2.472580953843251,8.189250259022487e-05
1611,2.3729182971833453,8.222739779954825e-05
1612,2.3015369534742063,8.24971960974553e-05
1613,2.021327165934086,8.327052377355341e-05
1614,2.0749560330653742,8.312163749391229e-05
1615,2.1714293042431896,8.284151157548941e-05
1616,2.2913448571298844,8.247651721153795e-05
1617,2.416530829140167,8.208557817104512e-05
1618,2.5317938230825003,8.170416903588943e-05
1619,2.622266451567681,8.140269939112472e-05
1620,2.5687862956321177,8.162977681302104e-05
1621,2.4503342026865917,8.200775960557151e-05
1622,2.398235541896506,8.21569909989438e-05
1623,2.3823424215892164,8.217681220591883e-05
1624,2.3779169305937136,8.217524312929617e-05
1625,2.0123020031818104,8.329004052868982e-05
1626,2.080388230005515,8.310542089352472e-05
1627,2.188643162296431,8.27932410360909e-05
1628,2.314495676799931,8.241430160270718e-05
1629,2.4389695020596016,8.201326530582836e-05
1630,2.5237795520498665,8.177850360096029e-05
1631,2.452791252613539,8.201460720028569e-05
1632,2.3263145451556273,8.240710304053862e-05
1633,2.251040199918736,8.262785971884998e-05
1634,2.2595352668936046,8.256508911292481e-05
1635,2.0397320058912745,8.321763343944467e-05
1636,2.1177014459203964,8.30062679219124e-05
1637,2.2276502929185287,8.268578737128617e-05
1638,2.3481893878159172,8.231577183279322e-05
1639,2.429738039486992,8.208448497378884e-05
1640,2.365666962426763,8.229011583353496e-05
1641,2.2722202755481997,8.25694819418746e-05
1642,2.2200830658393476,8.272213436098084e-05
1643,2.0900115431888633,8.308477264960213e-05
1644,2.1660755165773122,8.28719429640201e-05
1645,2.2669448939734873,8.257357594568277e-05
1646,2.3634079601363513,8.229321107066926e-05
1647,2.3182527409076896,8.24318330817774e-05
1648,2.297099863266451,8.249843677300196e-05
1649,2.1388670639148297,8.295429059477272e-05
1650,2.203693186349031,8.277021102045672e-05
1651,2.2903164440425585,8.250347433368136e-05
1652,2.3089707530068457,8.246066419855329e-05
1653,2.1676163656095597,8.28763842390338e-05
1654,2.21755559780783,8.272887365310639e-05
1655,2.136655535952393,8.297892805792309e-05
1656,2.244975295234729,8.266346502221701e-05
1657,2.3534915090126187,8.23228019581616e-05
1658,2.4549145180191854,8.199012238234243e-05
1659,2.5476038501855514,8.166390073485764e-05
1660,2.632703855017339,8.135766384794108e-05
1661,2.709111159040575,8.108546601209556e-05
1662,2.7668934990879306,8.087907199330031e-05
1663,2.7937529408757067,8.077685150319291e-05
1664,2.1727586777363532,8.287537290330602e-05
1665,2.241917115496174,8.266968775854782e-05
1666,2.3261826725528802,8.24018816867237e-05
1667,2.4187405204545604,8.209693132683578e-05
1668,2.5128190015276166,8.177548287030483e-05
1669,2.6023974084157384,8.146366514182613e-05
1670,2.680165285075632,8.119983188381176e-05
1671,2.7348085437437613,8.098910431736848e-05
1672,2.7518772349818588,8.092435988449883e-05
1673,2.7253987544236145,8.102669633043193e-05
1674,2.6601309642899373,8.125991593023762e-05
1675,2.568818551564434,8.159364159438717e-05
1676,2.4720339812756786,8.19311800704271e-05
1677,2.3879646829539474,8.221972187129694e-05
1678,2.3258604952015793,8.241989722935163e-05
1679,2.2808392860265503,8.255937708751796e-05
1680,2.1514149780929954,8.293375149589804e-05
1681,2.2051886046027733,8.277106656209821e-05
1682,2.2872102138351353,8.251107293393481e-05
1683,2.3842673481047814,8.220361750003124e-05
1684,2.485851725899698,8.18696974305845e-05
1685,2.5821961516017837,8.153867013431492e-05
1686,2.6614370677388717,8.125852505716764e-05
1687,2.6997265018774916,8.112594682815662e-05
1688,2.6562965524713857,8.128887435892521e-05
1689,2.5864481032304387,8.153542459964944e-05
1690,2.4970979834180396,8.184303045617175e-05
1691,2.399256253476136,8.21683857538767e-05
1692,2.319705704580362,8.243400470993236e-05
1693,2.303916762324172,8.249184962380997e-05
1694,2.1146555386195036,8.302945893463438e-05
1695,2.173072319608056,8.285957687574e-05
1696,2.264306375580427,8.25827828146723e-05
1697,2.3718006904828117,8.224854940200618e-05
1698,2.4812175334357693,8.188616938953837e-05
1699,2.579363390966878,8.154857113457908e-05
1700,2.632333275464745,8.138049328017036e-05
1701,2.550372367927679,8.166985249665752e-05
1702,2.4757631120993753,8.1915004490711e-05
1703,2.4030357870787604,8.21485538656259e-05
1704,2.3297572082226043,8.237301783458062e-05
1705,2.2565073043125454,8.262953062751774e-05
1706,2.100318726064084,8.306437057698856e-05
1707,2.171906492142864,8.286187754909118e-05
1708,2.2733317022622934,8.255739924945475e-05
1709,2.3858680887336643,8.220871693114306e-05
1710,2.4941395667724633,8.18450266045936e-05
1711,2.5396589054545786,8.172589215282873e-05
1712,2.4303288576498363,8.20795054240318e-05
1713,2.3472244345790503,8.23383226376815e-05
1714,2.28607524333031,8.251723832669328e-05
1715,2.2719613606952285,8.253961662443183e-05
1716,2.121607974026762,8.300568111500177e-05
1717,2.201968153667341,8.277656695458173e-05
1718,2.304353937079604,8.246603135251582e-05
1719,2.4114968649239823,8.212815632411968e-05
1720,2.4360424182476716,8.206488585434366e-05
1721,2.371226521518564,8.22728740119626e-05
1722,2.2605683607278073,8.260423602665204e-05
1723,2.212326387082108,8.274662342793526e-05
1724,2.1655273423899195,8.288280034749625e-05
1725,2.243642646332836,8.265339839495788e-05
1726,2.337189707459359,8.236578830133523e-05
1727,2.3578280912822627,8.2312615704552e-05
1728,2.3108859710708827,8.24558445810939e-05
1729,2.254861530792515,8.262177721669905e-05
1730,2.2091830196602635,8.276071420207395e-05
1731,2.276547252817028,8.255897605130908e-05
1732,2.3162437535258316,8.24399560141917e-05
1733,2.2956711802718965,8.250058784892862e-05
1734,2.235037027151397,8.268519095198151e-05
1735,2.288738518274768,8.252348257107331e-05
1736,2.250129949827359,8.265277816822138e-05
1737,2.2846008955994836,8.25438765499013e-05
1738,2.351933916880358,8.232560434062393e-05
1739,2.4403382122885,8.20348738997388e-05
1740,2.535756819362675,8.171053465065333e-05
1741,2.6231306629086695,8.14059388063143e-05
1742,2.6826185630304282,8.118396499841666e-05
1743,2.2074967061931288,8.277009866204607e-05
1744,2.2486873964795144,8.264676411397326e-05
1745,2.3236301408009243,8.241328774193285e-05
1746,2.417921728751231,8.211188011685837e-05
1747,2.516710688435539,8.1784220478416e-05
1748,2.6002744008410996,8.149504814646524e-05
1749,2.612752431675303,8.145365566537613e-05
1750,2.5433796710944665,8.169432253679562e-05
1751,2.451938350822806,8.200616016659364e-05
1752,2.3581907624257346,8.23079351207074e-05
1753,2.2831854017750635,8.254201554908295e-05
1754,2.2579484013926607,8.262570109156343e-05
1755,2.1879872975083443,8.28233503854213e-05
1756,2.2420290077873655,8.266440889505678e-05
1757,2.3248555192711726,8.241002582181636e-05
1758,2.421642300222088,8.210109660671695e-05
1759,2.515813403105826,8.178941836143087e-05
1760,2.5445564579690396,8.16978108262252e-05
1761,2.4439562274971274,8.203313553082252e-05
1762,2.356435039896368,8.231152802112287e-05
1763,2.2759934716009904,8.255873854429388e-05
1764,2.2368792806317734,8.268258080616083e-05
1765,2.203218957139749,8.277770790754187e-05
1766,2.2659585407629717,8.259519300220746e-05
1767,2.3488415522515766,8.23387443099748e-05
1768,2.4388646173605544,8.205080088054206e-05
1769,2.448984034008564,8.202198787010268e-05
1770,2.3458209458119876,8.235110632076628e-05
1771,2.2709696566955264,8.257579561295046e-05
1772,2.228189610133338,8.270300438985547e-05
1773,2.2405443452246776,8.266856034185504e-05
1774,2.301673802852024,8.248625691461389e-05
1775,2.376067898704311,8.225534569029467e-05
1776,2.3586393247173443,8.230882493143645e-05
1777,2.2869361697132735,8.253101532862822e-05
1778,2.2474556900087284,8.264631776060457e-05
1779,2.27854817422637,8.255659948363878e-05
1780,2.3301392373818044,8.240051004840305e-05
1781,2.304610055580225,8.247420605553956e-05
1782,2.2873851092020985,8.252696589263649e-05
1783,2.3011544357093308,8.249145145516305e-05
1784,2.2924865439733084,8.250963351315154e-05
1785,2.2361698570222375,8.268439509034989e-05
1786,2.2701319160046722,8.258293591049032e-05
1787,2.3442419059595956,8.23546523769529e-05
1788,2.4369541691701624,8.205702006965577e-05
1789,2.5228309583496,8.177609757580961e-05
1790,2.248256193217547,8.264792637984478e-05
1791,2.289517172692999,8.252470035288659e-05
1792,2.3592800061238597,8.230934512814094e-05
1793,2.440902513646276,8.205056835762988e-05
1794,2.4381016779014044,8.205814724701496e-05
1795,2.355695429368776,8.231881563707784e-05
1796,2.283334767097606,8.254126292777811e-05
1797,2.2499524268122846,8.264335542893593e-05
1798,2.281311532165242,8.254755884932044e-05
1799,2.3210348297918144,8.242923003440212e-05
1800,2.380234680156719,8.224413981445904e-05
1801,2.371063588237123,8.227341427896991e-05
1802,2.293814679241015,8.250995183226464e-05
1803,2.261580081644702,8.260631649523357e-05
1804,2.315096956217185,8.24463319602405e-05
1805,2.346055880789683,8.235265959835367e-05
1806,2.305125400877506,8.247579153619551e-05
1807,2.2771171452879546,8.255890310027404e-05
1808,2.3014806746947793,8.248403695461715e-05
1809,2.2827043480018214,8.253963139316742e-05
1810,2.2819478320361744,8.254851782317827e-05
1811,2.310623672583821,8.246085380664423e-05
1812,2.3687563142524715,8.228005786760787e-05
1813,2.3135158043786985,8.245349779005326e-05
1814,2.3326727151039734,8.239491973797641e-05
1815,2.3137821772323033,8.24481940328299e-05
1816,2.292276532659701,8.251449728952197e-05
1817,2.3016035980150766,8.248574706028045e-05
1818,2.289693689848833,8.25214946748491e-05
1819,2.309386647154837,8.24629988389608e-05
1820,1.2986890411581447,8.182538043254457e-05
1821,1.3799862561895588,8.226042658721206e-05
1822,1.5931925799739723,8.359632086101276e-05
1823,1.8718421095365352,8.353481828179899e-05
1824,2.1565544922758892,8.282450403066026e-05
1825,2.409990872415821,8.207484755360121e-05
1826,2.612611273973176,8.141102489915012e-05
1827,2.75715748669783,8.089674791173807e-05
1828,2.8453148309300724,8.057123997813057e-05
1829,2.8856404965937097,8.04251993755754e-05
1830,2.891901585209869,8.041387429841222e-05
1831,2.881107458236962,8.046032686616391e-05
1832,2.870138337221026,8.050528158492129e-05
1833,1.390799270716182,8.186857048033669e-05
1834,1.5543317786347222,8.343725724710664e-05
1835,1.8129110957437542,8.363474762675564e-05
1836,2.0957901917922257,8.301406191702701e-05
1837,2.358724079499189,8.223608142460988e-05
1838,2.5769280290840255,8.151928824731799e-05
1839,2.7388647188769184,8.096919021316369e-05
1840,2.8427623819386865,8.057285597383138e-05
1841,2.8948494801221565,8.039214072105764e-05
1842,2.908233272878342,8.035446907356924e-05
1843,2.902180524448888,8.038371023781122e-05
1844,2.9006482077131395,8.038657092344274e-05
1845,2.9019514177252086,8.037326058366064e-05
1846,2.8810954627289007,8.045896314220692e-05
1847,2.900389464747507,8.038166479557571e-05
1848,2.907837559577135,8.034335102391379e-05
1849,2.886305756298086,8.041902190494519e-05
1850,2.8209742612153383,8.066612626805647e-05
1851,2.7018050590680747,8.108862360408694e-05
1852,2.5251641029702507,8.170456355969605e-05
1853,2.295493028594797,8.241927573000104e-05
1854,2.027744839141006,8.317555705667449e-05
1855,1.7513698581236956,8.36764993635657e-05
1856,1.5148129976565023,8.341011985533215e-05
1857,1.603050953867421,8.360663907073344e-05
1858,1.7767726724920094,8.371755243563455e-05
1859,2.0189048006438868,8.324897126465685e-05
1860,2.2701805378397872,8.253307124639137e-05
1861,2.4948938688928517,8.180359941096822e-05
1862,2.673826619565562,8.119054777157011e-05
1863,2.798822056052623,8.074354182602522e-05
1864,2.8713893666934527,8.048790797614393e-05
1865,2.9026837357733077,8.038232213643785e-05
1866,2.9125397828214887,8.035557231337029e-05
1867,2.925006894035046,8.03056823551053e-05
1868,2.9423558348462366,8.021802505008121e-05
1869,2.912325889718819,8.03458041402466e-05
1870,2.8862229368403494,8.044060845295724e-05
1871,2.900313140402998,8.037721678770975e-05
1872,2.893005041444412,8.039845002674052e-05
1873,2.850580839870186,8.055594322532738e-05
1874,2.762734996875662,8.08590164575327e-05
1875,2.6245453657330224,8.13608053999067e-05
1876,2.4380155193729616,8.195997882262803e-05
1877,2.213788266614692,8.26336396637017e-05
1878,1.973381317567053,8.330888781831718e-05
1879,1.8192671123257205,8.36813729477728e-05
1880,1.9591600387679227,8.341479116301279e-05
1881,2.1591675777090433,8.288487807951462e-05
1882,2.3719137000417034,8.224862558368128e-05
1883,2.5644063913869646,8.160071967151413e-05
1884,2.716886611714902,8.10456666815997e-05
1885,2.8201457483280845,8.067444541495994e-05
1886,2.8775157115516916,8.04810938675417e-05
1887,2.9046979848175845,8.03820478406789e-05
1888,2.9214546384658058,8.032679205633528e-05
1889,2.937456576190786,8.02603278212965e-05
1890,2.9259432089314537,8.028832512520061e-05
1891,2.86158173617051,8.052639387646798e-05
1892,2.8728677824246245,8.048448625634584e-05
1893,2.8738251185059154,8.04759538639381e-05
1894,2.8511470590450267,8.054321142422068e-05
1895,2.7957201739582445,8.074026243030504e-05
1896,2.701693481903671,8.107824080400857e-05
1897,2.568289011237779,8.151553677808984e-05
1898,2.40120207544418,8.207177722516455e-05
1899,1.9642588045107365,8.341059577171957e-05
1900,2.0615192273891947,8.316790417304903e-05
1901,2.231452366044193,8.269209574748946e-05
1902,2.424035920538015,8.209640113304336e-05
1903,2.6029947471566013,8.146835405667085e-05
1904,2.7447007985414955,8.095593809842789e-05
1905,2.8346603496873333,8.064125639043673e-05
1906,2.87677436623522,8.050107978039366e-05
1907,2.890134284158392,8.045933406212175e-05
1908,2.8902829571569315,8.047037406295014e-05
1909,2.8629991844176312,8.054888737779821e-05
1910,2.8304407224276207,8.064593243037172e-05
1911,2.8373002893340353,8.061322654214233e-05
1912,2.841123434574166,8.060057007243196e-05
1913,2.8325307164924136,8.063015923393258e-05
1914,2.8057640747688555,8.071981157162846e-05
1915,2.7547583134659384,8.089434174718201e-05
1916,2.6755864196445702,8.116323067420467e-05
1917,2.0198482424986457,8.327960371307996e-05
1918,2.1107920141787617,8.303735347132792e-05
1919,2.2819357235281035,8.254228220492247e-05
1920,2.4628702136665637,8.195887201472358e-05
1921,2.6326356380256306,8.135718779568658e-05
1922,2.7637433293838183,8.089771012443489e-05
1923,2.826253374973466,8.069640966858313e-05
1924,2.832980838502466,8.067805852769303e-05
1925,2.8136063008995564,8.07640820299614e-05
1926,2.7814930923698893,8.086372120164832e-05
1927,2.7887959376238034,8.079602089181174e-05
1928,2.8030469768057427,8.073381495239076e-05
1929,2.8076914554536434,8.07177184745833e-05
1930,2.8071517753655635,8.071988295944949e-05
1931,2.8014593839667086,8.07256877626362e-05
1932,2.7861629212171257,8.078411356266031e-05
1933,2.077483107984183,8.313273967043595e-05
1934,2.1721586540516,8.286687599975094e-05
1935,2.2993022207210667,8.24827271287212e-05
1936,2.4580543649336883,8.196807646220328e-05
1937,2.6250501144941927,8.141213894378466e-05
1938,2.744067649938436,8.098736495200923e-05
1939,2.7540072565148392,8.0977607230355e-05
1940,2.716806652271492,8.111586548138243e-05
1941,2.7075048177492453,8.107989469284157e-05
1942,2.751189647430515,8.092854198739035e-05
1943,2.7730361907503744,8.084924016819051e-05
1944,2.7813682735142202,8.080977729075598e-05
1945,2.785712340840837,8.079136104425595e-05
1946,2.7925030143470355,8.076212829180876e-05
1947,2.1028482487859175,8.305766832233187e-05
1948,2.1188430006652172,8.300769628141896e-05
1949,2.2424808438961548,8.2651047040352e-05
1950,2.4175296330418803,8.211887152591763e-05
1951,2.5964152770345343,8.152723506822836e-05
1952,2.659665832377202,8.13090572141079e-05
1953,2.6109187757449526,8.14897292118822e-05
1954,2.645723378714424,8.130573262494606e-05
1955,2.7071824971584952,8.109619066109756e-05
1956,2.743259465912064,8.0962950827256e-05
1957,2.761345938687289,8.088943275058598e-05
1958,2.7720655668228846,8.084216617686836e-05
1959,1.9748316329014721,8.33793149606762e-05
1960,2.0590231208392127,8.316591141719656e-05
1961,2.214976910532526,8.273807069137489e-05
1962,2.4041047671695313,8.216620908488784e-05
1963,2.552420935552334,8.168077705632626e-05
1964,2.5095028730065954,8.18235794726451e-05
1965,2.5722579758283195,8.156835443741029e-05
1966,2.651786699806747,8.127895488327903e-05
1967,2.7060337295116534,8.10917760000856e-05
1968,2.7396759093401655,8.097320920148017e-05
1969,2.004906811455266,8.329845666381247e-05
1970,2.08299158152235,8.310255203812633e-05
1971,2.2347192122370862,8.267895711978219e-05
1972,2.412304935950345,8.214293316286893e-05
1973,2.4254824543509863,8.209910944800822e-05
1974,2.4877892463459106,8.185283565182568e-05
1975,2.581370350714761,8.153940130040738e-05
1976,2.6537547875513297,8.128450856908401e-05
1977,2.0578883715597587,8.316845138573344e-05
1978,2.129899892449169,8.297641352087387e-05
1979,2.267060426138227,8.258871847346208e-05
1980,2.3664083109263334,8.228332085634559e-05
1981,2.395576721698905,8.215880563483785e-05
1982,2.495047606201681,8.183476745768936e-05
1983,2.108915244765877,8.303237417895567e-05
1984,2.1684788580771635,8.287287426557412e-05
1985,2.2901330243368427,8.25211122228621e-05
1986,2.31952325412825,8.242919025342183e-05
1987,2.1388582467309827,8.29547008547615e-05
1988,2.1831380087303764,8.283271963214564e-05
1989,1.7322385936259501,8.369341269179948e-05
1990,1.9767929072229407,8.331204705845947e-05
1991,2.2320329887413837,8.260455820534803e-05
1992,2.4631922764263052,8.189930887327877e-05
1993,2.6502974838211375,8.125879107591516e-05
1994,2.7843914518976898,8.079679312535278e-05
1995,2.8653902518882712,8.048996379746338e-05
1996,2.9010307827737947,8.037055139211046e-05
1997,2.9062830057127376,8.036651638770845e-05
1998,2.905869904733998,8.03746831575706e-05
1999,2.929105655847876,8.027423801047675e-05
2000,1.9395009798732477,8.342714876284854e-05
2001,2.151000723240918,8.287808423061329e-05
2002,2.3669846523555544,8.223822461902995e-05
2003,2.559479258334781,8.159933236977418e-05
2004,2.7115027278492856,8.106700950229473e-05
2005,2.815494330524665,8.068600930666241e-05
2006,2.8738977791036344,8.047597889314492e-05
2007,2.8997518566229425,8.040001057408775e-05
2008,2.914579600107373,8.035319793200669e-05
2009,2.9383100811787535,8.025781472879474e-05
2010,2.9488895272320224,8.019988264827022e-05
2011,2.9154882077197373,8.033829398158603e-05
2012,2.89313288583555,8.042233629747809e-05
2013,2.8892154683479774,8.04225251561914e-05
2014,2.8677759510626806,8.049227203717451e-05
2015,2.8122269256979218,8.069684084332653e-05
2016,2.7138654227682206,8.104282231576226e-05
2017,2.570992891382868,8.152770741678156e-05
2018,2.389391713920192,8.212130565124507e-05
2019,2.1832144444833457,8.274405923644526e-05
2020,2.080236429612344,8.310090826127274e-05
2021,2.2509649864757293,8.260535794796433e-05
2022,2.4346543372706497,8.204333843563164e-05
2023,2.6037266657257936,8.146191251383287e-05
2024,2.7384825894501037,8.096165459251378e-05
2025,2.828441835018451,8.065436419109554e-05
2026,2.8770162212698414,8.048034845479607e-05
2027,2.90017061396836,8.040651288182402e-05
2028,2.9148008222951716,8.03585882166452e-05
2029,2.9242348747863924,8.031267938241872e-05
2030,2.906429012865981,8.036343922314081e-05
2031,2.876640803406977,8.048090321067063e-05
2032,2.8650682145933204,8.051666918335192e-05
2033,2.851575921137781,8.055895632836547e-05
2034,2.8187440914344166,8.067003797556431e-05
2035,2.7572591596501255,8.088653615722311e-05
2036,2.6631314599109177,8.121353893588333e-05
2037,2.537976336903255,8.165254337749276e-05
2038,2.148548758314403,8.291785549506528e-05
2039,2.3009524219316138,8.247818094047425e-05
2040,2.4733918053064694,8.192255259145136e-05
2041,2.6351308612656785,8.134416792294202e-05
2042,2.7619088569886103,8.089419303820164e-05
2043,2.835485128799622,8.064893491837094e-05
2044,2.861467924470705,8.056346800105349e-05
2045,2.861547107237992,8.057992382822044e-05
2046,2.8517054907685018,8.060974693983578e-05
2047,2.8322028398026005,8.065436107879396e-05
2048,2.8399549651369185,8.06120598942193e-05
2049,2.836923416794991,8.062229760517197e-05
2050,2.827664955177836,8.065071108549445e-05
2051,2.8113829477248484,8.070988411279147e-05
2052,2.782033090767855,8.079847585154971e-05
2053,2.733695708508421,8.097188535157544e-05
2054,2.199664080288595,8.278255603818168e-05
2055,2.339491143640698,8.235465354918777e-05
2056,2.4956027975305144,8.182846098746197e-05
2057,2.6490900532538215,8.130999641769388e-05
2058,2.763795183655827,8.090979290774919e-05
2059,2.799130646346432,8.080671917258673e-05
2060,2.783721605347853,8.086890651227503e-05
2061,2.751275003818045,8.09909433512659e-05
2062,2.7557908852719275,8.091988124919394e-05
2063,2.7867726103815724,8.079855741648152e-05
2064,2.80155732155249,8.074856298719489e-05
2065,2.803876264777569,8.073882882612097e-05
2066,2.800053390100842,8.074758778292713e-05
2067,2.793969854739196,8.076300394126387e-05
2068,2.214395770581771,8.27363092429046e-05
2069,2.3186096395013753,8.241261421056019e-05
2070,2.4688937762625534,8.193501629918239e-05
2071,2.627997301166984,8.140807807967325e-05
2072,2.7141568354690215,8.111113050944542e-05
2073,2.689120492864221,8.121618285675978e-05
2074,2.6390698156001497,8.138039982737424e-05
2075,2.697850248126623,8.113199457705242e-05
2076,2.741770706701141,8.096185507842189e-05
2077,2.766583035540441,8.087346197298256e-05
2078,2.7804990153699856,8.081265264359167e-05
2079,2.79037801256096,8.078059093369757e-05
2080,2.1442871857694383,8.292869574471153e-05
2081,2.272289641638597,8.255483610569498e-05
2082,2.441914279126555,8.203665883836493e-05
2083,2.5968960395542307,8.152661130653886e-05
2084,2.588736950255779,8.1563782559511e-05
2085,2.5483203482323074,8.164975853347617e-05
2086,2.6345272470454093,8.134521734635302e-05
2087,2.6954223394697565,8.113363360088816e-05
2088,2.734049669101857,8.099646046803762e-05
2089,2.758968719288248,8.089819231146104e-05
2090,2.127677456006933,8.296969290035482e-05
2091,2.271731028478487,8.255591778230341e-05
2092,2.442087318746882,8.203641290214073e-05
2093,2.494611782671716,8.187246293090053e-05
2094,2.463164311311255,8.19430737821985e-05
2095,2.561460664165001,8.160819298981979e-05
2096,2.6386405110566535,8.133891426653211e-05
2097,2.694359899055597,8.114154818209244e-05
2098,2.1603093711862793,8.288027108875062e-05
2099,2.2981288174805834,8.24770966810616e-05
2100,2.414469043697488,8.212855045533578e-05
2101,2.3755171382490934,8.22336287920347e-05
2102,2.47740473326694,8.190049776377471e-05
2103,2.5662304821052353,8.159780777983208e-05
2104,2.20072135930795,8.276953117366037e-05
2105,2.323324923000359,8.240659178517235e-05
2106,2.3297935623947055,8.239698033674199e-05
2107,2.384948446909095,8.220850729578379e-05
2108,2.2265855686309357,8.26993136442704e-05
2109,2.3246697615793432,8.241230195432187e-05
2110,2.3186408036307826,8.23756916532701e-05
2111,2.485642422825588,8.183873276643145e-05
2112,2.632551378215659,8.133613463406485e-05
2113,2.7470547033329233,8.092877586327184e-05
2114,2.82392745917033,8.065020498259829e-05
2115,2.867084352806772,8.051423861901026e-05
2116,2.8901193395092357,8.043900578151552e-05
2117,2.9125420221315377,8.035755347296629e-05
2118,2.9387458903847734,8.024500282776992e-05
2119,2.384594462442417,8.219604526921756e-05
2120,2.527594656782272,8.172213475437425e-05
2121,2.6595057702509344,8.125353246337446e-05
2122,2.764136060121392,8.08760207613682e-05
2123,2.8321907058297393,8.064587170219785e-05
2124,2.867519246871869,8.052766582182824e-05
2125,2.8839502026614476,8.046964694179692e-05
2126,2.893587986212222,8.043706581654811e-05
2127,2.890429573873607,8.044226516122974e-05
2128,2.8892693725356535,8.04376364647794e-05
2129,2.873700485861529,8.049865252433266e-05
2130,2.853133954129234,8.057254405207135e-05
2131,2.8225354995873455,8.067526401921321e-05
2132,2.7724588673351542,8.084845616247674e-05
2133,2.697769815993033,8.11061011970783e-05
2134,2.5999198275011324,8.145893146047518e-05
2135,2.420972047827146,8.208899502030365e-05
2136,2.5555015338561726,8.162078027981931e-05
2137,2.681885998292167,8.1175277221812e-05
2138,2.7771679692561486,8.08503683950719e-05
2139,2.8229075783795032,8.069241663709689e-05
2140,2.828891022788988,8.068884847707215e-05
2141,2.8163163180592514,8.073601099570964e-05
2142,2.8084708069705253,8.075541456485865e-05
2143,2.8187664829433605,8.070098252452318e-05
2144,2.835494681279306,8.063985505735177e-05
2145,2.8324998897714866,8.065083170065603e-05
2146,2.815818638960654,8.07003326567464e-05
2147,2.788909009253123,8.078812375285963e-05
2148,2.7501470011166282,8.091340009366928e-05
2149,2.438180216091172,8.201934077317471e-05
2150,2.559006132069254,8.160570169732446e-05
2151,2.6800260499652175,8.120194196413527e-05
2152,2.754023553981012,8.095396914661467e-05
2153,2.7519794888496962,8.097803320735071e-05
2154,2.7172670795641105,8.111390435429514e-05
2155,2.694521885365127,8.117487707284222e-05
2156,2.737064830850844,8.098646864970859e-05
2157,2.7766116049553844,8.084770379945108e-05
2158,2.7983861020156042,8.077108112635192e-05
2159,2.804453522939262,8.074118227174054e-05
2160,2.7995888470613957,8.075519909746795e-05
2161,2.405877046587628,8.212950764284322e-05
2162,2.5332929767027568,8.171643905343781e-05
2163,2.6526477710207095,8.131587283931037e-05
2164,2.6614526203599107,8.130639585951224e-05
2165,2.6091857136963834,8.148902472045582e-05
2166,2.5923442877592744,8.151627523454178e-05
2167,2.6659513942489603,8.125293031995984e-05
2168,2.718939691382194,8.105592961378531e-05
2169,2.7566565624299426,8.090744534991159e-05
2170,2.7846604317092623,8.08126583759744e-05
2171,2.382912129440409,8.221230627805385e-05
2172,2.5199711843462027,8.176917537006166e-05
2173,2.5674866315921814,8.162901289517547e-05
2174,2.5062155658542187,8.183472039929716e-05
2175,2.510864115685564,8.17977073753486e-05
2176,2.595189884240341,8.15066357727391e-05
2177,2.661833065927427,8.126424958231296e-05
2178,2.7130057298360657,8.107233410972102e-05
2179,2.391568444245871,8.218503600711972e-05
2180,2.4789918231763535,8.192116655081951e-05
2181,2.421016550732334,8.211264826892119e-05
2182,2.4327283285014714,8.206175205873567e-05
2183,2.520759103173671,8.17599289698304e-05
2184,2.5976246047287717,8.149290940819302e-05
2185,2.397916721122955,8.217374095951347e-05
2186,2.3617648842926062,8.229904981815342e-05
2187,2.3571070764182216,8.230785854304555e-05
2188,2.4405747133508355,8.203768437384186e-05
2189,2.3306111524782147,8.239426179108512e-05
2190,2.309612028061299,8.245720490055562e-05
2191,2.6261420717840975,8.137007864958102e-05
2192,2.7156017315776286,8.104619713671145e-05
2193,2.7844889884130146,8.081460615600866e-05
2194,2.826757237241603,8.067538025145414e-05
2195,2.8456152947724873,8.060800062241634e-05
2196,2.847932991814362,8.061093513943555e-05
2197,2.8394287495570243,8.063633903757853e-05
2198,2.6460988252251774,8.129213240116869e-05
2199,2.7280310514499493,8.102156906882876e-05
2200,2.7809452683233715,8.084293253779732e-05
2201,2.793442198807067,8.081374176397004e-05
2202,2.7780072330598076,8.08772620578804e-05
2203,2.7505507294607696,8.09759599353464e-05
2204,2.7427456851078738,8.09837291413161e-05
2205,2.7807352967985,8.084807616324595e-05
2206,2.8050561965538177,8.076004734537105e-05
2207,2.809632014167719,8.074577755165005e-05
2208,2.7953503726733224,8.078351890648785e-05
2209,2.7629587607679023,8.088627955298247e-05
2210,2.640452014210475,8.133542040632864e-05
2211,2.7114178950815186,8.109871648520007e-05
2212,2.7224362124819135,8.108082770718962e-05
2213,2.6872878348353635,8.121228241135131e-05
2214,2.6376593908606667,8.138798018222285e-05
2215,2.6335532538077744,8.139061854812146e-05
2216,2.696102983090933,8.115134641498364e-05
2217,2.7461887460622085,8.097039954193134e-05
2218,2.778541441400944,8.085066226504298e-05
2219,2.794178922263991,8.079429884407466e-05
2220,2.6184374860312816,8.142524776940554e-05
2221,2.6405590204449134,8.137235355744133e-05
2222,2.5883696747598033,8.156042832161952e-05
2223,2.52195444433151,8.178454236704371e-05
2224,2.5323164035634944,8.174060861284068e-05
2225,2.6131466473284957,8.145872330702661e-05
2226,2.6790852198430746,8.120770734705561e-05
2227,2.7343648452272116,8.100212028540756e-05
2228,2.556677773237742,8.166169648274953e-05
2229,2.4946480381677523,8.187451284879011e-05
2230,2.42248261922302,8.210878184185032e-05
2231,2.4554701438410134,8.199542198500634e-05
2232,2.5359566224782326,8.171940224860236e-05
2233,2.6089472836761374,8.146623712984135e-05
2234,2.4170746408905694,8.212567768851383e-05
2235,2.351844430422055,8.233193106323234e-05
2236,2.392583968965906,8.220167081249111e-05
2237,2.4612303718512623,8.197704796072337e-05
2238,2.3148694856063203,8.244280812689556e-05
2239,2.340729066703561,8.236658059188608e-05
2240,2.7608220690512564,8.091312754905129e-05
2241,2.76731507506739,8.090549781400653e-05
2242,2.7472572455050517,8.098723628383193e-05
2243,2.708412462474204,8.112275802086897e-05
2244,2.659788773204543,8.129229927638851e-05
2245,2.7090992781240733,8.112329814298545e-05
2246,2.6683299696481173,8.128148499000006e-05
2247,2.610642256763726,8.14793093342778e-05
2248,2.5491433161613433,8.168849217223143e-05
2249,2.5563834925648656,8.166197360138891e-05
2250,2.625305196896134,8.14182623633135e-05
2251,2.686640098090221,8.120273565260433e-05
2252,2.734983211519156,8.102532847469931e-05
2253,2.580076998759867,8.158894578501813e-05
2254,2.5072555033509745,8.183305534657891e-05
2255,2.437176715527088,8.206319960684129e-05
2256,2.459313789829363,8.198986909534954e-05
2257,2.5396170063242605,8.172190897742581e-05
2258,2.6156227401443837,8.145098332943262e-05
2259,2.4169201778352,8.212617709138773e-05
2260,2.350145067841136,8.233622266056806e-05
2261,2.3949861916065074,8.219849651514871e-05
2262,2.462139811843979,8.198028930767623e-05
2263,2.335085612266608,8.238747820976623e-05
2264,2.355484260998732,8.232275999015732e-05
2265,2.6011587054936545,8.151283619903101e-05
2266,2.5290933599940395,8.175855966461398e-05
2267,2.4600183035089045,8.19852628852129e-05
2268,2.42940658021941,8.208753205955782e-05
2269,2.365530587330676,8.229029247582329e-05
2270,2.3864910959837493,8.22248949336045e-05
2271,2.4510004236868252,8.201700863499566e-05
2272,2.331792825409541,8.239766270063401e-05
2273,2.341645713232101,8.236691190261293e-05
2274,2.3199534976859097,8.243083773669864e-05
2275,1.2986890411581447,8.187143328952599e-05
2276,3.3418820189827394,7.838006531697963e-05
2277,3.360409970063058,7.826628529571159e-05
2278,3.3914276578236446,7.807083300193719e-05
2279,3.4328179124931726,7.78282196063526e-05
2280,3.4786376370317806,7.75517391902995e-05
2281,3.5189221881989687,7.72920713419825e-05
2282,3.5412755063224233,7.714064215317846e-05
2283,3.533639650040232,7.726475217320343e-05
2284,3.4874095142414223,7.767338200797637e-05
2285,3.4006104746878982,7.824531350316233e-05
2286,3.2828547514634754,7.888116708814905e-05
2287,3.1731902809261103,7.939699759026136e-05
2288,3.3527377023129863,7.824973398075614e-05
2289,3.3671160909141893,7.816832144786811e-05
2290,3.387209878352821,7.805803535755989e-05
2291,3.4165820154102975,7.788915272877558e-05
2292,3.4525891851720236,7.768481953975406e-05
2293,3.488070871466594,7.74550527294081e-05
2294,3.5125060524287988,7.734459625142353e-05
2295,3.5142670302543864,7.742526042277625e-05
2296,3.4835081570791573,7.766539564214055e-05
2297,3.415319477443936,7.810851734146913e-05
2298,3.3136596315581044,7.873158367427939e-05
2299,3.2011883346838097,7.927203938938609e-05
2300,3.153963098518812,7.948570749536838e-05
2301,3.2336006510557764,7.911290207093298e-05
2302,3.3478589380395576,7.853955953392755e-05
2303,3.441320720764473,7.79608715193325e-05
2304,3.4987165880466176,7.755522164371849e-05
2305,3.5191348749071696,7.735018396145144e-05
2306,3.5092221034457216,7.736188125008097e-05
2307,3.479662598048392,7.755575376494739e-05
2308,3.442015723344615,7.773357871812314e-05
2309,3.4058420520476234,7.797033473322948e-05
2310,3.3767012785309203,7.812310666029314e-05
2311,3.355473025108633,7.82623045437514e-05
2312,3.3861369432617145,7.801749836791216e-05
2313,3.3955097577054816,7.795610959298459e-05
2314,3.4015389862174454,7.79939801713354e-05
2315,3.41084824054314,7.795270852800896e-05
2316,3.4237689322036635,7.790194742142624e-05
2317,3.4356515882690015,7.788641686368034e-05
2318,3.4387451258697133,7.791797606495676e-05
2319,3.4240744651310155,7.800784456296294e-05
2320,3.3838087817823315,7.825285761467017e-05
2321,3.315009631531892,7.86773885507255e-05
2322,3.2255516237666706,7.914131979273839e-05
2323,3.152060124244547,7.948064497837116e-05
2324,3.1760173549549,7.93767761243269e-05
2325,3.2659199700113963,7.893630533468988e-05
2326,3.3539367979359325,7.846373877863764e-05
2327,3.417201576955865,7.811457707433674e-05
2328,3.451181926024359,7.785895657532057e-05
2329,3.4598433465203957,7.773727115195765e-05
2330,3.4512502273681873,7.77313288141989e-05
2331,3.4341146417159587,7.776126822563741e-05
2332,3.4149314863405675,7.785917004685809e-05
2333,3.396144318012886,7.799014903980166e-05
2334,3.3952573650220783,7.795139328327629e-05
2335,3.379570355140741,7.809233969081843e-05
2336,3.3569622140379023,7.82995345514357e-05
2337,3.336308761424987,7.850177849183979e-05
2338,3.3219446617545745,7.858135255132094e-05
2339,3.314083564622271,7.862179006044594e-05
2340,3.3094270108888373,7.863218012023996e-05
2341,3.300040657134061,7.86706171505339e-05
2342,3.274856574178687,7.883049643063743e-05
2343,3.227311829690784,7.91047153202443e-05
2344,3.165592123675289,7.940663320493717e-05
2345,3.1358352804724703,7.954633665196733e-05
2346,3.1722084715892205,7.937297554785623e-05
2347,3.2396170134821407,7.903642483041094e-05
2348,3.302139928340487,7.873649140648485e-05
2349,3.348649549768663,7.851414841636222e-05
2350,3.379008851726865,7.828948351214897e-05
2351,3.3975227653412023,7.807227623437958e-05
2352,3.408807191397996,7.797014467821648e-05
2353,3.4150370697298147,7.786643407524129e-05
2354,3.3407394551955796,7.839421226615337e-05
2355,3.288300261714606,7.874339682617161e-05
2356,3.2336582492296815,7.901535346133523e-05
2357,3.1880627469495493,7.924868994134524e-05
2358,3.1592884627034024,7.937124817958455e-05
2359,3.151936500642501,7.93936939292343e-05
2360,3.1654716561157636,7.932406815374132e-05
2361,3.1857273216385638,7.923222024253911e-05
2362,3.190259008769845,7.923835791153957e-05
2363,3.1680173394305187,7.936645863063974e-05
2364,3.1384829614156042,7.951253857402675e-05
2365,3.1140274786488584,7.96189904777111e-05
2366,3.1309569379596405,7.953761169273616e-05
2367,3.1763566637442753,7.932794553935032e-05
2368,3.2287730312233105,7.907369889594678e-05
2369,3.2797163258026134,7.885130701532505e-05
2370,3.327529738158401,7.857967835324546e-05
2371,3.3714981867229095,7.822494525807838e-05
2372,3.206914619719345,7.915119792890626e-05
2373,3.123571118867695,7.952439601196956e-05
2374,3.052721780795279,7.982030705191898e-05
2375,3.00553685061962,8.002046423399217e-05
2376,2.9864806674662776,8.009866722792454e-05
2377,2.9994032387466794,8.00490969678758e-05
2378,3.0494500103484468,7.982876228487979e-05
2379,3.106826314304987,7.959442275642172e-05
2380,3.136320827189756,7.948524196681407e-05
2381,3.130033533712217,7.953499798723406e-05
2382,3.1146799072817233,7.96068827685781e-05
2383,3.0832462728520147,7.97347776508658e-05
2384,3.0815578680889275,7.973178147151075e-05
2385,3.1175409704401598,7.957539369645556e-05
2386,3.1782589918494706,7.929197264251195e-05
2387,3.251345591647072,7.89813299149296e-05
2388,3.0188871985560635,7.995321995416782e-05
2389,2.9362114115780127,8.028365059211369e-05
2390,2.8859427190982454,8.048095549598029e-05
2391,2.8636084343144352,8.057236013404273e-05
2392,2.85811200880546,8.060968845749285e-05
2393,2.885472675663966,8.050247320369091e-05
2394,2.9785311502137906,8.012862908593465e-05
2395,3.061808608130255,7.977971294843893e-05
2396,3.103626886145988,7.962753129894181e-05
2397,3.119779217334443,7.957102737498179e-05
2398,3.090775522378675,7.970039209115113e-05
2399,3.0558087850855773,7.984673348866562e-05
2400,3.0500940308256683,7.986819468682382e-05
2401,3.0943583372885386,7.96683046785119e-05
2402,2.855732285899164,8.058308786041175e-05
2403,2.812177605172607,8.07537618157336e-05
2404,2.7892339845483236,8.085413519667134e-05
2405,2.76949946552048,8.093181909797631e-05
2406,2.7498579120779962,8.101119152393838e-05
2407,2.815965456212557,8.076086580718627e-05
2408,2.9452822899961415,8.025841647003626e-05
2409,3.037924607792318,7.988141067095978e-05
2410,3.096331019836328,7.965489599964533e-05
2411,3.1002356317171786,7.965719023178556e-05
2412,3.074383771226228,7.976279784737817e-05
2413,3.044698092564663,7.988830699532592e-05
2414,2.769196095508805,8.091957112769466e-05
2415,2.736223432779397,8.105027967145107e-05
2416,2.6995805695270723,8.117603871446139e-05
2417,2.6547496651005975,8.134700007419657e-05
2418,2.643512966428138,8.138914433787201e-05
2419,2.7943433659258416,8.084148925315773e-05
2420,2.931912864156669,8.031186596033007e-05
2421,3.02589249568612,7.994238255540286e-05
2422,3.083193506622182,7.971267021330251e-05
2423,3.092227263741384,7.969045523791532e-05
2424,2.6868750871805975,8.122967658119154e-05
2425,2.6330258366080597,8.141622417855118e-05
2426,2.5725443274019306,8.16164417532487e-05
2427,2.5142368842677327,8.182224746644789e-05
2428,2.6224952877279573,8.145342932678373e-05
2429,2.7907854683138686,8.085436306166951e-05
2430,2.927331542964835,8.03291895017067e-05
2431,3.0280092182320564,7.992666717952183e-05
2432,2.5661087588132094,8.164178473095528e-05
2433,2.498794315688842,8.186581152022175e-05
2434,2.4343998676152387,8.207355875185412e-05
2435,2.449184066307239,8.203201083711466e-05
2436,2.6252514041169186,8.144711220136134e-05
2437,2.790801060723643,8.085547635119036e-05
2438,2.43423530617873,8.207224906164496e-05
2439,2.3804860717555307,8.224288791779265e-05
2440,2.3411340284985114,8.236365436553115e-05
2441,2.451725485861069,8.202347515582508e-05
2442,2.347104890118195,8.234602513900981e-05
2443,2.332909867110027,8.239127140270683e-05
2444,3.3838857156902726,7.807197489604382e-05
2445,3.4000249372860654,7.797803814550926e-05
2446,3.419389909676895,7.788856942137527e-05
2447,3.4417392473352226,7.775186310534579e-05
2448,3.4619485764878912,7.764347049278492e-05
2449,3.471455798872649,7.765864993258351e-05
2450,3.4605340566917224,7.778411077138181e-05
2451,3.421108779879189,7.806254792789007e-05
2452,3.350184541899005,7.850006882832993e-05
2453,3.2547193406236903,7.899317803307198e-05
2454,3.1653723020509896,7.942991648989415e-05
2455,3.3962319566822994,7.799531956279486e-05
2456,3.389717902424942,7.802888114922109e-05
2457,3.382946637864053,7.816274931466299e-05
2458,3.378746822211657,7.824399033809648e-05
2459,3.3754781345960727,7.827862101235859e-05
2460,3.368190811723758,7.833787828054797e-05
2461,3.349571862213177,7.844083836192101e-05
2462,3.311990392233264,7.865304664746003e-05
2463,3.2523659419449813,7.898446238653347e-05
2464,3.1802247750304775,7.933770932337824e-05
2465,3.140088943016763,7.953232047958442e-05
2466,3.1809310696538318,7.934381328598179e-05
2467,3.2556250516160903,7.897583206567375e-05
2468,3.3217622319926043,7.861570152510574e-05
2469,3.367548280936804,7.837472059499778e-05
2470,3.393299703517818,7.820943512528436e-05
2471,3.40452330533001,7.807656955714381e-05
2472,3.4077816430996455,7.797458999376327e-05
2473,3.4078850699394136,7.791935918535154e-05
2474,3.40612713038169,7.791792317061856e-05
2475,3.3473002055132404,7.834585036824687e-05
2476,3.3080207082623807,7.862061331137468e-05
2477,3.2715897454928378,7.88279036845147e-05
2478,3.2446821147713925,7.898059496036077e-05
2479,3.2304550618309262,7.904191363118452e-05
2480,3.2276004953772675,7.90449093850652e-05
2481,3.2268060941689662,7.903434646755773e-05
2482,3.2134422483017993,7.913843655949522e-05
2483,3.179549257790018,7.931978784240849e-05
2484,3.1353834220819885,7.952561318210815e-05
2485,3.123662225523318,7.958422296389266e-05
2486,3.1534701272234305,7.944113449882561e-05
2487,3.2031557301043896,7.920161929896616e-05
2488,3.250744875638316,7.897605408753177e-05
2489,3.29098589315392,7.878405481617872e-05
2490,3.3254978531548804,7.85873448382455e-05
2491,3.356818633997541,7.835203999907877e-05
2492,3.385268605033051,7.812873114017288e-05
2493,3.2191771499859536,7.909198387838431e-05
2494,3.1525000125917586,7.940016037344299e-05
2495,3.100384927011546,7.96215283388075e-05
2496,3.071138851809845,7.975396714043701e-05
2497,3.069863880659329,7.975113680566357e-05
2498,3.096204760628424,7.963513572718288e-05
2499,3.1304850531026696,7.949235410461847e-05
2500,3.1458674627046213,7.943602095247339e-05
2501,3.133188487613918,7.951989244066422e-05
2502,3.1158997885402373,7.960496539464383e-05
2503,3.0933694375989336,7.969127209339001e-05
2504,3.1008041093006615,7.966100363147843e-05
2505,3.1346161997633195,7.950383437143055e-05
2506,3.18224283901874,7.928189469813963e-05
2507,3.237698820812218,7.903544316657457e-05
2508,3.2975777518967577,7.873138832606681e-05
2509,3.0349923164306505,7.990109289250848e-05
2510,2.9681160809772957,8.017186093254276e-05
2511,2.930061066154355,8.031864796429629e-05
2512,2.9187181204165364,8.036429119369427e-05
2513,2.939264708442913,8.028927861791104e-05
2514,3.0048876369166053,8.001927557076412e-05
2515,3.0712372286632683,7.975885417444408e-05
2516,3.1046721760234792,7.962200108883805e-05
2517,3.1171492376040795,7.958148273996299e-05
2518,3.090402918375205,7.968939776234849e-05
2519,3.060052833079758,7.982500373702894e-05
2520,3.055604428547098,7.984882115202432e-05
2521,3.0897043809637763,7.969542820148267e-05
2522,3.1546960675106286,7.939189433882598e-05
2523,2.8702855380363426,8.054270131509648e-05
2524,2.835980898038902,8.067621081208441e-05
2525,2.8186218381564303,8.075172206084142e-05
2526,2.8084690912802386,8.080060374224877e-05
2527,2.84938227582475,8.064365350248107e-05
2528,2.956605186985779,8.021139759610645e-05
2529,3.0390827719469997,7.988378718161779e-05
2530,3.0791390392215643,7.972877593539189e-05
2531,3.0942800187325927,7.967268645662886e-05
2532,3.067878685349913,7.978598467638298e-05
2533,3.0381708411794235,7.990996579259607e-05
2534,3.038264639145135,7.991300476818755e-05
2535,2.77889489906476,8.08852068798264e-05
2536,2.7515350884598475,8.099056109649604e-05
2537,2.7192191419974727,8.11100828498497e-05
2538,2.697898063046176,8.120023351833297e-05
2539,2.8100966367846367,8.078787262560292e-05
2540,2.935944860470871,8.029579872177866e-05
2541,3.0220177906106263,7.995005004171023e-05
2542,3.074705558647918,7.975157623722252e-05
2543,3.0790057008017913,7.974654685799546e-05
2544,3.058593079857213,7.982190593897275e-05
2545,2.6929015861852874,8.12029873186847e-05
2546,2.64214279993151,8.13872078902894e-05
2547,2.5872518420592505,8.1575838056014e-05
2548,2.6459775937219256,8.137356945347775e-05
2549,2.8011250662763487,8.081325871058735e-05
2550,2.927911672281702,8.032280973641957e-05
2551,3.0205036875665647,7.995310432502026e-05
2552,3.067418485648864,7.978269280248223e-05
2553,2.568863933004908,8.163995049504104e-05
2554,2.502205949908114,8.185618453708585e-05
2555,2.4853640512808233,8.191142906447851e-05
2556,2.645644861214799,8.137255556207464e-05
2557,2.800262034273488,8.082012321420203e-05
2558,2.925768184648986,8.034362364716882e-05
2559,2.4335990556458307,8.207671432679264e-05
2560,2.3796741093908094,8.224567320560686e-05
2561,2.485179875589128,8.190571815037048e-05
2562,2.647885533630415,8.136475506729789e-05
2563,2.343351599574137,8.23578205901923e-05
2564,2.3390431590815313,8.235944489925002e-05
2565,3.366503990552355,7.827339755505828e-05
2566,3.3391480346801643,7.845254385399728e-05
2567,3.3134026886348775,7.86154201666703e-05
2568,3.291548816229889,7.874794390275337e-05
2569,3.272043442122912,7.885120850388422e-05
2570,3.249327421024997,7.896509558420131e-05
2571,3.2163175160389064,7.913455379132292e-05
2572,3.171511597346947,7.935649630044141e-05
2573,3.130412510279608,7.955919170773636e-05
2574,3.2517988728827447,7.893667504553044e-05
2575,3.1994403884649625,7.918350055919176e-05
2576,3.1602203451346447,7.93588333837244e-05
2577,3.1398521268276394,7.94531801726639e-05
2578,3.137509292854053,7.947043004136765e-05
2579,3.141624138865432,7.945136145525523e-05
2580,3.136593935480552,7.947759969117489e-05
2581,3.1175888474301403,7.95875286177754e-05
2582,3.1034095919021847,7.966419693868263e-05
2583,3.100905288872633,7.966728017624846e-05
2584,3.118682092283535,7.956688928828444e-05
2585,3.142419289693514,7.945593001831028e-05
2586,3.1676172127627398,7.934225205401353e-05
2587,3.198677889865005,7.919313468203572e-05
2588,3.239402744773806,7.899956972835662e-05
2589,3.288303086714846,7.875812205203292e-05
2590,3.078298207741715,7.97149674858305e-05
2591,3.0236810536673526,7.9943841663069e-05
2592,2.9961292862855773,8.005072680249451e-05
2593,2.9995958798897977,8.00507234863619e-05
2594,3.0320477876454084,7.992238487358045e-05
2595,3.0690652347886958,7.976105412840372e-05
2596,3.086740155162777,7.96877085525109e-05
2597,3.081232451934535,7.973003697834437e-05
2598,3.074134321317722,7.976535333161057e-05
2599,3.057747550123444,7.982913813912954e-05
2600,3.0578522390619116,7.982614155521074e-05
2601,3.0765266540701597,7.97357419533046e-05
2602,3.1136303647841523,7.957596494801725e-05
2603,3.169432090001355,7.931947181718713e-05
2604,2.9106915355659555,8.039553881976953e-05
2605,2.880407375431036,8.05122192636976e-05
2606,2.871230205384163,8.056148344349306e-05
2607,2.898835797376143,8.04427133361216e-05
2608,2.9689387751598297,8.016985433889909e-05
2609,3.0278385627527764,7.993307912068621e-05
2610,3.055312821677266,7.982123211683515e-05
2611,3.0662663073115914,7.978943650491196e-05
2612,3.044338564731317,7.989081483354773e-05
2613,3.0221283157608556,7.998150204324566e-05
2614,3.0205273348080093,7.99819704390474e-05
2615,3.051235373894415,7.984750155766523e-05
2616,2.8059386072625494,8.079327010537418e-05
2617,2.781306273114589,8.089287639473552e-05
2618,2.7688168993075917,8.094133912733067e-05
2619,2.8429639803220024,8.065330524035776e-05
2620,2.9393088405170826,8.027888100849467e-05
2621,3.005076700256603,8.001044550612941e-05
2622,3.0456341162075242,7.986339252771429e-05
2623,3.0439503746842695,7.987706507696131e-05
2624,3.024554744276752,7.996076844419972e-05
2625,3.008377992353829,8.003176733423151e-05
2626,2.7102736012801274,8.114116564971901e-05
2627,2.6654718397152815,8.130714671765308e-05
2628,2.703109031432321,8.116832962979299e-05
2629,2.8257418430286214,8.071232297858566e-05
2630,2.9266514150056744,8.032367479269353e-05
2631,2.9926373759045592,8.007038020139341e-05
2632,3.031131702933817,7.99225195816288e-05
2633,3.0348335084453346,7.991307423180968e-05
2634,2.579123698847933,8.160105365013852e-05
2635,2.5653471212414933,8.163917159934789e-05
2636,2.695992512053383,8.118896124126162e-05
2637,2.8222648709305624,8.072231252282644e-05
2638,2.9217329813626804,8.034497205940648e-05
2639,2.9934512433539497,8.00736369202731e-05
2640,2.4508625143370866,8.201849490629234e-05
2641,2.5620066833944644,8.164368461299508e-05
2642,2.6984789324335283,8.117269906806478e-05
2643,2.8219410144946115,8.072676982511738e-05
2644,2.4377940011569685,8.204599075859496e-05
2645,2.565673966607275,8.162352855884837e-05
2646,3.133119882284149,7.947700834259289e-05
2647,3.0843988395273483,7.968825997112332e-05
2648,3.05985333713324,7.98006530631502e-05
2649,3.056651553481083,7.9820617696838e-05
2650,3.0621346704537173,7.980318434719033e-05
2651,3.064940167846872,7.979568305033124e-05
2652,3.0646736469791698,7.980119492616637e-05
2653,2.970341519081759,8.015924203568253e-05
2654,2.945853024396717,8.026184326788943e-05
2655,2.9524043511501974,8.023994233626206e-05
2656,2.98274541554347,8.011493947920052e-05
2657,3.012643192039947,8.000211927332988e-05
2658,3.027570525138467,7.99343556899917e-05
2659,3.0337415400145833,7.990887641527668e-05
2660,3.022184475174076,7.997246170848869e-05
2661,3.008853071450508,8.001346748383847e-05
2662,3.0003950955351266,8.005518068894538e-05
2663,3.0043829995638953,8.00316716873364e-05
2664,3.03069132757248,7.991294631591283e-05
2665,2.8514504577045923,8.06311403690813e-05
2666,2.844605249757143,8.065409719426153e-05
2667,2.884679595441693,8.049232399057211e-05
2668,2.9424119035411387,8.027447479543128e-05
2669,2.9828524886229846,8.010916201973426e-05
2670,2.999013356882587,8.00455545573146e-05
2671,3.002709195675288,8.003234758820493e-05
2672,2.9872576141519693,8.011346164477454e-05
2673,2.9749364894015122,8.01585254136164e-05
2674,2.9776277787990533,8.014488614635262e-05
2675,2.748988569581642,8.100742792751919e-05
2676,2.775847624622906,8.089752898165516e-05
2677,2.856071922547722,8.059992308056586e-05
2678,2.923265737366072,8.034396570391725e-05
2679,2.9643356306421995,8.01842573914985e-05
2680,2.986048553838036,8.009723792015775e-05
2681,2.9824039884018023,8.011476400406048e-05
2682,2.9736296156426536,8.015653714825396e-05
2683,2.6659943438019034,8.129133474652963e-05
2684,2.7586515155289186,8.095089152637631e-05
2685,2.847440561645787,8.063039392737461e-05
2686,2.914029376004313,8.036476890440906e-05
2687,2.958694213388518,8.020038804148489e-05
2688,2.977234233188171,8.012877499043945e-05
2689,2.65750546954587,8.130763382965657e-05
2690,2.7581570258953803,8.095124287580204e-05
2691,2.8451097772929423,8.063380556576904e-05
2692,2.911050331286563,8.038125025684212e-05
2693,2.6612740755701023,8.129143438296617e-05
2694,2.7590597129438623,8.094738408010058e-05
2695,2.924541650713851,8.034756709749914e-05
2696,2.930797768921137,8.033065128493951e-05
2697,2.9515011516227996,8.023416403998065e-05
2698,2.9710732609889643,8.015882316554277e-05
2699,2.982481536647824,8.012326878656807e-05
2700,2.853985862793122,8.061490841253875e-05
2701,2.889493446780033,8.047168218800247e-05
2702,2.9226543245535908,8.03442773510749e-05
2703,2.942823191745077,8.026411334673681e-05
2704,2.9518752548658336,8.023050783634876e-05
2705,2.946147753886532,8.025683514288914e-05
2706,2.936210081042688,8.029990413660278e-05
2707,2.928559315125428,8.032841248204256e-05
2708,2.8245587774915437,8.070841519573915e-05
2709,2.8723951893281567,8.052609027735842e-05
2710,2.9063506783945408,8.039175815824277e-05
2711,2.924230617391665,8.032789936411663e-05
2712,2.931852491912106,8.030288791422553e-05
2713,2.932013176334201,8.030494800421408e-05
2714,2.81742381682935,8.07331453429192e-05
2715,2.86531057733221,8.054889338366018e-05
2716,2.8982195764928314,8.04222561338463e-05
2717,2.9192567087017065,8.035173968395158e-05
2718,2.8161295672405773,8.072812860773827e-05
2719,2.863267669257331,8.05587242496387e-05
2720,2.8996828247579263,8.043138013442112e-05
2721,2.9081619698722876,8.03898824302233e-05
2722,2.912870315807302,8.03754470101124e-05
2723,2.884244115686405,8.04773030020673e-05
2724,2.890591082718307,8.04506953342617e-05
2725,2.8945570981677524,8.04366043592019e-05
2726,2.8990382329144593,8.042222157972768e-05
2727,2.8768077076042484,8.050724637788177e-05
2728,2.8844414519003445,8.0479758668545e-05
2729,2.880815857733327,8.048950326351712e-05
