Mode_Index,Frequency_THz,Cv_QPA_eV_K
0,0.0,0.0
1,0.24308986991911816,8.615064546997983e-05
2,0.46211986262480126,8.609066230310979e-05
3,0.6551610127264932,8.600511117954986e-05
4,0.830027389139828,8.590278438379021e-05
5,0.9919315128074199,8.578647946072941e-05
6,1.1428304829391152,8.565887122161183e-05
7,1.2830442799113806,8.552389817533272e-05
8,1.411827132945397,8.538688062795467e-05
9,1.5270527945493495,8.525404779350543e-05
10,1.6244849898564777,8.513262185922599e-05
11,1.6972639495152797,8.503784520026109e-05
12,1.7368807549778795,8.498324993188714e-05
13,0.24193540691263773,8.614939835830967e-05
14,0.3977527408183075,8.611053197704166e-05
15,0.5719312513183035,8.604490357640684e-05
16,0.7351905976291413,8.596082135792042e-05
17,0.8872050347823157,8.586364449624273e-05
18,1.03046838561353,8.575558370552182e-05
19,1.1668379289438728,8.563711611650967e-05
20,1.2971031643277076,8.550949647857925e-05
21,1.420476140469957,8.537760939113107e-05
22,1.5338330750786093,8.524626914890882e-05
23,1.6310237019891685,8.51257240847005e-05
24,1.7030155767924038,8.502969777594747e-05
25,1.717109748087783,8.501057334619153e-05
26,1.664651220464323,8.508094775790572e-05
27,1.5799318144662617,8.518945098575845e-05
28,1.4745998955996067,8.531483339530226e-05
29,1.357843086093808,8.544540993318843e-05
30,1.2345901444504832,8.557111392283532e-05
31,1.1060750312518777,8.569097459076859e-05
32,0.9712423066731586,8.580140478335095e-05
33,0.8279103503530202,8.590302534103981e-05
34,0.6734143908130743,8.599424085487582e-05
35,0.5061829218001602,8.607135976675775e-05
36,0.3380339375910267,8.612687491137189e-05
37,0.4311807426568019,8.609829283839015e-05
38,0.5332453868854574,8.606015497137053e-05
39,0.6584968255308761,8.600215055110242e-05
40,0.7879254962197313,8.592858213021398e-05
41,0.9173058878932193,8.584202818123437e-05
42,1.0466262162418887,8.574230932361858e-05
43,1.1761713574730281,8.562838700213978e-05
44,1.3049697623323089,8.550144012007647e-05
45,1.429935335304158,8.536689968215291e-05
46,1.545326788294019,8.523191663756259e-05
47,1.6426620552168605,8.51099051172434e-05
48,1.6717978551415924,8.507211709818648e-05
49,1.6045884845191052,8.51590515070339e-05
50,1.5051090229972908,8.528047304278845e-05
51,1.3904260472816736,8.540894771439705e-05
52,1.272838343612363,8.553274521967177e-05
53,1.1582570844574953,8.564310901463499e-05
54,1.047252735086638,8.57393762096492e-05
55,0.9373682758122832,8.58247622250595e-05
56,0.8255146334890278,8.590212184184864e-05
57,0.7104894663697058,8.597142159534224e-05
58,0.5974128225552767,8.602990032671737e-05
59,0.5491571466239074,8.60525796273463e-05
60,0.6109434839704121,8.60249900073763e-05
61,0.7017278010186783,8.597871916751587e-05
62,0.8097140905881905,8.591459280592168e-05
63,0.9290347893018395,8.583356157011235e-05
64,1.0563407326879108,8.573445834448743e-05
65,1.188367689628382,8.561669026929982e-05
66,1.3207854055358366,8.5484501558719e-05
67,1.447737751679207,8.534666388331472e-05
68,1.5617146668883908,8.521298708209214e-05
69,1.6064704185098928,8.515689006108359e-05
70,1.528220144649882,8.52528798801341e-05
71,1.41754133064047,8.538012237218309e-05
72,1.297594618717326,8.55067606133327e-05
73,1.182679398379171,8.562004600200735e-05
74,1.0796552990803123,8.571135002250929e-05
75,0.9893389395816412,8.578369713430794e-05
76,0.9090141924468875,8.584282271450111e-05
77,0.8354079051276933,8.589307512519931e-05
78,0.7677276176285989,8.593643004226331e-05
79,0.6042868938882752,8.60278115718761e-05
80,0.6425815795033978,8.600962698248943e-05
81,0.7194699901393173,8.596886069993304e-05
82,0.8240951641332841,8.590529741435996e-05
83,0.946471026121851,8.582047823148467e-05
84,1.0785582806632168,8.5715669263924e-05
85,1.2135222362911073,8.55927988633357e-05
86,1.344971119400802,8.545982451651467e-05
87,1.466477143125367,8.532593798428685e-05
88,1.528824805154747,8.525374847321561e-05
89,1.4454144272368543,8.534972893030433e-05
90,1.3313023172246408,8.547337103060191e-05
91,1.2130559201064404,8.559045886840913e-05
92,1.105166432711345,8.568876881118207e-05
93,1.0152472922787976,8.576235958473254e-05
94,0.945428759869968,8.581527760452803e-05
95,0.8940871393019117,8.585168180784209e-05
96,0.8581605135597008,8.587659514730147e-05
97,0.627214862897145,8.601713635580772e-05
98,0.663984601923624,8.599876943022164e-05
99,0.7457110530619084,8.595346645637522e-05
100,0.8568273399239609,8.588328952318398e-05
101,0.9829784921260593,8.579245939417448e-05
102,1.113832835234565,8.568479599025417e-05
103,1.2421549122674833,8.556506970520322e-05
104,1.3625096175689335,8.544124631132721e-05
105,1.4450593414179702,8.535241160858603e-05
106,1.3734011650332114,8.54293633956846e-05
107,1.255639844170285,8.555000100569243e-05
108,1.1475101601350755,8.565076082014981e-05
109,1.0517318899458528,8.573238640391041e-05
110,0.9760137160036686,8.579149706282014e-05
111,0.9244642390799344,8.582924414273959e-05
112,0.8978689002779646,8.584819983630379e-05
113,0.6596193361135165,8.600072509040588e-05
114,0.7088146376824195,8.597413110447404e-05
115,0.7976522138020006,8.592120800330919e-05
116,0.9078150003760456,8.584717031988986e-05
117,1.0255572409486193,8.575808983225255e-05
118,1.1425505728435161,8.565840426264209e-05
119,1.2540159102098556,8.555314285631247e-05
120,1.3571724393129172,8.544722419667512e-05
121,1.2971552837518514,8.5508144907789e-05
122,1.1946167905350724,8.560733699369224e-05
123,1.1048499909858833,8.568614631812751e-05
124,1.0266652509243948,8.575072744032056e-05
125,0.9669132239435885,8.57969181794569e-05
126,0.9315379365481936,8.582326357671722e-05
127,0.7209827330452345,8.596663586063836e-05
128,0.7756039468438858,8.593397216588578e-05
129,0.857027678595902,8.588151253901823e-05
130,0.950816327058432,8.581503950916835e-05
131,1.0479621388018057,8.57392648158602e-05
132,1.143970994900749,8.565732501022792e-05
133,1.2371112077687814,8.556963115962231e-05
134,1.2256781387937323,8.557681303730985e-05
135,1.1476068437390599,8.564665260131392e-05
136,1.0824734023407345,8.570283087616313e-05
137,1.02682369699137,8.574815126675664e-05
138,0.9860215949576998,8.578107782585905e-05
139,0.789687586060906,8.592505621348893e-05
140,0.8315226752949672,8.589800482658852e-05
141,0.8907702285343452,8.585797544038011e-05
142,0.9598938635644502,8.580818298615447e-05
143,1.0350423746962905,8.574996206332088e-05
144,1.114979168924862,8.568364444097023e-05
145,1.1589967158343846,8.563542256172354e-05
146,1.1214886422254928,8.56660553800413e-05
147,1.0744260519081088,8.570602986865361e-05
148,1.0449120118259068,8.573209440183491e-05
149,0.8292420942999064,8.58994418629343e-05
150,0.8467347525021734,8.588818904650207e-05
151,0.8811751040787429,8.586543947037694e-05
152,0.9311335537589264,8.583046140481847e-05
153,0.996078018238388,8.57823096094882e-05
154,1.07560654948018,8.571815345474587e-05
155,1.088601596420257,8.569205721273239e-05
156,1.0756874240645122,8.570246999909676e-05
157,0.8211023101777414,8.590606945103413e-05
158,0.8174043253397882,8.590911663117487e-05
159,0.8390960484605853,8.589541978009625e-05
160,0.8876829081623303,8.586253137455285e-05
161,0.9617000660628919,8.580933205914192e-05
162,1.057194095550514,8.573327896569512e-05
163,0.7771528513444231,8.593588157582635e-05
164,0.7696514050722364,8.594100907340133e-05
165,0.8001670988845628,8.592187053002208e-05
166,0.8667465312183485,8.587756475839504e-05
167,0.7356433476056141,8.59616755002677e-05
168,0.7461318533201754,8.595564293446196e-05
169,0.48774457749928146,8.607745152729458e-05
170,0.6165066593808298,8.602174305029295e-05
171,0.7509472707431547,8.594981989921005e-05
172,0.8810354241302625,8.586624732017953e-05
173,1.0065767167129698,8.577359269469376e-05
174,1.129522615525997,8.567011610947716e-05
175,1.2515567462277994,8.555443404962093e-05
176,1.372597050121269,8.542827391861634e-05
177,1.4891495210730967,8.529798659414478e-05
178,1.5928543613959572,8.517338729678147e-05
179,1.668736861543644,8.507613089694629e-05
180,0.593738094074228,8.603213968923783e-05
181,0.6855879873664974,8.598587145298316e-05
182,0.7917646919175624,8.592453951886257e-05
183,0.9040908109950222,8.584998280232577e-05
184,1.0207545388915085,8.576166233812985e-05
185,1.1414087589944477,8.565852284721619e-05
186,1.2649904041375148,8.554082585717374e-05
187,1.388258004587718,8.541217207766145e-05
188,1.5041103819110841,8.528151235057605e-05
189,1.5967555227976415,8.516912557207831e-05
190,1.603338118722791,8.516089876018728e-05
191,1.5175045635061797,8.526534180522027e-05
192,1.405059586880599,8.539342127901416e-05
193,1.2862706843557692,8.551913525803559e-05
194,1.1712668976340372,8.563098145150997e-05
195,1.0636960347744484,8.572525174669905e-05
196,0.9629783723052404,8.580503308029388e-05
197,0.8668169690581324,8.58734574444005e-05
198,0.7737967212974699,8.593350136379943e-05
199,0.6866844823229851,8.59841564841533e-05
200,0.645676670774664,8.600696425799404e-05
201,0.715525574243819,8.596944244150919e-05
202,0.8096568920523478,8.591301802032319e-05
203,0.9190373208317909,8.583887280247207e-05
204,1.0381826955742142,8.574752151357689e-05
205,1.1627683244757725,8.563961598337777e-05
206,1.2882961654418446,8.551773568965469e-05
207,1.4085870596378762,8.539007146126953e-05
208,1.5099682500465255,8.527547250376331e-05
209,1.5264930851299916,8.525649065634605e-05
210,1.4319629134157636,8.536429645615223e-05
211,1.3160040394720869,8.548887363221286e-05
212,1.1999748903449778,8.560363233414632e-05
213,1.0946385412413266,8.569833068558671e-05
214,1.0041366349311256,8.577180429564158e-05
215,0.928299655325332,8.582844783543258e-05
216,0.8650930821328776,8.58725615783024e-05
217,0.813138599328274,8.590734262953979e-05
218,0.6681657994716225,8.599547647798003e-05
219,0.7362900921788414,8.595743775772406e-05
220,0.834438194590422,8.589678702020113e-05
221,0.9495063176288844,8.581614623275872e-05
222,1.0720803895920286,8.57189156040502e-05
223,1.1953142557196488,8.560875642560143e-05
224,1.3133351075243311,8.549231479600202e-05
225,1.4159670663913004,8.538262839942611e-05
226,1.4419325253144326,8.535456338076042e-05
227,1.3477057715175185,8.545590094912851e-05
228,1.236359917019071,8.556878136634098e-05
229,1.1294158157155196,8.56672131566149e-05
230,1.0370399517828135,8.574478624234198e-05
231,0.9640706717782733,8.580069171372875e-05
232,0.911830731850839,8.583856480365618e-05
233,0.8794406682047051,8.586158545033946e-05
234,0.6996099655022254,8.597850344584696e-05
235,0.7781006438587064,8.593201838822821e-05
236,0.8819973287541948,8.586384288446967e-05
237,0.9962940491102532,8.577914526766569e-05
238,1.111429638565712,8.568489417091036e-05
239,1.2213521096109003,8.558408026101154e-05
240,1.3192982924644898,8.548629418474666e-05
241,1.3568897621494775,8.544781732926525e-05
242,1.2713493553774766,8.55343424844632e-05
243,1.1734451561654802,8.562705413637886e-05
244,1.0822241833660513,8.570610422393815e-05
245,1.0060963205679523,8.576751122724617e-05
246,0.950372563447511,8.580950345071871e-05
247,0.9185632335887175,8.583281964651063e-05
248,0.758624261257008,8.594374374497902e-05
249,0.8403933143538396,8.589124849221829e-05
250,0.9367587613999637,8.582374032880069e-05
251,1.036209168072832,8.574665873056216e-05
252,1.1324057972426493,8.566596298314138e-05
253,1.2210819923189495,8.558429771377103e-05
254,1.2728595742451516,8.553432458953556e-05
255,1.2201569559375844,8.558250229210391e-05
256,1.1285909688032254,8.566422224365599e-05
257,1.0588259283707688,8.572327947691488e-05
258,1.0023130686283925,8.576861848593572e-05
259,0.9643029813360277,8.579803413650589e-05
260,0.8252018084004927,8.590118211533073e-05
261,0.8934135962193667,8.58542845714482e-05
262,0.9686688828109778,8.579936685988e-05
263,1.0454042116972788,8.573913038474483e-05
264,1.1209280073201406,8.567571786278871e-05
265,1.1858912643378179,8.561710427700057e-05
266,1.161594363397214,8.56335599565779e-05
267,1.098758404930596,8.568706736571959e-05
268,1.0542758376759533,8.572516422133551e-05
269,1.020565430192352,8.575300679103734e-05
270,0.8643825103795827,8.587467909575257e-05
271,0.9089889269179815,8.584331576645061e-05
272,0.9610028666670705,8.580583331511465e-05
273,1.0200793822961502,8.57606452690297e-05
274,1.0857284664523452,8.570709876389448e-05
275,1.1104357157869482,8.567584110562445e-05
276,1.0799045689845774,8.570035878524495e-05
277,1.0625484800474279,8.571616685155202e-05
278,0.8579954251611756,8.587985577746454e-05
279,0.8831908794189238,8.586312126176066e-05
280,0.9236276431905861,8.583486308850857e-05
281,0.9814318350524733,8.579250871854856e-05
282,1.0558832371884999,8.573249053056983e-05
283,1.0749102509013364,8.570238716264216e-05
284,0.8173414591372671,8.590930849555383e-05
285,0.8404302335259886,8.589401892768994e-05
286,0.889062753985132,8.586032727257897e-05
287,0.962868787442414,8.580692123061207e-05
288,0.77878143453905,8.593498025147038e-05
289,0.8194826068740092,8.59083545187328e-05
290,0.7340640742729208,8.595725497589552e-05
291,0.8033493184153401,8.591468469411098e-05
292,0.8861009266491252,8.585983640723498e-05
293,0.9790364581434393,8.57921173982285e-05
294,1.0811556196246115,8.571015897480049e-05
295,1.1916020600959818,8.56116570765996e-05
296,1.3076230498266233,8.549744822007572e-05
297,1.4219577580802738,8.537537803461734e-05
298,1.5155167063303412,8.526848505515072e-05
299,0.7561949762281932,8.59441816944013e-05
300,0.82422283074835,8.590094013214203e-05
301,0.910689965718761,8.584198814261644e-05
302,1.0087489405664354,8.576821707227313e-05
303,1.1138105697763363,8.568163447534766e-05
304,1.2223287134670666,8.558143161491452e-05
305,1.3294816766672266,8.547508236341548e-05
306,1.4211795648930678,8.537769914961123e-05
307,1.427115533542183,8.537118662192238e-05
308,1.3348289918198786,8.546974137207616e-05
309,1.2274590654181967,8.55766407486212e-05
310,1.1240670411120397,8.567185108833479e-05
311,1.0311249656439305,8.574940214261487e-05
312,0.9511553081477795,8.58110888990201e-05
313,0.8853690556672611,8.585814648964588e-05
314,0.8352576752755,8.589258490272013e-05
315,0.7860401825737269,8.592570467154819e-05
316,0.8636461751015647,8.587422484140847e-05
317,0.9561572374978637,8.580751137145134e-05
318,1.054172144888275,8.573065847861039e-05
319,1.1521556764732053,8.564618454694413e-05
320,1.2465235161933672,8.555877721490648e-05
321,1.328885407447581,8.54767206192245e-05
322,1.3470184842915527,8.545829045031749e-05
323,1.2547352365991051,8.5551007077137e-05
324,1.160758032500846,8.563842219930906e-05
325,1.074763034329681,8.571218364701969e-05
326,1.0018500351735817,8.577058280079764e-05
327,0.9446073790340244,8.581398377860175e-05
328,0.9051434520801804,8.584300214001164e-05
329,0.8407787833288246,8.588962451388808e-05
330,0.9222801771226468,8.583170587455419e-05
331,1.0093104310887613,8.576524232884318e-05
332,1.0941681443239188,8.569586813827046e-05
333,1.1734016654857309,8.56267798633096e-05
334,1.2429441471471763,8.556285560833629e-05
335,1.2656767076267772,8.554180901350022e-05
336,1.1871798564458285,8.561419828783419e-05
337,1.112127985627828,8.567932479446962e-05
338,1.0470500011328034,8.573357663673595e-05
339,0.9954442912662661,8.577386294702487e-05
340,0.9601790628562732,8.580104290941559e-05
341,0.9034740058539147,8.584538956308492e-05
342,0.9738096700742614,8.57920887497151e-05
343,1.0424926491528643,8.573751777585235e-05
344,1.1060129959973144,8.568536671801941e-05
345,1.1629409477467687,8.563680606922836e-05
346,1.1915849816565036,8.561138505865185e-05
347,1.1334465104605977,8.566020383204821e-05
348,1.0808265850825873,8.570388285821353e-05
349,1.0386935207119565,8.573843752525833e-05
350,1.0091829517990634,8.576237441709415e-05
351,0.9422575938091433,8.581627369205804e-05
352,0.9919797292748943,8.577778808524538e-05
353,1.0396273750729434,8.573999533788445e-05
354,1.0856871595375701,8.570320850923531e-05
355,1.1232549293008267,8.567092271315103e-05
356,1.1034288021201344,8.568213499356435e-05
357,1.0636163799536,8.571567701239848e-05
358,1.0452524636660834,8.573182331016643e-05
359,0.9397371908247041,8.581857915742689e-05
360,0.9724775148710024,8.57937621471299e-05
361,1.0093285744339642,8.576581895376995e-05
362,1.0531512143114432,8.573151586213136e-05
363,1.0701920414978792,8.570913554539597e-05
364,1.0580730864969832,8.571859129223727e-05
365,0.9058683770628633,8.584527590656656e-05
366,0.9369097661775749,8.582243784958106e-05
367,0.9805591386840034,8.578966354691608e-05
368,1.0401305469269373,8.574308665328807e-05
369,0.8731360529397796,8.587019286733937e-05
370,0.919273954788504,8.583607645300297e-05
371,0.8635580570574627,8.587299162485448e-05
372,0.9222450228196616,8.58309453980561e-05
373,0.9938214702763538,8.577730322265644e-05
374,1.0738379390609867,8.5713062992334e-05
375,1.1597888056354468,8.563920554647956e-05
376,1.2489472013555092,8.55565016089271e-05
377,1.3299444619994814,8.547662585736545e-05
378,0.9146333439240303,8.583607511772154e-05
379,0.9777766176942081,8.578822254881642e-05
380,1.0450292775062868,8.573499554912773e-05
381,1.1125634618817075,8.567876069084525e-05
382,1.1796208084983282,8.562109106848706e-05
383,1.242109877943941,8.556417963646836e-05
384,1.2449084575083393,8.556176986145593e-05
385,1.1778700479426225,8.562282464036344e-05
386,1.1101185860346674,8.568122986952559e-05
387,1.0493358192804219,8.57309919909354e-05
388,0.9962038660307644,8.57732115467784e-05
389,0.9524593812571047,8.580701054866376e-05
390,0.9742230467093627,8.579048240167858e-05
391,1.0281445310260622,8.574706907421837e-05
392,1.0785858819500675,8.570589223193889e-05
393,1.1249915015116658,8.566758932080406e-05
394,1.1678281497786605,8.563269290358387e-05
395,1.181104685631372,8.562093110793284e-05
396,1.1202831617836944,8.56723409927112e-05
397,1.0749823886750676,8.570895503911215e-05
398,1.0393288306391424,8.573765758672575e-05
399,1.012604576969888,8.575906290024436e-05
400,1.0130695850600777,8.575897952849868e-05
401,1.0483495074501916,8.572985237144206e-05
402,1.0785680589837654,8.570576350084063e-05
403,1.1060873757867289,8.568461258428621e-05
404,1.119063105295588,8.567393845402512e-05
405,1.0770159479885897,8.570685303278023e-05
406,1.053173260931625,8.572580235844785e-05
407,1.041022871237919,8.573527002415353e-05
408,1.014356452565125,8.575787072240053e-05
409,1.0336307671172706,8.574261063114895e-05
410,1.0525807012953934,8.572928071295926e-05
411,1.07004324037961,8.571508184250462e-05
412,1.0481203620518607,8.572872708481535e-05
413,1.0438389244235196,8.573273019502258e-05
414,0.9866176808308508,8.578132572360753e-05
415,1.0035363562801536,8.576835555351681e-05
416,1.028362192758629,8.574985388885248e-05
417,1.0424817072505266,8.57326392769959e-05
418,0.9588853297252908,8.580431139368462e-05
419,0.9885460384086793,8.578100247124459e-05
420,1.009245213371956,8.576159355110386e-05
421,1.0445338138444968,8.5733026146599e-05
422,1.0813182987356083,8.570321760790762e-05
423,1.1211505130925556,8.567136444555497e-05
424,1.1641359725045808,8.563611582024127e-05
425,1.0478347731487372,8.572947952334035e-05
426,1.0651653013245612,8.571512871674309e-05
427,1.0817254212180658,8.570322456429053e-05
428,1.1017358256313072,8.568913038800839e-05
429,1.0994468643327178,8.569133933068613e-05
430,1.0738405503161381,8.570995191812895e-05
431,1.0580594997578012,8.572146804964617e-05
432,1.0492323703181166,8.572843668030597e-05
433,1.0515425955128777,8.572616535447219e-05
434,1.0527619937361397,8.572624353238917e-05
435,1.0569175858002737,8.572518915375245e-05
436,1.0593607120570245,8.572379023266017e-05
437,1.0393880980300905,8.573747889007063e-05
438,1.0430345095045095,8.573327465150071e-05
439,1.0277201429379133,8.574690187679887e-05
440,1.0254428325769327,8.57499632768939e-05
441,1.0294867419569356,8.574665566427572e-05
442,1.020706649328287,8.575210095387251e-05
443,1.0030958792188074,8.5767893457793e-05
444,1.0123659241327216,8.576117972138397e-05
445,1.0532420838262015,8.572473086702561e-05
446,1.0457233132201496,8.573230082222317e-05
447,1.048772621980486,8.573235319681736e-05
448,1.0310106034271773,8.574395223053117e-05
449,1.0191554835543184,8.575547624921211e-05
450,1.0127024069669275,8.576067191618864e-05
451,1.0206516125940364,8.575290787520684e-05
452,1.0078036908706778,8.576377920847687e-05
453,1.0054035354936324,8.576533999835105e-05
454,0.9978463459984025,8.57719350601226e-05
455,0.0,0.0
456,0.24308986991911816,8.61506324705411e-05
457,0.46211986262480126,8.609064012134353e-05
458,0.6551610127264932,8.600537882244653e-05
459,0.830027389139828,8.590275610523104e-05
460,0.9919315128074199,8.578641409834784e-05
461,1.1428304829391152,8.565902090709092e-05
462,1.2830442799113806,8.552360989016131e-05
463,1.411827132945397,8.538668956577838e-05
464,1.5270527945493495,8.525409449288428e-05
465,1.6244849898564777,8.513338840785263e-05
466,1.6972639495152797,8.503676947466524e-05
467,1.7368807549778795,8.498438893753455e-05
468,0.24193540691263773,8.61493923162197e-05
469,0.4132259882631837,8.61058979395141e-05
470,0.6075013231964355,8.602863929226943e-05
471,0.790054068646955,8.592811191926592e-05
472,0.9610680692641563,8.58097143666541e-05
473,1.1212271745272342,8.567695422532065e-05
474,1.2697952687919924,8.55365239405264e-05
475,1.4052381327844927,8.539291460378924e-05
476,1.5248336986102138,8.525467768879447e-05
477,1.623620210332342,8.513317330920695e-05
478,1.693976960672789,8.504114896094735e-05
479,1.727159383250994,8.499646804557547e-05
480,1.740161504946601,8.497877136833971e-05
481,1.7366675748893552,8.498380245786137e-05
482,1.6936075827400152,8.504253420909512e-05
483,1.61707769757961,8.514296362035367e-05
484,1.5141911855008852,8.526853152594455e-05
485,1.3908253218338873,8.540985662994624e-05
486,1.2513600571378585,8.555583231597394e-05
487,1.099131840200334,8.569809439826795e-05
488,0.9367944437790501,8.58284983290443e-05
489,0.7662333803045347,8.594346225899874e-05
490,0.5880873255127103,8.603842741242107e-05
491,0.4040555197534996,8.611088787499747e-05
492,0.4311807426568019,8.609831828687372e-05
493,0.5476495068620852,8.605410394307001e-05
494,0.7035035969652423,8.597796171319472e-05
495,0.8683186370081798,8.587573292240364e-05
496,1.0313409726425542,8.575300428399807e-05
497,1.1874754907314953,8.561504232330855e-05
498,1.333275356279503,8.546814781179744e-05
499,1.4648687223155503,8.532398317080346e-05
500,1.5754831712011872,8.519268297006755e-05
501,1.6541198710348561,8.50936782886092e-05
502,1.6884549907954476,8.504972381078536e-05
503,1.7117262079968443,8.501825946026723e-05
504,1.743387887586762,8.497438025810521e-05
505,1.7332529851627902,8.498830336259209e-05
506,1.6830332360111229,8.505655896925937e-05
507,1.5985079301295435,8.516657321632424e-05
508,1.4867064581600136,8.530185165045418e-05
509,1.354410375940352,8.544879316818963e-05
510,1.2078145416670094,8.559828764414178e-05
511,1.0525986620898762,8.57374700255402e-05
512,0.8940200317793121,8.585979085513943e-05
513,0.7370899640200009,8.596017575353966e-05
514,0.5491571466239074,8.605261359537612e-05
515,0.6260365659604717,8.601751768486655e-05
516,0.7533896640913924,8.594848315370762e-05
517,0.9050773413449893,8.584893667997083e-05
518,1.064349879090532,8.57244258411065e-05
519,1.2208802263454788,8.558194554226129e-05
520,1.366904418239295,8.543217697453983e-05
521,1.4932072888697696,8.529077202314927e-05
522,1.5854977294107149,8.518130999064459e-05
523,1.6262559817110844,8.513150118518738e-05
524,1.6537944198663757,8.509493895658337e-05
525,1.7146931394318758,8.501435952804153e-05
526,1.7369724950701766,8.49829667068855e-05
527,1.717579457296682,8.501024968702048e-05
528,1.6587871772762446,8.508943906013726e-05
529,1.5668797997650097,8.520568271179082e-05
530,1.450031867688093,8.53440131324974e-05
531,1.3167511130932699,8.548803766880615e-05
532,1.1750604575617962,8.562880473247044e-05
533,1.0321068669723779,8.575410370737872e-05
534,0.6042868938882752,8.602789734653518e-05
535,0.6590280489210546,8.600093169538702e-05
536,0.7764625381055242,8.593422874762843e-05
537,0.928506082310466,8.58314388333653e-05
538,1.0921145972185586,8.570042638299652e-05
539,1.2512873943119702,8.555183329275588e-05
540,1.3924918168500435,8.540441862034371e-05
541,1.498782471406559,8.528645385461187e-05
542,1.5481923991457995,8.522924770486743e-05
543,1.571268243786944,8.520066698690563e-05
544,1.6521289477390388,8.50981315714165e-05
545,1.701862325750815,8.503190869356158e-05
546,1.7147346104353973,8.501406174208785e-05
547,1.6885949882580396,8.50509794654376e-05
548,1.626207791185866,8.513282637020681e-05
549,1.5345883555244328,8.524638240696362e-05
550,1.4229193574450254,8.537516863482273e-05
551,1.300446230300312,8.550506327425267e-05
552,0.627214862897145,8.601711604931542e-05
553,0.6814982439093631,8.598908020041676e-05
554,0.8055132264230292,8.591572734157216e-05
555,0.9647482262020041,8.580364270814347e-05
556,1.1308474246145477,8.566554497195755e-05
557,1.2831760306014415,8.552054783214602e-05
558,1.4015572443705264,8.539683222520984e-05
559,1.4604572700592677,8.533371058497543e-05
560,1.470348165514633,8.532121126672852e-05
561,1.5612931975427433,8.521347437378473e-05
562,1.630533612989807,8.5126512225261e-05
563,1.6726782032022613,8.507186733895937e-05
564,1.6827458674374254,8.505949322383222e-05
565,1.6584298553304102,8.50912657906832e-05
566,1.602135467578416,8.5164142026491e-05
567,1.5207062163329734,8.526249455893329e-05
568,0.6596193361135165,8.600070144112067e-05
569,0.7265043274760653,8.596362071565649e-05
570,0.8575197428672624,8.588076036685314e-05
571,1.0152602326897555,8.576340829372221e-05
572,1.1699387792367548,8.562952685431876e-05
573,1.2966343724879008,8.550809593739656e-05
574,1.3659777731197655,8.543849863569857e-05
575,1.3587242170376421,8.544664709478082e-05
576,1.4501604553328147,8.534431911663804e-05
577,1.5309699204650657,8.525103368683342e-05
578,1.59629457506836,8.5170241395693e-05
579,1.6409025782223863,8.511353670301978e-05
580,1.65862657561472,8.509163016061156e-05
581,1.6453856514763001,8.510861647012107e-05
582,0.7209827330452345,8.596665391413523e-05
583,0.792901493181698,8.592300310725933e-05
584,0.9160240471378945,8.583896148083255e-05
585,1.0564736380470836,8.572904930063872e-05
586,1.1840541596790057,8.561731183990908e-05
587,1.2649802325451018,8.554234820247822e-05
588,1.2712382090455037,8.55360975658161e-05
589,1.3271197609708931,8.547826444276955e-05
590,1.4139558587979861,8.53852994076801e-05
591,1.4962584742260399,8.529110067504148e-05
592,1.569801970941311,8.520302912596713e-05
593,1.6269693332646156,8.513203052868387e-05
594,0.789687586060906,8.592472327353282e-05
595,0.8486445634361736,8.588623967098442e-05
596,0.949970923534533,8.581370226930781e-05
597,1.0646343809653944,8.572257971697586e-05
598,1.1566154698152828,8.564400637135468e-05
599,1.1836938355934796,8.561816819560769e-05
600,1.1998891575560078,8.5606315211245e-05
601,1.2901887164997314,8.551642352131632e-05
602,1.3850574680736951,8.541698640976162e-05
603,1.4808146320892945,8.530985671895432e-05
604,0.8292420942999064,8.589946185512237e-05
605,0.8645578009282701,8.587571067395752e-05
606,0.9440102473537422,8.581901264305866e-05
607,1.0396668841734815,8.574404844653937e-05
608,1.098154242421548,8.569138184689245e-05
609,1.0989019652357441,8.568565696785555e-05
610,1.1687855358346035,8.563541992250644e-05
611,1.2734065450620193,8.553334262315307e-05
612,0.8211023101777414,8.590576112751137e-05
613,0.8379351412704591,8.589568031728942e-05
614,0.9142701544129088,8.584258019446448e-05
615,1.0136850829024826,8.576380211793613e-05
616,1.0503672372130737,8.572422122423405e-05
617,1.0645425622505555,8.571005522003569e-05
618,0.7771528513444231,8.593605082001123e-05
619,0.7964464330348245,8.592420808313112e-05
620,0.9011126163238229,8.585289507836187e-05
621,1.019633284041369,8.574984536911626e-05
622,0.7356433476056141,8.596176146371957e-05
623,0.7781235613747369,8.593595429349576e-05
624,0.5495527068180591,8.605526613713504e-05
625,0.7123630700316173,8.597422650298155e-05
626,0.8784814319725486,8.587044305701152e-05
627,1.0421244397356828,8.574591638499169e-05
628,1.1992580176474859,8.560478612260946e-05
629,1.3460361089996848,8.545695873285256e-05
630,1.478154861736683,8.531072011000213e-05
631,1.5899108750755924,8.51762048662444e-05
632,1.6736754569348296,8.506895315043478e-05
633,1.7210855388338329,8.500457822329984e-05
634,1.7282836410365994,8.499501715131647e-05
635,0.6456556685292187,8.600913702961514e-05
636,0.7807977303158949,8.593344255895208e-05
637,0.9328377436684242,8.583057190858643e-05
638,1.0905591724583128,8.570355248862279e-05
639,1.2456830157558,8.555789012893654e-05
640,1.3912130485808951,8.54069224471659e-05
641,1.5190663337740065,8.526069960802525e-05
642,1.6180691803539413,8.513989220959974e-05
643,1.6754401303381954,8.50670827938982e-05
644,1.6872693883285765,8.505045899912044e-05
645,1.7030792260372452,8.502974562643047e-05
646,1.7273623296766776,8.499619003226454e-05
647,1.7121760562603947,8.501701307934128e-05
648,1.6542439673270837,8.509438842331072e-05
649,1.5598594804773391,8.521365153174052e-05
650,1.4382350917892024,8.535634431900641e-05
651,1.298570256502988,8.550636415617558e-05
652,1.1489877048112433,8.565179707360781e-05
653,0.9967240321312717,8.578305011039549e-05
654,0.8486792668532048,8.589013751602808e-05
655,0.693506007378282,8.598361891829801e-05
656,0.8107876417680822,8.591432497707116e-05
657,0.9573632111608309,8.581153479509633e-05
658,1.1163218450656343,8.568060866461401e-05
659,1.2740767158104753,8.552946688068877e-05
660,1.4184517112389003,8.537661703229711e-05
661,1.5348580556712776,8.524355578069738e-05
662,1.6052318954328944,8.515881030843548e-05
663,1.621502642673658,8.513799082673787e-05
664,1.6437378200828554,8.510738457396929e-05
665,1.6949874958853577,8.504084982591633e-05
666,1.713593090704664,8.501605966804996e-05
667,1.6893317960670835,8.504825417000751e-05
668,1.6234935723356732,8.51355806551878e-05
669,1.523747542517984,8.525819568261955e-05
670,1.400798063514512,8.539899646153378e-05
671,1.2656531203867463,8.553994950553246e-05
672,1.1281928497158984,8.56714836451683e-05
673,0.713895469527936,8.597232986216938e-05
674,0.8302652167586143,8.590133040805374e-05
675,0.9822572224549544,8.579234549254295e-05
676,1.1462372075467027,8.56530437674541e-05
677,1.3030662351537718,8.550042472597306e-05
678,1.4343303376238326,8.536074516112503e-05
679,1.5175037545216041,8.52662981970836e-05
680,1.5377776972389137,8.524226420191898e-05
681,1.5571611857158227,8.521672792043848e-05
682,1.6254777458703538,8.513164218499963e-05
683,1.673105297083598,8.507023890250227e-05
684,1.6854046462547414,8.505501726259308e-05
685,1.657683743323393,8.509192853353287e-05
686,1.5922967445457907,8.517501066231547e-05
687,1.4975980121496444,8.528987923071135e-05
688,1.3849455730768696,8.541544558954652e-05
689,0.7419988092142937,8.595587823449758e-05
690,0.8664547184020203,8.587649952162715e-05
691,1.0228541400261315,8.575965634931472e-05
692,1.1831616604567414,8.561913556040323e-05
693,1.3236793236857953,8.548061131630734e-05
694,1.4178872284444892,8.538174360046576e-05
695,1.4429074995831366,8.535434448150991e-05
696,1.4526158537089173,8.534034278894418e-05
697,1.5274767385952073,8.525330861238972e-05
698,1.5955885573746065,8.517087985058621e-05
699,1.6409696731717456,8.511308215043043e-05
700,1.655311822192407,8.509638103137369e-05
701,1.6340471063726576,8.512251682219126e-05
702,1.5789031276324332,8.519264747004914e-05
703,0.7954402021676916,8.592261367347081e-05
704,0.9197202185644261,8.583820481891072e-05
705,1.0668049059989975,8.572257183680754e-05
706,1.2070114378664205,8.559711865051861e-05
707,1.3096285523518476,8.549729908532569e-05
708,1.3424781954722171,8.546416298891218e-05
709,1.3398981264136975,8.546397570014022e-05
710,1.407611764353652,8.539108592997643e-05
711,1.4925354928310346,8.529527691915192e-05
712,1.5635450965888897,8.521136877579305e-05
713,1.6165561707043392,8.514479978983642e-05
714,1.6421914738388736,8.511306521058588e-05
715,0.8558089005994532,8.588264644193717e-05
716,0.9638961552000742,8.580507290785924e-05
717,1.0880038669540084,8.570434027631092e-05
718,1.1941761057765254,8.561022551500598e-05
719,1.2404553435809134,8.556713005427515e-05
720,1.230384005572198,8.557369036606901e-05
721,1.2861464968677592,8.551920489373266e-05
722,1.377022942028074,8.542516175765766e-05
723,1.4660653752284303,8.53271725381794e-05
724,1.5495228194010238,8.522792726106839e-05
725,0.8899748609372302,8.585890588939466e-05
726,0.9739029339159837,8.579752865993921e-05
727,1.0727708619858702,8.571761796753362e-05
728,1.1390009468322453,8.565896714373218e-05
729,1.140795187245164,8.565284397171746e-05
730,1.1676860599060315,8.56345663786171e-05
731,1.260464178248951,8.554570682073404e-05
732,1.3616338401199202,8.544157521443412e-05
733,0.8813435789761472,8.586573687022252e-05
734,0.9499559402107255,8.581665529984249e-05
735,1.0367700590584874,8.574626938189883e-05
736,1.0714593426533776,8.570977790057184e-05
737,1.07112163432611,8.57070293510001e-05
738,1.1484843405389233,8.565297814952362e-05
739,0.8442658724291516,8.589250098685883e-05
740,0.9248233443569062,8.583596564939422e-05
741,1.0196728957968453,8.575401265914671e-05
742,1.0410926180269402,8.573140272528702e-05
743,0.8164455904457025,8.59122650802957e-05
744,0.9300079313788386,8.583314713711424e-05
745,0.8991599132918145,8.585500139697243e-05
746,1.0389537625988434,8.574852119912149e-05
747,1.1891777103027976,8.56144807098816e-05
748,1.33888590925169,8.546337050608411e-05
749,1.4764088404968727,8.531195689048828e-05
750,1.58821054292276,8.517923596525856e-05
751,1.6596458213773242,8.508814124481009e-05
752,1.6809829558792795,8.506014901679672e-05
753,1.6602488514989524,8.508549286618801e-05
754,0.9205581029721938,8.584021649758286e-05
755,1.060844315443566,8.573025557327799e-05
756,1.2147962200443565,8.559010389883784e-05
757,1.3655002478116112,8.543592439756821e-05
758,1.494800886783961,8.529136431275456e-05
759,1.5817607590919867,8.518863639516489e-05
760,1.6096986791783825,8.515371817354533e-05
761,1.5880382155208033,8.517836560606938e-05
762,1.5923759846088574,8.517157093717762e-05
763,1.641392434855531,8.511139850727551e-05
764,1.6606603434212177,8.508685180850964e-05
765,1.6310960665586938,8.512626405578044e-05
766,1.5529019551358458,8.522392410272527e-05
767,1.4384760222927593,8.535578018020684e-05
768,1.3044634493963583,8.549992464034262e-05
769,1.1667375470564758,8.563610251945772e-05
770,0.9435301440538199,8.582289104147584e-05
771,1.0891699102333032,8.57056326161406e-05
772,1.2439622436519364,8.556156401876727e-05
773,1.3848484400193262,8.541623518096885e-05
774,1.4854939623274788,8.530475143743618e-05
775,1.520452170984641,8.526338791042648e-05
776,1.4968779711547002,8.528995878110325e-05
777,1.4917320517811217,8.529301802082277e-05
778,1.5612262679553701,8.521205127039775e-05
779,1.6138973154926508,8.514750611480259e-05
780,1.6306646261558613,8.512751790893929e-05
781,1.601031385864946,8.516556498301251e-05
782,1.5272858557959,8.525459379296591e-05
783,1.4226116321583315,8.537435355811936e-05
784,0.983269100776088,8.579223079236232e-05
785,1.1260544496300937,8.567290543424708e-05
786,1.2674319421870883,8.553901209816831e-05
787,1.3768186028374831,8.54262486874822e-05
788,1.419748528315215,8.538022785051458e-05
789,1.3967524169583057,8.540309836620958e-05
790,1.3820130557151828,8.54163665322767e-05
791,1.4558863684232484,8.533617694284381e-05
792,1.529593041927023,8.525151977477777e-05
793,1.5852187075588533,8.518408036676678e-05
794,1.6078171605819962,8.515653337864401e-05
795,1.587948234408937,8.518185302705261e-05
796,1.0266142072285112,8.575760179948528e-05
797,1.1510342500540371,8.565047791595442e-05
798,1.2606177762972048,8.554720110137821e-05
799,1.3129485123689688,8.549522643105573e-05
800,1.2953299215447405,8.551103528491795e-05
801,1.2727230979265205,8.553032708433149e-05
802,1.3406061305202956,8.546212885124916e-05
803,1.4247329256342331,8.537189545688806e-05
804,1.5067455028235743,8.527930279612633e-05
805,1.5727910257092068,8.520026423030258e-05
806,1.0469964154141689,8.574095043199986e-05
807,1.142218476478697,8.565954126781406e-05
808,1.2044186055363946,8.560208160703969e-05
809,1.1989769560658734,8.560316590853662e-05
810,1.172538276180023,8.562555120368807e-05
811,1.213720120793826,8.559042529215739e-05
812,1.3146836507529254,8.549062760783706e-05
813,1.4116432494621773,8.538764710045677e-05
814,1.0314279735781107,8.57546603152827e-05
815,1.097662509669934,8.569747522611833e-05
816,1.1138564442788232,8.567817122975515e-05
817,1.094259299362645,8.56899472228389e-05
818,1.1180676874152886,8.567779323593839e-05
819,1.2114402182762873,8.55932278428636e-05
820,0.9977889814639539,8.578031829430618e-05
821,1.0449683245053365,8.573566451442548e-05
822,1.0460137721053768,8.572944323133403e-05
823,1.0502252608179194,8.572448617525036e-05
824,0.9931481909135493,8.578116150236575e-05
825,1.021599066267446,8.574791458893226e-05
826,1.1914340857408736,8.56128884146338e-05
827,1.3307555079500404,8.547274002544846e-05
828,1.4580024303170156,8.53344025345646e-05
829,1.5495823667455166,8.522867376092894e-05
830,1.5847719176166892,8.51856531714101e-05
831,1.562422673700623,8.52109828579658e-05
832,1.5092991979981645,8.527196818391301e-05
833,1.2203634118889182,8.5585346845716e-05
834,1.3510105403544765,8.545316359185207e-05
835,1.452133971534196,8.534298629548883e-05
836,1.4931980064760237,8.529688333655332e-05
837,1.468668011343796,8.532314380924768e-05
838,1.4116118730200766,8.538428307186141e-05
839,1.405118223063043,8.539054020533654e-05
840,1.4740138956935092,8.531542384075604e-05
841,1.5343129162503402,8.52461507158382e-05
842,1.5572761165931877,8.522001961455938e-05
843,1.525176209756199,8.525866803438436e-05
844,1.442404078969967,8.535350724903923e-05
845,1.2441186741807124,8.556242226123865e-05
846,1.345888697304069,8.54590406347029e-05
847,1.392420812736972,8.541125854182396e-05
848,1.3689344541806872,8.543538571134348e-05
849,1.311736723343536,8.549153954448931e-05
850,1.2843440763682301,8.551826945274529e-05
851,1.3662289374453178,8.543452854664582e-05
852,1.4468180264574475,8.534782753003223e-05
853,1.5137871394834774,8.527192638035996e-05
854,1.5451312274534696,8.523379418605557e-05
855,1.2387787323582644,8.556963708705052e-05
856,1.288205861722909,8.552061901968476e-05
857,1.2700835300657654,8.553728169373537e-05
858,1.2174380286475555,8.558496212264417e-05
859,1.1852849274539372,8.56140709801869e-05
860,1.2563039504787894,8.554831026442174e-05
861,1.3439126188672588,8.546003687199061e-05
862,1.4356326972710403,8.536053218039868e-05
863,1.186778536752596,8.56188025708568e-05
864,1.1785278370731256,8.562261926066864e-05
865,1.1353969765698808,8.565785887661589e-05
866,1.1034346978558465,8.56855935537828e-05
867,1.1565686881296204,8.564263759180065e-05
868,1.242874955490597,8.556230266823162e-05
869,1.100944474468336,8.56902734490951e-05
870,1.0728095582821138,8.570988696055836e-05
871,1.048800222630717,8.572896654282702e-05
872,1.0713530468866053,8.571631427750134e-05
873,1.0347151912854096,8.57398649043557e-05
874,1.0294020363539682,8.574339085347966e-05
875,1.437415152897043,8.535953749087874e-05
876,1.4717378098706608,8.532160985791403e-05
877,1.443907893283577,8.535216406788919e-05
878,1.3779953612233216,8.542299265092978e-05
879,1.3067833746074362,8.549609183124462e-05
880,1.3799617754536773,8.542486854493045e-05
881,1.3501119427922579,8.545463404128901e-05
882,1.2827378095614137,8.552296325336983e-05
883,1.2129387172922628,8.558883038892107e-05
884,1.2017414973217475,8.55993184620265e-05
885,1.2736207310097842,8.553113180499645e-05
886,1.3582365804567986,8.544519806749251e-05
887,1.4334202766085278,8.536449527669527e-05
888,1.2594552648252522,8.55481850667774e-05
889,1.1955585819530714,8.560623364320996e-05
890,1.1315609020596384,8.566157651863797e-05
891,1.100955554517164,8.568917119315549e-05
892,1.1738338602829934,8.562669643261398e-05
893,1.26176729006242,8.554412601460982e-05
894,1.1236042180600636,8.566874448927064e-05
895,1.0703832765070753,8.571304981030295e-05
896,1.043309529723637,8.573630233283297e-05
897,1.0920746916630575,8.569796804080801e-05
898,1.0360928620967587,8.57385741664524e-05
899,1.021228049834533,8.575072629254703e-05
900,1.2719699573189067,8.553459629990225e-05
901,1.187912271260133,8.561341663343542e-05
902,1.1194050059232115,8.567299426182999e-05
903,1.1176473690781894,8.56746106057391e-05
904,1.0568772422503692,8.572531489295948e-05
905,1.0452939731851012,8.573554430644524e-05
906,1.1039878090295736,8.568707097265701e-05
907,1.023100849445672,8.575206123751079e-05
908,1.007210299968178,8.576530991804965e-05
909,1.0085145519676593,8.576383999734638e-05
910,0.0,0.0
911,0.3264741225531023,8.613040447750146e-05
912,0.6403787506318405,8.600864666939587e-05
913,0.9312148303686448,8.582629960353083e-05
914,1.1923788286872923,8.560112041286819e-05
915,1.4224473252105772,8.535583425293023e-05
916,1.6255903670911847,8.510190020816559e-05
917,1.810775037463782,8.484173706477285e-05
918,1.9894337185498396,8.457197275960579e-05
919,2.171559367254234,8.427745398024553e-05
920,2.3607597858128937,8.393654992638849e-05
921,2.5478496395303663,8.354458089783358e-05
922,2.692852463012102,8.323946567748488e-05
923,0.4234179335694643,8.610419166613872e-05
924,0.662967279230197,8.600086394622534e-05
925,0.9213757492373977,8.583725419217775e-05
926,1.170101999792868,8.562456352153738e-05
927,1.3971664742990983,8.538780771050058e-05
928,1.6002329882760244,8.513848299795901e-05
929,1.7837273265191742,8.488256462235904e-05
930,1.9560091735567091,8.462843607294798e-05
931,2.125923859787606,8.435617812302766e-05
932,2.298336912568676,8.405782326385224e-05
933,2.46760405940656,8.371110908745627e-05
934,2.604896785599801,8.341537992410688e-05
935,2.6491003362546945,8.33159829576065e-05
936,2.569676210496416,8.348441180953167e-05
937,2.417316685319573,8.381583934533881e-05
938,2.2432547141167967,8.415630382449799e-05
939,2.0681650444323885,8.444948222200059e-05
940,1.8946609097135998,8.471881542254712e-05
941,1.7167003983910518,8.497684829231335e-05
942,1.5250957223958432,8.523414153386501e-05
943,1.3118249639369446,8.54807661103377e-05
944,1.0732746951286527,8.571294904156786e-05
945,0.8126355909264068,8.591077362534747e-05
946,0.5438978944477474,8.605593569784419e-05
947,0.8362475663412454,8.589858242455476e-05
948,1.0473221067474583,8.573603045624883e-05
949,1.2606966864320743,8.553522111883112e-05
950,1.463708926345237,8.531375002526668e-05
951,1.6498175627822074,8.507828240935742e-05
952,1.817392053828474,8.484151752322356e-05
953,1.9688002557977764,8.46139266595589e-05
954,2.1084358477955925,8.439081682250835e-05
955,2.240107032004445,8.416718715707956e-05
956,2.3627703997582703,8.393428888999348e-05
957,2.4639929324238694,8.373529293154376e-05
958,2.5200273421678725,8.360493920019543e-05
959,2.5067768878314602,8.360334712282714e-05
960,2.431307824479443,8.377164181002869e-05
961,2.3099003054097214,8.403007289619644e-05
962,2.1634205017744006,8.429604213887413e-05
963,2.0055725979625043,8.455016798595419e-05
964,1.839663986480229,8.480259115903552e-05
965,1.6627917543768516,8.505557920675574e-05
966,1.4704831623289127,8.53035854721939e-05
967,1.2605506936027764,8.553594251696488e-05
968,1.0363890526289516,8.574551232132329e-05
969,1.2283917017664043,8.556806477929741e-05
970,1.4146404443687928,8.536891199230359e-05
971,1.587686472274034,8.516337642781742e-05
972,1.7439427049014793,8.494908880362415e-05
973,1.8813878999386526,8.47498999978622e-05
974,1.9985051078553357,8.45723928035815e-05
975,2.0954939121332647,8.44165269416664e-05
976,2.1749672454168483,8.428189200344145e-05
977,2.2426026563149493,8.415956728276137e-05
978,2.3046221975108336,8.404444299822653e-05
979,2.358826565733244,8.393165930702962e-05
980,2.390412686513929,8.384866503533432e-05
981,2.3785746368044913,8.386647861802374e-05
982,2.3293996300373117,8.397725610134713e-05
983,2.2414091024671214,8.415557248970196e-05
984,2.119999095805639,8.436811467063005e-05
985,1.9754086475561023,8.46014061916383e-05
986,1.8147116506290404,8.483759563131908e-05
987,1.6404902332296263,8.508772246165145e-05
988,1.4542184177759827,8.5323709134042e-05
989,1.5869968906704086,8.516294511519034e-05
990,1.7389971337491386,8.495314387400617e-05
991,1.856019568080309,8.478808489073469e-05
992,1.9478610484422867,8.465292345261578e-05
993,2.0178617930482785,8.454437684480876e-05
994,2.064754051607537,8.446530474088514e-05
995,2.0914187068435623,8.441995331781352e-05
996,2.1093372456890345,8.438295061115034e-05
997,2.1375435823376594,8.43341619319432e-05
998,2.185873183511926,8.425210692146958e-05
999,2.2518651938901977,8.411202712256672e-05
1000,2.2822425838076814,8.404476404688331e-05
1001,2.286787426686559,8.404594387120262e-05
1002,2.2672513945628934,8.410377010929425e-05
1003,2.215173443014003,8.420814658376932e-05
1004,2.114514933185029,8.437989962593385e-05
1005,1.972608609177496,8.460364626909391e-05
1006,1.8104558840563998,8.484599630982e-05
1007,1.8895444841383002,8.474253210651049e-05
1008,1.96946474200913,8.461655965435597e-05
1009,1.9967579542281053,8.457106560559927e-05
1010,2.0118901467947254,8.454646830700682e-05
1011,2.008410836710552,8.455041681712942e-05
1012,1.9882461186884326,8.458333419337848e-05
1013,1.9664811008966232,8.461250940556448e-05
1014,1.9688380248573214,8.460547701735657e-05
1015,2.011792115307528,8.453759692042685e-05
1016,2.0798457487904374,8.44149595758131e-05
1017,2.17128714704802,8.423991099435248e-05
1018,2.2137846442481877,8.417129917815701e-05
1019,2.239044293970542,8.415523623928892e-05
1020,2.257784072322369,8.413828638368929e-05
1021,2.246410007018527,8.415736289164401e-05
1022,2.1284563157350402,8.435369677557365e-05
1023,2.0488548579476196,8.448150180771575e-05
1024,2.0169728458460345,8.452907387867271e-05
1025,1.983675363793271,8.457800378744375e-05
1026,1.9336283120788034,8.466109522212776e-05
1027,1.8722381888941113,8.475276389421507e-05
1028,1.8187354170411356,8.482710051802432e-05
1029,1.8015588426248632,8.484591056020591e-05
1030,1.8412773321806044,8.479024864954367e-05
1031,1.919688439909202,8.466895024864463e-05
1032,2.0561831027389017,8.443403578359137e-05
1033,2.141386074452672,8.4300765068701e-05
1034,2.1994499198056214,8.422596810203895e-05
1035,2.244860132309457,8.417430747582342e-05
1036,2.294106903632026,8.410266314233846e-05
1037,2.0190948618853772,8.451502741045665e-05
1038,1.9605911138612715,8.460841250512973e-05
1039,1.855721932421233,8.477096415914397e-05
1040,1.7520452862373865,8.49268688202234e-05
1041,1.6703032995076421,8.504123572279064e-05
1042,1.6358598493434855,8.507878584598147e-05
1043,1.6730281339925388,8.502738437154276e-05
1044,1.7612106788184705,8.490449789458389e-05
1045,1.9290476370560385,8.464774978054859e-05
1046,2.0700052400393503,8.442135687979038e-05
1047,2.1823840328776214,8.426106819584747e-05
1048,2.2230646172474517,8.421381226145222e-05
1049,1.9322955565430988,8.467071759927055e-05
1050,1.7739181139960971,8.48956057244936e-05
1051,1.6308219349016133,8.509894913949767e-05
1052,1.5239163279266825,8.523741337104121e-05
1053,1.4708786924427804,8.529640346147434e-05
1054,1.501565555009078,8.525689274950805e-05
1055,1.5988738734986452,8.513591933972624e-05
1056,1.7272639735133961,8.49566051199493e-05
1057,1.9541734597529445,8.461353822243745e-05
1058,2.135011123207126,8.432726042573772e-05
1059,1.6491075550740308,8.508002264696332e-05
1060,1.502047477290845,8.526928820510461e-05
1061,1.3813971887924648,8.540854568747469e-05
1062,1.309776507243284,8.548424659285399e-05
1063,1.3226271210725051,8.546896474289651e-05
1064,1.426508816914608,8.535424492593629e-05
1065,1.56787917184987,8.518069137028879e-05
1066,1.7806257197628477,8.48824700704994e-05
1067,1.3668874583702495,8.542841589492644e-05
1068,1.247795271618258,8.555355456577449e-05
1069,1.16601787402776,8.562960756590585e-05
1070,1.1449048911194861,8.564841650180051e-05
1071,1.2443614220745647,8.555604194245588e-05
1072,1.401985196097006,8.538555092791417e-05
1073,1.135657574804685,8.565981487219454e-05
1074,1.0588172876897535,8.572434020654784e-05
1075,1.0223661693790622,8.575155193006742e-05
1076,1.0641248045573357,8.572484044387788e-05
1077,0.9978665381451876,8.577266654741187e-05
1078,0.9842442790814292,8.578259188121183e-05
1079,0.8778569616110717,8.58698347552147e-05
1080,1.1076909181792294,8.568340039799984e-05
1081,1.329318230747714,8.546422652012513e-05
1082,1.533545197209094,8.522757677738315e-05
1083,1.7186310831324583,8.497841699223324e-05
1084,1.8878822205746164,8.473303439388758e-05
1085,2.046958690730271,8.448689287996238e-05
1086,2.200374977672904,8.423480018745955e-05
1087,2.3467159265781246,8.396164207263103e-05
1088,2.4721942741766134,8.369810448508485e-05
1089,2.548945537496662,8.35331786496345e-05
1090,1.242924120362377,8.555308247783883e-05
1091,1.4360996792008343,8.534620199008578e-05
1092,1.6164917145439366,8.512548830632015e-05
1093,1.7796869268239766,8.489959698320956e-05
1094,1.924483246767051,8.468364772061936e-05
1095,2.051944949843813,8.448566023193855e-05
1096,2.164159827414644,8.43019993966724e-05
1097,2.262626385339181,8.41242489602485e-05
1098,2.3458038382471544,8.396162493492577e-05
1099,2.406954770650972,8.38394664859592e-05
1100,2.435734914982124,8.376667241420137e-05
1101,2.415039504351561,8.380528212449797e-05
1102,2.3550823326969974,8.39287515669778e-05
1103,2.260128529676375,8.412343645685564e-05
1104,2.139849088110893,8.433798609721724e-05
1105,2.002688591027472,8.455988695908285e-05
1106,1.8516290036370677,8.478812364339572e-05
1107,1.6859544708788938,8.502692615083146e-05
1108,1.504601819271124,8.526549828671673e-05
1109,1.3092340421028552,8.548580142784253e-05
1110,1.5847268950706128,8.516595612268893e-05
1111,1.7361800116789403,8.495823079296683e-05
1112,1.8656030813870381,8.477420380157501e-05
1113,1.9723626734101336,8.461355223760891e-05
1114,2.0557939116072625,8.448238778185229e-05
1115,2.1172201836541786,8.438126059065783e-05
1116,2.162595219732492,8.429628796493252e-05
1117,2.2032599490868914,8.421947244525389e-05
1118,2.2479763749543498,8.414516482242952e-05
1119,2.2910100587915965,8.40575173459826e-05
1120,2.316799006925093,8.398965234993549e-05
1121,2.3092115305625027,8.400250031860175e-05
1122,2.275197432688325,8.408151253474107e-05
1123,2.211492193954936,8.421255810998836e-05
1124,2.1147773335312543,8.438198196656015e-05
1125,1.9887572607036665,8.45813357258365e-05
1126,1.841111287420026,8.480317047082594e-05
1127,1.677965129876546,8.503895971683086e-05
1128,1.8651192233036984,8.477417317332934e-05
1129,1.95062938156468,8.464611075358468e-05
1130,2.0070167444513296,8.455953981260956e-05
1131,2.0390840940756942,8.450750049601259e-05
1132,2.0490417313156,8.44884245672551e-05
1133,2.0464661618856312,8.448711807386178e-05
1134,2.0512086561052354,8.447588963148859e-05
1135,2.082598664573493,8.442538149694783e-05
1136,2.135275465243657,8.433272145544323e-05
1137,2.2017632766921977,8.420263779124404e-05
1138,2.2314737103136117,8.414566498998673e-05
1139,2.242334940193625,8.413376810976704e-05
1140,2.2397904744141846,8.415889109729032e-05
1141,2.2118592052537056,8.42193127937262e-05
1142,2.1255789344202887,8.43639151368774e-05
1143,1.9917488468309326,8.457729171296192e-05
1144,2.010149238407462,8.454295847928505e-05
1145,2.014459402548102,8.453822014374645e-05
1146,1.9972447901004304,8.45653459795407e-05
1147,1.9608965385632626,8.462287275619551e-05
1148,1.918338950822781,8.468263469981506e-05
1149,1.8944217380313193,8.471381652841178e-05
1150,1.9159298479139897,8.468062083434079e-05
1151,1.9771194390534848,8.458957500554517e-05
1152,2.0794787183930743,8.441150805008491e-05
1153,2.146552081567393,8.428971510694703e-05
1154,2.192251957659205,8.422133989608048e-05
1155,2.228406356884137,8.418427286772485e-05
1156,2.2676494935966978,8.413015930362579e-05
1157,2.2540042363253527,8.414053909956396e-05
1158,1.9971340230346866,8.455407602175553e-05
1159,1.940129431813936,8.464582218152565e-05
1160,1.860841946940499,8.476529623848508e-05
1161,1.7837371957171955,8.487920757401594e-05
1162,1.735869813920206,8.494148954489622e-05
1163,1.7488286534290391,8.49211437500883e-05
1164,1.818088577929872,8.482589338031981e-05
1165,1.9107411230226918,8.468352705414173e-05
1166,2.059497163837212,8.44347501352593e-05
1167,2.151328784550465,8.429837197900269e-05
1168,2.2133677553818023,8.42183492292926e-05
1169,2.254194337355579,8.416717054013046e-05
1170,1.8748144617889286,8.474430512025696e-05
1171,1.7545473626892836,8.492461834218404e-05
1172,1.6468451357269906,8.507514661700762e-05
1173,1.577206842948959,8.516283062515664e-05
1174,1.5790020429070297,8.515619849375195e-05
1175,1.6546179225560207,8.506128724459998e-05
1176,1.764781300868144,8.49056374362233e-05
1177,1.9505318370916083,8.461725003065862e-05
1178,2.1070829352863454,8.437444953326268e-05
1179,2.218053703441675,8.422151158576226e-05
1180,1.6362293832481034,8.509429340687509e-05
1181,1.5092037580309055,8.525735526396702e-05
1182,1.4210136816747565,8.536015414860117e-05
1183,1.404516784172536,8.537608357423437e-05
1184,1.4813154595909765,8.528728397033797e-05
1185,1.6062851080434533,8.513053161093441e-05
1186,1.797328410336064,8.485881761525113e-05
1187,1.9755074525363234,8.458961910608066e-05
1188,1.3729078970730164,8.54204021290134e-05
1189,1.274278895586798,8.552421555767932e-05
1190,1.232023092993069,8.556549986430414e-05
1191,1.2964867182401514,8.550067508384996e-05
1192,1.4347612695266219,8.534787649663738e-05
1193,1.5934247408810098,8.515008159461755e-05
1194,1.1493874622395543,8.564721911034841e-05
1195,1.0898952319892592,8.569694559677483e-05
1196,1.1086690731594715,8.568477010329365e-05
1197,1.2595599478749864,8.554199378525207e-05
1198,1.0091194271725425,8.576339938292397e-05
1199,1.001591395181197,8.576607872953154e-05
1200,1.6089153487879235,8.513429848484551e-05
1201,1.7677321783440663,8.491676469103047e-05
1202,1.9072554515154432,8.471015194482754e-05
1203,2.0252333629981694,8.45287679420693e-05
1204,2.121215800331489,8.437226785931151e-05
1205,2.196476934116555,8.423925143910043e-05
1206,2.253964925054409,8.412694574331897e-05
1207,2.2960146048081,8.404327002073814e-05
1208,2.321084696218584,8.399798561291592e-05
1209,1.8667693131057856,8.477235146858868e-05
1210,1.971289614178171,8.461663180447892e-05
1211,2.0456679632403887,8.450173434325065e-05
1212,2.091220700587312,8.442365694834357e-05
1213,2.116043931540214,8.437490000822415e-05
1214,2.134637234823265,8.43342913663001e-05
1215,2.1608486899926382,8.428646818172067e-05
1216,2.1932195862906654,8.423768982110348e-05
1217,2.222888824246609,8.417625066967836e-05
1218,2.22822336053057,8.415966311613465e-05
1219,2.218694475566508,8.417764978615776e-05
1220,2.2001983618410055,8.422011463934658e-05
1221,2.1698560051095948,8.42859682938143e-05
1222,2.1149179198671355,8.438614930239272e-05
1223,2.0259190136338554,8.452879765477359e-05
1224,1.9070391074266502,8.471020699169037e-05
1225,2.0145356409489414,8.454660204745814e-05
1226,2.043490071083625,8.449946727579615e-05
1227,2.040176008393765,8.450296528073234e-05
1228,2.0188011971421314,8.453162864968886e-05
1229,2.002080017539176,8.455114493231844e-05
1230,2.014877488259659,8.453049411230441e-05
1231,2.056778222859858,8.446724284755201e-05
1232,2.1033591441109896,8.4384621695911e-05
1233,2.1534959830866023,8.42857612881859e-05
1234,2.1737302693258966,8.425491927253628e-05
1235,2.1872280090635887,8.423893161299209e-05
1236,2.2005146234030715,8.423029857335754e-05
1237,2.1947723512535022,8.424872173743637e-05
1238,2.1294619792148013,8.436265299994901e-05
1239,2.007593727274971,8.454654824239239e-05
1240,1.9658305948554706,8.461544268918578e-05
1241,1.9063935908929635,8.470036029493443e-05
1242,1.8596196656254431,8.47629261700469e-05
1243,1.8601244891894362,8.476459807085696e-05
1244,1.9115316583574247,8.469257698026459e-05
1245,1.9803195101984539,8.458314319868518e-05
1246,2.0716968660984856,8.442863681261592e-05
1247,2.129562566730385,8.433055730811051e-05
1248,2.175852532055402,8.4267032117876e-05
1249,2.2239491303929815,8.419693036846729e-05
1250,2.266280522353693,8.411617918442136e-05
1251,1.8688630329877962,8.475745641940619e-05
1252,1.7807119005729823,8.48873345797936e-05
1253,1.7097165855867633,8.498105592341221e-05
1254,1.6968990565688022,8.49969762624968e-05
1255,1.755131327640279,8.49192563018755e-05
1256,1.8453180135800515,8.479084654682367e-05
1257,1.9731709083660878,8.459093298689896e-05
1258,2.081124278645481,8.441500416188432e-05
1259,2.175633356600171,8.427120566261176e-05
1260,2.2402450002415124,8.418728333890004e-05
1261,1.6457753805516468,8.507753702179101e-05
1262,1.556463925841123,8.51931743883071e-05
1263,1.5266554904944862,8.522805390139874e-05
1264,1.5852493081206067,8.515837329932678e-05
1265,1.6933890980172377,8.501701105226765e-05
1266,1.817434102564439,8.483514031340518e-05
1267,1.9940260389397901,8.456285533028816e-05
1268,2.1327090281243226,8.434388205307343e-05
1269,1.4077355611162767,8.537826219331412e-05
1270,1.3566047086435822,8.543405444257334e-05
1271,1.4030242081077675,8.538321575182928e-05
1272,1.5230462440866035,8.52439678040026e-05
1273,1.668018033468521,8.505638224207474e-05
1274,1.8477967260863029,8.478993008880556e-05
1275,1.203962305449761,8.559345302692811e-05
1276,1.2183075197946265,8.558223610310105e-05
1277,1.3414818342805703,8.545594131383436e-05
1278,1.5027497306518844,8.527185224943201e-05
1279,1.0594959049501942,8.572682061886293e-05
1280,1.1675024041735353,8.563459504103053e-05
1281,2.0532705656887704,8.448804132215884e-05
1282,2.100746735086344,8.440896252794778e-05
1283,2.112040065862203,8.438523194734466e-05
1284,2.108057549228258,8.437990857388801e-05
1285,2.1120304290303986,8.436591864271148e-05
1286,2.1282876035376157,8.433911345321345e-05
1287,2.142051736819055,8.432090401442002e-05
1288,2.0523587001747208,8.44839357365315e-05
1289,2.02880463758311,8.451737901051926e-05
1290,1.995552509914479,8.45637668705699e-05
1291,1.98740096296878,8.457386983148133e-05
1292,2.0136130818142655,8.453432677117937e-05
1293,2.0500893910101947,8.447549445628563e-05
1294,2.084023301849394,8.441304155961138e-05
1295,2.1005559433236636,8.439075482880245e-05
1296,2.106163462166016,8.437870852610837e-05
1297,2.1161360615621216,8.436610668594721e-05
1298,2.1349813516834715,8.434207631251586e-05
1299,2.135403346240431,8.435095028082768e-05
1300,1.9139891618759595,8.469025626576899e-05
1301,1.8590789287485414,8.476488822455263e-05
1302,1.8413908430775672,8.479045278630807e-05
1303,1.8785558714164847,8.474009020768887e-05
1304,1.9398226113230939,8.4654248106948e-05
1305,1.9972897832028425,8.455577029876411e-05
1306,2.065170170163998,8.444251263884068e-05
1307,2.10813627203776,8.438036337631496e-05
1308,2.1446300644041876,8.432578987952574e-05
1309,2.160953822973396,8.429636132785488e-05
1310,1.707188784921414,8.49845827948493e-05
1311,1.677952188988123,8.502559636170333e-05
1312,1.7212598580599023,8.497084558904156e-05
1313,1.8056825440172752,8.485385151945149e-05
1314,1.8970906311452687,8.471481492060222e-05
1315,2.0067604492887217,8.454255259854395e-05
1316,2.095840602528901,8.440533654540231e-05
1317,2.1566217702534334,8.430686318349299e-05
1318,1.5104518902467479,8.524950278091626e-05
1319,1.5479060612595135,8.520889522738516e-05
1320,1.6472904878633987,8.508545653338095e-05
1321,1.7677861812078066,8.49161053640898e-05
1322,1.9049202760777182,8.470544225147432e-05
1323,2.026264457846287,8.451991937274683e-05
1324,1.3729136467044905,8.541814581614345e-05
1325,1.4734333654653409,8.530735422019258e-05
1326,1.6122357760839576,8.513547711425506e-05
1327,1.7591239076412752,8.493103490692482e-05
1328,1.3033362365809242,8.549841052433728e-05
1329,1.4483412805924263,8.5339243109242e-05
1330,2.0113144037880906,8.454093981197512e-05
1331,2.001260614680865,8.455355371182582e-05
1332,2.0112245544565175,8.454034508856303e-05
1333,2.0300365652792665,8.450948102209309e-05
1334,2.0407297116238805,8.44867559761133e-05
1335,1.8439455202381558,8.478400121853458e-05
1336,1.874902531768238,8.474831827291663e-05
1337,1.927123647963088,8.467197763721045e-05
1338,1.974175443437302,8.459839690273582e-05
1339,2.013266553756672,8.453626059966956e-05
1340,2.040636188996221,8.449225433817411e-05
1341,2.0480192308344094,8.448531665639571e-05
1342,2.030296909343627,8.451358799985866e-05
1343,1.712245049928225,8.498848658243697e-05
1344,1.789068410437494,8.488302301462863e-05
1345,1.8745035685230929,8.475359316306678e-05
1346,1.9507465307436418,8.463546072555515e-05
1347,2.024025181219522,8.45240802759761e-05
1348,2.059901323491249,8.446957994376136e-05
1349,1.6306415805201016,8.510840862656633e-05
1350,1.741603195674654,8.495618031062787e-05
1351,1.856125235821676,8.478389708205384e-05
1352,1.9597427909582512,8.462729645233841e-05
1353,1.5910647442749801,8.516485978903183e-05
1354,1.7273515469292828,8.497817480100674e-05
1355,1.9310244528577,8.466823598711288e-05
1356,1.976235839457328,8.459832780222638e-05
1357,1.996048804365072,8.456644969458981e-05
1358,1.8699689433915625,8.476332183835392e-05
1359,1.941466330152809,8.465514910091432e-05
1360,1.988505853189361,8.45855734438997e-05
1361,2.0020432845783107,8.456156447132551e-05
1362,1.8460997794774199,8.480128311543292e-05
1363,1.936394612792573,8.466633697392864e-05
1364,1.985584788617379,8.459126547072174e-05
1365,1.3662497097118707,8.162091694964586e-05
1366,1.4430216423252233,8.286451517453579e-05
1367,1.6461950116577018,8.440266054913368e-05
1368,1.9148667772462558,8.457377795715148e-05
1369,2.191776851506186,8.41795499789255e-05
1370,2.439386050334409,8.376821278524525e-05
1371,2.637538215061645,8.339755809072191e-05
1372,2.7785100783278582,8.30984264677458e-05
1373,2.8637128304078074,8.291259208468554e-05
1374,2.9015717567915615,8.284079847420261e-05
1375,2.905826846955694,8.282804349862072e-05
1376,2.8935526538148557,8.285600593135394e-05
1377,2.881773641040008,8.288153633063874e-05
1378,1.4536973790289225,8.275501386535886e-05
1379,1.5958264032962113,8.417277036145134e-05
1380,1.8228362255865334,8.464474005983496e-05
1381,2.079117474869442,8.437978133369287e-05
1382,2.322439146164581,8.399354504005619e-05
1383,2.5277089252567637,8.36164649377455e-05
1384,2.683350064613669,8.329771864277368e-05
1385,2.7876686734013227,8.309113785577943e-05
1386,2.846264385926196,8.296372889900685e-05
1387,2.8700353416911537,8.29114606904715e-05
1388,2.8733015830952624,8.29093625296092e-05
1389,2.871375999269783,8.291476800051676e-05
1390,2.876564146428637,8.290021955090435e-05
1391,2.891611644692291,8.287597831867193e-05
1392,2.877746997106542,8.290188066323205e-05
1393,2.8634693710913592,8.2934003345508e-05
1394,2.8275331955750977,8.300794649298888e-05
1395,2.753993930471454,8.3163403265555e-05
1396,2.6324666648140993,8.3413066401905e-05
1397,2.4591584880274437,8.375556000171042e-05
1398,2.2387168740554158,8.41448046361598e-05
1399,1.9870783320258913,8.453229191086638e-05
1400,1.7357897955894674,8.46399813047435e-05
1401,1.5357315417665756,8.36699115887086e-05
1402,1.6569790259255246,8.451291369842025e-05
1403,1.8069866055082895,8.467472196543452e-05
1404,2.005476915602267,8.451076451460908e-05
1405,2.2136005751903043,8.418606606440133e-05
1406,2.4036803836968756,8.386558062331294e-05
1407,2.5600979317957657,8.356958105842017e-05
1408,2.6770377392466806,8.332647394383247e-05
1409,2.755950796200999,8.31620490640844e-05
1410,2.8033486931975595,8.306406676292034e-05
1411,2.828898690874146,8.300120020556088e-05
1412,2.8435975108969247,8.296915970046516e-05
1413,2.8574766734134833,8.293869455980734e-05
1414,2.8762757640379526,8.289628270153463e-05
1415,2.8659064391152014,8.293660136919719e-05
1416,2.8144656245922435,8.304749109178789e-05
1417,2.7633753695215875,8.314920905402047e-05
1418,2.694313943065779,8.330081956619032e-05
1419,2.5940843796816795,8.351138624529483e-05
1420,2.4564703053343915,8.378305131168196e-05
1421,2.2834210545415528,8.40998391468201e-05
1422,2.087061332572153,8.442245063796606e-05
1423,1.892235389972429,8.466107167303419e-05
1424,1.8659047357084275,8.46687694908918e-05
1425,1.9810956770249244,8.455768476834742e-05
1426,2.126641639031654,8.434699024675548e-05
1427,2.2785514973815815,8.408590451933207e-05
1428,2.4195365514094784,8.383953348357696e-05
1429,2.5397529532935508,8.36055674688277e-05
1430,2.635571513556617,8.341224818403362e-05
1431,2.7078075304510056,8.326032682833137e-05
1432,2.7600721596072972,8.315171168979624e-05
1433,2.7974746964593407,8.307307190587708e-05
1434,2.82556336190079,8.30103395413134e-05
1435,2.8490283486538512,8.295671948349436e-05
1436,2.869753403484115,8.291278137518688e-05
1437,2.7840821899700208,8.311502408567605e-05
1438,2.6942586144413627,8.330890447535707e-05
1439,2.613326944414228,8.348514426686861e-05
1440,2.5310335367362518,8.36526650379349e-05
1441,2.4369245790831426,8.383986579840235e-05
1442,2.3271639837347986,8.404154019413459e-05
1443,2.206259758750067,8.424839276757539e-05
1444,2.006413321216992,8.454032624003268e-05
1445,2.0730560493124908,8.444026966919161e-05
1446,2.1678164313307735,8.428326942672575e-05
1447,2.276921870130528,8.409693424332543e-05
1448,2.3887755360087155,8.389312127370093e-05
1449,2.4948888443712987,8.369028258450759e-05
1450,2.5896474597697132,8.34953656516914e-05
1451,2.669700117046151,8.333322116092089e-05
1452,2.733498668322676,8.320314838778556e-05
1453,2.7811534859607705,8.30989997925946e-05
1454,2.81439669458639,8.302838699792218e-05
1455,2.836122372459366,8.29765333328191e-05
1456,2.7651420832913245,8.313950829554456e-05
1457,2.647202924445691,8.338984824333645e-05
1458,2.5335250007365433,8.365130434112274e-05
1459,2.4543270675749365,8.381296771769113e-05
1460,2.4060391554464635,8.391019323666029e-05
1461,2.367466408002096,8.397879885125949e-05
1462,2.0595913501409844,8.446786996267174e-05
1463,2.0870552878674142,8.441924038477004e-05
1464,2.150635838252188,8.430948590850523e-05
1465,2.2413388435174935,8.414564093888287e-05
1466,2.347935642315498,8.395593303070918e-05
1467,2.458845135817737,8.374980830888925e-05
1468,2.5636040499385535,8.354289161797609e-05
1469,2.653901986775097,8.336676670968775e-05
1470,2.724331701699204,8.321923540736137e-05
1471,2.7729457620948086,8.311450896103616e-05
1472,2.7328902221583338,8.324624438390772e-05
1473,2.6842092944049396,8.331634266902571e-05
1474,2.6022321419228316,8.345943896462625e-05
1475,2.48455902966317,8.37149587424e-05
1476,2.3782010890122085,8.395155420731152e-05
1477,2.37385632617849,8.396796032670164e-05
1478,2.0488548579476196,8.448011630169422e-05
1479,2.0595939236764145,8.445725731736047e-05
1480,2.117319152563991,8.435426430202708e-05
1481,2.2120119112385033,8.419013281343128e-05
1482,2.3284443677449294,8.399196910648732e-05
1483,2.450150498093528,8.376997728073674e-05
1484,2.562696839706589,8.355341688838688e-05
1485,2.655596764102105,8.33587785673437e-05
1486,2.6846840360931385,8.33627852982666e-05
1487,2.5819969882890974,8.356306482117235e-05
1488,2.5297316779496497,8.364715553446043e-05
1489,2.4969526447155577,8.367691305858954e-05
1490,2.454653696489996,8.373449029335002e-05
1491,2.37788441364729,8.389261815405998e-05
1492,2.0190948618853772,8.4515001587117e-05
1493,2.0359842730378293,8.448813641844201e-05
1494,2.1056564581793027,8.436879691633014e-05
1495,2.2134212951046583,8.418668911533643e-05
1496,2.3396997368837624,8.397013557391621e-05
1497,2.4656102060682406,8.374806936201347e-05
1498,2.57645582273407,8.352324922752816e-05
1499,2.566258899220324,8.360045204730581e-05
1500,2.446048351055059,8.382767212445057e-05
1501,2.366576302151866,8.396286100185391e-05
1502,2.335910513928203,8.399229868261e-05
1503,2.3920700321898716,8.385293419880217e-05
1504,2.0109389970660723,8.452265835009288e-05
1505,2.04501252498755,8.447021923977515e-05
1506,2.1286575210056466,8.433690523328709e-05
1507,2.2437308802417366,8.41404986897351e-05
1508,2.369939968662839,8.392728951210586e-05
1509,2.4899014648069566,8.369965135128001e-05
1510,2.463065916950787,8.379733325075807e-05
1511,2.3977041283161706,8.391629836847618e-05
1512,2.2736855052923364,8.412706225300581e-05
1513,2.2210220227078104,8.421371674656327e-05
1514,2.039014306224698,8.448455903992796e-05
1515,2.0858079905784033,8.441380175558633e-05
1516,2.1733665557175477,8.427020690881703e-05
1517,2.284189752226544,8.408263385928891e-05
1518,2.400752793772227,8.387654651584612e-05
1519,2.3888775177216,8.392937013371578e-05
1520,2.3422399102543876,8.401412127725053e-05
1521,2.274100955398036,8.412637510223657e-05
1522,2.089841879244879,8.441281626476656e-05
1523,2.137220574197556,8.433746782519411e-05
1524,2.2172388364992424,8.420281310915983e-05
1525,2.3157401268070106,8.403239742622336e-05
1526,2.3495278522394307,8.400000184715074e-05
1527,2.329524588949331,8.403356690478921e-05
1528,2.139122816359082,8.434136522998881e-05
1529,2.176899696778123,8.427922192865468e-05
1530,2.243102343948929,8.416589979952438e-05
1531,2.327339265848274,8.401594056091457e-05
1532,2.1681053325665727,8.429755552576796e-05
1533,2.1914757956073823,8.42583314888031e-05
1534,1.7271553407154394,8.464922962025956e-05
1535,1.9256411005695937,8.461680594422694e-05
1536,2.146994656450044,8.430912802034924e-05
1537,2.3551011145718315,8.395613497548553e-05
1538,2.5293596198476345,8.363302351954793e-05
1539,2.661260959611242,8.337020790663921e-05
1540,2.7512730509868932,8.316713456051956e-05
1541,2.806604412868381,8.305213549318018e-05
1542,2.839238828371883,8.298688210478247e-05
1543,2.8597026590109507,8.293993829660956e-05
1544,2.864260858172652,8.292909495913901e-05
1545,1.9245335047149803,8.462896536680878e-05
1546,2.0818418064247184,8.442797106860368e-05
1547,2.2501882530576616,8.415402218467636e-05
1548,2.4060797304076553,8.387680885270508e-05
1549,2.5370145078779207,8.362038983750618e-05
1550,2.6390850737845435,8.341356555437266e-05
1551,2.7144973968077997,8.325005825402205e-05
1552,2.7689758314337634,8.31394921559518e-05
1553,2.8076526821264074,8.30406105922734e-05
1554,2.8313373679544624,8.299194922758935e-05
1555,2.8441933488066744,8.29704657303374e-05
1556,2.8472466743194644,8.296475983369946e-05
1557,2.8118535179619886,8.305119207723586e-05
1558,2.7496857684999987,8.319017288252005e-05
1559,2.6816355886793546,8.333192954574202e-05
1560,2.6002306905275288,8.350101280071933e-05
1561,2.4966500752532452,8.371630720169946e-05
1562,2.3677675721262603,8.396247603128822e-05
1563,2.2184473015736885,8.422400407785738e-05
1564,2.063172420712672,8.446584489846454e-05
1565,2.0565262423877573,8.447496300576262e-05
1566,2.16153124665623,8.431287586603766e-05
1567,2.2799692941780285,8.410549442666717e-05
1568,2.396746273389765,8.389273173485305e-05
1569,2.503316097016465,8.368400957798702e-05
1570,2.5958525910994306,8.349134447368458e-05
1571,2.6732943895203682,8.333480122645533e-05
1572,2.7354691481660525,8.319676390349609e-05
1573,2.781464415832243,8.311370192856219e-05
1574,2.810054221992303,8.303482006291858e-05
1575,2.818802907143637,8.302049203259746e-05
1576,2.788967083300308,8.30913045379273e-05
1577,2.7036643357611636,8.327866016247134e-05
1578,2.606718944177062,8.348999736663279e-05
1579,2.521018731040787,8.366881623447974e-05
1580,2.4458515702918704,8.38272913362471e-05
1581,2.372490051020221,8.396493825342124e-05
1582,2.2959700255085402,8.410049158478034e-05
1583,2.104191675660556,8.440285728415939e-05
1584,2.1683124138376777,8.429689726598983e-05
1585,2.2570751802903435,8.414011036419423e-05
1586,2.357926864431495,8.395449507281968e-05
1587,2.461206656173192,8.375883096875308e-05
1588,2.5593478456898198,8.356537513139713e-05
1589,2.646224443038661,8.338156541908083e-05
1590,2.7166014967751986,8.324018722442328e-05
1591,2.7644752065727256,8.313436157318056e-05
1592,2.7716222566443967,8.312837165956384e-05
1593,2.735873583158141,8.321165089960665e-05
1594,2.6576798444761702,8.336199017798865e-05
1595,2.5476343347233517,8.359851568003167e-05
1596,2.441977773991101,8.382770696982053e-05
1597,2.3868817306507224,8.394192897382492e-05
1598,2.374438339889883,8.396696006737392e-05
1599,2.090093517533852,8.44231042625556e-05
1600,2.136965600020975,8.43414143575901e-05
1601,2.22001719638305,8.419503271417495e-05
1602,2.3245412360050492,8.401154090337949e-05
1603,2.4371579782156374,8.379579513908169e-05
1604,2.545478733807917,8.359167000701797e-05
1605,2.6392085636964384,8.339505720718224e-05
1606,2.708336867059334,8.325303214095431e-05
1607,2.677430224885642,8.336520278082119e-05
1608,2.6221090648360064,8.346191919509273e-05
1609,2.5650192747911196,8.355472396713901e-05
1610,2.490674806633187,8.369537640993167e-05
1611,2.3907535215992084,8.390103869282548e-05
1612,2.3329470839019195,8.403821535730375e-05
1613,2.0580431895306512,8.44623182790279e-05
1614,2.10937616066417,8.438114995641402e-05
1615,2.2026447706684573,8.421934029628315e-05
1616,2.3190244100154684,8.401174409318306e-05
1617,2.44072958225131,8.379556588672627e-05
1618,2.552793948584008,8.35755660629155e-05
1619,2.641038100696861,8.341370882325092e-05
1620,2.5909087706514637,8.354840613188921e-05
1621,2.4731550002581923,8.376700991207668e-05
1622,2.418578965454927,8.385390888106547e-05
1623,2.3974299123069702,8.38680405863833e-05
1624,2.390133845462082,8.387026207840625e-05
1625,2.0476805459324114,8.44782569387205e-05
1626,2.1134526885314497,8.437490470751876e-05
1627,2.2185101184381772,8.419306387135281e-05
1628,2.3409446802711655,8.398144466386192e-05
1629,2.4621428087315573,8.375458852182173e-05
1630,2.545586134746614,8.363926844915406e-05
1631,2.47620987116548,8.377337476816867e-05
1632,2.351435161894345,8.399559997590214e-05
1633,2.2759143270308893,8.412121938515191e-05
1634,2.2709362803124105,8.40938188561262e-05
1635,2.0732069600295304,8.443673240942138e-05
1636,2.148933881445697,8.432176534664197e-05
1637,2.255942145109626,8.414126458846391e-05
1638,2.373396850632432,8.393141962793275e-05
1639,2.452332279997101,8.381498050370951e-05
1640,2.389841426902041,8.392946065468493e-05
1641,2.298207895205608,8.408831223191322e-05
1642,2.2474857448281815,8.41709523202909e-05
1643,2.12142742388467,8.436666497296233e-05
1644,2.1955432580091037,8.424952447583125e-05
1645,2.2939000340369953,8.407931312920775e-05
1646,2.3864856703917394,8.39342254919271e-05
1647,2.342560917816857,8.401260961613578e-05
1648,2.3223327447189264,8.404622772356502e-05
1649,2.168606205904878,8.429898940992222e-05
1650,2.2319238164081696,8.419276095822087e-05
1651,2.316514121168508,8.404234675107435e-05
1652,2.3328639429511973,8.402918825425273e-05
1653,2.1964300231970784,8.425569296509306e-05
1654,2.245344833913995,8.417319026163138e-05
1655,2.1750405474089884,8.429655158701662e-05
1656,2.280393935481692,8.412299312838842e-05
1657,2.385429737823203,8.39316951414229e-05
1658,2.4831476547686773,8.374292621874126e-05
1659,2.572128699042694,8.355473813434537e-05
1660,2.6537305578027937,8.337917711207384e-05
1661,2.7269722843318767,8.322183509100929e-05
1662,2.78199344845463,8.309751998259337e-05
1663,2.8073163192950283,8.304555874034052e-05
1664,2.2093793293248205,8.424346422741603e-05
1665,2.2761230921612925,8.412633914309939e-05
1666,2.3569962711552916,8.397590692453769e-05
1667,2.4458341109946136,8.380237636051152e-05
1668,2.53635504777967,8.36151383136278e-05
1669,2.6226979604071383,8.343651575715501e-05
1670,2.6976321596996535,8.328516411046771e-05
1671,2.750137042791839,8.316997918082039e-05
1672,2.766664522871304,8.313400506194179e-05
1673,2.741428695460832,8.318978437249035e-05
1674,2.67834925237213,8.333073573248079e-05
1675,2.5898346037010973,8.351753195498453e-05
1676,2.4966884395522775,8.370834919429505e-05
1677,2.416854077604235,8.387538039439077e-05
1678,2.3582204957522026,8.399048886036518e-05
1679,2.3152586862872564,8.4068416119352e-05
1680,2.187084904896508,8.427817414116314e-05
1681,2.23842807467878,8.418879932638746e-05
1682,2.3170488037913746,8.404267284773397e-05
1683,2.410685679235383,8.386489511852841e-05
1684,2.5089806394833776,8.367316927121254e-05
1685,2.602276119616707,8.347396417659965e-05
1686,2.6788840304879633,8.332340785104282e-05
1687,2.7161148057338718,8.324856445934991e-05
1688,2.6748980204030177,8.334614678190721e-05
1689,2.6060125715677853,8.348689623518027e-05
1690,2.5176304146122277,8.367321736740535e-05
1691,2.4221029996696584,8.385666953798525e-05
1692,2.3483741380569576,8.400436029255812e-05
1693,2.3361370391587055,8.403102835837478e-05
1694,2.1495383169054723,8.433227148354598e-05
1695,2.2055502539715106,8.423774106185648e-05
1696,2.2936078955896533,8.407964287093836e-05
1697,2.3977693022653668,8.38863896167813e-05
1698,2.5039420422667993,8.368335956481306e-05
1699,2.599106625319404,8.348759990465325e-05
1700,2.651174042402612,8.339524293982915e-05
1701,2.5719326774485842,8.357061712251021e-05
1702,2.4972906484343995,8.371052274691849e-05
1703,2.4231919568888864,8.385168924793651e-05
1704,2.348061104157137,8.398356665983083e-05
1705,2.287436194755732,8.411129004942147e-05
1706,2.134022580024594,8.435438500421998e-05
1707,2.2032837745818723,8.424131195580106e-05
1708,2.3016628323017967,8.406796811636913e-05
1709,2.4109919060782876,8.386695349125383e-05
1710,2.516170032727658,8.366654775041245e-05
1711,2.5614304485990553,8.360164473313476e-05
1712,2.4539099367930373,8.380873470858544e-05
1713,2.371123467101363,8.395656692735653e-05
1714,2.3072105136601944,8.406252639819695e-05
1715,2.2830554390316333,8.408309794749328e-05
1716,2.153618368463192,8.432266708638957e-05
1717,2.231761419478887,8.419289556603794e-05
1718,2.3313723332752434,8.402141779358838e-05
1719,2.4356117720280053,8.38263142211216e-05
1720,2.459079989626412,8.380429592525155e-05
1721,2.3957192163025542,8.391951321028371e-05
1722,2.286916619120064,8.410617642643978e-05
1723,2.2404171263124666,8.418465603216177e-05
1724,2.195687765922783,8.42539658314069e-05
1725,2.2718680656591372,8.412790730366167e-05
1726,2.3630330308791625,8.39658410027939e-05
1727,2.3815031100390742,8.394257141485181e-05
1728,2.3358245957237243,8.402400022398491e-05
1729,2.2811033925137654,8.411621941946984e-05
1730,2.237821095923014,8.419144302142454e-05
1731,2.3036569020908386,8.407979119209978e-05
1732,2.340065909435982,8.40170257524572e-05
1733,2.3203052651242304,8.405052536761322e-05
1734,2.262828437314085,8.41489152896008e-05
1735,2.3154481427399634,8.405658512974966e-05
1736,2.283797123348134,8.41206916553074e-05
1737,2.3159514288672063,8.406088659849825e-05
1738,2.3794362157227216,8.393755465819067e-05
1739,2.46430476311232,8.37714803312076e-05
1740,2.556818588756741,8.358878805376076e-05
1741,2.64180434421263,8.34133691542906e-05
1742,2.6994038582022077,8.32816924943967e-05
1743,2.2405075151792966,8.419195921185397e-05
1744,2.2793757640149535,8.412120250950793e-05
1745,2.351107827922888,8.39887256677987e-05
1746,2.4422498780142066,8.38198106765141e-05
1747,2.538179878568426,8.363165510048788e-05
1748,2.619275540257373,8.346143070920081e-05
1749,2.6317583903032533,8.344114084054928e-05
1750,2.5641218716867487,8.358588576321239e-05
1751,2.474181237697447,8.376455809728301e-05
1752,2.3825863440465485,8.39366975254613e-05
1753,2.3114321176243,8.406793100916252e-05
1754,2.289615858307013,8.410936779300103e-05
1755,2.2199732457455155,8.422284668030803e-05
1756,2.2719230345933825,8.413120466771145e-05
1757,2.351917141949356,8.399029105484325e-05
1758,2.445733735155104,8.38169775465337e-05
1759,2.537088144095441,8.363751015889404e-05
1760,2.56549761974723,8.358357585224378e-05
1761,2.466894739247737,8.37797750097622e-05
1762,2.3802078736896544,8.39420207876898e-05
1763,2.301543014094439,8.40807401727881e-05
1764,2.2669541727066695,8.414572097428375e-05
1765,2.2337121481938262,8.41969878947385e-05
1766,2.2945057570602603,8.409304967806092e-05
1767,2.3748888279563043,8.395062111957955e-05
1768,2.462232872922304,8.378686128565102e-05
1769,2.4720358179237216,8.37765219687501e-05
1770,2.370555371489743,8.396106393479422e-05
1771,2.2970370877822472,8.408948730199586e-05
1772,2.2566636708610344,8.415903169035422e-05
1773,2.269390056617735,8.41391973761588e-05
1774,2.3288260037914195,8.40369178748875e-05
1775,2.4010965350267677,8.39048018378314e-05
1776,2.3827511840042077,8.394152047972066e-05
1777,2.312536541520898,8.406399562924463e-05
1778,2.2742654945528527,8.41280710570673e-05
1779,2.3060242395594637,8.407620526791189e-05
1780,2.3562759740800443,8.398982343362054e-05
1781,2.329101373673957,8.403576567098311e-05
1782,2.312615063795171,8.406495606650374e-05
1783,2.3278629970195066,8.40405926172781e-05
1784,2.316774899725863,8.405594371745415e-05
1785,2.2669221316335264,8.414443046373037e-05
1786,2.298756944745188,8.408811875399267e-05
1787,2.3699172699848554,8.39623134416092e-05
1788,2.4601085777841756,8.379712610094093e-05
1789,2.543841796570327,8.363182201181486e-05
1790,2.277652913347533,8.412727555557104e-05
1791,2.317197701198384,8.405856914137814e-05
1792,2.3846027655557984,8.394019996713822e-05
1793,2.4638259534237754,8.379199495337687e-05
1794,2.4610569629914667,8.379374768746696e-05
1795,2.3804074014671603,8.3945285115572e-05
1796,2.310220022225602,8.406958310579767e-05
1797,2.2787465624544834,8.412513239258482e-05
1798,2.3092025367166684,8.407232140142987e-05
1799,2.347492858939871,8.400475669293133e-05
1800,2.4047519484639226,8.3901503240267e-05
1801,2.3952208034996683,8.392040195849275e-05
1802,2.3196072592903123,8.405265444587708e-05
1803,2.288694556496387,8.410462788743663e-05
1804,2.341729006971568,8.401717417230999e-05
1805,2.371470620637883,8.396456350646413e-05
1806,2.3300229349071397,8.403471398426406e-05
1807,2.3028753255878525,8.408276189081033e-05
1808,2.3258037962531026,8.403993793599807e-05
1809,2.307587034466814,8.407166426458881e-05
1810,2.309321512994377,8.407090116331721e-05
1811,2.3366792736836217,8.402478778657059e-05
1812,2.393051298808406,8.392285491454772e-05
1813,2.339702978869953,8.402021227450244e-05
1814,2.357903043711162,8.398906932785717e-05
1815,2.338885355363906,8.402107786351285e-05
1816,2.318263966105826,8.405665361508444e-05
1817,2.3263403775944407,8.404048023167986e-05
1818,2.314894103692918,8.406164698167897e-05
1819,2.3347405627584354,8.402836604653673e-05
1820,1.3662497097118707,8.166788395951884e-05
1821,1.4430216423252233,8.28942537865294e-05
1822,1.6461950116577018,8.442198662370673e-05
1823,1.9148667772462558,8.457704896172541e-05
1824,2.191776851506186,8.41832461921034e-05
1825,2.439386050334409,8.377013391007389e-05
1826,2.637538215061645,8.339284177284936e-05
1827,2.7785100783278582,8.30999680197465e-05
1828,2.8637128304078074,8.291443673562619e-05
1829,2.9015717567915615,8.284591976196156e-05
1830,2.905826846955694,8.283606041555982e-05
1831,2.8935526538148557,8.286193408922435e-05
1832,2.881773641040008,8.288998243623439e-05
1833,1.4536973790289225,8.270925826744816e-05
1834,1.609297124890764,8.434977307008382e-05
1835,1.8577408892687264,8.461618330955134e-05
1836,2.132212187772275,8.429240630580278e-05
1837,2.3887986564472983,8.385854532453475e-05
1838,2.6021609773815775,8.345716316617469e-05
1839,2.760269479905743,8.313864275097778e-05
1840,2.861059518562786,8.292028751088164e-05
1841,2.9106305537579606,8.282255536037131e-05
1842,2.9220921670128983,8.279669458246337e-05
1843,2.9148633463145655,8.282514409891349e-05
1844,2.9131809416928327,8.282523744128161e-05
1845,2.914852450567161,8.281071161277011e-05
1846,2.8928428291348633,8.285917968456486e-05
1847,2.9130745004584426,8.281429622283775e-05
1848,2.9220961236047835,8.279282886494597e-05
1849,2.902662315109517,8.282914789458462e-05
1850,2.8399273724444347,8.296835197090653e-05
1851,2.72392406610121,8.320671582927082e-05
1852,2.551205263942065,8.355106445795198e-05
1853,2.3265510048376776,8.393988148512483e-05
1854,2.065407790085584,8.437642132146072e-05
1855,1.7976186834874728,8.46070870713131e-05
1856,1.570786068130508,8.41612999645866e-05
1857,1.6569790259255246,8.449861965911498e-05
1858,1.8240172778135813,8.467085908341067e-05
1859,2.0581144718465634,8.443462298866033e-05
1860,2.302545609066897,8.402892916794093e-05
1861,2.521804413741305,8.362088985698866e-05
1862,2.6963333550964097,8.327650346348067e-05
1863,2.8177403664618628,8.301683718437606e-05
1864,2.8875063973155304,8.286111926346891e-05
1865,2.9169104210658547,8.28167624517456e-05
1866,2.9259822894277296,8.280139301076343e-05
1867,2.9388244970111668,8.27859851822205e-05
1868,2.956983813412296,8.273169205484135e-05
1869,2.9269795224701554,8.27985888110817e-05
1870,2.898126022034183,8.284968858243108e-05
1871,2.913260640122136,8.281139514973119e-05
1872,2.907613682684885,8.281594398600061e-05
1873,2.8673859943957654,8.290433706084106e-05
1874,2.7822712931965325,8.308233055842948e-05
1875,2.6474343611977376,8.334986943509967e-05
1876,2.465059260993289,8.370544161827373e-05
1877,2.2460508675232425,8.406333543921666e-05
1878,2.0121455681966958,8.444589157328588e-05
1879,1.8659047357084275,8.46694697751636e-05
1880,2.00104164771861,8.453615945868466e-05
1881,2.1947058308534877,8.423851303099585e-05
1882,2.4016073778307083,8.388217772424307e-05
1883,2.589122250049059,8.350705447163273e-05
1884,2.737376402116737,8.31919560074632e-05
1885,2.8372812703183357,8.297969305301208e-05
1886,2.892572364407672,8.287375470825661e-05
1887,2.9191568166932242,8.282911995140749e-05
1888,2.936491350798966,8.279440507420182e-05
1889,2.953551559078597,8.275592178184554e-05
1890,2.94264959189935,8.276020297041002e-05
1891,2.878255013318694,8.29101151427414e-05
1892,2.8849293541107883,8.28778463665923e-05
1893,2.8870161841753124,8.287354894603054e-05
1894,2.8660748027633005,8.290971779086103e-05
1895,2.8129228768415246,8.302397367792038e-05
1896,2.721703146405581,8.320213518408907e-05
1897,2.5916895800276243,8.346466833386919e-05
1898,2.4286661436776633,8.375929615320514e-05
1899,2.006413321216992,8.453880707755688e-05
1900,2.0997808476099604,8.44027245042171e-05
1901,2.263728213418657,8.414238395217464e-05
1902,2.4512421768622827,8.380574066545704e-05
1903,2.625934950724256,8.344803133378164e-05
1904,2.763853755857984,8.313924580304288e-05
1905,2.8510837710819064,8.296677489387684e-05
1906,2.8923497782620107,8.289592841303937e-05
1907,2.9063107830249555,8.287635336012252e-05
1908,2.907616596811893,8.288043253054039e-05
1909,2.8814921771146995,8.292748930918918e-05
1910,2.8493158445515037,8.297237594504662e-05
1911,2.848978545889059,8.295826747015085e-05
1912,2.8533033220450243,8.29472964450077e-05
1913,2.845903602360349,8.295381512165627e-05
1914,2.8209196710698574,8.30038565120567e-05
1915,2.7722027201866437,8.3105093333356e-05
1916,2.6957831882891297,8.325567619553414e-05
1917,2.0595913501409844,8.446563034706209e-05
1918,2.142552856847522,8.434025487666712e-05
1919,2.3093965656908906,8.406594381623318e-05
1920,2.488114358514362,8.372385267351807e-05
1921,2.6551127325398776,8.337383219926903e-05
1922,2.782722486319352,8.312077254954832e-05
1923,2.843076461486483,8.300706515545812e-05
1924,2.850207115415917,8.30037833878092e-05
1925,2.8320832555530093,8.304759196143674e-05
1926,2.801216833424986,8.310878536257942e-05
1927,2.8014899051101456,8.30525606890953e-05
1928,2.8148836052615382,8.302258373396254e-05
1929,2.8193685072057484,8.300951358034954e-05
1930,2.8193926780669556,8.300810271679616e-05
1931,2.8149268142370385,8.301019469247981e-05
1932,2.8014018574125283,8.304134965757089e-05
1933,2.0923656469239704,8.44236554052303e-05
1934,2.193978760143862,8.426293405276658e-05
1935,2.3249740530981393,8.403092977553454e-05
1936,2.483871664928747,8.373032782099354e-05
1937,2.6484519421996375,8.341229585913662e-05
1938,2.763064834354374,8.318228666086082e-05
1939,2.7722041700881754,8.317571829523593e-05
1940,2.7363590311993624,8.325783929511621e-05
1941,2.7232029684765986,8.322025189745769e-05
1942,2.765021381774033,8.313572712923891e-05
1943,2.7855309042057126,8.308127983602156e-05
1944,2.793115477582141,8.306639289547118e-05
1945,2.797372168845001,8.305043554971534e-05
1946,2.8047603720779937,8.303327644869384e-05
1947,2.117201954046997,8.437838185174046e-05
1948,2.1436485701940846,8.433490614541991e-05
1949,2.270954310975913,8.412504710015266e-05
1950,2.444379111730219,8.382393659615193e-05
1951,2.619694224391517,8.34853192102184e-05
1952,2.678849775569561,8.336781921370148e-05
1953,2.631454773601416,8.347033373374577e-05
1954,2.663136428728241,8.335099488704135e-05
1955,2.7224415728203963,8.322656168544222e-05
1956,2.756827556909251,8.315693608804391e-05
1957,2.773712888920511,8.311303831043036e-05
1958,2.7837739020706036,8.308189819378753e-05
1959,2.0109389970660723,8.452417951648949e-05
1960,2.0914900273566603,8.440864708420903e-05
1961,2.244746962004072,8.41725595550187e-05
1962,2.430508670904542,8.385403101170526e-05
1963,2.5733189408761565,8.357952929998452e-05
1964,2.5308801575260444,8.3663728817758e-05
1965,2.591544362282899,8.35007746275828e-05
1966,2.6687269243578804,8.334396202146502e-05
1967,2.721031580982359,8.322863718539957e-05
1968,2.7531429449062363,8.316579313496044e-05
1969,2.039014306224698,8.44850121133457e-05
1970,2.114892364357923,8.437408396079832e-05
1971,2.263470072058709,8.414428427293325e-05
1972,2.4370933438016986,8.384317113656884e-05
1973,2.447501414995345,8.382238039976441e-05
1974,2.509081149013039,8.366568950279997e-05
1975,2.6002362880068772,8.348147180621936e-05
1976,2.670519588341088,8.334464848607032e-05
1977,2.089841879244879,8.44115696828047e-05
1978,2.160076605490458,8.430795006669309e-05
1979,2.29446643624002,8.4092935717419e-05
1980,2.38889449318783,8.393073534378e-05
1981,2.4189645167130176,8.384606643528332e-05
1982,2.516073521170167,8.365869436450837e-05
1983,2.139122816359082,8.434111060451205e-05
1984,2.1973695689388304,8.425366459524855e-05
1985,2.316766886274478,8.405647290695009e-05
1986,2.342723852689847,8.401322964811155e-05
1987,2.1681053325665727,8.429933221355838e-05
1988,2.2115795493285506,8.42332234969494e-05
1989,1.7798134772854264,8.462413600672043e-05
1990,2.016142941944578,8.445172027018679e-05
1991,2.264537170938053,8.406407912373975e-05
1992,2.4903254424345076,8.366888230319565e-05
1993,2.6731751363130587,8.331721098546098e-05
1994,2.8038248879703893,8.304205044803152e-05
1995,2.882035304498847,8.287669283095086e-05
1996,2.915523013314242,8.280996136282654e-05
1997,2.9193902158257194,8.281215692426473e-05
1998,2.918902036685674,8.281666839365234e-05
1999,2.943081508175462,8.275795821586043e-05
2000,1.9810731947976634,8.453400805419535e-05
2001,2.1861293290688875,8.42260403076045e-05
2002,2.396439526110197,8.385716860240849e-05
2003,2.584176666164323,8.349586980344699e-05
2004,2.7322096835794203,8.319965939804924e-05
2005,2.8329425155837193,8.298921932148904e-05
2006,2.8889918445120877,8.286936747633964e-05
2007,2.9136583428601317,8.282791077391843e-05
2008,2.9286406496675457,8.280627887717925e-05
2009,2.9534019040940582,8.275527485476693e-05
2010,2.9645831897899813,8.271943058884155e-05
2011,2.9302454535221254,8.279848100645858e-05
2012,2.9060963806264684,8.28477556701613e-05
2013,2.9025863806946184,8.284583120591932e-05
2014,2.882725865064527,8.288024899300458e-05
2015,2.8294887403186153,8.298185745930308e-05
2016,2.7340657103285717,8.318948158267255e-05
2017,2.5947711396273188,8.346188534998936e-05
2018,2.4174998710675224,8.379590768957336e-05
2019,2.2165425797781486,8.413654169417143e-05
2020,2.1178808119497115,8.436169863021404e-05
2021,2.2832357472582117,8.408641563908917e-05
2022,2.4619214130648706,8.376141618068136e-05
2023,2.6266130017114095,8.342912894373418e-05
2024,2.757595519298405,8.314526600983359e-05
2025,2.844729653218411,8.296910399995319e-05
2026,2.891991623935824,8.288183014089016e-05
2027,2.9153328390727418,8.284709735570287e-05
2028,2.9309992240650042,8.281870657808599e-05
2029,2.9413786871576297,8.278407832255471e-05
2030,2.923188513796134,8.28155755893324e-05
2031,2.890644291398882,8.287611078154635e-05
2032,2.877910113416167,8.290063923809565e-05
2033,2.8651813276029254,8.291726656938204e-05
2034,2.834058263354518,8.297521566506014e-05
2035,2.7749585341812133,8.309862809196683e-05
2036,2.683775700635727,8.328124574855505e-05
2037,2.5620921495989046,8.351817205755959e-05
2038,2.1826680003101844,8.426493840794208e-05
2039,2.33004251096514,8.401809578972472e-05
2040,2.4985827239666496,8.37020679220273e-05
2041,2.656876336422026,8.336426850515437e-05
2042,2.7803687295420207,8.311292374213645e-05
2043,2.8518095239886034,8.297839113806548e-05
2044,2.877701373750555,8.293265712132876e-05
2045,2.8788194801976106,8.294471382945419e-05
2046,2.870054879551968,8.295920127506479e-05
2047,2.848938402237763,8.298300910564388e-05
2048,2.854227202165728,8.295557959187803e-05
2049,2.8498146775234385,8.295728302180644e-05
2050,2.8404681602509183,8.29745534515588e-05
2051,2.8251508163728016,8.300141196378123e-05
2052,2.7975559705225796,8.305072799089723e-05
2053,2.7515575054335826,8.31331518031593e-05
2054,2.226595082913434,8.419976011417756e-05
2055,2.3653309067644246,8.395536913535707e-05
2056,2.5202055479576524,8.364489547072425e-05
2057,2.6712444388392576,8.33490058748326e-05
2058,2.7824267764350874,8.312510829279258e-05
2059,2.816408820503726,8.30715221599775e-05
2060,2.802016397619641,8.311535027763922e-05
2061,2.7707566399652603,8.3181324371467e-05
2062,2.770640031913105,8.313073149072831e-05
2063,2.8001476480243386,8.306123671674593e-05
2064,2.8142278518819124,8.302996488932814e-05
2065,2.8163351285819758,8.302152227828494e-05
2066,2.8128366435102583,8.302976984456949e-05
2067,2.807794304560968,8.303660744642139e-05
2068,2.2386069059474862,8.418063933857863e-05
2069,2.3451819132506824,8.398472633393324e-05
2070,2.494491969239007,8.371196761960021e-05
2071,2.6506454761042084,8.341316613210614e-05
2072,2.7327085054105096,8.324804546702159e-05
2073,2.7083723570200946,8.33143000462836e-05
2074,2.6593145774177978,8.340830158972769e-05
2075,2.7138077704816355,8.325523669905173e-05
2076,2.7558251672466696,8.316425892150272e-05
2077,2.779422252602497,8.310002408684283e-05
2078,2.7928038474289187,8.306972565140522e-05
2079,2.802721533595009,8.304957430871952e-05
2080,2.173497185320189,8.427515652010254e-05
2081,2.300693605754707,8.406596163242064e-05
2082,2.4675729048264494,8.377266462215651e-05
2083,2.618135554780291,8.348749718401742e-05
2084,2.608870859064014,8.351175917784997e-05
2085,2.568544017245348,8.355315153578703e-05
2086,2.652172838346578,8.337869981876406e-05
2087,2.7109059286436796,8.32545831400216e-05
2088,2.7478692440077226,8.316850343665222e-05
2089,2.7716843604947403,8.311643022810918e-05
2090,2.1586783322308802,8.429693662029993e-05
2091,2.2997449499840124,8.406902220509864e-05
2092,2.4665467899365017,8.377685893673985e-05
2093,2.5155559381543866,8.369309867553156e-05
2094,2.4854246383845595,8.371712424157926e-05
2095,2.5810718906330794,8.352612889167113e-05
2096,2.65592611774979,8.337503470056971e-05
2097,2.709704561879695,8.325772961904742e-05
2098,2.1900258431462336,8.425133067531995e-05
2099,2.324828838536513,8.402930952481813e-05
2100,2.4363752271491714,8.383835817007988e-05
2101,2.3997529776450754,8.388762487064251e-05
2102,2.4991444247326555,8.369988236514936e-05
2103,2.5856177361880976,8.352138659995236e-05
2104,2.2289921998634608,8.419012774243378e-05
2105,2.3487266551150596,8.399185233332958e-05
2106,2.3528616931140687,8.399183431125462e-05
2107,2.4089189256769106,8.387379427952197e-05
2108,2.2540480898783724,8.41571340890946e-05
2109,2.347450767232072,8.400503201472249e-05
2110,2.3488564937176344,8.39356128649833e-05
2111,2.5113491324168895,8.363257653011811e-05
2112,2.654318095782261,8.33630766967138e-05
2113,2.7654696559951963,8.311954776615274e-05
2114,2.8397329201180637,8.297076526389579e-05
2115,2.881349771637819,8.289202434514997e-05
2116,2.9042157660301586,8.285799790531262e-05
2117,2.927805902681171,8.281021372293539e-05
2118,2.9552949216350832,8.274408095802989e-05
2119,2.412575058494409,8.385202965059776e-05
2120,2.5515432151397754,8.35918272002326e-05
2121,2.679893913165265,8.330932423156042e-05
2122,2.7815573002485805,8.31030235259711e-05
2123,2.8477372662484464,8.297885275393672e-05
2124,2.882741432009511,8.290911856666556e-05
2125,2.900071183509213,8.288557636311651e-05
2126,2.9110189777627737,8.286121256005959e-05
2127,2.908201526241844,8.285308891090433e-05
2128,2.905760170583835,8.285515402760425e-05
2129,2.8885023157381253,8.289036047117982e-05
2130,2.8671737485467568,8.29375132227892e-05
2131,2.8371133761773186,8.298183019029193e-05
2132,2.788775802931953,8.307824186569958e-05
2133,2.71670141902312,8.322175820679335e-05
2134,2.622040519985115,8.340955605431085e-05
2135,2.4466652594877245,8.37992302483579e-05
2136,2.5783246343997996,8.351740222203403e-05
2137,2.7019469425167424,8.32712293211165e-05
2138,2.7946312485700053,8.309134505110544e-05
2139,2.839268496444825,8.300941752250179e-05
2140,2.8459471328288344,8.301280271810421e-05
2141,2.8347182216077402,8.303975650638719e-05
2142,2.8272474758466113,8.304341924455397e-05
2143,2.834966449206283,8.300596773664357e-05
2144,2.850441797337253,8.297084496053347e-05
2145,2.8466564593538544,8.29773712558382e-05
2146,2.8298030363171347,8.300162189542063e-05
2147,2.803673070070174,8.305215837465497e-05
2148,2.7666483352220426,8.311905695969583e-05
2149,2.463086954051165,8.37534321849429e-05
2150,2.5822551487476386,8.352058901567869e-05
2151,2.700616499502361,8.329108841458877e-05
2152,2.771766097698864,8.315746813798071e-05
2153,2.769968934405415,8.317834552686556e-05
2154,2.73669206769243,8.325097685232421e-05
2155,2.7137879350010774,8.328800296628511e-05
2156,2.752788532312761,8.31765625573871e-05
2157,2.791069830450691,8.308409615503449e-05
2158,2.812301033014074,8.304249808241426e-05
2159,2.8182289721371547,8.302726770062125e-05
2160,2.8135461753451554,8.303663962249905e-05
2161,2.4318103673531017,8.382162212149205e-05
2162,2.556894405396982,8.358493194106924e-05
2163,2.6726839157220517,8.33659205689511e-05
2164,2.6803585867117645,8.336210953829738e-05
2165,2.6296274743194927,8.347390637527134e-05
2166,2.611852359542537,8.348498483562337e-05
2167,2.682789476340716,8.332143993362516e-05
2168,2.733960623502747,8.321303030458679e-05
2169,2.770575959316115,8.313134569355172e-05
2170,2.7982788156684664,8.307290126873225e-05
2171,2.40892082917003,8.387021034461509e-05
2172,2.542676072555848,8.362505296008795e-05
2173,2.587313204247559,8.354996265162105e-05
2174,2.527597948106495,8.367397287484141e-05
2175,2.5321878604821566,8.363709328885354e-05
2176,2.6139648390176897,8.346992592209305e-05
2177,2.6783702544584207,8.333301449579298e-05
2178,2.7278593694212865,8.322337082394298e-05
2179,2.4164849033897884,8.385722922863594e-05
2180,2.499870734681653,8.371490873208617e-05
2181,2.443169069430287,8.383124087409079e-05
2182,2.4560527130031575,8.379162187710778e-05
2183,2.5416216042127884,8.362104677252465e-05
2184,2.616170422543002,8.346115428735518e-05
2185,2.4206526111239652,8.386126844782432e-05
2186,2.3844209214840193,8.393614645547033e-05
2187,2.3822700490619444,8.393558455699529e-05
2188,2.4636071822221,8.377838207461965e-05
2189,2.3534729006166724,8.399291525798848e-05
2190,2.3331278775510738,8.402807464772664e-05
2191,2.646925768844692,8.338322310975505e-05
2192,2.733662201618252,8.318949200188019e-05
2193,2.800553803481362,8.306753117759161e-05
2194,2.8420281365242266,8.29872995051544e-05
2195,2.861361031236276,8.296304928058143e-05
2196,2.864951404414388,8.295623641656933e-05
2197,2.8579425835938905,8.29666518914068e-05
2198,2.6666204291085873,8.333548317073494e-05
2199,2.7462759804780665,8.31907504164763e-05
2200,2.7975554851000033,8.30926523814096e-05
2201,2.8101581231138018,8.307767401092844e-05
2202,2.795928773567507,8.311568931975071e-05
2203,2.770026737889197,8.317273352779812e-05
2204,2.761732416227149,8.317305145530234e-05
2205,2.7979350139350476,8.30957415154549e-05
2206,2.8210942178874956,8.304210564388141e-05
2207,2.8249500822008273,8.302737905461688e-05
2208,2.810652494972682,8.305138083758575e-05
2209,2.779221709416454,8.311020160389144e-05
2210,2.6614889411094738,8.337369375434767e-05
2211,2.7297623818927375,8.323592224057172e-05
2212,2.7401296266603823,8.323021988783819e-05
2213,2.7062592393336193,8.3312453287463e-05
2214,2.65822436287452,8.341383730498162e-05
2215,2.6535401575612743,8.34117731602762e-05
2216,2.713478800397363,8.326826663453443e-05
2217,2.762316177459817,8.316287445882985e-05
2218,2.7939560130337955,8.309903674069554e-05
2219,2.8093099339009333,8.305558865109554e-05
2220,2.638983327620975,8.342669908280965e-05
2221,2.659254765398635,8.339789085148397e-05
2222,2.6084288794208503,8.35154691146687e-05
2223,2.5436436104689912,8.364329979948125e-05
2224,2.553274763624836,8.360971777669352e-05
2225,2.6316943272555604,8.344810804764123e-05
2226,2.6959398938376475,8.330368915872122e-05
2227,2.750174261175281,8.318406659804421e-05
2228,2.5764323808025016,8.356889751197946e-05
2229,2.5157417340434023,8.369510143097411e-05
2230,2.4451591937682897,8.382526762435472e-05
2231,2.4782016252501,8.375843299020599e-05
2232,2.556355204365281,8.360213691169057e-05
2233,2.627327733138298,8.345599455648207e-05
2234,2.4390579508276753,8.383795601149407e-05
2235,2.375209711377918,8.395300539326202e-05
2236,2.417002487997119,8.387727415365534e-05
2237,2.4836985361816515,8.374713252521259e-05
2238,2.33850588700774,8.401999573603597e-05
2239,2.3665059683994145,8.397114603562341e-05
2240,2.777552770894457,8.312517561191391e-05
2241,2.783761713985062,8.313148702136875e-05
2242,2.7645834589903684,8.31765288079427e-05
2243,2.727081039679139,8.325627412931437e-05
2244,2.680099627295409,8.334909178597497e-05
2245,2.726667903686312,8.326133604302739e-05
2246,2.6869674845828095,8.335063411729523e-05
2247,2.630740705850641,8.346598512882472e-05
2248,2.570802801493487,8.358253148049823e-05
2249,2.577494927850473,8.356568969334031e-05
2250,2.644770444858859,8.342389802481295e-05
2251,2.7047807519827236,8.329885419316715e-05
2252,2.7520580222648157,8.32000575262742e-05
2253,2.599981269266913,8.352886945995974e-05
2254,2.5286611238164918,8.366973541778704e-05
2255,2.4600786327816326,8.380129387761887e-05
2256,2.481859879602989,8.375743884473401e-05
2257,2.5602736690923784,8.360604912090057e-05
2258,2.6348499941714065,8.343973752612355e-05
2259,2.43944978393137,8.383806136150777e-05
2260,2.3741096164957725,8.395724895945313e-05
2261,2.4189988798567805,8.38739347013644e-05
2262,2.484389076057189,8.375297824666336e-05
2263,2.3610089030875683,8.398464501610524e-05
2264,2.380682734744061,8.394871477822966e-05
2265,2.621076276579294,8.348211348005426e-05
2266,2.550387199576825,8.362362616326972e-05
2267,2.4827310682966837,8.37563233987335e-05
2268,2.4521498120379452,8.381345758679024e-05
2269,2.3895077203666624,8.393058754642307e-05
2270,2.410341215417401,8.389139208130721e-05
2271,2.473541571699468,8.377337916366123e-05
2272,2.357311517308821,8.399089409376623e-05
2273,2.3665833479411966,8.397341588418479e-05
2274,2.3447950792037506,8.40104723646444e-05
2275,1.3662497097118707,8.182543541109062e-05
2276,3.3685508186134827,8.151704097968788e-05
2277,3.3864685441771956,8.143903563732766e-05
2278,3.416531642870809,8.132411639538919e-05
2279,3.4567120525925343,8.116700438871151e-05
2280,3.501174161593327,8.095095398675792e-05
2281,3.5400559752047838,8.078776100762196e-05
2282,3.5610377708314958,8.068416523261435e-05
2283,3.552102304622048,8.082284453316807e-05
2284,3.50465509664947,8.112199909872843e-05
2285,3.416721051577033,8.153146006570644e-05
2286,3.297940741350116,8.195487032073304e-05
2287,3.1875354984540745,8.226734253219307e-05
2288,3.3788041609630044,8.144707280209933e-05
2289,3.392513888718697,8.140366146983383e-05
2290,3.4118279729080228,8.130154981184074e-05
2291,3.4401908352600796,8.122286223624276e-05
2292,3.4750277960210307,8.108146547907489e-05
2293,3.50927398636562,8.094194771849061e-05
2294,3.5324851289421972,8.081884645737434e-05
2295,3.533071839315961,8.08996826529135e-05
2296,3.5011929864399964,8.109031072126149e-05
2297,3.4319307271361486,8.14429756543941e-05
2298,3.32925066145946,8.183556586285419e-05
2299,3.2158930275239883,8.218993282569086e-05
2300,3.168335073175809,8.232481912261458e-05
2301,3.2485568707764685,8.209127661814771e-05
2302,3.363729908753417,8.172056372806191e-05
2303,3.458213969142603,8.131200031900175e-05
2304,3.5167028425457274,8.103236239932197e-05
2305,3.538285941462935,8.084775850638896e-05
2306,3.5296109736981425,8.082413264361781e-05
2307,3.5013411405934214,8.095989930757964e-05
2308,3.4649813901116153,8.108927122927531e-05
2309,3.4300118739732115,8.125412546470973e-05
2310,3.4019141255591596,8.138035313913749e-05
2311,3.381541969758862,8.143337028932002e-05
2312,3.4100702354770767,8.127547341683202e-05
2313,3.4183683243366274,8.130255879014349e-05
2314,3.4235276103381014,8.125529359824554e-05
2315,3.4319939944091264,8.124648040221198e-05
2316,3.44409505561977,8.125761456663059e-05
2317,3.455222674268883,8.126002643782191e-05
2318,3.4576213063739676,8.124914056021772e-05
2319,3.4422399201383,8.132650801376268e-05
2320,3.4011629683404463,8.152017389710291e-05
2321,3.3314331595602775,8.180377058761726e-05
2322,3.2409857841899172,8.210200258577436e-05
2323,3.166735701279437,8.231551187976397e-05
2324,3.191008205199659,8.223964824202635e-05
2325,3.2816700291234393,8.197524276198543e-05
2326,3.3704690940439757,8.166260414895698e-05
2327,3.434567638064283,8.141262188512979e-05
2328,3.4694537729280017,8.123739548003787e-05
2329,3.4791122322974326,8.109676837227134e-05
2330,3.471613255632498,8.108597461095862e-05
2331,3.4556496376431656,8.11059589423327e-05
2332,3.4376812864836044,8.117984842258433e-05
2333,3.4201286257537067,8.12458635083657e-05
2334,3.4164055794234844,8.125834686604346e-05
2335,3.3995332455964267,8.136051551273061e-05
2336,3.3761262501299796,8.15216173946462e-05
2337,3.354948857852856,8.16667745380338e-05
2338,3.340336670640251,8.172911473681974e-05
2339,3.332494306044749,8.174971757700284e-05
2340,3.3279149313178698,8.174396993437493e-05
2341,3.318275169471153,8.177445355699646e-05
2342,3.292337140902463,8.18866615959604e-05
2343,3.2437148697033447,8.207025774692702e-05
2344,3.180885228255573,8.225479288358336e-05
2345,3.1505611425116298,8.234709846489476e-05
2346,3.1875050616627574,8.224187675278561e-05
2347,3.25551010832464,8.202997309766622e-05
2348,3.318610879767265,8.183411866769887e-05
2349,3.3657856765476977,8.170468786761014e-05
2350,3.3969498712080486,8.154227830339057e-05
2351,3.416434932369639,8.138196405354978e-05
2352,3.428857416537154,8.128754793846764e-05
2353,3.436375596837522,8.116876825668484e-05
2354,3.3590784272880203,8.156732262385476e-05
2355,3.3055823701820928,8.182901735220357e-05
2356,3.2503861610867295,8.201268690022467e-05
2357,3.2047311364494306,8.214941188671032e-05
2358,3.1764687024580143,8.222146099685577e-05
2359,3.1701390689909643,8.223102824661656e-05
2360,3.1844791219410253,8.21797755285299e-05
2361,3.2044108323518095,8.21211848289266e-05
2362,3.207781293187304,8.213745027493839e-05
2363,3.184192095550456,8.223106870244139e-05
2364,3.153378162722664,8.232691490543068e-05
2365,3.1283495009354163,8.239124070463574e-05
2366,3.145589099117604,8.233511280483923e-05
2367,3.1914968888608732,8.220397475145053e-05
2368,3.244503991742183,8.205867447928069e-05
2369,3.296212290020248,8.189964387026564e-05
2370,3.3450093706426607,8.172271836826272e-05
2371,3.3901749206186786,8.148019915895455e-05
2372,3.2228319681836215,8.208395525279072e-05
2373,3.1387257061263574,8.231880426867834e-05
2374,3.067722536843696,8.249397529680967e-05
2375,3.021035253935646,8.261039092972895e-05
2376,3.0032519012988352,8.266084415776277e-05
2377,3.0182624692494944,8.262485667738642e-05
2378,3.0693400667275257,8.249050202883184e-05
2379,3.1256000531385704,8.234916311943329e-05
2380,3.1535018213387978,8.22895811545958e-05
2381,3.1457628422027795,8.23353448127278e-05
2382,3.1290829028286784,8.238022017748956e-05
2383,3.0969243717458665,8.24667140939477e-05
2384,3.095236853475813,8.246014171636036e-05
2385,3.1317480685338603,8.235579925454531e-05
2386,3.193311890240344,8.218964632759338e-05
2387,3.267509498174538,8.19911570436079e-05
2388,3.0331003747770406,8.257784891224835e-05
2389,2.9502113965696193,8.277379260800915e-05
2390,2.9003929645647055,8.288661414549823e-05
2391,2.8790248282713855,8.294250834118056e-05
2392,2.875194439889795,8.296188456344995e-05
2393,2.9057753523738565,8.289664966608064e-05
2394,2.9986981823487824,8.266467496049599e-05
2395,3.080104589289468,8.246861063794641e-05
2396,3.1202309388516736,8.237998557747672e-05
2397,3.134861844277136,8.235664778965983e-05
2398,3.1047406556208434,8.244083491226838e-05
2399,3.069041530251472,8.251860150592424e-05
2400,3.0632356757021375,8.253461297417364e-05
2401,3.1081870858853238,8.240849734691207e-05
2402,2.8696476307004852,8.2944491500856e-05
2403,2.826675063952935,8.305446491477151e-05
2404,2.8046500458714427,8.310765349688172e-05
2405,2.7861352107499844,8.315485078113262e-05
2406,2.768648670941194,8.319919463728016e-05
2407,2.8376178989384697,8.304549314959983e-05
2408,2.9648451795164528,8.275131452189158e-05
2409,3.055526052695372,8.254131632128894e-05
2410,3.1122620524426114,8.239890289538229e-05
2411,3.114913812526937,8.241022193193544e-05
2412,3.088094169024231,8.247611314307434e-05
2413,3.0577785471401606,8.255016311435715e-05
2414,2.784305153312897,8.314538594085401e-05
2415,2.752190789318343,8.321788987092784e-05
2416,2.7166587384420313,8.330059440745893e-05
2417,2.6733607714555827,8.339479900705862e-05
2418,2.666062952314771,8.341333112126498e-05
2419,2.815384873304103,8.30939095692573e-05
2420,2.9507076241751364,8.278213232741749e-05
2421,3.0429274062875464,8.256628641153839e-05
2422,3.0987854882700985,8.244078708963155e-05
2423,3.1067551831862708,8.242785003925273e-05
2424,2.7036194333770696,8.332097074430713e-05
2425,2.650795452581732,8.343703548360834e-05
2426,2.591658010053112,8.355274223124398e-05
2427,2.5355840550803994,8.366412466073092e-05
2428,2.6452661997741944,8.345124276398083e-05
2429,2.811066366261346,8.310650957737768e-05
2430,2.9456435112380817,8.27991840925294e-05
2431,3.0447694990214305,8.256181127938266e-05
2432,2.5847838900187012,8.356566323688412e-05
2433,2.5186149741465345,8.369252463151587e-05
2434,2.4556333890661426,8.381084077913202e-05
2435,2.4738315392733865,8.37806432558946e-05
2436,2.647391484856069,8.344806354978011e-05
2437,2.8107864716037767,8.310360186317033e-05
2438,2.454904663145109,8.381407114360696e-05
2439,2.4020932699142206,8.390692162490654e-05
2440,2.3637470874890916,8.397484109162111e-05
2441,2.476094012733107,8.37745675695995e-05
2442,2.369114848958972,8.39648251694898e-05
2443,2.355231432230785,8.398990621885137e-05
2444,3.408237427842573,8.132381137538328e-05
2445,3.4233706962966086,8.125398658893914e-05
2446,3.4416970680922048,8.116506010611198e-05
2447,3.4629776277865387,8.110526356760653e-05
2448,3.482137677047292,8.107531633764215e-05
2449,3.4906521752491626,8.108248208238353e-05
2450,3.478791309087083,8.118962535434884e-05
2451,3.438451435661676,8.139122013786002e-05
2452,3.3666152573646198,8.168805254751492e-05
2453,3.2702473403929337,8.201049513549151e-05
2454,3.1801021604707698,8.228049017235672e-05
2455,3.417842400010279,8.127868293736988e-05
2456,3.410354855444907,8.130400904585199e-05
2457,3.4027854988725874,8.140814043959023e-05
2458,3.3979492369267112,8.148506233196924e-05
2459,3.3942133865813178,8.153228893680895e-05
2460,3.386552803987167,8.155616394182037e-05
2461,3.36747678057862,8.162869231902619e-05
2462,3.329216008653701,8.17814922014327e-05
2463,3.268703815966093,8.199743511916342e-05
2464,3.195592937081923,8.221674333598612e-05
2465,3.154881293624948,8.234751309128248e-05
2466,3.1963079709032027,8.22154320938872e-05
2467,3.2717479311823263,8.198163453124549e-05
2468,3.338573926194795,8.176124431494785e-05
2469,3.3850263966744563,8.160716867359275e-05
2470,3.4114672721027466,8.146461088656255e-05
2471,3.4234669691216846,8.137210647237736e-05
2472,3.427633429081108,8.129193268577593e-05
2473,3.4287813229673123,8.124006953204438e-05
2474,3.4281909361143637,8.125149483233381e-05
2475,3.3660687543041297,8.157205576501886e-05
2476,3.3260144669170577,8.175439320843573e-05
2477,3.2891893473816505,8.189378079156129e-05
2478,3.2622991170701336,8.196644513114669e-05
2479,3.2484612855007464,8.200659973348127e-05
2480,3.2459836361495147,8.201126633115006e-05
2481,3.2449787557120744,8.202183695218175e-05
2482,3.230761005378032,8.207822163156519e-05
2483,3.1957363691081873,8.219674350438883e-05
2484,3.1505276992834372,8.233676939782624e-05
2485,3.1383766570544647,8.23736741000247e-05
2486,3.1687182323351046,8.2277163805649e-05
2487,3.2189834950258476,8.212790471500713e-05
2488,3.267104969281033,8.198980606729398e-05
2489,3.307914752450567,8.185563616503857e-05
2490,3.3431219219330943,8.171445635404576e-05
2491,3.3753310563300625,8.156428742993549e-05
2492,3.4048788367827347,8.138842357727411e-05
2493,3.2355002448790495,8.205407660203198e-05
2494,3.168393510096264,8.224333069110494e-05
2495,3.11642410540166,8.236915374460026e-05
2496,3.087999608706342,8.244799358656253e-05
2497,3.0881094431241194,8.244878204437248e-05
2498,3.1152915922491564,8.237346414986541e-05
2499,3.148927391556,8.229700817865428e-05
2500,3.1629934099334958,8.226143731374391e-05
2501,3.1489987932381194,8.232607605149468e-05
2502,3.13054257965685,8.237292650955662e-05
2503,3.10748257857198,8.243441265856765e-05
2504,3.115146392011475,8.241369030639217e-05
2505,3.14950046394269,8.231638129091216e-05
2506,3.19777378633753,8.216992728370486e-05
2507,3.254023422902625,8.202011997174413e-05
2508,3.314897277691366,8.182115723826175e-05
2509,3.0495849339514534,8.253950282716954e-05
2510,2.982782489095914,8.2703307425857e-05
2511,2.9454328744455474,8.278869329024175e-05
2512,2.935541948591588,8.282653155484107e-05
2513,2.9584746766515666,8.277172392152511e-05
2514,3.024561205967442,8.260593017183849e-05
2515,3.0894168245872464,8.24575961245148e-05
2516,3.121290928279709,8.237773511501369e-05
2517,3.132363270825536,8.235711610954605e-05
2518,3.1045702229584844,8.243234289457643e-05
2519,3.073595882638198,8.251082071626652e-05
2520,3.069164178233717,8.252359311283515e-05
2521,3.103876724392555,8.242261647172553e-05
2522,3.1698367159793754,8.224163392325402e-05
2523,2.8844471910275926,8.292005590713217e-05
2524,2.8508493740479186,8.300339830397947e-05
2525,2.834581490004581,8.304639289567225e-05
2526,2.8262768566937697,8.307318606171653e-05
2527,2.8701627388569007,8.297922714648147e-05
2528,2.9759788189970626,8.272328861826624e-05
2529,3.056615805689315,8.252996045505538e-05
2530,3.0951649011175904,8.244276670077772e-05
2531,3.10901877868834,8.241937145906591e-05
2532,3.0817022009321695,8.249284353255028e-05
2533,3.0514206366143717,8.256319604677552e-05
2534,3.051557196330193,8.255934636528843e-05
2535,2.7941484393177407,8.312699301161275e-05
2536,2.7677938958967814,8.318636972277128e-05
2537,2.7368402186627567,8.32574838472e-05
2538,2.7185078148948176,8.330605185238207e-05
2539,2.8308378713064144,8.305723118362446e-05
2540,2.9545470032194614,8.277580488042719e-05
2541,3.0388993745229764,8.257734150087447e-05
2542,3.090189755793724,8.246320032120823e-05
2543,3.093467356086122,8.245632902724262e-05
2544,3.0722913675555965,8.251341167597697e-05
2545,2.709808518705424,8.331301878446074e-05
2546,2.660284477190297,8.341557894032374e-05
2547,2.607268020772982,8.352288765211837e-05
2548,2.6682592793885935,8.33990317021306e-05
2549,2.821024339318182,8.307809446476989e-05
2550,2.9458692152290777,8.279245768014612e-05
2551,3.036942241413127,8.257873511508921e-05
2552,3.0827314623153423,8.247539436857451e-05
2553,2.5877519896510153,8.356004885937058e-05
2554,2.5225419584377358,8.368639586230169e-05
2555,2.5090719721390204,8.37084442148884e-05
2556,2.6671349117860768,8.340321301426687e-05
2557,2.819618232452305,8.308186614977645e-05
2558,2.943481375420684,8.280445958383406e-05
2559,2.454529197535762,8.381424309677785e-05
2560,2.4021436870170936,8.390675355762456e-05
2561,2.5085628370676187,8.370545698062507e-05
2562,2.6690470772583046,8.339977090806773e-05
2563,2.3656184695071523,8.39724164500813e-05
2564,2.364511963863899,8.396513490180132e-05
2565,3.3860283375200977,8.14794331146453e-05
2566,3.357823501702587,8.162261426787087e-05
2567,3.331506023876323,8.173696434278329e-05
2568,3.309341991909787,8.183220187736141e-05
2569,3.2896441501385794,8.18992614683735e-05
2570,3.266599241716963,8.197063945300982e-05
2571,3.2329873984121535,8.20791843366833e-05
2572,3.1873742713136237,8.222777158710944e-05
2573,3.145485043615811,8.235944891529036e-05
2574,3.269008484682104,8.193794347314211e-05
2575,3.2162957102201535,8.210672235213745e-05
2576,3.17720449804162,8.221205396723345e-05
2577,3.157336086734802,8.227170872861578e-05
2578,3.1553131207742924,8.226926235670733e-05
2579,3.159028381244698,8.227652907407681e-05
2580,3.153078688823995,8.230223019248019e-05
2581,3.133076834055142,8.236180590531479e-05
2582,3.1182029690597526,8.241034241349805e-05
2583,3.11569970531198,8.241134948274015e-05
2584,3.1340940251274305,8.236034762110878e-05
2585,3.1584825943814523,8.22877654989755e-05
2586,3.1841272765167825,8.220901341292545e-05
2587,3.215467066825847,8.212182732427954e-05
2588,3.2565453666660686,8.19973807131532e-05
2589,3.3060639969131307,8.183255633339676e-05
2590,3.0938623627393813,8.243099554812755e-05
2591,3.039501838053007,8.257222465485701e-05
2592,3.0128569291707716,8.263923185527961e-05
2593,3.017603324278031,8.263205344726107e-05
2594,3.050335236508122,8.25594076833174e-05
2595,3.08634189856558,8.246113829447915e-05
2596,3.1027764019188404,8.243133067159264e-05
2597,3.0962378409833455,8.244919784020273e-05
2598,3.0884446043356775,8.247151171416814e-05
2599,3.07187296990035,8.251625749007753e-05
2600,3.072370542365136,8.251282724858152e-05
2601,3.0916812094978336,8.245474792263986e-05
2602,3.129391138206964,8.2340208096965e-05
2603,3.18580709487069,8.218730046875303e-05
2604,2.9256168935516325,8.283058685939035e-05
2605,2.896147495316883,8.290620750810728e-05
2606,2.88849080883574,8.293527199633478e-05
2607,2.9179320541526055,8.286745557214228e-05
2608,2.987196931555267,8.270645945463038e-05
2609,3.0445622219897452,8.25546632196451e-05
2610,3.0707662923697585,8.249754429204429e-05
2611,3.080790598023776,8.248047247504418e-05
2612,3.0582550411242835,8.254532858931509e-05
2613,3.0358206319657746,8.260057692748124e-05
2614,3.034515394319731,8.260247081664753e-05
2615,3.066005048106309,8.251520910979555e-05
2616,2.821632666116316,8.306975865773453e-05
2617,2.798214419986942,8.312798522371077e-05
2618,2.7880074776695287,8.31531500221977e-05
2619,2.862407199649054,8.298772571447331e-05
2620,2.9568895316155572,8.277480530821844e-05
2621,3.0211374457330558,8.260644197859064e-05
2622,3.060577052856665,8.252571547288717e-05
2623,3.0581253362118614,8.254311202693582e-05
2624,3.038264643919783,8.259379299850123e-05
2625,3.021937253434773,8.263892667890464e-05
2626,2.7276515417134983,8.327665883113904e-05
2627,2.684582040056309,8.337192707308908e-05
2628,2.7239259011577044,8.327858185259299e-05
2629,2.84439922686641,8.302133835702364e-05
2630,2.943524640100414,8.279778958146744e-05
2631,3.0082058058039967,8.265134323741178e-05
2632,3.045772588965761,8.256417116832867e-05
2633,3.0488819561171128,8.255461030504071e-05
2634,2.5987133248071346,8.35420865660558e-05
2635,2.587564366663252,8.355399820294826e-05
2636,2.715998780188808,8.328577957180075e-05
2637,2.8402381654426563,8.302822876882254e-05
2638,2.9381892969008914,8.281607653128882e-05
2639,3.008821536490083,8.265056637127955e-05
2640,2.4737126568970944,8.377510916525898e-05
2641,2.583655064486229,8.355228425350389e-05
2642,2.7179190227743986,8.329087013602547e-05
2643,2.8396608165626454,8.303202858994764e-05
2644,2.4613214880561824,8.378303063059601e-05
2645,2.5869849630929265,8.354495755363526e-05
2646,3.1496182704315663,8.228929015866363e-05
2647,3.100955763271285,8.2412653970208e-05
2648,3.076640134727683,8.247980104822884e-05
2649,3.073274176385529,8.250384316804128e-05
2650,3.078024009239559,8.24858268077307e-05
2651,3.0799585964601697,8.248673918867743e-05
2652,3.0791449645600952,8.249140327239236e-05
2653,2.9864417270263512,8.268731148083725e-05
2654,2.962692984516801,8.27605725500671e-05
2655,2.969792881753482,8.274743899866592e-05
2656,2.999443255074021,8.267348022370637e-05
2657,3.0281142891423865,8.260593877532485e-05
2658,3.0420317968593844,8.257148406619198e-05
2659,3.0477177154267037,8.255307304417725e-05
2660,3.036089823453421,8.259184321786463e-05
2661,3.0232170708533066,8.26256453511256e-05
2662,3.015560519653864,8.26430208270499e-05
2663,3.0202765750543223,8.262705772836901e-05
2664,3.046976804603227,8.255493162601511e-05
2665,2.868091606244414,8.29791986193358e-05
2666,2.8626566973040424,8.29935875669234e-05
2667,2.902489418728639,8.288945852416833e-05
2668,2.9586044070287794,8.276410726637579e-05
2669,2.997676014501423,8.266893842184483e-05
2670,3.0129212739227147,8.263506513453616e-05
2671,3.016257599206014,8.262288031625138e-05
2672,3.000839521389766,8.267669137598681e-05
2673,2.9890027274128297,8.270713369613604e-05
2674,2.992533170797119,8.269489959253858e-05
2675,2.7674803399687478,8.319605751580547e-05
2676,2.795015731898428,8.312972807554789e-05
2677,2.8732566281900374,8.295338108800931e-05
2678,2.938759507681705,8.27991395942618e-05
2679,2.9786263185035615,8.271143022687899e-05
2680,2.999655130092012,8.266301963490953e-05
2681,2.9957350658577364,8.26728516209556e-05
2682,2.987118530238751,8.270559272333115e-05
2683,2.6866727375859503,8.335146354860312e-05
2684,2.7770935181653194,8.315605732792126e-05
2685,2.8639038242972643,8.297320968022629e-05
2686,2.929023324995814,8.282847472040159e-05
2687,2.972714307607185,8.272305434023763e-05
2688,2.990702752078312,8.268355181916085e-05
2689,2.6774528567185496,8.336550769137876e-05
2690,2.7759108457409507,8.316109586171916e-05
2691,2.86115923868393,8.29750688164752e-05
2692,2.9258655333614776,8.282849378485721e-05
2693,2.680653838229793,8.33548588287211e-05
2694,2.77656329028931,8.315615548016867e-05
2695,2.941473950940367,8.281309237005024e-05
2696,2.9470198752281935,8.279608375469305e-05
2697,2.9664003445358316,8.275063712510748e-05
2698,2.984841759890492,8.270329228518549e-05
2699,2.9956439210049264,8.267903605830029e-05
2700,2.8715790252729376,8.295966239656195e-05
2701,2.9052892613466654,8.28736975470184e-05
2702,2.936848177772928,8.281291500414597e-05
2703,2.955917769730225,8.275829451270179e-05
2704,2.964495944233277,8.27430743956161e-05
2705,2.9588579519939713,8.274863234275252e-05
2706,2.9496519048742234,8.277877447952401e-05
2707,2.943279805685258,8.28016965898232e-05
2708,2.8415662163582427,8.302013976902582e-05
2709,2.8874740570310937,8.291681314383592e-05
2710,2.9199864882284636,8.284294477678819e-05
2711,2.936938117822818,8.2798449110167e-05
2712,2.944204098017264,8.27848040166776e-05
2713,2.944586378641274,8.278871404579362e-05
2714,2.8337091378882526,8.303925212809615e-05
2715,2.8798958864580264,8.292228860246559e-05
2716,2.9115705721898935,8.285592547971793e-05
2717,2.931855597025046,8.281432575678461e-05
2718,2.832006608123966,8.30344844278263e-05
2719,2.877679590213494,8.293739480885402e-05
2720,2.9136629376633385,8.28602085348773e-05
2721,2.920843537597013,8.283887958520377e-05
2722,2.9248820576723333,8.282502382335458e-05
2723,2.897655992923849,8.288555081185903e-05
2724,2.9028602752108337,8.286760930512772e-05
2725,2.906282687402852,8.286689220520809e-05
2726,2.9108809617792235,8.285409248844937e-05
2727,2.889936801521905,8.290221487808443e-05
2728,2.8965857491428295,8.288318409823485e-05
2729,2.8923604034460113,8.289188438121509e-05
