Mode_Index,Frequency_THz,Cv_QPA_eV_K
0,0.0,0.0
1,0.2347182861716365,8.581937212440804e-05
2,0.44434062016439624,8.491649199056896e-05
3,0.6307010075720396,8.366018410489846e-05
4,0.8016912855083532,8.214712992836391e-05
5,0.9606005837681223,8.045365434540675e-05
6,1.108193041679613,7.864907777692371e-05
7,1.2444900730629536,7.6806372575708e-05
8,1.3689486036917478,7.498521892000538e-05
9,1.4798390285219454,7.326654097321448e-05
10,1.5733515597103251,7.175638602763073e-05
11,1.6430616805465688,7.059095899766038e-05
12,1.6809447284534982,6.99471278277468e-05
13,0.2392756970389047,8.57970872536782e-05
14,0.3895463528989378,8.519113764576308e-05
15,0.5566904095607674,8.419489730902724e-05
16,0.7147907011222634,8.294403172888728e-05
17,0.8628060574316357,8.15161523430289e-05
18,1.0020619580972105,7.996003491966848e-05
19,1.1339121445071785,7.830931004831169e-05
20,1.2592213294997543,7.65962921160211e-05
21,1.3775640876148696,7.485286268289591e-05
22,1.4862339398663693,7.316331245954702e-05
23,1.5794542344088074,7.165194322996501e-05
24,1.6485669884929177,7.049658599701789e-05
25,1.6618371127887468,7.027057779873802e-05
26,1.611588297169823,7.11212933985627e-05
27,1.5306768396613057,7.24496826242367e-05
28,1.430224631403371,7.404142159997504e-05
29,1.3189542967211956,7.572202701393364e-05
30,1.2013368119789334,7.739732155728162e-05
31,1.0781686478766106,7.902233793995243e-05
32,0.9481240918030639,8.057626428414404e-05
33,0.8091477402696773,8.205097252745695e-05
34,0.6592689982048948,8.34060990403115e-05
35,0.4976946849596745,8.45753356646668e-05
36,0.33426955649391443,8.54422166633033e-05
37,0.42620032166488203,8.499138951357362e-05
38,0.5253762172552855,8.43934901878684e-05
39,0.6459770267100275,8.351194681888396e-05
40,0.7707741298774302,8.24232494254351e-05
41,0.8954668710106191,8.116297055283197e-05
42,1.0197369072783373,7.974684838358083e-05
43,1.1438689832667348,7.817818619811211e-05
44,1.2671605577034806,7.648157299361889e-05
45,1.3868839158766728,7.471087427125527e-05
46,1.4976158572384834,7.297956571276959e-05
47,1.591147773021467,7.145727061538766e-05
48,1.6182942731899561,7.100535281268074e-05
49,1.5541711642408023,7.206578126553387e-05
50,1.4596455500875247,7.357885984357395e-05
51,1.3510894718161086,7.524365861778887e-05
52,1.2403030315045995,7.684804683521432e-05
53,1.1327197049031072,7.830730237060716e-05
54,1.0283794547037568,7.961540567047414e-05
55,0.9243442577387604,8.081902998120068e-05
56,0.8171907303343272,8.19441573562096e-05
57,0.7053946174300412,8.298936221072295e-05
58,0.5931256403884194,8.390309698029005e-05
59,0.544163123773086,8.426020877000116e-05
60,0.6045317217780785,8.382580208176359e-05
61,0.6915217482182421,8.312926857356868e-05
62,0.7946785389720302,8.219152626810178e-05
63,0.9086383365896201,8.101860517019507e-05
64,1.0302587214168535,7.961825038827348e-05
65,1.1564902990680346,7.800844180020523e-05
66,1.283263780997625,7.624519681281187e-05
67,1.4049772297679721,7.442950045443087e-05
68,1.5143408492389456,7.270842135963103e-05
69,1.55576242321395,7.203917377609801e-05
70,1.4818064065946366,7.322885214577205e-05
71,1.3772563839732483,7.484536796558391e-05
72,1.2645045204892145,7.649821945706324e-05
73,1.15736514737049,7.797488371879594e-05
74,1.062160233341221,7.919356278766303e-05
75,0.9789815847021601,8.01849109377973e-05
76,0.9043121246969134,8.101839226845005e-05
77,0.8340885583959444,8.175434360035275e-05
78,0.7666444275478888,8.241851179743746e-05
79,0.6005875633952781,8.385170493578606e-05
80,0.6378515590524585,8.356578196218351e-05
81,0.7110288545676199,8.295808210008496e-05
82,0.8105567128794592,8.2033671486275e-05
83,0.9272322791980774,8.08102094044978e-05
84,1.0533850635341173,7.932903265972028e-05
85,1.1823967288551684,7.765286426103624e-05
86,1.3080703772350302,7.58817689439062e-05
87,1.4241775982279234,7.413164790638664e-05
88,1.4818898916383452,7.322686957715137e-05
89,1.4041941549803516,7.443447153347176e-05
90,1.297279593311703,7.602559528455116e-05
91,1.1870066279085838,7.757120659674982e-05
92,1.0873608574289857,7.887277125207608e-05
93,1.0052654725593737,7.987059681718461e-05
94,0.941914766422286,8.05951428048086e-05
95,0.8947034233697356,8.110888729477923e-05
96,0.8597225559824804,8.148031597237213e-05
97,0.6250444349480573,8.366366660208736e-05
98,0.6608181037181251,8.337942889062563e-05
99,0.7388101295843763,8.270697981238156e-05
100,0.8447204049409871,8.168441465647457e-05
101,0.9649985724711492,8.037710944736788e-05
102,1.0896815193682952,7.886721034531433e-05
103,1.2117373642156037,7.724632755852398e-05
104,1.3259261819765844,7.561638138906836e-05
105,1.4027912431499574,7.44589418049212e-05
106,1.3376004598171858,7.543405119757067e-05
107,1.2285292226189268,7.699604052686368e-05
108,1.1287331742223428,7.833540084548234e-05
109,1.0409835618768348,7.943725204625942e-05
110,0.9721268075637578,8.024717443859961e-05
111,0.9252596439193062,8.077054700667623e-05
112,0.9003185386775217,8.104285202182064e-05
113,0.6588797777887461,8.339119985714384e-05
114,0.706999952066356,8.298313806420703e-05
115,0.7920496032980933,8.220034879359308e-05
116,0.8968647544997411,8.112771496675226e-05
117,1.0084434991531752,7.986080989931519e-05
118,1.118825058202135,7.84895334356272e-05
119,1.2234669939172433,7.708216718830532e-05
120,1.3198562048653855,7.57049066869588e-05
121,1.2675785194333375,7.644811183615045e-05
122,1.1744151577971425,7.772887161682991e-05
123,1.0927229633279638,7.87894318923001e-05
124,1.021503554998772,7.966283973215372e-05
125,0.9667268407728324,8.03005049976253e-05
126,0.9334866584784555,8.067579719713362e-05
127,0.7212280910801534,8.285248551730915e-05
128,0.7744953500638353,8.236125544508757e-05
129,0.85192840355727,8.159562368675596e-05
130,0.9400852865584876,8.064613195982204e-05
131,1.0306194333629757,7.959142858931514e-05
132,1.1194184686806927,7.848057670277064e-05
133,1.2050989696814907,7.733926364745435e-05
134,1.202400630834055,7.73541377879804e-05
135,1.133594860215448,7.826455727508293e-05
136,1.0755012630740568,7.900112838341897e-05
137,1.0248826326420402,7.961700498052525e-05
138,0.9864965936811322,8.006941348505614e-05
139,0.7899777272728669,8.220925187119962e-05
140,0.830017318292494,8.181439357785324e-05
141,0.884956889246347,8.124756674090703e-05
142,0.9480605511018938,8.055829010346859e-05
143,1.016076518498506,7.977269703603942e-05
144,1.0882775736673909,7.888672507686602e-05
145,1.1415445406017521,7.816659188469483e-05
146,1.1119720470469812,7.853665115922014e-05
147,1.070470540366598,7.9062187200377e-05
148,1.0433882560345473,7.939080257169581e-05
149,0.8284053987795635,8.183114231337316e-05
150,0.8436455873652132,8.168117008547417e-05
151,0.8734193921877825,8.137807006128813e-05
152,0.9169778391569128,8.09156471371104e-05
153,0.97450498969105,8.027160521826768e-05
154,1.046347943691499,7.941945036415445e-05
155,1.0822734467547415,7.891757470756408e-05
156,1.0721382893645506,7.90432846396912e-05
157,0.8180884286711175,8.194418286819682e-05
158,0.8117824589976262,8.201479592081983e-05
159,0.8286092923363135,8.185326172661264e-05
160,0.8708580335435276,8.142188028971546e-05
161,0.9379649120432275,8.069640025777884e-05
162,1.0267392847109629,7.966228301343438e-05
163,0.7713464685598325,8.241309938767051e-05
164,0.7613155200968001,8.251267820524114e-05
165,0.7874604335393961,8.226777892714871e-05
166,0.8486659949225004,8.16582013684842e-05
167,0.7276169655184308,8.282506296109879e-05
168,0.7365284372103478,8.274589554324792e-05
169,0.4828165655935019,8.466055054543303e-05
170,0.6093097336514026,8.378802030382598e-05
171,0.7395964224849462,8.26989334020646e-05
172,0.8650629985063795,8.147196322173915e-05
173,0.9854764321409853,8.013883155474729e-05
174,1.1026981295749918,7.870181158865227e-05
175,1.2186045797902734,7.715541435577997e-05
176,1.3335011119958555,7.550629144560184e-05
177,1.4443252026373221,7.381909638547124e-05
178,1.543131213545613,7.224555681370897e-05
179,1.6154278799324757,7.105395400993676e-05
180,0.5893692539624087,8.393309704058058e-05
181,0.6801020574893993,8.321201419531905e-05
182,0.7823931744274263,8.229385468531293e-05
183,0.8896423611146301,8.120749879736558e-05
184,1.0005175341266312,7.995988405530253e-05
185,1.1149133481699773,7.854337688039161e-05
186,1.232066158888275,7.696745320674035e-05
187,1.3490765380282814,7.527401614042167e-05
188,1.459160064963202,7.358752381086824e-05
189,1.5468044655462547,7.218400369603988e-05
190,1.5526831794778322,7.209225663548764e-05
191,1.4716029496113219,7.338865392845867e-05
192,1.365369972965338,7.50261174849203e-05
193,1.2535856680845896,7.665767344112296e-05
194,1.1459516859661198,7.81287151371758e-05
195,1.0456038688677536,7.9403501339585e-05
196,0.951377275499022,8.05094482107919e-05
197,0.8604019954373572,8.149629818614457e-05
198,0.7706374708489246,8.238724293187977e-05
199,0.6838331919146744,8.317163854303983e-05
200,0.6427469379878614,8.351857008762778e-05
201,0.7115839198457384,8.293900990091123e-05
202,0.8015745755970346,8.210652117114273e-05
203,0.9054831507991664,8.103504846647462e-05
204,1.018522546786489,7.974063018378748e-05
205,1.1366735879712402,7.825404419332985e-05
206,1.255672017342031,7.662850829928644e-05
207,1.3695466379397123,7.496469384072599e-05
208,1.4646848262590901,7.349641951294618e-05
209,1.4794540540413683,7.326704535617673e-05
210,1.391162884056917,7.463443524438473e-05
211,1.2825506511469298,7.623752374518979e-05
212,1.174454908335729,7.774221133268145e-05
213,1.0771663069154418,7.900237153886581e-05
214,0.9941432957360756,8.000547188916233e-05
215,0.9243700513437676,8.079483334203133e-05
216,0.8649276493230555,8.143136563196032e-05
217,0.8135366402705239,8.19577353928321e-05
218,0.66672837170872,8.332175461185351e-05
219,0.7336096195878524,8.274125815064867e-05
220,0.8273555139397097,8.18468236826691e-05
221,0.9367669620175615,8.068572232778923e-05
222,1.0531010715916924,7.931591008656149e-05
223,1.1697448877724035,7.78098816226207e-05
224,1.2809500682405959,7.626278954414515e-05
225,1.3764768331943775,7.485593709566372e-05
226,1.399507372948577,7.451174154679507e-05
227,1.3130003268522419,7.57975439848446e-05
228,1.2098456421958157,7.72557540158718e-05
229,1.1112785093289355,7.8564065713807e-05
230,1.0268649241695187,7.960882524643667e-05
231,0.9605654160961221,8.038097351614807e-05
232,0.9127344879430731,8.091045124468507e-05
233,0.8816514565741214,8.124610185352473e-05
234,0.699488077962298,8.304249488440682e-05
235,0.7764106184208339,8.233958889520808e-05
236,0.8756849343139609,8.134229527750462e-05
237,0.9841627116956299,8.013583133169182e-05
238,1.092838796454701,7.880894491885483e-05
239,1.195814212643792,7.745373138607916e-05
240,1.286294529585963,7.618637976585481e-05
241,1.3198884467920668,7.569953302836585e-05
242,1.243272444324349,7.679224799755296e-05
243,1.1539690430131002,7.800242546366148e-05
244,1.07089029115717,7.906426895494423e-05
245,1.001729132325287,7.989930045450363e-05
246,0.9508547028166202,8.048240975147149e-05
247,0.920951614683073,8.081447953263177e-05
248,0.7593745701798743,8.249771143390055e-05
249,0.8390928742744003,8.171517574348668e-05
250,0.9305359576645204,8.074027503872278e-05
251,1.0239063505971686,7.965920886254308e-05
252,1.1132841643245952,7.854386663462098e-05
253,1.1945405986074757,7.747098737289962e-05
254,1.2416555563124052,7.682016886867723e-05
255,1.1976841079955296,7.741535385118455e-05
256,1.1154804506547518,7.849809065095017e-05
257,1.0527776507628213,7.928152350059718e-05
258,1.0013350422453446,7.989549879216609e-05
259,0.9656544197521918,8.030911790183687e-05
260,0.8259540230446477,8.18465146118226e-05
261,0.8914787008747859,8.116423420271851e-05
262,0.9614429353368327,8.039154348937998e-05
263,1.0317595759259865,7.95651235913495e-05
264,1.1000991024571158,7.871773324452296e-05
265,1.1594765091004777,7.79467007613116e-05
266,1.1451066316281662,7.81128298110672e-05
267,1.090618409132357,7.881172623163798e-05
268,1.0512665005204194,7.92965479147054e-05
269,1.020041373549261,7.967175898198578e-05
270,0.8640491350456408,8.145639724704299e-05
271,0.9052860130514409,8.102012312706591e-05
272,0.9516367249534472,8.051092620343479e-05
273,1.003972710751009,7.990926117521287e-05
274,1.0625507688546645,7.920329280181152e-05
275,1.0985336606439067,7.872117381088266e-05
276,1.0747363131696654,7.901337792802743e-05
277,1.059921801349739,7.919102666485982e-05
278,0.8556038842045798,8.15553059433791e-05
279,0.876912215640709,8.133789764785353e-05
280,0.9115140168563398,8.096998334407926e-05
281,0.9625734822891695,8.040386412193061e-05
282,1.0304855452220294,7.960438574286183e-05
283,1.0701832028281146,7.906838071724981e-05
284,0.8123536544700722,8.200730900766812e-05
285,0.8317426958629458,8.181646605876476e-05
286,0.87493192485002,8.137224044630851e-05
287,0.9427296316140145,8.063436599369183e-05
288,0.7717696118971716,8.240926960692425e-05
289,0.8097782217541997,8.204102157733372e-05
290,0.7328071918774618,8.273753582386258e-05
291,0.8016241171885653,8.208535482645901e-05
292,0.8807488806157902,8.12783404199961e-05
293,0.9680792217045694,8.031578262023654e-05
294,1.0633799885490203,7.917964252647453e-05
295,1.1663924849750626,7.78519867690302e-05
296,1.2748728015146937,7.635076109952113e-05
297,1.3819454006995788,7.477257810945817e-05
298,1.4690052659203208,7.342990866687737e-05
299,0.7562763857322891,8.252025112259025e-05
300,0.823510142075157,8.186613503153374e-05
301,0.9060339763487559,8.100335626111181e-05
302,0.9982769957194775,7.995886847678387e-05
303,1.0963720697730341,7.875679003134178e-05
304,1.197248914559984,7.742889549150818e-05
305,1.296427463104134,7.603833174749524e-05
306,1.3801378931306039,7.48029425110501e-05
307,1.3852531782015813,7.472605540465472e-05
308,1.300762665818731,7.597274916301485e-05
309,1.2017370078791128,7.736747008338076e-05
310,1.106609480235288,7.862275021980629e-05
311,1.0213050208255758,7.967704056693674e-05
312,0.9476040775363723,8.053014251088818e-05
313,0.885878145061194,8.120612816135739e-05
314,0.83669322230444,8.172293718753887e-05
315,0.7871663139313226,8.222453028076764e-05
316,0.8636466430170975,8.144976225716307e-05
317,0.9519712633917132,8.048580820154112e-05
318,1.043996256883358,7.940000503015311e-05
319,1.1347650490035455,7.825408903743972e-05
320,1.220981005324459,7.709709330006589e-05
321,1.2944542301985515,7.606726517541372e-05
322,1.3099016864257447,7.584659684218873e-05
323,1.2272275212365635,7.70146608093357e-05
324,1.1421013483081877,7.815701230334155e-05
325,1.064306105114984,7.914415403759353e-05
326,0.9982158041452674,7.99370035802758e-05
327,0.9455639476701796,8.054006234597106e-05
328,0.907678939929281,8.096231088068932e-05
329,0.842534069932802,8.166779861523689e-05
330,0.9225039201655891,8.080843030725186e-05
331,1.0050470163253309,7.986184915983822e-05
332,1.0836316272926048,7.890211889309911e-05
333,1.1551820444808896,7.798350839673547e-05
334,1.2157661919140441,7.71745195484494e-05
335,1.2344566950997151,7.69192460956563e-05
336,1.1662989322671187,7.783996080668612e-05
337,1.09985731554081,7.869631660917424e-05
338,1.041976283672398,7.940969403583635e-05
339,0.9954066560560282,7.99612170269826e-05
340,0.9622971266009144,8.034487440487618e-05
341,0.9051305075311941,8.100111013757864e-05
342,0.973443130033278,8.022785344278514e-05
343,1.0372659919090497,7.9471687573325e-05
344,1.0941339554548186,7.877059410650709e-05
345,1.1428750447316316,7.815075635845345e-05
346,1.1665512520575583,7.784570794388747e-05
347,1.118622834339893,7.84603482147824e-05
348,1.073520347759371,7.902423962147825e-05
349,1.0366551477571806,7.947148471958154e-05
350,1.0096830793373057,7.979061857363775e-05
351,0.9428953965802029,8.05818365684881e-05
352,0.9901006541843493,8.003696640894057e-05
353,1.0325069748598736,7.953558848775858e-05
354,1.0716619661536817,7.906135546619727e-05
355,1.1036547838365065,7.866500891538626e-05
356,1.0926641226314182,7.878850271732898e-05
357,1.059235868850649,7.920296172657714e-05
358,1.043492576051856,7.938932271400996e-05
359,0.9385321568125211,8.063866133133847e-05
360,0.9683660967387883,8.030005018027065e-05
361,0.9997379375111372,7.994041830747332e-05
362,1.0371810733567683,7.949927315348818e-05
363,1.0626992368616377,7.916938316500661e-05
364,1.0540464198043598,7.927068689978844e-05
365,0.9024126632905527,8.105082882907593e-05
366,0.930591051057931,8.07405058160437e-05
367,0.9689231697565138,8.03091487487797e-05
368,1.0221837531452627,7.968669047792807e-05
369,0.8679855336700357,8.142679272862789e-05
370,0.9120108182154265,8.095053041560874e-05
371,0.8656941447810992,8.141951200780516e-05
372,0.9231535526052589,8.079504009564295e-05
373,0.9904647925772415,8.002945098282689e-05
374,1.0640433627447863,7.91463550422509e-05
375,1.1420782904174975,7.815526433383374e-05
376,1.222405115797498,7.707983268504032e-05
377,1.2942602034524984,7.607091043528574e-05
378,0.9171171500250802,8.08595341782768e-05
379,0.9787042565772027,8.015769261332601e-05
380,1.0414346806742958,7.941083682756699e-05
381,1.102210988761796,7.865954034143905e-05
382,1.1607610120405356,7.790786656636738e-05
383,1.2135603301858915,7.720781824987223e-05
384,1.215327401576785,7.718641536781661e-05
385,1.157865135648157,7.795109001343285e-05
386,1.0988877614528478,7.870365960185513e-05
387,1.045235891975944,7.936481145509968e-05
388,0.9969246420032358,7.99412683145997e-05
389,0.9550428653032383,8.042697571784967e-05
390,0.9764673801661345,8.018126684226168e-05
391,1.0284429207612586,7.956178752177016e-05
392,1.074005335047032,7.900504285623177e-05
393,1.113131459453882,7.852030737776635e-05
394,1.1467474498590433,7.809837298962443e-05
395,1.1562218632480576,7.798180052249033e-05
396,1.1062673478780671,7.861639231697659e-05
397,1.0686732193506006,7.907827434558454e-05
398,1.0383576934369614,7.94428854543938e-05
399,1.014088897667758,7.97320420574213e-05
400,1.014309582389314,7.973415935213711e-05
401,1.04726713287941,7.933301108193137e-05
402,1.0722047141124447,7.903262603077847e-05
403,1.0919863266104837,7.879938209548583e-05
404,1.1003099746398104,7.870555378904838e-05
405,1.0678266910787186,7.910176626496671e-05
406,1.0496547091272181,7.931497446902619e-05
407,1.0402777112957717,7.942097240117867e-05
408,1.0138964992359278,7.974355625431153e-05
409,1.0305975221836503,7.95451413300204e-05
410,1.044093613235287,7.939171476946683e-05
411,1.056547147895579,7.925193168124038e-05
412,1.0419524295295275,7.942167300342095e-05
413,1.0405082314745009,7.94312105127649e-05
414,0.9841443568335078,8.010757084455028e-05
415,0.9985782373520993,7.994043430285502e-05
416,1.0184988898365928,7.971138058357752e-05
417,1.0368679347329957,7.9488889888376e-05
418,0.9549348022799778,8.045290803812129e-05
419,0.9826946426273087,8.013108691342364e-05
420,1.0114087204683433,7.976204333347288e-05
421,1.0444879035321477,7.936257350237853e-05
422,1.0760981138458643,7.89798002491608e-05
423,1.1082371685016699,7.858678649062375e-05
424,1.1417794006174697,7.817018144214627e-05
425,1.048937940835369,7.930508999212604e-05
426,1.06370265880318,7.91266323289349e-05
427,1.0746237263263023,7.90042981177608e-05
428,1.0864247685325976,7.88731930413091e-05
429,1.0830474603739868,7.89210512926873e-05
430,1.0656017901221884,7.912321517176555e-05
431,1.055607193443933,7.923198851778992e-05
432,1.049556324475202,7.930024217375309e-05
433,1.0509869749431628,7.928353849468423e-05
434,1.0493762928599148,7.931286163867193e-05
435,1.0476072315547678,7.935069295793217e-05
436,1.0465581786178015,7.937487348562534e-05
437,1.0339751949662357,7.951455623616563e-05
438,1.0406204820234692,7.942180082425149e-05
439,1.025251291353626,7.960933759583284e-05
440,1.0202329294148225,7.967679116839535e-05
441,1.0208538834069865,7.968493591691716e-05
442,1.0156137848916078,7.97431501828111e-05
443,0.9992438570649576,7.992811254047824e-05
444,1.0064621590539464,7.984504258042462e-05
445,1.0518914278157379,7.927526446860217e-05
446,1.0413274842497005,7.9416820666057e-05
447,1.0383176966856777,7.947073107941289e-05
448,1.0277688192040182,7.957947212425532e-05
449,1.0129062129884587,7.977082930581445e-05
450,1.0054874633063926,7.986719535906096e-05
451,1.0163755526520672,7.972543083625433e-05
452,1.0032021614574098,7.988157881404425e-05
453,0.9990566843265288,7.994654837714776e-05
454,0.9922276808987658,8.001977155739044e-05
455,0.0,0.0
456,0.2347182861716365,8.581934593141647e-05
457,0.44434062016439624,8.491624628506912e-05
458,0.6307010075720396,8.36589433883878e-05
459,0.8016912855083532,8.21470716077795e-05
460,0.9606005837681223,8.045178059093792e-05
461,1.108193041679613,7.865027245424531e-05
462,1.2444900730629536,7.680568985596393e-05
463,1.3689486036917478,7.498457058506426e-05
464,1.4798390285219454,7.326707000265759e-05
465,1.5733515597103251,7.175389315382785e-05
466,1.6430616805465688,7.059144873113935e-05
467,1.6809447284534982,6.994608749176692e-05
468,0.2392756970389047,8.57970795396803e-05
469,0.40306218887196915,8.512628396440528e-05
470,0.5879128563626842,8.397757265796094e-05
471,0.7643459556273651,8.249986833849559e-05
472,0.9313550442819593,8.078038460023796e-05
473,1.087949665624054,7.89046135703395e-05
474,1.2326247349652835,7.696739111042239e-05
475,1.3637322008009167,7.506140485409146e-05
476,1.4788002862788125,7.328214759251383e-05
477,1.573337358155598,7.175418907099969e-05
478,1.6403293976103355,7.063579620834595e-05
479,1.6716872488223413,7.010649874722619e-05
480,1.6843320581214107,6.988736151821452e-05
481,1.681180941445387,6.99430141247093e-05
482,1.6399821835949364,7.064193742594702e-05
483,1.566340717622051,7.18730292385822e-05
484,1.466876253429679,7.347670025980105e-05
485,1.3470463534361727,7.531912300011396e-05
486,1.2108682754122286,7.728327181983475e-05
487,1.0614354544627758,7.925183583166948e-05
488,0.9014822121397138,8.112501920439889e-05
489,0.7336578185482832,8.279942361170511e-05
490,0.5603389938184694,8.419402646668377e-05
491,0.3848750959543969,8.523508847466728e-05
492,0.42620032166488203,8.499126005693959e-05
493,0.5387876117757864,8.430442752793502e-05
494,0.6886804466924697,8.315872309147678e-05
495,0.8481823477194603,8.165556624947183e-05
496,1.0063890747857687,7.989373377293258e-05
497,1.1576285255646854,7.797656411886993e-05
498,1.2981314480220651,7.601727808103114e-05
499,1.4240202000370932,7.412665101014784e-05
500,1.5289233908194562,7.247029267804589e-05
501,1.602786148690006,7.126283508008364e-05
502,1.6345450878656471,7.073372307600868e-05
503,1.657568941679842,7.034503223292932e-05
504,1.6880479392960948,6.982384065278554e-05
505,1.6782500060838343,6.99940266647774e-05
506,1.6295830569090917,7.08173105331968e-05
507,1.5473574013312346,7.218336230674677e-05
508,1.4381871476358357,7.393047785244195e-05
509,1.3085462194796609,7.589335458745793e-05
510,1.1644358126187737,7.79263638657136e-05
511,1.0115419331557112,7.987173389052955e-05
512,0.8555400425414124,8.162011479536829e-05
513,0.7025301365783568,8.308069803064832e-05
514,0.544163123773086,8.425987321336198e-05
515,0.6191589424482985,8.371298719128865e-05
516,0.7421540078838104,8.267535374211908e-05
517,0.8888022028601907,8.121403169463682e-05
518,1.042699312164779,7.944063005640074e-05
519,1.1933955158750316,7.748043125732135e-05
520,1.3329618530317553,7.549605178186242e-05
521,1.4522779190633206,7.368335098283299e-05
522,1.5380374473370262,7.232385900149607e-05
523,1.5749692231251518,7.172399754866661e-05
524,1.6026517343828175,7.12653776943525e-05
525,1.6608787071862385,7.029027733784767e-05
526,1.6817935113143039,6.993215612419951e-05
527,1.6623357770564424,7.026799592493257e-05
528,1.604511300737903,7.124752152820955e-05
529,1.5142477364352642,7.272918214385583e-05
530,1.3994462265743706,7.453340277902954e-05
531,1.268477934415344,7.648044999126127e-05
532,1.1293783880433275,7.83942759796835e-05
533,0.9895149033557379,8.013907924958896e-05
534,0.6005875633952781,8.385196376079282e-05
535,0.6540547849677706,8.343336180646485e-05
536,0.7675117771060457,8.243458029332758e-05
537,0.9143869528143759,8.09303201985131e-05
538,1.0721194624488675,7.906683046179459e-05
539,1.2246084433014919,7.704460490043373e-05
540,1.3581307611999256,7.511930321148081e-05
541,1.456404964301087,7.361929686600689e-05
542,1.5005419439446945,7.29301519597699e-05
543,1.5241472827575613,7.254911226739662e-05
544,1.6009761718320885,7.129425308950099e-05
545,1.647698352644511,7.051367317260493e-05
546,1.658775813613308,7.032803687677486e-05
547,1.6321003963200313,7.078364099271702e-05
548,1.5702842156709924,7.181655145140424e-05
549,1.4801182314921326,7.327602139008504e-05
550,1.3706392714789706,7.497488442539019e-05
551,1.2510708256555523,7.673325800722835e-05
552,0.6250444349480573,8.3664325262989e-05
553,0.6781431730385562,8.323225300701946e-05
554,0.7981517779317444,8.213599262407531e-05
555,0.9519058873157393,8.050316710875474e-05
556,1.1114134163798275,7.85589630325079e-05
557,1.2557971268146264,7.660297378055728e-05
558,1.3651255685868382,7.5018932527436e-05
559,1.4173570489515823,7.423460938094026e-05
560,1.4279250006757065,7.407101912613708e-05
561,1.5136002303056344,7.272158662294188e-05
562,1.5783919568101548,7.166833382007462e-05
563,1.617171767700274,7.103016386377437e-05
564,1.6252045436781413,7.089931281679552e-05
565,1.6003084850148295,7.131355778727915e-05
566,1.5448149791012638,7.22367542695242e-05
567,1.465382525401433,7.35095685830909e-05
568,0.6588797777887461,8.339106348319522e-05
569,0.7244606786940809,8.28251187252409e-05
570,0.851191824931344,8.159578597806037e-05
571,1.0027871781531579,7.990442978896268e-05
572,1.1496133051728161,7.805598112599392e-05
573,1.2667284321386183,7.645269841786219e-05
574,1.3281815109709092,7.5576963864757e-05
575,1.3218168301529962,7.567399050028763e-05
576,1.4064626545236825,7.440505529907888e-05
577,1.481622550486067,7.323615905407377e-05
578,1.5423473332748254,7.226307901977818e-05
579,1.5836911018094202,7.15917531340726e-05
580,1.5997329743744113,7.132906072581643e-05
581,1.5864993465352024,7.154950482427795e-05
582,0.7212280910801534,8.285218948423922e-05
583,0.7914675636444449,8.21949549516726e-05
584,0.9097067984718963,8.096839938157068e-05
585,1.042905829231611,7.941894471290968e-05
586,1.1610302025732528,7.790927596208123e-05
587,1.2331052608215796,7.694107787962958e-05
588,1.2400292094038836,7.684544744299169e-05
589,1.2878380700874532,7.617584276983601e-05
590,1.3680850674860274,7.499496050126222e-05
591,1.444901633034156,7.381949189180888e-05
592,1.5143421960080743,7.271633363297124e-05
593,1.5689590078993092,7.183379294434221e-05
594,0.7899777272728669,8.220861669924646e-05
595,0.8466710663333855,8.164135866162682e-05
596,0.9422922396120852,8.06082279768569e-05
597,1.0485204366759735,7.935641568632208e-05
598,1.13127334090846,7.831516019910578e-05
599,1.1580655343215118,7.796237616485585e-05
600,1.1654249873281202,7.78832399214414e-05
601,1.2485619434199786,7.674470094244356e-05
602,1.3373942559672818,7.545900911731661e-05
603,1.4285252735971004,7.407550581358611e-05
604,0.8284053987795635,8.183137661457947e-05
605,0.8608620606524794,8.150059172906137e-05
606,0.9340231148831629,8.071063326289829e-05
607,1.0214437165598882,7.969824209231002e-05
608,1.0775711249934783,7.900710710302234e-05
609,1.0861499739951792,7.888470273136396e-05
610,1.1322949679473229,7.833047662210175e-05
611,1.2306922290138633,7.699754277375417e-05
612,0.8180884286711175,8.194549952749603e-05
613,0.831804571803411,8.181075799494116e-05
614,0.9026445327848894,8.106727223757924e-05
615,0.9976438369305024,7.998757552264565e-05
616,1.0405286940255343,7.945708441662253e-05
617,1.0584931325199747,7.922413949562368e-05
618,0.7713464685598325,8.241267121265772e-05
619,0.7882555891421268,8.225171691659318e-05
620,0.8902710659525228,8.119986040403271e-05
621,1.0102134520443133,7.982831482596084e-05
622,0.7276169655184308,8.282559455486836e-05
623,0.7692388124343847,8.243557468085323e-05
624,0.5308662834101996,8.437982620023358e-05
625,0.6864341763200404,8.320178698420163e-05
626,0.8480106139654412,8.168263559136308e-05
627,1.00820821355714,7.989590443639049e-05
628,1.1619255840915363,7.794299729619827e-05
629,1.3049538871042001,7.593496618225772e-05
630,1.433045445868249,7.400085169918565e-05
631,1.54081674273359,7.228616923495116e-05
632,1.6211694167862079,7.09605116110298e-05
633,1.6664155500930118,7.019794296162785e-05
634,1.6733059484950024,7.007544463702498e-05
635,0.6308202394525866,8.36384691077391e-05
636,0.7601823445414232,8.252894048123607e-05
637,0.9075958846039185,8.103215055542546e-05
638,1.0608936810097296,7.92375843992336e-05
639,1.211322491842347,7.725227694194881e-05
640,1.3517696300147082,7.522933298699499e-05
641,1.4743156421656105,7.334408924835737e-05
642,1.5684347131604233,7.183130175468271e-05
643,1.6226367871643288,7.093340010788279e-05
644,1.6343339672420862,7.07361417264223e-05
645,1.6501236113715754,7.046867085602931e-05
646,1.67279502611359,7.008544722207584e-05
647,1.6577687559362457,7.034302739360849e-05
648,1.601571481347427,7.128725465306124e-05
649,1.5099085801527263,7.278976008073923e-05
650,1.3914458924217934,7.464857866480082e-05
651,1.2550420636153,7.666088502020355e-05
652,1.1087280822419467,7.865256054142372e-05
653,0.9599661719522804,8.046866023195017e-05
654,0.8163511073179612,8.20096542098809e-05
655,0.6816642022488074,8.321622424826712e-05
656,0.7936148133817054,8.22009170056089e-05
657,0.9353261853163466,8.071522419595762e-05
658,1.0891963998228766,7.886910782626008e-05
659,1.2413433348985694,7.682501571880372e-05
660,1.3795035249232162,7.480594576556055e-05
661,1.4895380001455207,7.310188909157078e-05
662,1.5552877206778668,7.204730565295333e-05
663,1.571508973914428,7.177879945389267e-05
664,1.5944345503470383,7.139798771743079e-05
665,1.6421845283171568,7.060351374077373e-05
666,1.6587519642450856,7.032839430225431e-05
667,1.6341880142015237,7.074747904556104e-05
668,1.5695105149503652,7.182551468000265e-05
669,1.4719221054060285,7.34000143531009e-05
670,1.351769954849947,7.525575920362451e-05
671,1.2199449483435258,7.716133000344697e-05
672,1.086459564100341,7.894231159071286e-05
673,0.704158943385679,8.30200262434758e-05
674,0.81527638093797,8.198383953480634e-05
675,0.9621722679565095,8.040312180808345e-05
676,1.1204625668059707,7.846005295806732e-05
677,1.2706572978004018,7.64060120284234e-05
678,1.3944313027006479,7.4581627392473e-05
679,1.4713613065710849,7.339486939570236e-05
680,1.4913359015995955,7.307950009900703e-05
681,1.5125937202807314,7.273184249721264e-05
682,1.5757752884809213,7.170661989551756e-05
683,1.6193874130010886,7.098936969704568e-05
684,1.6292991786032962,7.08276428641983e-05
685,1.6009740932685317,7.13057617614419e-05
686,1.5365830359909916,7.236506747899763e-05
687,1.4441630769080622,7.38424376415448e-05
688,1.334858774325224,7.550734386795213e-05
689,0.7339546353551771,8.275139595887686e-05
690,0.8531713793121115,8.159233671725389e-05
691,1.0040669188590083,7.99068165076001e-05
692,1.1576859787484373,7.796148242598295e-05
693,1.290052909586791,7.612607224677408e-05
694,1.3764890349672447,7.485867708308612e-05
695,1.4004914607476324,7.449859703974848e-05
696,1.4132702979256881,7.429549765063257e-05
697,1.4816391086480363,7.322916823441614e-05
698,1.5442179749040912,7.223130376563705e-05
699,1.5855105339033517,7.155532614585642e-05
700,1.5975715261063679,7.136039811833919e-05
701,1.5759890604666793,7.172127288919548e-05
702,1.522372201098382,7.260019114809128e-05
703,0.7887042851238892,8.223266099762237e-05
704,0.9075282837009951,8.10073122120274e-05
705,1.048249320686755,7.93653698917325e-05
706,1.1802190311857452,7.766021405990017e-05
707,1.2739498005658958,7.63664660808565e-05
708,1.3046559412521401,7.592942545930609e-05
709,1.3059475073294173,7.590130321333735e-05
710,1.366670449491259,7.500690674213494e-05
711,1.4443562082484056,7.38203728348121e-05
712,1.5101440699445536,7.278606590439394e-05
713,1.5596348337526298,7.198286496259488e-05
714,1.5836833153129843,7.159477829120651e-05
715,0.8494200154977947,8.162134164382191e-05
716,0.9515610784498405,8.051233374918465e-05
717,1.0681216363826367,7.912002221854583e-05
718,1.1651542343713266,7.787065503173146e-05
719,1.2079385596550052,7.729842943500912e-05
720,1.2027582749094943,7.735934232578876e-05
721,1.249925504668158,7.671302119175775e-05
722,1.3328339733082206,7.552076245607166e-05
723,1.4159975674812142,7.426596457929568e-05
724,1.4951895851718964,7.302596619807496e-05
725,0.8825720407551084,8.127488314237526e-05
726,0.9600930735095349,8.041829515982627e-05
727,1.0509142412933248,7.934193115430106e-05
728,1.1122976751957583,7.857086725243716e-05
729,1.1204188019022543,7.845384998488376e-05
730,1.1369041977542025,7.825468195783893e-05
731,1.2212560822027463,7.712286845889602e-05
732,1.3162623920306442,7.576634998984812e-05
733,0.8718114209906804,8.139768873514156e-05
734,0.9343662905010357,8.07201710205772e-05
735,1.0159062967164463,7.977451654453643e-05
736,1.05603294437586,7.927464396340503e-05
737,1.06248258353479,7.91766864112451e-05
738,1.1156137150674763,7.854079253592169e-05
739,0.8325494672300432,8.18147884518794e-05
740,0.909144388829774,8.100434223348165e-05
741,1.0066408198677088,7.987779955003757e-05
742,1.0333934314464135,7.954119238693336e-05
743,0.8038334238254613,8.210546159819436e-05
744,0.9154612445422177,8.093100394152529e-05
745,0.8716002344769732,8.142903247124997e-05
746,1.0060377591883316,7.991857139212577e-05
747,1.1517014153205476,7.807847267771772e-05
748,1.2970469118088463,7.604883045967111e-05
749,1.4302264261936641,7.40458224599684e-05
750,1.5380182634368058,7.23300708842696e-05
751,1.6067897804102507,7.120250113641972e-05
752,1.628143812392514,7.08431962523488e-05
753,1.6103880460819897,7.113335839119823e-05
754,0.8958252874649972,8.11628396101346e-05
755,1.030189330816595,7.962236168539075e-05
756,1.1789362657402012,7.770734796209354e-05
757,1.3244314251707856,7.564007268380705e-05
758,1.4484635486718227,7.37565221897675e-05
759,1.5314033054229927,7.243828023292554e-05
760,1.559327780418106,7.198130373979307e-05
761,1.5424526231823577,7.224881453282925e-05
762,1.5476947612683316,7.216065156376103e-05
763,1.5911771033676194,7.145470887263377e-05
764,1.6070215402468315,7.119978139596492e-05
765,1.5770699093781764,7.169949686651002e-05
766,1.5010067085278216,7.293592107053429e-05
767,1.3900961036466146,7.466860819603768e-05
768,1.260329721447393,7.658658297899792e-05
769,1.1276104866594057,7.840226299123828e-05
770,0.920598584350279,8.088747588543841e-05
771,1.0599405574414724,7.924826711008909e-05
772,1.208838641177913,7.728814325169315e-05
773,1.343479549513584,7.535954765745183e-05
774,1.438619835017647,7.391190734160196e-05
775,1.4731249607461956,7.337155507703251e-05
776,1.4558983247791932,7.363056012243605e-05
777,1.4538242993664603,7.365683101912277e-05
778,1.5153206438334113,7.269243353780947e-05
779,1.5620831704239073,7.193815952276974e-05
780,1.5754329113433982,7.172425266663016e-05
781,1.5453937030799827,7.222177687839126e-05
782,1.473846553183525,7.337125546536734e-05
783,1.3731580252998894,7.492921537644686e-05
784,0.9616719799900845,8.041888088137192e-05
785,1.0975317086574188,7.876839208967609e-05
786,1.231918404372912,7.696730081632901e-05
787,1.3344741183136886,7.549435105795187e-05
788,1.3760112658337178,7.487416322806347e-05
789,1.3602242676551577,7.509982748645061e-05
790,1.350296548998074,7.52363212961283e-05
791,1.4147867130136074,7.427121537449095e-05
792,1.4812078426790214,7.323872181600973e-05
793,1.5314535509568366,7.243875721144845e-05
794,1.5512318051264216,7.212551091907924e-05
795,1.5315382586288182,7.244882816088203e-05
796,1.0053957165295881,7.990063725305057e-05
797,1.1219243401822079,7.845275947861578e-05
798,1.2238120997662658,7.708235155521324e-05
799,1.273452722754673,7.638623457160943e-05
800,1.2631363752603642,7.652223364558732e-05
801,1.246694963468489,7.673775332418224e-05
802,1.3045232730338325,7.592184480266632e-05
803,1.3806756982142991,7.47975441527603e-05
804,1.4564030423459944,7.36362665177996e-05
805,1.518134830290684,7.265885213899059e-05
806,1.024677836358453,7.967077554906827e-05
807,1.1115995399688714,7.859223522433923e-05
808,1.1698879696577926,7.782538315184685e-05
809,1.1713818167339363,7.779019052385074e-05
810,1.1523224845408906,7.802962784948445e-05
811,1.18427835870086,7.761230803372624e-05
812,1.275915513718727,7.63431635126656e-05
813,1.3662903615449,7.501871401576186e-05
814,1.0072615448359097,7.988655786858404e-05
815,1.0684416059365671,7.914141769227236e-05
816,1.0911297484997204,7.88413140921911e-05
817,1.0805444893121547,7.895813510467124e-05
818,1.0944685029649164,7.879209207535926e-05
819,1.1791880127320005,7.768683866187337e-05
820,0.9739168582227998,8.028578035109893e-05
821,1.0259898011656314,7.965539831161014e-05
822,1.036278246570247,7.9509458133846e-05
823,1.043841322411047,7.940841159275345e-05
824,0.9745498530821836,8.027176597572162e-05
825,1.0126655415891492,7.97990993112142e-05
826,1.1538307793844584,7.804908073733482e-05
827,1.2874430588187002,7.619078122854269e-05
828,1.4097232549991434,7.436455452674628e-05
829,1.4977726059179908,7.29839526384724e-05
830,1.5331081843142391,7.241493639887583e-05
831,1.5156816032654699,7.268454105664717e-05
832,1.4703960740172926,7.33979137667049e-05
833,1.1835436891384767,7.76445751362489e-05
834,1.3077054628026354,7.589483354849503e-05
835,1.403720893114813,7.445643158015277e-05
836,1.444259241985242,7.382739080683875e-05
837,1.4257845899855055,7.410398145545076e-05
838,1.3781649366771576,7.481836258347746e-05
839,1.3728755774787227,7.489527466831861e-05
840,1.4327026140250532,7.399383593752518e-05
841,1.485418724852076,7.317675910836744e-05
842,1.5039713699358999,7.288789998113753e-05
843,1.472008804265503,7.340142452874813e-05
844,1.3931262700461706,7.46233422231278e-05
845,1.2071032836375999,7.732022648215042e-05
846,1.30207827829805,7.597931607758481e-05
847,1.3470075742202037,7.531603066351896e-05
848,1.3301827909563384,7.555420373067113e-05
849,1.2831818047427768,7.621998767587392e-05
850,1.259903750245025,7.654435978037325e-05
851,1.3305066041021445,7.553654740241134e-05
852,1.4026922121697174,7.446217266122831e-05
853,1.4631738512462806,7.353170496601091e-05
854,1.4910605839198794,7.309619926395606e-05
855,1.2007640704753704,7.741110749388229e-05
856,1.2471492101380466,7.67643987283357e-05
857,1.2358502866574868,7.691122003571276e-05
858,1.1935304302470509,7.747797578290384e-05
859,1.1664861226717462,7.78309031920388e-05
860,1.2263550355892383,7.703057107238338e-05
861,1.3054962990868784,7.591210988477587e-05
862,1.3902828084695107,7.465387002688087e-05
863,1.150888926152965,7.808433751692841e-05
864,1.1492313877403861,7.809278623706053e-05
865,1.1162327128862348,7.850520355143991e-05
866,1.0900213207422194,7.88295139454939e-05
867,1.1329561236823373,7.828707134374488e-05
868,1.211227446897657,7.724351113059124e-05
869,1.0766586979807895,7.903040988776958e-05
870,1.0584274110777743,7.924291504540774e-05
871,1.0402947569493317,7.945478695763454e-05
872,1.0547188768135733,7.927920330367755e-05
873,1.0241736255409906,7.966330023750887e-05
874,1.0218083161838056,7.968505942613409e-05
875,1.3881772372738173,7.469736399542819e-05
876,1.4214405450997356,7.418610098733701e-05
877,1.3987684316675209,7.452571031282483e-05
878,1.3414859729457105,7.538047953144277e-05
879,1.2801578286747324,7.625665647575927e-05
880,1.3337452034757373,7.551690335722228e-05
881,1.3095549159751723,7.586167842863891e-05
882,1.2513283840309437,7.66837125793135e-05
883,1.191337203670675,7.749703095213062e-05
884,1.181113299415202,7.763718423127495e-05
885,1.2434503324408626,7.679124492394711e-05
886,1.319369756694502,7.570942495743207e-05
887,1.3872799721567823,7.470454003907701e-05
888,1.2242501651527593,7.707805302729178e-05
889,1.1697015250532286,7.780777761338657e-05
890,1.1147213609945201,7.851823569025663e-05
891,1.0874565085948542,7.88581103955075e-05
892,1.1501138439674314,7.806074100381231e-05
893,1.2300240101416293,7.698366912773487e-05
894,1.1036366059546814,7.867419248713844e-05
895,1.0579601811845791,7.924105876191974e-05
896,1.0341910197324493,7.95194405181819e-05
897,1.0751961267608225,7.902087935588909e-05
898,1.0271883892434641,7.96200093885301e-05
899,1.0143693944084773,7.976912492149715e-05
900,1.2392809357544294,7.685885103310416e-05
901,1.163591017703377,7.788196227784472e-05
902,1.1036841277108291,7.865384508433143e-05
903,1.0994302928017332,7.872142434431876e-05
904,1.0454221327030258,7.938977800282224e-05
905,1.03459000955647,7.951593229126261e-05
906,1.0865364943477183,7.887901593430756e-05
907,1.0148847694677328,7.976338687565167e-05
908,1.0004572427327794,7.992144696839201e-05
909,1.0008885026539063,7.99232359828791e-05
910,0.0,0.0
911,0.3236511921232561,8.548973219377162e-05
912,0.6348141544452457,8.35803232732529e-05
913,0.9230398570885624,8.080563957152997e-05
914,1.181721539633047,7.758011217359408e-05
915,1.4093733187975983,7.426241874101509e-05
916,1.6100577295468992,7.102835073109435e-05
917,1.7926237758943229,6.788873761162657e-05
918,1.9684225763431709,6.47398795529773e-05
919,2.1474466915025126,6.14368554033573e-05
920,2.333412768082307,5.79317257381563e-05
921,2.517401487733634,5.437476365415871e-05
922,2.6601233264442183,5.1625957690381765e-05
923,0.4115796968529685,8.509013156933563e-05
924,0.6476997075591235,8.350461443080323e-05
925,0.9051190938936052,8.103145879184144e-05
926,1.1531755015598024,7.798632292237385e-05
927,1.3792358207385127,7.47415771973084e-05
928,1.5809698031107393,7.152601748291576e-05
929,1.7628761509458075,6.842041018799488e-05
930,1.9333692110145484,6.538555621581193e-05
931,2.1013462303766857,6.23044186018649e-05
932,2.2717705418762084,5.910950107091583e-05
933,2.43931831080753,5.5899839290011304e-05
934,2.575891063010058,5.3255730450592574e-05
935,2.6198394214460996,5.241963785634223e-05
936,2.5399516120850674,5.394158951523492e-05
937,2.3888742104818825,5.687120422182539e-05
938,2.217077179640445,6.014393652626713e-05
939,2.0444538322499684,6.335159802957757e-05
940,1.873328931831801,6.646371423693003e-05
941,1.6975698564567483,6.955028440657915e-05
942,1.5079962136678051,7.27146675202659e-05
943,1.2966558041333824,7.59654790172802e-05
944,1.060060240685438,7.919128123425424e-05
945,0.8016462663045305,8.209846132127899e-05
946,0.535980824272663,8.432395073108709e-05
947,0.8136395568595446,8.20213983320013e-05
948,1.0205556690605373,7.972492822671615e-05
949,1.2318390454211028,7.69403273208191e-05
950,1.434439212018993,7.39232456986144e-05
951,1.6207503077083663,7.089741713842468e-05
952,1.7886598405999838,6.799768060559852e-05
953,1.940502441662511,6.527802235065589e-05
954,2.0808355477054707,6.270572651836942e-05
955,2.213642047785375,6.02266163655096e-05
956,2.3378745575456814,5.787431168104297e-05
957,2.4405439375594895,5.592075720104477e-05
958,2.4961107150666013,5.485341511297541e-05
959,2.4797905884131937,5.513019322268329e-05
960,2.401928258069223,5.66229203468644e-05
961,2.280468031656998,5.895869047285684e-05
962,2.1352829805400697,6.168304292436415e-05
963,1.9791214602234837,6.456329292955468e-05
964,1.8149484715928115,6.75156798032264e-05
965,1.63983655045581,7.055377658164911e-05
966,1.4494535823403971,7.366748697441649e-05
967,1.241872692992815,7.677369279958646e-05
968,1.0208476594937819,7.968693102030142e-05
969,1.1969314069738684,7.744805979783917e-05
970,1.379123087154292,7.480638152895848e-05
971,1.5492815454410995,7.211604162486063e-05
972,1.705225610289925,6.948648540362927e-05
973,1.8441289972396513,6.704424552589487e-05
974,1.9637533459185206,6.488181218377271e-05
975,2.0642285904220734,6.303796722837766e-05
976,2.148330639647994,6.147076487082474e-05
977,2.2211593622828527,6.009767895869035e-05
978,2.286650029815737,5.886492487546087e-05
979,2.3400193741221718,5.786488720745663e-05
980,2.366277049478568,5.734950862605104e-05
981,2.348130428867249,5.768428373711925e-05
982,2.295079626813215,5.8694351532542615e-05
983,2.206832325024038,6.0363229166037e-05
984,2.0873431132157987,6.258690576867942e-05
985,1.9451327157317406,6.519031560385946e-05
986,1.7867702114676978,6.802821557778598e-05
987,1.615002495375228,7.098833638697712e-05
988,1.431656097858725,7.395480851766972e-05
989,1.5490259098165757,7.212898505467568e-05
990,1.695707928242307,6.966443054668025e-05
991,1.807826763762729,6.770569482614876e-05
992,1.901097164260126,6.604074863864596e-05
993,1.976121717405384,6.468031882980625e-05
994,2.029735862704437,6.36898823684701e-05
995,2.064359775475466,6.304206048724127e-05
996,2.090635570622134,6.254141427029293e-05
997,2.1243426840758777,6.191660870416237e-05
998,2.1716697841791026,6.104461328247804e-05
999,2.230419140111388,5.994137161088121e-05
1000,2.2510195527479686,5.954162164297296e-05
1001,2.24636111143691,5.96427876596351e-05
1002,2.221551739696453,6.010841560588714e-05
1003,2.1716309105842524,6.104175454931137e-05
1004,2.0782375708510643,6.276146061466493e-05
1005,1.9410728673024968,6.527160362818415e-05
1006,1.7817809857060158,6.812348566882473e-05
1007,1.8473687679936253,6.700222331031758e-05
1008,1.9042701074450452,6.600155513349617e-05
1009,1.9339181555118656,6.547622909816392e-05
1010,1.9605536296890744,6.497630115398407e-05
1011,1.968902778637468,6.481786575360009e-05
1012,1.9600779840007982,6.496932066733219e-05
1013,1.9492852066618087,6.514213830527134e-05
1014,1.9591995505740947,6.494696841564218e-05
1015,2.00131569661512,6.419567833712709e-05
1016,2.0616696367681637,6.309648342649868e-05
1017,2.140279750246054,6.162937298920468e-05
1018,2.16848513196502,6.112354013094127e-05
1019,2.1806329481232964,6.089602160635384e-05
1020,2.1922505937013423,6.069406505903427e-05
1021,2.1965176236693056,6.059121863019478e-05
1022,2.094727240490699,6.244953735160311e-05
1023,1.9332968018816392,6.550681773509933e-05
1024,1.9251986848418858,6.563868578011938e-05
1025,1.9189933625262368,6.57411635867649e-05
1026,1.8890118402902547,6.626980353107945e-05
1027,1.8422464266290908,6.709404840227406e-05
1028,1.8015991120085642,6.778485430831063e-05
1029,1.7939328253012536,6.789684654564652e-05
1030,1.833340539365817,6.720470923534156e-05
1031,1.90380133884186,6.5968550986965e-05
1032,2.0272661901989535,6.371742459605713e-05
1033,2.094732772716521,6.24779046557875e-05
1034,2.1317634026637444,6.18230282723553e-05
1035,2.16085631988061,6.130631367960616e-05
1036,2.2017309682387505,6.056323241565903e-05
1037,1.906541079778727,6.597076022566295e-05
1038,1.8838225790467988,6.636637763406383e-05
1039,1.8085811152211502,6.770156973920725e-05
1040,1.7205246195185975,6.923027598770127e-05
1041,1.651991668642875,7.038169901295839e-05
1042,1.6285689056962158,7.074376384140167e-05
1043,1.6663634745956322,7.010248389173808e-05
1044,1.74691551233701,6.873567814699471e-05
1045,1.9041395462790294,6.594993082214076e-05
1046,2.030059832140397,6.365910322150487e-05
1047,2.1109877047305896,6.220460255090448e-05
1048,2.1334356532001078,6.182100373099017e-05
1049,1.8948072288105315,6.61446048861345e-05
1050,1.7341351937447438,6.899091638459748e-05
1051,1.5998502461026791,7.128177150914734e-05
1052,1.5039242939727475,7.282877219125316e-05
1053,1.4623169798129572,7.346475830610999e-05
1054,1.495122045543626,7.29327153850649e-05
1055,1.585346268654192,7.147755405027125e-05
1056,1.7057462602214593,6.94585014567482e-05
1057,1.92651177996747,6.553268978920084e-05
1058,2.10498936819308,6.223496664049854e-05
1059,1.6172667975252446,7.098738208488985e-05
1060,1.4736828823780777,7.333034222125205e-05
1061,1.3602841021151681,7.50685025706656e-05
1062,1.2986205052199307,7.596331620667108e-05
1063,1.3157444957979354,7.57002473561103e-05
1064,1.4131259835444197,7.424064315140694e-05
1065,1.5482080918231882,7.210575007279042e-05
1066,1.7573627022241192,6.85508362210599e-05
1067,1.341485476063978,7.53629083346573e-05
1068,1.2270505913919625,7.701147214171173e-05
1069,1.152115930231802,7.802392919558508e-05
1070,1.1369271316631921,7.821130960680744e-05
1071,1.2310957195805194,7.69325254533513e-05
1072,1.384452477163168,7.469307535334163e-05
1073,1.11729545935535,7.849428283868113e-05
1074,1.0442945009917817,7.941788848915686e-05
1075,1.0113853627297402,7.981605138211705e-05
1076,1.051782405565635,7.931312888672961e-05
1077,0.9846174654328361,8.014186002427504e-05
1078,0.9721497546826077,8.028658345421594e-05
1079,0.8582150922460254,8.154960874381828e-05
1080,1.0859879612659293,7.888880596514801e-05
1081,1.3064742823389366,7.584508609178434e-05
1082,1.5098566561708524,7.27095027041421e-05
1083,1.694120470684975,6.963170130611569e-05
1084,1.862502558475874,6.667296170962779e-05
1085,2.0206951139085847,6.380160338401457e-05
1086,2.1733153889948933,6.097400543490929e-05
1087,2.319206772932362,5.822332900596807e-05
1088,2.4451242401596875,5.5802845304927345e-05
1089,2.523147770587769,5.431096216988467e-05
1090,1.2122634379884436,7.722453598648885e-05
1091,1.4032705640441796,7.442077866955767e-05
1092,1.5829552062765104,7.154212504696084e-05
1093,1.746401400490538,6.875319397364587e-05
1094,1.8920459430690184,6.616489121765425e-05
1095,2.0209130431806113,6.382015083321997e-05
1096,2.13525109703032,6.170768595217651e-05
1097,2.2365887607902026,5.980143759808223e-05
1098,2.322773567305654,5.816669443127632e-05
1099,2.3855757720327864,5.698528499987903e-05
1100,2.413097984341629,5.645511036428598e-05
1101,2.388842339704529,5.6911130259244584e-05
1102,2.325770120658694,5.810847372963606e-05
1103,2.229506061836672,5.9938926055174616e-05
1104,2.1092142889461996,6.21847435911114e-05
1105,1.9725879699644757,6.469627545074375e-05
1106,1.8223191550496691,6.740025033952384e-05
1107,1.657692514352307,7.027013790597406e-05
1108,1.47777152623371,7.323739878762775e-05
1109,1.2844310639347716,7.617957326896706e-05
1110,1.5456108177970105,7.217701121862677e-05
1111,1.6945856758089843,6.967698423065184e-05
1112,1.8238608412369175,6.741420848865229e-05
1113,1.932613155006687,6.5457565751666e-05
1114,2.0196991063592216,6.386604193898275e-05
1115,2.086320066833153,6.26351713410025e-05
1116,2.1380622078183174,6.166195221887725e-05
1117,2.1843774612722426,6.078802390609657e-05
1118,2.2309926501741715,5.992754474355259e-05
1119,2.27127800984847,5.917612654735485e-05
1120,2.2907907989842458,5.879300271323962e-05
1121,2.2766402947967594,5.905302017417277e-05
1122,2.2381455221336606,5.97817948711097e-05
1123,2.1737003895768807,6.099538497988812e-05
1124,2.0791306433494334,6.274713221351728e-05
1125,1.9556031820292772,6.501319379556852e-05
1126,1.8098793229933574,6.76339218532271e-05
1127,1.6485947864952784,7.043555559968774e-05
1128,1.8160012385695299,6.756294988213039e-05
1129,1.89867797888569,6.609639797935681e-05
1130,1.9584825304991251,6.501321778728468e-05
1131,1.9974875793745674,6.429501046060004e-05
1132,2.016067247853644,6.394091078787389e-05
1133,2.022952892297484,6.380475640155497e-05
1134,2.0357957890218246,6.355267163543096e-05
1135,2.0694641593877714,6.293904394690928e-05
1136,2.1179338009964646,6.205861412798358e-05
1137,2.175877988888549,6.096352174042839e-05
1138,2.1954618359317672,6.059816016541017e-05
1139,2.196550573517174,6.058274486080267e-05
1140,2.188248902079854,6.074597033968782e-05
1141,2.1649994763732656,6.11732593595215e-05
1142,2.0896569634826982,6.255173962545634e-05
1143,1.9588106904847369,6.495848449621663e-05
1144,1.9385140521133877,6.539080568435652e-05
1145,1.953049464572995,6.512344732547883e-05
1146,1.9493528936675564,6.518446652956589e-05
1147,1.925712723477084,6.559471808265277e-05
1148,1.8950292197167056,6.612728407973803e-05
1149,1.8812817292676656,6.63574004588837e-05
1150,1.905731423569131,6.591795978078149e-05
1151,1.9616844176019952,6.492330015390615e-05
1152,2.0543530246116717,6.322587208626421e-05
1153,2.1087429834132214,6.222184936392801e-05
1154,2.139034862562881,6.16694929738891e-05
1155,2.160758963210371,6.128540949693535e-05
1156,2.1912931732679315,6.0731474153297387e-05
1157,2.218736850570106,6.0138515730197954e-05
1158,1.9216756023737138,6.569997219057217e-05
1159,1.8873940732655603,6.63018318680602e-05
1160,1.8241060035112564,6.742238000989382e-05
1161,1.7598909214669687,6.853002908377312e-05
1162,1.723519313941902,6.913697849169083e-05
1163,1.7404403682801395,6.88327888522749e-05
1164,1.804020667200103,6.774043919476866e-05
1165,1.8876113850164074,6.626692073522831e-05
1166,2.0237646111551424,6.378270296029422e-05
1167,2.0956824693605434,6.246883498564666e-05
1168,2.1337952064982444,6.179529269115849e-05
1169,2.1631966726286334,6.127376048809899e-05
1170,1.824243093213038,6.742306054350499e-05
1171,1.7186154127367617,6.926997466672605e-05
1172,1.6222905057968966,7.089416524453158e-05
1173,1.5641618033722426,7.183471469980477e-05
1174,1.5712736676282497,7.170084905173398e-05
1175,1.6412973238615396,7.054397402707485e-05
1176,1.7430777327998623,6.881811435381627e-05
1177,1.9208378362180691,6.564745740665737e-05
1178,2.06498116411978,6.301224539105661e-05
1179,2.1309662990045104,6.185318237239616e-05
1180,1.603899151038036,7.121385270305168e-05
1181,1.4845898256957755,7.314836042658033e-05
1182,1.4062412459654452,7.43569232521171e-05
1183,1.3964254019333544,7.448955822872602e-05
1184,1.4681410973920115,7.337922713254792e-05
1185,1.585565306122087,7.14920545910567e-05
1186,1.7717687726445746,6.830697130592975e-05
1187,1.9469697664370271,6.516050188212265e-05
1188,1.3494346883755948,7.523713692543786e-05
1189,1.2578954161942082,7.656377815402549e-05
1190,1.222599640061903,7.704765493150159e-05
1191,1.2831372268756112,7.619197157575601e-05
1192,1.4147412075914336,7.423409912135703e-05
1193,1.5694672421537328,7.176726320524656e-05
1194,1.1330150207197327,7.828410455328324e-05
1195,1.078381724036957,7.898544127269693e-05
1196,1.0955432127927935,7.87650173247279e-05
1197,1.241036370054194,7.680458905253504e-05
1198,0.9968761638850347,7.999270863449035e-05
1199,0.9908711307441396,8.006295078706729e-05
1200,1.5741267124014984,7.16987134471127e-05
1201,1.7320525064833883,6.901690990860435e-05
1202,1.8713614727492436,6.655029951909286e-05
1203,1.9898136691454829,6.4403035614781e-05
1204,2.087254623067439,6.260665025800502e-05
1205,2.1652610109166,6.1153731327754e-05
1206,2.2264782202133695,6.000119827988365e-05
1207,2.2720961219601925,5.9147355398106745e-05
1208,2.2993785784881138,5.8637881327328996e-05
1209,1.8242517703405352,6.741282492312357e-05
1210,1.929288392330003,6.552298599679119e-05
1211,2.0051792083234665,6.414202524684794e-05
1212,2.0542495197859814,6.323346942098683e-05
1213,2.084914981742011,6.265969812489636e-05
1214,2.1099423129939345,6.218561057253303e-05
1215,2.139983123629317,6.163484224352781e-05
1216,2.172390283381128,6.104419215423859e-05
1217,2.1995538448003615,6.054097906562242e-05
1218,2.2008851074626996,6.050648423982553e-05
1219,2.186462411716889,6.076403706613995e-05
1220,2.163196034417312,6.119711547966486e-05
1221,2.130445701594107,6.181353197663353e-05
1222,2.076665508351377,6.281060517936942e-05
1223,1.989303964299385,6.44200898606631e-05
1224,1.8707400204429527,6.656725197307382e-05
1225,1.9652691280472314,6.489674726022508e-05
1226,1.998671731939907,6.428167929760518e-05
1227,2.0014849324323074,6.42209221552388e-05
1228,1.9886129008040845,6.443871267189712e-05
1229,1.9804358540534033,6.457158072742943e-05
1230,1.9972373130012038,6.426203699795954e-05
1231,2.0369994078282536,6.355565827228339e-05
1232,2.0786662737888753,6.279637453862643e-05
1233,2.122382148233345,6.197844936687636e-05
1234,2.135047458280634,6.173864857602928e-05
1235,2.140711122212261,6.162670467866527e-05
1236,2.149589916529572,6.147052270263167e-05
1237,2.1524096121352,6.141212260847525e-05
1238,2.094245475294861,6.248756242835018e-05
1239,1.9589290428750685,6.502006748407883e-05
1240,1.9274516042303727,6.557258563953626e-05
1241,1.8777962439717002,6.644453022735265e-05
1242,1.8405211408910414,6.708990699824994e-05
1243,1.8452891492395724,6.699586775070063e-05
1244,1.8929285559045275,6.616573777157756e-05
1245,1.9550004065555582,6.506307408881288e-05
1246,2.038676299322757,6.352209022555147e-05
1247,2.086361386639479,6.264294163332303e-05
1248,2.1197482023617997,6.2033006514678e-05
1249,2.1543318171012382,6.14176939330283e-05
1250,2.1952512357448706,6.06746485279033e-05
1251,1.8310900630057068,6.730129246499879e-05
1252,1.7534068153952527,6.865221863218625e-05
1253,1.6919515389515072,6.969293834421195e-05
1254,1.6839241392276176,6.98165349892941e-05
1255,1.7375072779606573,6.890557763864386e-05
1256,1.8201587333310087,6.74748957641155e-05
1257,1.9409404328828008,6.530608341107566e-05
1258,2.039671681393194,6.349720134964058e-05
1259,2.1166513463805243,6.209193257539493e-05
1260,2.1518072377319375,6.147401753462855e-05
1261,1.6193446878566156,7.094562718744386e-05
1262,1.5388282253830472,7.226182007096146e-05
1263,1.5144057855698116,7.264302955936968e-05
1264,1.5680965076331135,7.177607684117325e-05
1265,1.6685159512995338,7.010884461063881e-05
1266,1.7861852295166163,6.807729908264765e-05
1267,1.9597593335230363,6.494931612797074e-05
1268,2.0986728077130556,6.238620834402885e-05
1269,1.3901260656787362,7.460999077994867e-05
1270,1.3443130563646417,7.529628564561932e-05
1271,1.385859299271359,7.467203488626417e-05
1272,1.4980756579380903,7.293136554257185e-05
1273,1.63796057840919,7.064174505829042e-05
1274,1.816050745306128,6.754026404570629e-05
1275,1.1917380616554176,7.748495004180783e-05
1276,1.2013344174928147,7.736401999880826e-05
1277,1.3162072161949732,7.573714921398608e-05
1278,1.4741362976222125,7.332089109033863e-05
1279,1.045848280249071,7.939912044026023e-05
1280,1.1428120324248725,7.817437928748017e-05
1281,2.0137301020777234,6.399016171806651e-05
1282,2.0626031139319356,6.309077311834141e-05
1283,2.0746408505738225,6.285469249180307e-05
1284,2.074714953115326,6.284496183058707e-05
1285,2.082865788638429,6.269533561500137e-05
1286,2.1009951266144777,6.237538015840097e-05
1287,2.115192901411612,6.212629098029336e-05
1288,2.015606505434239,6.396262026655472e-05
1289,1.997277601483498,6.428328269912003e-05
1290,1.968853704802315,6.478539768843696e-05
1291,1.9634319245531993,6.488081749423744e-05
1292,1.9879878738777719,6.445358486026016e-05
1293,2.021220608516587,6.385644473116791e-05
1294,2.0521925074000458,6.329034232509515e-05
1295,2.066159065078955,6.302616644125199e-05
1296,2.069399851241466,6.295314983723728e-05
1297,2.078013655761628,6.278626823968893e-05
1298,2.099505146685141,6.238765297906838e-05
1299,2.1038047699938995,6.231430264850917e-05
1300,1.885582141984942,6.631099740010601e-05
1301,1.8375865067686112,6.714689304109332e-05
1302,1.8222932016530993,6.740952066033907e-05
1303,1.8552627799597095,6.683661242705817e-05
1304,1.9105180084826197,6.586565546854818e-05
1305,1.9626909261945038,6.49267861242576e-05
1306,2.026457270876744,6.375320513689896e-05
1307,2.0657131893227842,6.302588014162768e-05
1308,2.102919115707428,6.233349368110868e-05
1309,2.1337973280336358,6.173162553756986e-05
1310,1.6878368123063363,6.977023317688326e-05
1311,1.6616763822117184,7.020949156825093e-05
1312,1.6996159985600712,6.956729382650346e-05
1313,1.7765864023212627,6.824856176542072e-05
1314,1.8618591029987006,6.674331785056073e-05
1315,1.9677502008212886,6.482560541194696e-05
1316,2.0552482138707844,6.321277267771144e-05
1317,2.122720632600115,6.195886358747217e-05
1318,1.4959315438715186,7.294950338907619e-05
1319,1.5270802102615366,7.24571720156166e-05
1320,1.6181289366688747,7.09742058509013e-05
1321,1.7327703080091281,6.902603664823322e-05
1322,1.867108766726159,6.66453683811918e-05
1323,1.9882223839117694,6.444232759533541e-05
1324,1.353150373153079,7.517976607487183e-05
1325,1.4439031819789514,7.380775004991823e-05
1326,1.5774625014917945,7.166676507362205e-05
1327,1.7218691143229043,6.922232202725917e-05
1328,1.274272083755234,7.63640465870403e-05
1329,1.4147219310630361,7.427119524689342e-05
1330,1.9871742387945988,6.444904639071257e-05
1331,1.9765659188515536,6.463356112819712e-05
1332,1.981138344873618,6.456835146651649e-05
1333,1.995657875261454,6.432107187005298e-05
1334,2.0043887541577545,6.41692182234179e-05
1335,1.8244697473590443,6.737075266907866e-05
1336,1.8497547281821414,6.693403845364192e-05
1337,1.8944900155019058,6.6153805742044e-05
1338,1.936051614791617,6.54120653858562e-05
1339,1.9724189728797028,6.474817384195142e-05
1340,2.000374825112692,6.423386301904175e-05
1341,2.0128691963849024,6.399728685894422e-05
1342,2.0029815141086833,6.416542756481311e-05
1343,1.689147927544428,6.975477277439302e-05
1344,1.7573746149716094,6.858915418295898e-05
1345,1.83622169265272,6.720500645766351e-05
1346,1.9082880678848166,6.59163196353245e-05
1347,1.9815801956012777,6.458197765885647e-05
1348,2.0211808150061654,6.384883686240429e-05
1349,1.5994653250981632,7.129462492488482e-05
1350,1.703551513556222,6.954154106945042e-05
1351,1.814174838513035,6.76086850334871e-05
1352,1.9167098408252923,6.575952860188793e-05
1353,1.5539453666666996,7.205756604853513e-05
1354,1.6867597901162907,6.983732165323958e-05
1355,1.8982254122557116,6.608501219028736e-05
1356,1.9365932668094417,6.539753520095221e-05
1357,1.9521074519296249,6.511958561712136e-05
1358,1.8306494234471637,6.731335891545696e-05
1359,1.897079994820422,6.612113724768457e-05
1360,1.9421975532148996,6.530134438556736e-05
1361,1.9577942649477245,6.501738031495496e-05
1362,1.8027533514023495,6.781534849465845e-05
1363,1.8905028817830616,6.624498197504135e-05
1364,1.938292605517119,6.537523240072082e-05
1365,1.1557491378938323,7.780889569109695e-05
1366,1.2480742027518021,7.592797162772892e-05
1367,1.4846178411037882,7.280600000495324e-05
1368,1.7851563437391087,6.810414714799034e-05
1369,2.086297215366424,6.272091707432725e-05
1370,2.3517260764401744,5.7699619139278506e-05
1371,2.563423014373885,5.3696965424986566e-05
1372,2.7151677892590906,5.0838405715903836e-05
1373,2.809238988993501,4.9096665140099024e-05
1374,2.8544814696943606,4.826301828326342e-05
1375,2.8647311355646976,4.809334153777732e-05
1376,2.856875470390602,4.8243954705432174e-05
1377,2.8475124089617476,4.842697378937153e-05
1378,1.2592620921046238,7.587927924128902e-05
1379,1.4243168572115794,7.343443800560469e-05
1380,1.6804903490487182,6.982049586119166e-05
1381,1.961805663429192,6.500203515333612e-05
1382,2.2244050567838087,6.0108207723161786e-05
1383,2.444534009278583,5.595249540307894e-05
1384,2.612052980714502,5.278999584704266e-05
1385,2.7262324143817276,5.063820809893336e-05
1386,2.7932030796459175,4.9404305448620685e-05
1387,2.824070556971214,4.8828284755373585e-05
1388,2.8330978030616936,4.86778053576588e-05
1389,2.835283353754319,4.8643333562599384e-05
1390,2.8424477851373253,4.8521704241001715e-05
1391,2.852805975580258,4.830354681115249e-05
1392,2.8352289386792764,4.863228226092791e-05
1393,2.8148518013292603,4.900624941455458e-05
1394,2.7712372130905742,4.981118515169277e-05
1395,2.6886076526657443,5.135054612370272e-05
1396,2.5563382623215887,5.382930412809331e-05
1397,2.369993891949108,5.7365439277884715e-05
1398,2.1330875733818186,6.183474002269243e-05
1399,1.8600373232102039,6.681037865110265e-05
1400,1.5817952691357622,7.128248503359387e-05
1401,1.3543782872798806,7.423024845310035e-05
1402,1.4924454880050821,7.248300913997216e-05
1403,1.660547808144056,7.011020969411033e-05
1404,1.8794874307631924,6.647458029830295e-05
1405,2.1058482605758706,6.234496162881343e-05
1406,2.3110969213986543,5.847868357038142e-05
1407,2.4801236344555586,5.527489869306746e-05
1408,2.6077796752671327,5.287362983257432e-05
1409,2.695986771334586,5.1222365629182426e-05
1410,2.7514855228359205,5.017651920600455e-05
1411,2.7839530198182074,4.958202014996917e-05
1412,2.8041846418037544,4.921347968705079e-05
1413,2.8218115085258684,4.889317674267052e-05
1414,2.842122318053351,4.8521719321724166e-05
1415,2.820798434791957,4.888146529089147e-05
1416,2.7636311904024655,4.9950620550858875e-05
1417,2.704333138254574,5.10653667876162e-05
1418,2.6256099197248264,5.2550238747426475e-05
1419,2.5145104381923695,5.464463723867182e-05
1420,2.364612634140053,5.7491649424850426e-05
1421,2.177420061822309,6.102548178590454e-05
1422,1.964786678485138,6.494937836969989e-05
1423,1.7526148253843397,6.864088384932373e-05
1424,1.724835074912783,6.90845859395408e-05
1425,1.8516836797262175,6.69511093990546e-05
1426,2.011167958958754,6.410890835494496e-05
1427,2.1767996408400494,6.101775664615373e-05
1428,2.3303560684847233,5.811072029572956e-05
1429,2.461869137032263,5.563292987734141e-05
1430,2.567826163198477,5.362339517035339e-05
1431,2.649134852187203,5.209470842182013e-05
1432,2.709387081190765,5.096806486482531e-05
1433,2.753542286940146,5.0144486005257e-05
1434,2.7868648963753246,4.952496443267125e-05
1435,2.8136598899604452,4.903905764277548e-05
1436,2.8289403114833136,4.867395490782124e-05
1437,2.731116803190845,5.0529429841174864e-05
1438,2.633101533882093,5.2392944596736464e-05
1439,2.5414156545333286,5.414223833600715e-05
1440,2.44784992612353,5.5921432902239645e-05
1441,2.3427375973107325,5.791730463570617e-05
1442,2.2224420015185267,6.018722560606269e-05
1443,2.0918445004290134,6.262405217001084e-05
1444,1.8794704091420287,6.645984924200141e-05
1445,1.9533565906413277,6.51492372893169e-05
1446,2.0582086756573794,6.323416563554079e-05
1447,2.1785539866791583,6.0977191341870065e-05
1448,2.3017148871090334,5.865747638495075e-05
1449,2.4186350150512355,5.643591928500373e-05
1450,2.523407540102785,5.446059545315286e-05
1451,2.6124875055401313,5.27725817202239e-05
1452,2.6841434854275206,5.143129832063482e-05
1453,2.7382761129677826,5.0423406703585565e-05
1454,2.7763623714976013,4.971673414020659e-05
1455,2.7935915020591815,4.931381926833613e-05
1456,2.709195611428028,5.086607287455007e-05
1457,2.5873818509576134,5.3193278059808025e-05
1458,2.4628887615836317,5.5610192754891744e-05
1459,2.3690590189964853,5.7409582589933576e-05
1460,2.310582919369093,5.85193115957263e-05
1461,2.266103403592174,5.93678917295116e-05
1462,1.9401642644647807,6.538040672708737e-05
1463,1.972381821341337,6.480432749484374e-05
1464,2.04420855697562,6.348931093158473e-05
1465,2.145213964101656,6.160040052894505e-05
1466,2.262839858272801,5.938742005362917e-05
1467,2.3845547580587643,5.708837608561332e-05
1468,2.4993183842685536,5.491039085280124e-05
1469,2.5984925036897923,5.3034129638616506e-05
1470,2.6764701911280655,5.157083365408089e-05
1471,2.7311484877569163,5.055734588482658e-05
1472,2.6726375172814922,5.160733952585979e-05
1473,2.62521540486034,5.244021252096849e-05
1474,2.545676684359937,5.39085206265834e-05
1475,2.427314805210804,5.619581232265706e-05
1476,2.300578692702696,5.866148126581995e-05
1477,2.278688263998829,5.91201806481991e-05
1478,1.9332968018816392,6.550298488366025e-05
1479,1.9478896422193626,6.523617777772173e-05
1480,2.013512764862085,6.404776646856859e-05
1481,2.118556547232443,6.209715831218869e-05
1482,2.246125585994376,5.9693536884917104e-05
1483,2.3785798395795807,5.719535249108687e-05
1484,2.5008624736954426,5.4880505746429866e-05
1485,2.602213363231096,5.296635252445191e-05
1486,2.622694778899826,5.2598283252798577e-05
1487,2.517152427754739,5.456884401953973e-05
1488,2.468596102406291,5.5431209955911365e-05
1489,2.4448197751620033,5.5824314617083084e-05
1490,2.4109751677529223,5.644332063318296e-05
1491,2.3402197406462277,5.780829817408767e-05
1492,1.906541079778727,6.596599858123908e-05
1493,1.9276452098524464,6.559564742472123e-05
1494,2.005649374307052,6.418481072429855e-05
1495,2.1239277735054345,6.198783339987426e-05
1496,2.261117330689915,5.941286296830685e-05
1497,2.3972672479973833,5.6834941166640735e-05
1498,2.517210350604728,5.4563822938885655e-05
1499,2.5007505209253726,5.49030750538853e-05
1500,2.3756699938395376,5.725832282296601e-05
1501,2.2980534432910846,5.868617468946167e-05
1502,2.2879625042370426,5.881661031656758e-05
1503,2.3553567333259315,5.749563378460979e-05
1504,1.902735325399228,6.602895935469991e-05
1505,1.94181459936548,6.533367067628371e-05
1506,2.0339646636550692,6.365369125584164e-05
1507,2.1590790429973006,6.132302872670425e-05
1508,2.295360347484939,5.875700943335284e-05
1509,2.42462889206724,5.6320868139428776e-05
1510,2.394807627718105,5.689752140543048e-05
1511,2.3248555542852603,5.821057361327054e-05
1512,2.1948755298115596,6.064095297575046e-05
1513,2.136356006349494,6.174827717362364e-05
1514,1.9369774954899552,6.54086608906431e-05
1515,1.9889770473138788,6.447243263219982e-05
1516,2.0843787648654932,6.27175952256812e-05
1517,2.2040994118342296,6.046861074532246e-05
1518,2.329498883834472,5.811462252601945e-05
1519,2.3191498925472502,5.831545179474144e-05
1520,2.2684402899455374,5.9266657776055315e-05
1521,2.195747164139094,6.062251535743026e-05
1522,1.9944232291988695,6.436107954744372e-05
1523,2.0463268376484485,6.341351311096729e-05
1524,2.132900257563096,6.180660956201473e-05
1525,2.2388492750525737,5.98240501722219e-05
1526,2.2797684740623847,5.904550165771493e-05
1527,2.256999021466975,5.947339268617988e-05
1528,2.0490478922034474,6.33591303148875e-05
1529,2.0900976109989884,6.260556204709456e-05
1530,2.1613379004567137,6.127885036190729e-05
1531,2.2515942310080344,5.958100856556872e-05
1532,2.080962698181056,6.276919414083966e-05
1533,2.106122081880812,6.230372312785693e-05
1534,1.570832700369679,7.140199035240947e-05
1535,1.7904815201208666,6.8002855763957e-05
1536,2.0320278132511675,6.37182606410298e-05
1537,2.256970811253312,5.95142449565138e-05
1538,2.4450478792095414,5.5946356696201204e-05
1539,2.5885569189588016,5.323745015440849e-05
1540,2.6885641126479625,5.1342278944248644e-05
1541,2.752559506758103,5.015676340044567e-05
1542,2.792557408731936,4.942699230645008e-05
1543,2.819592392055745,4.891591594198199e-05
1544,2.8287338954798704,4.8767695222042664e-05
1545,1.7886053730038096,6.803056130090003e-05
1546,1.960260970805069,6.502828759913044e-05
1547,2.1434455441909295,6.165876670539452e-05
1548,2.3129074998622565,5.845873783920978e-05
1549,2.4559088735402392,5.5753759949962164e-05
1550,2.5687334211769244,5.3606663430801846e-05
1551,2.6537516490158524,5.200589361961605e-05
1552,2.7167495188300212,5.0827109280325186e-05
1553,2.762942388498906,4.996882038187983e-05
1554,2.792367395236928,4.94274220978978e-05
1555,2.8076605014087614,4.915409581598025e-05
1556,2.8086448062951592,4.912201983528295e-05
1557,2.7641613323348055,4.993774643881206e-05
1558,2.6936385356422305,5.126391967946441e-05
1559,2.6160751842250556,5.27346890752219e-05
1560,2.5241038779928995,5.447193200572969e-05
1561,2.4091845823332716,5.6645081503954685e-05
1562,2.268211713207818,5.9318321679096544e-05
1563,2.106150510136747,6.236563639574822e-05
1564,1.938291294080388,6.541915431562152e-05
1565,1.9332365044398996,6.551105870894906e-05
1566,2.0480893815586763,6.342923136395552e-05
1567,2.1782339547364904,6.100910224125164e-05
1568,2.3068346947268736,5.8571150984746514e-05
1569,2.424633139912671,5.633610514825403e-05
1570,2.5275462211584405,5.4385206114865595e-05
1571,2.6143946576316517,5.273460119606212e-05
1572,2.6848940251250544,5.141493822881458e-05
1573,2.737742920035183,5.044550646536631e-05
1574,2.7706017933464775,4.982343204165624e-05
1575,2.778989998917906,4.965738278430631e-05
1576,2.7409684527879485,5.0336967676782184e-05
1577,2.6470773671110863,5.2099681482730284e-05
1578,2.540140965087062,5.41539175953763e-05
1579,2.44228320505929,5.601771795365219e-05
1580,2.355598599501399,5.766833721302579e-05
1581,2.2727490853536665,5.923599580832024e-05
1582,2.1888373758903867,6.0817149627943415e-05
1583,1.9877438622936716,6.453016171839948e-05
1584,2.0594935892171904,6.320851344541724e-05
1585,2.1587606853646335,6.136496358887325e-05
1586,2.270659096063522,5.924707622711767e-05
1587,2.3846810284075146,5.708880946308374e-05
1588,2.492899356653068,5.50430161254548e-05
1589,2.5889139703412325,5.322319403311299e-05
1590,2.6672028661721288,5.174934609620062e-05
1591,2.7207801591441085,5.075937426650596e-05
1592,2.7237354229302624,5.067840349920605e-05
1593,2.6826964534595774,5.140377664868855e-05
1594,2.6013469682842882,5.2915779754809784e-05
1595,2.486326536024523,5.51162903312971e-05
1596,2.3672820126765792,5.741528162765557e-05
1597,2.295072165629483,5.880353029550392e-05
1598,2.276442395174321,5.916268862099959e-05
1599,1.9772137303995194,6.47153522657411e-05
1600,2.03161820094878,6.371545401713951e-05
1601,2.124429531745224,6.198890570584016e-05
1602,2.239469501865803,5.982884323550075e-05
1603,2.3626666100452316,5.749504585677105e-05
1604,2.4809317054819213,5.526656806203315e-05
1605,2.583538816124245,5.3334195779644254e-05
1606,2.6594581335849177,5.18921098411884e-05
1607,2.616875876828257,5.2692273495463056e-05
1608,2.5611856746627777,5.370070846731172e-05
1609,2.507833196005662,5.466905322124194e-05
1610,2.4383711638256957,5.596700580965638e-05
1611,2.340751063508246,5.7835244779999084e-05
1612,2.239281812032964,5.986078771065898e-05
1613,1.9479828990582673,6.522554586298724e-05
1614,2.006556861468617,6.417188586672173e-05
1615,2.109566861708532,6.226473849673268e-05
1616,2.236663514275423,5.987383102624222e-05
1617,2.3688808705024846,5.7385610672642784e-05
1618,2.4905647525815886,5.506933715211541e-05
1619,2.585079238621245,5.330035224469769e-05
1620,2.525537337227296,5.44340055513699e-05
1621,2.406069746618075,5.666043282937462e-05
1622,2.3597927237730305,5.7493475407609214e-05
1623,2.3539658193909223,5.756389245741855e-05
1624,2.353976719912975,5.75449093120303e-05
1625,1.941740020950697,6.533967885553815e-05
1626,2.0146585276636015,6.40132096237837e-05
1627,2.129485040766055,6.189427994658618e-05
1628,2.2622951457054206,5.939634351602115e-05
1629,2.3933844021465496,5.691094908372946e-05
1630,2.4811708310092686,5.5280294853882574e-05
1631,2.4069769170613036,5.667039719947016e-05
1632,2.2772465191580955,5.910426026224284e-05
1633,2.204029700377606,6.045727578252176e-05
1634,2.237209670378138,5.97666980943657e-05
1635,1.9731263147425828,6.476497410385485e-05
1636,2.055734231686702,6.32530418746766e-05
1637,2.1717048778440544,6.10866877127587e-05
1638,2.2985075107521764,5.871360014681719e-05
1639,2.3855872439210843,5.707211332699879e-05
1640,2.318345795619817,5.833435696939852e-05
1641,2.2212381949092648,6.015040558394214e-05
1642,2.166190284798325,6.118027109443119e-05
1643,2.0276640170778046,6.375598591342274e-05
1644,2.107732779242934,6.228090516493028e-05
1645,2.2137263378347862,6.0304490018620946e-05
1646,2.318250320161005,5.833017578721813e-05
1647,2.2706852213474304,5.921642446599434e-05
1648,2.2476529737015367,5.9649413068610164e-05
1649,2.079968549561428,6.27934272578862e-05
1650,2.1478828572156052,6.153085078431475e-05
1651,2.238639516795326,5.9830235822702106e-05
1652,2.2622574387163032,5.9368563007887725e-05
1653,2.1106148572200567,6.222323672454974e-05
1654,2.1626469164411066,6.126077356946174e-05
1655,2.0598705333759586,6.321534540688648e-05
1656,2.1743985927629286,6.108739897179915e-05
1657,2.2901303855478865,5.8900659259893565e-05
1658,2.3991524844532406,5.683107797044702e-05
1659,2.4993570827929665,5.4923990697088096e-05
1660,2.5914558387120015,5.318307553102298e-05
1661,2.6741016599973673,5.1618641029136144e-05
1662,2.7372975185607427,5.0448470736868426e-05
1663,2.7672480278645137,4.989090135271773e-05
1664,2.0996640772197632,6.24757034457707e-05
1665,2.1739109292848995,6.108882966407287e-05
1666,2.265305018735648,5.9363863265395644e-05
1667,2.3654740332131974,5.7463426200690844e-05
1668,2.466660902439149,5.554812469721315e-05
1669,2.562621483024134,5.3730106309799406e-05
1670,2.645943047549978,5.21581742394608e-05
1671,2.7047994240406465,5.105619867300109e-05
1672,2.7228640639407793,5.071666068743399e-05
1673,2.6938601811821785,5.124653037102897e-05
1674,2.6244642731064185,5.2536200467505016e-05
1675,2.527893786906264,5.436895028731106e-05
1676,2.4240328265659215,5.634618429071829e-05
1677,2.3312370658975605,5.812021963998249e-05
1678,2.261698820781545,5.943989035802528e-05
1679,2.2123420049566738,6.037100625197925e-05
1680,2.0802945625468574,6.282913014025452e-05
1681,2.1394201798632055,6.172241767927186e-05
1682,2.2285072865828486,6.004971660548992e-05
1683,2.332367398627344,5.80884128548756e-05
1684,2.4404522436221265,5.604172602622474e-05
1685,2.5428070698064085,5.4102018330774634e-05
1686,2.6272370100460867,5.251603995127039e-05
1687,2.6674994020705483,5.175902475557629e-05
1688,2.619698020236909,5.263600113190188e-05
1689,2.548335299247661,5.3970385010847165e-05
1690,2.4576869430151653,5.56818730930808e-05
1691,2.3562772536857866,5.760389636247065e-05
1692,2.265081665463161,5.9354098489314606e-05
1693,2.2399792210358456,5.9848574691497515e-05
1694,2.0451620844791227,6.346203519535565e-05
1695,2.108758661766666,6.229338131138001e-05
1696,2.2064703430214694,6.045985800914558e-05
1697,2.3206536950833945,5.830979850750392e-05
1698,2.4365440443888584,5.6112069830403904e-05
1699,2.540609218028231,5.4149209064230845e-05
1700,2.5951623456605377,5.3117721419455187e-05
1701,2.508224793560041,5.473921929014523e-05
1702,2.434141407945405,5.6130003780585375e-05
1703,2.3651006604913523,5.742050553424277e-05
1704,2.2974427498589467,5.867504863823029e-05
1705,2.2341819306139987,5.984451239948345e-05
1706,2.033265131525247,6.36770798354423e-05
1707,2.1096943177616088,6.226421592654234e-05
1708,2.2173474008605734,6.025152809064006e-05
1709,2.3363639575019177,5.800884401078331e-05
1710,2.450831813348564,5.583941412156104e-05
1711,2.4970156732561204,5.49613986495337e-05
1712,2.384237084792353,5.708744090153172e-05
1713,2.301038645713583,5.8649587331401965e-05
1714,2.2478192635607273,5.962603820450309e-05
1715,2.250238074921047,5.954010838422995e-05
1716,2.0580550338415162,6.32158687785761e-05
1717,2.1429812780810846,6.163645935516932e-05
1718,2.2510194827197934,5.960859827082187e-05
1719,2.3640226833716484,5.747882147025284e-05
1720,2.390980651618495,5.697177528797488e-05
1721,2.3232546067549515,5.8244256778812345e-05
1722,2.208947354161379,6.038992050347876e-05
1723,2.1569897142001695,6.136086427125162e-05
1724,2.1057820807674346,6.232452930669184e-05
1725,2.1878606595116756,6.078911290275124e-05
1726,2.286242554964235,5.8943764474576905e-05
1727,2.311516197589186,5.8461301619477503e-05
1728,2.2620225546681896,5.938403288411845e-05
1729,2.2033404082768224,6.0483464816204356e-05
1730,2.152556824091362,6.144566338810421e-05
1731,2.2230407344566916,6.0129363581700716e-05
1732,2.2696614714999366,5.9234029565236336e-05
1733,2.2474430960780816,5.964572451341667e-05
1734,2.180140287180054,6.092338810688113e-05
1735,2.236046454645562,5.988429255468028e-05
1736,2.183188532467061,6.091577064332411e-05
1737,2.222871409512736,6.0164970572392376e-05
1738,2.298444144803134,5.873365418076141e-05
1739,2.3937400768387236,5.692677198166837e-05
1740,2.494640871420665,5.5017224913791915e-05
1741,2.586505209615569,5.329439779701851e-05
1742,2.649641943709135,5.2087146087531155e-05
1743,2.1419084321167454,6.16820927783559e-05
1744,2.188225017697544,6.0804879318256245e-05
1745,2.2697652914524142,5.927378665282339e-05
1746,2.370256986210885,5.7382769084752495e-05
1747,2.4745952665495046,5.54155634877454e-05
1748,2.5629508414464675,5.373626436144669e-05
1749,2.5753637890497916,5.350541371735937e-05
1750,2.502759108828324,5.486555947007698e-05
1751,2.4087770294958477,5.664119101675489e-05
1752,2.311470760444483,5.8471440185844694e-05
1753,2.229092551829728,6.002862805031279e-05
1754,2.1951518355251625,6.068255970523264e-05
1755,2.1245118021184073,6.199235004026831e-05
1756,2.182919777063958,6.089721421746765e-05
1757,2.27153220257428,5.9243766253791675e-05
1758,2.3742687555233704,5.7308552065515e-05
1759,2.4740097609786607,5.541782580444157e-05
1760,2.5034027202773417,5.485586719226314e-05
1761,2.399139715452156,5.68064816751145e-05
1762,2.310546780056165,5.8485109085203964e-05
1763,2.228004194624636,6.003142885176685e-05
1764,2.1773870037490797,6.100311444573538e-05
1765,2.142815099630354,6.164423593108106e-05
1766,2.2095514999591583,6.039307323418897e-05
1767,2.2975095360477167,5.8741977032922156e-05
1768,2.3929039849930795,5.6942916212962186e-05
1769,2.403832722033755,5.6734973605748576e-05
1770,2.297413385771946,5.873291309708174e-05
1771,2.2202452383601607,6.018091790362517e-05
1772,2.1720241538007428,6.109215321281981e-05
1773,2.1835168722977585,6.087848514931453e-05
1774,2.248104531289176,5.966341756154184e-05
1775,2.3267918587877072,5.8184988957356705e-05
1776,2.3114184637217323,5.8463273809428546e-05
1777,2.236709513237076,5.986291541151928e-05
1778,2.1947377812083135,6.065123617824712e-05
1779,2.224316450452341,6.010788089843189e-05
1780,2.278631479106683,5.908867843039466e-05
1781,2.2566530202122426,5.948547512930469e-05
1782,2.2379201141708585,5.983878444324511e-05
1783,2.248485252194744,5.964900044050423e-05
1784,2.244960143684146,5.969663512676638e-05
1785,2.1752585912725735,6.104498685911161e-05
1786,2.213854845902036,6.032006153610815e-05
1787,2.29400246297527,5.8807811937718e-05
1788,2.3915823703033916,5.696380331402094e-05
1789,2.481558946253492,5.528330151352815e-05
1790,2.1901285076338244,6.075681885469949e-05
1791,2.234935456058265,5.9915592352421343e-05
1792,2.3094867205999545,5.8515296360434516e-05
1793,2.395867687174316,5.689078971446708e-05
1794,2.393072872260942,5.693739068123182e-05
1795,2.307285332398942,5.8553199281986034e-05
1796,2.2305931044219345,5.9985256364672366e-05
1797,2.1930912389699078,6.070486060238684e-05
1798,2.2262623408570104,6.0075349687703026e-05
1799,2.26891177691515,5.927236184672344e-05
1800,2.3320216743022124,5.808975197523849e-05
1801,2.323701868750677,5.8239546540488305e-05
1802,2.243182085350066,5.9746780416775224e-05
1803,2.2081939417171226,6.0411175250102754e-05
1804,2.2626117335351204,5.9388341407181146e-05
1805,2.295884516332265,5.876480844235498e-05
1806,2.2563103659859634,5.9498426209648004e-05
1807,2.226538197753674,6.005524513561071e-05
1808,2.2538645396656034,5.953358953143927e-05
1809,2.233944644917794,5.9909437830092126e-05
1810,2.2279892786233693,6.0039665106369745e-05
1811,2.2593787714296116,5.9451606974329336e-05
1812,2.3210541655258505,5.829790641274721e-05
1813,2.261971683973729,5.939715510150347e-05
1814,2.2830770745545976,5.9005551696667756e-05
1815,2.2645050407381415,5.9344183165675274e-05
1816,2.241183540124024,5.978988545689942e-05
1817,2.253113452475065,5.9556390095336815e-05
1818,2.240246542452911,5.979226804877864e-05
1819,2.2595793114325557,5.94364276806554e-05
1820,1.1557491378938323,7.778021744202842e-05
1821,1.2480742027518021,7.598712176872194e-05
1822,1.4846178411037882,7.280611993158502e-05
1823,1.7851563437391087,6.808969991563556e-05
1824,2.086297215366424,6.272284995605088e-05
1825,2.3517260764401744,5.770309862254116e-05
1826,2.563423014373885,5.368872771281913e-05
1827,2.7151677892590906,5.083764850329425e-05
1828,2.809238988993501,4.9096725896078536e-05
1829,2.8544814696943606,4.827348875046821e-05
1830,2.8647311355646976,4.807490958135308e-05
1831,2.856875470390602,4.824526604269018e-05
1832,2.8475124089617476,4.843270521028282e-05
1833,1.2592620921046238,7.582391092610731e-05
1834,1.4413388733978265,7.331910743484716e-05
1835,1.7223630867028776,6.915449599825565e-05
1836,2.023035998234118,6.389290678977725e-05
1837,2.2990545660803194,5.869613710956842e-05
1838,2.5270954752610115,5.437510961214791e-05
1839,2.6967416018493857,5.1192065448342174e-05
1840,2.80686160089022,4.913408245704194e-05
1841,2.863969198781689,4.808233746118821e-05
1842,2.881184188426576,4.7779823467570626e-05
1843,2.8774836752531967,4.785459490656831e-05
1844,2.8762733019109827,4.786419231025955e-05
1845,2.8768451058327758,4.7820921902415606e-05
1846,2.8582448522533603,4.8212542614614474e-05
1847,2.8756759854518115,4.788930500388774e-05
1848,2.879998014593459,4.7793613320626993e-05
1849,2.8542923044951993,4.8244953754875296e-05
1850,2.783780067733099,4.9557710986162055e-05
1851,2.6582644412722893,5.1893137991586385e-05
1852,2.4737079809248663,5.53845964253152e-05
1853,2.233813068343241,5.992366645493473e-05
1854,1.952387949784429,6.517176910282779e-05
1855,1.657717595579789,7.021929623001495e-05
1856,1.399458142027495,7.406437665548968e-05
1857,1.4924454880050821,7.245552704039066e-05
1858,1.6810390213910824,6.979867547750383e-05
1859,1.9403655795522978,6.5396945048784e-05
1860,2.205826266840018,6.0491981145223186e-05
1861,2.441633542539336,5.600820690683876e-05
1862,2.6294309864013994,5.245854971657909e-05
1863,2.7616152527242424,4.9970361316483885e-05
1864,2.8397935072218,4.852591297162114e-05
1865,2.874891119216152,4.789302398249037e-05
1866,2.886356194091102,4.768959946367127e-05
1867,2.8981135220049525,4.746377243579818e-05
1868,2.913850148439799,4.7128666556602414e-05
1869,2.883720780810981,4.769047561124747e-05
1870,2.8630616766060366,4.8128045730302944e-05
1871,2.875075140527552,4.790119093510727e-05
1872,2.8644648916265973,4.806754216313405e-05
1873,2.817667234765512,4.893197842774455e-05
1874,2.72436594547676,5.0662037847887785e-05
1875,2.579445958959804,5.33823149061335e-05
1876,2.384516280759722,5.7072473486829814e-05
1877,2.1496262516030797,6.152117251846179e-05
1878,1.8957084802814264,6.618678033623281e-05
1879,1.724835074912783,6.908491397860857e-05
1880,1.8750334542159748,6.654691207318141e-05
1881,2.0883968335306258,6.269277975901414e-05
1882,2.313068367312536,5.848558583357178e-05
1883,2.5155433139843,5.463016700770799e-05
1884,2.6764501949010153,5.1575575701523786e-05
1885,2.7864358735360777,4.9512632051118566e-05
1886,2.8480474146691486,4.8378294175531716e-05
1887,2.8765158349456614,4.78530696490352e-05
1888,2.8921683320775893,4.757098583063756e-05
1889,2.906073045328712,4.730575270034151e-05
1890,2.8933057217375495,4.7483842286706533e-05
1891,2.8354678573051975,4.86469443902582e-05
1892,2.84939164527625,4.8380302790771664e-05
1893,2.8481018822653223,4.8387822345153876e-05
1894,2.821969355215328,4.885688628258987e-05
1895,2.7620093060393933,4.996239474938358e-05
1896,2.6623709205083097,5.182621161450057e-05
1897,2.5221536840385688,5.4453273192171876e-05
1898,2.346845465969406,5.778387152603621e-05
1899,1.8794704091420287,6.646670603117655e-05
1900,1.9853696175005167,6.457601656076948e-05
1901,2.167855656658048,6.12032043543273e-05
1902,2.370406668251764,5.739414526944966e-05
1903,2.5576736279983594,5.383525566389122e-05
1904,2.7068547350602414,5.098956970574471e-05
1905,2.80239652806037,4.9224143823566895e-05
1906,2.8463817372319347,4.8404298186564124e-05
1907,2.858612313960619,4.8204143838797604e-05
1908,2.856473448187451,4.822511654617046e-05
1909,2.826905991409164,4.874006300793965e-05
1910,2.8010028352800544,4.926892281763785e-05
1911,2.8145948154341993,4.9008574758880005e-05
1912,2.8174133014622593,4.895676994534866e-05
1913,2.806446247869035,4.9152297420735175e-05
1914,2.7761317766752036,4.9699582142979505e-05
1915,2.7205630399707426,5.073230976950775e-05
1916,2.6358870541467914,5.231164083507106e-05
1917,1.9401642644647807,6.538444148914606e-05
1918,2.0517399216714742,6.332972350868019e-05
1919,2.2290493205725364,6.003664716137093e-05
1920,2.4133768779146068,5.655121790529158e-05
1921,2.5882273584096906,5.3213555535156065e-05
1922,2.7262038253793,5.062156220330104e-05
1923,2.7933476559962225,4.938614913577437e-05
1924,2.799402541876562,4.929572996350742e-05
1925,2.7775593917400894,4.9703363685837795e-05
1926,2.7429928081711115,5.0332835876832836e-05
1927,2.7641038312454156,4.993142712932343e-05
1928,2.780042140415698,4.964800543913042e-05
1929,2.78499003045556,4.95604221584743e-05
1930,2.783321816088553,4.958583393441554e-05
1931,2.7751875963415085,4.971882106863145e-05
1932,2.756364532207962,5.008066556215661e-05
1933,2.0482425363604135,6.334131259434856e-05
1934,2.132132150342944,6.181074374548991e-05
1935,2.250046543087882,5.96249482131063e-05
1936,2.407435046156543,5.66399446610883e-05
1937,2.5788451458665334,5.340854861085859e-05
1938,2.706599808630144,5.101282707777105e-05
1939,2.7185269596429222,5.0804380693324084e-05
1940,2.6786538271867255,5.15579845681191e-05
1941,2.6768674561899672,5.155017950992483e-05
1942,2.724252475960083,5.066692893764755e-05
1943,2.7487409165324435,5.023021383955966e-05
1944,2.758542139477378,5.003859328551959e-05
1945,2.763046253014768,4.995767814478204e-05
1946,2.7686410187715302,4.984811757750991e-05
1947,2.074662427209457,6.285230371707687e-05
1948,2.073684431225004,6.289551510843383e-05
1949,2.1870075205800776,6.0811456508173295e-05
1950,2.364650783579912,5.7476914282871535e-05
1951,2.550427028101334,5.397145140473951e-05
1952,2.622226911113619,5.262198501656639e-05
1953,2.5708371184823173,5.3588382788699734e-05
1954,2.611682889767583,5.278302979065431e-05
1955,2.677421603462374,5.155583129188846e-05
1956,2.716847200176344,5.080747868457061e-05
1957,2.7373048890261575,5.044197749168903e-05
1958,2.749317027186997,5.021241940816902e-05
1959,1.902735325399228,6.60345923566845e-05
1960,1.995221201844093,6.435811580924077e-05
1961,2.1561654348344024,6.139848874970085e-05
1962,2.3519955066602356,5.7720868576738e-05
1963,2.5113382525849794,5.4716600657995906e-05
1964,2.4677712389418827,5.552429219290455e-05
1965,2.534489097719817,5.4244709044649184e-05
1966,2.6186924777149057,5.26643162364183e-05
1967,2.6767938358879415,5.156739983783837e-05
1968,2.7134647263257454,5.087945929957879e-05
1969,1.9369774954899552,6.54116380944288e-05
1970,2.019679180160346,6.391150452721382e-05
1971,2.1778511361687727,6.099041403180774e-05
1972,2.3633074537897887,5.7509807297778704e-05
1973,2.3824956496022276,5.712681075807599e-05
1974,2.4460121990097354,5.591296339274046e-05
1975,2.5444455938187804,5.4053417655912966e-05
1976,2.6210114209399844,5.260433267061382e-05
1977,1.9944232291988695,6.436227516705294e-05
1978,2.0700995202445394,6.297662183908102e-05
1979,2.2129060628073867,6.033216096374065e-05
1980,2.3224836458866696,5.825611019264534e-05
1981,2.34958854279388,5.7742526661099636e-05
1982,2.4538065035870713,5.5766283757078226e-05
1983,2.0490478922034474,6.335667285528433e-05
1984,2.1113131765892126,6.221776870322124e-05
1985,2.2375248751513817,5.986657212872764e-05
1986,2.2742156217598857,5.914406303764204e-05
1987,2.080962698181056,6.276821020957856e-05
1988,2.1268943022784605,6.192726743357946e-05
1989,1.6357283125576685,7.055431071531122e-05
1990,1.8979073220033493,6.615101138376249e-05
1991,2.167379576476777,6.119928043972234e-05
1992,2.4095042848252075,5.6608220167305676e-05
1993,2.6052034803582376,5.290856033059096e-05
1994,2.746205888641129,5.025682373169498e-05
1995,2.832776338724538,4.8655302240168874e-05
1996,2.8727138732284567,4.7937567959723034e-05
1997,2.8807471171218566,4.779438694282946e-05
1998,2.880575874360837,4.779263607801298e-05
1999,2.9018941426358382,4.7352074658263096e-05
2000,1.8559709000902609,6.688009166452238e-05
2001,2.0809702850971936,6.282055858126911e-05
2002,2.308579360762344,5.854825943363606e-05
2003,2.5106818021067028,5.471105544952826e-05
2004,2.670700195778959,5.168650464355569e-05
2005,2.7812116475431736,4.9614491737768915e-05
2006,2.8443510745383773,4.8447970044311294e-05
2007,2.8726387632361634,4.793828257286677e-05
2008,2.887229899024446,4.7666260260008214e-05
2009,2.9089093678512445,4.723689979378129e-05
2010,2.918287227506708,4.702844850960114e-05
2011,2.8868612261480706,4.763808786763183e-05
2012,2.8679911842499712,4.80367290276201e-05
2013,2.8631475391062846,4.810617586281385e-05
2014,2.8385421833127285,4.854696130558201e-05
2015,2.7783768624573915,4.9667745219705136e-05
2016,2.6741399431273787,5.160687770451924e-05
2017,2.5240814976248016,5.441737938872319e-05
2018,2.3337191652210003,5.804177568066469e-05
2019,2.1168606255813938,6.215508428177613e-05
2020,2.005099466922329,6.422639506296789e-05
2021,2.186956786758868,6.084605442938511e-05
2022,2.380740436368679,5.719246295815644e-05
2023,2.5585266666623436,5.381858082461194e-05
2024,2.700783362319347,5.110126900287775e-05
2025,2.7964484892595256,4.931714165733161e-05
2026,2.8477744273361085,4.838993490429953e-05
2027,2.8706447666583954,4.796925747525659e-05
2028,2.8832291448255725,4.772135895941367e-05
2029,2.890800056341686,4.7559791290514364e-05
2030,2.873970640236582,4.785764336777933e-05
2031,2.8497232812058186,4.8337282279657604e-05
2032,2.8401159105731204,4.853831324184689e-05
2033,2.8250350486587457,4.881568331028762e-05
2034,2.7887809579605594,4.9457499414374626e-05
2035,2.722532808391524,5.0688035907868563e-05
2036,2.6225140616450435,5.256955039182532e-05
2037,2.490382574284429,5.5075519280782196e-05
2038,2.081473919773762,6.280621160258317e-05
2039,2.243937175287423,5.9760650749750246e-05
2040,2.423804147969039,5.636939165181787e-05
2041,2.5921790658297517,5.315566851033732e-05
2042,2.7254612163725804,5.064336108781797e-05
2043,2.803510962802888,4.919232895980955e-05
2044,2.8298307626997703,4.872746697205387e-05
2045,2.827872919758875,4.8765094284885e-05
2046,2.8159266287726403,4.8962554469065926e-05
2047,2.8003418775337887,4.924739252750666e-05
2048,2.812639558761129,4.9017377967246106e-05
2049,2.8119747972117235,4.905110028821739e-05
2050,2.8027588267812744,4.9220222466886546e-05
2051,2.784514149217968,4.9556137922567835e-05
2052,2.751652226497964,5.016441260915738e-05
2053,2.698644122532062,5.115424008438917e-05
2054,2.1491598607747444,6.151139593329613e-05
2055,2.289473194999124,5.888839240750699e-05
2056,2.4472922456113864,5.588946656427442e-05
2057,2.6053364240737515,5.2899030138687054e-05
2058,2.727039966562976,5.061574861151812e-05
2059,2.765427680470505,4.992354169578369e-05
2060,2.748047901797541,5.0252377562515364e-05
2061,2.7133097714816015,5.0899046822608665e-05
2062,2.7269942747703637,5.062382591193736e-05
2063,2.760818890727043,4.9992530176921555e-05
2064,2.776981387141713,4.9692514497067235e-05
2065,2.77968384921626,4.964563109428239e-05
2066,2.7751723429317625,4.9735873695684096e-05
2067,2.766986509236674,4.988413711692521e-05
2068,2.1690165423622565,6.112921793907045e-05
2069,2.2669733079054777,5.929907532665237e-05
2070,2.4185515175934413,5.644236926370768e-05
2071,2.5833080525976078,5.334100501113522e-05
2072,2.677862524725167,5.1576869044119364e-05
2073,2.6515740831267216,5.206467166538184e-05
2074,2.599967666293927,5.3031373553668956e-05
2075,2.6666983656926697,5.177494568123e-05
2076,2.7143736474733475,5.085287245342597e-05
2077,2.7415955646440158,5.035319855010073e-05
2078,2.7565819824236093,5.007044844468927e-05
2079,2.7663925079749667,4.9881950342812175e-05
2080,2.087916583489846,6.264942230490666e-05
2081,2.2163713051861405,6.026780674741032e-05
2082,2.3913379321840442,5.6969391756195236e-05
2083,2.5549892220521073,5.388410168225487e-05
2084,2.5494622467518053,5.399224674370558e-05
2085,2.5086585958222285,5.473502098613299e-05
2086,2.600002158353194,5.301189665396041e-05
2087,2.6651903980716654,5.178793253528738e-05
2088,2.7071126249553794,5.0996693729419e-05
2089,2.7342179102006505,5.047736226266328e-05
2090,2.0663290743891656,6.306183720438425e-05
2091,2.2163813287644563,6.0262588281030694e-05
2092,2.3938404033402003,5.6932421290236274e-05
2093,2.4537434718634095,5.579733306473989e-05
2094,2.4194219200617164,5.642414314077867e-05
2095,2.523023274816634,5.4454652013276694e-05
2096,2.6048354759326227,5.2919848346327295e-05
2097,2.6644049556951113,5.179440634094445e-05
2098,2.101457142273427,6.239906784764348e-05
2099,2.2454077574122957,5.971136507291017e-05
2100,2.3716004799305996,5.733992313689608e-05
2101,2.327869200879188,5.814798828655938e-05
2102,2.434713246881286,5.612696894158602e-05
2103,2.5282433436824245,5.435599531326763e-05
2104,2.144814297391662,6.15903827949027e-05
2105,2.2731334445412332,5.919459821544666e-05
2106,2.284744792358181,5.894963821791629e-05
2107,2.33777393660756,5.796148977470919e-05
2108,2.172332304826909,6.107480127389748e-05
2109,2.280202540521778,5.903585776618031e-05
2110,2.258689414075301,5.9484043151758366e-05
2111,2.4348212351017233,5.614938293076231e-05
2112,2.5896358287264722,5.320331590640232e-05
2113,2.7108373137646136,5.0925087036147364e-05
2114,2.7929446358915775,4.939246749857017e-05
2115,2.839242482569377,4.8551466644931257e-05
2116,2.8627171061542422,4.812634186134983e-05
2117,2.882879935007187,4.772531710470397e-05
2118,2.906477352996846,4.7256075272469785e-05
2119,2.329274263688638,5.8169170326819656e-05
2120,2.480316775345198,5.530344431995413e-05
2121,2.619288455681005,5.265924895905173e-05
2122,2.7298499871396134,5.056881112703972e-05
2123,2.801768181161944,4.922857930851192e-05
2124,2.8378752079180654,4.856251246496643e-05
2125,2.8525739897436573,4.829719774802382e-05
2126,2.859589616029521,4.814882893304967e-05
2127,2.8558242122027444,4.820206801008702e-05
2128,2.857316471230866,4.8178030660401794e-05
2129,2.845008260312491,4.8420891506017135e-05
2130,2.825826215838603,4.8793341397832935e-05
2131,2.794053952211126,4.936950162152011e-05
2132,2.740447876067688,5.036589614735896e-05
2133,2.6605232462105715,5.1865501853515036e-05
2134,2.5562984640365194,5.3824206169995374e-05
2135,2.3704963536537456,5.737664014513403e-05
2136,2.5105138856839937,5.471114897051742e-05
2137,2.6422912835356684,5.219489524525398e-05
2138,2.7428284536360286,5.031276930094669e-05
2139,2.790993281697712,4.9438149790552164e-05
2140,2.795666968460769,4.937024693564404e-05
2141,2.780416940757383,4.964743958762913e-05
2142,2.7719319005439287,4.978448896950604e-05
2143,2.787431403620612,4.9477709402182756e-05
2144,2.806539051116352,4.9124024296862244e-05
2145,2.8050236063961207,4.916670232269825e-05
2146,2.788593072367141,4.9476883846857145e-05
2147,2.7600440369288526,4.999978404042769e-05
2148,2.717765891845903,5.079504986528259e-05
2149,2.389401110428032,5.698358083615782e-05
2150,2.5132254864353727,5.46231516478953e-05
2151,2.6394268574332846,5.2260715260657944e-05
2152,2.7193054564977595,5.077451142459695e-05
2153,2.716920285717761,5.084049415110444e-05
2154,2.6793636232188276,5.153883340366075e-05
2155,2.65713116099296,5.195276749809817e-05
2156,2.7063928451336965,5.1011631905420666e-05
2157,2.7484378982531923,5.0217394053864365e-05
2158,2.7713214522104033,4.9802954651715584e-05
2159,2.777677395581096,4.967467309982887e-05
2160,2.772403312710719,4.9770022147861215e-05
2161,2.3549041205410197,5.763372459811461e-05
2162,2.4868152212772867,5.5151592658655504e-05
2163,2.613227724039606,5.2770662431038765e-05
2164,2.624593285694838,5.257117655678444e-05
2165,2.5692842293786247,5.3613453652299045e-05
2166,2.5541564581363234,5.389146258219433e-05
2167,2.632978465730798,5.238459077465856e-05
2168,2.689562193986234,5.132968637708661e-05
2169,2.7294817789956713,5.057811441224528e-05
2170,2.7581435009083166,5.00507441425511e-05
2171,2.331626245888353,5.8103052016955626e-05
2172,2.4752466527174923,5.537908453048172e-05
2173,2.52881262658992,5.437192940640677e-05
2174,2.4644622055482244,5.558947783338778e-05
2175,2.468982326889791,5.5494791245243284e-05
2176,2.558378657339916,5.38048715671067e-05
2177,2.6294508489382977,5.246898831459717e-05
2178,2.6839521095661993,5.143730295411874e-05
2179,2.3424331784679815,5.7884889946596475e-05
2180,2.4381912439371787,5.6075638051957577e-05
2181,2.3777527702276613,5.721637023619315e-05
2182,2.38685155964816,5.704742699634646e-05
2183,2.4798040465551816,5.528590366074115e-05
2184,2.561270825740431,5.374221650236372e-05
2185,2.353110835853534,5.768631462473343e-05
2186,2.3175223295358087,5.834239279510938e-05
2187,2.3075408827164163,5.853765222697272e-05
2188,2.3952886544350074,5.6885095528910725e-05
2189,2.285978362533351,5.8931597861817537e-05
2190,2.263663297300469,5.934106243977711e-05
2191,2.585150751711825,5.33003112125345e-05
2192,2.6800429235722842,5.149577455846855e-05
2193,2.7530010105279867,5.013435882496402e-05
2194,2.796996550446908,4.931235013450837e-05
2195,2.814999753355908,4.898263341213786e-05
2196,2.814833913905206,4.898636732145349e-05
2197,2.803336361872569,4.917879844154688e-05
2198,2.60562225043605,5.288336533338982e-05
2199,2.69212748041533,5.12624626595235e-05
2200,2.748491729229594,5.0225988885873606e-05
2201,2.760893189029127,5.000016782814781e-05
2202,2.7430810850518466,5.034445903716574e-05
2203,2.71253931354294,5.089220456034912e-05
2204,2.705733778148155,5.100757403231756e-05
2205,2.7472198695582155,5.024004680127537e-05
2206,2.7738393932270275,4.9758913329214335e-05
2207,2.7798340755670443,4.962838836490574e-05
2208,2.765502556505032,4.9899162717782795e-05
2209,2.731065321341403,5.053494534064241e-05
2210,2.5990144539172118,5.3011802028845434e-05
2211,2.67543850422356,5.1586938390566204e-05
2212,2.6879560245822427,5.137090461431967e-05
2213,2.6502821365099756,5.209510690294387e-05
2214,2.5974954823234415,5.3064905568697976e-05
2215,2.5945194090284787,5.3128003860341236e-05
2216,2.6620804261315296,5.184609302162937e-05
2217,2.7146587449060067,5.0859655151748975e-05
2218,2.7484902697787663,5.021794837521017e-05
2219,2.764730355819743,4.9914811129523964e-05
2220,2.578020621402154,5.3443242136246515e-05
2221,2.6041030289690195,5.295126968499336e-05
2222,2.549223686224506,5.398656829302308e-05
2223,2.4795697195493687,5.530637001258348e-05
2224,2.4911945541561944,5.50878280026422e-05
2225,2.576754359210124,5.346505777415659e-05
2226,2.646036317121278,5.215001044568272e-05
2227,2.7034290665580873,5.106852804854904e-05
2228,2.5181267345276117,5.45735856933747e-05
2229,2.453470382671206,5.579363900280459e-05
2230,2.3781469365428216,5.7212940363213046e-05
2231,2.4107980744561948,5.6607770477259117e-05
2232,2.4959123889089154,5.499133163153428e-05
2233,2.5728809321488226,5.354869720186977e-05
2234,2.3741510365697125,5.7275888669194116e-05
2235,2.3061607276555605,5.855596115825345e-05
2236,2.3445430621260126,5.785035642583455e-05
2237,2.4170871807085357,5.648581637271704e-05
2238,2.2686639472039656,5.925960772769426e-05
2239,2.2899548265048097,5.8871914701969095e-05
2240,2.728107385343755,5.0595075205239584e-05
2241,2.735280758051464,5.047672383071099e-05
2242,2.7134745891575687,5.0893732803700223e-05
2243,2.671959569745052,5.1658156383764444e-05
2244,2.6201055253278507,5.262307910484546e-05
2245,2.6748556278923754,5.1621729970473315e-05
2246,2.6319719650960365,5.242882054820635e-05
2247,2.5713812103454194,5.356959655222665e-05
2248,2.506789844635377,5.4785994956703965e-05
2249,2.5150319141380586,5.462857577443053e-05
2250,2.5871916719414645,5.325966796813517e-05
2251,2.6511772430085174,5.20550915201107e-05
2252,2.7016762883951686,5.111686640435666e-05
2253,2.541235858785667,5.413735547829043e-05
2254,2.4654270553343784,5.557212628869106e-05
2255,2.3923628693274135,5.694749865766202e-05
2256,2.41506878886109,5.651943631447894e-05
2257,2.4991019033065096,5.493213788950273e-05
2258,2.577955840565667,5.344047745299037e-05
2259,2.372879259658904,5.7309642810316724e-05
2260,2.3033822022506114,5.860790954089078e-05
2261,2.347797901669999,5.779250209617769e-05
2262,2.418463566980339,5.6457087886411587e-05
2263,2.2840402882279367,5.8985580002405945e-05
2264,2.3059137414655737,5.857343434256496e-05
2265,2.5622458646260418,5.3736734712906455e-05
2266,2.487428599653315,5.515047259591076e-05
2267,2.4155293450692117,5.65099452323138e-05
2268,2.3848986918907857,5.708109085055759e-05
2269,2.3185460395945667,5.8327871361120545e-05
2270,2.3396940789255356,5.794478548905519e-05
2271,2.406827392583818,5.667573070306269e-05
2272,2.281605617077538,5.902767129537851e-05
2273,2.292647802944748,5.8815511359643084e-05
2274,2.271205651645143,5.9220003500570485e-05
2275,1.1557491378938323,7.77478570588482e-05
2276,3.2892952506723336,4.0195980204899226e-05
2277,3.3090480709270826,3.98292987351974e-05
2278,3.3419805167939205,3.924380542952486e-05
2279,3.385794943162251,3.84769924521395e-05
2280,3.43433110198786,3.7637561044197393e-05
2281,3.4774176841535422,3.6898963145578955e-05
2282,3.502505530889477,3.649795985672197e-05
2283,3.497455511122633,3.667739175145976e-05
2284,3.453641694317734,3.754797312068074e-05
2285,3.369091170335422,3.9066600599629704e-05
2286,3.2533616327760075,4.1152026971429805e-05
2287,3.145161120334784,4.310146568658293e-05
2288,3.3013582802177766,3.99688393677188e-05
2289,3.3170779343694914,3.9686005814021586e-05
2290,3.3387368976734217,3.929632356634761e-05
2291,3.3701339201000224,3.87632577963109e-05
2292,3.408486468722875,3.80855222993903e-05
2293,3.446440670030212,3.745204352970821e-05
2294,3.4733201923971584,3.7027526125381254e-05
2295,3.477419600379057,3.7023843568302174e-05
2296,3.4488842188433373,3.759792046915883e-05
2297,3.3828209516139442,3.8806596796364884e-05
2298,3.283176366997827,4.061565795479238e-05
2299,3.1724530545395657,4.25924552464787e-05
2300,3.1258856566839492,4.345579546775603e-05
2301,3.2043759806023715,4.202906298733997e-05
2302,3.3168286961370597,3.999379606115751e-05
2303,3.4082667378168927,3.834684856083322e-05
2304,3.463493108365521,3.7314955457524516e-05
2305,3.4815934308038945,3.691051857881347e-05
2306,3.469211781020129,3.7067473062127126e-05
2307,3.437075079629312,3.761096961171999e-05
2308,3.39685231877723,3.828762238353372e-05
2309,3.3582661895852475,3.894830771405923e-05
2310,3.3270343429332363,3.95159899560209e-05
2311,3.3040893869989807,3.99151718300278e-05
2312,3.339026440303642,3.925416612725625e-05
2313,3.3505503340709106,3.90732573292036e-05
2314,3.358329154463833,3.900480898763402e-05
2315,3.3693399486100675,3.882337371809732e-05
2316,3.3839187228339207,3.861959037932567e-05
2317,3.3973270270428917,3.843492164414352e-05
2318,3.4018125974378624,3.83812506991718e-05
2319,3.3885458138042885,3.863459638448595e-05
2320,3.349870712224469,3.9345052973691796e-05
2321,3.282897440002311,4.0593188808305236e-05
2322,3.19538540381078,4.2181576699171404e-05
2323,3.123391945415861,4.349618358513912e-05
2324,3.146763627583535,4.307474625002632e-05
2325,3.2351792070771412,4.1429987601843336e-05
2326,3.3216444509685186,3.988448738202688e-05
2327,3.383246221579633,3.878256403203545e-05
2328,3.4154142335224043,3.817148219946494e-05
2329,3.4220776387783594,3.799452663264558e-05
2330,3.41129137883429,3.8101659852033575e-05
2331,3.3918078535179,3.839245791455896e-05
2332,3.3701927835557246,3.874685150300244e-05
2333,3.3489357978915613,3.911448230975846e-05
2334,3.3537027637752144,3.906430744464243e-05
2335,3.340383557686486,3.932897195892455e-05
2336,3.3193918164673804,3.9775344828160835e-05
2337,3.2998273624539776,4.0181220942817265e-05
2338,3.286018181957446,4.045368355752821e-05
2339,3.2781706766572825,4.060339087087877e-05
2340,3.2733558433329444,4.067866775907955e-05
2341,3.2644136289539096,4.08493591475376e-05
2342,3.240673031994347,4.129445257444785e-05
2343,3.195241634376037,4.215741590720838e-05
2344,3.135713003321242,4.324258026321052e-05
2345,3.1071220464709435,4.3784281303296195e-05
2346,3.1424365723287844,4.3110728273651954e-05
2347,3.2086582416983886,4.190497452716744e-05
2348,3.2700049808371427,4.0806668470197424e-05
2349,3.3151596748544923,4.001291133016607e-05
2350,3.3438890423926,3.945324815583361e-05
2351,3.3604491731086408,3.907956306189236e-05
2352,3.369455420295929,3.885525837419169e-05
2353,3.373113668282621,3.873828070159033e-05
2354,3.3047712195075816,4.003378028534959e-05
2355,3.254443106529811,4.1033453419564425e-05
2356,3.200947098761917,4.198265434810493e-05
2357,3.1555581636824237,4.2800402496432685e-05
2358,3.125891652050655,4.334292364417058e-05
2359,3.1165871182605733,4.3500811440679e-05
2360,3.1284234284064825,4.330040180202811e-05
2361,3.1491869271132495,4.292538577424648e-05
2362,3.1559822543099836,4.28218499808981e-05
2363,3.1364053623377792,4.321154773891136e-05
2364,3.1094079141157493,4.3711491286024356e-05
2365,3.086132773745005,4.4140046286171084e-05
2366,3.102502795473072,4.381937425379039e-05
2367,3.1468724895646094,4.299875219146848e-05
2368,3.1980690553626023,4.2079580041510945e-05
2369,3.2474548819505,4.1207693253944356e-05
2370,3.2932934138287338,4.035769964449316e-05
2371,3.3348766900216944,3.9556438532533046e-05
2372,3.175750321608281,4.2417174020804315e-05
2373,3.093938247816247,4.39014788653706e-05
2374,3.0234625991840143,4.519123438520897e-05
2375,2.9754193623157543,4.6075133441534015e-05
2376,2.954024534146928,4.647450696834124e-05
2377,2.9628825587441656,4.63018944449059e-05
2378,3.010577324272977,4.543840237194007e-05
2379,3.0700735020433254,4.436117784279778e-05
2380,3.102724394858086,4.379509080536313e-05
2381,3.0993102634977574,4.38706674209401e-05
2382,3.0865783932617177,4.410387333861156e-05
2383,3.0565843455317143,4.465523261793459e-05
2384,3.054903274628405,4.468295530185616e-05
2385,3.0898197030439913,4.401408997994924e-05
2386,3.148836090731346,4.2962660812178766e-05
2387,3.219712835284962,4.168703878037979e-05
2388,2.9911039912391426,4.578049639140142e-05
2389,2.90888300860957,4.7281587738722596e-05
2390,2.857794838468669,4.822597277998555e-05
2391,2.8336468271364827,4.870023871428976e-05
2392,2.8250335907994675,4.885231350146696e-05
2393,2.8460389111183177,4.847286383800058e-05
2394,2.939013388463826,4.675532242962657e-05
2395,3.026005513202759,4.5160495308118896e-05
2396,3.0711770633201314,4.4358351514412824e-05
2397,3.0903364775526616,4.401002524127606e-05
2398,3.0635313457976663,4.4518752729411154e-05
2399,3.0299973451755227,4.51247746342781e-05
2400,3.024446138535136,4.522978707958355e-05
2401,3.0673444754172277,4.441953567135593e-05
2402,2.8285811306077444,4.876593062102426e-05
2403,2.7839200397309,4.9600686029215145e-05
2404,2.7592116724919764,5.007542798721992e-05
2405,2.7371322600255836,5.048714707038503e-05
2406,2.7134311319003577,5.093845540005183e-05
2407,2.773507813001689,4.981701305317518e-05
2408,2.906962818545111,4.7325308248351925e-05
2409,3.0035008960242036,4.558979006116629e-05
2410,3.065213511686984,4.4461527790580277e-05
2411,3.0715882480733567,4.436194106396686e-05
2412,3.047637108222676,4.4798815888235906e-05
2413,3.0191787258484237,4.533849976515233e-05
2414,2.739758265657018,5.043948620623826e-05
2415,2.7051272195614393,5.107929525445509e-05
2416,2.6663319862390242,5.182029654409231e-05
2417,2.6185371440819973,5.270838537216785e-05
2418,2.5994997459865883,5.3067275177189444e-05
2419,2.7530748616046807,5.0187250337609975e-05
2420,2.895119991004282,4.755472087158718e-05
2421,2.992588343449692,4.5784783928278887e-05
2422,3.0527436725577015,4.469281799651413e-05
2423,3.0638747910240123,4.4500619848906216e-05
2424,2.654274444356019,5.2043009045506304e-05
2425,2.5984333187411046,5.308629506977196e-05
2426,2.5353300979039055,5.4263662010640526e-05
2427,2.472755892182049,5.5436297546640554e-05
2428,2.577761165422376,5.3475194350877784e-05
2429,2.751031213459316,5.022990683200463e-05
2430,2.8914943459076823,4.762459378855658e-05
2431,2.995249266084091,4.571314865555722e-05
2432,2.5297527771204553,5.436692891247809e-05
2433,2.460195312453512,5.567577786475128e-05
2434,2.3930304717925526,5.692211059381362e-05
2435,2.4006937520629883,5.6795900073884376e-05
2436,2.5817757867914413,5.339874712760597e-05
2437,2.751633390510449,5.021663513627173e-05
2438,2.3939703390272897,5.691245397202078e-05
2439,2.338370088052547,5.7952429396706726e-05
2440,2.2970604214884536,5.8720490227515375e-05
2441,2.403764013253273,5.6751535362940834e-05
2442,2.304195343953461,5.858360432772916e-05
2443,2.2893790962305705,5.886110113887407e-05
2444,3.3359427973657425,3.935200655069895e-05
2445,3.3540983784003573,3.903093658290107e-05
2446,3.3755472985596917,3.8681103311946276e-05
2447,3.400042028935404,3.826619113349121e-05
2448,3.42235644004147,3.792013180987596e-05
2449,3.4338507930597513,3.7791880088885495e-05
2450,3.424800993122286,3.7987000962976356e-05
2451,3.3871901542807237,3.868926985972679e-05
2452,3.3180686229606566,3.994914290010382e-05
2453,3.2243831463716757,4.1655078642710576e-05
2454,3.13660213673477,4.325421886957259e-05
2455,3.353767277231397,3.9092476911568204e-05
2456,3.3492088345626327,3.9185131121933764e-05
2457,3.3440541624629585,3.932413243496897e-05
2458,3.3411569424845506,3.943584570931622e-05
2459,3.338850970387334,3.9514716426311865e-05
2460,3.332317574029742,3.964294685834271e-05
2461,3.3145897234962365,3.996438324147088e-05
2462,3.2783295562623227,4.063954746948438e-05
2463,3.220446784671228,4.169009021006086e-05
2464,3.1502145444258605,4.298236520102975e-05
2465,3.111222955283955,4.372074019436183e-05
2466,3.15095337827733,4.2972448022978744e-05
2467,3.2241774704387183,4.162196223640858e-05
2468,3.28894332407907,4.046261650926069e-05
2469,3.3333958503607395,3.966516150965496e-05
2470,3.3577608885564247,3.9201821742068704e-05
2471,3.367420046616056,3.897365406087395e-05
2472,3.3688503498079307,3.8871679981503695e-05
2473,3.3668577728922546,3.886190611330602e-05
2474,3.362763169798088,3.8911204055386636e-05
2475,3.310497977233298,3.9944816464816616e-05
2476,3.272789568453874,4.0676084060808764e-05
2477,3.2372001836008626,4.132940320586703e-05
2478,3.2103383369818963,4.181048447060209e-05
2479,3.1953981314315785,4.208770267412418e-05
2480,3.191765722249898,4.216867002197683e-05
2481,3.1913076647743828,4.216401843154249e-05
2482,3.1795955400474694,4.2399617997507625e-05
2483,3.147936617021166,4.2999563679927515e-05
2484,3.1058355302208556,4.3791945007486416e-05
2485,3.09500985237203,4.399676115438713e-05
2486,3.1238111022401855,4.3428841981966806e-05
2487,3.1723306023179005,4.254984294707939e-05
2488,3.218830134914234,4.17019336992878e-05
2489,3.2579095775847255,4.1003122432212426e-05
2490,3.2910131977759574,4.0399897448274025e-05
2491,3.320549076621985,3.9817778395655476e-05
2492,3.3468053896120686,3.925869336195414e-05
2493,3.1872385980908353,4.2226366075075715e-05
2494,3.121467176463689,4.3409149428210254e-05
2495,3.0691666069381487,4.436109556284984e-05
2496,3.038432974145344,4.4926144764884355e-05
2497,3.034470324822946,4.4992145110981864e-05
2498,3.0589719561569906,4.456084161989878e-05
2499,3.094421265561488,4.393133582594095e-05
2500,3.1124055847364898,4.361329333810772e-05
2501,3.102334810613738,4.380482761403187e-05
2502,3.087354160609281,4.40841285725007e-05
2503,3.0658870760962915,4.4486728725842785e-05
2504,3.0728863444371037,4.434424751985063e-05
2505,3.1056017554826956,4.3736289832057804e-05
2506,3.151914373330763,4.2895784686872285e-05
2507,3.20577673986216,4.194005295960501e-05
2508,3.2636755892856066,4.0893374215311085e-05
2509,3.0064975655603523,4.5496009510637035e-05
2510,2.939545932044257,4.6731141244431804e-05
2511,2.9002096435350544,4.7457984367570606e-05
2512,2.8861619184267173,4.77195121054561e-05
2513,2.9020034979972364,4.743214724346325e-05
2514,2.966393421295807,4.625208897008126e-05
2515,3.0356896044757753,4.498801399932883e-05
2516,3.0722243410428627,4.4329190566714605e-05
2517,3.087478374676167,4.407347252820266e-05
2518,3.0627892031149293,4.452634670560779e-05
2519,3.033654596852271,4.5067767998488664e-05
2520,3.029154643625093,4.51499508677512e-05
2521,3.0620280668812847,4.452878245756065e-05
2522,3.1251039353499643,4.336667363228203e-05
2523,2.842673700804396,4.8514099850522405e-05
2524,2.807028380946635,4.917976346119892e-05
2525,2.787586481014062,4.953526438085127e-05
2526,2.773947628137627,4.981846449784411e-05
2527,2.808763185741831,4.916360141420785e-05
2528,2.9186844623291712,4.712899908623821e-05
2529,3.0048241850238933,4.5546370722724844e-05
2530,3.0478646409039682,4.477381061447414e-05
2531,3.065543750236152,4.446971940342703e-05
2532,3.040934574723962,4.492990652776168e-05
2533,3.0123321061966295,4.5452755686232677e-05
2534,3.0123155493078997,4.544583606986163e-05
2535,2.7491808383021934,5.0253994267711526e-05
2536,2.7198787692084134,5.080928305460933e-05
2537,2.684934894522891,5.145709096081402e-05
2538,2.6578829373244015,5.197345389813968e-05
2539,2.7694474027554965,4.988538727729477e-05
2540,2.8995612940433815,4.746840780775634e-05
2541,2.989047900360327,4.582946034804837e-05
2542,3.0444987414491433,4.483661595600623e-05
2543,3.050812348013424,4.473064557655752e-05
2544,3.0318926004350475,4.50888289716485e-05
2545,2.6599845178690513,5.1941146769294055e-05
2546,2.6068255588903404,5.2929440588519635e-05
2547,2.548322455443754,5.402132103229156e-05
2548,2.6022451273746383,5.3009960672771124e-05
2549,2.7621538951220934,5.0019980365525716e-05
2550,2.892804214962571,4.76004134150528e-05
2551,2.988408057700362,4.5847229287857604e-05
2552,3.037548015365974,4.495985864092898e-05
2553,2.532089782840026,5.4326330009368954e-05
2554,2.462601356404297,5.562440650437942e-05
2555,2.4388558574724866,5.608162452540307e-05
2556,2.6034869799730465,5.299002653141167e-05
2557,2.7623679935346392,5.001044048853718e-05
2558,2.8911430065961587,4.762436577642826e-05
2559,2.392818606323858,5.693062207658837e-05
2560,2.3359473025932984,5.799289402196778e-05
2561,2.439210970347711,5.6072545680290505e-05
2562,2.606381336754028,5.2937449213950066e-05
2563,2.2999278858587013,5.866771723101714e-05
2564,2.2888588585103387,5.890529475837176e-05
2565,3.3282230632454426,3.960846255160029e-05
2566,3.3025811376737266,4.013846829277979e-05
2567,3.278010751404266,4.058630615737608e-05
2568,3.2568100874913637,4.0990472672567284e-05
2569,3.2377004394179894,4.1348160117312866e-05
2570,3.2156268456563155,4.174584433310428e-05
2571,3.1838037320245203,4.233465324355877e-05
2572,3.140599203313612,4.314447897480031e-05
2573,3.101047235983278,4.387927814728211e-05
2574,3.2181561200964373,4.165100067106933e-05
2575,3.166558502940447,4.2594758166674826e-05
2576,3.127158563594853,4.331422967649116e-05
2577,3.1058363880659985,4.371467933974411e-05
2578,3.10280546042835,4.376759707128153e-05
2579,3.1076608209673973,4.3689861371269906e-05
2580,3.1044565608643255,4.3753483667031264e-05
2581,3.0874379700107637,4.409273289925792e-05
2582,3.0746311393880776,4.432940138225142e-05
2583,3.072134287992962,4.437408222490748e-05
2584,3.0886868604407556,4.405190281763573e-05
2585,3.111112353739353,4.3639426956485554e-05
2586,3.1354167698172146,4.318094388148246e-05
2587,3.165917805618437,4.263293360347215e-05
2588,3.2059209708462384,4.190392223136509e-05
2589,3.2535701480331505,4.104111636421615e-05
2590,3.0479730349695107,4.473801343135339e-05
2591,2.992940687028906,4.574957122329292e-05
2592,2.9636975434612562,4.6303243535407525e-05
2593,2.9646029727494074,4.6290109348917994e-05
2594,2.9963402604865905,4.571240264931606e-05
2595,3.0353501508554017,4.4984269963240356e-05
2596,3.0555097297644087,4.464976261927034e-05
2597,3.0520548754287904,4.4723271543989726e-05
2598,3.046311156560789,4.483615457224465e-05
2599,3.0302555358735033,4.512710644737334e-05
2600,3.0295519739405217,4.5126719077337315e-05
2601,3.046952181741981,4.4791599611741e-05
2602,3.0828650044534425,4.4129422300675946e-05
2603,3.137465426568638,4.3143588257418393e-05
2604,2.881661899946013,4.779555183817033e-05
2605,2.8498435275399725,4.8385505008420815e-05
2606,2.8377670191623996,4.862340873938508e-05
2607,2.8615783891420565,4.818213106242472e-05
2608,2.933259432749884,4.6857704476125766e-05
2609,2.995234089068718,4.572400127540858e-05
2610,3.0252425244055763,4.518567929415198e-05
2611,3.0380318750408635,4.4970031562313626e-05
2612,3.01727812775746,4.53463735744805e-05
2613,2.99545426720009,4.575446336251729e-05
2614,2.993219607658224,4.577569913182708e-05
2615,3.0223862963743113,4.523839536501054e-05
2616,2.7753939041195905,4.975611389259313e-05
2617,2.7484260921395136,5.027977738362118e-05
2618,2.731507487195851,5.061217241921385e-05
2619,2.804909633949823,4.920815207451361e-05
2620,2.904984193151747,4.736686109134022e-05
2621,2.9737851975572727,4.6106776852142756e-05
2622,3.016565509908216,4.533867028986085e-05
2623,3.0163970921474363,4.535582039509935e-05
2624,2.9978927930832104,4.5690408505747964e-05
2625,2.98195624257505,4.599727894015379e-05
2626,2.676447594309245,5.162432525309571e-05
2627,2.6283039975169706,5.2535528693956416e-05
2628,2.662304057925167,5.18844563922353e-05
2629,2.78925449484584,4.9496352276872104e-05
2630,2.8937259624070366,4.757516195160114e-05
2631,2.962312936836642,4.632597743601807e-05
2632,3.002653811346641,4.559314622688952e-05
2633,3.007526293774466,4.551343894226294e-05
2634,2.540990114004236,5.415724158518233e-05
2635,2.5217787452320835,5.4525053486601626e-05
2636,2.6567952071897847,5.197328978380389e-05
2637,2.787131374271192,4.9542779617051276e-05
2638,2.88962783562243,4.765272019795496e-05
2639,2.963515855361322,4.629780657622898e-05
2640,2.4063248719918517,5.668972977928815e-05
2641,2.5195083490392958,5.4564762704880394e-05
2642,2.6604046487216277,5.190720789456791e-05
2643,2.7873077211312363,4.95340128738093e-05
2644,2.391514530508899,5.696860450170438e-05
2645,2.5238471594781426,5.447246540845182e-05
2646,3.1009860058935717,4.377890816615295e-05
2647,3.052180109678861,4.4685862824098366e-05
2648,3.0271537285819483,4.514797985051508e-05
2649,3.0242225958682667,4.520766388735426e-05
2650,3.0311671451480944,4.508553621136541e-05
2651,3.0357390459588465,4.501456303234429e-05
2652,3.036585463777198,4.5013000916977354e-05
2653,2.9390932492311705,4.674559755893236e-05
2654,2.9131370531257264,4.7239199096294064e-05
2655,2.918473220747854,4.714233884059902e-05
2656,2.950146306972543,4.6560776177052306e-05
2657,2.9825271615953595,4.595863629514578e-05
2658,2.9994960801911823,4.565985613359175e-05
2659,3.0066466412208976,4.5533070201926364e-05
2660,2.9951976855585847,4.5757486277827734e-05
2661,2.980893459977763,4.600257518599134e-05
2662,2.9707912575283983,4.6203691430905055e-05
2663,2.9733498037456543,4.6140953957528574e-05
2664,2.998958583708922,4.56571036956869e-05
2665,2.819134606735183,4.896982897584624e-05
2666,2.8094370238976407,4.916399877244398e-05
2667,2.849851251329361,4.8411223634716256e-05
2668,2.9108338216766287,4.727063936524077e-05
2669,2.954024131484922,4.648389079791296e-05
2670,2.9720258240135116,4.615301079608099e-05
2671,2.9764462570649233,4.6077958721233234e-05
2672,2.960893593054149,4.637091944940014e-05
2673,2.947537159032681,4.662453129338642e-05
2674,2.948510374002644,4.660117072777754e-05
2675,2.713019000175221,5.094670225901798e-05
2676,2.738309675562182,5.045565736460869e-05
2677,2.822494816400792,4.889659871465917e-05
2678,2.8930689755766017,4.7590172870939816e-05
2679,2.936550610550477,4.6781925198033086e-05
2680,2.9596500486386956,4.637689699765995e-05
2681,2.9565619207144995,4.6446968700582547e-05
2682,2.9474452725178364,4.66209766935393e-05
2683,2.625458224373917,5.257154187301758e-05
2684,2.722554870449735,5.074113232759829e-05
2685,2.8152889187889127,4.901248577138689e-05
2686,2.884812887706533,4.7735980002196096e-05
2687,2.9314390153277,4.6901759058486405e-05
2688,2.9511029937016664,4.652706573619115e-05
2689,2.6184017493803595,5.2697354440565806e-05
2690,2.7234223842557936,5.0729046444886614e-05
2691,2.813772369533376,4.905118397718869e-05
2692,2.8821836878353904,4.7785188866238855e-05
2693,2.623296655148117,5.260749636837975e-05
2694,2.7248194336138587,5.0700524334491514e-05
2695,2.8914976117671154,4.764708896553702e-05
2696,2.8990912283274097,4.750181976684644e-05
2697,2.9224627529316898,4.705413632502481e-05
2698,2.9443200487595047,4.666778085015056e-05
2699,2.956954371339373,4.6446365055824744e-05
2700,2.8195632746589063,4.8954740025642035e-05
2701,2.8586546778233717,4.8229733773989956e-05
2702,2.895009962417474,4.7557371476356354e-05
2703,2.917372936471326,4.715133031083372e-05
2704,2.9273839526875953,4.696412429930636e-05
2705,2.921478990763648,4.708515778827161e-05
2706,2.910074749682596,4.729981402412907e-05
2707,2.8998549460542313,4.747656670646209e-05
2708,2.791306605259529,4.9468145767882134e-05
2709,2.8429696844351624,4.84991603210274e-05
2710,2.879792276590073,4.784292428914422e-05
2711,2.8995256735755675,4.747053239870833e-05
2712,2.9078738851013464,4.732532086852454e-05
2713,2.907605050120772,4.7340071362386504e-05
2714,2.7855979116198535,4.9565058662163855e-05
2715,2.836852519634042,4.8617728186892436e-05
2716,2.872215299679079,4.7967212433641326e-05
2717,2.894763307269769,4.7563487388067044e-05
2718,2.7851076093528677,4.960486491482605e-05
2719,2.835149345292236,4.8659023555131474e-05
2720,2.8724352263456407,4.797890030513056e-05
2721,2.8834795003257043,4.77789525746937e-05
2722,2.8895117702886304,4.766598563702487e-05
2723,2.8580988228184254,4.823159784208162e-05
2724,2.8666956868864446,4.808089175758033e-05
2725,2.8717368130750685,4.797877179786668e-05
2726,2.875994430619697,4.790273357598274e-05
2727,2.8512121040787193,4.8353609503217966e-05
2728,2.8607858802860298,4.818899035822057e-05
2729,2.8583300542605947,4.823594915250139e-05
