Mode_Index,Frequency_THz,Cv_QPA_eV_K
0,0.0,0.0
1,0.2482090673369066,8.616302040661575e-05
2,0.472834966621984,8.61351876578037e-05
3,0.6702181150360329,8.609553224599735e-05
4,0.8478044850775155,8.604893738922124e-05
5,1.0117545854864443,8.599604462459081e-05
6,1.1647919934236661,8.593813563152232e-05
7,1.3074871681108597,8.587565908230264e-05
8,1.4389981374046996,8.581320830206914e-05
9,1.5569543961757282,8.575219085996656e-05
10,1.6568498048441296,8.569495272498526e-05
11,1.7315538310748466,8.56500709476346e-05
12,1.772258217066417,8.562426784228517e-05
13,0.24355073679768866,8.616257938688663e-05
14,0.4027075295883326,8.614502627558549e-05
15,0.5813042508592697,8.611484788807474e-05
16,0.7479915543203428,8.607634929715341e-05
17,0.9026686288432736,8.603204740804387e-05
18,1.048511354180836,8.598274954068617e-05
19,1.18773635364097,8.59282782524552e-05
20,1.3211213338742207,8.586867690100533e-05
21,1.4476603461951691,8.580883033704447e-05
22,1.5639646950681816,8.574798828779503e-05
23,1.6636489485763994,8.56911642268634e-05
24,1.737451241096744,8.564645462793374e-05
25,1.7520571942102288,8.563773510514512e-05
26,1.6981943056506175,8.566985716383489e-05
27,1.6110696414497256,8.572185396923066e-05
28,1.5026594403019637,8.578048024260344e-05
29,1.382438955934446,8.584025620136866e-05
30,1.2556264253395681,8.589855712315869e-05
31,1.1237313790398753,8.595390755579504e-05
32,0.9858536761476665,8.600467894159664e-05
33,0.839698802766697,8.60507994603694e-05
34,0.6821571929610916,8.609238615399615e-05
35,0.51129101243109,8.612751193582145e-05
36,0.3402725766430896,8.615248460074983e-05
37,0.43415746418984796,8.613972352334586e-05
38,0.5380829741145445,8.612265266029849e-05
39,0.6663704629586105,8.609628304058095e-05
40,0.7988197723955085,8.60625930587541e-05
41,0.9312025283281636,8.60229825882091e-05
42,1.0637131974068916,8.59772864556205e-05
43,1.1966646072667064,8.59244772683568e-05
44,1.3289291521386197,8.586641218698598e-05
45,1.4571946105963078,8.580430990457175e-05
46,1.5755166414857196,8.574198158931123e-05
47,1.6752443633919945,8.568501414500973e-05
48,1.7056047189559194,8.566652457302825e-05
49,1.6364042022206944,8.570722808243038e-05
50,1.5337801783417233,8.576437887181447e-05
51,1.415236768178584,8.582428845067968e-05
52,1.2933680553260385,8.588213880354134e-05
53,1.1743763399065221,8.593282413464572e-05
54,1.0591677820476844,8.597778542347503e-05
55,0.9455919934767865,8.601686525313518e-05
56,0.8307668669321973,8.605224962676145e-05
57,0.7136820203084028,8.60835815615959e-05
58,0.6000388526965724,8.61095353976718e-05
59,0.5522369932389495,8.611957343977625e-05
60,0.6149802458610756,8.610726557519921e-05
61,0.7082218549109573,8.6086107097408e-05
62,0.819292669773374,8.605656948863257e-05
63,0.9420059375356616,8.601954474502577e-05
64,1.072896719486698,8.597393908848024e-05
65,1.208576759199338,8.5919351459254e-05
66,1.3445530645653034,8.585921293474174e-05
67,1.4748062784988214,8.579561076324995e-05
68,1.5916873275362966,8.573338812428575e-05
69,1.638480566256161,8.570761833270521e-05
70,1.557431041038737,8.575134858154881e-05
71,1.4428602133763047,8.581074955558335e-05
72,1.3184008136023664,8.58705596136382e-05
73,1.198612633689867,8.592249090514287e-05
74,1.090668134388692,8.596572901635047e-05
75,0.9958417177112807,8.599938978620711e-05
76,0.9119421396743834,8.602657993701605e-05
77,0.8362140873031914,8.604948867523957e-05
78,0.768410079595,8.606867172832625e-05
79,0.6066092930037884,8.610897053041722e-05
80,0.6455694577979546,8.610078875266044e-05
81,0.7248276742365114,8.608209982204243e-05
82,0.8326918265519907,8.605262110150997e-05
83,0.9586788686809988,8.601381012035055e-05
84,1.0945207419144225,8.596586744718233e-05
85,1.2332477724548074,8.590948970377287e-05
86,1.3683436282192503,8.584809600066007e-05
87,1.4932532768497309,8.578637911374235e-05
88,1.558420455753738,8.575234052478582e-05
89,1.4712622937345086,8.579712295112639e-05
90,1.3525860143403685,8.585481676507042e-05
91,1.2293553201707639,8.590962488038541e-05
92,1.1163085627898586,8.595562957134327e-05
93,1.021458464811845,8.598992459365547e-05
94,0.9475344187600347,8.601453552737973e-05
95,0.8935735127188613,8.603138943584092e-05
96,0.8570834031978168,8.604259259990654e-05
97,0.6285320914357563,8.610458901820362e-05
98,0.6659193780611523,8.609629152386589e-05
99,0.7500313399343937,8.60754212212548e-05
100,0.8644717735435005,8.604318548305928e-05
101,0.9943633712125094,8.600145954736199e-05
102,1.1291378775496652,8.595233134917915e-05
103,1.2614297609436183,8.589699154345401e-05
104,1.3856797750420304,8.583987443815551e-05
105,1.4716811623292312,8.57981555361516e-05
106,1.3957478000814503,8.583470400664689e-05
107,1.2724901683011078,8.589173420275595e-05
108,1.1591537073843352,8.593834092940278e-05
109,1.058345155506001,8.597618615122396e-05
110,0.9782882126644101,8.600369771285842e-05
111,0.9237577824368479,8.602137248048701e-05
112,0.8961295705485816,8.603010873198324e-05
113,0.6599441856763119,8.609760878893768e-05
114,0.7098128711728169,8.608553682937594e-05
115,0.8010907436151056,8.60612645022209e-05
116,0.9146909877754038,8.602738930448475e-05
117,1.036376827619463,8.598670321029407e-05
118,1.157579433904179,8.59408588667809e-05
119,1.273367670034775,8.589215792482213e-05
120,1.3807928252707236,8.584241126083514e-05
121,1.3155112703034835,8.587218323059226e-05
122,1.207055921354705,8.591826202420728e-05
123,1.1122351327143913,8.595484887317226e-05
124,1.0296731287882555,8.598516047467181e-05
125,0.9667706225469727,8.600672352649908e-05
126,0.9300495309795541,8.601882898883148e-05
127,0.720610888210843,8.608256127296567e-05
128,0.7761011359044138,8.606786582998605e-05
129,0.8601122696197977,8.604371928461333e-05
130,0.957535778568442,8.601294872789703e-05
131,1.0589188177209101,8.597813563735421e-05
132,1.1595130717655542,8.5939705429958e-05
133,1.2573666964704395,8.589885925647051e-05
134,1.2400256180725926,8.590376262078343e-05
135,1.1561144365262594,8.59362301391999e-05
136,1.086564688964197,8.596226345989859e-05
137,1.0277455946781024,8.59840057139691e-05
138,0.9854230878603994,8.599933389052557e-05
139,0.7892533988029109,8.606375889703234e-05
140,0.8322533059823599,8.605130970465853e-05
141,0.8943016317820969,8.603282466485159e-05
142,0.9673113713604952,8.600956375160532e-05
143,1.047018391528711,8.598250003431114e-05
144,1.1318544786310463,8.595090242923003e-05
145,1.1696641810965365,8.592912705577933e-05
146,1.1271475771862953,8.594316031576125e-05
147,1.0766067857763815,8.596284506421706e-05
148,1.0455553995030744,8.597589150831769e-05
149,0.8295234630505588,8.60519210022518e-05
150,0.8484831830295124,8.604671948026739e-05
151,0.8859524775815902,8.603538539276088e-05
152,0.9400225811024588,8.601892901355618e-05
153,1.0096805161469473,8.599633174900429e-05
154,1.0940562128806115,8.59657428096747e-05
155,1.0922947563169552,8.595378673313924e-05
156,1.0776288974420458,8.59597266466221e-05
157,0.8227919428212144,8.605434851269073e-05
158,0.8207865712805084,8.605568998677343e-05
159,0.8456151054352692,8.604833992405406e-05
160,0.8982475526467371,8.603245580757825e-05
161,0.9766400798315032,8.600775666194991e-05
162,1.0680980548721837,8.596077318211636e-05
163,0.7806419394308352,8.606757785678106e-05
164,0.7747693542378061,8.606938978810553e-05
165,0.808088073926176,8.60598340055849e-05
166,0.8780935040536926,8.603879184745014e-05
167,0.7405493146419162,8.60787526239982e-05
168,0.7520537867314792,8.607557126492643e-05
169,0.49070249837720986,8.613050691424902e-05
170,0.6209278460308969,8.610567644966278e-05
171,0.7580359152478944,8.607313680019571e-05
172,0.8910896077825916,8.603493751416786e-05
173,1.0198936511831962,8.599225929007369e-05
174,1.1464640464715983,8.594470466797534e-05
175,1.272372796305226,8.589159625711873e-05
176,1.3972948085691508,8.583272821527628e-05
177,1.5174635317703014,8.57729651108981e-05
178,1.6242637469785364,8.571375853326926e-05
179,1.7024248764042171,8.566787092541492e-05
180,0.5964456933520275,8.611058189498866e-05
181,0.6889931532105721,8.609001918601088e-05
182,0.7976003779919653,8.606211022672186e-05
183,0.913143077993261,8.602784049178599e-05
184,1.033482974086411,8.598748752557121e-05
185,1.1581087265857428,8.594035612032303e-05
186,1.2857634090098775,8.58853659214588e-05
187,1.4129876190115438,8.582595126253176e-05
188,1.5324846419852354,8.576526931146365e-05
189,1.6282991874057073,8.571214849787813e-05
190,1.635310707494039,8.570800233538697e-05
191,1.5464212225123037,8.575740657385528e-05
192,1.430053948071976,8.581740998103088e-05
193,1.3068629933001126,8.587540114460527e-05
194,1.187220935450725,8.592780976348584e-05
195,1.0750910860899314,8.597195262741851e-05
196,0.970271055993503,8.600838539959686e-05
197,0.8708393804250424,8.604000141162771e-05
198,0.7757808639560916,8.606718451859009e-05
199,0.6884747499102145,8.608953897090543e-05
200,0.6475175828971798,8.609968830495656e-05
201,0.7179266485815059,8.608298589697721e-05
202,0.8146181861215167,8.605725226740032e-05
203,0.9274672668560593,8.602307709079902e-05
204,1.050505432882555,8.59813859346846e-05
205,1.179189025912368,8.593143478730307e-05
206,1.3088618230951925,8.587529978138927e-05
207,1.433213015014872,8.581630034862595e-05
208,1.5385433171856153,8.576192092904579e-05
209,1.5561448359365628,8.575334743823337e-05
210,1.4575692164506522,8.580371711984036e-05
211,1.3369860655551562,8.586235058958502e-05
212,1.2159937444897047,8.591525394360163e-05
213,1.1056041258344267,8.596007981352956e-05
214,1.0103762613440537,8.59939733421229e-05
215,0.9306941358737266,8.602032337087782e-05
216,0.8651160995982123,8.60404813411296e-05
217,0.812846738287998,8.60560977147287e-05
218,0.6690165245001987,8.609500550454035e-05
219,0.7378113352319595,8.60779656182581e-05
220,0.8386920201093764,8.60501960650097e-05
221,0.9573695837247523,8.60131700932696e-05
222,1.0839434398373917,8.596864782677686e-05
223,1.2113882097831388,8.591785065140759e-05
224,1.3337417824402356,8.586399887069418e-05
225,1.4408727989695178,8.581298866297038e-05
226,1.4686403370048262,8.5799366125655e-05
227,1.369380089294584,8.58475243784143e-05
228,1.2528905665100731,8.589964103428736e-05
229,1.1407132754480678,8.594574999239912e-05
230,1.043332364638252,8.598201690469268e-05
231,0.9661328678407058,8.600805574220589e-05
232,0.9110874055327907,8.602557177382092e-05
233,0.8778947483368156,8.603598302406842e-05
234,0.6995423254471861,8.608772367155593e-05
235,0.7789055879679022,8.606693369411052e-05
236,0.8856999629855005,8.603571399330724e-05
237,1.0037376204380888,8.599685567438713e-05
238,1.1230332436538337,8.595322021349068e-05
239,1.237405654440263,8.590703583907208e-05
240,1.340106726182115,8.586128851533894e-05
241,1.3801601756184114,8.584346330868403e-05
242,1.2887733762598312,8.588449668163353e-05
243,1.1854724169107027,8.592745647561087e-05
244,1.0891570968279898,8.596433605460257e-05
245,1.0086378472330582,8.599287436504711e-05
246,0.9498323926847416,8.601254854104805e-05
247,0.9168231849564565,8.60231338620622e-05
248,0.7579339134814866,8.60724421587365e-05
249,0.8408828650911838,8.604855538810614e-05
250,0.9403622083608753,8.601768445086213e-05
251,1.0437451815254186,8.598222305509272e-05
252,1.144347078349585,8.594466261375963e-05
253,1.2377912836842757,8.59070146975339e-05
254,1.2924684302595073,8.588330131099017e-05
255,1.2339585772109392,8.590631009461573e-05
256,1.1365578208938045,8.594429550404206e-05
257,1.0623624670710694,8.597235038538711e-05
258,1.0026488709160615,8.599369243749267e-05
259,0.9631702654201263,8.600731152433087e-05
260,0.8244776570699883,8.60534543440443e-05
261,0.8942567718923723,8.603191219485545e-05
262,0.972883373344902,8.600634831088856e-05
263,1.0537839039116461,8.597836121036458e-05
264,1.1339517128133554,8.594865534549652e-05
265,1.2023977423309928,8.592125406807334e-05
266,1.1715792466901376,8.592898022426702e-05
267,1.1035733404324077,8.595424107264038e-05
268,1.0558654769292453,8.597227328624373e-05
269,1.0205882698816153,8.598601422314996e-05
270,0.8643483307414691,8.604108154939233e-05
271,0.9109172432746796,8.602648238949013e-05
272,0.9665582395064032,8.600865745678394e-05
273,1.0299990007624051,8.598746673790524e-05
274,1.1001182457728258,8.596191374184362e-05
275,1.1173701095490125,8.594629144231e-05
276,1.082860478462335,8.595883247544756e-05
277,1.0638993607846712,8.596750008640436e-05
278,0.8592937518221253,8.60428612938664e-05
279,0.8867509128902334,8.603469118176926e-05
280,0.9309380610366926,8.602109163472857e-05
281,0.9930755352496334,8.600111565129321e-05
282,1.0697819383616474,8.596998648206582e-05
283,1.077622251927397,8.595929542024328e-05
284,0.8203158558940593,8.605578427475042e-05
285,0.8455907423148905,8.604817345378921e-05
286,0.8977009152594749,8.603206721355852e-05
287,0.9753437066383249,8.600717284512384e-05
288,0.7830517728608151,8.60669229543458e-05
289,0.8253327731834444,8.605422153138991e-05
290,0.7348457332181675,8.607795426272003e-05
291,0.8043764249997386,8.605902104478345e-05
292,0.8893875505493313,8.603408433516561e-05
293,0.9858698136631213,8.600294439185733e-05
294,1.0923113720930142,8.596499708321876e-05
295,1.2074533525743678,8.591923263780224e-05
296,1.3282171798218254,8.586580911917549e-05
297,1.447120633957791,8.580910985464057e-05
298,1.5448347268874476,8.575879918101034e-05
299,0.7560689215343909,8.607245652480467e-05
300,0.8245311796041106,8.6053198044676e-05
301,0.9134661564798496,8.602628861314812e-05
302,1.0152230066668764,8.599236373832142e-05
303,1.1247124510119142,8.595214331439664e-05
304,1.2380594042183104,8.590600742940522e-05
305,1.350229925783966,8.585611325763846e-05
306,1.447009439561025,8.580976334505313e-05
307,1.4534446298384465,8.580731781711483e-05
308,1.3561488110598001,8.585335984271973e-05
309,1.2435497842267722,8.590372188826033e-05
310,1.1349757187411527,8.594816656378177e-05
311,1.0372107934733765,8.598422553190622e-05
312,0.9532584393390401,8.601259361291489e-05
313,0.8849006338626969,8.603422371897973e-05
314,0.8342428027724221,8.604969348655154e-05
315,0.7851717900732279,8.606444585378334e-05
316,0.8634281664112219,8.604138349220453e-05
317,0.9585766791117581,8.60110631857501e-05
318,1.0604164829241387,8.597556670709942e-05
319,1.162994433675254,8.593688580707633e-05
320,1.2625154005780574,8.589546994599872e-05
321,1.350519049200066,8.585674188262189e-05
322,1.3703342780868752,8.584770255112198e-05
323,1.2718401513430957,8.589175413627926e-05
324,1.1723242606872022,8.593292199588544e-05
325,1.0811853349665712,8.596728892840014e-05
326,1.0039538652141973,8.599467984062531e-05
327,0.943787390167213,8.6014582437103e-05
328,0.9033365448436508,8.602774392354596e-05
329,0.8394490959821133,8.604850104811881e-05
330,0.9218685427567073,8.602235809419497e-05
331,1.011740016124644,8.599202811852378e-05
332,1.1006183806321956,8.595950881312317e-05
333,1.184751250531156,8.592771336891427e-05
334,1.2599916258961488,8.589712216357725e-05
335,1.2852567661457301,8.588674550106326e-05
336,1.2000495771442776,8.592144303230564e-05
337,1.119608003278477,8.595198883083352e-05
338,1.0500061555500186,8.597731206179335e-05
339,0.9952089257744494,8.599648557824273e-05
340,0.95858078499098,8.600891252680041e-05
341,0.9021782492269859,8.602848016889723e-05
342,0.9737446686490236,8.600422684199205e-05
343,1.0455166699434477,8.597898342174487e-05
344,1.1133157131314995,8.5954467405474e-05
345,1.1754919065589955,8.593136837785776e-05
346,1.2072474888385774,8.591853980811992e-05
347,1.1424651048883714,8.594179072299553e-05
348,1.0851405993404555,8.596265262901481e-05
349,1.039691943915046,8.597949181920247e-05
350,1.008578952582987,8.599095384734195e-05
351,0.9416103778189746,8.601513200197343e-05
352,0.9928626136287366,8.599752373387586e-05
353,1.0438469451960315,8.597943418843397e-05
354,1.094365921078741,8.596177731735022e-05
355,1.1354248328229504,8.594549069395666e-05
356,1.109773264530697,8.595133024209129e-05
357,1.066083500887036,8.59673668692383e-05
358,1.0460670832817347,8.597577960112163e-05
359,0.9402841490683315,8.601572231832551e-05
360,0.9747678277133687,8.600383942826154e-05
361,1.0150885522526423,8.599041416313372e-05
362,1.0629340215970668,8.597414412147455e-05
363,1.074427340426528,8.596214932253627e-05
364,1.0603352574031568,8.596724528018565e-05
365,0.9078716047864859,8.60270437354133e-05
366,0.9406126122441097,8.601626891864598e-05
367,0.9875881866653726,8.60006960636731e-05
368,1.0511575258576449,8.597911977672342e-05
369,0.8762292803475072,8.603800666428478e-05
370,0.9235998424825916,8.602185063124014e-05
371,0.8620293187614547,8.604108649405015e-05
372,0.9214662261169113,8.602224037727178e-05
373,0.9957548762489771,8.599775243804125e-05
374,1.079863162120498,8.596793817148116e-05
375,1.1708068295541263,8.593327362156188e-05
376,1.265503200727537,8.589427581574298e-05
377,1.3523330388315633,8.585626842820189e-05
378,0.9128324164570224,8.602488304725778e-05
379,0.976948263166123,8.600310109979035e-05
380,1.0470820538242576,8.597850670862053e-05
381,1.118908137082429,8.595215258109525e-05
382,1.1913243235794404,8.592498756209342e-05
383,1.2599718964127833,8.589725877878334e-05
384,1.2633991779502853,8.589614454338733e-05
385,1.190237630975898,8.59251790701942e-05
386,1.1169870404714144,8.595316189513577e-05
387,1.0517028209321169,8.597673370278544e-05
388,0.9955039150051318,8.599623455544966e-05
389,0.9505820457300876,8.601182097326402e-05
390,0.9725507298053884,8.600404529917476e-05
391,1.0277023535533039,8.59844386488765e-05
392,1.0812538998709849,8.596453511802296e-05
393,1.132274305815991,8.594646043321999e-05
394,1.1809682024690784,8.592922646356228e-05
395,1.1966223793222757,8.592294654745361e-05
396,1.1288323570363985,8.594794458881035e-05
397,1.078700872510536,8.596542624627032e-05
398,1.0396758035348024,8.597982141006183e-05
399,1.011395174313672,8.598995182483085e-05
400,1.012037867120358,8.598961793395798e-05
401,1.0487928744469945,8.597594363364979e-05
402,1.0823752465535266,8.596422137405558e-05
403,1.1148188099746257,8.595352602898813e-05
404,1.130682633199146,8.594706022113211e-05
405,1.0825091576127848,8.596317103205873e-05
406,1.0551175451446089,8.597257505169341e-05
407,1.041216140088133,8.597828133423971e-05
408,1.0144260449738511,8.598806607205782e-05
409,1.0353315111630956,8.598088688299025e-05
410,1.0577559365320246,8.597407547271594e-05
411,1.0783013601808373,8.596572929197918e-05
412,1.0517273062834918,8.597224793140262e-05
413,1.0456737644666463,8.597462566835807e-05
414,0.9879904644713625,8.599832671886565e-05
415,1.0064651804513862,8.59921014549429e-05
416,1.0343656488331934,8.598302172513324e-05
417,1.04577337254271,8.597295471580633e-05
418,0.961209737217031,8.600813919311562e-05
419,0.9920328155653176,8.599743822634072e-05
420,1.0076167882181875,8.599154104478857e-05
421,1.044309996476196,8.597803695419256e-05
422,1.0843783227616433,8.596363242281776e-05
423,1.1290510316310234,8.594808802124826e-05
424,1.1780465487054972,8.593073759491692e-05
425,1.0468839078299674,8.597641145737088e-05
426,1.06584876262485,8.59691628298846e-05
427,1.0859712697321176,8.596257875028739e-05
428,1.1111901084664995,8.595510181094491e-05
429,1.1095679368287548,8.595545336888601e-05
430,1.0787689841416719,8.596504836287902e-05
431,1.0593526686845105,8.597139221921223e-05
432,1.048765437089735,8.597539639178507e-05
433,1.0516656162359999,8.597393330247661e-05
434,1.054681826975216,8.597301878096525e-05
435,1.0625807913656644,8.597183211710948e-05
436,1.0671261962206455,8.596997166444202e-05
437,1.0425445946206555,8.597709070017326e-05
438,1.0443088680676493,8.597627639793527e-05
439,1.0290805229970899,8.598279354443644e-05
440,1.0285338275182738,8.598361940629361e-05
441,1.0346262064834872,8.59801625746082e-05
442,1.0236814115048287,8.59835026903334e-05
443,1.0053468634423413,8.599185627581356e-05
444,1.0159020482343954,8.598838898215765e-05
445,1.0538590167687285,8.597266798841852e-05
446,1.0482604023271325,8.597543089156443e-05
447,1.0551346500038077,8.597457991602912e-05
448,1.0328495057410718,8.598112457806722e-05
449,1.0228759030322048,8.598536484580419e-05
450,1.0170187206954133,8.598727087575042e-05
451,1.0231291075649729,8.59845783394094e-05
452,1.0105169391940274,8.598949410378209e-05
453,1.0091848347611951,8.598863596055976e-05
454,1.0011862501989075,8.599226535860933e-05
455,0.0,0.0
456,0.24820928728903793,8.616303536863571e-05
457,0.4728351786163682,8.613517198053996e-05
458,0.6702183539276025,8.609551320890031e-05
459,0.847804704552182,8.604871675665009e-05
460,1.0117547511667402,8.599567270050876e-05
461,1.1647920928955056,8.593764169296335e-05
462,1.3074872104460749,8.587579151522782e-05
463,1.4389981633469555,8.58125498507591e-05
464,1.5569544259377026,8.575184417246778e-05
465,1.6568498191680745,8.569549339466039e-05
466,1.7315538740466814,8.564970938993389e-05
467,1.7722582934607893,8.562426825572832e-05
468,0.24355090932164697,8.616257944014119e-05
469,0.4191035998876254,8.614281955851506e-05
470,0.6191082361608943,8.610715179384211e-05
471,0.8057574135550316,8.60607410951517e-05
472,0.9795398614087204,8.600657979494327e-05
473,1.1420854040068338,8.594642950400327e-05
474,1.2931851184964203,8.588101823934878e-05
475,1.4314161918355368,8.581601505288966e-05
476,1.5539116355272153,8.575314526326212e-05
477,1.6554106239895292,8.569523488746654e-05
478,1.7279062623848365,8.565180026411178e-05
479,1.7622415906384035,8.563075303714865e-05
480,1.7754716444942102,8.56226562759836e-05
481,1.7717701541094808,8.562411220253305e-05
482,1.7275459515091707,8.565212751856375e-05
483,1.6492014294341144,8.570007200189109e-05
484,1.5441567004101555,8.57591252503173e-05
485,1.418552111429116,8.582308205322166e-05
486,1.2769932901440477,8.588894624594692e-05
487,1.1229499701270445,8.595454954261726e-05
488,0.958972695284822,8.60140513577299e-05
489,0.7864066882372426,8.606588213988391e-05
490,0.6048951778737296,8.610998516310796e-05
491,0.4155282213333227,8.614423486319212e-05
492,0.4341575862616893,8.613972606657131e-05
493,0.5529476315190107,8.611982962062245e-05
494,0.7124701136674673,8.608513381615789e-05
495,0.8806632804028877,8.603838106057473e-05
496,1.046780428628223,8.598220503399939e-05
497,1.2060560846965658,8.591870437604677e-05
498,1.3552488313960556,8.585137964278046e-05
499,1.490501728844256,8.578420024436774e-05
500,1.6047993154806695,8.572332360890804e-05
501,1.6865334415477746,8.567709880798503e-05
502,1.7225380536895658,8.565549962672525e-05
503,1.7459775676939853,8.564082163646407e-05
504,1.7783947032776293,8.562050652751028e-05
505,1.7680566061462624,8.56267396619264e-05
506,1.7168616987427767,8.565885822941996e-05
507,1.6308821607236288,8.571035713965805e-05
508,1.5174065458654622,8.57735600026821e-05
509,1.383407949160389,8.583981095633948e-05
510,1.235194839491971,8.590735348837348e-05
511,1.0784168269328955,8.597051179553966e-05
512,0.918026122898039,8.60270639641752e-05
513,0.7583544151650802,8.607280655131801e-05
514,0.552237089686845,8.611957791236525e-05
515,0.6302823142069093,8.610391617468818e-05
516,0.7603217128645251,8.60726489432827e-05
517,0.9151455890421748,8.602735517112479e-05
518,1.07778343148052,8.597062621608343e-05
519,1.2379752908308863,8.59048417715365e-05
520,1.3880664635235662,8.583511075171349e-05
521,1.5188209108038713,8.57694188575493e-05
522,1.6153661994342803,8.571744445040011e-05
523,1.6586626846882087,8.569493734153952e-05
524,1.686141474753928,8.567759708551214e-05
525,1.748729230927639,8.563890619977776e-05
526,1.7718755672029387,8.562486901738147e-05
527,1.7525245479259697,8.563662460107315e-05
528,1.693114262895309,8.567450327689582e-05
529,1.6001522617057895,8.572848898549453e-05
530,1.481984172161844,8.579161881139017e-05
531,1.347202467564922,8.585657265588743e-05
532,1.2038175054867615,8.591998909143461e-05
533,1.0588266480694215,8.597818518501719e-05
534,0.6066093760826687,8.610896986124539e-05
535,0.6621207827893039,8.609689950574356e-05
536,0.7820062921565465,8.606665181486277e-05
537,0.9372512983615051,8.602010759520242e-05
538,1.1045005311350826,8.596009714779084e-05
539,1.267814388650549,8.589179883865443e-05
540,1.4138292940125912,8.582299049340819e-05
541,1.5253073481771935,8.57675546062927e-05
542,1.5782749234959916,8.574121899829101e-05
543,1.60107961777045,8.572802792705553e-05
544,1.6844777294577238,8.567924632416718e-05
545,1.7361073081093865,8.564802759141416e-05
546,1.7501076989460982,8.563980312991447e-05
547,1.7242959439092571,8.565523567476171e-05
548,1.6615308843542933,8.569351635045875e-05
549,1.568970631621423,8.574568130085682e-05
550,1.455892066329366,8.580464294632665e-05
551,1.3315582111576374,8.586401299019157e-05
552,0.6285322384949237,8.610454099874144e-05
553,0.6835197846373576,8.609199577728914e-05
554,0.8100154625687108,8.605876666646913e-05
555,0.9726371291352601,8.600795706150235e-05
556,1.1427839958492523,8.594495264342765e-05
557,1.300012811283227,8.587752037872624e-05
558,1.4241804346873193,8.581970857598468e-05
559,1.487627119849458,8.578969501862509e-05
560,1.4971970094930585,8.578429850186582e-05
561,1.5914532327375455,8.57332864927196e-05
562,1.6634841897877615,8.569145064033702e-05
563,1.7077373363060218,8.566600811724009e-05
564,1.7190762968040658,8.565967842437945e-05
565,1.695113112107292,8.567400139124939e-05
566,1.6383005047197448,8.570718983980079e-05
567,1.5556020066496241,8.575312355711261e-05
568,0.6599444135861905,8.609754652270342e-05
569,0.7276182634269917,8.608097029320917e-05
570,0.8612937811680115,8.604342120773751e-05
571,1.0228082519954742,8.598999633597146e-05
572,1.182285382306277,8.592867174347125e-05
573,1.3150119302638994,8.587190351654539e-05
574,1.3897433556546896,8.583892012399989e-05
575,1.381941295138667,8.584286979612263e-05
576,1.4777908973001437,8.579462456564616e-05
577,1.56213996422873,8.574959080859857e-05
578,1.6303423899172316,8.57118034926786e-05
579,1.6769938645546356,8.568496706861952e-05
580,1.6957734236844884,8.567394763617966e-05
581,1.682529846433167,8.568169248322551e-05
582,0.7206111765996,8.60824957382049e-05
583,0.7935672798480915,8.606289339777585e-05
584,0.9197079125450712,8.602470294107885e-05
585,1.0645837647596879,8.597432723140461e-05
586,1.1980285697444972,8.592254078232095e-05
587,1.284930292884205,8.58870094207026e-05
588,1.2908443489216008,8.588424331280196e-05
589,1.3519463241508387,8.585612745902139e-05
590,1.442912558641313,8.581161749997855e-05
591,1.5286494300947848,8.576753515730101e-05
592,1.6047654600411752,8.572609497990947e-05
593,1.6635430166378269,8.569277654302841e-05
594,0.7892537823663238,8.606387232224198e-05
595,0.849617590284994,8.604619187933911e-05
596,0.954447720035801,8.601302330273837e-05
597,1.0742929681362448,8.597049585321807e-05
598,1.1723436580142015,8.593310837649553e-05
599,1.1997690367951037,8.592100621803388e-05
600,1.2216506193489238,8.591434117147942e-05
601,1.3164453592588565,8.587267876731358e-05
602,1.4151020963586975,8.582554460994048e-05
603,1.5137699953130075,8.577521495470058e-05
604,0.8295240312337058,8.605205664804957e-05
605,0.8666197418653289,8.604119755772402e-05
606,0.9499409831474837,8.601465501555252e-05
607,1.0508347368738977,8.59789267163547e-05
608,1.111041848315882,8.59535443900771e-05
609,1.1066228459082539,8.595008581235972e-05
610,1.1917832645240447,8.59266803713118e-05
611,1.3003231543504243,8.587940181543186e-05
612,0.8227927728142426,8.605456677895053e-05
613,0.8415738176554889,8.604947204954037e-05
614,0.9213450616178904,8.602468925601648e-05
615,1.023702582295359,8.598695466528885e-05
616,1.0562869860636288,8.596662144536168e-05
617,1.0763758430412782,8.597236520292076e-05
618,0.7806430603590994,8.606746461948887e-05
619,0.8014492378962509,8.606193668990842e-05
620,0.9078412872022213,8.602988448630244e-05
621,1.0253345141099885,8.597841699131058e-05
622,0.7405506497927337,8.607859735417472e-05
623,0.7835981826565086,8.606722638237251e-05
624,0.5606754284287274,8.61192174044709e-05
625,0.7281610148871632,8.60815117598022e-05
626,0.8973863444003694,8.603384995380675e-05
627,1.0633648067589987,8.597670432845335e-05
628,1.222737811858143,8.591275586657139e-05
629,1.371932335840882,8.584453790680589e-05
630,1.5066330423492362,8.57779523817543e-05
631,1.6209395731751417,8.57154145554825e-05
632,1.7068839013462296,8.566483971813354e-05
633,1.7556700257423596,8.563450844737977e-05
634,1.7630524405100727,8.563047946378388e-05
635,0.6547427955529526,8.609900055796679e-05
636,0.7935961814308274,8.606402895123938e-05
637,0.9486382556932023,8.601717731755537e-05
638,1.109179594788737,8.595927327474004e-05
639,1.267268728156328,8.589242131009538e-05
640,1.4160103724513158,8.582263901553383e-05
641,1.547241465867869,8.575502643735485e-05
642,1.6493925601968231,8.569875956425624e-05
643,1.708829027807172,8.566438224036047e-05
644,1.7207351862829563,8.56567238428043e-05
645,1.7365378620191858,8.564623978729451e-05
646,1.7618754021706895,8.563065774133784e-05
647,1.7465950220281057,8.564117429359304e-05
648,1.687549389619958,8.567697101739764e-05
649,1.5914129829299022,8.57329962784044e-05
650,1.4677504283475706,8.579771866316041e-05
651,1.3259749947976305,8.586627977381447e-05
652,1.1742545026595568,8.593268236501252e-05
653,1.0196609039493483,8.59926770915928e-05
654,0.8686544349986655,8.604230838595851e-05
655,0.7009017112654335,8.608814560125532e-05
656,0.8215914862643495,8.605635910971441e-05
657,0.9712630915129516,8.600965136597988e-05
658,1.1333959661929254,8.594955870775455e-05
659,1.2946269422780057,8.587931377878648e-05
660,1.442880390244215,8.580944064900211e-05
661,1.5633557216235134,8.574724275920417e-05
662,1.636781822787971,8.570758759662922e-05
663,1.6530907847221206,8.56976706112966e-05
664,1.6748199544545481,8.568344683394575e-05
665,1.7283502601126788,8.565179818218598e-05
666,1.7482685171561239,8.563943333625698e-05
667,1.7241940290414484,8.565503227577716e-05
668,1.6575942314002994,8.569563292936125e-05
669,1.5564428169618656,8.575213126236686e-05
670,1.4316746446617081,8.581583901576775e-05
671,1.2943724576620304,8.587976008136029e-05
672,1.1543350884005208,8.594031573363435e-05
673,0.7199946066894981,8.608337603812998e-05
674,0.8397297453524231,8.60507970437398e-05
675,0.9949417975714848,8.600118729183344e-05
676,1.1624267636439525,8.59374136602156e-05
677,1.323328475685581,8.586708038333857e-05
678,1.459299902475076,8.580207426397144e-05
679,1.5466000018964987,8.575822054942042e-05
680,1.5670958260213814,8.57472824200508e-05
681,1.5851600237890815,8.573560482428123e-05
682,1.6568345211949445,8.569551586284117e-05
683,1.7070296395276188,8.56649759807452e-05
684,1.7208460058698314,8.565820510157639e-05
685,1.6934925089415116,8.567515684715107e-05
686,1.6274445651500395,8.57133406300551e-05
687,1.5312662508944535,8.576537372792403e-05
688,1.4164594698218447,8.582275312808655e-05
689,0.7469828809022984,8.607635672715787e-05
690,0.8748139272160568,8.604027933604767e-05
691,1.0346630295260506,8.59869329957444e-05
692,1.1990534144188447,8.592245363179357e-05
693,1.344613658831012,8.585837961316149e-05
694,1.44392065130297,8.581165300289927e-05
695,1.4696515581751999,8.579911558975182e-05
696,1.477220842172865,8.579295801233184e-05
697,1.556354194396594,8.575222297946397e-05
698,1.6279853195339853,8.571258962123134e-05
699,1.6759582560723323,8.568551182369118e-05
700,1.6917423250041645,8.567619357860173e-05
701,1.6706691632992723,8.568892038991151e-05
702,1.6145435577728777,8.572038516915796e-05
703,0.7995303495600715,8.606196106714175e-05
704,0.9273350695772282,8.602329312705879e-05
705,1.0783695213091602,8.597016663934777e-05
706,1.223625439506754,8.591226988691779e-05
707,1.3319914410986498,8.58655181704172e-05
708,1.3663090415605708,8.585040221016024e-05
709,1.3610190124789805,8.585066381950137e-05
710,1.4333603297851276,8.581527663353663e-05
711,1.522879707378096,8.577013417789265e-05
712,1.5971906428627582,8.573047151550429e-05
713,1.6524334907226452,8.56992517754757e-05
714,1.6790855074646394,8.568392777490035e-05
715,0.8596202187174525,8.604410495950558e-05
716,0.9715538537475006,8.600845406409003e-05
717,1.100336004430753,8.596185119287762e-05
718,1.2123219711976392,8.59176328837831e-05
719,1.2609798084335802,8.589759593463144e-05
720,1.2475378310175247,8.590112252980339e-05
721,1.3089154307772093,8.587494336392749e-05
722,1.404813103620233,8.583017232991073e-05
723,1.497572286026333,8.578425500139945e-05
724,1.5837373231105283,8.573783144102849e-05
725,0.8943921365137256,8.603293670871396e-05
726,0.9825009050657874,8.60045470179533e-05
727,1.0864580505368322,8.596694099091337e-05
728,1.1559326004122277,8.593878188063832e-05
729,1.1534050855891564,8.593585136130044e-05
730,1.1871746511242598,8.5927939723097e-05
731,1.2850745689091323,8.588599827292322e-05
732,1.3901508612230953,8.583697589747589e-05
733,0.8871161489747681,8.60356679752941e-05
734,0.9597754917572157,8.601259641563875e-05
735,1.0500496592804731,8.597888064883778e-05
736,1.0809245198035795,8.59610021232447e-05
737,1.0782088303617128,8.596424485531069e-05
738,1.1690518241769332,8.593573836775895e-05
739,0.8514851255280803,8.604690539440896e-05
740,0.934790277518728,8.602108371233797e-05
741,1.027603425387157,8.598050109504995e-05
742,1.0457007693999254,8.596944660033488e-05
743,0.8243047703975613,8.605609850057067e-05
744,0.9392970169535245,8.602070394374083e-05
745,0.91631677652754,8.602798548012671e-05
746,1.0595459080910599,8.597848652563362e-05
747,1.2127018551073614,8.591564387135714e-05
748,1.36519504719978,8.584709085177809e-05
749,1.5054896137141154,8.577842255840807e-05
750,1.619877401732836,8.571633028312109e-05
751,1.6930595247357312,8.567403453392389e-05
752,1.7143850584338847,8.566073123621691e-05
753,1.691660816983159,8.567372172364263e-05
754,0.9360280025928419,8.602170673404923e-05
755,1.0800600515865124,8.59710077532901e-05
756,1.2373082891756573,8.59059855564177e-05
757,1.3912913322819085,8.583550789187861e-05
758,1.523947412796928,8.576909750890821e-05
759,1.6135534898859902,8.572118371431922e-05
760,1.641513765034848,8.570487925574199e-05
761,1.6166356160772826,8.571716143369919e-05
762,1.6203607075485233,8.571463404824944e-05
763,1.6730418022190516,8.568510920239911e-05
764,1.6945483189607418,8.567398668093241e-05
765,1.6652168730475658,8.569126550857318e-05
766,1.5856102035723783,8.573592220479326e-05
767,1.4689008483410315,8.57973202729234e-05
768,1.3321580478353323,8.586352556254478e-05
769,1.1912380485495793,8.592564302435783e-05
770,0.9578692575122518,8.601447195170313e-05
771,1.1074709132084355,8.596055893757817e-05
772,1.2659635000595806,8.589368868690611e-05
773,1.4107826431398043,8.582684562149483e-05
774,1.5150299492397132,8.577536037268028e-05
775,1.5503129095793808,8.57566954326614e-05
776,1.5224635541258573,8.576934892527359e-05
777,1.5152828684076682,8.577103620470979e-05
778,1.5900677014227118,8.573299960100825e-05
779,1.6465477467580765,8.570191352426334e-05
780,1.665520680735335,8.569214178005104e-05
781,1.6361259420843905,8.570886522082577e-05
782,1.5609295472780618,8.574974634243272e-05
783,1.4536830959868645,8.580479872219718e-05
784,0.9967166592785329,8.60013158757661e-05
785,1.1438470281606452,8.594595547950524e-05
786,1.28962084975292,8.5883706249079e-05
787,1.4034380157344548,8.583169923807327e-05
788,1.44731497869542,8.581089590688318e-05
789,1.4194402074707244,8.582238730375505e-05
790,1.4015799218809029,8.582916190805411e-05
791,1.4816591375018495,8.579025682343081e-05
792,1.5600059308770986,8.575015752482361e-05
793,1.6190742358618195,8.571831227715273e-05
794,1.6434931098085552,8.570531140732094e-05
795,1.6235080777171866,8.571608829135196e-05
796,1.0397435661391479,8.598560883160165e-05
797,1.1691419421620504,8.593621321615885e-05
798,1.2837060184717968,8.58874832239558e-05
799,1.3378361324780426,8.586377823557914e-05
800,1.3152121035738547,8.587189400946816e-05
801,1.2886658806239428,8.588191328435424e-05
802,1.363195247355322,8.5848768700548e-05
803,1.4523686093696129,8.580642802543992e-05
804,1.5383723236612366,8.576146341657276e-05
805,1.607192679557138,8.572563195438832e-05
806,1.0607631088620226,8.597767453839729e-05
807,1.1613728800361536,8.593926103104593e-05
808,1.2262197750552175,8.591248029269484e-05
809,1.215946903757558,8.591380862399838e-05
810,1.1848453362490043,8.592536192266977e-05
811,1.2321952475527578,8.590853832305876e-05
812,1.3389441149200128,8.586140588441891e-05
813,1.4400780549414698,8.581218736000153e-05
814,1.0464298573984547,8.598289408870038e-05
815,1.116140088369919,8.595556807332957e-05
816,1.1278148702542254,8.59463169190573e-05
817,1.10254810614676,8.595338704236828e-05
818,1.132906681880956,8.59487625010016e-05
819,1.2315557980055019,8.590900360500352e-05
820,1.0127790044213187,8.599401860672731e-05
821,1.056512902844784,8.597154971214014e-05
822,1.051848380700815,8.596943889287829e-05
823,1.0540036683993212,8.596754625546798e-05
824,1.0043270993120872,8.599302405053378e-05
825,1.0269920630267935,8.597672211852175e-05
826,1.2149716267761523,8.591581954876016e-05
827,1.3579044971426846,8.585126299078185e-05
828,1.4883419442228325,8.578806838775015e-05
829,1.5822547973621064,8.573891231695816e-05
830,1.6173776346191633,8.571940810173559e-05
831,1.5917889622914057,8.573244036977496e-05
832,1.5335111320033843,8.576153906258867e-05
833,1.2433639880194463,8.590422946191206e-05
834,1.3781261962949944,8.584304902516495e-05
835,1.4826046039666396,8.579251815174004e-05
836,1.5240488132759604,8.577100360966698e-05
837,1.4955106686512734,8.578450817556274e-05
838,1.432329431493365,8.581416639452471e-05
839,1.4251059786137978,8.581696359732336e-05
840,1.4998745510866154,8.578059981146574e-05
841,1.565038008788898,8.574762843433992e-05
842,1.5908815758749195,8.573469042735392e-05
843,1.5586682257818192,8.575159609829648e-05
844,1.4733464024086609,8.579598166822692e-05
845,1.267196226236087,8.589398455189312e-05
846,1.3733919965944046,8.584656908714762e-05
847,1.4210213760204804,8.582430296017288e-05
848,1.3930809311000674,8.58361487716183e-05
849,1.3293323223263755,8.586426340846463e-05
850,1.2994047080977877,8.587706137910978e-05
851,1.3885657161870864,8.58372219825261e-05
852,1.474452416103985,8.579482253794836e-05
853,1.5455806361310673,8.575900128110539e-05
854,1.579201547925379,8.574124102597873e-05
855,1.2625632260018367,8.589688569580461e-05
856,1.3140461230016076,8.587442876868249e-05
857,1.2913002757898926,8.588364017640453e-05
858,1.232060797594862,8.590705015973124e-05
859,1.196820636725026,8.592118871859417e-05
860,1.2750041404709165,8.588940386522339e-05
861,1.367917705718295,8.584763142830358e-05
862,1.4640239796029753,8.580081134167525e-05
863,1.2093509892693057,8.592022437207919e-05
864,1.1965734733955877,8.592259146068461e-05
865,1.1470104904856044,8.593909635035576e-05
866,1.1116202942509155,8.595352055862464e-05
867,1.1712586413122095,8.59331930551591e-05
868,1.2626062707294354,8.589556103338296e-05
869,1.1157677799171781,8.595153194119058e-05
870,1.0814544920767504,8.596112413441172e-05
871,1.053880412445193,8.597062704090384e-05
872,1.0816260294335698,8.5967374304988e-05
873,1.0410173491980137,8.597397835096147e-05
874,1.033946871752563,8.597525547733048e-05
875,1.4683813118574793,8.579948000604832e-05
876,1.5034182753142866,8.57823372369589e-05
877,1.4721770738530309,8.579662519209975e-05
878,1.4007583195012783,8.583126521768787e-05
879,1.3232598590558107,8.58664643048397e-05
880,1.409052416914011,8.582969480826672e-05
881,1.3754047718639082,8.584499816309975e-05
882,1.3022096720035732,8.587806254299098e-05
883,1.226263150506788,8.590940131959228e-05
884,1.2145082583001863,8.591444199559635e-05
885,1.2924191484088439,8.588150128096293e-05
886,1.3824695687511301,8.584073465486552e-05
887,1.4623150374860316,8.580225870871071e-05
888,1.2812936589345603,8.588840604829185e-05
889,1.2114619634570072,8.591609137780053e-05
890,1.1418793534231402,8.594212121795187e-05
891,1.1093355599484596,8.595555569295229e-05
892,1.1885860460722755,8.592615378239264e-05
893,1.2815202572171818,8.588719200889128e-05
894,1.1357610323613576,8.594321031173487e-05
895,1.077914211007118,8.596395447890752e-05
896,1.048930403575574,8.597634905204556e-05
897,1.1025200000204296,8.595863283173414e-05
898,1.0414370204111143,8.597460978302442e-05
899,1.0253160287408132,8.598084949143383e-05
900,1.2922350511805354,8.588270883439204e-05
901,1.202974768444779,8.591949129539278e-05
902,1.1291114229741797,8.594800103421255e-05
903,1.1288291494276754,8.594695629629411e-05
904,1.0638862976652521,8.597041633569254e-05
905,1.0518622228836805,8.597597166739662e-05
906,1.1147652038841585,8.595368596387503e-05
907,1.0280449282021116,8.598163259527609e-05
908,1.0112782503389548,8.598973727122792e-05
909,1.0131143045751425,8.598825549593266e-05
910,0.0,0.0
911,0.3283138850994642,8.615424486475403e-05
912,0.6440050068834211,8.610001543237679e-05
913,0.9365411039645803,8.601885130370566e-05
914,1.1993200100893695,8.591694060119068e-05
915,1.4309580116515606,8.580514334073233e-05
916,1.6356940369491242,8.568597886215864e-05
917,1.8225710225217604,8.556304141748977e-05
918,2.0030737539475014,8.544080294426686e-05
919,2.1871959568495996,8.530724032153237e-05
920,2.3784763793172745,8.514883454257916e-05
921,2.567560065682924,8.495423250838773e-05
922,2.7140309152611466,8.480809575729767e-05
923,0.4309408746716451,8.614205268895672e-05
924,0.6727832396045514,8.609542865921542e-05
925,0.9320078728711962,8.602218926067125e-05
926,1.1812451928672465,8.592553380550674e-05
927,1.4089680197533234,8.581741207064465e-05
928,1.612881902181076,8.570316861409448e-05
929,1.7973796900587282,8.558247053040086e-05
930,1.9707874373608814,8.546455058798187e-05
931,2.1419175325963917,8.534197520844824e-05
932,2.315576252919856,8.52055113519733e-05
933,2.4859164430742076,8.504311590451096e-05
934,2.6236480804033095,8.489306258130148e-05
935,2.668027034129436,8.484333734235365e-05
936,2.588918355059915,8.491917351274679e-05
937,2.435749854856632,8.508837057651932e-05
938,2.2602424814325297,8.525007179348085e-05
939,2.0835752743183926,8.538485239401325e-05
940,1.9085454739489274,8.550682928925385e-05
941,1.7291679265905606,8.562648597643201e-05
942,1.5362483188217244,8.57469604857235e-05
943,1.3217165144740552,8.586082758673571e-05
944,1.0818737442348858,8.596712771964211e-05
945,0.8197541528998841,8.605605125893231e-05
946,0.5490045316757369,8.612085526241484e-05
947,0.8506301512216785,8.604817608170523e-05
948,1.0643268331364626,8.597271770007058e-05
949,1.279155265533263,8.588049536523944e-05
950,1.4826254287543235,8.577972183308784e-05
951,1.6687371066422565,8.567233754877227e-05
952,1.8361625411265705,8.5562315200339e-05
953,1.9873107619047827,8.545894298587648e-05
954,2.126475457397824,8.535864631816906e-05
955,2.257347795200816,8.525973337640021e-05
956,2.378905800043879,8.515120112758052e-05
957,2.479150984485643,8.505593493367959e-05
958,2.5355196100608426,8.498644063085952e-05
959,2.5242669083588556,8.497917269544995e-05
960,2.450344301067731,8.50615925851855e-05
961,2.328967732859793,8.51907687743665e-05
962,2.1816531981535916,8.531369486772433e-05
963,2.0227178331789326,8.5430950569923e-05
964,1.8556833500799286,8.554357362812728e-05
965,1.6776591592731,8.566267898226614e-05
966,1.48408249162171,8.57779162319775e-05
967,1.2726063638236507,8.588465019015589e-05
968,1.0464100591601537,8.598119081201316e-05
969,1.2484405144054425,8.589432219856916e-05
970,1.4371272002247046,8.580132950785946e-05
971,1.6119626725678096,8.570731623487361e-05
972,1.7686329046036486,8.560703133531059e-05
973,1.9053832371170298,8.55196906748002e-05
974,2.0210588322915823,8.543938375348563e-05
975,2.115893897766911,8.536897454567112e-05
976,2.1923799787123293,8.530945098097334e-05
977,2.256557517697091,8.525471236732788e-05
978,2.316244985385091,8.520174644851667e-05
979,2.371025964008576,8.514602804689966e-05
980,2.4060673004065998,8.509149428338747e-05
981,2.398227730571899,8.510039220840162e-05
982,2.3514332870491153,8.515755371699456e-05
983,2.2635232075280096,8.524595414047777e-05
984,2.1408992481296436,8.534591396960744e-05
985,1.9948452524037188,8.544990491387274e-05
986,1.8326957899589564,8.55578114411113e-05
987,1.6569147575679548,8.567475144750667e-05
988,1.4687607620699814,8.578642053521927e-05
989,1.6112472233521287,8.570609162795342e-05
990,1.7659720392650287,8.560822598046596e-05
991,1.8857605339860055,8.552997400153882e-05
992,1.9772568613890973,8.547003880357604e-05
993,2.044555653216361,8.542113631059586e-05
994,2.087436699505435,8.538950341424979e-05
995,2.109122517022914,8.537032748495887e-05
996,2.121601208350131,8.535527991414755e-05
997,2.146088802218195,8.533451119246216e-05
998,2.1950968045204897,8.529348360737468e-05
999,2.2657802792689616,8.52199014805616e-05
1000,2.302263769535923,8.517573146321672e-05
1001,2.3123985478190394,8.517885516086058e-05
1002,2.2957724489706366,8.521267242776929e-05
1003,2.242015474842554,8.526661554115848e-05
1004,2.137338196066698,8.534936538002941e-05
1005,1.9928607350943612,8.545109326737372e-05
1006,1.828933998949388,8.55583323374413e-05
1007,1.9165428713744945,8.551481914218947e-05
1008,2.005221420989023,8.544991602505636e-05
1009,2.0341785090112556,8.542538645565071e-05
1010,2.0438321619014057,8.541635649653808e-05
1011,2.0336414438388912,8.542312469768725e-05
1012,2.0066043596698333,8.543964018078376e-05
1013,1.9778528871016798,8.545461409673084e-05
1014,1.9750896517121137,8.545175632614531e-05
1015,2.018598124984043,8.542215256878644e-05
1016,2.091686071232462,8.535631702678936e-05
1017,2.191006312398503,8.526451459736163e-05
1018,2.242072732424881,8.523452196278371e-05
1019,2.274973022627016,8.523036390233922e-05
1020,2.2967395126020493,8.522813377048916e-05
1021,2.2743076196831904,8.52469839713707e-05
1022,2.150192200214517,8.533766494647088e-05
1023,2.1206694850738317,8.536853824507393e-05
1024,2.0690396597320078,8.53959794189257e-05
1025,2.0221900531059482,8.5425473842867e-05
1026,1.9614863874725037,8.54682147705051e-05
1027,1.8915978104957545,8.551206176443153e-05
1028,1.830108062682885,8.554994315568494e-05
1029,1.8065235219196716,8.555989607768758e-05
1030,1.846425033293771,8.553493138066852e-05
1031,1.9300692096639107,8.54769322508087e-05
1032,2.074468932995844,8.535853698947543e-05
1033,2.169958478611254,8.529067091885921e-05
1034,2.2405827461293466,8.52612887579419e-05
1035,2.296608887774056,8.523818127136515e-05
1036,2.352464120883126,8.520745952014681e-05
1037,2.0891838451749187,8.5377421751687e-05
1038,2.0027519219624272,8.543376581843415e-05
1039,1.8843451961334294,8.551630188496096e-05
1040,1.7721426944509735,8.559363819115526e-05
1041,1.6823927646891323,8.564979589413579e-05
1042,1.6406282221568362,8.567039975920268e-05
1043,1.677326254878635,8.564343016207948e-05
1044,1.770569890289252,8.558467907653516e-05
1045,1.9448861274291118,8.546310244539633e-05
1046,2.0940582406451593,8.534943852256357e-05
1047,2.2237009425831746,8.52757717522131e-05
1048,2.279797473684565,8.525895118716071e-05
1049,1.956324580456731,8.547898372835595e-05
1050,1.7982387256809678,8.557689732953068e-05
1051,1.6504483781738004,8.567545738802356e-05
1052,1.5369526373773055,8.574274457483384e-05
1053,1.4764870557612608,8.577333374415595e-05
1054,1.5056761985341842,8.575652242948853e-05
1055,1.6077088349530795,8.569650124536885e-05
1056,1.7411165269150195,8.560680436587171e-05
1057,1.9716794626197254,8.544663008771144e-05
1058,2.154306242493433,8.531974530365647e-05
1059,1.6694563087314955,8.566810749101914e-05
1060,1.5200898033496455,8.57560566635089e-05
1061,1.3949594789102857,8.582432280754329e-05
1062,1.3170215784570811,8.586241397122424e-05
1063,1.326951257266444,8.585740910351135e-05
1064,1.4351730850108864,8.580119982452257e-05
1065,1.5805038179683537,8.571702378871523e-05
1066,1.7955445253395175,8.557293141677982e-05
1067,1.3830144611635962,8.583262482504983e-05
1068,1.2609348766058213,8.589221803164663e-05
1069,1.174842684898234,8.592776814125151e-05
1070,1.1498394094384943,8.593844238884852e-05
1071,1.2528408932974047,8.589668708598348e-05
1072,1.4131712269975574,8.581639265135263e-05
1073,1.1471651986395863,8.59402497798002e-05
1074,1.067843235235053,8.596791328124501e-05
1075,1.0291100600855134,8.59807720692222e-05
1076,1.0719062817237233,8.597297410936612e-05
1077,1.0060088782957384,8.598947798757627e-05
1078,0.9916364895175795,8.599362136267365e-05
1079,0.8904865034947601,8.603596585227178e-05
1080,1.1217423958428145,8.595103711804169e-05
1081,1.3441888660118426,8.585015981658764e-05
1082,1.549009774688445,8.574278941935246e-05
1083,1.7346445834640545,8.562554457460978e-05
1084,1.9044526326999807,8.551148699917474e-05
1085,2.064077740183912,8.540235570732395e-05
1086,2.2179713582656686,8.528745933862754e-05
1087,2.3645579851072434,8.516220820412366e-05
1088,2.489716105002485,8.502979974445996e-05
1089,2.5656487596473885,8.494916766163936e-05
1090,1.2624187960740796,8.588696238038336e-05
1091,1.4570681863447277,8.579311409224522e-05
1092,1.638051896740888,8.569237537245476e-05
1093,1.8012114408066315,8.558612195524898e-05
1094,1.9455485812318423,8.548747925182422e-05
1095,2.0721479048410103,8.540152030656693e-05
1096,2.182983631618676,8.531710663516361e-05
1097,2.279530677478812,8.523562743730039e-05
1098,2.360702111244616,8.515934871641316e-05
1099,2.4208112344895474,8.510090128477427e-05
1100,2.450441290090051,8.50622434217963e-05
1101,2.4320039522850325,8.507492569936625e-05
1102,2.374010569600038,8.51377734918758e-05
1103,2.2798926642560287,8.523337643188446e-05
1104,2.1596400832702924,8.533324279745264e-05
1105,2.0221581107088693,8.543418988909472e-05
1106,1.8706013344170918,8.553579997793093e-05
1107,1.7042518923903418,8.564666807949885e-05
1108,1.5219684199147998,8.575815322883652e-05
1109,1.3252803651175202,8.58599347081535e-05
1110,1.6094045401534063,8.570677627335226e-05
1111,1.7624264586541014,8.561105854736654e-05
1112,1.8921261078223044,8.552768905420986e-05
1113,1.9978354857139686,8.545734466301973e-05
1114,2.079098764614332,8.5398184406586e-05
1115,2.1372854616678545,8.535115192339909e-05
1116,2.1785500460027674,8.531392633831617e-05
1117,2.2154835946178038,8.527944426305796e-05
1118,2.2590009710172496,8.5245626364959e-05
1119,2.30389425463212,8.519623124800515e-05
1120,2.333640883270691,8.515540324172213e-05
1121,2.330065190544531,8.516409838323475e-05
1122,2.298684831640473,8.520619133424924e-05
1123,2.23532124764032,8.527197291807108e-05
1124,2.1373852104368876,8.535053278605319e-05
1125,2.010018589706227,8.544112086965203e-05
1126,1.8612699734698022,8.554066348448878e-05
1127,1.69695522075667,8.565094026756007e-05
1128,1.8950607546771299,8.552582826582925e-05
1129,1.9825087532857588,8.546602445260517e-05
1130,2.0373614471266013,8.542504758920158e-05
1131,2.065526245926628,8.540354557343488e-05
1132,2.0703000315995936,8.539675306463533e-05
1133,2.061787653341565,8.539673182425775e-05
1134,2.061218687152407,8.539367518575248e-05
1135,2.091142171946841,8.537083412891912e-05
1136,2.1466743332538303,8.532735266539456e-05
1137,2.2185101598184627,8.525426464265219e-05
1138,2.254314658492557,8.522144879429882e-05
1139,2.270839859473237,8.521905178763204e-05
1140,2.271112538045687,8.523835709764717e-05
1141,2.2397634562710453,8.527400095441452e-05
1142,2.1483406934657494,8.534324770818407e-05
1143,2.0130181733693835,8.543881184668018e-05
1144,2.0510235254838816,8.541210663773494e-05
1145,2.0512664532228193,8.54073081629437e-05
1146,2.026982155921314,8.542438311846664e-05
1147,1.9833423686804879,8.545300070406117e-05
1148,1.9335361804653461,8.54823535962586e-05
1149,1.9030079689575907,8.549921349380505e-05
1150,1.9225732410274006,8.548811691233244e-05
1151,1.9873356887519698,8.544238016253861e-05
1152,2.0957196511383485,8.535358800286853e-05
1153,2.1702846205121875,8.528867859300907e-05
1154,2.224872038076983,8.52607153997217e-05
1155,2.269110631467247,8.5245621547222e-05
1156,2.3107385171992068,8.522282603745222e-05
1157,2.276738996326267,8.524071567245193e-05
1158,2.040702163494781,8.540826071038841e-05
1159,1.972044774143703,8.545606677602963e-05
1160,1.8840292305995574,8.551549116862698e-05
1161,1.7992436920620778,8.557017822083877e-05
1162,1.7439909765957191,8.56047599187728e-05
1163,1.7542836397654815,8.559459366269423e-05
1164,1.8274443994003655,8.555134294468344e-05
1165,1.9258250645852149,8.547687303650243e-05
1166,2.0817800861377873,8.5359087245348e-05
1167,2.1845029262969806,8.529425928817482e-05
1168,2.26151724568162,8.525861243939803e-05
1169,2.3117290036635945,8.523618280349632e-05
1170,1.9047026889888197,8.550240427876564e-05
1171,1.7771026484355217,8.559059079669714e-05
1172,1.6627189919199685,8.5663589131228e-05
1173,1.5857886121255558,8.570890272206858e-05
1174,1.5839927150688344,8.570670474353622e-05
1175,1.6634797780127388,8.565866718897479e-05
1176,1.7789637872414452,8.558404097200527e-05
1177,1.969348851745768,8.544751230479511e-05
1178,2.131550564758348,8.533749073262894e-05
1179,2.2732842613568565,8.525995643901003e-05
1180,1.656657964250375,8.567282452300636e-05
1181,1.525004055992285,8.575265229638436e-05
1182,1.4306382217835607,8.580304121668803e-05
1183,1.4096832572929303,8.581276840017695e-05
1184,1.4900380536767144,8.577146566026203e-05
1185,1.6197969680076962,8.569337928177112e-05
1186,1.8137986201008072,8.556220195465988e-05
1187,1.993892307407308,8.543532441328233e-05
1188,1.3878717552760467,8.582921314319439e-05
1189,1.284768724674711,8.587935853011301e-05
1190,1.2379666706808585,8.590014871835886e-05
1191,1.3052534213225926,8.58701812653833e-05
1192,1.4477317986477154,8.579735146048893e-05
1193,1.608870280882688,8.570318262265118e-05
1194,1.1596953694289212,8.593456083699807e-05
1195,1.097057443797429,8.595729512517716e-05
1196,1.1172243479718467,8.59547068108971e-05
1197,1.2714989129591903,8.588889256446255e-05
1198,1.0166364239967538,8.598504348017524e-05
1199,1.0081164242859655,8.598566558344595e-05
1200,1.6312217671327476,8.569581439678906e-05
1201,1.7906793513066792,8.559186584062873e-05
1202,1.930354089054298,8.550026233455858e-05
1203,2.0480043164246924,8.542155256625358e-05
1204,2.143018410520857,8.534878418787665e-05
1205,2.21649120137942,8.528554315228532e-05
1206,2.2715947600162116,8.522764830831325e-05
1207,2.311460407415435,8.519060142918547e-05
1208,2.335255941478254,8.517108351365842e-05
1209,1.8937683926659823,8.552515008319684e-05
1210,1.9980593801132622,8.545550043097425e-05
1211,2.071388291720171,8.54026905138425e-05
1212,2.114682825734497,8.537096929170811e-05
1213,2.1358459481794227,8.534840569291767e-05
1214,2.150375126539909,8.53274832727632e-05
1215,2.174285436781489,8.530724965544505e-05
1216,2.206890177845852,8.528210971806492e-05
1217,2.238222505379634,8.525050466651712e-05
1218,2.2458785743395984,8.524124623466117e-05
1219,2.239064064197573,8.524632682509942e-05
1220,2.2232078535131357,8.527054653413918e-05
1221,2.1942197509671426,8.530679663421527e-05
1222,2.1389382077659413,8.5353096708842e-05
1223,2.0494432744623725,8.541733355441189e-05
1224,1.9304564670629913,8.549751342227081e-05
1225,2.045393554653707,8.541852741074462e-05
1226,2.071618652584802,8.540032294765659e-05
1227,2.0644775389925085,8.54020134978153e-05
1228,2.0379431775421954,8.541489859147358e-05
1229,2.0158626844137384,8.542479538580762e-05
1230,2.026228843744671,8.541638573569916e-05
1231,2.06981839372771,8.538663326688695e-05
1232,2.1196421160429324,8.534398215089818e-05
1233,2.173547034239915,8.529331000699737e-05
1234,2.1979224509294397,8.527624637263716e-05
1235,2.2153309682104774,8.527637041389137e-05
1236,2.2299309530135965,8.527524455160915e-05
1237,2.219412916895119,8.528943507923286e-05
1238,2.1522246502180855,8.534460807442407e-05
1239,2.037951612754179,8.541294004188433e-05
1240,1.990061591166535,8.545078224876567e-05
1241,1.9246601204299572,8.549058914225138e-05
1242,1.8718772111592341,8.552269999635655e-05
1243,1.8696904174665032,8.551955591426545e-05
1244,1.9238436316986542,8.5491346139426e-05
1245,1.996996592741327,8.543546625249405e-05
1246,2.092904095152791,8.53612889582417e-05
1247,2.1563140553118108,8.531427857974634e-05
1248,2.208965184289654,8.528480434678572e-05
1249,2.261791682916191,8.525354432975837e-05
1250,2.2869323468115406,8.522722515428308e-05
1251,1.892728655704455,8.551316778656323e-05
1252,1.798304397785136,8.557375609004984e-05
1253,1.7212293687474547,8.562220614218109e-05
1254,1.705279323491669,8.563078275188264e-05
1255,1.7668256827177964,8.559571521822745e-05
1256,1.8618623640834848,8.553141795251218e-05
1257,1.9939039686899884,8.543725874598727e-05
1258,2.106714259226871,8.53554573014987e-05
1259,2.208370202633498,8.529131788984136e-05
1260,2.296253582321351,8.524505450936095e-05
1261,1.6627845494325775,8.566591711458915e-05
1262,1.56790235626874,8.572430897720472e-05
1263,1.5345328777718348,8.574127062522539e-05
1264,1.5966283786882536,8.570733275448497e-05
1265,1.7097071063183527,8.564152139685039e-05
1266,1.8376506828163142,8.555211385868452e-05
1267,2.015926876376936,8.542395368960014e-05
1268,2.154698476667584,8.532928140650862e-05
1269,1.4190836227305863,8.581065092325076e-05
1270,1.364419390942367,8.583828523368643e-05
1271,1.414366458975105,8.581450644713557e-05
1272,1.5393436383211792,8.574886460060302e-05
1273,1.6874391493570762,8.56586182144169e-05
1274,1.8682917081223818,8.553125594162998e-05
1275,1.2116373580930273,8.591228873900701e-05
1276,1.2294623760615446,8.590694438062729e-05
1277,1.3578295456687144,8.584674724647209e-05
1278,1.5211911006473862,8.576105265845965e-05
1279,1.0684631386454377,8.597216660342541e-05
1280,1.1832733440958023,8.592991202942222e-05
1281,2.0787201732019027,8.539806749655759e-05
1282,2.1247746544646704,8.536302416921768e-05
1283,2.1348781174211844,8.535176779215421e-05
1284,2.128461976876366,8.534719610208135e-05
1285,2.130242086717663,8.533667472834184e-05
1286,2.145861598987635,8.532694573677943e-05
1287,2.159699984416224,8.531577970472118e-05
1288,2.076013727479131,8.539278620709563e-05
1289,2.048711410005861,8.541159471535384e-05
1290,2.0121247539132385,8.54270170391096e-05
1291,2.0024003391438407,8.543192774712063e-05
1292,2.030137062076532,8.541747311981854e-05
1293,2.0689899922489166,8.53846703095397e-05
1294,2.1048041213886175,8.535362125327251e-05
1295,2.1226035184352408,8.534278025272882e-05
1296,2.1288820074613284,8.534218084603361e-05
1297,2.1385344141682734,8.533748417421602e-05
1298,2.15555928527589,8.533179205820817e-05
1299,2.155829095876265,8.533626342619584e-05
1300,1.932373709577904,8.54865964269458e-05
1301,1.87288129423041,8.551885686932388e-05
1302,1.853549032955034,8.552988191918239e-05
1303,1.8936932110539642,8.551035181906765e-05
1304,1.9589576430183422,8.546890138446769e-05
1305,2.0197580796318344,8.541643627292078e-05
1306,2.0898738725715393,8.536946869397529e-05
1307,2.134176501953157,8.534347220425352e-05
1308,2.1683267791628413,8.532266225654872e-05
1309,2.178412949934788,8.531304046114768e-05
1310,1.719730472958206,8.562270541224667e-05
1311,1.6883998642978089,8.564367683680971e-05
1312,1.7354214139666377,8.561811991026669e-05
1313,1.8246550482761876,8.556373433823708e-05
1314,1.9198732951925044,8.549266138884941e-05
1315,2.031723797070423,8.541371279239709e-05
1316,2.121269279575467,8.535797369545544e-05
1317,2.1785489080449243,8.531591569191939e-05
1318,1.5197331089517516,8.575202486220037e-05
1319,1.5615439141654408,8.57324722771622e-05
1320,1.6662460755434099,8.567295043395677e-05
1321,1.7903556826735616,8.558885440888856e-05
1322,1.9292315533251765,8.548818636395921e-05
1323,2.0508017812678694,8.540785202616203e-05
1324,1.3858472802083666,8.583013914744495e-05
1325,1.4924959826164124,8.577591661091552e-05
1326,1.6345322058645533,8.569563591271626e-05
1327,1.783015647684095,8.55955225997463e-05
1328,1.321917783565794,8.586540888262248e-05
1329,1.4697726892516827,8.579092362368466e-05
1330,2.0268933172236294,8.542076132596026e-05
1331,2.016731886853743,8.542594059849548e-05
1332,2.030143674964418,8.542033175780434e-05
1333,2.052075175192899,8.540034789385671e-05
1334,2.0642725235525647,8.538482840165421e-05
1335,1.8564738042456406,8.553016924124198e-05
1336,1.8911820197984763,8.551165215498343e-05
1337,1.9482006182457687,8.5478543953742e-05
1338,1.9987592273698718,8.543704979790517e-05
1339,2.0395412602835283,8.540886755612615e-05
1340,2.0663626385751144,8.539263893611326e-05
1341,2.0704271088639055,8.539465237979674e-05
1342,2.047975402746181,8.54094460812517e-05
1343,1.7272950739808257,8.56252926309401e-05
1344,1.8095969343778293,8.557463888078278e-05
1345,1.899124989416605,8.551398014636695e-05
1346,1.977956509702028,8.545491235462976e-05
1347,2.051238356009166,8.540684579692672e-05
1348,2.0848934433035624,8.538728546602068e-05
1349,1.6507940515693502,8.568248065030642e-05
1350,1.765985720223937,8.560853690658368e-05
1351,1.8829466077470647,8.552339171736303e-05
1352,1.987319685722442,8.545420872179779e-05
1353,1.6147374737470903,8.570898036751257e-05
1354,1.7532294865492088,8.561688796837842e-05
1355,1.9522628317174666,8.547458771535636e-05
1356,2.001721395297457,8.544099172146643e-05
1357,2.0241975571637365,8.542391806230017e-05
1358,1.8952153036761685,8.551486914387542e-05
1359,1.9698428575482794,8.546675372986109e-05
1360,2.018093295053852,8.54358761039522e-05
1361,2.030409632423621,8.542301165218029e-05
1362,1.873751761952212,8.553352340833671e-05
1363,1.9656777456312242,8.54697413538134e-05
1364,2.015775216040114,8.543686640260321e-05
1365,1.4872286830888648,8.271701057173477e-05
1366,1.5567745444055268,8.414220017501505e-05
1367,1.7433876424881498,8.5237025052223e-05
1368,1.9948354962057075,8.53694902946224e-05
1369,2.2578060516200096,8.520268221695466e-05
1370,2.4947879162641367,8.502870796846738e-05
1371,2.6846896224316414,8.486638979196262e-05
1372,2.8190050975833407,8.473973855488212e-05
1373,2.8986705054184454,8.465774568491289e-05
1374,2.9318854704078636,8.462808339879085e-05
1375,2.932353056489822,8.462362657277697e-05
1376,2.917279047787297,8.463054217222912e-05
1377,2.90396573679766,8.464606658231941e-05
1378,1.5672611394649962,8.421388550620925e-05
1379,1.698162956901477,8.516162774091964e-05
1380,1.9098311323538721,8.539854331965566e-05
1381,2.1520582139363476,8.529445159372879e-05
1382,2.384081369187581,8.513322951654445e-05
1383,2.5804109185628694,8.497094007617264e-05
1384,2.728780706246,8.483205320158249e-05
1385,2.8269858855990466,8.474223579294693e-05
1386,2.8803412688338734,8.468121241975155e-05
1387,2.899644627571584,8.466076680896294e-05
1388,2.8992698654270854,8.464942050116513e-05
1389,2.8947372138168492,8.465242392126878e-05
1390,2.898666636361779,8.46522414016583e-05
1391,2.9152477134598795,8.462270152562999e-05
1392,2.9051665608432886,8.465551784598264e-05
1393,2.894731536760029,8.466561799382394e-05
1394,2.8636177592025516,8.470005199592162e-05
1395,2.7957501125945896,8.476876205351004e-05
1396,2.6808573337400308,8.488005348833479e-05
1397,2.515486718486537,8.503506668934723e-05
1398,2.3048672674753052,8.519257452976063e-05
1399,2.0655958221015505,8.536096647599468e-05
1400,1.829083857652254,8.539982609515154e-05
1401,1.6430006812315299,8.486091765994269e-05
1402,1.7557862963860356,8.532700270691454e-05
1403,1.896234420523269,8.542623040992479e-05
1404,2.0833932504015276,8.536206333043274e-05
1405,2.2809977502371894,8.522234517897817e-05
1406,2.4620753906976636,8.508095160326435e-05
1407,2.610859137204677,8.495147671184072e-05
1408,2.7212147237584743,8.484484377573612e-05
1409,2.794353480222475,8.477434382106537e-05
1410,2.8366782592953013,8.472351787247461e-05
1411,2.857873050390803,8.469354144411954e-05
1412,2.8690740888067134,8.467942306358881e-05
1413,2.880573066867641,8.466777903486958e-05
1414,2.89840452567755,8.464343994458686e-05
1415,2.8949313653403776,8.467729859768045e-05
1416,2.847087037136895,8.47255583719831e-05
1417,2.8011472317852735,8.47689327178776e-05
1418,2.738111400334078,8.483174187539022e-05
1419,2.6445932417452203,8.493187705588247e-05
1420,2.5144536405678286,8.505242087208647e-05
1421,2.349839436237719,8.519114349467421e-05
1422,2.1629244078590357,8.533252516998929e-05
1423,1.9778120813658204,8.543216980215253e-05
1424,1.9522408571944738,8.543893248478873e-05
1425,2.0609529938904094,8.538962775878642e-05
1426,2.1985386893197947,8.529736885429964e-05
1427,2.3424130596916255,8.51864143681724e-05
1428,2.4758833297856397,8.507527616550944e-05
1429,2.5892352946220383,8.497388818716e-05
1430,2.6788126876931724,8.488252552951172e-05
1431,2.7454076342916562,8.482193844436725e-05
1432,2.792669375825951,8.476569356748123e-05
1433,2.825819357852105,8.472045777523657e-05
1434,2.8505956492376407,8.469482009119e-05
1435,2.871940949979727,8.466984389874823e-05
1436,2.891967462623913,8.464783154434491e-05
1437,2.8180876361814917,8.475588666046506e-05
1438,2.733461131629347,8.484339845677836e-05
1439,2.6592180594941097,8.492146617573526e-05
1440,2.5838253252612495,8.499964958185124e-05
1441,2.4963630663697196,8.508215269359274e-05
1442,2.392868617581626,8.517183108732304e-05
1443,2.277626221472027,8.526328039656377e-05
1444,2.0848743988230725,8.538362554707023e-05
1445,2.1473801249475644,8.53410614813772e-05
1446,2.2362871351167035,8.52724157370475e-05
1447,2.338760178409615,8.518831513792248e-05
1448,2.4438311412611537,8.50999953816532e-05
1449,2.5433673572765194,8.500772061330771e-05
1450,2.6319571238975934,8.492677245811819e-05
1451,2.7063944589648194,8.484761636177723e-05
1452,2.7652684682316337,8.478924461904662e-05
1453,2.8088390883257413,8.473947996188774e-05
1454,2.83901216467658,8.469725145680672e-05
1455,2.858878117039527,8.468090558506308e-05
1456,2.801282960712291,8.476534162030674e-05
1457,2.68609398973399,8.48811796596523e-05
1458,2.5794476030303666,8.500210860032151e-05
1459,2.508764963845345,8.507643355423233e-05
1460,2.4662890241822195,8.511710498053272e-05
1461,2.431196543343233,8.514589553390816e-05
1462,2.1337431007614254,8.535662915835104e-05
1463,2.1584496027044158,8.533448025365296e-05
1464,2.2172120427645727,8.528329758114114e-05
1465,2.301817102779685,8.521452204105596e-05
1466,2.401789393789826,8.512619035727664e-05
1467,2.506116835676821,8.503880598867921e-05
1468,2.60470630259771,8.494188202880775e-05
1469,2.6894756184718407,8.4864493807179e-05
1470,2.755167082247127,8.479531140166341e-05
1471,2.7999510455146863,8.474736940790099e-05
1472,2.7719409373615975,8.482457625068596e-05
1473,2.7227780804827737,8.484911910915597e-05
1474,2.6396892514133112,8.491135454736154e-05
1475,2.523750393272743,8.50357650970219e-05
1476,2.431310439395158,8.51418538151481e-05
1477,2.433893474783507,8.514597840887479e-05
1478,2.120733672262381,8.536280057076524e-05
1479,2.129219371377299,8.53489222336843e-05
1480,2.182318494463605,8.530410741882604e-05
1481,2.2708759048847487,8.522898180821211e-05
1482,2.3806081563292776,8.51405417540052e-05
1483,2.495753409036261,8.503993691303696e-05
1484,2.6022820481383375,8.4940807343392e-05
1485,2.689906188297134,8.485735256951494e-05
1486,2.724624209386014,8.488396560698704e-05
1487,2.6240041704898847,8.497211346526045e-05
1488,2.5701570191710466,8.500823856554561e-05
1489,2.5322298948941766,8.501994824666956e-05
1490,2.484130781908496,8.50414880331337e-05
1491,2.402158429539472,8.512278710427026e-05
1492,2.0891841030059264,8.53787293904109e-05
1493,2.103608312315246,8.536239270687628e-05
1494,2.168390931337303,8.530827868837184e-05
1495,2.2699032962951184,8.522741721581003e-05
1496,2.3895915584160345,8.513350494623047e-05
1497,2.5092289005044583,8.503527912086462e-05
1498,2.6144342617476912,8.493949860495219e-05
1499,2.6083992575028425,8.498913472962304e-05
1500,2.49138560852453,8.509087589428394e-05
1501,2.4118526064612316,8.515139779157052e-05
1502,2.3706258882703786,8.516710004131083e-05
1503,2.4157068473941434,8.50994048492694e-05
1504,2.0784640722083254,8.538230703232838e-05
1505,2.109606737979524,8.535854147386254e-05
1506,2.188232529810858,8.529544643864643e-05
1507,2.2972968572972627,8.521552359983496e-05
1508,2.417390280156808,8.511782374104352e-05
1509,2.531627187857083,8.501868845577735e-05
1510,2.506916334617949,8.507840101610672e-05
1511,2.44441415128249,8.513038872876632e-05
1512,2.324194795482674,8.522186151591554e-05
1513,2.274830142868405,8.525780078758152e-05
1514,2.102917700819984,8.536502064053092e-05
1515,2.1466414422932907,8.533379377051318e-05
1516,2.229532435402292,8.527461952033894e-05
1517,2.3349948589349583,8.518915038143032e-05
1518,2.4461672254736038,8.509835691562634e-05
1519,2.4336494441008134,8.513912250572568e-05
1520,2.3895161730856898,8.51747390860615e-05
1521,2.3241387490694643,8.522365696022978e-05
1522,2.1498335970713907,8.533925952302291e-05
1523,2.194519799415156,8.530822384131806e-05
1524,2.27060834155217,8.524602874339153e-05
1525,2.3646002152798435,8.517503124274401e-05
1526,2.3943364749738727,8.517138873492592e-05
1527,2.3760303349546423,8.518537500992149e-05
1528,2.195929458619362,8.531249299468837e-05
1529,2.2317463538719737,8.52865383842101e-05
1530,2.2949165105035894,8.523449275377865e-05
1531,2.375501101797027,8.516744198240111e-05
1532,2.223154030494481,8.529554662719559e-05
1533,2.2454510523314646,8.527652649882937e-05
1534,1.821698293208217,8.541149017954015e-05
1535,2.0087340390196866,8.5414967610602e-05
1536,2.2186218213349864,8.528014854485657e-05
1537,2.416823807925608,8.512555343997296e-05
1538,2.5827566762127603,8.498428333619855e-05
1539,2.707546385837282,8.48635866684217e-05
1540,2.791359950813354,8.477596537472666e-05
1541,2.8412721569107378,8.47225418418774e-05
1542,2.8692612741183825,8.469519307207985e-05
1543,2.8854767739037506,8.46694618635208e-05
1544,2.8872392159548146,8.465660885808173e-05
1545,2.0080532808069513,8.542129989483236e-05
1546,2.157287762070548,8.533483368791087e-05
1547,2.317026623958505,8.521615179751872e-05
1548,2.4648480178204215,8.50939048600173e-05
1549,2.5884703116134187,8.497874885145829e-05
1550,2.68392976262064,8.48843142978053e-05
1551,2.7533720373059705,8.481442681909801e-05
1552,2.8025037141398936,8.476084070348572e-05
1553,2.836416992132271,8.472022574507118e-05
1554,2.8564987872459406,8.469560367489759e-05
1555,2.8677974497123935,8.467909311087195e-05
1556,2.8719263475136976,8.468016385003107e-05
1557,2.8423337156065127,8.472277885072303e-05
1558,2.7855926165348963,8.478438257073732e-05
1559,2.723505749614985,8.484658895526267e-05
1560,2.648646085765418,8.492622955721696e-05
1561,2.551999580798246,8.502742178537736e-05
1562,2.430387972570349,8.513631795039226e-05
1563,2.288570199190053,8.52484092208245e-05
1564,2.1405238891541085,8.535378481565483e-05
1565,2.1329328158898044,8.535593827024524e-05
1566,2.232287685988363,8.528871712485107e-05
1567,2.3438750983791525,8.519446959416486e-05
1568,2.4535876002867933,8.510324557597254e-05
1569,2.553327252925068,8.500508476440099e-05
1570,2.6394618667461165,8.491702263718562e-05
1571,2.7110351258518333,8.484761908175695e-05
1572,2.7679708141230717,8.478539811840209e-05
1573,2.8096413231403408,8.473652283045289e-05
1574,2.835494676504658,8.470510487400352e-05
1575,2.84412610106857,8.470173864816671e-05
1576,2.819259466971137,8.474127973748085e-05
1577,2.740043476089687,8.482817023523846e-05
1578,2.6495605264064475,8.492488976080899e-05
1579,2.5713061496911584,8.500867959974132e-05
1580,2.503000911341814,8.507827542980098e-05
1581,2.4352585180825166,8.51399030033431e-05
1582,2.3630927298983164,8.519794902854492e-05
1583,2.1766498410245125,8.533103543826003e-05
1584,2.236419136634954,8.528488231796926e-05
1585,2.3190607928354594,8.521490994673791e-05
1586,2.413251554537768,8.512984629616549e-05
1587,2.5099296804090345,8.504075805593564e-05
1588,2.601813066267528,8.494832817344552e-05
1589,2.6829695108207914,8.486839680049718e-05
1590,2.748365185134342,8.479855255931918e-05
1591,2.7925850396216063,8.475313072172674e-05
1592,2.801330404800827,8.475910172660581e-05
1593,2.769506021112586,8.479654265359433e-05
1594,2.6942361942845294,8.487166520242154e-05
1595,2.588205587605025,8.497737039021542e-05
1596,2.491388190017707,8.508531101842613e-05
1597,2.445216589815417,8.513387700914891e-05
1598,2.4361629255959327,8.514342047832217e-05
1599,2.1604450046203314,8.533797819323945e-05
1600,2.203254843396317,8.530207350564973e-05
1601,2.2804403148236583,8.523644245602647e-05
1602,2.378499361291057,8.515057872077858e-05
1603,2.484590204933423,8.505634881256606e-05
1604,2.586736625677473,8.496068210209302e-05
1605,2.6749124716718504,8.487910873384288e-05
1606,2.739682135481539,8.481447422564949e-05
1607,2.7161842243454,8.487888935005189e-05
1608,2.6616321105300815,8.491905707598558e-05
1609,2.602856478116691,8.49615069954865e-05
1610,2.5263061717855377,8.502847299728244e-05
1611,2.4279524021945216,8.512615553268299e-05
1612,2.392076062570665,8.517736126382868e-05
1613,2.1267080925865924,8.535991543984222e-05
1614,2.1739753647551594,8.531962022784937e-05
1615,2.261380464740428,8.524553546342122e-05
1616,2.371243008379119,8.515958402227821e-05
1617,2.486495362813507,8.505830033862647e-05
1618,2.592594331315717,8.495728404469974e-05
1619,2.676382227782568,8.488298023631287e-05
1620,2.632947608770431,8.496560539872072e-05
1621,2.516827092769367,8.506377032344413e-05
1622,2.4584737334340874,8.510369011240471e-05
1623,2.4275851012337553,8.511296167101155e-05
1624,2.4133963632542894,8.510791748581e-05
1625,2.113907160246097,8.536144204182492e-05
1626,2.1755062475048708,8.53192266608366e-05
1627,2.2747271298314886,8.523954107302414e-05
1628,2.3908693195527033,8.514696573464017e-05
1629,2.505993062469128,8.504574261763418e-05
1630,2.587020607433981,8.501000299390694e-05
1631,2.52067313563116,8.506611795547968e-05
1632,2.3991903203578615,8.516592708623942e-05
1633,2.3242124728222033,8.522126721001359e-05
1634,2.2926565803398593,8.521790272602443e-05
1635,2.135978166148396,8.534876225506462e-05
1636,2.2076329778385033,8.529764597050958e-05
1637,2.309256402707158,8.521709605872365e-05
1638,2.421020938634115,8.512582030840357e-05
1639,2.4952445827254492,8.50873580616272e-05
1640,2.4356946519646208,8.513783227364667e-05
1641,2.3474181913983196,8.52062895981496e-05
1642,2.29928078891643,8.524089668306763e-05
1643,2.180451867995244,8.532012350533346e-05
1644,2.2510122379867843,8.52710185636176e-05
1645,2.344751881369097,8.519549618405378e-05
1646,2.4302707708702562,8.514124598467346e-05
1647,2.3886607916609437,8.517492822044668e-05
1648,2.370142840285699,8.518939310870928e-05
1649,2.2245667995862752,8.529487981793093e-05
1650,2.2851220723338797,8.524785898287072e-05
1651,2.36596758860722,8.518183655124699e-05
1652,2.3781959132934594,8.518297904553483e-05
1653,2.2506943387203537,8.527778882394242e-05
1654,2.2977313900806395,8.523962556901112e-05
1655,2.2468209387153926,8.528522760024716e-05
1656,2.346834708686802,8.520929751782748e-05
1657,2.4455482337027328,8.512087884325781e-05
1658,2.536471740183945,8.503912928935882e-05
1659,2.618583706452148,8.495432086412787e-05
1660,2.6936335302192704,8.48735639538233e-05
1661,2.7608633315618025,8.480120250118766e-05
1662,2.810623794561794,8.473988216867486e-05
1663,2.8330850292859617,8.470827872087187e-05
1664,2.2779696666983735,8.526113363902967e-05
1665,2.3403780854906593,8.52119465650295e-05
1666,2.4151473334170555,8.514590022020782e-05
1667,2.4971615642262552,8.506631237036048e-05
1668,2.581026848192635,8.497873174076328e-05
1669,2.661241501327899,8.489858088044044e-05
1670,2.7307745452603744,8.482213304988951e-05
1671,2.7792215980079944,8.477026292759407e-05
1672,2.794656676755263,8.475408110759203e-05
1673,2.7717003030453897,8.478442677155303e-05
1674,2.71293006916767,8.485300431866944e-05
1675,2.6299450202619497,8.493878341480448e-05
1676,2.5437467651538066,8.502686082543385e-05
1677,2.4716169762261844,8.51017240313081e-05
1678,2.419140763305448,8.515437899061338e-05
1679,2.3798871414652365,8.51857918975911e-05
1680,2.253930036699334,8.527850906245664e-05
1681,2.30102036358527,8.523831430048334e-05
1682,2.3735003904722096,8.517379373001851e-05
1683,2.460744788528339,8.509240005977686e-05
1684,2.5528323574464244,8.500431922200956e-05
1685,2.6403500770609742,8.49177145720124e-05
1686,2.711963683536314,8.484332714472944e-05
1687,2.7470776343771237,8.480954903911405e-05
1688,2.7099974340313246,8.485844888381572e-05
1689,2.643300835170689,8.492941012881627e-05
1690,2.557306193347441,8.501632704046674e-05
1691,2.466904635502099,8.51003148064505e-05
1692,2.4035407650230485,8.516517289542947e-05
1693,2.396749345080167,8.517485010079234e-05
1694,2.2149271618804143,8.530222879654205e-05
1695,2.2666796352044845,8.526119331920974e-05
1696,2.3489149529197815,8.519169748799887e-05
1697,2.4468703863361285,8.510725332010225e-05
1698,2.546961744342296,8.501407503853453e-05
1699,2.6365089361714285,8.492528513132036e-05
1700,2.6866500373164173,8.488350087044536e-05
1701,2.612896002166367,8.496735668146765e-05
1702,2.538607192083584,8.503474340694233e-05
1703,2.462849407340853,8.510126895316455e-05
1704,2.38660718519079,8.516587296383288e-05
1705,2.3456695624047668,8.521160247458757e-05
1706,2.1972507168019777,8.531161384451775e-05
1707,2.262301071043952,8.526357980601944e-05
1708,2.355089507401832,8.518785341357082e-05
1709,2.458469897799959,8.509825056340438e-05
1710,2.557864844704737,8.500600892702677e-05
1711,2.602699992201995,8.498887793463704e-05
1712,2.4987291592466896,8.508060045178155e-05
1713,2.416962186782429,8.514809390769544e-05
1714,2.3499946186734317,8.519882500147148e-05
1715,2.304190653657288,8.521494599612754e-05
1716,2.2137565343021386,8.530155157176414e-05
1717,2.287856218974497,8.524520608787509e-05
1718,2.3823574410411963,8.516808204961997e-05
1719,2.4812057893925186,8.508073163276512e-05
1720,2.5028116379172913,8.508027610402925e-05
1721,2.442171121782167,8.513140642374086e-05
1722,2.3368695370518906,8.52134086451226e-05
1723,2.293459704830591,8.524683218092393e-05
1724,2.2524444048830423,8.52758959808157e-05
1725,2.325080000952206,8.522040237993284e-05
1726,2.4118449638408648,8.514791945336893e-05
1727,2.426421949163157,8.514601714610316e-05
1728,2.3830855749058415,8.517975258123026e-05
1729,2.330761706688182,8.521918327507441e-05
1730,2.291785362998276,8.524801345667426e-05
1731,2.3548133369699307,8.520001370711536e-05
1732,2.385261011301833,8.517703824276537e-05
1733,2.3670042491036973,8.519123921341857e-05
1734,2.31523565975009,8.523184424702156e-05
1735,2.365866601612729,8.519131380253129e-05
1736,2.3470358391545854,8.521070707731826e-05
1737,2.3751939661793977,8.518540413614037e-05
1738,2.4318955582194905,8.513037405101467e-05
1739,2.510078200618829,8.505799580658383e-05
1740,2.596909418118747,8.497502770316556e-05
1741,2.677182707118145,8.489103793875135e-05
1742,2.7311404265590484,8.482700480268186e-05
1743,2.302525792684933,8.524474183193626e-05
1744,2.337342949796315,8.521254086529812e-05
1745,2.40322898526418,8.515602796213607e-05
1746,2.488424596061832,8.507516883956941e-05
1747,2.5788698053334165,8.499352303406757e-05
1748,2.65522056478847,8.491646158431084e-05
1749,2.667641564040366,8.490708656404211e-05
1750,2.6034646982810137,8.497476401027727e-05
1751,2.5167195947461543,8.506011999843702e-05
1752,2.4296668653964413,8.51370220156026e-05
1753,2.365646175199646,8.51922569387791e-05
1754,2.3491977585212602,8.520880585374658e-05
1755,2.2801046713726225,8.525711753020485e-05
1756,2.328269255927243,8.521952656014645e-05
1757,2.403055662348054,8.515450105684917e-05
1758,2.4913190292371867,8.507743994250914e-05
1759,2.5773422075417303,8.4996193292161e-05
1760,2.605071816248466,8.497294056850225e-05
1761,2.510508184753932,8.506700765237932e-05
1762,2.4258410304377724,8.514000585320354e-05
1763,2.35125436983674,8.520240214951344e-05
1764,2.3236151038419006,8.52266414314419e-05
1765,2.2911072451660464,8.52478950868827e-05
1766,2.348338070363754,8.520425323667877e-05
1767,2.424097986191173,8.513974753940649e-05
1768,2.5064315804922797,8.506855072399332e-05
1769,2.5157528669316718,8.506681704997016e-05
1770,2.4175102240965702,8.514926052656206e-05
1771,2.3466939918438676,8.520670843063308e-05
1772,2.310395062423564,8.523581836263004e-05
1773,2.323761114178243,8.522478699175732e-05
1774,2.3800816351718925,8.518105294983955e-05
1775,2.4484103472837937,8.512306851472948e-05
1776,2.4284714796752183,8.51426080917638e-05
1777,2.3610145148908614,8.51957648893452e-05
1778,2.324951758673711,8.522369060576651e-05
1779,2.3578738515115005,8.520005327363627e-05
1780,2.405650258751469,8.516042267977484e-05
1781,2.375527510376734,8.518489788042876e-05
1782,2.3604029890783713,8.519822021605372e-05
1783,2.378296523090735,8.518440112519114e-05
1784,2.362830397988717,8.519554441217136e-05
1785,2.324816378296018,8.522581629723725e-05
1786,2.3529141092030263,8.52014083040114e-05
1787,2.418679153491603,8.514865784785931e-05
1788,2.5040267715838533,8.507477489846635e-05
1789,2.5835825837335955,8.499889505692806e-05
1790,2.3330567241506657,8.521833841103599e-05
1791,2.3694681633833397,8.519159195985734e-05
1792,2.4325119287084482,8.51366076122118e-05
1793,2.5072014718393443,8.507119468009289e-05
1794,2.5045394176132993,8.507446081679284e-05
1795,2.427288990279034,8.514196282022878e-05
1796,2.3611599856919465,8.519732250087455e-05
1797,2.333055103953345,8.521780715646335e-05
1798,2.3618359390169497,8.519720924515438e-05
1799,2.397484239846795,8.517008651316484e-05
1800,2.451123039838082,8.512268311044022e-05
1801,2.441000610387,8.513342303384928e-05
1802,2.3684434060850563,8.519157668521326e-05
1803,2.3399243315648057,8.521347946150034e-05
1804,2.3920395365112257,8.517435963808584e-05
1805,2.418545931254939,8.515121178173112e-05
1806,2.377186560602117,8.518519459157001e-05
1807,2.351618896726848,8.520490182506533e-05
1808,2.3719160587179604,8.518909106323177e-05
1809,2.3547287095120404,8.520181822038007e-05
1810,2.3610151801585237,8.519813724036616e-05
1811,2.385957155022917,8.517863901737375e-05
1812,2.439044670939224,8.513415294892798e-05
1813,2.389205696805805,8.517712942757668e-05
1814,2.4056304407779554,8.516335355022448e-05
1815,2.3864103757797115,8.517790079967242e-05
1816,2.3674124703918817,8.519351560827673e-05
1817,2.3732028503060993,8.518801691896556e-05
1818,2.3626044536737565,8.519624926013986e-05
1819,2.382716453212526,8.518238669541763e-05
1820,1.487230419628449,8.293246202662518e-05
1821,1.5567765588296416,8.408938458539478e-05
1822,1.7433892069812402,8.524621283425005e-05
1823,1.994836568910024,8.536850941141889e-05
1824,2.2578067152961228,8.520585273442327e-05
1825,2.4947882727712094,8.502773909412492e-05
1826,2.684689748164047,8.486417042189057e-05
1827,2.8190052089918,8.474114266378486e-05
1828,2.8986708173621336,8.464940096030216e-05
1829,2.9318860051684728,8.462498340172573e-05
1830,2.932353818841999,8.462049123377015e-05
1831,2.9172800090831537,8.463153350973325e-05
1832,2.903966817459724,8.46392325057536e-05
1833,1.5672619718453484,8.424405992384429e-05
1834,1.7098131958203189,8.520293673971424e-05
1835,1.9408872337515228,8.538538248318214e-05
1836,2.2004035173372993,8.525177890700162e-05
1837,2.445432451664732,8.506380199080103e-05
1838,2.649857924924658,8.489380465125835e-05
1839,2.8008386287590685,8.475471036177474e-05
1840,2.8958080066824223,8.465330639123011e-05
1841,2.9406479940814996,8.460964302917581e-05
1842,2.948488488606419,8.459892238221808e-05
1843,2.939048646058369,8.461335678089324e-05
1844,2.9371019503296876,8.46205057669533e-05
1845,2.9394711164886087,8.460905526039114e-05
1846,2.916702130217182,8.463450306304337e-05
1847,2.937254874356757,8.461048395575164e-05
1848,2.9492520073895627,8.459782426079685e-05
1849,2.9337766592585925,8.461879053097987e-05
1850,2.8759238151629964,8.467612418900634e-05
1851,2.76584297619591,8.478092362145963e-05
1852,2.6004112327118736,8.493359686733937e-05
1853,2.3849898096872555,8.510495531251497e-05
1854,2.135822996445079,8.526535823642129e-05
1855,1.883215184896631,8.536320867733771e-05
1856,1.6729434540135173,8.504767874243648e-05
1857,1.7557869616536976,8.533384601529504e-05
1858,1.911411774896541,8.542750287911276e-05
1859,2.1313452819380996,8.53234130726556e-05
1860,2.363372834640411,8.514819119155389e-05
1861,2.5725740193481137,8.497155648985921e-05
1862,2.7389012369786108,8.480818880214358e-05
1863,2.853592834435805,8.469383314737399e-05
1864,2.9181131295060094,8.463205523147078e-05
1865,2.9439884112383856,8.460933065787284e-05
1866,2.951619066337037,8.460828766428119e-05
1867,2.9651947601658555,8.460963342172184e-05
1868,2.9848822457249162,8.458085571991988e-05
1869,2.9548835474874755,8.461170035227142e-05
1870,2.9208266974124846,8.462435045397227e-05
1871,2.9379372464006157,8.460280817489937e-05
1872,2.935428778286204,8.461417620601393e-05
1873,2.8993407450809916,8.464886892895832e-05
1874,2.819353880866478,8.47269246390252e-05
1875,2.690778710709252,8.484821671335486e-05
1876,2.516108431806934,8.4989813219002e-05
1877,2.3066811515870755,8.5143110468829e-05
1878,2.084527617709119,8.529682016195008e-05
1879,1.9522413617156438,8.543354085690908e-05
1880,2.079069718837218,8.537977383714466e-05
1881,2.2613903021074604,8.525556839298575e-05
1882,2.4575532910601545,8.509328345083471e-05
1883,2.635769220601574,8.492353982054929e-05
1884,2.7760835893330835,8.477370784655619e-05
1885,2.8697205507207615,8.46831716443536e-05
1886,2.92118684276701,8.465005052204355e-05
1887,2.9467218098507706,8.462935005097336e-05
1888,2.965175807995232,8.462385163099028e-05
1889,2.9842334951627856,8.459789977431452e-05
1890,2.974450519332078,8.460296148971287e-05
1891,2.909932256670497,8.466296138398537e-05
1892,2.9079294381342327,8.463722787835617e-05
1893,2.9121511057603158,8.462998004035576e-05
1894,2.8944879294294847,8.464668563931247e-05
1895,2.845619396195371,8.470150538604313e-05
1896,2.7596649203051116,8.478261844652792e-05
1897,2.635979281253214,8.488793971637316e-05
1898,2.480486832401892,8.501560791560797e-05
1899,2.0848747839780346,8.538274805415402e-05
1900,2.171532979364669,8.532669025795334e-05
1901,2.324767296503118,8.521420053029928e-05
1902,2.50270058437265,8.506937234114774e-05
1903,2.669219332244763,8.489933953897146e-05
1904,2.7999631460650103,8.47580587985834e-05
1905,2.882195586258936,8.46852477377747e-05
1906,2.9220162676120873,8.466487135208607e-05
1907,2.937154955291935,8.465826098414216e-05
1908,2.9406451436164684,8.465787131513853e-05
1909,2.916724130204966,8.467649727540055e-05
1910,2.8852756975486487,8.468998641298965e-05
1911,2.871254280752405,8.466377110935967e-05
1912,2.8765247539886727,8.46636032678932e-05
1913,2.8713786476080356,8.467232968291e-05
1914,2.8497582475468155,8.469329657132456e-05
1915,2.8053492803815216,8.473081174557429e-05
1916,2.7340920950350376,8.479685802520631e-05
1917,2.1337434063389162,8.535619674181105e-05
1918,2.2047551572561086,8.530563706576665e-05
1919,2.3623152213956753,8.518873866599324e-05
1920,2.53605912940243,8.502749994132933e-05
1921,2.6974846023772647,8.486791555414149e-05
1922,2.818451978451866,8.475470151182658e-05
1923,2.8750529941172207,8.471507638943423e-05
1924,2.8830379249360956,8.47120651764347e-05
1925,2.8672741991890893,8.474173082064706e-05
1926,2.838775432839577,8.476661495562388e-05
1927,2.8256942127288025,8.471702342192618e-05
1928,2.8374613525448953,8.470455204538824e-05
1929,2.8416389772235764,8.469595624569149e-05
1930,2.842726608682128,8.468831443283147e-05
1931,2.8405778928095318,8.469781936147475e-05
1932,2.830395783437889,8.471306142701919e-05
1933,2.12073392691029,8.536054696279309e-05
1934,2.238512235812687,8.52845762089076e-05
1935,2.374651187344576,8.517327201397376e-05
1936,2.532898703753785,8.503305788051646e-05
1937,2.692582173355348,8.489388963658452e-05
1938,2.7989180678635925,8.479679507909366e-05
1939,2.8068669182568686,8.479955837146774e-05
1940,2.773578219965414,8.483526830075188e-05
1941,2.7530787402106434,8.480323473011391e-05
1942,2.7913752042231,8.47605487852649e-05
1943,2.8093550002146195,8.473869749155631e-05
1944,2.815520864836777,8.472418299691463e-05
1945,2.819607705944369,8.470936059776853e-05
1946,2.8281241506111936,8.469725661369184e-05
1947,2.1445036126188017,8.534661108882053e-05
1948,2.193828877567755,8.53112143889203e-05
1949,2.3252774613070013,8.521279906661458e-05
1950,2.495172671747512,8.508038573442486e-05
1951,2.663560232876904,8.492899489484828e-05
1952,2.7153552419510647,8.488599544629229e-05
1953,2.6705220791159476,8.493133458821186e-05
1954,2.696238000595355,8.486021931364671e-05
1955,2.751487636413565,8.480506036634225e-05
1956,2.78268054262565,8.476537114584461e-05
1957,2.797292869894605,8.474898833456037e-05
1958,2.8061043830512737,8.47298349321822e-05
1959,2.078464517842166,8.538292947304138e-05
1960,2.1528973058526684,8.533552173689313e-05
1961,2.300909679280097,8.523396004201336e-05
1962,2.48035712748947,8.509717763805204e-05
1963,2.6128598803604834,8.497970300199851e-05
1964,2.5715228041320906,8.502030756669333e-05
1965,2.628160296518853,8.49266922305125e-05
1966,2.7009386720790136,8.4865941615727e-05
1967,2.749583591026534,8.480862359451402e-05
1968,2.7788038481133666,8.477011397462225e-05
1969,2.1029185125101937,8.536719291743994e-05
1970,2.174831576968709,8.532338792238589e-05
1971,2.3176452862786436,8.522507951343162e-05
1972,2.4837784049067437,8.509318877067049e-05
1973,2.4893432065623697,8.509273067485735e-05
1974,2.5494450230038637,8.500610792911655e-05
1975,2.636064317739308,8.492414592956154e-05
1976,2.702401022710229,8.485865806179637e-05
1977,2.149834832113749,8.534084622489427e-05
1978,2.216838557042718,8.52963825825722e-05
1979,2.3461356444725125,8.520725944181124e-05
1980,2.431592637024754,8.513912900994753e-05
1981,2.4632263594573685,8.509158896062452e-05
1982,2.5559411102596963,8.500590416342595e-05
1983,2.195931064492738,8.531148211357855e-05
1984,2.251773219840134,8.527435528215757e-05
1985,2.3669721618756205,8.519114520886394e-05
1986,2.38677093175399,8.517799424688742e-05
1987,2.223155848043931,8.529578448143919e-05
1988,2.2651617904277113,8.526633229627553e-05
1989,1.8677355952864276,8.536663343343808e-05
1990,2.089587888645847,8.531830181657978e-05
1991,2.325612409250936,8.515172931831384e-05
1992,2.5415326334165007,8.497545832692497e-05
1993,2.71648157034248,8.482174501124457e-05
1994,2.8406931384953737,8.470062418197428e-05
1995,2.913669695382222,8.463513275739739e-05
1996,2.94310925683979,8.460406619101418e-05
1997,2.944384800948101,8.460504309999796e-05
1998,2.943834223521068,8.462138713169446e-05
1999,2.96975040489072,8.459951556061866e-05
2000,2.0585124196831712,8.536549172322681e-05
2001,2.2520012427186513,8.523204892489305e-05
2002,2.4519215965819465,8.507815576960303e-05
2003,2.6308267259142832,8.491927464501373e-05
2004,2.771393990258816,8.477644832931127e-05
2005,2.866020663026309,8.468232856553701e-05
2006,2.9176793272438215,8.463601154335134e-05
2007,2.9401657959842162,8.462544636347148e-05
2008,2.95549380483507,8.462060624208258e-05
2009,2.9821903610878877,8.45955656816727e-05
2010,2.9945027339080244,8.457941192180373e-05
2011,2.9584903454557137,8.460989677595616e-05
2012,2.930925605354527,8.462820135503372e-05
2013,2.9280719126615056,8.462172274914635e-05
2014,2.911169165916372,8.463521654188408e-05
2015,2.862276118046374,8.468542638222123e-05
2016,2.7723638693411723,8.477249183579973e-05
2017,2.639748355192978,8.489217507932753e-05
2018,2.4705008098778856,8.5033104936416e-05
2019,2.2791144013589575,8.517518833700465e-05
2020,2.188374157020067,8.529913082800966e-05
2021,2.3439842802616635,8.518346642033717e-05
2022,2.513382091716276,8.504030397679882e-05
2023,2.669827456916119,8.489174320269916e-05
2024,2.7937009847445347,8.476227212993514e-05
2025,2.8755934397405767,8.468227727182738e-05
2026,2.920502072258159,8.464863472440673e-05
2027,2.9442612203178893,8.464095564800588e-05
2028,2.961884001532614,8.463038592605913e-05
2029,2.9740586384819,8.461181048189451e-05
2030,2.9553114721576152,8.461838809204161e-05
2031,2.9177118553310906,8.464689945770302e-05
2032,2.9024552927257408,8.465357169791608e-05
2033,2.891100805071449,8.465766985073139e-05
2034,2.8631813117852087,8.468434523254484e-05
2035,2.8085624165557688,8.473077610227213e-05
2036,2.7228999279156554,8.481581052809178e-05
2037,2.60769393531619,8.490942008247407e-05
2038,2.2472333632856243,8.526823160412329e-05
2039,2.3853017119954303,8.516345123682073e-05
2040,2.5462742252275774,8.501954263461402e-05
2041,2.6978955388487793,8.48574314249642e-05
2042,2.8151843428504555,8.474581710513928e-05
2043,2.8828068653812644,8.469347769738149e-05
2044,2.908649628575668,8.468232875922305e-05
2045,2.911738092316794,8.46896966621781e-05
2046,2.905029472733056,8.469770904582831e-05
2047,2.881541067921668,8.470481363157792e-05
2048,2.8819735412400815,8.468102150125111e-05
2049,2.874552241736672,8.46774394269425e-05
2050,2.8649039619174013,8.468336143066476e-05
2051,2.8513686250075025,8.469195062493209e-05
2052,2.8270673840707556,8.471027377846604e-05
2053,2.7854640209324275,8.475528598327669e-05
2054,2.2796131229224326,8.524783857421725e-05
2055,2.414948408836784,8.513864702311117e-05
2056,2.5668650583281334,8.498904016484248e-05
2057,2.713013762386044,8.48588849515936e-05
2058,2.8175818560962904,8.476713816572097e-05
2059,2.849318274847484,8.475243424310998e-05
2060,2.8368684812832843,8.477165953125892e-05
2061,2.8078901492592476,8.480107392153792e-05
2062,2.7991222318245907,8.476138782030653e-05
2063,2.825741685465228,8.472486635241084e-05
2064,2.838467991644457,8.470905148722585e-05
2065,2.8401392204060856,8.4706439594812e-05
2066,2.83721626507338,8.470407395673855e-05
2067,2.8341151596551235,8.470662396222301e-05
2068,2.2864981975915764,8.524217038261398e-05
2069,2.3960188366237705,8.514688186326865e-05
2070,2.5429784510322286,8.502776438116315e-05
2071,2.6933754700283434,8.48984597829995e-05
2072,2.767953736797678,8.482841488547013e-05
2073,2.7450289617102057,8.486192545398347e-05
2074,2.6981163981633074,8.49073997187479e-05
2075,2.7441729006938527,8.48123064500433e-05
2076,2.7825787407578506,8.476876752284255e-05
2077,2.8038861785389737,8.473942579229699e-05
2078,2.816275018943069,8.472946289489698e-05
2079,2.8262819846660365,8.471416297499002e-05
2080,2.2295525414462527,8.527699715467677e-05
2081,2.354439450177619,8.51839594789697e-05
2082,2.516071337564348,8.505919128852796e-05
2083,2.658198239182161,8.493171984660369e-05
2084,2.6471843685708762,8.495259828086464e-05
2085,2.606899389276891,8.495080858242075e-05
2086,2.685684681417544,8.486987548953536e-05
2087,2.7403460121294607,8.482106568414086e-05
2088,2.7741686275085056,8.47817146346513e-05
2089,2.7959035347766314,8.474729088549192e-05
2090,2.2170680934847438,8.528414773654379e-05
2091,2.3525859078371294,8.518894815605946e-05
2092,2.5127205053079855,8.506288031722755e-05
2093,2.5553849321702153,8.503337634846903e-05
2094,2.527574000062208,8.503214519924492e-05
2095,2.618272054017234,8.494696013352886e-05
2096,2.688760166073061,8.487781504340215e-05
2097,2.7388816609206104,8.481826997167415e-05
2098,2.2459562690081674,8.527035081078957e-05
2099,2.375201253884242,8.51763858098648e-05
2100,2.477939867889845,8.509784175309269e-05
2101,2.4456043119469313,8.510913567762337e-05
2102,2.5403243593279865,8.502102898824067e-05
2103,2.6223987777620152,8.494290417797838e-05
2104,2.2822562090623597,8.524604010184212e-05
2105,2.3965716581355014,8.516022852400995e-05
2106,2.396661074565629,8.516911472049994e-05
2107,2.4542498758359876,8.510284915226004e-05
2108,2.30582845351467,8.522991509633723e-05
2109,2.3907147053001374,8.517363520131894e-05
2110,2.4057395446745438,8.510967558041933e-05
2111,2.5598819076084083,8.497121166961637e-05
2112,2.6954901092360743,8.484838291556637e-05
2113,2.800354762717982,8.474995790901059e-05
2114,2.869739751173096,8.467616998177621e-05
2115,2.908520366113988,8.465356067563326e-05
2116,2.9311548887401937,8.464034954763647e-05
2117,2.9569852601307285,8.462033421838069e-05
2118,2.9868460951733637,8.459054997504007e-05
2119,2.4653845004856945,8.508178877341707e-05
2120,2.5967842172912143,8.49614288243983e-05
2121,2.7184110407316706,8.483154509185981e-05
2122,2.814515395526047,8.474264540958589e-05
2123,2.8772830365741875,8.468839836957115e-05
2124,2.9117844557432666,8.466973302420008e-05
2125,2.930844665516668,8.465753585837801e-05
2126,2.944237722682091,8.464528851062773e-05
2127,2.942128504291722,8.464173305415421e-05
2128,2.9373810157900038,8.464328437468183e-05
2129,2.916868716104567,8.465304100802056e-05
2130,2.893988851358937,8.46743262326147e-05
2131,2.8648535814201654,8.469091658832742e-05
2132,2.819732881307111,8.472071220635371e-05
2133,2.7525551809267497,8.478229397823718e-05
2134,2.663875770283979,8.487772593050717e-05
2135,2.495391059385774,8.506401702587614e-05
2136,2.6214663828518567,8.492862882267615e-05
2137,2.739798453871698,8.481678391488389e-05
2138,2.8276795321790735,8.474645628945849e-05
2139,2.8704369787393427,8.471266487406376e-05
2140,2.8784747871965104,8.471820198315107e-05
2141,2.8697712081475983,8.473445274816188e-05
2142,2.8631061269900924,8.472948665224732e-05
2143,2.8661067467519286,8.470749822282576e-05
2144,2.879111453123812,8.468878452763002e-05
2145,2.873743211006002,8.469440453753213e-05
2146,2.8564840399489135,8.470664396214023e-05
2147,2.83174921797535,8.471529769912935e-05
2148,2.7979479436826242,8.4739258100358e-05
2149,2.5104364568041793,8.503655566628848e-05
2150,2.6262308404536068,8.492974777398572e-05
2151,2.739488520310169,8.484104344139714e-05
2152,2.8054755682373154,8.478562565893469e-05
2153,2.8042515027953474,8.480143615517639e-05
2154,2.7736730206072666,8.483342025225223e-05
2155,2.750680849767593,8.484615775110258e-05
2156,2.782739458602484,8.4781889848284e-05
2157,2.81861934897312,8.473939555135086e-05
2158,2.8388557742548497,8.471986334727589e-05
2159,2.844535979159712,8.47115334920636e-05
2160,2.840161070788222,8.471399327138929e-05
2161,2.480956621188262,8.507193248489538e-05
2162,2.601533937145235,8.497270245235458e-05
2163,2.7105767771227725,8.487410617189143e-05
2164,2.7163630826704472,8.488512899659465e-05
2165,2.668514937931429,8.493484698378416e-05
2166,2.6489179160420218,8.492476058497765e-05
2167,2.7147274123062037,8.484831368871088e-05
2168,2.76246693857121,8.4801171931593e-05
2169,2.7970278355340716,8.475131844976945e-05
2170,2.824228675815626,8.473280098638552e-05
2171,2.458065220892357,8.509684158728394e-05
2172,2.58558755404469,8.499047600266838e-05
2173,2.6250417604512295,8.49699930770899e-05
2174,2.5682419093323707,8.502423410239149e-05
2175,2.5725659963474325,8.499554617282029e-05
2176,2.649549278926619,8.491940412200423e-05
2177,2.709728175698602,8.485542520477176e-05
2178,2.7560385335464774,8.480533974483033e-05
2179,2.463542547808161,8.509362354929455e-05
2180,2.5395391047542653,8.504273925579394e-05
2181,2.4852522353840047,8.509528196326979e-05
2182,2.500176710059747,8.506888715494078e-05
2183,2.581136135117408,8.498935097303996e-05
2184,2.651322938218072,8.491863135534813e-05
2185,2.4635744329094598,8.510299550943967e-05
2186,2.4274476279685606,8.514241971458033e-05
2187,2.429822523705433,8.513581865259376e-05
2188,2.5071891182326613,8.50605979667446e-05
2189,2.39688701728904,8.516993037367111e-05
2190,2.3777576753830076,8.518367231458744e-05
2191,2.6861971046300694,8.486328994945465e-05
2192,2.7678183325467436,8.477896669925926e-05
2193,2.8310415991828686,8.473290180460937e-05
2194,2.87114519436286,8.470221873543439e-05
2195,2.8914438555935362,8.468946754709807e-05
2196,2.897467607583908,8.469204482999778e-05
2197,2.893247805253758,8.469770676346754e-05
2198,2.7053693658496063,8.484220108844018e-05
2199,2.7807816395348297,8.478626311927811e-05
2200,2.8291567271918314,8.474817841877396e-05
2201,2.842044769807329,8.475075526659799e-05
2202,2.830093097792469,8.47648908713489e-05
2203,2.80711699523585,8.47930758436227e-05
2204,2.7979466513444864,8.478960989945451e-05
2205,2.8307406419601304,8.474698256367223e-05
2206,2.851701920923128,8.472993097892571e-05
2207,2.8541955048672616,8.472200662621316e-05
2208,2.8398043122508865,8.473291941660982e-05
2209,2.810070532190871,8.474749459394956e-05
2210,2.7012508338097456,8.487461388144486e-05
2211,2.7645511569031185,8.48171588418254e-05
2212,2.773847145664306,8.482162458745213e-05
2213,2.7423793677246557,8.486258288957336e-05
2214,2.697346600717659,8.490354269381271e-05
2215,2.691595234454642,8.490063870324595e-05
2216,2.7464449345910045,8.482783982241542e-05
2217,2.7929462449480527,8.478231203298845e-05
2218,2.8233113592447756,8.475195079659731e-05
2219,2.838179706338287,8.47333421855194e-05
2220,2.677852154189075,8.49019736147518e-05
2221,2.694852981759438,8.490104579793701e-05
2222,2.646587424534272,8.49537131750689e-05
2223,2.5848609353351026,8.500794019287072e-05
2224,2.5929863904194312,8.498653492904933e-05
2225,2.6668075507582794,8.491435115892909e-05
2226,2.727851174533267,8.484511101403478e-05
2227,2.7801628610315823,8.478707227521979e-05
2228,2.6140127016837256,8.497327045600392e-05
2229,2.5558404017863556,8.503282049054354e-05
2230,2.4882125762128426,8.509316080073847e-05
2231,2.5212194492972677,8.505795721307551e-05
2232,2.5949704270808605,8.498445562343206e-05
2233,2.6621154625007017,8.49172930023401e-05
2234,2.480824135838984,8.509816227479368e-05
2235,2.4195537417348816,8.514985703119878e-05
2236,2.463184339369293,8.51133309828961e-05
2237,2.5262234716940086,8.505160928119982e-05
2238,2.3833550862949235,8.517832049890163e-05
2239,2.4152195117752973,8.515483815428264e-05
2240,2.8093619298208417,8.47636251443314e-05
2241,2.8151217551690846,8.47679044117758e-05
2242,2.797585320285635,8.4793497410638e-05
2243,2.7626014372305185,8.483048020824159e-05
2244,2.718745270886812,8.487203366819942e-05
2245,2.7601406376131123,8.483036290321251e-05
2246,2.7224406640456715,8.487381805250856e-05
2247,2.668953677179952,8.492795700909545e-05
2248,2.6119652990732534,8.498050205845456e-05
2249,2.617559367731365,8.497210141661118e-05
2250,2.681700132374976,8.490202967587236e-05
2251,2.7392401383313314,8.484178464280373e-05
2252,2.7845606542923393,8.48040888869551e-05
2253,2.637843509256583,8.495823581979537e-05
2254,2.569331616171381,8.501933391702166e-05
2255,2.5035518659660623,8.507959994348847e-05
2256,2.524568943060559,8.50617798508642e-05
2257,2.5994007070486016,8.499016217525407e-05
2258,2.6712990464917814,8.491573206661404e-05
2259,2.4822260060002757,8.509696370610095e-05
2260,2.4205323202264273,8.515151773279732e-05
2261,2.4644399302223894,8.511439047039487e-05
2262,2.5265136413947045,8.505986972726823e-05
2263,2.4100090113046853,8.516173107327881e-05
2264,2.4283398187485457,8.514499629623825e-05
2265,2.658934142991128,8.493837082033283e-05
2266,2.590812921178536,8.499827340432957e-05
2267,2.525825994956032,8.505885899031239e-05
2268,2.4953090563928955,8.508319512697968e-05
2269,2.4349665101422278,8.513654932361556e-05
2270,2.4555211498171756,8.512234299083088e-05
2271,2.516280483075065,8.506803607881353e-05
2272,2.40557723368893,8.516376705868977e-05
2273,2.4137751902160347,8.515789556022046e-05
2274,2.391835149733307,8.517478377103308e-05
2275,1.4872320533539396,8.280011909272351e-05
2276,3.4191038907371154,8.392131541641313e-05
2277,3.4358806743025387,8.387665247338855e-05
2278,3.464157783971258,8.378863651002607e-05
2279,3.5020722474724035,8.369735044972062e-05
2280,3.5439880429048674,8.35508747527035e-05
2281,3.5802344018559182,8.345954938054312e-05
2282,3.5986344417000233,8.340572946424967e-05
2283,3.587247513493681,8.350876737972877e-05
2284,3.5374995552975683,8.374480178782277e-05
2285,3.447415078662249,8.400881029607351e-05
2286,3.326688787312345,8.423600696610506e-05
2287,3.214871801873892,8.439481345776308e-05
2288,3.428229715807797,8.38582486360732e-05
2289,3.440688708527708,8.382469747033934e-05
2290,3.4585449334383114,8.379705955240451e-05
2291,3.4850196038272183,8.371498990347025e-05
2292,3.5176650233034863,8.36386531404777e-05
2293,3.5495937760287584,8.354901415584244e-05
2294,3.570503851663464,8.349630702267222e-05
2295,3.5688767581591048,8.357098538787248e-05
2296,3.534879990666681,8.372982180337037e-05
2297,3.4635818993167233,8.393789258315209e-05
2298,3.358962390602111,8.417783640224963e-05
2299,3.2439151996217634,8.435349390816363e-05
2300,3.195723027149308,8.442152854776747e-05
2301,3.277065019309876,8.43031846525333e-05
2302,3.393980014505163,8.410930494259822e-05
2303,3.4904033078477488,8.387708004954219e-05
2304,3.5509595434827586,8.366157417490597e-05
2305,3.574739996023171,8.352158232406926e-05
2306,3.568394560061821,8.34879044564361e-05
2307,3.5425471129374424,8.35618076095685e-05
2308,3.508601260702863,8.364204359900931e-05
2309,3.4758875112348773,8.372778764723271e-05
2310,3.449742288395072,8.37826039286078e-05
2311,3.430972175111092,8.386613232537119e-05
2312,3.4554964128132535,8.374310125817784e-05
2313,3.461779671712985,8.376753100565664e-05
2314,3.465315160308971,8.377710751844336e-05
2315,3.4722136978947513,8.374556610253958e-05
2316,3.482792683990235,8.376163926943218e-05
2317,3.492515381477797,8.379632893917053e-05
2318,3.493608535612874,8.380710063422394e-05
2319,3.4768736352622747,8.38362766659155e-05
2320,3.434242220318341,8.397338459258204e-05
2321,3.362731709640487,8.4151622141103e-05
2322,3.2703964765323583,8.430536248419254e-05
2323,3.194704538964233,8.441499631490449e-05
2324,3.21961056550163,8.438572161004429e-05
2325,3.3117296184505576,8.424088682632554e-05
2326,3.4020123289336954,8.406881159319178e-05
2327,3.4676823020170158,8.391046526573423e-05
2328,3.5042690981659885,8.378661584295977e-05
2329,3.51579586627153,8.369888442204887e-05
2330,3.510346256189065,8.365881810363347e-05
2331,3.496578791794667,8.365726830096528e-05
2332,3.4808885781243246,8.367727570185211e-05
2333,3.4656522743516813,8.372823408376094e-05
2334,3.4565935856106433,8.376651725215175e-05
2335,3.4374943972001293,8.384135618599977e-05
2336,3.4126049880303397,8.395693115556318e-05
2337,3.39048106947566,8.40443115606375e-05
2338,3.3754542327067187,8.409148648119e-05
2339,3.367686261906267,8.409266713874055e-05
2340,3.3632372350777793,8.408728174034225e-05
2341,3.3530580843965287,8.411643509643545e-05
2342,3.325645389787126,8.418108161395091e-05
2343,3.274964347539951,8.427786548630772e-05
2344,3.2100288219978683,8.437982170054257e-05
2345,3.178674672729838,8.443291081791592e-05
2346,3.2167677367250236,8.436872132992141e-05
2347,3.285901292201041,8.426435739158931e-05
2348,3.3500709036780876,8.416041807581665e-05
2349,3.3984728200838465,8.407644142678827e-05
2350,3.431129366082186,8.398451191925316e-05
2351,3.4524267866511917,8.387637537833101e-05
2352,3.4669841799999896,8.37533846945577e-05
2353,3.476926224830121,8.368614777441457e-05
2354,3.393965170123621,8.397869870585138e-05
2355,3.33848268266592,8.41404255565572e-05
2356,3.282280416978087,8.424917441951861e-05
2357,3.236593217577492,8.431417755696934e-05
2358,3.2094062062689432,8.43382106255062e-05
2359,3.205058740984291,8.433496757675198e-05
2360,3.2208072562933863,8.43222404586942e-05
2361,3.2400041753882562,8.429766977147038e-05
2362,3.241147030428962,8.431050458367727e-05
2363,3.21500845549113,8.435914581700395e-05
2364,3.18178241809232,8.44126489557102e-05
2365,3.1557198873862973,8.444883340438727e-05
2366,3.173602434932939,8.441865902162066e-05
2367,3.220450769911003,8.43537479211636e-05
2368,3.2745300359819454,8.426994180073738e-05
2369,3.327647487351498,8.41949502897416e-05
2370,3.3782837004258526,8.408993937968176e-05
2371,3.4257059162977175,8.392652253529502e-05
2372,3.253135421080743,8.429138554334548e-05
2373,3.167600819803601,8.439022917323452e-05
2374,3.096367897628192,8.447201294600814e-05
2375,3.050738681556464,8.453515320785857e-05
2376,3.0355261380252747,8.455481591121026e-05
2377,3.0545125381022684,8.453782308124974e-05
2378,3.1072473714393314,8.447183909864629e-05
2379,3.1613227207071244,8.441191863847729e-05
2380,3.1862201035395628,8.438958661889767e-05
2381,3.175741469410347,8.440887288456894e-05
2382,3.156556451922121,8.444022679749326e-05
2383,3.1230362468504453,8.448132763573665e-05
2384,3.1213618684124933,8.447409561788563e-05
2385,3.158852725117107,8.442035452367101e-05
2386,3.221992465647548,8.433533251736675e-05
2387,3.298286465675247,8.422722135767266e-05
2388,3.060171914399729,8.450759184218726e-05
2389,2.97690112189228,8.461235158328782e-05
2390,2.9279914104997404,8.466216855215457e-05
2391,2.9085327197206707,8.469185568244072e-05
2392,2.908021464705427,8.470193073058004e-05
2393,2.9446596297038323,8.466861494954205e-05
2394,3.0370355268999214,8.455799506497037e-05
2395,3.1149220647107367,8.446974874949544e-05
2396,3.1518613954248553,8.443172954801913e-05
2397,3.1636197769444294,8.442439678870754e-05
2398,3.1313787383475695,8.44620910433486e-05
2399,3.09428083838055,8.450885664731337e-05
2400,3.0882865045898584,8.450630730187898e-05
2401,3.134533326192902,8.444292658601304e-05
2402,2.896170625304763,8.469479999550743e-05
2403,2.8543247657373927,8.474062823227907e-05
2404,2.834066825890456,8.476942695282145e-05
2405,2.8179038122222204,8.478702590528834e-05
2406,2.8046884451845626,8.481059672869656e-05
2407,2.8787430969657724,8.473412388453923e-05
2408,3.002038271646486,8.460432679737018e-05
2409,3.0890337497800706,8.450012147370189e-05
2410,3.1426217793445113,8.443602710358164e-05
2411,3.142903781213527,8.444530712580235e-05
2412,3.1142452439912933,8.448098571420039e-05
2413,3.082720896018671,8.452255146993374e-05
2414,2.8131184973651773,8.478585880749957e-05
2415,2.7826408652983368,8.481928820214518e-05
2416,2.749226264306051,8.485730298319155e-05
2417,2.7088717072455943,8.489911984010601e-05
2418,2.7090178480889895,8.490860478689481e-05
2419,2.855338137091047,8.4757323509304e-05
2420,2.9864532482526815,8.461712583411238e-05
2421,3.0753631900558727,8.451500680112278e-05
2422,3.128502036624425,8.445765880464215e-05
2423,3.134459355750001,8.445067097011011e-05
2424,2.735543046989229,8.487103516760004e-05
2425,2.6846634605420956,8.491882652308057e-05
2426,2.6280753491595266,8.497349771179269e-05
2427,2.576370864233898,8.502112735423368e-05
2428,2.6884316050169925,8.492120558615e-05
2429,2.849588758673269,8.476786234216608e-05
2430,2.980476625224058,8.462478718086899e-05
2431,3.076687118858433,8.45115214969546e-05
2432,2.620360119124117,8.497826331804062e-05
2433,2.556350278519792,8.503715990273708e-05
2434,2.4960437951876795,8.508778170424084e-05
2435,2.520477763389218,8.507019116950588e-05
2436,2.689373453730771,8.492074673659487e-05
2437,2.84875159253176,8.476542140473529e-05
2438,2.494229296737829,8.509051432844686e-05
2439,2.4431750075012135,8.513134825832396e-05
2440,2.4067706968184406,8.516188343415499e-05
2441,2.522202348845518,8.506709642657056e-05
2442,2.4109458418631085,8.51581457897199e-05
2443,2.3976432786067785,8.5168700584328e-05
2444,3.4544520667245746,8.378166632739104e-05
2445,3.467701620244009,8.372277353786759e-05
2446,3.484084762705584,8.370403789143359e-05
2447,3.503366237638619,8.368306273088934e-05
2448,3.5205622512396415,8.364458378585878e-05
2449,3.527213937917136,8.369718998037675e-05
2450,3.513583101675185,8.377617559748575e-05
2451,3.47151128187736,8.39040971365784e-05
2452,3.397942033573987,8.408574633093356e-05
2453,3.299853739202696,8.426804057095653e-05
2454,3.20818028189724,8.44020153189501e-05
2455,3.4589102194974983,8.373903853702477e-05
2456,3.449603245862139,8.379095202614841e-05
2457,3.4405538087979433,8.387900496079537e-05
2458,3.434548420104905,8.393974165863243e-05
2459,3.4299581257573797,8.39741059655024e-05
2460,3.421598270455964,8.397721976486832e-05
2461,3.4016382845779902,8.402757032183917e-05
2462,3.362065600048714,8.411333930667469e-05
2463,3.29985509838591,8.423876530959708e-05
2464,3.22489655316175,8.436816875964958e-05
2465,3.1830990432745416,8.443098846784736e-05
2466,3.225676251636408,8.436729006839271e-05
2467,3.302539380191307,8.423204756414609e-05
2468,3.37066739632842,8.411161163156886e-05
2469,3.4183727520271443,8.402467120230038e-05
2470,3.44610283501561,8.395397192159917e-05
2471,3.4595494271292404,8.387872709846893e-05
2472,3.4654106835142655,8.379695391746262e-05
2473,3.468513487115764,8.375513735970574e-05
2474,3.470113899885464,8.374401508036232e-05
2475,3.4017844126889902,8.397664980168194e-05
2476,3.3602950188138605,8.409927333251004e-05
2477,3.32277755776896,8.418519947864704e-05
2478,3.295989493790062,8.42250222294201e-05
2479,3.282930367568488,8.42321096431985e-05
2480,3.2811240146686242,8.423753370609914e-05
2481,3.279642423796339,8.424164854873083e-05
2482,3.263772221800854,8.427725383400435e-05
2483,3.2266004102782615,8.434669208400962e-05
2484,3.179420754497416,8.441714463092894e-05
2485,3.1665041801752705,8.444203818719352e-05
2486,3.1979059454191745,8.439314004645702e-05
2487,3.2492540872018685,8.431017673153975e-05
2488,3.298352780765385,8.423823176577868e-05
2489,3.3402085779674024,8.417829032046377e-05
2490,3.3767049741086987,8.410043336794992e-05
2491,3.410575512632658,8.398948486150794e-05
2492,3.442187792119789,8.386104646359351e-05
2493,3.2665999977029427,8.42645331591959e-05
2494,3.198728501136908,8.435779325281889e-05
2495,3.14712791096658,8.441718284975324e-05
2496,3.1203794606530173,8.44545683676179e-05
2497,3.123134509112311,8.445114958744899e-05
2498,3.151735734639537,8.441556702900753e-05
2499,3.184059245736358,8.43844989552611e-05
2500,3.1956338128459576,8.437612067041861e-05
2501,3.179157988094822,8.440345325808289e-05
2502,3.158496012734704,8.44364680135743e-05
2503,3.1344547370735527,8.44711529463464e-05
2504,3.1425735633545013,8.44518158606805e-05
2505,3.177931279089249,8.439776931652932e-05
2506,3.2273970969515453,8.433080723385215e-05
2507,3.2851302246989476,8.425000015874447e-05
2508,3.3478824659147945,8.415442612688062e-05
2509,3.0774142007089047,8.449703297258675e-05
2510,3.0108113807153867,8.457708242333828e-05
2511,2.9748980996376893,8.461591570742261e-05
2512,2.9679054012129273,8.4634830959363e-05
2513,2.9953267809075745,8.460872297445026e-05
2514,3.0620128421194286,8.45304264587061e-05
2515,3.124040060949768,8.446129581773052e-05
2516,3.1529779978576986,8.443400724587688e-05
2517,3.1613975155726304,8.442410621868748e-05
2518,3.1316166240579104,8.446026096337155e-05
2519,3.099445960593787,8.450303857111939e-05
2520,3.095029600317369,8.450442780771012e-05
2521,3.13088830716508,8.444725419936719e-05
2522,3.19868411123173,8.435837707935566e-05
2523,2.911463333589238,8.467804391919551e-05
2524,2.8792409543179067,8.472092057552641e-05
2525,2.8650930459475417,8.473899775660284e-05
2526,2.8604419846511946,8.475538943787291e-05
2527,2.9097385857948965,8.470669057527655e-05
2528,3.0128389860424876,8.458842965801042e-05
2529,3.090022148131604,8.450032498437582e-05
2530,3.125731082220119,8.446116494514842e-05
2531,3.1371500324010118,8.446018370218804e-05
2532,3.108089200820674,8.448942911896397e-05
2533,3.076695555661966,8.452760305155478e-05
2534,3.0768883400445337,8.452105023608062e-05
2535,2.823244297717954,8.477928022171872e-05
2536,2.798811682333432,8.480570279017241e-05
2537,2.770477471054231,8.484014727547593e-05
2538,2.7579589830334936,8.485887030293399e-05
2539,2.8702486873008186,8.474419885052119e-05
2540,2.9899554113951337,8.461086357328422e-05
2541,3.071073494832464,8.451863324499791e-05
2542,3.119729011907644,8.44702477760096e-05
2543,3.1210704875426805,8.446518379632743e-05
2544,3.098437995733549,8.450079824881776e-05
2545,2.742044671245531,8.486321021698789e-05
2546,2.6948688606481106,8.491291990070306e-05
2547,2.645476153792022,8.496114424351111e-05
2548,2.7105305633019467,8.489866970045172e-05
2549,2.858852362586636,8.475467640041996e-05
2550,2.980058864188585,8.46275600731345e-05
2551,3.0682770231161323,8.452472509045379e-05
2552,3.1119450905987955,8.447832731237882e-05
2553,2.6237348182557456,8.497672636814748e-05
2554,2.5612711981629976,8.503277497534886e-05
2555,2.5540312891397794,8.503834705694265e-05
2556,2.707918443939297,8.489920252787647e-05
2557,2.8564209111407357,8.475180906948234e-05
2558,2.9772078819042433,8.462745057664979e-05
2559,2.4943498948044076,8.508982149743445e-05
2560,2.4449816548377212,8.513056087156357e-05
2561,2.5528479259829577,8.503528075981323e-05
2562,2.7092122224294384,8.489756607581857e-05
2563,2.407932456283287,8.515976426756615e-05
2564,2.412640561894337,8.514929946434572e-05
2565,3.4231899742671783,8.391125325028175e-05
2566,3.3934047505549065,8.402257313382495e-05
2567,3.3660385307804366,8.40930903849145e-05
2568,3.34331770320324,8.414380393824497e-05
2569,3.3232626333876145,8.419082805774956e-05
2570,3.2995823911655706,8.422453579503201e-05
2571,3.2648233717633506,8.428258793345717e-05
2572,3.217682834675968,8.436616562572686e-05
2573,3.1742808694835047,8.442503614078342e-05
2574,3.301833723779275,8.420911556527325e-05
2575,3.248500463081538,8.429171082787627e-05
2576,3.2097149589007943,8.433389353367247e-05
2577,3.1908124096055688,8.436248570414932e-05
2578,3.18933557905763,8.43755935977035e-05
2579,3.1922480397133883,8.436888669903215e-05
2580,3.1845638560327276,8.439284068855302e-05
2581,3.162689000640042,8.442814608239645e-05
2582,3.1465000558569285,8.445542905963072e-05
2583,3.144013043420395,8.44550255384741e-05
2584,3.163576680968939,8.442003417223767e-05
2585,3.189177492044206,8.438139890412214e-05
2586,3.2156599323774344,8.434205287227578e-05
2587,3.24752521888605,8.429296072387449e-05
2588,3.289258525669215,8.423493524187657e-05
2589,3.339929224436639,8.414248767026689e-05
2590,3.1236205317028762,8.444412603531025e-05
2591,3.06982531105042,8.451259452942132e-05
2592,3.044979535799829,8.454306774517081e-05
2593,3.0520986366719436,8.454147579773192e-05
2594,3.0852149049065023,8.450608751684034e-05
2595,3.1193063918717585,8.446188349725462e-05
2596,3.1334253706481174,8.445345751897255e-05
2597,3.124952397562449,8.446633432845895e-05
2598,3.11582726322422,8.448026297575238e-05
2599,3.0988766569961497,8.450254357161838e-05
2600,3.100090348718927,8.449775185541956e-05
2601,3.1205900035441347,8.446572574741159e-05
2602,3.1594564014078035,8.440080904188995e-05
2603,3.2170543493127415,8.432254210867916e-05
2604,2.954173294680687,8.463489349734952e-05
2605,2.926305685905895,8.46724891463994e-05
2606,2.9216136931412833,8.468904587461888e-05
2607,2.9543629580348196,8.465596173417556e-05
2608,3.0219853611994214,8.457735384260586e-05
2609,3.076490700968515,8.451310538017335e-05
2610,3.1003180516960085,8.448499279105005e-05
2611,3.1085866316375603,8.4480079172404e-05
2612,3.0848767054270803,8.450932370215608e-05
2613,3.061964944439305,8.453766526063046e-05
2614,3.061173290245322,8.45378082005742e-05
2615,3.0941477816650256,8.45000230471359e-05
2616,2.8516039005767766,8.475305745730699e-05
2617,2.8305269446180406,8.477932416034441e-05
2618,2.8247057666307858,8.479061495848037e-05
2619,2.8993932948601016,8.470576987790562e-05
2620,2.9904054745178574,8.46064452623446e-05
2621,3.051811992253237,8.454560857984895e-05
2622,3.089155305959406,8.449906288171686e-05
2623,3.0852515917124346,8.450353196925314e-05
2624,3.0644856292871485,8.453496039236842e-05
2625,3.0478185559986466,8.455662806231987e-05
2626,2.7608032473876865,8.484531658985336e-05
2627,2.7210757432959682,8.488959431646466e-05
2628,2.7634585677680894,8.484178046493087e-05
2629,2.879907681430859,8.472290954790767e-05
2630,2.975700464959342,8.46244840937469e-05
2631,3.037942573202294,8.45580574134982e-05
2632,3.0737733913293273,8.451715084165327e-05
2633,3.075765089709718,8.451849008779235e-05
2634,2.6360586199923453,8.496700189326829e-05
2635,2.6297155061016153,8.496629757119303e-05
2636,2.7540040909230212,8.484820064374654e-05
2637,2.874451391615432,8.472990070213716e-05
2638,2.9695718680586585,8.46321657512052e-05
2639,3.038180783588719,8.455726398427378e-05
2640,2.5172324858742128,8.506924822932962e-05
2641,2.624701256408231,8.496576465944913e-05
2642,2.754854657910739,8.484833601704712e-05
2643,2.873392805933995,8.47310886490878e-05
2644,2.5058491354709913,8.506897700433112e-05
2645,2.6273961856793213,8.496242015489776e-05
2646,3.1811768096606134,8.436562164659677e-05
2647,3.132641779243552,8.44304692453044e-05
2648,3.108726949001588,8.446829257416935e-05
2649,3.105000398079519,8.448813377862049e-05
2650,3.108375016042127,8.448300072757491e-05
2651,3.1087033463235274,8.448635498160451e-05
2652,3.1068836005352036,8.448798513784308e-05
2653,3.0173212221414007,8.457888475936313e-05
2654,2.994948716298007,8.460459668240522e-05
2655,3.0029607384712946,8.459804889098103e-05
2656,3.0312808868197245,8.456854262065214e-05
2657,3.0576892580339874,8.453957366756774e-05
2658,3.0697433430716283,8.452064630883487e-05
2659,3.07453280073184,8.451411725383512e-05
2660,3.0627394178571814,8.453308519405797e-05
2661,3.0506689796491373,8.45455208576622e-05
2662,3.0444708750101577,8.455635011973919e-05
2663,3.050572931232531,8.454277617800055e-05
2664,3.0780887168647717,8.450914023430338e-05
2665,2.899962658936617,8.470737706750031e-05
2666,2.8971192030895354,8.47149714586922e-05
2667,2.936387169564768,8.466936227263802e-05
2668,2.9894998685677194,8.460514084208467e-05
2669,3.0260295249090237,8.456761314347178e-05
2670,3.0395775846650728,8.455445981767979e-05
2671,3.042248834863729,8.454895271357076e-05
2672,3.0268587444442243,8.457051340324847e-05
2673,3.015860068355357,8.45832898564906e-05
2674,3.0209213467428753,8.458151250748751e-05
2675,2.80281122218009,8.481021829618133e-05
2676,2.8314433349071226,8.477085656686498e-05
2677,2.9059814914476987,8.469663552829357e-05
2678,2.968329138516514,8.462666298359935e-05
2679,3.0059598367118747,8.458271239612032e-05
2680,3.0257332325176667,8.456279877337269e-05
2681,3.021305672507904,8.45692294854441e-05
2682,3.0129568689257367,8.458327298526482e-05
2683,2.7259262798486903,8.487511151850828e-05
2684,2.8121523584239845,8.478876762880682e-05
2685,2.8952591990583563,8.469783685595841e-05
2686,2.957637486636816,8.463562151962273e-05
2687,2.9995298162644692,8.459409322266387e-05
2688,3.0165137065657888,8.457410328024267e-05
2689,2.71531909468039,8.487991635450836e-05
2690,2.809665817086082,8.478473559967291e-05
2691,2.8917260802794726,8.47091095437419e-05
2692,2.9541373829593276,8.463817439317044e-05
2693,2.7174477840864966,8.487769824466281e-05
2694,2.8098432541574874,8.478568085292945e-05
2695,2.9737584261042955,8.46342927553801e-05
2696,2.977903931723911,8.462600676205045e-05
2697,2.994836004358859,8.460410101860104e-05
2698,3.0111919408744616,8.458110562836282e-05
2699,3.0208784640350084,8.456414114419088e-05
2700,2.9050392687198037,8.469855868607235e-05
2701,2.935384140099315,8.465542911552807e-05
2702,2.963944029904722,8.462185245064341e-05
2703,2.9809597257298686,8.459859583864633e-05
2704,2.9886672256096927,8.459764618524335e-05
2705,2.9831984453143328,8.460457562619443e-05
2706,2.975353262084789,8.462026158901182e-05
2707,2.9713556782523822,8.462706198444774e-05
2708,2.8739264524581816,8.471716719343966e-05
2709,2.916203281329753,8.467451951465029e-05
2710,2.9460050491983583,8.463492829553685e-05
2711,2.9612244029695627,8.462534879559642e-05
2712,2.9678445626443812,8.461199212138893e-05
2713,2.9686562257978095,8.4619544746568e-05
2714,2.86469745678719,8.472838817220512e-05
2715,2.907679677873588,8.467795410307484e-05
2716,2.9370390618454745,8.465622580131399e-05
2717,2.95593210163285,8.46235656519164e-05
2718,2.8622169649286753,8.472791560835039e-05
2719,2.905131153643099,8.468340599956802e-05
2720,2.940325493645664,8.464307508130364e-05
2721,2.9450495465820117,8.464604797068183e-05
2722,2.947822321718867,8.463239371445217e-05
2723,2.923216953192915,8.465576338889673e-05
2724,2.9262521652816322,8.465311109225079e-05
2725,2.9286490323583982,8.4652893901586e-05
2726,2.933478942430495,8.464463653122894e-05
2727,2.9149504931952053,8.467008153591754e-05
2728,2.919732311418148,8.465215736810378e-05
2729,2.9143565969757605,8.466375208657794e-05
