Mode_Index,Frequency_THz,Cv_QPA_eV_K
0,0.0,0.0
1,0.237475594153657,8.608425029726181e-05
2,0.450230078646182,8.585367165832478e-05
3,0.6387095284957344,8.552826482643179e-05
4,0.810884542459409,8.513212230015633e-05
5,0.9707285448084064,8.468288991716441e-05
6,1.1193830890143082,8.4194118630804e-05
7,1.2569499884040694,8.368058528270275e-05
8,1.3828128013464727,8.316275051522305e-05
9,1.4951119030765678,8.266463530617202e-05
10,1.58989938695349,8.221688484242374e-05
11,1.6606086467126024,8.186501951401198e-05
12,1.699056287230854,8.166722674380815e-05
13,0.2401481697946797,8.60786683458532e-05
14,0.39225754573619737,8.592556830836781e-05
15,0.5616794333548263,8.567055782532537e-05
16,0.7214050023036264,8.534612376725983e-05
17,0.8706843970921637,8.497020344668056e-05
18,1.011230574361667,8.455348752723668e-05
19,1.144548172689196,8.410248070146342e-05
20,1.2714685038608335,8.362176987040039e-05
21,1.3914459627682785,8.312481161976427e-05
22,1.5016391151505355,8.263384313099267e-05
23,1.5961500735208785,8.21846041861013e-05
24,1.6661978579618508,8.18360388481931e-05
25,1.679737791266506,8.176799664518681e-05
26,1.6287751020658374,8.202438283940991e-05
27,1.5466290349412175,8.24238074916545e-05
28,1.4445932364319125,8.289131277942012e-05
29,1.3315423652140383,8.337631718991307e-05
30,1.2120957026840598,8.385039308665613e-05
31,1.0871918231019564,8.430033417016428e-05
32,0.9555965834939186,8.472265047499824e-05
33,0.8152227524066556,8.511471420298519e-05
34,0.6638796613611919,8.546919227742443e-05
35,0.500494312559373,8.576965389822955e-05
36,0.3355167963279912,8.598930355309215e-05
37,0.42784415922418456,8.587554528299894e-05
38,0.5279437364690777,8.572411061675279e-05
39,0.6500265184496594,8.549766659825523e-05
40,0.7763038980286733,8.521337715494314e-05
41,0.9025099114171202,8.487984395424416e-05
42,1.0284204506297732,8.449862404032643e-05
43,1.1543127728084848,8.40665842547928e-05
44,1.279393653536604,8.359032062523656e-05
45,1.4008192059754625,8.308549655193299e-05
46,1.5130638151220572,8.258169708226244e-05
47,1.6078296001323484,8.212873031721885e-05
48,1.6356302094507467,8.19909305015283e-05
49,1.5705178775682984,8.230940961775501e-05
50,1.474391501141066,8.275703996804173e-05
51,1.3638478486713002,8.323961169159197e-05
52,1.2508524324468668,8.369840201318568e-05
53,1.1409957294762774,8.41093667405061e-05
54,1.0344897556296473,8.447038134349996e-05
55,0.928552488390463,8.479529683026703e-05
56,0.819871152950664,8.509423744257844e-05
57,0.7070303536844306,8.536665945427388e-05
58,0.5945145715711474,8.560026296784004e-05
59,0.5457821711992976,8.56912980760785e-05
60,0.6065972266717778,8.558093967970092e-05
61,0.6948071596760916,8.54008114708257e-05
62,0.7995266620991951,8.5154438395505e-05
63,0.9152272496927708,8.484301447587562e-05
64,1.0386950513050441,8.446392851347457e-05
65,1.166808056675139,8.402012626824433e-05
66,1.29541210422355,8.352513401609371e-05
67,1.4188239012803634,8.300498288873047e-05
68,1.5296827201670322,8.2502862012478e-05
69,1.5722042704537498,8.230331179003697e-05
70,1.4968787561068795,8.265426949551047e-05
71,1.3903508976597994,8.312622679055213e-05
72,1.275262693883012,8.36014397904627e-05
73,1.1655943665439112,8.401789032156791e-05
74,1.0678475967171137,8.43573601792028e-05
75,0.9823494529036311,8.462914217147318e-05
76,0.9058394078392767,8.485391174322963e-05
77,0.8345079889667711,8.504878512115291e-05
78,0.766975864056314,8.522171148246775e-05
79,0.6017772812906677,8.558921795847676e-05
80,0.6393785156088786,8.55161366699059e-05
81,0.7137601585417984,8.535849708399317e-05
82,0.8149415198926342,8.511459641670053e-05
83,0.9334653759611553,8.478892204953361e-05
84,1.061540786228058,8.438873554275224e-05
85,1.192479455036682,8.392514795744575e-05
86,1.3200223661273822,8.342417643862634e-05
87,1.4378774664940466,8.292124358979429e-05
88,1.497122447948699,8.265559871211041e-05
89,1.4176092496941244,8.300923623663934e-05
90,1.308372725949436,8.346867130844879e-05
91,1.1955092082700058,8.39067650616794e-05
92,1.0931817508472028,8.4270177043567e-05
93,1.0085445311885148,8.454532998554008e-05
94,0.9430938696379011,8.47426901458769e-05
95,0.8945354514019515,8.488092745850207e-05
96,0.8592300346181234,8.497883693278313e-05
97,0.6257621494160434,8.554273726479029e-05
98,0.6618703924342394,8.546963556262441e-05
99,0.7410735231188229,8.529457935103068e-05
100,0.8486658914717874,8.502495038006443e-05
101,0.9708400361882961,8.467499927547332e-05
102,1.0975153912968783,8.426428959239036e-05
103,1.221595473593537,8.38128478526829e-05
104,1.337778078006916,8.334972996278662e-05
105,1.4165251142330524,8.301568715599396e-05
106,1.349284702985394,8.330134784574057e-05
107,1.237408433603879,8.37477767002885e-05
108,1.1349060575774907,8.412344682464631e-05
109,1.04454760668933,8.442847407373346e-05
110,0.9734644286252275,8.464990932640285e-05
111,0.9250757642558048,8.479176402645661e-05
112,0.8995836297461037,8.486454134110018e-05
113,0.6591728577967312,8.547423720704291e-05
114,0.7076501456863551,8.5368989946503e-05
115,0.793919480824477,8.516388795864281e-05
116,0.9004529716058383,8.48793081440603e-05
117,1.0140140200416816,8.453844858680562e-05
118,1.1265259916673172,8.416164712149012e-05
119,1.2333711678286656,8.376733812757792e-05
120,1.3319498862204733,8.33731756508467e-05
121,1.277268420975861,8.359250766840869e-05
122,1.1810768756923906,8.395559177859678e-05
123,1.096765328268399,8.425188391616656e-05
124,1.0232862113191583,8.449324146550606e-05
125,0.9668953029378414,8.466661368712411e-05
126,0.9329534790740263,8.476734051336272e-05
127,0.7212336271256939,8.533664249545552e-05
128,0.7749397014339612,8.520887012070852e-05
129,0.8536498878795038,8.500633556968747e-05
130,0.9436104810127544,8.475277799172554e-05
131,1.036268376894761,8.446618691052982e-05
132,1.127391319321077,8.415909031134803e-05
133,1.2154834604787688,8.383634864549548e-05
134,1.2100665218821771,8.38493519938735e-05
135,1.1382658394346132,8.410641027084075e-05
136,1.0778903769177703,8.431222879552245e-05
137,1.0256411974092696,8.448269448771227e-05
138,0.9864675633420473,8.460546809263157e-05
139,0.7899832914888325,8.517040459276858e-05
140,0.8305979869854627,8.506681832028713e-05
141,0.886912963339205,8.491526506160561e-05
142,0.9519442990429446,8.472859970116235e-05
143,1.0222544788963388,8.451262946543539e-05
144,1.0969538213562355,8.426689926665971e-05
145,1.147334726824404,8.407634844400672e-05
146,1.1151971548560482,8.418291194727345e-05
147,1.0718892454603048,8.433044511183708e-05
148,1.0440188637289396,8.442244566910729e-05
149,0.8287772479111387,8.507188692991802e-05
150,0.8447369758353518,8.503132199609402e-05
151,0.87600222274372,8.494822126052963e-05
152,0.9216150305774342,8.482080671042218e-05
153,0.9815341207512998,8.464432082800287e-05
154,1.0558632393699003,8.440759105502097e-05
155,1.0844632545237847,8.428747966128213e-05
156,1.0734252205315753,8.432406105649157e-05
157,0.8191598640451956,8.510128515953315e-05
158,0.8136891140482597,8.511729178337144e-05
159,0.8320758818025055,8.507140990327689e-05
160,0.8763645830575878,8.495268921116726e-05
161,0.9457022999481248,8.475512015157803e-05
162,1.0366480255734771,8.447136225623827e-05
163,0.7733177252384867,8.522231562516766e-05
164,0.7640999429881653,8.524639406361527e-05
165,0.7916486931105294,8.517836502840807e-05
166,0.8545828533601338,8.501356678737658e-05
167,0.7303071842806699,8.532837412427113e-05
168,0.7397244519732825,8.530556993930777e-05
169,0.48443666232825333,8.579203721826159e-05
170,0.6116532933715296,8.557012029727869e-05
171,0.7432751949339441,8.528847991171711e-05
172,0.870231143549451,8.496507802042183e-05
173,0.9923050149222338,8.460821434315205e-05
174,1.1113839494787339,8.421587182538492e-05
175,1.229278661760029,8.378438000744162e-05
176,1.3461681915278019,8.331525849215228e-05
177,1.4588501648242111,8.282730262561136e-05
178,1.5592435739250403,8.236303246288292e-05
179,1.632698927131418,8.200431277861512e-05
180,0.5907786258919427,8.560847841385229e-05
181,0.6818776756598919,8.542428950043716e-05
182,0.7854375974493196,8.518462169710999e-05
183,0.8943343729778349,8.489700351168908e-05
184,1.0070854817491286,8.456112387394983e-05
185,1.123508807377314,8.417275987701997e-05
186,1.2427441871048448,8.373189337633088e-05
187,1.3617817802099472,8.324910389989531e-05
188,1.4737339762077684,8.275920040386473e-05
189,1.5629962450380597,8.234530939918285e-05
190,1.5691079654668874,8.231682229743448e-05
191,1.4865008906115722,8.270219165243028e-05
192,1.3782563306074531,8.317928597428838e-05
193,1.2641974194082077,8.364662061734464e-05
194,1.1541694289540594,8.406019505628795e-05
195,1.0514757911804444,8.44132273748491e-05
196,0.9551400214382487,8.471460188992027e-05
197,0.8624759218557154,8.497853264881703e-05
198,0.7716460198078037,8.521252052477829e-05
199,0.6847386659253643,8.541443112663375e-05
200,0.6436850713886485,8.550420794352981e-05
201,0.7128755600892192,8.53552487892791e-05
202,0.8042270001532476,8.513721657693489e-05
203,0.9099106350511766,8.485184071152701e-05
204,1.024923699869471,8.450327656732098e-05
205,1.1451535906124353,8.409403451115286e-05
206,1.266262815758236,8.3637698696033e-05
207,1.3822135597491096,8.31614499680764e-05
208,1.4793732373894355,8.273416547300437e-05
209,1.49472158926596,8.266610077560986e-05
210,1.4044352078740598,8.30671578684635e-05
211,1.2934431022929747,8.352782340716635e-05
212,1.1827679413669712,8.395327301423728e-05
213,1.0828631638836899,8.430612129420081e-05
214,0.9974115402642983,8.458101827885964e-05
215,0.925668099642722,8.479529841796757e-05
216,0.8649947457048093,8.496511392866497e-05
217,0.8134035152775296,8.510308784065993e-05
218,0.6672077618353424,8.545568115435281e-05
219,0.7345274460911405,8.530505961559402e-05
220,0.8297160465795879,8.507044051190058e-05
221,0.9409542637942475,8.47598774696189e-05
222,1.0592971193121878,8.43894756316445e-05
223,1.1780638646041506,8.39731772420076e-05
224,1.2914691076718343,8.353633142816346e-05
225,1.3892953484955208,8.313252445272782e-05
226,1.413293493962869,8.30303133405809e-05
227,1.3243252400166985,8.34044336331417e-05
228,1.2185165572391372,8.381935151749662e-05
229,1.1172257934170398,8.41870235609885e-05
230,1.0302255298126266,8.447529504815543e-05
231,0.9617622068371826,8.468583671812512e-05
232,0.9124968589496557,8.482905271836893e-05
233,0.8809736352475509,8.491796237093425e-05
234,0.6995790994700269,8.538486649034274e-05
235,0.7770442825267534,8.520215190684886e-05
236,0.8778225744349123,8.493861174907912e-05
237,0.9881691429513235,8.461469784659904e-05
238,1.098917156893372,8.425303349166091e-05
239,1.2041263956284833,8.387634779006695e-05
240,1.2970160465724228,8.35152983214389e-05
241,1.331927180857982,8.337456890660996e-05
242,1.252473626236641,8.36903026801888e-05
243,1.16038393435077,8.403209177186732e-05
244,1.0746606795576092,8.43274003114004e-05
245,1.0032391570239314,8.455680386514405e-05
246,0.9507909400943045,8.471503799649898e-05
247,0.9202584419073118,8.480478353459789e-05
248,0.7592135995971916,8.52448768283987e-05
249,0.8396268472253758,8.504022571291753e-05
250,0.932660808094245,8.478040283980828e-05
251,1.027975817873708,8.448760390172907e-05
252,1.1195365511442406,8.418065612767695e-05
253,1.2031764239647191,8.387951421634573e-05
254,1.2518224304179655,8.369482125158188e-05
255,1.205097268315149,8.386736827446432e-05
256,1.1198519940132796,8.417171956581971e-05
257,1.0548582171254053,8.438921321507267e-05
258,1.001771298995065,8.455838545048521e-05
259,0.965329034314703,8.466997604386395e-05
260,0.8258068443518685,8.507593942261857e-05
261,0.8922344973009352,8.489520239874587e-05
262,0.9639011206751437,8.468692510721705e-05
263,1.0362670379242247,8.446119862912594e-05
264,1.1069065615576974,8.422689859097996e-05
265,1.1681099385392077,8.400919381562543e-05
266,1.1506006932087716,8.406264263981282e-05
267,1.0933907706255148,8.425999758685775e-05
268,1.0523751097145555,8.439482660999175e-05
269,1.0203422780917133,8.449872140299653e-05
270,0.864255061329324,8.497373644073274e-05
271,0.9066257725187259,8.485609192585914e-05
272,0.9547932482820424,8.471734006422017e-05
273,1.0092834288611163,8.455097255653298e-05
274,1.0701472627771753,8.43541757153866e-05
275,1.1026092896040678,8.422968388431167e-05
276,1.076548629764401,8.43151488361696e-05
277,1.0609093615913427,8.436653596867084e-05
278,0.8564710493021577,8.499908739189322e-05
279,0.8790872783408945,8.493820892378836e-05
280,0.9155563945291704,8.483689550242773e-05
281,0.9687783019935083,8.468060180633358e-05
282,1.0388933001134275,8.446020946544277e-05
283,1.0718499466034466,8.432872837326968e-05
284,0.8140567080132763,8.511601863959215e-05
285,0.8346781047516386,8.50634905988145e-05
286,0.879615182236425,8.494140642152145e-05
287,0.9493446736616376,8.473992539073026e-05
288,0.7741271447846824,8.522037336613268e-05
289,0.8130319064699186,8.512140565994448e-05
290,0.7332024108434158,8.530398887365e-05
291,0.8021895103492509,8.513512395711575e-05
292,0.8825047686662976,8.492192501508484e-05
293,0.9716570324647126,8.466360982349038e-05
294,1.0691685900659036,8.435363994176704e-05
295,1.1745921818614697,8.398403913554524e-05
296,1.2855200873624557,8.355989672706495e-05
297,1.3949478230388737,8.310617098738805e-05
298,1.4841010933331487,8.271527099779843e-05
299,0.7562652335862717,8.524903455976749e-05
300,0.8237801250403357,8.5078699755024e-05
301,0.9075943799530866,8.485003537052246e-05
302,1.0017211183964376,8.456879472434687e-05
303,1.102069206535672,8.424024492477201e-05
304,1.2054209087778418,8.38682222202648e-05
305,1.3071854838683414,8.34721096249943e-05
306,1.3934747049391378,8.31154358231884e-05
307,1.3988617615585444,8.309262285527412e-05
308,1.3118675240377415,8.345403106002307e-05
309,1.2101329722540168,8.38514288279762e-05
310,1.1123202000765442,8.420302756386996e-05
311,1.0245379380493906,8.449312570949524e-05
312,0.9488043771664633,8.472558354378672e-05
313,0.8857550504901781,8.490657434875188e-05
314,0.836251539166935,8.504235606922352e-05
315,0.7868518080074336,8.517341963600554e-05
316,0.863717663841438,8.49706552477797e-05
317,0.9534045408711646,8.47134797880597e-05
318,1.0473620043452123,8.441944546804684e-05
319,1.1404590176278862,8.410302061690592e-05
320,1.2293133432136782,8.377796670344404e-05
321,1.3056597847951268,8.348056952106527e-05
322,1.3219842874136942,8.341510252723025e-05
323,1.2362340442393687,8.375169222732144e-05
324,1.1482339853571015,8.407491151668195e-05
325,1.0677755090771894,8.435026959910348e-05
326,0.9994732891013409,8.456795249438659e-05
327,0.9453317417222932,8.473113432667457e-05
328,0.9069226373904126,8.484359377392297e-05
329,0.8420437437925751,8.5029128746387e-05
330,0.9225247829913045,8.480179316094052e-05
331,1.006520762132162,8.454735592141368e-05
332,1.0871229446623047,8.428422513133574e-05
333,1.1611502159045703,8.402756159432176e-05
334,1.2246280769735818,8.379636855769426e-05
335,1.244639113550257,8.372274873374e-05
336,1.1731803949148292,8.398671269074502e-05
337,1.1039438392934455,8.422678840632436e-05
338,1.0437270749450078,8.442462569096829e-05
339,0.9955243495448951,8.457618349229923e-05
340,0.9617088776763162,8.46797932370155e-05
341,0.9046859121765404,8.485424723605847e-05
342,0.9736664365142116,8.464795774035606e-05
343,1.0390581618753139,8.444207237781051e-05
344,1.0980613866531,8.424680170292191e-05
345,1.1494374784311254,8.407193526274991e-05
346,1.1747385027091057,8.398312933207397e-05
347,1.123558161166012,8.41595064313481e-05
348,1.076014450548619,8.43188411660614e-05
349,1.0374396003491435,8.444293375101446e-05
350,1.009640680778776,8.453125075561657e-05
351,0.942782580235412,8.47435176754952e-05
352,0.990819278222835,8.459540684525151e-05
353,1.034915721261592,8.445721165088036e-05
354,1.076283522192594,8.43240209867695e-05
355,1.1100983576005554,8.421204537356317e-05
356,1.0963219354884954,8.425160792309342e-05
357,1.0607887245318033,8.436847844767039e-05
358,1.0441935786141978,8.44206739758338e-05
359,0.9390115595123838,8.475680777468755e-05
360,0.9698124959066776,8.466410652007561e-05
361,1.0029548190786606,8.456387249030437e-05
362,1.0424652318491276,8.443973729102962e-05
363,1.0653324816556584,8.435536552781373e-05
364,1.055485112371595,8.438523551953863e-05
365,0.9036160404997781,8.48650225584761e-05
366,0.9327487499538252,8.477990692271277e-05
367,0.9728067053848708,8.466049052588385e-05
368,1.0281033958394705,8.448876400103498e-05
369,0.8697357965482343,8.49632888091971e-05
370,0.9144674403338864,8.483531628930486e-05
371,0.8650568032410647,8.496389463569118e-05
372,0.9229279813494852,8.479874053980923e-05
373,0.9916235440136634,8.459252320570923e-05
374,1.0672856393933394,8.435087730060723e-05
375,1.1478869895431296,8.407535621279672e-05
376,1.2310815029060729,8.377115084783655e-05
377,1.3058826655365876,8.348125283889497e-05
378,0.9163917852972896,8.481681692358971e-05
379,0.9784905695801844,8.46300436740033e-05
380,1.0426837811888123,8.44268400947083e-05
381,1.1056453187942625,8.421849019458455e-05
382,1.166954064146692,8.400584965211026e-05
383,1.2228825699633925,8.380556217549065e-05
384,1.2249914165678144,8.379780136524928e-05
385,1.1644481499916521,8.401727728953269e-05
386,1.102620976669849,8.423052562129186e-05
387,1.0466569721388665,8.441398551499836e-05
388,0.9967842242124392,8.457123657710353e-05
389,0.9542919797620131,8.470226403413813e-05
390,0.9758320318826074,8.463735032165132e-05
391,1.0284404436737244,8.446966598103857e-05
392,1.0755785819778052,8.431627106819431e-05
393,1.1170601347663534,8.41787327586134e-05
394,1.153656635706291,8.40576768502114e-05
395,1.1643728537880753,8.402040341349933e-05
396,1.1109291107527879,8.420386788829891e-05
397,1.0708310131028407,8.433438303094455e-05
398,1.0387833706801493,8.443669169199683e-05
399,1.0137147861486668,8.451610916871967e-05
400,1.0140015166701972,8.451683020688607e-05
401,1.0477115321551738,8.440726352827075e-05
402,1.0743551073189859,8.432218199817319e-05
403,1.0966376914153073,8.425222035719897e-05
404,1.1064877779517144,8.422247420515235e-05
405,1.0709365193019404,8.43375797940067e-05
406,1.0509188685641402,8.440013754485285e-05
407,1.040639043787017,8.443066453416003e-05
408,1.0141352744632455,8.45184499886575e-05
409,1.0316709455621227,8.446272035027516e-05
410,1.046929419936649,8.441774191202539e-05
411,1.061033886965297,8.43750474538725e-05
412,1.0440866306304686,8.442585687746871e-05
413,1.0417151221882501,8.443032024144129e-05
414,0.9850309728933005,8.46138135204205e-05
415,1.0002753531426867,8.45670452404825e-05
416,1.021793195668437,8.450206910312556e-05
417,1.0388193755071504,8.444208774119899e-05
418,0.9562978800154401,8.470525399339986e-05
419,0.9846832989201164,8.461743904270575e-05
420,1.0108046216212725,8.452508353623845e-05
421,1.0446022772080568,8.441621293802752e-05
422,1.0778885079612734,8.430877142691714e-05
423,1.1125252460742372,8.419601345899602e-05
424,1.1491144782487688,8.407496900745865e-05
425,1.0486790286880316,8.44014155585104e-05
426,1.0642759739011578,8.435090438980704e-05
427,1.0770275290571787,8.431365810540217e-05
428,1.0914845478397068,8.427156535204181e-05
429,1.0884690854470331,8.428358772571431e-05
430,1.0683901240871252,8.434387187892904e-05
431,1.0565131094279,8.437799131854178e-05
432,1.0495591846486843,8.439864650405008e-05
433,1.0512622042918855,8.439370747792789e-05
434,1.050570923072623,8.43993471431298e-05
435,1.0507258093209861,8.440497166634457e-05
436,1.0508380541403766,8.440845236133202e-05
437,1.0358537085581416,8.445160553824602e-05
438,1.0415194776322005,8.442922690103568e-05
439,1.026142807157497,8.448024418516664e-05
440,1.0220177341677852,8.449651203198255e-05
441,1.0237856691334,8.449521054510645e-05
442,1.017390232577664,8.451263456080574e-05
443,1.0005819127785769,8.456410020083711e-05
444,1.008470580480827,8.454055579608505e-05
445,1.0524338156068644,8.439105436708199e-05
446,1.042863165043481,8.442685545027771e-05
447,1.041820021211242,8.443644328512507e-05
448,1.0289211535131348,8.447082189498494e-05
449,1.0150437744868683,8.452020657026325e-05
450,1.0079486576280579,8.454556886168913e-05
451,1.0178757969611485,8.450918543152013e-05
452,1.0047941783263965,8.455136735811151e-05
453,1.0012391857695995,8.456660239920951e-05
454,0.994162843464496,8.458761801614203e-05
455,0.0,0.0
456,0.237475594153657,8.608424051954026e-05
457,0.450230078646182,8.585358479621446e-05
458,0.6387095284957344,8.552818031660514e-05
459,0.810884542459409,8.513264079258493e-05
460,0.9707285448084064,8.468219324608768e-05
461,1.1193830890143082,8.419315693949398e-05
462,1.2569499884040694,8.368081377463356e-05
463,1.3828128013464727,8.316167502321301e-05
464,1.4951119030765678,8.266387215798656e-05
465,1.58989938695349,8.221546686225103e-05
466,1.6606086467126024,8.186629222645837e-05
467,1.699056287230854,8.166841454156772e-05
468,0.2401481697946797,8.607867011934336e-05
469,0.40648387022448856,8.59086549692211e-05
470,0.5944271522172455,8.561254659521543e-05
471,0.7727775364912088,8.52260096405214e-05
472,0.941027650456817,8.477072122534181e-05
473,1.098748594142439,8.42629450812758e-05
474,1.2446715617417448,8.37254446931898e-05
475,1.377175655015689,8.31853467641973e-05
476,1.4937049090810384,8.266927475194234e-05
477,1.5896157031350353,8.221609933604702e-05
478,1.6576978874231856,8.187826632118146e-05
479,1.6896492401503769,8.171597794936293e-05
480,1.7024092155578168,8.165133430546709e-05
481,1.6991433242945826,8.166604382456626e-05
482,1.6573365961530706,8.188273881520095e-05
483,1.582754594335532,8.225164767895437e-05
484,1.4821783201839636,8.2724366927599e-05
485,1.3612018406057727,8.32543261023763e-05
486,1.2239607043281802,8.380898971442724e-05
487,1.0736317999871448,8.435281425592651e-05
488,0.9129363443165515,8.485678868918177e-05
489,0.7442936985570486,8.529837740982667e-05
490,0.5695008574570003,8.566390114827283e-05
491,0.3912586843795494,8.593432071729264e-05
492,0.42784415922418456,8.587555097179419e-05
493,0.5417158041018947,8.570101166557894e-05
494,0.6935577056784467,8.54048482227041e-05
495,0.8547734353565986,8.500939329943164e-05
496,1.014528862727652,8.453794120576702e-05
497,1.1673451321925752,8.401280141934679e-05
498,1.3095560275132947,8.34610397380142e-05
499,1.4372830815097721,8.291807252575434e-05
500,1.5440230293565516,8.243194689791263e-05
501,1.6194181744684892,8.206956148364886e-05
502,1.6520059830384568,8.190951957328617e-05
503,1.675105858802769,8.178991271902465e-05
504,1.7059641497047497,8.163226000656418e-05
505,1.6960523108912682,8.168368448654771e-05
506,1.6468782892931861,8.193420522229721e-05
507,1.5639054816307592,8.234466422852187e-05
508,1.453883403305282,8.285234013086974e-05
509,1.3233862783735877,8.341377717843604e-05
510,1.1784800164239946,8.398222108171e-05
511,1.0248548080608042,8.451589223288673e-05
512,0.868061569148323,8.498519416444383e-05
513,0.7138496972029227,8.53703464861483e-05
514,0.5457821711992976,8.569130290735266e-05
515,0.6213944888015072,8.55518765544434e-05
516,0.7458191475978477,8.528256639626519e-05
517,0.8941136483083881,8.489692658056085e-05
518,1.049761879450403,8.441920686351141e-05
519,1.2023556616048843,8.387891042088865e-05
520,1.3440181107424138,8.331620943221728e-05
521,1.4655901540063871,8.27906733863998e-05
522,1.5534397229772843,8.238828818741135e-05
523,1.591588993654707,8.220752894230526e-05
524,1.6192139818596014,8.207199166164426e-05
525,1.678303950060246,8.177497295778043e-05
526,1.6996572069579365,8.166552525848776e-05
527,1.6802174938142815,8.17669059952844e-05
528,1.6220783570324033,8.206095833850675e-05
529,1.5312836094466318,8.24988055155962e-05
530,1.4158234521326265,8.30204782305128e-05
531,1.2841136414965504,8.357549121525723e-05
532,1.144186654304977,8.410852656130399e-05
533,1.0033410241452574,8.458468040581801e-05
534,0.6017772812906677,8.55890007816968e-05
535,0.6556708846852813,8.548194427849949e-05
536,0.7704362571431065,8.522158817685362e-05
537,0.9190045018092857,8.482349778109481e-05
538,1.0786592063830542,8.432006358813409e-05
539,1.233332161657748,8.37586075109905e-05
540,1.3693511978977646,8.320900380881663e-05
541,1.4701951841917837,8.277300076750539e-05
542,1.515995840217505,8.256837010578972e-05
543,1.539408639746417,8.245698743784434e-05
544,1.617543160534627,8.208097738464865e-05
545,1.6652397436128883,8.184261424989775e-05
546,1.676897483504198,8.178402440793219e-05
547,1.6503954225495854,8.192013572432912e-05
548,1.5883954968821272,8.222764683148616e-05
549,1.497761401887462,8.265658625409829e-05
550,1.3875769166059406,8.314604714553161e-05
551,1.2670718036762258,8.364120312801314e-05
552,0.6257621494160434,8.554268403241701e-05
553,0.6792629404265975,8.543155161597596e-05
554,0.800586245204661,8.514570560280542e-05
555,0.9561355012298209,8.471189838868084e-05
556,1.117804494318292,8.41828337308014e-05
557,1.2647855279581461,8.363670219780869e-05
558,1.377028369052478,8.317953958712842e-05
559,1.4313525002554806,8.295139057712125e-05
560,1.4416674845877016,8.290332242589198e-05
561,1.5290507470823833,8.25061045590022e-05
562,1.5952854276868949,8.219085024476709e-05
563,1.6351567505513886,8.199609546869223e-05
564,1.6438494975148736,8.195325585873736e-05
565,1.6191416379802188,8.207680102784371e-05
566,1.5633885132713683,8.234863525481413e-05
567,1.4833082602785026,8.27222497579539e-05
568,0.6591728577967312,8.54743015647033e-05
569,0.7251906950433932,8.532800798068787e-05
570,0.8533223150164772,8.50052719193221e-05
571,1.0069318897487625,8.455217662627699e-05
572,1.1563345388998787,8.404443604105206e-05
573,1.2765522289840605,8.35933744747997e-05
574,1.340478045964349,8.333968845331622e-05
575,1.333826834523514,8.336757631556922e-05
576,1.4206246896459511,8.299660218051501e-05
577,1.497618207320373,8.265232111567433e-05
578,1.559836800420484,8.236113346140697e-05
579,1.6022397809112172,8.215817500314962e-05
580,1.6188254559956243,8.20790217080631e-05
581,1.6055857844066064,8.214425799147603e-05
582,0.7212336271256939,8.533664296942919e-05
583,0.7920250466453039,8.516515604517768e-05
584,0.9118602492040495,8.484022184157254e-05
585,1.0474395051630607,8.442099237276873e-05
586,1.1686457352466761,8.400312823959452e-05
587,1.2435073185048564,8.372789836246315e-05
588,1.250205639172227,8.370206820442654e-05
589,1.30057786241994,8.350298522488387e-05
590,1.382962787214138,8.316047133837874e-05
591,1.4615603255416645,8.281688944195645e-05
592,1.5323315354074458,8.249230718290015e-05
593,1.5877720161460867,8.222968129996923e-05
594,0.7899832914888325,8.517072506012705e-05
595,0.8474151569134704,8.502071904653508e-05
596,0.9449050688057812,8.47440873444335e-05
597,1.0538951708830662,8.440181214452204e-05
598,1.1395865195664754,8.411182595252494e-05
599,1.1664462513345577,8.401523343319236e-05
600,1.1766149028825224,8.398369096109326e-05
601,1.262074124558897,8.36583585384243e-05
602,1.352863443210405,8.328984326381169e-05
603,1.4454920714533064,8.289024303282688e-05
604,0.8287772479111387,8.507171484554758e-05
605,0.862165659798384,8.49829407774193e-05
606,0.9373874819941957,8.476944524830135e-05
607,1.027469852054688,8.449206232824599e-05
608,1.0843278300601726,8.430178011097505e-05
609,1.0904245954947727,8.427257159919736e-05
610,1.14415214839923,8.410303770717895e-05
611,1.244563262055084,8.372652421005808e-05
612,0.8191598640451956,8.510122247724681e-05
613,0.8338907253002723,8.506375145059548e-05
614,0.9065188415645755,8.486337579173613e-05
615,1.0029304427484216,8.457078448255033e-05
616,1.0438624663043916,8.442951199151071e-05
617,1.0605908540347198,8.436960660045717e-05
618,0.7733177252384867,8.522195600916342e-05
619,0.7909968802481394,8.51779277055623e-05
620,0.893852604758053,8.490086641398632e-05
621,1.0134115237257326,8.452944315962592e-05
622,0.7303071842806699,8.532786212093724e-05
623,0.7721961974376198,8.52264208129529e-05
624,0.5370767294009315,8.571605059963096e-05
625,0.6949547922787686,8.540887569105848e-05
626,0.8579420189693167,8.500827905261593e-05
627,1.019219884647111,8.452980154177355e-05
628,1.1740276358825463,8.399470478426603e-05
629,1.3182624064159656,8.343170869206537e-05
630,1.4476527217184654,8.28762637249749e-05
631,1.5567103250676793,8.237475613606425e-05
632,1.638165915342119,8.197783174628674e-05
633,1.6841139299057055,8.174477578576985e-05
634,1.6911081227953828,8.170868965870146e-05
635,0.6356788529595154,8.55287065458938e-05
636,0.766897000076378,8.523839623410309e-05
637,0.9157919497336794,8.484189566213948e-05
638,1.0705197463003535,8.435589988621779e-05
639,1.2224721158905112,8.380783516417822e-05
640,1.364567615760587,8.323604948781005e-05
641,1.4888291401036386,8.268880681204144e-05
642,1.584518864121962,8.224068808372048e-05
643,1.6397364913346373,8.19702580890928e-05
644,1.6514791610782296,8.191164920859996e-05
645,1.667278451588819,8.183018514603684e-05
646,1.6904625505574662,8.171243722742581e-05
647,1.6753804551922833,8.179145049592605e-05
648,1.618622345640349,8.207579865453235e-05
649,1.5260824548725882,8.252012060111424e-05
650,1.4066023744200535,8.306034016110425e-05
651,1.2691514456669004,8.363218381659133e-05
652,1.1217932908879813,8.418616055802394e-05
653,0.9719226267323355,8.468063698288394e-05
654,0.8269106874920787,8.509195422775216e-05
655,0.685509607854208,8.542210768445219e-05
656,0.7991804749514893,8.515574272667528e-05
657,0.9424662456212269,8.476070603410826e-05
658,1.0979975394195094,8.4260141523453e-05
659,1.2519779240015914,8.369035950717839e-05
660,1.3921622435685368,8.31156371502227e-05
661,1.5042515722399745,8.261748759572607e-05
662,1.5714730758803936,8.230497108062455e-05
663,1.587709085963278,8.222734094852584e-05
664,1.6104227450426825,8.21134991616135e-05
665,1.6592901641921947,8.187150570277912e-05
666,1.6765103470628742,8.178666205127739e-05
667,1.6520430311261096,8.19098432938911e-05
668,1.586993301089822,8.223462428293517e-05
669,1.4887130752473043,8.269577064182685e-05
670,1.3676642823474803,8.322722895605844e-05
671,1.2347755117352377,8.376828124610914e-05
672,1.1000156882373568,8.426208823387321e-05
673,0.7073272938364054,8.537336667158987e-05
674,0.8201391827663813,8.510035772270672e-05
675,0.9686896135380902,8.467941773395926e-05
676,1.1288453235487672,8.414950888907752e-05
677,1.2812150932109874,8.357419520016279e-05
678,1.4074188413471294,8.305202728194584e-05
679,1.4863329681409754,8.270390896505703e-05
680,1.5063970212982087,8.261281270794108e-05
681,1.5270704188902828,8.251307374384216e-05
682,1.5918897869478543,8.22058435126884e-05
683,1.6367940697608419,8.198595261298144e-05
684,1.6474753542875473,8.193480474091225e-05
685,1.6193467791525678,8.207559884778018e-05
686,1.5546375962902679,8.238816534249868e-05
687,1.4614859554607018,8.282043913183448e-05
688,1.3511036275342119,8.329834793319833e-05
689,0.7366021353391411,8.530525419486794e-05
690,0.8575026251165131,8.499949369426684e-05
691,1.0101886595238985,8.454789145993223e-05
692,1.1660055896534776,8.40141010837028e-05
693,1.3010330777064811,8.34955962025713e-05
694,1.3899456582986285,8.313121358482898e-05
695,1.414263745626947,8.302624492253076e-05
696,1.42608074868671,8.297011444318637e-05
697,1.4965139062913917,8.265577097689719e-05
698,1.5608777205398578,8.235598244160186e-05
699,1.60349076582026,8.215276052781012e-05
700,1.6162883049773686,8.209109039922165e-05
701,1.5948080647167828,8.219783303708975e-05
702,1.5406972534995,8.245343066606771e-05
703,0.7909570466306725,8.517160229177914e-05
704,0.9115279949575267,8.484664664636591e-05
705,1.0543252683364885,8.44033764920822e-05
706,1.1889944639168148,8.393037131920855e-05
707,1.2855736555740467,8.356349086948248e-05
708,1.3169533309076242,8.343877407883053e-05
709,1.317035057289212,8.343333474663476e-05
710,1.379971427723511,8.317166165192106e-05
711,1.4599943661565806,8.282246556575691e-05
712,1.5274707452975151,8.251566881597102e-05
713,1.5780977106739014,8.227680759013091e-05
714,1.6026542378900723,8.21576737198111e-05
715,0.8515808346263481,8.5012602599862e-05
716,0.9556213031213697,8.471578781927584e-05
717,1.074646153804263,8.433533410681192e-05
718,1.174630686535162,8.398702554283177e-05
719,1.2185183372280208,8.382464580009676e-05
720,1.2118063628172373,8.384515194878039e-05
721,1.2617011298300413,8.365710648208532e-05
722,1.3471914236442657,8.331131135881085e-05
723,1.432255587260334,8.294744840910273e-05
724,1.5128233902537545,8.258421455179097e-05
725,0.8850717485039874,8.492084322650783e-05
726,0.9646295585257305,8.468978819869226e-05
727,1.0580591991141137,8.439305682314117e-05
728,1.1209861469391622,8.41792627096032e-05
729,1.1271331464484504,8.415166612879908e-05
730,1.1468670175565203,8.408855229178709e-05
731,1.2340123365676168,8.376703413408083e-05
732,1.331008215601076,8.337928951977158e-05
733,0.8750008577206622,8.495224080522297e-05
734,0.9394619966492237,8.47681183133854e-05
735,1.0226989477228126,8.45109535587323e-05
736,1.0611619797973006,8.437672655042808e-05
737,1.0653225874703114,8.435494320794224e-05
738,1.126331092593021,8.416441643990554e-05
739,0.8364339851627088,8.506128678877836e-05
740,0.9142566838568353,8.484439631731236e-05
741,1.011003722545221,8.454155061701885e-05
742,1.0360291095603593,8.445325031187224e-05
743,0.8079888960459234,8.513723230566595e-05
744,0.9201843280658073,8.482695625089699e-05
745,0.8805747288207205,8.494395258796534e-05
746,1.0167372381489763,8.453779059116265e-05
747,1.1638682861452307,8.403141736820389e-05
748,1.3106222475390428,8.34633061453537e-05
749,1.4452040611668786,8.288702578731882e-05
750,1.554284918167363,8.238790159165232e-05
751,1.6239076584835106,8.204947170540446e-05
752,1.6452582097471686,8.194261624621954e-05
753,1.626561267948275,8.2033836424236e-05
754,0.9038719326820702,8.487762395305922e-05
755,1.0401554844375056,8.44598779394669e-05
756,1.1905877225126675,8.393044601486909e-05
757,1.3377732603867885,8.334883784949242e-05
758,1.4635062430026742,8.280667356358627e-05
759,1.5477265663146944,8.241994322651806e-05
760,1.5756534015776138,8.228599228327863e-05
761,1.5572688871390525,8.237006104067108e-05
762,1.5622261394684418,8.234648857713987e-05
763,1.6074641103548344,8.213010178857606e-05
764,1.6243998992577031,8.204951147318791e-05
765,1.5945745907814646,8.219542766539391e-05
766,1.5178336481820107,8.256185361972902e-05
767,1.4057967074291065,8.306406953679775e-05
768,1.2746643395744572,8.36082368027467e-05
769,1.1403287204999208,8.411861296338347e-05
770,0.9280736459159998,8.480567506582008e-05
771,1.0694596987807636,8.43610691052827e-05
772,1.2202712640416569,8.381760443150462e-05
773,1.356936689143603,8.326914419392093e-05
774,1.453834027234892,8.285263320320603e-05
775,1.4884784541231564,8.269630726048361e-05
776,1.469250742207362,8.277827708007552e-05
777,1.4662006562934384,8.278905443722979e-05
778,1.530234387487116,8.249853962982828e-05
779,1.5788920093864187,8.227076928171406e-05
780,1.5933371833806171,8.220198744910765e-05
781,1.5634314555031839,8.234701329874516e-05
782,1.4911836608246964,8.268456615871747e-05
783,1.3892143055252588,8.313435666268962e-05
784,0.9687374862308876,8.468272277060208e-05
785,1.1068443630101623,8.423167653036838e-05
786,1.2434969143870716,8.372920035329546e-05
787,1.3482405034784175,8.330943063639326e-05
788,1.390216643462484,8.313230909272955e-05
789,1.3721622795604074,8.320406245789542e-05
790,1.3606918605807783,8.324701299856317e-05
791,1.428156644647489,8.296134597834616e-05
792,1.4969260030024407,8.265498142857655e-05
793,1.5489023755004523,8.241500973584345e-05
794,1.5695835812340342,8.231814054050147e-05
795,1.5498318048765567,8.241392279559758e-05
796,1.012363283274751,8.454481592437512e-05
797,1.1314440899708464,8.414488932313625e-05
798,1.2357977710966892,8.376116516043505e-05
799,1.2862940217225396,8.356457157507568e-05
800,1.2736969678190746,8.360888814230813e-05
801,1.2552652208088968,8.367405778672705e-05
802,1.3162774398122037,8.343599431342713e-05
803,1.3950068074523327,8.31085056514065e-05
804,1.472761911450579,8.276545025962548e-05
805,1.5358768729887753,8.247682054705453e-05
806,1.0320182687578123,8.448263723253078e-05
807,1.121592119358223,8.418232488155201e-05
808,1.1811178475860107,8.396845135418214e-05
809,1.1804674333772605,8.396437890600877e-05
810,1.1590168368389102,8.403556573117267e-05
811,1.193865961653007,8.391380419585018e-05
812,1.2885466794602998,8.35489626762838e-05
813,1.3810465179317022,8.31690067070413e-05
814,1.015190515344399,8.453893254915225e-05
815,1.0779496067481518,8.43325531415455e-05
816,1.0986344945313422,8.425461010042376e-05
817,1.0851353668033914,8.429277371539995e-05
818,1.1021397962092718,8.424240883486844e-05
819,1.1897206877629882,8.393107507884507e-05
820,0.9817228547997202,8.464561090577776e-05
821,1.0322992584013906,8.447701904164928e-05
822,1.0395829877142448,8.444393974917467e-05
823,1.046046613568729,8.441917675080164e-05
824,0.9807446692617292,8.464448938345506e-05
825,1.0157043520119744,8.452225446814583e-05
826,1.1660659084219798,8.402467395040177e-05
827,1.301526657292055,8.350060077119655e-05
828,1.425403944041916,8.297809584478959e-05
829,1.5145758537673515,8.257560448058863e-05
830,1.549859845908515,8.241159855088086e-05
831,1.5308672492929671,8.24976431532552e-05
832,1.48308904742186,8.271219640090349e-05
833,1.1955438410222423,8.39146185321608e-05
834,1.3218007454769825,8.34181467900176e-05
835,1.41944325449211,8.300551819654504e-05
836,1.4601430302424434,8.282623687934204e-05
837,1.4397467709034801,8.2913067910289e-05
838,1.389110615443215,8.312753966963044e-05
839,1.38342427877586,8.315119785842434e-05
840,1.446152281012184,8.288203156972811e-05
841,1.501304838362996,8.263692940834077e-05
842,1.5212644823761525,8.2545587628363e-05
843,1.4892614486966855,8.269278931741781e-05
844,1.4091376045973012,8.304976174544484e-05
845,1.2191837516310025,8.382461995591025e-05
846,1.3163302534702093,8.344365612458155e-05
847,1.361763356115425,8.325417178265735e-05
848,1.3428350596884355,8.333042695489932e-05
849,1.2925613406181007,8.352914321595925e-05
850,1.267936123401731,8.362356208165e-05
851,1.3421523153811652,8.332810927858013e-05
852,1.4170569312711687,8.301227648057912e-05
853,1.4796226588092065,8.273773718182369e-05
854,1.5086067498548592,8.260556249074751e-05
855,1.2131586961616463,8.384953368128238e-05
856,1.2605050887087628,8.36673434016601e-05
857,1.2470670767972694,8.37159938214855e-05
858,1.201426497699225,8.388262835485584e-05
859,1.1726942513665068,8.398394498425002e-05
860,1.2361359615042795,8.375298805942743e-05
861,1.3180240546999518,8.343000797319084e-05
862,1.405048906469833,8.306658401230552e-05
863,1.1625812986373563,8.403778612839653e-05
864,1.158872423940732,8.404539018301148e-05
865,1.1226105890813247,8.416766241679593e-05
866,1.0944868033960478,8.425999709306373e-05
867,1.1406932286097458,8.410512552429549e-05
868,1.2215695233800659,8.380870063076733e-05
869,1.0847002936889831,8.430424480078507e-05
870,1.063258369026017,8.436955483380816e-05
871,1.0431904425149334,8.443157818140441e-05
872,1.060203394986326,8.437983077679545e-05
873,1.0277527903913894,8.448457731259325e-05
874,1.0244079727594815,8.449264392037647e-05
875,1.4041732509335063,8.307180815347101e-05
876,1.437772219240039,8.292709693202629e-05
877,1.413464268808356,8.30308230600383e-05
878,1.3534037724914973,8.328361525650321e-05
879,1.2888906506937332,8.354054109826895e-05
880,1.3487659648230363,8.331045783633877e-05
881,1.3227936420246733,8.341600056379107e-05
882,1.2616213308148148,8.365617921340386e-05
883,1.1984503176112955,8.389009863012007e-05
884,1.1878963629277965,8.392897578617446e-05
885,1.2533159362659112,8.368513537426408e-05
886,1.3320580316859945,8.337380470709721e-05
887,1.4023028252774983,8.308004751700345e-05
888,1.2357818049911082,8.376077444763487e-05
889,1.1782231301599277,8.397069529978862e-05
890,1.1203047662714445,8.417262075169914e-05
891,1.0919171056693946,8.426878990445394e-05
892,1.1578929497251669,8.404216069572134e-05
893,1.2404097966192993,8.373760454509103e-05
894,1.1102697549010248,8.421136927371616e-05
895,1.0621258721073172,8.437176542517448e-05
896,1.0372386735996877,8.445059651579204e-05
897,1.0807627346658981,8.431001278740461e-05
898,1.0302155740343164,8.447539334744818e-05
899,1.0167255606324919,8.451768295865129e-05
900,1.2499938528035393,8.370248732021365e-05
901,1.1715844594919886,8.399306942229329e-05
902,1.1088811627183257,8.421127584604651e-05
903,1.1054653597536295,8.422812454789504e-05
904,1.0492498835688993,8.441342762424116e-05
905,1.0381618873386445,8.444835579064829e-05
906,1.0923017358978295,8.427165423894155e-05
907,1.0176776337781246,8.451532595963155e-05
908,1.0027514208120933,8.456009234054259e-05
909,1.0034785150766505,8.456031826000298e-05
910,0.0,0.0
911,0.3245446548695458,8.600191657955601e-05
912,0.636575834621597,8.551671304771802e-05
913,0.9256284582844264,8.479426411420547e-05
914,1.1850972209098294,8.392113333732642e-05
915,1.413516541657865,8.298700666682848e-05
916,1.6149835734440439,8.203605606131581e-05
917,1.7983852102990403,8.107452080167069e-05
918,1.9750985691635754,8.007658442346807e-05
919,2.1551162520270024,7.898561696811725e-05
920,2.3421199806385697,7.77599595362702e-05
921,2.5271053380928348,7.642718198095769e-05
922,2.670562486964449,7.535982887848678e-05
923,0.41540169776905794,8.590048150246888e-05
924,0.6526016503626895,8.549473659834134e-05
925,0.9102903485059548,8.484893362464913e-05
926,1.1585363477474058,8.402693654368065e-05
927,1.384909587189307,8.311858377904477e-05
928,1.587067836055306,8.218099650088382e-05
929,1.7694832853800828,8.123832289084023e-05
930,1.9405522651174456,8.028297772284237e-05
931,2.109155232913016,7.927429850032401e-05
932,2.2802235792137053,7.818587064164082e-05
933,2.4483302159530456,7.700725881306509e-05
934,2.585139706358774,7.600331065933162e-05
935,2.629166548871903,7.567201358437727e-05
936,2.5494241975795604,7.625263624946815e-05
937,2.397931689645353,7.73688152577487e-05
938,2.2254057180237083,7.854106956463836e-05
939,2.0519904474673947,7.962450060329923e-05
940,1.88010338267465,8.062739642567736e-05
941,1.7036412849018732,8.158485362440481e-05
942,1.5134218136355548,8.253453041623235e-05
943,1.3014711774704424,8.346805177368654e-05
944,1.0642618406239013,8.435829090539658e-05
945,0.8051504979837779,8.513248695649334e-05
946,0.5385113339142984,8.570632078554188e-05
947,0.8209336753296191,8.510486942494483e-05
948,1.0291972636253128,8.448922091161791e-05
949,1.2411187935344323,8.372166145717436e-05
950,1.4437982753165224,8.28704078668831e-05
951,1.6300078891986867,8.198212888924596e-05
952,1.7977902620654225,8.10971050800829e-05
953,1.9494855827351614,8.024339605712228e-05
954,2.0895971928438204,7.941010605022667e-05
955,2.2220525796122206,7.857298887769129e-05
956,2.3458013060920098,7.774492665172431e-05
957,2.4480155188840698,7.70310620043881e-05
958,2.5037227331214162,7.66213359604333e-05
959,2.4883812295229384,7.670375656580362e-05
960,2.4112868170047377,7.725989691239054e-05
961,2.2898459470166914,7.811431714815927e-05
962,2.1442477742308808,7.906232730152719e-05
963,1.9875482926996002,8.001325922944304e-05
964,1.8228237748953353,8.095087010710035e-05
965,1.647155314387132,8.188517261032125e-05
966,1.4561653344117251,8.280559414147692e-05
967,1.2478409333305862,8.368917470046345e-05
968,1.0258164796818998,8.449078907050844e-05
969,1.2070700910784433,8.385857508352551e-05
970,1.390606267973033,8.311189531802188e-05
971,1.5616992816983521,8.232641817927487e-05
972,1.7176821186011741,8.15374741710836e-05
973,1.8560548336325993,8.078618678205141e-05
974,1.9748326148874709,8.010821712954937e-05
975,2.074168263843552,7.951272782950856e-05
976,2.156787514211169,7.899939260523858e-05
977,2.227974935579898,7.853467540934242e-05
978,2.292371307836763,7.811521361214408e-05
979,2.345997665094599,7.774940304739618e-05
980,2.3739549083417906,7.752578258842232e-05
981,2.3578424231848882,7.763315960808366e-05
982,2.3060618558302632,7.800053469744104e-05
983,2.21792151730369,7.859271742982602e-05
984,2.097816853330514,7.935406011983477e-05
985,1.954831371273599,8.020668033375126e-05
986,1.7957114645508758,8.11029857674045e-05
987,1.623154637560414,8.201251578839083e-05
988,1.4388718589390472,8.28883747042959e-05
989,1.5612448155541279,8.233517303553798e-05
990,1.7098235997789488,8.158070032844561e-05
991,1.8235856909882016,8.096934553484477e-05
992,1.916237710869709,8.045214863812925e-05
993,1.9895221752756607,8.002824707510899e-05
994,2.0409093800475873,7.971958994460581e-05
995,2.0729514765571317,7.952174163796678e-05
996,2.09656192933663,7.936732267322298e-05
997,2.1285402683759718,7.916957080655067e-05
998,2.1761799997170113,7.88738273098627e-05
999,2.2372407963103584,7.846460013969842e-05
1000,2.2610078352721668,7.828640943459373e-05
1001,2.259368128738567,7.830496199771901e-05
1002,2.236362456785071,7.848041460881957e-05
1003,2.185843375382634,7.880671829751872e-05
1004,2.089983571707615,7.940525286619888e-05
1005,1.9511788051183758,8.023073276767044e-05
1006,1.7909537169215262,8.112987749909218e-05
1007,1.860918233087822,8.076684948144773e-05
1008,1.9268478961086872,8.038722417551515e-05
1009,1.9547543546050874,8.022972306439152e-05
1010,1.9772408074299876,8.010066941303116e-05
1011,1.9815923072924473,8.007233170465749e-05
1012,1.9690411081562562,8.014053106787102e-05
1013,1.9547181261653916,8.02144157829479e-05
1014,1.9622606460312066,8.016422310568725e-05
1015,2.0046411372918613,7.992485244404568e-05
1016,2.067442915483746,7.954000564071176e-05
1017,2.1502358802886485,7.900204436313575e-05
1018,2.1831429918716445,7.880067586905842e-05
1019,2.1996520991044792,7.872007725978768e-05
1020,2.2138785695378536,7.864505699669267e-05
1021,2.2137089772135936,7.863682623592497e-05
1022,2.1055173647167873,7.930813637174703e-05
1023,1.9708485337604358,8.011168605817236e-05
1024,1.9559386615507217,8.02055430930041e-05
1025,1.940407932274204,8.02993382989887e-05
1026,1.9034905394774408,8.051943146226451e-05
1027,1.8518355294574214,8.080447431052148e-05
1028,1.8070104930736983,8.104523541871415e-05
1029,1.796353704084284,8.109147316619186e-05
1030,1.8358634667068088,8.087866952549647e-05
1031,1.9088451881715605,8.047405409108137e-05
1032,2.0365790828066466,7.970819431735895e-05
1033,2.109950947149597,7.925610375067892e-05
1034,2.1538710062452076,7.901063084011774e-05
1035,2.188123215829745,7.882437074471446e-05
1036,2.2314932338504807,7.856211363089866e-05
1037,1.9430777071065382,8.025689542015604e-05
1038,1.9099817868314535,8.04558733834184e-05
1039,1.824085060312295,8.095333179347205e-05
1040,1.7306655141261769,8.146627254122682e-05
1041,1.6577955321638715,8.183815415803735e-05
1042,1.630887369864916,8.195830829809455e-05
1043,1.6684925523398004,8.176501380576976e-05
1044,1.7514562903986404,8.134036228366432e-05
1045,1.9121499816775345,8.044205848783171e-05
1046,2.043213661919309,7.966205057155069e-05
1047,2.1346250658363166,7.913335900882384e-05
1048,2.1622503819003933,7.89834657639495e-05
1049,1.9068365445643791,8.050484685723604e-05
1050,1.7472215068136974,8.137728710439401e-05
1051,1.609853872754941,8.208997605587425e-05
1052,1.5103071841851645,8.256470877977389e-05
1053,1.465051714849399,8.276392799959906e-05
1054,1.497199220314373,8.261064366316534e-05
1055,1.5896561321511444,8.217282442703888e-05
1056,1.7126358342008445,8.154747473986427e-05
1057,1.9354381281902278,8.030584158266091e-05
1058,2.11460215964314,7.92263349858817e-05
1059,1.6275129763107783,8.200584685783687e-05
1060,1.4828431595601357,8.270261851692238e-05
1061,1.3670873385167994,8.321189974801718e-05
1062,1.3022147614603437,8.347503284250844e-05
1063,1.317991116947859,8.340517167705796e-05
1064,1.4174160271579987,8.298331466852499e-05
1065,1.554524410865164,8.23546823795762e-05
1066,1.7648268828438456,8.126649414333258e-05
1067,1.3497147751331808,8.329121042317678e-05
1068,1.2338007087172522,8.375845039125056e-05
1069,1.1566607645163123,8.40424192697007e-05
1070,1.1395721634722986,8.409992488990278e-05
1071,1.2353831944333171,8.374567899350162e-05
1072,1.3901066756728644,8.310950450913276e-05
1073,1.1233263659970336,8.416781991836788e-05
1074,1.0491116172346235,8.441953929680744e-05
1075,1.0150714921159825,8.452654326012797e-05
1076,1.0558073277609274,8.439718262059909e-05
1077,0.9890566797224621,8.461328144046249e-05
1078,0.9762234879482417,8.465227126733883e-05
1079,0.864518401326333,8.498362090069427e-05
1080,1.0929251125465376,8.426758564487752e-05
1081,1.3137520218555077,8.342633495189846e-05
1082,1.5173880972610787,8.252353808441784e-05
1083,1.7019060472052319,8.160395287224842e-05
1084,1.870563181794134,8.068715201958409e-05
1085,2.0290403635608727,7.976647572473942e-05
1086,2.1819212150777583,7.882587776975404e-05
1087,2.327964923028161,7.786187621307682e-05
1088,2.4537487764976627,7.69706610451313e-05
1089,2.531362745552938,7.640040152253951e-05
1090,1.2221546870860922,8.379790484446613e-05
1091,1.4138321285621276,8.300852681606735e-05
1092,1.5937049904541025,8.216858065862207e-05
1093,1.7570361083231476,8.132595618619732e-05
1094,1.9023846147497296,8.05200029999583e-05
1095,2.03078847689241,7.97705544035833e-05
1096,2.1444462929660477,7.907276863880308e-05
1097,2.244877093451742,7.842366705219491e-05
1098,2.330111054224482,7.784805108302226e-05
1099,2.392377548187815,7.742819688832875e-05
1100,2.4202927188258,7.721198196094996e-05
1101,2.397185265694647,7.736431932917531e-05
1102,2.335122486875373,7.780487577757096e-05
1103,2.239283203047167,7.845753511216168e-05
1104,2.118994565509073,7.92258000103341e-05
1105,1.9821956127521267,8.005074189662965e-05
1106,1.8316745547595634,8.091033719193801e-05
1107,1.6667161714988206,8.179287402532363e-05
1108,1.4863423036924723,8.26755150758161e-05
1109,1.2923590895403636,8.351540668452563e-05
1110,1.558275379179447,8.234670467277354e-05
1111,1.7080415784867857,8.159209586354017e-05
1112,1.837312193674896,8.089441818232093e-05
1113,1.9453662230895967,8.028231223918202e-05
1114,2.031235447634589,7.977780479415285e-05
1115,2.0961664627255847,7.93787646278795e-05
1116,2.1458691286079925,7.906311788360237e-05
1117,2.1903908825152585,7.87758396950074e-05
1118,2.2363908245621276,7.84812358936175e-05
1119,2.277535967886899,7.820598062651458e-05
1120,2.299073935236893,7.804385856774789e-05
1121,2.2870708132035795,7.811912457515317e-05
1122,2.2500711691322266,7.83795467056816e-05
1123,2.185904489289232,7.880481972065592e-05
1124,2.0906206530293177,7.940676704619219e-05
1125,1.9662367439462964,8.014560430818155e-05
1126,1.819866211320254,8.09776101585048e-05
1127,1.6579801152922211,8.184154275236647e-05
1128,1.8321825661970668,8.09199945962851e-05
1129,1.915701513091784,8.045632615501844e-05
1130,1.974239375977942,8.011915866048476e-05
1131,2.0108831336810473,7.990385320110732e-05
1132,2.0266139016224383,7.980578847822169e-05
1133,2.0304332494256263,7.977385740683218e-05
1134,2.0406981750719067,7.97041904195531e-05
1135,2.073634900615164,7.95066939924971e-05
1136,2.123420960504653,7.920277374062076e-05
1137,2.1841283821947544,7.880188432919613e-05
1138,2.2070401384078813,7.864770327137361e-05
1139,2.2113923210450466,7.862606202609993e-05
1140,2.2051423780495525,7.868627279918928e-05
1141,2.1805611644693137,7.885113840476601e-05
1142,2.101259374749592,7.933810008450024e-05
1143,1.9693394791111694,8.012829320714787e-05
1144,1.9626711989393075,8.017513090645748e-05
1145,1.9733801700599134,8.01176432868746e-05
1146,1.9649490149355422,8.017004168562067e-05
1147,1.9370240180713705,8.033073838073002e-05
1148,1.902447883614257,8.05196648039339e-05
1149,1.8854533362979482,8.060382775469591e-05
1150,1.9089692796891398,8.047236793372034e-05
1151,1.966558620494755,8.014663773480323e-05
1152,2.0623695572360474,7.956421959641794e-05
1153,2.120955346450218,7.919007267303464e-05
1154,2.1563845020642716,7.898136460758793e-05
1155,2.1829495294890195,7.883217724343862e-05
1156,2.216780401826512,7.86403725499369e-05
1157,2.230017089260347,7.852728703265288e-05
1158,1.9469200766722443,8.025548597573075e-05
1159,1.9047634193320044,8.050425769755741e-05
1160,1.8359767388713566,8.089667208618048e-05
1161,1.7674945297745908,8.12658813727551e-05
1162,1.7274360597956142,8.146502639815757e-05
1163,1.74310945397157,8.137723532364691e-05
1164,1.8084602784221568,8.103600786095717e-05
1165,1.8949691021200514,8.055256866829562e-05
1166,2.035348858068381,7.971526966031828e-05
1167,2.114022997988328,7.924593946852932e-05
1168,2.1597502710120433,7.89914473282883e-05
1169,2.1924852819888767,7.880506249408998e-05
1170,1.8410994144612713,8.086107751824166e-05
1171,1.7302617332609045,8.146809732364692e-05
1172,1.6301481301683416,8.198453476612245e-05
1173,1.5683083043468726,8.227839769311225e-05
1174,1.5737477191228377,8.224423097423137e-05
1175,1.6455081800923381,8.189215599207879e-05
1176,1.7499835978792224,8.135471434947323e-05
1177,1.9304105301717667,8.033646224501636e-05
1178,2.079142158209566,7.945597039000254e-05
1179,2.1589225936882412,7.900431714285465e-05
1180,1.6143579449120462,8.206797189671938e-05
1181,1.4925040999959747,8.265457420902336e-05
1182,1.410971507854433,8.301568793300004e-05
1183,1.3990406642878201,8.306036538671509e-05
1184,1.4723240574218497,8.273436147834952e-05
1185,1.5921733660423567,8.217077753541319e-05
1186,1.7799548960016602,8.119044885623536e-05
1187,1.9561044230155011,8.019256196986159e-05
1188,1.3570243621904845,8.325680773286714e-05
1189,1.263202196333559,8.363824402088286e-05
1190,1.2256821057306888,8.377935603516157e-05
1191,1.287403172520947,8.35376684756067e-05
1192,1.4211545664261562,8.29736910604816e-05
1193,1.577147365632641,8.224949132961586e-05
1194,1.1383834259713586,8.411100968165996e-05
1195,1.082200434106288,8.430482798886258e-05
1196,1.0997719542194773,8.424700021270028e-05
1197,1.2469948271376134,8.370377571616705e-05
1198,1.0009833040915337,8.457428153766626e-05
1199,0.9944947047574643,8.459330819002982e-05
1200,1.5852934401947765,8.221261063268751e-05
1201,1.7434852856372862,8.139972879570747e-05
1202,1.882857317049342,8.063334207986914e-05
1203,2.0011599077990745,7.994867068368565e-05
1204,2.098136046526632,7.936373064720443e-05
1205,2.175262138836255,7.887366341054854e-05
1206,2.235275925087176,7.847924064311666e-05
1207,2.2797238661149346,7.818694681737771e-05
1208,2.3062653656644456,7.80117561291132e-05
1209,1.8379569796873936,8.089043946569279e-05
1210,1.9428033924212733,8.029971582428315e-05
1211,2.0182319396994273,7.985877167552562e-05
1212,2.066168499783981,7.956626941654523e-05
1213,2.094930764648826,7.938017670971877e-05
1214,2.117872079117984,7.922813105731852e-05
1215,2.1466476318290275,7.9053579447255e-05
1216,2.178988740687906,7.885521524052812e-05
1217,2.206942568470019,7.867674209188014e-05
1218,2.2096079840484615,7.86455739938882e-05
1219,2.1968468706831787,7.871574192791419e-05
1220,2.1752119095362152,7.886724786234044e-05
1221,2.143298785826355,7.908226874377669e-05
1222,2.089070108277937,7.942296717128441e-05
1223,2.0010420853947037,7.99527789532904e-05
1224,1.8823514701190645,8.063537218003278e-05
1225,1.9812417128260573,8.007689846137813e-05
1226,2.0132162719355007,7.989132828620379e-05
1227,2.0140321702019643,7.988126243582064e-05
1228,1.998348734940649,7.996332786382115e-05
1229,1.9873930131793724,8.002124967567701e-05
1230,2.0028763492969364,7.992675287172492e-05
1231,2.0432586136414357,7.969521073169113e-05
1232,2.086479118325532,7.943226223946886e-05
1233,2.1323236917254054,7.91357168675288e-05
1234,2.1475671367803457,7.90377532127355e-05
1235,2.155990079509653,7.898749789985369e-05
1236,2.1666660132471716,7.893255601771838e-05
1237,2.1667770270030773,7.894142711015856e-05
1238,2.1054966968558775,7.932400908311135e-05
1239,1.9747269869348398,8.011127960876837e-05
1240,1.9398617125095126,8.031069899025678e-05
1241,1.8869914733299655,8.06040495383256e-05
1242,1.846643102622147,8.082258970327928e-05
1243,1.850030718768957,8.080209940918962e-05
1244,1.8988122022069467,8.053624117747292e-05
1245,1.963021624701458,8.016962169410545e-05
1246,2.0492481664176365,7.964794639034567e-05
1247,2.1004061435081267,7.933371340395918e-05
1248,2.138323936530683,7.910494145743002e-05
1249,2.1778951822992734,7.887702610108132e-05
1250,2.2249522680837956,7.860157746314928e-05
1251,1.8432861906469584,8.086024018323343e-05
1252,1.7621504998982744,8.129693441257202e-05
1253,1.697626630208048,8.162905854108772e-05
1254,1.6880729011573692,8.167148247665689e-05
1255,1.7430819010678218,8.139169361353215e-05
1256,1.8281423956849872,8.093538123661787e-05
1257,1.9512604643365774,8.022835118562499e-05
1258,2.0531872273859193,7.961917375666742e-05
1259,2.136654440966385,7.911964919664234e-05
1260,2.1802337318217915,7.887690000516711e-05
1261,1.6278196280973805,8.199824518411168e-05
1262,1.5444697347874408,8.239968870255363e-05
1263,1.5183388385981478,8.252006654449076e-05
1264,1.5735309537509101,8.225876198987465e-05
1265,1.6764253806049552,8.174863915474011e-05
1266,1.7961756924635346,8.111386900321465e-05
1267,1.9707744248527344,8.011384053256735e-05
1268,2.109553465636972,7.928284296541002e-05
1269,1.3957911764879507,8.308340435689677e-05
1270,1.3482945830548405,8.328675015190613e-05
1271,1.3913178279193696,8.310205287610312e-05
1272,1.506043190893516,8.25893653824473e-05
1273,1.6475854592687276,8.190380557890695e-05
1274,1.8262134902958445,8.094459445661389e-05
1275,1.195743926319514,8.38969708405519e-05
1276,1.2067612123958773,8.38596617668411e-05
1277,1.3243127761156404,8.33963226216494e-05
1278,1.4833176329131013,8.269981077831587e-05
1279,1.050262282008387,8.441697398642442e-05
1280,1.1507836133271208,8.407550656847252e-05
1281,2.0263882803920126,7.980933729533792e-05
1282,2.0749749422641632,7.951636311973047e-05
1283,2.0869367810967883,7.9433070790767e-05
1284,2.085633735014311,7.942983195103611e-05
1285,2.0923186182298363,7.938351690015184e-05
1286,2.109721835651269,7.928144485055303e-05
1287,2.1237046732893075,7.920595723876976e-05
1288,2.0273690027006412,7.980260973613652e-05
1289,2.007486101927804,7.991286721301297e-05
1290,1.9775538031326216,8.007567760743367e-05
1291,1.9712010746917796,8.011099572252501e-05
1292,1.9961842213484016,7.997526674796945e-05
1293,2.0303901359430925,7.977799577839406e-05
1294,2.0623128726115154,7.957746228681918e-05
1295,2.0771836993390407,7.947905101142875e-05
1296,2.0813770612584945,7.94541838627415e-05
1297,2.090735769799656,7.93947486547169e-05
1298,2.111538678453431,7.927408900739642e-05
1299,2.1138967355973244,7.927369378346865e-05
1300,1.8946526607128997,8.056417885909297e-05
1301,1.844476004353624,8.083653759028762e-05
1302,1.8284378525128924,8.092186484127817e-05
1303,1.8626945009287923,8.073993863887339e-05
1304,1.9198439024576142,8.042383063892267e-05
1305,1.9737229898073332,8.010874952086318e-05
1306,2.038893749538405,7.971699063294295e-05
1307,2.079587344824833,7.947350313084322e-05
1308,2.1171458328309636,7.924318702761627e-05
1309,2.142488863828004,7.907854211138062e-05
1310,1.694017806197384,8.165223037551545e-05
1311,1.6668968696550093,8.178381621563909e-05
1312,1.706507444201587,8.15859206334878e-05
1313,1.7858596955875656,8.117170167431467e-05
1314,1.8731225810818846,8.068771147122084e-05
1315,1.9802760418003964,8.006831482223979e-05
1316,2.0684313138352803,7.954353024822993e-05
1317,2.1335521196043636,7.914324707829219e-05
1318,1.500606820592457,8.260657207862476e-05
1319,1.5337174996237246,8.245543491549077e-05
1320,1.6274444712486233,8.200646417885529e-05
1321,1.743991474750691,8.140627766841784e-05
1322,1.8792345717558057,8.065187954092571e-05
1323,2.000401192312114,7.995231679735897e-05
1324,1.3594623937383516,8.324314573498302e-05
1325,1.4533737138972136,8.283903764870827e-05
1326,1.5886408934325422,8.220725917990095e-05
1327,1.733837979846267,8.146420764653155e-05
1328,1.28364132166912,8.356708842926362e-05
1329,1.4255650279429182,8.296624358969371e-05
1330,1.9948874125481442,7.99808597427995e-05
1331,1.9845814392504908,8.003477415049944e-05
1332,1.9908824773489153,8.000346612109838e-05
1333,2.006685918620421,7.991469381376829e-05
1334,2.0159874889454628,7.985995976047052e-05
1335,1.8307045817757912,8.091031975596758e-05
1336,1.8577938703577321,8.07647013908813e-05
1337,1.9049314742195143,8.05115220874736e-05
1338,1.9482520237008378,8.025822863772341e-05
1339,1.9855018036385015,8.003740245623062e-05
1340,2.0133114800140075,7.987700078976606e-05
1341,2.0241875988389473,7.981206026250239e-05
1342,2.0117066634270326,7.988527151238739e-05
1343,1.6965160565644493,8.16416192809961e-05
1344,1.7675095428603727,8.127755656850628e-05
1345,1.8484968216246236,8.083245988487343e-05
1346,1.9219192542676427,8.04132029749575e-05
1347,1.9952046178990228,7.998673238037617e-05
1348,2.033571113269539,7.975780681865929e-05
1349,1.609450979974251,8.2098767753039e-05
1350,1.7157824388342315,8.156349312381833e-05
1351,1.8276683288137463,8.095376798549065e-05
1352,1.930533192477957,8.036811311489033e-05
1353,1.5659089183248218,8.23195963495815e-05
1354,1.6998397322128722,8.164992983749582e-05
1355,1.9087091616247984,8.04884979028047e-05
1356,1.9493039439732591,8.025573546943673e-05
1357,1.9662148012542924,8.015513166391058e-05
1358,1.8432702831103966,8.086340696381386e-05
1359,1.9113534191451067,8.048090398090836e-05
1360,1.9570915608598862,8.02151979370746e-05
1361,1.972002750872529,8.012816283453649e-05
1362,1.8167134298835257,8.101867410259392e-05
1363,1.9052793296293336,8.051636040251382e-05
1364,1.9535155323167959,8.023861149245617e-05
1365,1.2268936144842666,8.186014595574389e-05
1366,1.3134573916783767,8.121033364009448e-05
1367,1.5380066575400455,8.163010870519466e-05
1368,1.8275235646606087,8.077336502205499e-05
1369,2.1205084250460713,7.918712415715393e-05
1370,2.3800288768998072,7.752737699320055e-05
1371,2.587272576765236,7.608797367867948e-05
1372,2.735494573168211,7.50019377385173e-05
1373,2.8266766586854652,7.431990179302798e-05
1374,2.8695196430698986,7.401111190657843e-05
1375,2.8778238100567264,7.395064061616359e-05
1376,2.868535204493349,7.403616921104732e-05
1377,2.8583891182515258,7.411749307154874e-05
1378,1.3244437529943676,8.099027064112542e-05
1379,1.4812116117863838,8.14967908780485e-05
1380,1.727175505646729,8.121894674524712e-05
1381,1.9999739249518893,7.991502816892639e-05
1382,2.256133683308989,7.834163000877516e-05
1383,2.4713519100346626,7.691115857833788e-05
1384,2.6349720453226153,7.574911602352054e-05
1385,2.745930219547298,7.493319823183036e-05
1386,2.810174345777151,7.445703949837339e-05
1387,2.8387366404137477,7.424995979920779e-05
1388,2.8458953533596487,7.419761878580934e-05
1389,2.846749736882902,7.420075409429524e-05
1390,2.853276490113169,7.415473976971622e-05
1391,2.865148618079021,7.406195604139505e-05
1392,2.848778733224205,7.41862457610434e-05
1393,2.830382505140987,7.431397131684783e-05
1394,2.7892643481283668,7.461381763849601e-05
1395,2.7095974028565117,7.519918996475071e-05
1396,2.5808423366840096,7.615527497863529e-05
1397,2.3987862259573514,7.741497230188938e-05
1398,2.1673403018114703,7.891712575245411e-05
1399,1.9014869506312524,8.046084820910954e-05
1400,1.6325104256083696,8.145601607504124e-05
1401,1.4147963810397803,8.109694879285911e-05
1402,1.5468585080395758,8.148290794525399e-05
1403,1.7086386753121354,8.128817780429764e-05
1404,1.9205800816046328,8.036717414947155e-05
1405,2.1408057716569173,7.908663248488511e-05
1406,2.3410115683190984,7.780857303620629e-05
1407,2.5058800274454454,7.66715520740985e-05
1408,2.630022671958684,7.57954625300489e-05
1409,2.7151960122051495,7.517598159279381e-05
1410,2.7680589207080177,7.4784207244086e-05
1411,2.798280768499618,7.456985660454719e-05
1412,2.8167199954738114,7.442446013979502e-05
1413,2.833136340839614,7.43083862043856e-05
1414,2.8529626301991935,7.41560485541277e-05
1415,2.835188502182885,7.428400879417024e-05
1416,2.7798805090216914,7.470192191443306e-05
1417,2.7232503632271023,7.512489996420863e-05
1418,2.647676529767597,7.568389814687759e-05
1419,2.5401349267485207,7.645816327079472e-05
1420,2.3942812959551025,7.747299094503209e-05
1421,2.2117827122049567,7.867718539636222e-05
1422,2.00461085328929,7.992920782626168e-05
1423,1.7983476688310638,8.097037541922613e-05
1424,1.7710708845853145,8.107970926153725e-05
1425,1.8939331848771583,8.051550087722427e-05
1426,2.0487062326955625,7.966350612389318e-05
1427,2.209748621313925,7.866574710352186e-05
1428,2.3591363878863127,7.768202407532914e-05
1429,2.486928816526369,7.681919767721934e-05
1430,2.5895646546359212,7.609788550602505e-05
1431,2.667913847908557,7.55285709884751e-05
1432,2.7255689642690535,7.510270810925953e-05
1433,2.7675343444240372,7.478893034735938e-05
1434,2.7991642168985784,7.455591248098062e-05
1435,2.8248864886602156,7.435429881846627e-05
1436,2.8446875503697657,7.419290282388318e-05
1437,2.7480405997687516,7.493719478373538e-05
1438,2.652670692515613,7.56489199579753e-05
1439,2.5644912464364236,7.629579943457073e-05
1440,2.4746296408341135,7.694398624448659e-05
1441,2.37315499718936,7.763770951115883e-05
1442,2.256364360891957,7.84142871043883e-05
1443,2.1290146567401975,7.921447779261982e-05
1444,1.920878142207407,8.038568625236473e-05
1445,1.9923124081182233,7.999260890644567e-05
1446,2.093772637099781,7.939434464810684e-05
1447,2.21036883221166,7.865798125323308e-05
1448,2.329785206760193,7.788490434139489e-05
1449,2.4431491495976094,7.71116421646781e-05
1450,2.544643959765202,7.639688222670858e-05
1451,2.6307819126569565,7.579756231929542e-05
1452,2.6998859608065255,7.528873713892466e-05
1453,2.751920810013728,7.490279650602258e-05
1454,2.7884433393966797,7.462104721538246e-05
1455,2.8113519284264394,7.443526593121477e-05
1456,2.7270252399560917,7.505208259143597e-05
1457,2.606398993403415,7.5952016688213e-05
1458,2.485342137236709,7.685200805740158e-05
1459,2.3964114018402034,7.748449228132807e-05
1460,2.341396944506752,7.786122246756112e-05
1461,2.2988979019120865,7.814045299351731e-05
1462,1.9790246940180838,8.007243313477028e-05
1463,2.009639554251507,7.990030568832335e-05
1464,2.078701289467905,7.94804816835165e-05
1465,2.176274790809567,7.886979164850506e-05
1466,2.290251871699047,7.813289691223592e-05
1467,2.408414753056635,7.735301971731436e-05
1468,2.5199075653408003,7.657540147366007e-05
1469,2.6161927137843315,7.58880537087035e-05
1470,2.6917223371837444,7.533890108616918e-05
1471,2.744439439068598,7.495836767433954e-05
1472,2.691798284331039,7.53628721459352e-05
1473,2.643918666702024,7.566506909280338e-05
1474,2.563522023072433,7.621120418536902e-05
1475,2.445127908681126,7.70776251931867e-05
1476,2.3244063760640206,7.794689281137504e-05
1477,2.309404983395831,7.806885362090462e-05
1478,1.9708485337604358,8.011116761012723e-05
1479,1.9841442820021025,8.003291317796319e-05
1480,2.047122792208994,7.96607211377389e-05
1481,2.1487229931883527,7.902870374405843e-05
1482,2.2726132163702983,7.823859147826248e-05
1483,2.401540090303868,7.738694417239205e-05
1484,2.5206448426569263,7.65665429226906e-05
1485,2.619249327438246,7.586606294230916e-05
1486,2.642436856195917,7.575196912719856e-05
1487,2.5377629562795025,7.649055935922083e-05
1488,2.487865965394678,7.680714625929515e-05
1489,2.4611355728009587,7.69440805155488e-05
1490,2.424720773807436,7.71661132098669e-05
1491,2.3522690780919167,7.768666425251225e-05
1492,1.9430777071065382,8.025831393294029e-05
1493,1.9627657210600098,8.014564857253112e-05
1494,2.037985436362685,7.97066791046731e-05
1495,2.152774404814063,7.900052506232306e-05
1496,2.2863682205242015,7.815464138242026e-05
1497,2.419164789335657,7.72746346020032e-05
1498,2.536143775958913,7.644981487076007e-05
1499,2.521616707992972,7.661519946338426e-05
1500,2.3980804167565735,7.746282445378717e-05
1501,2.3196128631358586,7.796599796585567e-05
1502,2.3025936356625243,7.803549952957526e-05
1503,2.3671040376614663,7.756327242781673e-05
1504,1.9378070285603939,8.028184349451859e-05
1505,1.9752095574546897,8.007782857018456e-05
1506,2.064527290827719,7.95504931885638e-05
1507,2.1863203070428505,7.879413830405445e-05
1508,2.319291429038142,7.794509137214677e-05
1509,2.4455183937424523,7.709315867096663e-05
1510,2.416550747381295,7.733652656693439e-05
1511,2.3480893780327774,7.779472168872303e-05
1512,2.2200189661860175,7.861400444822372e-05
1513,2.163492732653773,7.89704746996829e-05
1514,1.9699814433065264,8.010620104162365e-05
1515,2.0202453054337703,7.981897421226866e-05
1516,2.1130462784265176,7.926163984752144e-05
1517,2.229833683878576,7.853002714204181e-05
1518,2.3523361523511332,7.77305323343732e-05
1519,2.3413539710805678,7.783731307861005e-05
1520,2.291974399281933,7.815646907791068e-05
1521,2.220779782518227,7.8610731735211e-05
1522,2.0252194608138905,7.978679086411244e-05
1523,2.075621375530322,7.949266642715575e-05
1524,2.160029024528671,7.897150898919855e-05
1525,2.2635290755707613,7.831464110669232e-05
1526,2.3019679243699565,7.809091290865986e-05
1527,2.2801054989783265,7.823234517712166e-05
1528,2.078069422062138,7.948507551023191e-05
1529,2.118036626230548,7.924482235633733e-05
1530,2.18761660654729,7.880394088821186e-05
1531,2.275896856592786,7.823138957327553e-05
1532,2.109013053436154,7.930296151403822e-05
1533,2.133582096437895,7.91473716772955e-05
1534,1.6223571185067782,8.147157272505165e-05
1535,1.834689215170479,8.080102083872314e-05
1536,2.06939740662154,7.953296053611561e-05
1537,2.2887229338227404,7.815921311095788e-05
1538,2.4722340438137933,7.69261220777672e-05
1539,2.611932961971916,7.593410919353369e-05
1540,2.7086749328486035,7.521985843484895e-05
1541,2.769849520451613,7.477387535638117e-05
1542,2.807458423969067,7.448565648335648e-05
1543,2.8323849528462337,7.431197883420958e-05
1544,2.8400217672411823,7.426005946404127e-05
1545,1.8330745882728117,8.081675910514417e-05
1546,1.9998514154344444,7.995912278368152e-05
1547,2.178053963228249,7.88843629051145e-05
1548,2.3430063097420004,7.780922417236585e-05
1549,2.4820287493638076,7.686425490569187e-05
1550,2.5913279513490295,7.608327821229436e-05
1551,2.6732115366400935,7.54903502157054e-05
1552,2.7334411083459567,7.504671192132028e-05
1553,2.777203193428153,7.47165972024139e-05
1554,2.8047648284164,7.451349083249426e-05
1555,2.819272848718752,7.441281445743836e-05
1556,2.8209824720188523,7.439210851875339e-05
1557,2.779418757559947,7.470313754458819e-05
1558,2.7115725968693027,7.520209660207336e-05
1559,2.637101894968257,7.576607502797075e-05
1560,2.5485843035223263,7.640781047717761e-05
1561,2.437391700432667,7.719269787431971e-05
1562,2.3004201234497947,7.811684205439076e-05
1563,2.142611704387731,7.912146955603073e-05
1564,1.9789952917338969,8.007786772136042e-05
1565,1.9734035769773937,8.010753097763107e-05
1566,2.0849312807997333,7.94677385265581e-05
1567,2.2111563881658576,7.867813405758768e-05
1568,2.335834409217515,7.786515571909817e-05
1569,2.4499365858922655,7.708911416498098e-05
1570,2.5494548142159625,7.637822146996364e-05
1571,2.633240788091101,7.577848164310132e-05
1572,2.7010408384116324,7.527989212993531e-05
1573,2.751670548415012,7.489394442116152e-05
1574,2.7831562790322435,7.467076537372683e-05
1575,2.791743628817765,7.460046858599437e-05
1576,2.756393367900551,7.485996507085297e-05
1577,2.6651470506313646,7.554084022706048e-05
1578,2.5614087334986197,7.631142334087038e-05
1579,2.467538376161546,7.698697984753792e-05
1580,2.3846849643092574,7.756809652801384e-05
1581,2.3050023900219903,7.809524593892301e-05
1582,2.2235626019235406,7.862612900826803e-05
1583,2.0255975429305018,7.981402022857742e-05
1584,2.0947562862678133,7.94025426264609e-05
1585,2.1904974144679668,7.87956141725233e-05
1586,2.29875036687139,7.809051640568275e-05
1587,2.4092562641280906,7.734973313093662e-05
1588,2.5141899876722014,7.661979689940087e-05
1589,2.607236247080143,7.596484686234462e-05
1590,2.6829618459187325,7.541270316516332e-05
1591,2.7347047460729756,7.50347440392739e-05
1592,2.739229659569878,7.50025346837751e-05
1593,2.6997562686264986,7.527511035773617e-05
1594,2.619256067650086,7.584800655222005e-05
1595,2.5056597442718105,7.667785503339327e-05
1596,2.3907953459267035,7.750531191726857e-05
1597,2.3245851564031446,7.796862852489672e-05
1598,2.308108270088539,7.808036004762603e-05
1599,2.0138621195114688,7.98765247384966e-05
1600,2.0656190253007036,7.956848568197185e-05
1601,2.1552256010222033,7.900731063694649e-05
1602,2.266833870668285,7.829246330815531e-05
1603,2.386575575427542,7.749247752474933e-05
1604,2.5016007759694023,7.670620585961263e-05
1605,2.6013250765218654,7.600124482881733e-05
1606,2.6750635113043937,7.54729484403956e-05
1607,2.6362072866246873,7.578506130320869e-05
1608,2.5805409386020792,7.615244789295317e-05
1609,2.5258654049030405,7.651571392362749e-05
1610,2.4546950895075947,7.700311894834778e-05
1611,2.355888161230212,7.769187025543263e-05
1612,2.2694872111611955,7.832334525486426e-05
1613,1.9836795272865821,8.00356352464661e-05
1614,2.039771560669281,7.971561988213471e-05
1615,2.139574127256559,7.910129886352308e-05
1616,2.26315051758087,7.831570618719956e-05
1617,2.3919273863890265,7.746656075449098e-05
1618,2.510476584539981,7.664425146794234e-05
1619,2.603088029460297,7.60039291463231e-05
1620,2.5463710025738235,7.644032146641767e-05
1621,2.4273406440158145,7.724922301498725e-05
1622,2.3781090974551016,7.755548513991108e-05
1623,2.3675009700895377,7.759187019107871e-05
1624,2.36554970502244,7.758976817454918e-05
1625,1.9760512770191212,8.007790630725772e-05
1626,2.0465755761343587,7.967615877680362e-05
1627,2.1581671138212735,7.898846521140162e-05
1628,2.287564371780701,7.81618066491345e-05
1629,2.415417847482279,7.730124312086179e-05
1630,2.501680382088838,7.67649454454663e-05
1631,2.429044068230881,7.725505973582134e-05
1632,2.300873923530582,7.810117131117388e-05
1633,2.226373222514313,7.857232591456235e-05
1634,2.247999477885889,7.838244182573876e-05
1635,2.00547581743316,7.990894088046965e-05
1636,2.0857948284646093,7.943911232514724e-05
1637,2.1988057799621927,7.873583563943274e-05
1638,2.3225393978632347,7.794070897898162e-05
1639,2.4068326956265222,7.74000422412282e-05
1640,2.3411353844986262,7.783842036037363e-05
1641,2.2458167219540646,7.845615902797271e-05
1642,2.192203679598767,7.879237330870403e-05
1643,2.057909077617855,7.960562703563265e-05
1644,2.1360067058127914,7.913380208583723e-05
1645,2.2394861065010154,7.84836276180925e-05
1646,2.339989812683042,7.784511952704067e-05
1647,2.293583358672077,7.814698158597721e-05
1648,2.271474216062314,7.829063097176332e-05
1649,2.108513233703572,7.930384628967366e-05
1650,2.174910387313429,7.889830107790241e-05
1651,2.263641884594425,7.833055955423304e-05
1652,2.2847309824837696,7.820322093645102e-05
1653,2.1382256535786754,7.912877739429609e-05
1654,2.189231064740718,7.881050971044791e-05
1655,2.0972944176805184,7.939604761616762e-05
1656,2.2087426236087837,7.871298131957242e-05
1657,2.3209061450625774,7.797995393279276e-05
1658,2.426184531368349,7.726193181364021e-05
1659,2.5227028322542133,7.658597738468211e-05
1660,2.611384950122565,7.593309680384034e-05
1661,2.691002065573288,7.53504464499855e-05
1662,2.751575378533692,7.490049875991734e-05
1663,2.780014067075286,7.469984672289628e-05
1664,2.135251975565606,7.916926759739269e-05
1665,2.2069657223311396,7.871776207450711e-05
1666,2.2948168349458298,7.814498991606243e-05
1667,2.391241648218122,7.749067695371732e-05
1668,2.488961616670813,7.681179816856827e-05
1669,2.5818234823447868,7.615514428376559e-05
1670,2.6624547553745828,7.555521467391618e-05
1671,2.7192660338183554,7.514592982378196e-05
1672,2.7368579198755274,7.501925579995806e-05
1673,2.709092399447433,7.522303955953598e-05
1674,2.6416700938350335,7.572049832946344e-05
1675,2.547608846059215,7.63989960709739e-05
1676,2.447163118431408,7.71151333270416e-05
1677,2.3586674123817013,7.773588843719652e-05
1678,2.2928497992154213,7.817378319780576e-05
1679,2.245652782813383,7.84788883353725e-05
1680,2.1148965039779934,7.928997672366407e-05
1681,2.1713112669796453,7.893463301961593e-05
1682,2.25690688348732,7.83822312970688e-05
1683,2.3574579287156197,7.771189782893314e-05
1684,2.462385860611351,7.699615667738863e-05
1685,2.561823796857808,7.630447412242113e-05
1686,2.6437355287005575,7.570998668008632e-05
1687,2.6830564428422576,7.541557677820016e-05
1688,2.637372270568681,7.574549886986553e-05
1689,2.5666861872706916,7.62621675812854e-05
1690,2.4765716701398635,7.690374683622121e-05
1691,2.3767189538300166,7.75875901982428e-05
1692,2.291135207097998,7.817378305349777e-05
1693,2.271023848953649,7.831692683566662e-05
1694,2.078950250770735,7.949764115789461e-05
1695,2.1399471530206284,7.91207145613785e-05
1696,2.234479203399805,7.8522118110017e-05
1697,2.345396656240748,7.779388851382209e-05
1698,2.4581323556304517,7.702870773033196e-05
1699,2.55931808689856,7.631907131629403e-05
1700,2.6131250706928606,7.59389904899042e-05
1701,2.528533721876096,7.65508372997015e-05
1702,2.454126400248038,7.705462485805623e-05
1703,2.3831515828269394,7.753396256860625e-05
1704,2.3125140592936364,7.79938300371565e-05
1705,2.2444539036411593,7.842514757905792e-05
1706,2.065839757291278,7.956577179604931e-05
1707,2.139872466380484,7.912247165871941e-05
1708,2.244464239163164,7.846046597375127e-05
1709,2.360309300929571,7.770377086421064e-05
1710,2.4717540372800766,7.693801149670505e-05
1711,2.5175652438461307,7.664007390158102e-05
1712,2.406439828015697,7.739911673588873e-05
1713,2.3232009938208216,7.794689512338984e-05
1714,2.2657558537598455,7.831245511479763e-05
1715,2.2607364012913718,7.831868177229078e-05
1716,2.0888964590941774,7.942948168024878e-05
1717,2.17157224288913,7.892227970793207e-05
1718,2.2768363020669242,7.825248233090155e-05
1719,2.3869730553486175,7.752288925027577e-05
1720,2.412678669953911,7.736521183778806e-05
1721,2.3463708309150184,7.780766885829641e-05
1722,2.2338303748517525,7.852941910779699e-05
1723,2.1837265064141507,7.884900928597294e-05
1724,2.134744374747856,7.915110131944115e-05
1725,2.214874066199849,7.86545422544165e-05
1726,2.3108866458878414,7.803177510721807e-05
1727,2.3338092214539996,7.788578738141857e-05
1728,2.2855628885544097,7.820306779927343e-05
1729,2.2281862726541815,7.85656387599468e-05
1730,2.179983276054046,7.88748885055429e-05
1731,2.248935490387905,7.843602520689741e-05
1732,2.2920752016566897,7.815628087850863e-05
1733,2.2706638420639247,7.829233263608861e-05
1734,2.2067162485493927,7.870415206001413e-05
1735,2.26154112847238,7.835306885519523e-05
1736,2.2157214723703973,7.866861069951505e-05
1737,2.2527433360633555,7.842810093140425e-05
1738,2.324201718722698,7.795222584554164e-05
1739,2.416174314109894,7.732844494836899e-05
1740,2.5144581096386305,7.664258912695905e-05
1741,2.60417904296139,7.599752719086816e-05
1742,2.6655565276520505,7.555489263400388e-05
1743,2.173763698230144,7.892504958306338e-05
1744,2.2174832236890083,7.8647592981604e-05
1745,2.295776739787902,7.814059589837567e-05
1746,2.3932634953193817,7.748967864578114e-05
1747,2.494924020796821,7.67857661152587e-05
1748,2.580965783624069,7.6177180087764e-05
1749,2.5934148498501797,7.608905529751991e-05
1750,2.522347846702943,7.659837957972163e-05
1751,2.429530098779194,7.724813525504904e-05
1752,2.3338251528638034,7.789053513014259e-05
1753,2.2549436356445574,7.84028951884089e-05
1754,2.22562326850697,7.860289955703023e-05
1755,2.15531669812853,7.903416626165022e-05
1756,2.2115590469887816,7.868265614679345e-05
1757,2.2973269757786934,7.812665710355567e-05
1758,2.3971596719882484,7.747006208902811e-05
1759,2.49419430811514,7.67984083174979e-05
1760,2.5232625404003315,7.659719166925525e-05
1761,2.420731903708163,7.730245984480847e-05
1762,2.3325622233762817,7.789494602953841e-05
1763,2.250756167232646,7.8425336693754e-05
1764,2.206209314590854,7.872019511006518e-05
1765,2.17210101449741,7.892834293649447e-05
1766,2.236867549320918,7.851707178105761e-05
1767,2.32233625886007,7.79638569231032e-05
1768,2.4151081876672524,7.733798181355973e-05
1769,2.4255926962054177,7.727644278995411e-05
1770,2.320742885513503,7.797479904448544e-05
1771,2.244639880966811,7.846541877073246e-05
1772,2.199186131628293,7.875539398201491e-05
1773,2.211138628065758,7.868184514580398e-05
1774,2.274025850180391,7.827770803492122e-05
1775,2.3506106644863056,7.777855370168689e-05
1776,2.33416655613223,7.788532230925402e-05
1777,2.26092742064562,7.8356534351175e-05
1778,2.220185133495902,7.861826628418138e-05
1779,2.250563166399356,7.843135279133822e-05
1780,2.303540672827448,7.808627104148424e-05
1781,2.2797470756802856,7.823526580379175e-05
1782,2.2617568184343573,7.835534142699402e-05
1783,2.2739643749920724,7.828067503185867e-05
1784,2.267835612570248,7.830984838600179e-05
1785,2.2047921687381247,7.872665760268107e-05
1786,2.2410529200706795,7.849396952068156e-05
1787,2.3182334354130925,7.799580699488147e-05
1788,2.4134704196408596,7.73608063734527e-05
1789,2.5014774515786486,7.675795309175997e-05
1790,2.2182861221797205,7.863683054261779e-05
1791,2.26133976722993,7.83640793849508e-05
1792,2.3335414623608406,7.789517821771868e-05
1793,2.417607192428748,7.733503733298712e-05
1794,2.4147918608516594,7.735249809206527e-05
1795,2.330631899916596,7.791267622471907e-05
1796,2.2560473449354603,7.839662377255908e-05
1797,2.2206126348138926,7.862714956322043e-05
1798,2.2529037005840147,7.841884727360714e-05
1799,2.2941123133085415,7.815258506160754e-05
1800,2.3553081019415205,7.77527293708602e-05
1801,2.3465362613375165,7.780711021801405e-05
1802,2.2676110290300513,7.832022734754285e-05
1803,2.2339872904847953,7.853673952047804e-05
1804,2.2879929983241394,7.818830185739115e-05
1805,2.320139325405915,7.797986315682994e-05
1806,2.2798374597724678,7.82371684402015e-05
1807,2.2509350478393846,7.842220530931502e-05
1808,2.276790798077145,7.82531400677409e-05
1809,2.2574340603630705,7.837743394628671e-05
1810,2.2540813277966874,7.840954457519469e-05
1811,2.284130042066544,7.821684896485229e-05
1812,2.344072606480431,7.782303072329345e-05
1813,2.2868775402153374,7.81979200474632e-05
1814,2.3070224100245036,7.806610701116902e-05
1815,2.2882752293762736,7.81869970509465e-05
1816,2.265850455458019,7.833224890460788e-05
1817,2.2764805668958723,7.826022268663084e-05
1818,2.2640879592942746,7.83360681858789e-05
1819,2.2836154511636932,7.821403766956638e-05
1820,1.2268936144842666,8.189757505948158e-05
1821,1.3134573916783767,8.122608208501543e-05
1822,1.5380066575400455,8.163537042265674e-05
1823,1.8275235646606087,8.078829094901412e-05
1824,2.1205084250460713,7.918571584180568e-05
1825,2.3800288768998072,7.752370148966598e-05
1826,2.587272576765236,7.609952866009495e-05
1827,2.735494573168211,7.501348619695066e-05
1828,2.8266766586854652,7.433562019119396e-05
1829,2.8695196430698986,7.401494604147819e-05
1830,2.8778238100567264,7.394673781178072e-05
1831,2.868535204493349,7.403107020139782e-05
1832,2.8583891182515258,7.411453373537491e-05
1833,1.3244437529943676,8.106990245037117e-05
1834,1.4969726700965442,8.15904931797745e-05
1835,1.7666579843373593,8.105060362409394e-05
1836,2.0584819558355143,7.95691847286828e-05
1837,2.3280509717396933,7.786718131866315e-05
1838,2.551265812848615,7.63405548269712e-05
1839,2.717139711046253,7.515494954415396e-05
1840,2.8242198618148775,7.43391360909712e-05
1841,2.878876483132028,7.391665579140003e-05
1842,2.894220674857495,7.382519629649138e-05
1843,2.889368884163822,7.388362492024067e-05
1844,2.887995677807781,7.387742203486785e-05
1845,2.8889237978161684,7.386423196503538e-05
1846,2.869232379538464,7.403230305881054e-05
1847,2.887573221701486,7.387599141486201e-05
1848,2.893420472451519,7.38178060960342e-05
1849,2.869751071864198,7.399947184339734e-05
1850,2.8017676145703465,7.450411844808003e-05
1851,2.6793533227109108,7.541272733698834e-05
1852,2.4986722852277756,7.669204686641653e-05
1853,2.2637979423823245,7.8242693629274e-05
1854,1.989124203565811,7.995667214250237e-05
1855,1.7035733432482165,8.127752053643945e-05
1856,1.4563072840688491,8.170973401682834e-05
1857,1.5468585080395758,8.147410986301765e-05
1858,1.7279255790202797,8.121485924967166e-05
1859,1.9786678049736945,8.004334725777983e-05
1860,2.2371241325539732,7.848248893208338e-05
1861,2.4674871839741006,7.694767011645474e-05
1862,2.6509483925242963,7.564010205082757e-05
1863,2.779620663112303,7.46870069508856e-05
1864,2.8550565299262898,7.411691955220822e-05
1865,2.8882906141990228,7.387892897471875e-05
1866,2.8989593652739596,7.380917967609926e-05
1867,2.9110528889064984,7.371221935514073e-05
1868,2.9275745104925086,7.35581872318608e-05
1869,2.897502819023518,7.379848787956726e-05
1870,2.8742017188900064,7.39991500255275e-05
1871,2.8872298703765567,7.388425446753934e-05
1872,2.878231049358912,7.393400223711714e-05
1873,2.8335673419748035,7.426318332998543e-05
1874,2.742929443813618,7.493473248806663e-05
1875,2.6012993618577105,7.597471378943559e-05
1876,2.4104840872182653,7.729275787070001e-05
1877,2.1808342090981325,7.877579066954721e-05
1878,1.9335936735969885,8.025394088509396e-05
1879,1.7710708845853145,8.107742218925797e-05
1880,1.9160997235340484,8.040624385852783e-05
1881,2.122831528581363,7.921865936902715e-05
1882,2.3416454967813785,7.784024366757973e-05
1883,2.53924476678561,7.645923788298918e-05
1884,2.6960423737055046,7.530961252351732e-05
1885,2.8027401085684174,7.45179927837809e-05
1886,2.8622638694819535,7.408226850648088e-05
1887,2.890084409773875,7.387580096037781e-05
1888,2.906262495415221,7.375929069798926e-05
1889,2.921185454935906,7.363271617858854e-05
1890,2.9090366456507852,7.369585323567331e-05
1891,2.84635039962364,7.420234137242225e-05
1892,2.8606853198267865,7.409524331085638e-05
1893,2.860493598599239,7.408169815915858e-05
1894,2.8360470348755045,7.424081776139397e-05
1895,2.7782992155353052,7.46839376686976e-05
1896,2.681401035673522,7.538791226190817e-05
1897,2.5445147116274667,7.635658411966031e-05
1898,2.373234315238349,7.753291724532122e-05
1899,1.920878142207407,8.038754850785247e-05
1900,2.0224024246873618,7.982992502265548e-05
1901,2.1986678578800585,7.876472413316681e-05
1902,2.3963898538524577,7.74787979780087e-05
1903,2.5796398255959847,7.618254925103449e-05
1904,2.7251880221381146,7.509828634232868e-05
1905,2.817982253327473,7.441715448012226e-05
1906,2.861019511784741,7.41003787904723e-05
1907,2.8737833721643424,7.401726139591608e-05
1908,2.872752899612052,7.401895930227069e-05
1909,2.8442943373927143,7.421729620712797e-05
1910,2.812146931240425,7.445391922879261e-05
1911,2.82550787571298,7.435852412647206e-05
1912,2.828820200430861,7.432911393283051e-05
1913,2.8190134961896876,7.439520704222909e-05
1914,2.790430898157,7.459768297252378e-05
1915,2.7370893741346176,7.498530877605271e-05
1916,2.6551014086656766,7.55874964885726e-05
1917,1.9790246940180838,8.00709392805002e-05
1918,2.0796691504655826,7.949080184095228e-05
1919,2.2544497905885383,7.840902494956661e-05
1920,2.4372984006219274,7.718329521258709e-05
1921,2.6097399103068226,7.593481827790882e-05
1922,2.7443840802047426,7.496273988509994e-05
1923,2.8092082880049785,7.449919283483512e-05
1924,2.8155620095726652,7.446688949413971e-05
1925,2.7949130419460464,7.46275993054945e-05
1926,2.761535843956936,7.486954403783731e-05
1927,2.7759723479856095,7.471899017974463e-05
1928,2.791094203438676,7.460352465863817e-05
1929,2.795899670494613,7.457727438371594e-05
1930,2.794785980597229,7.457762708357706e-05
1931,2.7878454706698563,7.461825725043365e-05
1932,2.770744413682532,7.475367033159131e-05
1933,2.0623956713791096,7.958986232791879e-05
1934,2.151068176288899,7.905280935420314e-05
1935,2.2736678677415427,7.827364973191309e-05
1936,2.4318947528954786,7.720311740789006e-05
1937,2.6012173763718756,7.602843674350289e-05
1938,2.7247175378446435,7.513392597697006e-05
1939,2.7355994817405,7.506884371440519e-05
1940,2.6970172995911055,7.536795835615595e-05
1941,2.6916206642314493,7.533751616440945e-05
1942,2.7372075657784567,7.500288275170058e-05
1943,2.7604144016222736,7.483843348779533e-05
1944,2.769505725084392,7.476298782371002e-05
1945,2.773937630024102,7.47272049515991e-05
1946,2.7801202727603602,7.467754521759869e-05
1947,2.088300153268895,7.942384936585227e-05
1948,2.0949375462409514,7.939045893435356e-05
1949,2.2137478985549266,7.865376992578469e-05
1950,2.390238890907622,7.750785492917434e-05
1951,2.57269247041451,7.62494556557905e-05
1952,2.640244546192858,7.577300689731643e-05
1953,2.5901245107961364,7.612962049315198e-05
1954,2.628087892160592,7.57932889084265e-05
1955,2.691745529242052,7.534704187141345e-05
1956,2.7295450987897802,7.506224150561297e-05
1957,2.7488535218377805,7.492030251904602e-05
1958,2.7602422516780782,7.482971472738379e-05
1959,1.9378070285603939,8.028337902892567e-05
1960,2.0260616753501948,7.979096015082314e-05
1961,2.184654647112681,7.884601039867961e-05
1962,2.3772233476756637,7.760356703117743e-05
1963,2.5311703208605425,7.654733261805654e-05
1964,2.4878474397593027,7.685432913968577e-05
1965,2.5527057512807443,7.634241437950755e-05
1966,2.6346341609699806,7.575348465370397e-05
1967,2.6908627572515993,7.534566727241686e-05
1968,2.726064144635045,7.50867061696979e-05
1969,1.9699814433065264,8.010354910587647e-05
1970,2.0503966332616357,7.964704578548413e-05
1971,2.2054043948323643,7.871497478465887e-05
1972,2.387029630156239,7.753913270553534e-05
1973,2.403169711188724,7.742576353977248e-05
1974,2.466179425313758,7.695901764605955e-05
1975,2.5622488487812247,7.628340918083487e-05
1976,2.6367813935185076,7.575458443672529e-05
1977,2.0252194608138905,7.979149505795543e-05
1978,2.0990903395654112,7.936246747154997e-05
1979,2.23912889914674,7.850312596064227e-05
1980,2.3436098682580395,7.782283867621848e-05
1981,2.3718090715821147,7.76077211200006e-05
1982,2.473711100361751,7.691364861789626e-05
1983,2.078069422062138,7.948299514796852e-05
1984,2.1390069197295225,7.912371552765464e-05
1985,2.2629912384969226,7.835625031752683e-05
1986,2.2959986431588577,7.81279742464794e-05
1987,2.109013053436154,7.930366034883607e-05
1988,2.154134068675996,7.902770280535653e-05
1989,1.683014466868684,8.137311889593849e-05
1990,1.9363908583274656,8.025414267695727e-05
1991,2.1988281969359273,7.868412733050822e-05
1992,2.4355651937423604,7.714011128865246e-05
1993,2.6270562514110196,7.580424084645202e-05
1994,2.7646824469987736,7.479077826011604e-05
1995,2.8485322897525744,7.415631138703902e-05
1996,2.8863710846275774,7.387387066300491e-05
1997,2.893041682095411,7.383530373847506e-05
1998,2.8927333814635983,7.385289460732595e-05
1999,2.9149903376352078,7.365566530684314e-05
2000,1.8967527977222158,8.047599710459128e-05
2001,2.1150611497666216,7.924578848136869e-05
2002,2.3369515782419557,7.782480018976625e-05
2003,2.534349864200952,7.647676550352882e-05
2004,2.69046321786556,7.534707724928917e-05
2005,2.797790380288963,7.454485877219623e-05
2006,2.8586106794393538,7.410473719983127e-05
2007,2.885696578021007,7.389819897635269e-05
2008,2.9003862402683596,7.379528317095597e-05
2009,2.923061848743125,7.361008257601616e-05
2010,2.9330258951525887,7.351217715030756e-05
2011,2.9006200452459594,7.378381721089495e-05
2012,2.880073331487178,7.395109870131308e-05
2013,2.8757035940597895,7.396212579773801e-05
2014,2.852648084327414,7.412720012950447e-05
2015,2.7947372234804124,7.456681617770976e-05
2016,2.6933693537038805,7.531066071496545e-05
2017,2.546823753823536,7.635456865858106e-05
2018,2.360753850925066,7.762482217291348e-05
2019,2.149147346421569,7.899702122341356e-05
2020,2.0416884005221876,7.969475799200351e-05
2021,2.218051180835827,7.862421202290428e-05
2022,2.406895534772703,7.739260180733904e-05
2023,2.5804368051143634,7.616273597844645e-05
2024,2.7190390534047153,7.513514792122942e-05
2025,2.811907559022916,7.445771168024702e-05
2026,2.8618648171100407,7.408860041506321e-05
2027,2.884853209611365,7.392842289327198e-05
2028,2.8984274169330146,7.383022470704616e-05
2029,2.906902377863923,7.372888598591454e-05
2030,2.889563172560601,7.38451027553198e-05
2031,2.8626189282444976,7.407117513692378e-05
2032,2.852114469634215,7.416123270020055e-05
2033,2.8378226597305045,7.425707600583382e-05
2034,2.8032429554280176,7.450777614285892e-05
2035,2.7393208967325555,7.496484881460672e-05
2036,2.642179195483897,7.567130223084697e-05
2037,2.5134588250889887,7.658555225836255e-05
2038,2.113935407065397,7.927820144227613e-05
2039,2.271501964726642,7.829412761990944e-05
2040,2.4478105368666645,7.711113152483983e-05
2041,2.612988261103779,7.591339578758324e-05
2042,2.743105577406039,7.496627690419281e-05
2043,2.8189346110421436,7.441140467255499e-05
2044,2.845057636542036,7.424007204573381e-05
2045,2.844081695247898,7.424741395014544e-05
2046,2.8331526765029733,7.432601868955681e-05
2047,2.815553233769103,7.442913446086554e-05
2048,2.8257065265467496,7.434147894182596e-05
2049,2.8239512735244654,7.436791544797741e-05
2050,2.8147392962915383,7.443731514584852e-05
2051,2.7974618351483893,7.455799548928149e-05
2052,2.766317811785526,7.477273800139782e-05
2053,2.7155908199147305,7.51455564520762e-05
2054,2.173180059546782,7.891533438597789e-05
2055,2.3135384473524523,7.801669521667795e-05
2056,2.470650230904658,7.692849992900242e-05
2057,2.626524268055988,7.582687584536153e-05
2058,2.7448184029035945,7.496476906111187e-05
2059,2.7816513305805093,7.472403406796341e-05
2060,2.765215861156744,7.486053106964187e-05
2061,2.7315792963146244,7.509699443522377e-05
2062,2.740830143959303,7.499056960668936e-05
2063,2.773285632701133,7.474303628537939e-05
2064,2.7887829824114356,7.461169820733125e-05
2065,2.791307493344111,7.460577452583855e-05
2066,2.7871423830186055,7.463237985917002e-05
2067,2.7799900505943733,7.468896788987799e-05
2068,2.1906046514770727,7.879751528844443e-05
2069,2.2918448853554425,7.814857421308959e-05
2070,2.442900694407498,7.713450212503964e-05
2071,2.6049374369553653,7.601228304388819e-05
2072,2.695352201477885,7.535755932182187e-05
2073,2.6696392052663316,7.55662834802381e-05
2074,2.6187167297451337,7.592283251405969e-05
2075,2.6816993302340624,7.541969881445887e-05
2076,2.727553362212204,7.508405982511344e-05
2077,2.75360567676243,7.488921898820942e-05
2078,2.768072514131707,7.477321988320295e-05
2079,2.777918556700165,7.471059724698427e-05
2080,2.114985304478491,7.926137038338822e-05
2081,2.243427129849747,7.846065507591268e-05
2082,2.4158146318962532,7.73341531720836e-05
2083,2.575258025815459,7.623359102147525e-05
2084,2.5683546483278596,7.629116701005663e-05
2085,2.5278008213209047,7.65339205671775e-05
2086,2.6166440199071603,7.589327753046927e-05
2087,2.679745469349843,7.543376607350827e-05
2088,2.720068400731558,7.513827508057988e-05
2089,2.746113690182596,7.493956927009922e-05
2090,2.0960649966747154,7.937209654658804e-05
2091,2.2431903263930195,7.846174423312118e-05
2092,2.417186464745135,7.732709839935105e-05
2093,2.473399608673329,7.695340114868592e-05
2094,2.440551457630551,7.714790944670165e-05
2095,2.541566641644741,7.643312838695808e-05
2096,2.6211250114144184,7.58644851303453e-05
2097,2.678824477891357,7.542667426418857e-05
2098,2.129984392583105,7.916365648885941e-05
2099,2.2709308037908187,7.828001513461808e-05
2100,2.392243324866558,7.749748948512188e-05
2101,2.3508868619745473,7.775220766474922e-05
2102,2.4553276158148263,7.703740545610107e-05
2103,2.546566161548142,7.639247099159692e-05
2104,2.1718936356065615,7.89117467825212e-05
2105,2.2974277495055606,7.811264396461748e-05
2106,2.3064046214650027,7.806406319638227e-05
2107,2.3605752010929946,7.768809710718096e-05
2108,2.198597972944547,7.874659759488354e-05
2109,2.3015757140690467,7.80926019764282e-05
2110,2.2878193873375663,7.814592864654831e-05
2111,2.459476824969968,7.698565032073972e-05
2112,2.610428287266684,7.593108776826823e-05
2113,2.7283601361257808,7.505868040330367e-05
2114,2.8079075337536814,7.447012004514189e-05
2115,2.852658364145188,7.414518964314765e-05
2116,2.875896548738146,7.398316715851918e-05
2117,2.8971444068663232,7.381572127555424e-05
2118,2.9220172750628772,7.360334240218544e-05
2119,2.356110909713915,7.771914884945577e-05
2120,2.5032319597557993,7.671914931343802e-05
2121,2.638766515616649,7.572493869353193e-05
2122,2.7464316005898723,7.493526100627454e-05
2123,2.816441426576917,7.442436104689405e-05
2124,2.8521412792843788,7.417025109481125e-05
2125,2.867668965518385,7.405650953602502e-05
2126,2.875961456898587,7.398457792108591e-05
2127,2.8724811234481296,7.39882683256964e-05
2128,2.87266796975977,7.399983880987118e-05
2129,2.8587928863844025,7.411055413297668e-05
2130,2.8389629889822636,7.426117221022176e-05
2131,2.8077844130812553,7.447967911940869e-05
2132,2.755913022366806,7.484798461641184e-05
2133,2.6785471265297778,7.543605755189863e-05
2134,2.577434606535492,7.615665068108252e-05
2135,2.394915466332896,7.74706967261654e-05
2136,2.532295995125142,7.649251321451257e-05
2137,2.661461106501476,7.555578282497637e-05
2138,2.7594210678759543,7.484285484175481e-05
2139,2.806359623016609,7.451676041431888e-05
2140,2.811652478212524,7.448615642190483e-05
2141,2.7977010243377136,7.461034699517164e-05
2142,2.7895127173748087,7.464403043966682e-05
2143,2.802475998898104,7.453147050249251e-05
2144,2.8204455102972004,7.439070942274349e-05
2145,2.81822758748915,7.440759854660778e-05
2146,2.8016943491838435,7.452558739042524e-05
2147,2.77396314096993,7.473272415835019e-05
2148,2.7334116089772547,7.502767555705161e-05
2149,2.4129644469781772,7.732195554089172e-05
2150,2.5353765281754534,7.647025775002327e-05
2151,2.6590694310589535,7.55927070841595e-05
2152,2.7360412481160403,7.505185572578687e-05
2153,2.7337875647838263,7.508512208343549e-05
2154,2.6976083660356616,7.53500291527474e-05
2155,2.675103381209188,7.550472474162313e-05
2156,2.721157362725434,7.51388560689135e-05
2157,2.7619913883759,7.482559084439475e-05
2158,2.784332784202567,7.466648064859439e-05
2159,2.79054964684314,7.461970628199087e-05
2160,2.7854872368639767,7.464547588831338e-05
2161,2.379553955366522,7.755091992195853e-05
2162,2.509299563707642,7.667321412055542e-05
2163,2.6322755467837866,7.580712378541897e-05
2164,2.642324387763831,7.575902224940134e-05
2165,2.588486720488052,7.615031798844636e-05
2166,2.572570559319651,7.623444129883037e-05
2167,2.6488719250381165,7.567294731641294e-05
2168,2.703711065244005,7.526216053828264e-05
2169,2.7425595072469946,7.497046726875549e-05
2170,2.770894589103734,7.476244531416805e-05
2171,2.3564499224750963,7.771859296576933e-05
2172,2.4968763362865425,7.677435210286246e-05
2173,2.547416020296363,7.642952006084017e-05
2174,2.4845519186203124,7.687691152030599e-05
2175,2.489204752902726,7.681747677471927e-05
2176,2.5761344013687486,7.620365798393007e-05
2177,2.6450567136718997,7.570137614145814e-05
2178,2.697944095430367,7.530363818872771e-05
2179,2.3662086526417743,7.76594136497812e-05
2180,2.457830865238654,7.704848846393915e-05
2181,2.398563783051139,7.745461967660271e-05
2182,2.409018537572693,7.737558473795106e-05
2183,2.4995727170507136,7.675096721071315e-05
2184,2.578803068482679,7.618278479666198e-05
2185,2.3747623713962707,7.7611114517028e-05
2186,2.3387973999761558,7.785086620734138e-05
2187,2.3315070754416145,7.78989925991046e-05
2188,2.4171658971518393,7.732391639868765e-05
2189,2.30743451310175,7.805493260044505e-05
2190,2.2857612576839297,7.819504157832492e-05
2191,2.605003223651092,7.596981296295057e-05
2192,2.6972441001596597,7.52888529224447e-05
2193,2.768198964325543,7.477314597316788e-05
2194,2.811323274170485,7.447297329858779e-05
2195,2.8297223925074695,7.434201073016991e-05
2196,2.8307539218485815,7.432307577502696e-05
2197,2.8207146190242764,7.440158438232592e-05
2198,2.6252157677336103,7.581773663943697e-05
2199,2.7094835991144537,7.521093891321295e-05
2200,2.7641293294588487,7.482955813673099e-05
2201,2.7765508682460016,7.474141711283884e-05
2202,2.7598874300564002,7.48743914917942e-05
2203,2.7308445957170266,7.509041508672714e-05
2204,2.723553602731725,7.512957379758126e-05
2205,2.7633496675898277,7.483100164463328e-05
2206,2.788854524149905,7.464376013270915e-05
2207,2.7941646396993978,7.459589465280116e-05
2208,2.77987626276781,7.469732334781001e-05
2209,2.746462576916446,7.493846131735055e-05
2210,2.619058013647353,7.588405849410578e-05
2211,2.69280232443038,7.53649170436488e-05
2212,2.7045440233288187,7.529425016796675e-05
2213,2.6680896504586964,7.556509323334829e-05
2214,2.616835437148767,7.592942235771094e-05
2215,2.613323842484387,7.595651326755338e-05
2216,2.6784786532986113,7.546243702480678e-05
2217,2.7298446761391624,7.507660703791334e-05
2218,2.7629498878798247,7.483219168385064e-05
2219,2.7788947271774216,7.471390280308618e-05
2220,2.5975533431030025,7.604749662215098e-05
2221,2.6216418607259118,7.589622114615853e-05
2222,2.568058510316798,7.629431075459674e-05
2223,2.4999756289299966,7.676959915217192e-05
2224,2.5110370279819367,7.668232185031468e-05
2225,2.5943077106724743,7.608680726115474e-05
2226,2.6619690765586945,7.557885229563295e-05
2227,2.7183313980065975,7.517363806700865e-05
2228,2.536675862764658,7.64980697384683e-05
2229,2.4732789692264654,7.694778284727424e-05
2230,2.3994881963409016,7.744868794889938e-05
2231,2.4323700309358363,7.72260121637409e-05
2232,2.5152350913384094,7.665041737092147e-05
2233,2.590275843273776,7.611301852053798e-05
2234,2.3947954794212993,7.74764668944091e-05
2235,2.328144803127943,7.792202632928413e-05
2236,2.367756062040776,7.766407049720706e-05
2237,2.4384003241943693,7.71888554658553e-05
2238,2.2908924003168174,7.816232532740481e-05
2239,2.3145036886597663,7.801615388770739e-05
2240,2.7438765175841784,7.497261056417042e-05
2241,2.7506921434023552,7.493508026685744e-05
2242,2.7297308182844238,7.509858394093696e-05
2243,2.6895120936016985,7.53984288012829e-05
2244,2.6392239842188743,7.575817364808299e-05
2245,2.6913312155026454,7.537760065443333e-05
2246,2.6494666472717148,7.569613538485648e-05
2247,2.5902836832462723,7.612465580407545e-05
2248,2.527194811818742,7.656916892709275e-05
2249,2.53497068147902,7.651028868167047e-05
2250,2.6055610442195856,7.600481301341036e-05
2251,2.668256478261595,7.555309425864596e-05
2252,2.717704860699875,7.518243099641003e-05
2253,2.5599226433160926,7.634557372543614e-05
2254,2.4855619922835466,7.686902263633997e-05
2255,2.4139501221886355,7.735603915810654e-05
2256,2.436417598969671,7.720256227176335e-05
2257,2.5186415593882288,7.663746912418923e-05
2258,2.5961110603185613,7.606985654407528e-05
2259,2.3940759637968223,7.748894511219601e-05
2260,2.325892943711377,7.793923733728442e-05
2261,2.3705817593793075,7.765064848205876e-05
2262,2.4395380544459075,7.718489744659563e-05
2263,2.308714720449894,7.806119072385385e-05
2264,2.3298620849639042,7.791664881336949e-05
2265,2.5809801155266947,7.619364294768573e-05
2266,2.5075015998648293,7.670836631240687e-05
2267,2.4369770476932318,7.719765491729746e-05
2268,2.4063369534435815,7.7405817014539e-05
2269,2.341192541813339,7.78414674663481e-05
2270,2.3622691173917607,7.769887198400788e-05
2271,2.4281231945470525,7.726030007121842e-05
2272,2.30584562474148,7.807677030751861e-05
2273,2.316299795164393,7.800348147360036e-05
2274,2.2947163874865963,7.814589644145527e-05
2275,1.2268936144842666,8.182943010305814e-05
2276,3.314806946120316,7.016368694791748e-05
2277,3.33396106208479,6.995398291278438e-05
2278,3.365957665745401,6.965226702999563e-05
2279,3.408587435027223,6.924026207620561e-05
2280,3.4557963753175973,6.875187964793315e-05
2281,3.49751427908537,6.831331913947676e-05
2282,3.521266892243137,6.811952664398709e-05
2283,3.5149548676789903,6.825545870763475e-05
2284,3.4699625546754294,6.880972669456911e-05
2285,3.38431616296626,6.974456383063367e-05
2286,3.267599446182176,7.087948732612936e-05
2287,3.1586848023281995,7.183364220109119e-05
2288,3.326280182460747,7.000406726353184e-05
2289,3.3413443951765243,6.984873644282408e-05
2290,3.3622381383309707,6.965889042096736e-05
2291,3.392645142208716,6.93834354551255e-05
2292,3.429851033579272,6.901477002531861e-05
2293,3.4665966249811655,6.866605043061785e-05
2294,3.4922817563452826,6.840756374216724e-05
2295,3.4952392801316283,6.84469488655536e-05
2296,3.4656191191939367,6.884461012394535e-05
2297,3.3985199140315077,6.958437506443521e-05
2298,3.297893804965849,7.059553688011038e-05
2299,3.1863192379705154,7.159026069322372e-05
2300,3.1394308373270774,7.200008198849127e-05
2301,3.21847949588446,7.131171053045394e-05
2302,3.3318117764374975,7.02730453511213e-05
2303,3.4242362493137675,6.931175370858437e-05
2304,3.480520949304376,6.864192060086137e-05
2305,3.4997528999937693,6.83873647819562e-05
2306,3.4885772436081837,6.844502735540887e-05
2307,3.4576998779862733,6.873715628798336e-05
2308,3.418736034325598,6.912016210758035e-05
2309,3.381329028402752,6.946039732983193e-05
2310,3.351119195217806,6.978758493976381e-05
2311,3.3290131704533787,7.001689735153782e-05
2312,3.3618640000738487,6.960418704408777e-05
2313,3.3723373693575476,6.95502059507078e-05
2314,3.379259955255229,6.951388943190868e-05
2315,3.3894365101193573,6.943832173011176e-05
2316,3.403201224316339,6.934602914502401e-05
2317,3.415860102912377,6.926401458407961e-05
2318,3.4196632360099635,6.925839285308872e-05
2319,3.4057113508252574,6.942544598104922e-05
2320,3.36626256523608,6.98184252993137e-05
2321,3.2984017256850344,7.053549984421795e-05
2322,3.2099436136244357,7.136920358716911e-05
2323,3.137221316308473,7.201486079613888e-05
2324,3.160871796556159,7.179736213041066e-05
2325,3.2500101288857857,7.099411239554998e-05
2326,3.3372330712640363,7.015649796909449e-05
2327,3.3996482191273163,6.955509581431725e-05
2328,3.432703260455268,6.916215803977772e-05
2329,3.440344712625258,6.899702565641782e-05
2330,3.4306316965328847,6.900785037472432e-05
2331,3.4122965521168256,6.914408435631963e-05
2332,3.3918702263400977,6.935755374473394e-05
2333,3.3718198659192384,6.954252399347203e-05
2334,3.373830258639244,6.952143886678346e-05
2335,3.359355186593211,6.971048402091445e-05
2336,3.3375702887574596,6.998210971104786e-05
2337,3.3174657854165095,7.027465927500531e-05
2338,3.30337354467059,7.04288765092598e-05
2339,3.295507536016743,7.049056504489057e-05
2340,3.2907665887831854,7.051790589442937e-05
2341,3.2816144729074543,7.060968021162509e-05
2342,3.257177643100039,7.085978324609497e-05
2343,3.2107204839157544,7.131520645057104e-05
2344,3.1501273402494414,7.187474732691064e-05
2345,3.120963280773014,7.213448266863402e-05
2346,3.1567819299130986,7.180693322947823e-05
2347,3.223584215613695,7.120455844964471e-05
2348,3.285510945604515,7.06520773836118e-05
2349,3.3313333296222227,7.022409304647546e-05
2350,3.36086372876356,6.990213854962659e-05
2351,3.378381482039789,6.964148038727284e-05
2352,3.388502089166773,6.94071861517175e-05
2353,3.393416607598167,6.935540364393032e-05
2354,3.322176186041839,7.013672329482297e-05
2355,3.2708170737089173,7.069258968725686e-05
2356,3.2167537995266566,7.120889117800418e-05
2357,3.1712469831554637,7.162706881848101e-05
2358,3.141990317783849,7.185602642395453e-05
2359,3.133617897199677,7.192632048401448e-05
2360,3.1462926324026954,7.181751924727264e-05
2361,3.166829071118351,7.163900272619951e-05
2362,3.1725288711798068,7.162714143403072e-05
2363,3.1516574017596466,7.181923032891479e-05
2364,3.123427697982277,7.208180551793693e-05
2365,3.099573268632766,7.22947030014104e-05
2366,3.116208049383314,7.213620280080221e-05
2367,3.1610846074052157,7.174032010874298e-05
2368,3.2128847205784012,7.129602955396632e-05
2369,3.2630371105835034,7.085045166965601e-05
2370,3.3098428525156978,7.037246862151744e-05
2371,3.352591120610399,6.985896016516876e-05
2372,3.1908150006480422,7.143931779862351e-05
2373,3.1082526768204706,7.214690955903216e-05
2374,3.037580731256076,7.273284726914869e-05
2375,2.9899292845196754,7.312030646629568e-05
2376,2.969635724204926,7.328510660206959e-05
2377,2.9804510569824503,7.320811926455116e-05
2378,3.0293383434435084,7.280037601530173e-05
2379,3.087819459634707,7.231118222256337e-05
2380,3.118936730643186,7.208207234676387e-05
2381,3.114128269882769,7.215003964608605e-05
2382,3.100125378721901,7.226823295927853e-05
2383,3.0694330068480933,7.253188968035435e-05
2384,3.0677485618599905,7.253870977543702e-05
2385,3.103188645052437,7.223256052825724e-05
2386,3.16303862107818,7.170968023000075e-05
2387,3.2349937708782965,7.10932110646737e-05
2388,3.00451879374444,7.2991038358299e-05
2389,2.9220668757008914,7.364484062402745e-05
2390,2.871358624324645,7.405638407100739e-05
2391,2.8480680140934327,7.422841383643632e-05
2392,2.8409331536988534,7.429675873681946e-05
2393,2.865020256434318,7.41229378444032e-05
2394,2.95809946250703,7.337768695523433e-05
2395,3.043286700163126,7.267987286541413e-05
2396,3.0868306761282103,7.234868977052613e-05
2397,3.104532597138388,7.222166989733546e-05
2398,3.0766638456311046,7.246023953075456e-05
2399,3.042438178316427,7.274822397239487e-05
2400,3.036811501993575,7.277491204426287e-05
2401,3.0803762126646452,7.240272872995857e-05
2402,2.8416709514516434,7.426364693220775e-05
2403,2.7975317009853073,7.461624588829332e-05
2404,2.7736626532542736,7.480053559390976e-05
2405,2.7527018565307535,7.495635712837214e-05
2406,2.7309344784711382,7.513146489281407e-05
2407,2.7940155258416657,7.465854945373094e-05
2408,2.9254640491020343,7.363694432968144e-05
2409,3.0201104109275363,7.287812296739678e-05
2410,3.0802201469189985,7.240870102078896e-05
2411,3.0853993209221615,7.237791622803644e-05
2412,3.0605294161906484,7.258598140359287e-05
2413,3.0314793371182662,7.283123047758992e-05
2414,2.753929448846261,7.494160061542025e-05
2415,2.7200877237331986,7.520206271206161e-05
2416,2.682320328948766,7.547450852804085e-05
2417,2.6359446825601354,7.581524966321956e-05
2418,2.6207085077029952,7.593306319445694e-05
2419,2.7730075540014636,7.480695845278638e-05
2420,2.9128778454276594,7.374264448938359e-05
2421,3.008654345813915,7.297126505894004e-05
2422,3.06742680308619,7.251052525210137e-05
2423,3.0775432339874667,7.24319178146461e-05
2424,2.669950396151911,7.556773864200555e-05
2425,2.615060213364223,7.596409893288877e-05
2426,2.553213885267554,7.640500290263732e-05
2427,2.492683404085435,7.68289911473533e-05
2428,2.599378360103042,7.608650621098543e-05
2429,2.770226251342758,7.483081212940271e-05
2430,2.9087878387282493,7.377229959470043e-05
2431,3.0110509295948824,7.295874402863664e-05
2432,2.5472209711389553,7.64467869772891e-05
2433,2.47873875885909,7.692599166240317e-05
2434,2.412907160747961,7.736007628211872e-05
2435,2.42413356687025,7.72972026859454e-05
2436,2.60277990867357,7.605976898807955e-05
2437,2.770543047665433,7.48328754952753e-05
2438,2.4133112074019882,7.735791962243973e-05
2439,2.358601786432467,7.772410514840352e-05
2440,2.3182350269625234,7.798515820583112e-05
2441,2.426953736757609,7.727767917708575e-05
2442,2.3248067207740712,7.794579508126553e-05
2443,2.310291366611942,7.803784116025989e-05
2444,3.3591857995788277,6.967069053354547e-05
2445,3.376355896388916,6.950707225568895e-05
2446,3.3967855835180423,6.929262391561962e-05
2447,3.4202304690017913,6.915644149316447e-05
2448,3.4415144950907863,6.893171517491646e-05
2449,3.4520364782518524,6.891122396616478e-05
2450,3.4420716472085187,6.90433060176178e-05
2451,3.4035752113762645,6.94859676125377e-05
2452,3.3335749506012995,7.020789105455768e-05
2453,3.2390228546570405,7.11111171375682e-05
2454,3.150480807462554,7.18986871610583e-05
2455,3.374336364992078,6.950765321767477e-05
2456,3.368820996861776,6.960966335060158e-05
2457,3.3628724105679275,6.972301244927563e-05
2458,3.359332432210997,6.984135420478281e-05
2459,3.356549221284524,6.990293258452509e-05
2460,3.3496435233178534,6.999484370794503e-05
2461,3.331481445578462,7.016738991415159e-05
2462,3.294579860050647,7.051979889443422e-05
2463,3.2358505640073885,7.11044818643023e-05
2464,3.164690608007189,7.17501142680602e-05
2465,3.125141876296848,7.209927079834649e-05
2466,3.1654060508566717,7.174612356713867e-05
2467,3.239345963064759,7.106240171894696e-05
2468,3.30478263569165,7.045908606049087e-05
2469,3.3498887221978295,7.004193781173296e-05
2470,3.3749341811977707,6.975248365521419e-05
2471,3.3853613223366983,6.959801953399985e-05
2472,3.3876879702525726,6.947079831356262e-05
2473,3.3867214557057133,6.940633164617164e-05
2474,3.383769088539524,6.94635982442566e-05
2475,3.3283055261961065,7.005444674131365e-05
2476,3.289825260506071,7.054044588711179e-05
2477,3.2538141246031627,7.0863803144264e-05
2478,3.226913495107664,7.112142510207114e-05
2479,3.2123063244588645,7.124611942562582e-05
2480,3.209052966647399,7.128194753209353e-05
2481,3.208441574525061,7.127985657941445e-05
2482,3.195930943983864,7.14134559242093e-05
2483,3.1631861704428217,7.173257731506078e-05
2484,3.120081770881261,7.212053572954934e-05
2485,3.108814785023131,7.222863559462683e-05
2486,3.1380986245097295,7.195221070813111e-05
2487,3.187190348678288,7.153013622256452e-05
2488,3.2342280668977854,7.110884533788235e-05
2489,3.2738807060958224,7.075448186940219e-05
2490,3.307677009979675,7.038179785671044e-05
2491,3.3380878160690104,7.004669945922136e-05
2492,3.365416830192434,6.968671575889147e-05
2493,3.202674642908609,7.133717895662007e-05
2494,3.136451214876884,7.19073517753338e-05
2495,3.0842202804135948,7.236028120003233e-05
2496,3.054182062412235,7.260094015962755e-05
2497,3.0515109920586636,7.26254649837411e-05
2498,3.076931564935528,7.240773568974845e-05
2499,3.1118293324340365,7.212499265586337e-05
2500,3.128549542783389,7.199915508854174e-05
2501,3.1172114464966856,7.212128766408982e-05
2502,3.1011113435943556,7.226694873783076e-05
2503,3.0791270166571634,7.244858920321705e-05
2504,3.0863366671426,7.237571958006716e-05
2505,3.119590862233942,7.209068633177271e-05
2506,3.1665498735594317,7.167453580446391e-05
2507,3.2211931083543193,7.122158610952958e-05
2508,3.2800592187613073,7.063682997087846e-05
2509,3.0202514635874014,7.287564634907933e-05
2510,2.953320227368813,7.341804616494713e-05
2511,2.914581653206139,7.371547243325603e-05
2512,2.9018142818684933,7.382809150094222e-05
2513,2.919933769745114,7.369543994436454e-05
2514,2.9849766850850483,7.315397095616948e-05
2515,3.0528437826084556,7.261822116537027e-05
2516,3.087872146287068,7.234079353297546e-05
2517,3.1017795683553224,7.22320213179446e-05
2518,3.0760953409912815,7.245730736854888e-05
2519,3.0463751591296035,7.271256730932557e-05
2520,3.0419047562007098,7.273647756807248e-05
2521,3.075378152212073,7.24449145698517e-05
2522,3.1393871731684406,7.190241661266357e-05
2523,2.85598279737114,7.416032443518921e-05
2524,2.820971059017883,7.444152865472608e-05
2525,2.802519876324365,7.458548336660883e-05
2526,2.790540823293095,7.468846711473598e-05
2527,2.828359652180487,7.438867037736948e-05
2528,2.9369892208834956,7.354564093108655e-05
2529,3.0213489785679193,7.287574149741449e-05
2530,3.0629420714377695,7.254516069000617e-05
2531,3.0793922292712326,7.241949325774872e-05
2532,3.0539175516714643,7.264089320008519e-05
2533,3.0247843857610404,7.287798499950769e-05
2534,3.0248268769477473,7.287639455177414e-05
2535,2.763484374742111,7.487408041219832e-05
2536,2.7351083661917555,7.509349157454425e-05
2537,2.701420847894605,7.53491209526743e-05
2538,2.6771233041271856,7.553266957102656e-05
2539,2.789076225394082,7.468627512444204e-05
2540,2.9171162211396684,7.369663504109953e-05
2541,3.004946449442726,7.300528102303044e-05
2542,3.0590586001080093,7.256521663841997e-05
2543,3.0643983137022692,7.254811378713562e-05
2544,3.0447580844289117,7.271698786835998e-05
2545,2.675813105621566,7.553272346507202e-05
2546,2.6238026994305232,7.59005927016454e-05
2547,2.5670314070746527,7.630752095814869e-05
2548,2.623370588985381,7.591054384182896e-05
2549,2.7809646279306492,7.475476559696725e-05
2550,2.909738795879421,7.375734456102905e-05
2551,3.003882449310124,7.300204161753286e-05
2552,3.051945028278618,7.263720862863713e-05
2553,2.5497606272560147,7.642898389016004e-05
2554,2.4816320349780083,7.690077761028222e-05
2555,2.4613071020408763,7.704349968948334e-05
2556,2.623846637335663,7.59114653048104e-05
2557,2.7806547134677135,7.474350684200832e-05
2558,2.9078434849156665,7.377188782105366e-05
2559,2.4124101707902668,7.736497826747785e-05
2560,2.3569515884050185,7.773228903371995e-05
2561,2.4614267451777962,7.704193104700608e-05
2562,2.626422647624824,7.588149847221145e-05
2563,2.32079038212317,7.797035662400653e-05
2564,2.313130593712186,7.802215932169176e-05
2565,3.346745743114046,6.989538164186723e-05
2566,3.320262492682158,7.022850884747726e-05
2567,3.2951109791943374,7.04904202300231e-05
2568,3.273583006774769,7.070621131782531e-05
2569,3.2542751646423116,7.089919167722665e-05
2570,3.2318876075159495,7.110420631165296e-05
2571,3.1994857667223364,7.140175088294343e-05
2572,3.1555003220014557,7.180243811391459e-05
2573,3.1151983895229325,7.217059368856586e-05
2574,3.2344112017161524,7.10436773454487e-05
2575,3.18243069437272,7.151764852465088e-05
2576,3.143101825666964,7.185789003667618e-05
2577,3.1222329918526612,7.202955956695127e-05
2578,3.1195419523283805,7.206094449440478e-05
2579,3.1240436546683825,7.202901536661785e-05
2580,3.119949778912306,7.207376734202049e-05
2581,3.1019632474835954,7.22507111680554e-05
2582,3.0884902308747635,7.237070300169574e-05
2583,3.0859893417187414,7.238815109436744e-05
2584,3.103138430076342,7.223442090677651e-05
2585,3.126206832950658,7.202816324489267e-05
2586,3.1509493421079733,7.179965513279419e-05
2587,3.1817265690312393,7.152874126605797e-05
2588,3.2220876148387254,7.116699027213737e-05
2589,3.2703529365145765,7.071725882590131e-05
2590,3.062600386465094,7.252541159589922e-05
2591,3.0077498316666866,7.298201401023638e-05
2592,2.979306007195079,7.321270809024078e-05
2593,2.9814556477578944,7.319911394943908e-05
2594,3.0135656970619413,7.294128417213942e-05
2595,3.0516087100106235,7.263375386358077e-05
2596,3.0705565500280048,7.248811175532411e-05
2597,3.066103119382242,7.254179736314843e-05
2598,3.0597058562052237,7.259812288424205e-05
2599,3.043496337462617,7.272559427535471e-05
2600,3.0431918374508458,7.271316588073822e-05
2601,3.0612151718685965,7.256539274436522e-05
2602,3.0977074872771526,7.223611851198221e-05
2603,3.1528925921321367,7.178569352666437e-05
2604,2.8956443476544407,7.38640820289454e-05
2605,2.8645512124930814,7.410653993987956e-05
2606,2.8538593505288588,7.420607299169927e-05
2607,2.8795410186814143,7.400997164892443e-05
2608,2.9504719952818883,7.343546487963654e-05
2609,3.0109479849945915,7.297077530417305e-05
2610,3.0397235472549315,7.273154079915945e-05
2611,3.0516229575611287,7.264649913153273e-05
2612,3.03030482297628,7.28294664614514e-05
2613,3.0083036749531527,7.300748338228731e-05
2614,3.0063860154522883,7.302006388707077e-05
2615,3.036302395570063,7.276162831909474e-05
2616,2.790094186776296,7.467227104853813e-05
2617,2.7642416037219033,7.487622261040103e-05
2618,2.749458864480731,7.499018547896804e-05
2619,2.8232757912980935,7.443080268200751e-05
2620,2.921534214345802,7.36629458386028e-05
2621,2.9888601007105775,7.313434461615095e-05
2622,3.0305610608431084,7.28026567311812e-05
2623,3.029658970625664,7.282760800079087e-05
2624,3.0107275538068596,7.29785790049029e-05
2625,2.9946847307685487,7.312362641060653e-05
2626,2.6927141716905005,7.54036093337254e-05
2627,2.6461734195554554,7.574589274726239e-05
2628,2.682004818598031,7.547936930344264e-05
2629,2.8068560495658046,7.454539762305967e-05
2630,2.90959549595176,7.375234031021807e-05
2631,2.9769189727106973,7.323644519164446e-05
2632,3.0163635645671247,7.291750962444369e-05
2633,3.0206693853693674,7.289629184218933e-05
2634,2.5593183877014023,7.636816913094377e-05
2635,2.542809064017845,7.64754657410315e-05
2636,2.675714848134349,7.551413085343438e-05
2637,2.804074423822564,7.456144639512432e-05
2638,2.905099354485469,7.380105779522209e-05
2639,2.9779333594728885,7.322530995710025e-05
2640,2.427752848952225,7.726609898109452e-05
2641,2.5400346941484604,7.648375844865243e-05
2642,2.6787777404507684,7.549211353590919e-05
2643,2.8040077792816938,7.455127819161806e-05
2644,2.41388310045055,7.735215816878394e-05
2645,2.5440464793764397,7.644987377180212e-05
2646,3.116483718477145,7.207673799166189e-05
2647,3.0677093635890564,7.249259759264064e-05
2648,3.0429169800472247,7.269716614318627e-05
2649,3.039861251294794,7.273799643533293e-05
2650,3.04609309359861,7.268837369829685e-05
2651,3.049799272687963,7.266688695068649e-05
2652,3.0500998399810912,7.266734682216006e-05
2653,2.9541358773535658,7.340257385484011e-05
2654,2.928887783871629,7.361280935257134e-05
2655,2.9348338029962457,7.358445178624086e-05
2656,2.965866355828517,7.332843033596754e-05
2657,2.9970324969538216,7.306460167736593e-05
2658,3.0130033644508116,7.295618385943546e-05
2659,3.019675305186365,7.289909987355168e-05
2660,3.00817933992851,7.300194638355484e-05
2661,2.99435846472676,7.312154189370431e-05
2662,2.9850649460502887,7.3185428021555e-05
2663,2.9883169876503755,7.314910801321979e-05
2664,3.0142557228670133,7.294024691727072e-05
2665,2.834680949111618,7.435037656217008e-05
2666,2.826376592730408,7.441740248970052e-05
2667,2.8666540806012217,7.40909359190501e-05
2668,2.926051692123764,7.364065810156797e-05
2669,2.967901260001308,7.329515758883e-05
2670,2.9850054380170667,7.316332916329355e-05
2671,2.9890724563764968,7.31450970344617e-05
2672,2.9735747963140544,7.326869856166263e-05
2673,2.9607338762941073,7.337682767091338e-05
2674,2.96255172495551,7.335704574774025e-05
2675,2.7303232327713474,7.513596897168833e-05
2676,2.756426325706167,7.492383771342597e-05
2677,2.838685585099553,7.430539622263406e-05
2678,2.907614478459601,7.376936288862508e-05
2679,2.9499217473055874,7.344055727314536e-05
2680,2.972344052730675,7.326960509353827e-05
2681,2.9689847900369766,7.330428086955591e-05
2682,2.9600396090098027,7.337677451003621e-05
2683,2.645025680049546,7.573506836057772e-05
2684,2.7399703555341817,7.503976500841925e-05
2685,2.830786217569634,7.43515592724104e-05
2686,2.898882786281541,7.38386197214006e-05
2687,2.9445532537229684,7.347352351851419e-05
2688,2.9636679549657865,7.333067023856454e-05
2689,2.637278245011401,7.579190596200197e-05
2690,2.740175167255799,7.503518011246977e-05
2691,2.828874230350942,7.436835285798489e-05
2692,2.896084011593183,7.386471249175163e-05
2693,2.6416249049720415,7.574771432340151e-05
2694,2.741331832170917,7.502477391725357e-05
2695,2.907428477260708,7.379877276678409e-05
2696,2.9143840655273894,7.372926888170448e-05
2697,2.9364521445702847,7.355959578168503e-05
2698,2.9571924957821283,7.340037128045562e-05
2699,2.9692275045082908,7.328916023002793e-05
2700,2.836171283956477,7.43331276169529e-05
2701,2.8735194757616522,7.40370409941249e-05
2702,2.908320461139267,7.376460299292021e-05
2703,2.9296157967785175,7.359350051397255e-05
2704,2.9391583738423344,7.353457152828132e-05
2705,2.9333398998975624,7.357737499370216e-05
2706,2.922650753116668,7.366851117520175e-05
2707,2.913684597059544,7.37335860975792e-05
2708,2.8073427676634717,7.45415815416234e-05
2709,2.857146990315066,7.415383038642987e-05
2710,2.8925766727319813,7.387352327837879e-05
2711,2.9114086240775503,7.37339176430799e-05
2712,2.9194016145027435,7.368528278582566e-05
2713,2.9193405881313645,7.3680086173119e-05
2714,2.800940169612761,7.457816875553442e-05
2715,2.8505601640515295,7.420998944647314e-05
2716,2.884731233262979,7.393209191269571e-05
2717,2.906543621932051,7.377509258538241e-05
2718,2.800059192890067,7.458618070877906e-05
2719,2.8486920988224824,7.421427350288363e-05
2720,2.885556497797844,7.394327724440665e-05
2721,2.895356035291931,7.386441242662e-05
2722,2.900745791974947,7.382311608677401e-05
2723,2.8706864445633427,7.405643696438782e-05
2724,2.8781929365246897,7.39931636006332e-05
2725,2.8827125851760758,7.395520795023684e-05
2726,2.887078007912957,7.392592878237392e-05
2727,2.863533335462988,7.409866858889756e-05
2728,2.872167226928518,7.403337191078909e-05
2729,2.8691462639818557,7.406629255177521e-05
