Mode_Index,Frequency_THz,Cv_Anharmonic_eV_K
0,0.0,0.0
1,0.2131995307331324,8.611127388541823e-05
2,0.4212807530879884,8.593294473066383e-05
3,0.6196183804337899,8.565941026721499e-05
4,0.8045821908552391,8.531913223421407e-05
5,0.9741042297457525,8.494062712568212e-05
6,1.128314728343149,8.454548103896488e-05
7,1.2700377677675134,8.414309260659473e-05
8,1.4047059506449366,8.37286220100103e-05
9,1.5393117247311452,8.328541524987499e-05
10,1.6805719366471952,8.279149014401502e-05
11,1.8331978394522916,8.222713208526074e-05
12,1.999110512568715,8.158022152032547e-05
13,0.1783901254224084,8.612984520206761e-05
14,0.32428605753068596,8.603028297251512e-05
15,0.5068893287869043,8.582691773959846e-05
16,0.6868302784367736,8.554493264837016e-05
17,0.8545902554973822,8.521385439617859e-05
18,1.0069968324458265,8.48602615871468e-05
19,1.1444493299892537,8.450150657440032e-05
20,1.270467979494185,8.414181701852219e-05
21,1.3910853119376543,8.377189526257221e-05
22,1.5135506692972007,8.337237377802782e-05
23,1.6446014218604124,8.291994186403321e-05
24,1.789009766615613,8.239366178849696e-05
25,1.9136046896883832,8.191779985920785e-05
26,1.756001559812765,8.251641160306171e-05
27,1.6128332612473681,8.303188512375336e-05
28,1.4815161003389996,8.34791182586739e-05
29,1.3563982321612609,8.388074500527115e-05
30,1.2302912591431958,8.425955641515151e-05
31,1.0961553970292834,8.463167694048343e-05
32,0.948673190362366,8.500125810541072e-05
33,0.7852670993742787,8.535832032875775e-05
34,0.606777017963101,8.568005683768378e-05
35,0.4198717873218691,8.593453341967355e-05
36,0.25454121974924077,8.608498069687132e-05
37,0.3371019462978034,8.60188314277427e-05
38,0.44656277601646793,8.590357213461798e-05
39,0.5932427052152612,8.570138669506972e-05
40,0.7451791976674509,8.543698593273991e-05
41,0.8897459550670888,8.513660306714431e-05
42,1.0225793604492777,8.482143337393898e-05
43,1.1440921057645541,8.45024854081881e-05
44,1.258178809554892,8.417812892203275e-05
45,1.3710065165763519,8.383514173402476e-05
46,1.489373819566791,8.345307907495863e-05
47,1.6189375917938786,8.301048548910648e-05
48,1.7629359008945429,8.249074266086192e-05
49,1.704659001185474,8.270448141994453e-05
50,1.5583798349559224,8.322041625373956e-05
51,1.426255603310008,8.365955435961134e-05
52,1.3032131381901897,8.404379724635538e-05
53,1.1820720535670357,8.439710401866298e-05
54,1.0559257944245077,8.473673263828321e-05
55,0.9201885109760215,8.506758814345355e-05
56,0.7744164770120674,8.537996993412605e-05
57,0.6250790342777558,8.565051041227425e-05
58,0.49243650421459156,8.584611912282034e-05
59,0.46145988018002726,8.588550001372308e-05
60,0.5415068874559859,8.57788048908695e-05
61,0.6559707295741225,8.559882182974583e-05
62,0.7813219811280167,8.536622228570867e-05
63,0.9053720103559262,8.510142165634753e-05
64,1.0235302279962166,8.481904842997901e-05
65,1.1361890197385445,8.452408027139587e-05
66,1.2470119345432913,8.421089762777806e-05
67,1.3612150014463267,8.386574682609502e-05
68,1.4837123685254927,8.347184966846487e-05
69,1.617607487779526,8.301515286821218e-05
70,1.6567382642853625,8.287680114078685e-05
71,1.4998277423446125,8.341829099274526e-05
72,1.360881535871532,8.386678637553397e-05
73,1.237557946144744,8.423846989336607e-05
74,1.123811066646642,8.455766911634019e-05
75,1.0132639388695386,8.484470335418188e-05
76,0.9022405047519905,8.510851342200272e-05
77,0.7924220814100036,8.534390045602948e-05
78,0.693552793679438,8.55328972808166e-05
79,0.5453415134970909,8.577329235044533e-05
80,0.6011888358097147,8.568891744481957e-05
81,0.6912773121679087,8.553698288856777e-05
82,0.7979160498849672,8.533275075858283e-05
83,0.9100488822868594,8.50907917516532e-05
84,1.0229316862031386,8.482054988719608e-05
85,1.1363037429187086,8.452376762377297e-05
86,1.2524715260280121,8.419490379835845e-05
87,1.3744005789758218,8.382449656849332e-05
88,1.504121431879628,8.340395472089159e-05
89,1.6059077102930972,8.305609954995754e-05
90,1.4360278632383983,8.362799208228807e-05
91,1.2882456693981204,8.408882796475538e-05
92,1.1647830562369916,8.444540232496658e-05
93,1.0621311369528348,8.472073133393973e-05
94,0.9749358280107328,8.493862221394566e-05
95,0.8996125318063044,8.511444890814214e-05
96,0.8368814782514113,8.52517597846859e-05
97,0.5932363309006355,8.570139663635321e-05
98,0.6332764121174872,8.56370161137875e-05
99,0.7100545910848917,8.550290842783393e-05
100,0.8089935711734877,8.531006595573226e-05
101,0.9193707800403879,8.506946742223598e-05
102,1.0356458361278142,8.478850414168333e-05
103,1.156107129881977,8.446943366705593e-05
104,1.2809427308794095,8.411066097052193e-05
105,1.410515853141094,8.371007356505433e-05
106,1.5443345471463839,8.326834550112859e-05
107,1.3714741338526788,8.383367620711655e-05
108,1.2169368623049994,8.429806543167166e-05
109,1.0958962321438965,8.46323636394035e-05
110,1.0082056139202993,8.485726685122702e-05
111,0.949500585663609,8.499930633686506e-05
112,0.9145818391562766,8.508044511319288e-05
113,0.6202448819306504,8.565839281931292e-05
114,0.6555579204855482,8.559952749931035e-05
115,0.7302193546253246,8.546540866973295e-05
116,0.8304278162921396,8.526540420354939e-05
117,0.9450921156526498,8.50096893606429e-05
118,1.0677114654463993,8.470627803830267e-05
119,1.1951173108677142,8.436030243025423e-05
120,1.3256175173574165,8.397568547540869e-05
121,1.4576332500546811,8.355768130611358e-05
122,1.3109599493409576,8.402034149814613e-05
123,1.1559916088580833,8.446975271582372e-05
124,1.042991981393856,8.476984345603271e-05
125,0.9745610642746848,8.4939525910795e-05
126,0.946212599556245,8.500705414194281e-05
127,0.6468548925902041,8.561431076273702e-05
128,0.6864127238252612,8.554567672132071e-05
129,0.7648417008342494,8.539885443504423e-05
130,0.8685809542755245,8.518342830144798e-05
131,0.9867579343737461,8.490996861520838e-05
132,1.1125803703437065,8.458789678274834e-05
133,1.2419684331262968,8.422562630696097e-05
134,1.3719499062282896,8.383218475704733e-05
135,1.2598246529439423,8.41732809499735e-05
136,1.1149599679950628,8.458151182005003e-05
137,1.0188160257959165,8.483085492444779e-05
138,0.9741813081663819,8.494044135529149e-05
139,0.6872848028317069,8.554412223325655e-05
140,0.7327396807379264,8.546065603284113e-05
141,0.8132418487102807,8.530129426254859e-05
142,0.9167066119183889,8.507558041829378e-05
143,1.0334612605775253,8.479403297218716e-05
144,1.1568987963308905,8.44672465637471e-05
145,1.2823000090087455,8.410661012097098e-05
146,1.2364056723145056,8.424181976001112e-05
147,1.1050344267367556,8.460807356885869e-05
148,1.0362983176001201,8.478685099104537e-05
149,0.7405722980480931,8.54457931733794e-05
150,0.7869481287381478,8.535494270980071e-05
151,0.8639285581466697,8.519359277341568e-05
152,0.9617903952466185,8.497015003716697e-05
153,1.0721471127554407,8.469474663251601e-05
154,1.188397941481655,8.437929658479883e-05
155,1.223656764860118,8.427872720294541e-05
156,1.137735488054368,8.45198637255345e-05
157,0.7946091182914875,8.533947002864516e-05
158,0.8355541236387009,8.525457351742338e-05
159,0.9041966932772526,8.510408576027086e-05
160,0.9927921991847292,8.489523440902663e-05
161,1.0935966294275021,8.463845121265486e-05
162,1.1996760858519997,8.434736957019045e-05
163,0.8366632796892213,8.525222258675921e-05
164,0.8680493045092534,8.51845921916185e-05
165,0.9259621509733248,8.50542796651798e-05
166,1.0037036976760534,8.486840547865985e-05
167,0.8591108936150489,8.52040692824453e-05
168,0.8793197056733069,8.515978941598842e-05
169,0.38684477349770574,8.597030589629764e-05
170,0.5269436984799354,8.579940868921189e-05
171,0.6896013585734846,8.553998433177358e-05
172,0.8476113467343548,8.522887384436018e-05
173,0.9927208045054273,8.489540916586435e-05
174,1.1241101555495034,8.455686087948672e-05
175,1.245264179469531,8.421600667866527e-05
176,1.3624369865740338,8.38619358417689e-05
177,1.4828895552950614,8.347457364671565e-05
178,1.6125164426430012,8.30329943345398e-05
179,1.7488041785818906,8.254298726140887e-05
180,0.5028798797943347,8.58322970397406e-05
181,0.615402644671591,8.566623216306654e-05
182,0.7499075600421928,8.542789626372828e-05
183,0.8833876345581663,8.515077049656814e-05
184,1.0080816839449873,8.485757401973481e-05
185,1.123867903741609,8.455751553664469e-05
186,1.234799022421741,8.424648668788961e-05
187,1.346855757115763,8.391034537874561e-05
188,1.465344087731972,8.35324123397695e-05
189,1.5893649610475464,8.311366211651278e-05
190,1.6630902176416316,8.285414139027491e-05
191,1.5617679247478429,8.320881115396272e-05
192,1.4315342717526056,8.364252404482042e-05
193,1.3099017725285689,8.402355140425168e-05
194,1.1952809835830207,8.43598387504458e-05
195,1.0813845146722167,8.467061056040317e-05
196,0.9625865743747882,8.496825051559227e-05
197,0.8370587350002656,8.525138374438695e-05
198,0.709738892931324,8.550348806979566e-05
199,0.5964797817943587,8.569632546735967e-05
200,0.5839882086252026,8.57157159082182e-05
201,0.6725761919151392,8.557010233093544e-05
202,0.7833292101660634,8.536220621252317e-05
203,0.8978194637286963,8.511849032857946e-05
204,1.009728567411591,8.485348961213717e-05
205,1.1191440931982395,8.457025911916518e-05
206,1.2293091356344479,8.426239921988938e-05
207,1.3439258669247218,8.391940369590199e-05
208,1.4628704320557275,8.354052869106123e-05
209,1.5602791793833999,8.321391256643048e-05
210,1.5004012750073978,8.341637762662511e-05
211,1.368106046813161,8.384422394900935e-05
212,1.243664650646385,8.422067775720317e-05
213,1.1333307959042929,8.453186170479054e-05
214,1.032900992206007,8.479544941493795e-05
215,0.9377041595872833,8.502699990350077e-05
216,0.8469985125090773,8.523018770100339e-05
217,0.7666930913999084,8.539521899868384e-05
218,0.6312057214782769,8.564043999835245e-05
219,0.7036835999326396,8.551456133824189e-05
220,0.8003901577204049,8.532770780207154e-05
221,0.9064340046587801,8.509901192167416e-05
222,1.0160396741291802,8.483778755825567e-05
223,1.1283110292639615,8.454549106517883e-05
224,1.2442432091039635,8.421898871833758e-05
225,1.3631197093953866,8.385980558311584e-05
226,1.4690878154512739,8.352011079768986e-05
227,1.4394783334919536,8.361681201712081e-05
228,1.3029349421933276,8.404463768258857e-05
229,1.175360832436598,8.441591695322052e-05
230,1.0716039591107278,8.469616071285289e-05
231,0.989922644950924,8.490225030535847e-05
232,0.9260279184113037,8.505412766821315e-05
233,0.8778335368682376,8.516307556989984e-05
234,0.6582337927029072,8.559494611218962e-05
235,0.7252225322390544,8.547478824794657e-05
236,0.8186992094793191,8.528996774063766e-05
237,0.9255797794718422,8.505516319621115e-05
238,1.0396262382291852,8.477840625152387e-05
239,1.158253751912142,8.446350061490315e-05
240,1.2792714271558028,8.411564470940335e-05
241,1.391599695620769,8.377026645200576e-05
242,1.3848001167588848,8.379176312151284e-05
243,1.243754184532861,8.42204164109734e-05
244,1.1156863463806859,8.457956067190051e-05
245,1.0220602988840755,8.48227345174569e-05
246,0.962839838749815,8.496764600673673e-05
247,0.9327649660918219,8.503850982049144e-05
248,0.6846841424658049,8.554875268115953e-05
249,0.7547342300379586,8.541856525116505e-05
250,0.8511131611683265,8.522135069102409e-05
251,0.9618542512337308,8.496999773754304e-05
252,1.0803045520945975,8.4673440809566e-05
253,1.2022346955720775,8.434009468126573e-05
254,1.3194223496046018,8.399460370451204e-05
255,1.3493415832113507,8.39026488727965e-05
256,1.195641613882657,8.435881692591504e-05
257,1.0739956730687468,8.468992971904822e-05
258,0.996101354013609,8.4887123162959e-05
259,0.9616080480860643,8.497058489810085e-05
260,0.724374316288156,8.547637475273135e-05
261,0.799117090858783,8.533030438161834e-05
262,0.8974019750073303,8.511943033722981e-05
263,1.008937428243004,8.485545237756289e-05
264,1.1271963239580403,8.454851126805371e-05
265,1.2455361455053007,8.421521201591395e-05
266,1.303285457400556,8.404357874700638e-05
267,1.1648203034274784,8.444529885725551e-05
268,1.060603432527337,8.472467765129316e-05
269,1.0054873453725799,8.486399722273647e-05
270,0.7766190380258555,8.537559663218459e-05
271,0.8515208015409689,8.522047320855619e-05
272,0.9467477952946483,8.50057945245998e-05
273,1.0540554115811798,8.474154100990924e-05
274,1.167107924641447,8.44389392917426e-05
275,1.2606819964308271,8.417075371236759e-05
276,1.1609957611252577,8.445590967291956e-05
277,1.0869527669661643,8.465598245886788e-05
278,0.8298108553383428,8.526670382814643e-05
279,0.8990269183284089,8.511576957699634e-05
280,0.9866319011658611,8.49102755754761e-05
281,1.086120276637728,8.465817322521393e-05
282,1.1918876956315039,8.436944197762592e-05
283,1.199083382976319,8.434905312731865e-05
284,0.8714187071235308,8.517720563055374e-05
285,0.9311070078285033,8.504236205589723e-05
286,1.0086278284293908,8.485622013522623e-05
287,1.0982413479219022,8.462614523346933e-05
288,0.893717338812764,8.512771060328718e-05
289,0.9423109323601514,8.501621911730152e-05
290,0.6730520254062481,8.556926979641674e-05
291,0.7657297897138856,8.539711152592444e-05
292,0.8715973595020812,8.517681330140318e-05
293,0.9781986335779304,8.493074231915725e-05
294,1.0825559466195747,8.466753807215075e-05
295,1.1874980146573515,8.438183429808134e-05
296,1.297673787478978,8.406050709181288e-05
297,1.4140707874471816,8.369869775603014e-05
298,1.5176547105978027,8.335858657394593e-05
299,0.7189479178400566,8.548648516582485e-05
300,0.7966064809963022,8.533541454406129e-05
301,0.888579841600464,8.513920779973994e-05
302,0.9853394898166811,8.491342145959118e-05
303,1.084995728871816,8.466113046204371e-05
304,1.1893382401854429,8.437664346551203e-05
305,1.2988507113859573,8.405696116402333e-05
306,1.4021322605165363,8.373682146248229e-05
307,1.4383142681902916,8.362058585480553e-05
308,1.353588031580383,8.388947768118803e-05
309,1.2388378625576517,8.423474621599425e-05
310,1.131976658379449,8.453554299965054e-05
311,1.037632847554285,8.478346717448347e-05
312,0.9529955898575657,8.499104633105602e-05
313,0.8762279972403559,8.516662037337473e-05
314,0.8107151511478423,8.53065160969655e-05
315,0.7457670106666601,8.543585870479482e-05
316,0.817990883561426,8.529144154193583e-05
317,0.9063491771431265,8.509920448807527e-05
318,1.0029226540238165,8.487033381373782e-05
319,1.1053135969210244,8.46073290222277e-05
320,1.2123444142727844,8.431123527526048e-05
321,1.316096072886944,8.400473467694663e-05
322,1.3748888119102372,8.382296373167965e-05
323,1.3001319642229223,8.405309823781135e-05
324,1.1848707203483428,8.438923466683831e-05
325,1.0824621434017503,8.466778420053825e-05
326,1.0022780483338696,8.487192437552658e-05
327,0.9424855605059655,8.501580958912771e-05
328,0.9004170454013791,8.511263339774928e-05
329,0.7717357687126077,8.538527792744325e-05
330,0.846811895698865,8.5230587627494e-05
331,0.9381172300082741,8.502603502593577e-05
332,1.038432668306708,8.47814374844897e-05
333,1.1440714673473087,8.450254195251592e-05
334,1.2487642053202521,8.420577002517951e-05
335,1.3210188199472062,8.398973468931868e-05
336,1.2584352853583605,8.417737375952514e-05
337,1.1431222927314997,8.450514161243827e-05
338,1.0482082856086223,8.475652886521356e-05
339,0.9853056663673302,8.491350374465834e-05
340,0.9517942342344273,8.499388841640884e-05
341,0.8100297397220358,8.530793018361626e-05
342,0.8899898076554008,8.51360580119455e-05
343,0.9840329092212274,8.491659840618349e-05
344,1.085750230572503,8.465914660661258e-05
345,1.1895958701805587,8.437591626597325e-05
346,1.2739015385801074,8.413162501797586e-05
347,1.227660074291603,8.426716868414301e-05
348,1.1176444455610397,8.457429602072283e-05
349,1.0364491488988434,8.478646872044101e-05
350,0.9940811703998144,8.489207755826031e-05
351,0.8604512785612602,8.520115949350784e-05
352,0.9413531665605142,8.50184640962034e-05
353,1.0336967315890693,8.479343748177054e-05
354,1.1320930751273626,8.453522664867325e-05
355,1.2252407891270178,8.427415712820137e-05
356,1.2185993564841962,8.429328863289263e-05
357,1.11482155301007,8.458188350843688e-05
358,1.055840609606007,8.473695177879146e-05
359,0.9122663494343076,8.508573568712669e-05
360,0.9885060562996504,8.490570767257581e-05
361,1.0748171409624443,8.468778705708438e-05
362,1.1672029654481089,8.443867487235955e-05
363,1.215044495866847,8.430349674483644e-05
364,1.1445326262751998,8.450127829945398e-05
365,0.9532556974176806,8.4990430595942e-05
366,1.0208650412825817,8.482572866934469e-05
367,1.099189147279848,8.462362904719968e-05
368,1.1873688177675077,8.438219850179006e-05
369,0.9754187925982218,8.493745718359833e-05
370,1.0324077592598995,8.47966958709233e-05
371,0.836264258352522,8.525306864803671e-05
372,0.8959187823996968,8.51227668822415e-05
373,0.968381552116157,8.495438589323565e-05
374,1.0513410323028045,8.474850702118527e-05
375,1.1454765285652093,8.449869062212632e-05
376,1.2481460545241008,8.420757950746249e-05
377,1.3372430194600735,8.394001192035622e-05
378,0.861030844947093,8.519990013742061e-05
379,0.9233342891177889,8.506034561596159e-05
380,0.9986099908322604,8.488095946237943e-05
381,1.0843160879267812,8.466291655000664e-05
382,1.1781233368275104,8.440818297995852e-05
383,1.2663214194730714,8.415409838903467e-05
384,1.287992159765326,8.408958738736841e-05
385,1.2074103514552235,8.432534294069329e-05
386,1.1111153801277596,8.459182235958798e-05
387,1.0298501060610297,8.480315167213313e-05
388,0.9675296152818441,8.495642846606684e-05
389,0.9228224883602456,8.50615253418392e-05
390,0.897974673061594,8.51181407686563e-05
391,0.9656252660680261,8.496098891574003e-05
392,1.0442086031591356,8.476674278968068e-05
393,1.1305461116805113,8.453942830729455e-05
394,1.2162995640551095,8.429989526253136e-05
395,1.2572069295765913,8.418098947186013e-05
396,1.1799869788223787,8.440295765944297e-05
397,1.091460504143299,8.464409700976608e-05
398,1.0259002690298598,8.481309616833378e-05
399,0.9857836443121423,8.491234071443792e-05
400,0.9472266334719278,8.500466704820389e-05
401,1.0168435300960301,8.483578187869175e-05
402,1.0946009607803893,8.463579375517754e-05
403,1.1759241908013363,8.441434088684232e-05
404,1.2303142643535998,8.425948980506723e-05
405,1.1652499609766382,8.444410514269939e-05
406,1.0897773619975601,8.464853944623159e-05
407,1.0438726848475128,8.476759919600657e-05
408,0.9985053467754874,8.488121682419456e-05
409,1.064589483674258,8.471437152676465e-05
410,1.137266752714566,8.45211422318264e-05
411,1.2054297560419733,8.433099372166672e-05
412,1.1664310510825628,8.4440821989852e-05
413,1.112551650038451,8.458797378030573e-05
414,1.0395780496138256,8.477852868716457e-05
415,1.0980809808547638,8.462657080202702e-05
416,1.1659941550074362,8.444203675528676e-05
417,1.2018274594529905,8.434125335934976e-05
418,1.0619939508031575,8.472108589354677e-05
419,1.1107478929557097,8.459280644115975e-05
420,0.9583592939904823,8.497832111785385e-05
421,1.0089717141966195,8.48553673421709e-05
422,1.07451378097753,8.468857847211995e-05
423,1.1538165857874785,8.447575516846396e-05
424,1.2305049221078175,8.425893773210799e-05
425,1.0072764629061906,8.485956906646792e-05
426,1.0607055985416463,8.472441388036653e-05
427,1.125196784331914,8.455392304200065e-05
428,1.193963649683837,8.436356935119978e-05
429,1.2082510872829515,8.432294214373268e-05
430,1.1413672150979626,8.450994413812392e-05
431,1.0784500576892384,8.46782956517814e-05
432,1.0349778795429267,8.479019563433953e-05
433,1.0591175384236995,8.47285116271609e-05
434,1.109725225839294,8.459554366730254e-05
435,1.1679150182973042,8.443669329791154e-05
436,1.2004358810460942,8.434521047060551e-05
437,1.141475426294475,8.450964819826507e-05
438,1.0989792917789298,8.462418631151947e-05
439,1.1011480022870268,8.461842334503452e-05
440,1.1447395385237553,8.450071119725053e-05
441,1.193602075436233,8.436459275929666e-05
442,1.1599160272532918,8.445890043935708e-05
443,1.124270545534954,8.455642738391996e-05
444,1.1597020774914626,8.445949280741208e-05
445,1.088246773047874,8.465257454881338e-05
446,1.1289966052559792,8.45436324013146e-05
447,1.1812139324490991,8.43995140623963e-05
448,1.131933625270161,8.453565993147149e-05
449,1.1650555196319585,8.444464539952914e-05
450,1.1765433891553232,8.44126079358196e-05
451,1.1446360165093312,8.45009949388393e-05
452,1.1561233520678615,8.446938886226584e-05
453,1.1835139166598923,8.439305152648144e-05
454,1.170045917888106,8.443075768277704e-05
455,0.0,0.0
456,0.2131995307331324,8.611127388541823e-05
457,0.4212807530879884,8.593294473066383e-05
458,0.6196183804337899,8.565941026721499e-05
459,0.8045821908552391,8.531913223421407e-05
460,0.9741042297457525,8.494062712568212e-05
461,1.128314728343149,8.454548103896488e-05
462,1.2700377677675134,8.414309260659473e-05
463,1.4047059506449366,8.37286220100103e-05
464,1.5393117247311452,8.328541524987499e-05
465,1.6805719366471952,8.279149014401502e-05
466,1.8331978394522916,8.222713208526074e-05
467,1.999110512568715,8.158022152032547e-05
468,0.1783901254224084,8.612984520206761e-05
469,0.35984512814168645,8.599744722882682e-05
470,0.5753158771028877,8.572895445469763e-05
471,0.7773644889032391,8.537411403500832e-05
472,0.9639735797827048,8.496493830966019e-05
473,1.1366904225853458,8.452271365072515e-05
474,1.2989533112566412,8.405665193192471e-05
475,1.4561822481258373,8.3562426063807e-05
476,1.6148641435747475,8.302477143356058e-05
477,1.7805669120113752,8.242519403371882e-05
478,1.9551753353450598,8.175476775548838e-05
479,2.0709427676964243,8.129000482832467e-05
480,1.94894825654869,8.177932148801144e-05
481,2.0579629993125743,8.134288339661706e-05
482,1.8771933443571254,8.205887126416031e-05
483,1.7085671813201488,8.269028979170736e-05
484,1.5515865024480897,8.324363455249837e-05
485,1.4019940242625446,8.373726156644681e-05
486,1.2532287986162585,8.419268127560973e-05
487,1.0987710512232194,8.462473920482328e-05
488,0.9341714409239269,8.503523742967953e-05
489,0.757970719812781,8.541227883632286e-05
490,0.5719548554287585,8.573403577355045e-05
491,0.3825841200725378,8.597471502372194e-05
492,0.3371019462978034,8.60188314277427e-05
493,0.4784963622773618,8.586414155088662e-05
494,0.6792944422827935,8.555829863167765e-05
495,0.8865453876770069,8.514374522012265e-05
496,1.0888100306675335,8.4651090148418e-05
497,1.285493243971444,8.409706736426748e-05
498,1.4793082603149041,8.348641771883833e-05
499,1.6733692507820679,8.28173541795334e-05
500,1.8671649993506523,8.209743759355671e-05
501,2.035957671880641,8.14320927306561e-05
502,2.017837958004001,8.150513222433681e-05
503,1.8655205404504518,8.210374980741376e-05
504,1.921526560135706,8.188689276811528e-05
505,2.0694403402589883,8.129613537715221e-05
506,1.903283552107752,8.195795301658127e-05
507,1.7177594679035169,8.265682897427216e-05
508,1.5461601598633754,8.326213204290188e-05
509,1.3850784976937907,8.379088449084117e-05
510,1.228160986145405,8.426572043915681e-05
511,1.069584450313892,8.470141344377905e-05
512,0.9062104817271239,8.50995193070409e-05
513,0.7385466118112959,8.544965046614238e-05
514,0.46145988018002726,8.588550001372308e-05
515,0.5734416761324747,8.573179134827999e-05
516,0.7592663096453295,8.540975569616622e-05
517,0.9732774040600507,8.49426191389339e-05
518,1.1973460379090763,8.435398438041409e-05
519,1.4243673285862877,8.366563575285094e-05
520,1.6490805783111766,8.290404446776087e-05
521,1.8593299845304228,8.212748185436019e-05
522,2.0050115513233147,8.155660487513624e-05
523,1.9716132700788933,8.168973007813634e-05
524,1.8264279070182767,8.225280741624306e-05
525,1.7635154604367134,8.248859443701265e-05
526,1.9189876377229338,8.189680664691981e-05
527,2.053024306836874,8.136295295246809e-05
528,1.907304222956204,8.194232653514457e-05
529,1.7104785621585077,8.268334155503525e-05
530,1.5305255671850804,8.331518465642155e-05
531,1.3656574228672111,8.385188063734284e-05
532,1.2096986980974227,8.431880540603498e-05
533,1.0573241961221245,8.473313319312831e-05
534,0.5453415134970909,8.577329235044533e-05
535,0.6375300019279709,8.562995069400376e-05
536,0.8188553740601852,8.528964266334804e-05
537,1.0450776090427853,8.476452628068227e-05
538,1.2895962270508292,8.40847803394461e-05
539,1.535123912544557,8.329961874294181e-05
540,1.7615770805538085,8.249577760249344e-05
541,1.9214940543301289,8.188701974485626e-05
542,1.9191648981323517,8.18961147418658e-05
543,1.7854405546787353,8.240700331294234e-05
544,1.64192918171801,8.292941282204904e-05
545,1.7864408228059254,8.240326602937394e-05
546,1.9338136161790451,8.183880449820362e-05
547,2.045735077288341,8.139252362809748e-05
548,1.8991941279154336,8.197382642251379e-05
549,1.6980644543156478,8.272838108148252e-05
550,1.517766386915736,8.335821105344457e-05
551,1.3571990177109485,8.387825419900447e-05
552,0.5932363309006355,8.570139663635321e-05
553,0.6767285593409713,8.556281928388046e-05
554,0.8644006134585845,8.51925635545818e-05
555,1.10499328916284,8.460818327027613e-05
556,1.361791647179799,8.386394875495693e-05
557,1.6067167824040522,8.305327424241829e-05
558,1.7995135265356947,8.235430369573695e-05
559,1.8510310059947401,8.215922154376499e-05
560,1.7379897227481025,8.258278979740665e-05
561,1.5672345273261166,8.319005125236751e-05
562,1.680966698201843,8.27900705425346e-05
563,1.8185538435327597,8.228259694988833e-05
564,1.9535621456165286,8.176113310274174e-05
565,2.043375961764076,8.14020809865434e-05
566,1.8913756301951983,8.200411740754917e-05
567,1.6922910626000558,8.27492562901952e-05
568,0.6202448819306504,8.565839281931292e-05
569,0.7061883363411007,8.550999124126233e-05
570,0.9059083814535842,8.510020489181302e-05
571,1.1573968519900837,8.446587001662931e-05
572,1.4157465349359546,8.36933283979556e-05
573,1.6420364107693686,8.29290329729213e-05
574,1.7595308779716072,8.250335497888909e-05
575,1.6816730405716802,8.278752993304657e-05
576,1.5114380753896435,8.33794610210015e-05
577,1.5892529164450748,8.311405065096934e-05
578,1.7186871120386245,8.265344594400457e-05
579,1.8450321776684564,8.21821104324779e-05
580,1.9667238710721673,8.170910882339067e-05
581,2.0428158827869405,8.140434906829334e-05
582,0.6468548925902041,8.561431076273702e-05
583,0.7416798787829869,8.544368017112145e-05
584,0.9512182257573475,8.499525004638355e-05
585,1.2058355397130496,8.432983656237237e-05
586,1.4550439073559374,8.356614613994317e-05
587,1.636862756259632,8.294734182414709e-05
588,1.6154112561986698,8.30228540290111e-05
589,1.4524987237877036,8.357445648142725e-05
590,1.4998197180706918,8.341831775905149e-05
591,1.6232769290355868,8.299524120025262e-05
592,1.7413094736356285,8.25705879731214e-05
593,1.8551341811741417,8.214353961120167e-05
594,0.6872848028317069,8.554412223325655e-05
595,0.7892442200190329,8.535031908447958e-05
596,1.0006213313199521,8.487600850394527e-05
597,1.2498261666780328,8.42026598430238e-05
598,1.4773366151390337,8.349292998044958e-05
599,1.539224040225108,8.328571290905823e-05
600,1.3950486812770153,8.375933416212455e-05
601,1.4058070833764662,8.372511071134258e-05
602,1.5242491357140975,8.333638033276083e-05
603,1.635826570044885,8.295100423558839e-05
604,0.7405722980480931,8.54457931733794e-05
605,0.8425191556822399,8.523976626434717e-05
606,1.047788638905383,8.475760197689821e-05
607,1.2858203113583715,8.409608896313662e-05
608,1.4499074217324552,8.358290707152927e-05
609,1.3488904852631871,8.390404629846088e-05
610,1.3051746978764711,8.403786761985305e-05
611,1.4180967357143919,8.368579048653579e-05
612,0.7946091182914875,8.533947002864516e-05
613,0.8898565279638018,8.513635593210124e-05
614,1.085578944362184,8.465959707492707e-05
615,1.311838347912729,8.401767550566206e-05
616,1.3284121775721862,8.396713042615698e-05
617,1.2530742529594736,8.419313493336217e-05
618,0.8366632796892213,8.525222258675921e-05
619,0.9220629301478614,8.506327515355192e-05
620,1.1097178047626075,8.459556352302578e-05
621,1.34139116657428,8.392722877227536e-05
622,0.8591108936150489,8.52040692824453e-05
623,0.9337483189133502,8.503622232292639e-05
624,0.5156920489512771,8.581496641775225e-05
625,0.7028786984769686,8.551602685986183e-05
626,0.8883433871705267,8.513973561295292e-05
627,1.067197670159109,8.470761130569235e-05
628,1.2399230307751492,8.423158687211556e-05
629,1.4099624944814302,8.37118425094195e-05
630,1.5824584437512297,8.31375778759697e-05
631,1.7623307969840065,8.249298509834066e-05
632,1.9513626163452515,8.176980702880194e-05
633,2.0947199925745905,8.119264463388786e-05
634,1.945526613075047,8.179279347775164e-05
635,0.610385371511753,8.567429538307232e-05
636,0.7879554394715695,8.53529157421017e-05
637,0.9801818663477424,8.492594213599199e-05
638,1.179180151910206,8.440522063175665e-05
639,1.3825555409091346,8.379884292021925e-05
640,1.589919839159452,8.311173771235516e-05
641,1.7993561031983838,8.235489461939654e-05
642,1.9956264310193477,8.15941461148069e-05
643,2.0594346143530275,8.133689776698485e-05
644,1.9328654553802234,8.184252184168254e-05
645,1.8451333620150765,8.218172473279597e-05
646,1.9547992808624235,8.175625187436239e-05
647,2.1230971104349,8.107562145406612e-05
648,1.9482232548533247,8.178217719798289e-05
649,1.7416092881258756,8.256948527727908e-05
650,1.5497195797923793,8.325000346663207e-05
651,1.3703188445137338,8.38372962734319e-05
652,1.19880927487417,8.434983151123733e-05
653,1.0308361062658813,8.480066442380198e-05
654,0.8644844494389429,8.519238071750908e-05
655,0.6813933615976402,8.555458921999841e-05
656,0.8519835773239268,8.521947660654388e-05
657,1.0566972069745184,8.47347475145179e-05
658,1.280987835071972,8.411052640593836e-05
659,1.513910841230601,8.337116481962337e-05
660,1.7433518787808877,8.256307379516983e-05
661,1.9408783879197857,8.181107238158229e-05
662,2.0082445739077017,8.154364872023002e-05
663,1.9050348278480085,8.195114904947428e-05
664,1.786116509595288,8.240447789706851e-05
665,1.8242707638914437,8.226097627163958e-05
666,1.9680817412578915,8.170372985555939e-05
667,2.121999226214914,8.108016559960649e-05
668,1.9322697638930213,8.184485674526028e-05
669,1.716213872870866,8.266246304475877e-05
670,1.521275094350293,8.334640324303893e-05
671,1.3452597398872816,8.391528152829021e-05
672,1.1831706757884928,8.439401657853822e-05
673,0.7291398082378818,8.546743994430162e-05
674,0.9017724170136517,8.510957170175946e-05
675,1.1227081467642566,8.456064812286114e-05
676,1.366502009607942,8.384924077349994e-05
677,1.6106183178198528,8.303963685422208e-05
678,1.8246372308803083,8.225958892008177e-05
679,1.932690394492119,8.184320806392736e-05
680,1.862521948322591,8.211525115017315e-05
681,1.7306963042414676,8.260954544499375e-05
682,1.715480927752291,8.26651336856882e-05
683,1.8392910227865873,8.220397372800437e-05
684,1.9859054524051711,8.163292206849902e-05
685,2.108677882675299,8.113519624743551e-05
686,1.9140507261910464,8.191606167950599e-05
687,1.698538290412221,8.27266657919867e-05
688,1.5098679623788547,8.338472402834407e-05
689,0.7622889858949538,8.540385433168353e-05
690,0.9443345152052207,8.501146966226451e-05
691,1.1797248162536387,8.440369309732717e-05
692,1.4317265641872436,8.364190283367483e-05
693,1.6665681955989313,8.284171051335009e-05
694,1.8256988659704556,8.225556887347973e-05
695,1.8045511131183842,8.233537714881366e-05
696,1.6696127262095664,8.283081514325338e-05
697,1.6164837249657933,8.301909423528142e-05
698,1.7285467655378157,8.26174174202535e-05
699,1.8628589684638848,8.211395904159837e-05
700,2.0012390491860765,8.157170755648975e-05
701,2.099721984154258,8.117208226233986e-05
702,1.9062680813048414,8.194635542632665e-05
703,0.7944696765979569,8.533975282261653e-05
704,0.9873292457109907,8.490857675573645e-05
705,1.2306031951922185,8.425865314530495e-05
706,1.4791545446511474,8.348692564905078e-05
707,1.6839140392549292,8.277946486984372e-05
708,1.7295275610577183,8.261382634601979e-05
709,1.6010440020772851,8.307306409610446e-05
710,1.521632805748273,8.334519840736677e-05
711,1.6254922942237018,8.298744825977686e-05
712,1.7514107975497069,8.253337046040562e-05
713,1.8787684371669289,8.205280254031074e-05
714,2.007216724228874,8.154776908977281e-05
715,0.8356016691089352,8.525447279661906e-05
716,1.034222358295674,8.479210781371191e-05
717,1.2766671624079045,8.412340094802701e-05
718,1.5101986662970768,8.33836158192776e-05
719,1.6342001815969232,8.295674968449249e-05
720,1.5273329653407455,8.332597348840747e-05
721,1.4216146932342413,8.367449083459321e-05
722,1.5224554542533386,8.334242685552146e-05
723,1.642626910622327,8.29269408929882e-05
724,1.7609560309095236,8.249807801825949e-05
725,0.8851949740595214,8.51467521761905e-05
726,1.0817397387967465,8.466967913905097e-05
727,1.3156749460427337,8.400601599649643e-05
728,1.509691861094887,8.33853140874238e-05
729,1.4550652073802812,8.356607655030802e-05
730,1.326093455731633,8.397422944699853e-05
731,1.4157110244442068,8.369344222533156e-05
732,1.5310280923925403,8.331348508073584e-05
733,0.9343858261336804,8.503473826748935e-05
734,1.123095399229534,8.455960240630656e-05
735,1.3433699757916036,8.392112074069855e-05
736,1.3948774870582532,8.37598772487804e-05
737,1.2802876687097011,8.411261490109284e-05
738,1.3025810874379284,8.404570649656439e-05
739,0.9733739485626148,8.494238661262466e-05
740,1.1534387965159625,8.447679687388802e-05
741,1.3509222494681061,8.389774959131308e-05
742,1.300989827350696,8.40505102611022e-05
743,0.9957651299653407,8.488794830333175e-05
744,1.167761370751863,8.443712096253092e-05
745,0.9447820047925144,8.501041823993508e-05
746,1.1210742705536874,8.456505706598196e-05
747,1.3128582578289105,8.401457838969303e-05
748,1.5190873116687458,8.335376792271903e-05
749,1.7377157470628661,8.25837961475148e-05
750,1.9601742997977092,8.173502305732054e-05
751,2.104201629210697,8.115364344777981e-05
752,1.989189915458715,8.16198331016757e-05
753,1.8645359443105083,8.210752754199794e-05
754,1.0081885410512441,8.485730916926262e-05
755,1.2008524543082275,8.434402626099572e-05
756,1.419447964364341,8.368145266623724e-05
757,1.6523394046864872,8.28924606883376e-05
758,1.8800987369418614,8.204767459432942e-05
759,2.0361595074048218,8.14312770125382e-05
760,1.982137066014761,8.164792389360401e-05
761,1.854173418486926,8.214721344433073e-05
762,1.796498436406433,8.236561595801784e-05
763,1.884579435604024,8.203038661244407e-05
764,2.0314598592874478,8.145025848047556e-05
765,2.1344554528219137,8.102853115002755e-05
766,1.9226996737141928,8.188230940195309e-05
767,1.6909076942008987,8.275425148546746e-05
768,1.4776575740000903,8.349187027220467e-05
769,1.2875576362129362,8.409088880696382e-05
770,1.0627903708919113,8.471902702599844e-05
771,1.2716296719548006,8.413837098056972e-05
772,1.5062345522717369,8.339688897242546e-05
773,1.7409242359127757,8.257200467426654e-05
774,1.9268156926975017,8.186621488924807e-05
775,1.938629730700675,8.181990579589196e-05
776,1.8155731706599416,8.229385295341481e-05
777,1.7228053512333896,8.26384131711874e-05
778,1.7728543271311192,8.245391786475323e-05
779,1.9053851390185998,8.194978758833359e-05
780,2.059907794731235,8.133497263534237e-05
781,2.1355359987023994,8.10240439338294e-05
782,1.897220458606997,8.198148003554879e-05
783,1.6730640027420633,8.281844871683492e-05
784,1.1125510191482566,8.458797547167026e-05
785,1.33170426080525,8.395703596904645e-05
786,1.5681595867849485,8.318687238845687e-05
787,1.780640502073962,8.242491959058804e-05
788,1.8634595730641799,8.211165601970479e-05
789,1.7547429561565964,8.252106380896956e-05
790,1.6345991352927718,8.295534066749142e-05
791,1.6568091678125099,8.28765485105024e-05
792,1.779027457176429,8.243093358509628e-05
793,1.9223973620828885,8.188349069600666e-05
794,2.0741157395292333,8.127704935119365e-05
795,2.1292459518443447,8.105014676943241e-05
796,1.1607639325337413,8.445655199755208e-05
797,1.382060926498121,8.380040192966013e-05
798,1.6076536193286728,8.305000160993018e-05
799,1.756483051262101,8.251463130322555e-05
800,1.6770041252738168,8.280431065492094e-05
801,1.5362302459821617,8.329586899853011e-05
802,1.5366392689337949,8.329448221982697e-05
803,1.6541017894417716,8.288618998377842e-05
804,1.7888344940514342,8.239431733342703e-05
805,1.928985674853594,8.185772154348482e-05
806,1.207613214324562,8.432476376293511e-05
807,1.4228652119784557,8.367046946511797e-05
808,1.616225844619952,8.301999844499953e-05
809,1.5887546725055839,8.311577818103706e-05
810,1.4380423148869177,8.36214672073388e-05
811,1.4058393071594841,8.372500792683148e-05
812,1.5297914333382354,8.331766687404844e-05
813,1.6579464062752742,8.28724955604921e-05
814,1.2493490687009008,8.420405737018191e-05
815,1.4495542600968334,8.358405797169668e-05
816,1.4988102601779327,8.3421684197723e-05
817,1.359524929057746,8.387101360204855e-05
818,1.2928373859542168,8.40750539065665e-05
819,1.4073982083411518,8.372003350807928e-05
820,1.2814410243160874,8.410917416051053e-05
821,1.416082325127848,8.369225193790919e-05
822,1.320631306467822,8.399091694423461e-05
823,1.2486582391633667,8.420608026199132e-05
824,1.3046269347862967,8.403952411465417e-05
825,1.3293058941706102,8.396439182270887e-05
826,1.3852975136757686,8.379019314098207e-05
827,1.5999701263804644,8.307680520364977e-05
828,1.8305658718766888,8.223712087001194e-05
829,2.0381514970387578,8.142322387730439e-05
830,2.040838054759841,8.141235555451575e-05
831,1.9011884014228029,8.196608805915339e-05
832,1.7849591189336296,8.240880162986691e-05
833,1.4680264719329823,8.352360046583688e-05
834,1.6896415036285932,8.275882127846991e-05
835,1.9026215996430926,8.196052382351273e-05
836,1.991447168636302,8.161083033866302e-05
837,1.8738746598077183,8.207164786184998e-05
838,1.7366878528206546,8.258757085370643e-05
839,1.6875031710244843,8.276653374458228e-05
840,1.7846239067924894,8.2410053577122e-05
841,1.9314258082016396,8.184816402527922e-05
842,2.0771229307986694,8.126476026930282e-05
843,2.0266058547485155,8.14698366735624e-05
844,1.8109089249681087,8.231144389772124e-05
845,1.530818810645192,8.33141929319693e-05
846,1.742623152859854,8.256575547314527e-05
847,1.8919819500494999,8.200177104642593e-05
848,1.8120309975563456,8.230721460563267e-05
849,1.6593061465315797,8.286764729286611e-05
850,1.5694793349054639,8.318233506435178e-05
851,1.6509809185711333,8.289729134126229e-05
852,1.7916482277128938,8.238378875473412e-05
853,1.9465446142459963,8.178878678145975e-05
854,2.0893866372203074,8.121453833171922e-05
855,1.5753003032856592,8.316229223044708e-05
856,1.7541494339512687,8.2523256934579e-05
857,1.7249494659365812,8.263057752874792e-05
858,1.5644398747507842,8.319964719108443e-05
859,1.447345757351555,8.359125074573148e-05
860,1.511853370478429,8.337806833539558e-05
861,1.6465778779719027,8.291293048776408e-05
862,1.7954828607568165,8.236942363855273e-05
863,1.5977230447952904,8.308462811976314e-05
864,1.6219556915431141,8.299988558740915e-05
865,1.4673179013939417,8.352592926103132e-05
866,1.3367641844658928,8.394148568840235e-05
867,1.3775744823425127,8.381452499469035e-05
868,1.5053466050400002,8.339985886691614e-05
869,1.5140513094735146,8.337069326909954e-05
870,1.3856373882609665,8.378912013345573e-05
871,1.273442525538314,8.41329887028382e-05
872,1.2530080347946957,8.419332929935074e-05
873,1.3355674928783619,8.394516722747084e-05
874,1.2779148795476556,8.411968634378568e-05
875,1.8891566744715673,8.201270055409896e-05
876,2.0161238863232422,8.151202189409472e-05
877,1.9071487508584954,8.194293115015294e-05
878,1.7489816824983715,8.254233266734258e-05
879,1.6206688092366572,8.300440683723876e-05
880,1.8969849522630555,8.198239297704853e-05
881,1.8401690249033953,8.220063283887202e-05
882,1.676180135570046,8.28072690824977e-05
883,1.5267730945382751,8.332786390903075e-05
884,1.4837491789948156,8.347172778079951e-05
885,1.6004053514878436,8.307528918978353e-05
886,1.756887252296423,8.251313654662676e-05
887,1.9177874709872202,8.190149028443438e-05
888,1.7411757946242772,8.257107959633021e-05
889,1.5805949925831382,8.314401880690218e-05
890,1.425053861417823,8.366342535000042e-05
891,1.3427286552188367,8.392310102705822e-05
892,1.451420216841194,8.357797490755722e-05
893,1.598227760133922,8.308287164993147e-05
894,1.4782229603171133,8.349000315547628e-05
895,1.338310547261989,8.393672489360486e-05
896,1.245176486050817,8.421626288419273e-05
897,1.318972443249497,8.399597508637903e-05
898,1.2857542447090995,8.409628661200263e-05
899,1.2319490720980513,8.425475393936341e-05
900,1.6820877935787293,8.278603780918817e-05
901,1.5189787447609353,8.335413320245506e-05
902,1.3850051462044637,8.379111601619812e-05
903,1.425400476533171,8.366230908451295e-05
904,1.2971286781383247,8.406214864392301e-05
905,1.2613323191254848,8.416883587219421e-05
906,1.3729453532339433,8.382906304226123e-05
907,1.2430397064806427,8.422250155660317e-05
908,1.195497584547892,8.435922505250847e-05
909,1.2083794823501919,8.432257538903523e-05
910,0.0,0.0
911,0.4377531927726393,8.591399292495146e-05
912,0.8608784698454219,8.520023130763487e-05
913,1.2566630519360427,8.418258956048444e-05
914,1.6159689892319442,8.302089896713783e-05
915,1.934192829887302,8.18373174557961e-05
916,2.211007774054647,8.070748692306255e-05
917,2.448787620893294,7.967133771812884e-05
918,2.6503460388111764,7.874987677025101e-05
919,2.771308719814956,7.817913321754146e-05
920,2.568504284213805,7.912859484584666e-05
921,2.3694978728365665,8.002319467267654e-05
922,2.178971711108995,8.084261041911912e-05
923,0.5585350565723327,8.575404855642611e-05
924,0.8797343154409072,8.515887180765844e-05
925,1.232593949783796,8.425288450264581e-05
926,1.5741011193317194,8.31664253002793e-05
927,1.8860195045432069,8.202482509567313e-05
928,2.161743339716493,8.091482011682804e-05
929,2.4004282466038234,7.988667428693462e-05
930,2.601388983597715,7.89771588956595e-05
931,2.6700628980065337,7.865772994981632e-05
932,2.47914528833023,7.953499943275193e-05
933,2.2836567407305797,8.039703727754189e-05
934,2.168229027788344,8.088767424274145e-05
935,2.2501516251390585,8.054090174236624e-05
936,2.1248601381761545,8.106832148978633e-05
937,2.3131944291683104,8.026924538103435e-05
938,2.5115961010998324,7.938828461919545e-05
939,2.7145369563604542,7.844860757162515e-05
940,2.536019292920174,7.92772057707885e-05
941,2.3196744704227803,8.02410905700616e-05
942,2.0666701466153103,8.130743225477746e-05
943,1.7756585194537406,8.244348323506059e-05
944,1.4480261646276407,8.358903556677911e-05
945,1.0916603831757643,8.464356909626643e-05
946,0.7276687390988834,8.547020360754735e-05
947,1.1024568221925297,8.461494107387872e-05
948,1.3845213772478921,8.379264275865564e-05
949,1.674594377787506,8.281295991474533e-05
950,1.9493437263428341,8.177776350641177e-05
951,2.197146664483283,8.076608608211342e-05
952,2.4123562872927335,7.983377343685657e-05
953,2.584816512007387,7.905360066582204e-05
954,2.6350784547260173,7.882098954509819e-05
955,2.4867129849164926,7.95008745380512e-05
956,2.329729088727259,8.019732011988277e-05
957,2.3689915500330097,8.002542156027564e-05
958,2.5372600346170793,7.927154778893798e-05
959,2.3225819001907873,8.022844431419381e-05
960,2.137131846908331,8.10174144575758e-05
961,2.2882095063425236,8.037739869757527e-05
962,2.4823447706019097,7.952057874354813e-05
963,2.6312270674412352,7.883889510585403e-05
964,2.449051923141089,7.967015455808084e-05
965,2.232420042422137,8.061656281036361e-05
966,1.9818251541572895,8.164916485525898e-05
967,1.6996866092421232,8.272250760709905e-05
968,1.3950677228927166,8.375927375269665e-05
969,1.6118321098102442,8.303538975926301e-05
970,1.8550770350002752,8.214375816317873e-05
971,2.0873370128068296,8.122294365901406e-05
972,2.2950401102323945,8.034789445582091e-05
973,2.4689566933946563,7.958085601657794e-05
974,2.5917972801776146,7.902143211771628e-05
975,2.617389294759177,7.890311748912096e-05
976,2.525846379521143,7.932354137150821e-05
977,2.4305216786380406,7.97529416121387e-05
978,2.49154823622848,7.947904236003698e-05
979,2.6489943374710463,7.875618115849279e-05
980,2.6194394141445274,7.889361368216049e-05
981,2.383899488510165,7.995974705866518e-05
982,2.1847800102782555,8.081819362491844e-05
983,2.2889201888676594,8.03743312028997e-05
984,2.472839313245471,7.956339296620538e-05
985,2.57101797261035,7.911705440390431e-05
986,2.3961189243928325,7.990575163000063e-05
987,2.1896720448908393,8.079760041885536e-05
988,1.9545562289826302,8.175721100164085e-05
989,2.0559904170323993,8.135090278832226e-05
990,2.245979602714374,8.055873358121611e-05
991,2.4090370043207403,7.984850851850553e-05
992,2.5338438055946,7.928712285673936e-05
993,2.604515665215326,7.8962708580484e-05
994,2.5995568253153793,7.898562226241577e-05
995,2.5217057313103908,7.934237331890509e-05
996,2.4378833284603285,7.97200921553961e-05
997,2.4690476504446335,7.958044708032534e-05
998,2.596384948468579,7.90002669711395e-05
999,2.738383695343115,7.83357584277664e-05
1000,2.685014019994399,7.858762395464962e-05
1001,2.427208440370786,7.976770883452738e-05
1002,2.2198680650182743,8.066992193838463e-05
1003,2.2999217042807114,8.032677938783045e-05
1004,2.4723023467491707,7.956580896988228e-05
1005,2.539991930806801,7.92590848151931e-05
1006,2.378486560458984,7.998361842698783e-05
1007,2.3921018026996115,7.992351886980749e-05
1008,2.50866275931554,7.940158783936321e-05
1009,2.584784959539919,7.905374596299563e-05
1010,2.6096247012266174,7.893907733939183e-05
1011,2.5740947671110486,7.910292075406642e-05
1012,2.484193310702538,7.951224254832907e-05
1013,2.380467277148301,7.997488671647361e-05
1014,2.3632127947958352,8.005081928230837e-05
1015,2.467746654277823,7.958629550699895e-05
1016,2.5975121108318953,7.899506386517648e-05
1017,2.7293443184628723,7.837859383224858e-05
1018,2.729588869582229,7.837743590497726e-05
1019,2.4522372692707233,7.965588990187212e-05
1020,2.240126525301875,8.058371969855632e-05
1021,2.3083940359719595,8.029007472648842e-05
1022,2.4730045065271034,7.956264964705088e-05
1023,2.578922402859009,7.908072674089946e-05
1024,2.610797911889619,7.893364742433731e-05
1025,2.59707352118902,7.899708858197569e-05
1026,2.533437406630514,7.928897495768014e-05
1027,2.4244059541891545,7.97801912450571e-05
1028,2.2938947071210496,8.035284528517315e-05
1029,2.219184776241944,8.067282184624811e-05
1030,2.2958694523169014,8.034430890935212e-05
1031,2.4343386916382133,7.973591577094496e-05
1032,2.601569267951052,7.897632593423274e-05
1033,2.7050584678091223,7.849332349919681e-05
1034,2.754148134104266,7.826088401997926e-05
1035,2.4629123849518346,7.960801294160508e-05
1036,2.2466994446064845,8.055565817400143e-05
1037,2.604156048255212,7.896437104675057e-05
1038,2.558671187308418,7.91736826506373e-05
1039,2.470916172448367,7.957204458184163e-05
1040,2.343329636191991,8.01379501544086e-05
1041,2.1897652460255137,8.07972078353495e-05
1042,2.060517113064665,8.133249325223531e-05
1043,2.0950669264772896,8.119121934848237e-05
1044,2.2448429006037682,8.056358884833722e-05
1045,2.440451392143181,7.970862042284205e-05
1046,2.582297815004783,7.90651962229881e-05
1047,2.68856775570461,7.857093115787055e-05
1048,2.7590727636491956,7.823744982149128e-05
1049,2.4879519743174745,7.949528236668743e-05
1050,2.3811780376593585,7.997175247736836e-05
1051,2.2393024846685226,8.058723454140226e-05
1052,2.0708231866299323,8.129049286397288e-05
1053,1.903706721228192,8.195630928518267e-05
1054,1.8756401098872064,8.206485275898775e-05
1055,2.036770294738376,8.14288082307831e-05
1056,2.2142881245444612,8.069358894683465e-05
1057,2.4283040407173386,7.976282689042739e-05
1058,2.5748025561993186,7.909966819462037e-05
1059,2.261079216264143,8.049410924993724e-05
1060,2.111348442141503,8.11241799172575e-05
1061,1.9384467709527449,8.18206242503559e-05
1062,1.7584176734967991,8.250747502036275e-05
1063,1.6533881880149797,8.288872955440651e-05
1064,1.8148375787946627,8.229662904518175e-05
1065,2.015889271246982,8.15129646586412e-05
1066,2.245611851345119,8.056030452915927e-05
1067,1.9614139178607162,8.173012226009794e-05
1068,1.796226426284744,8.236663593143427e-05
1069,1.6284754642375772,8.297694348881928e-05
1070,1.4833492059115567,8.347305206997379e-05
1071,1.5815276028299352,8.314079591098642e-05
1072,1.8042900624060767,8.23363587353719e-05
1073,1.6521275726403306,8.289321411277685e-05
1074,1.5190625605286159,8.335385120093482e-05
1075,1.4128578725596816,8.370258134611157e-05
1076,1.3477064148217985,8.39077127554368e-05
1077,1.4400325423573235,8.361501455663452e-05
1078,1.4022837279575668,8.37363391992207e-05
1079,1.167668680186246,8.443737893784404e-05
1080,1.480489156570108,8.34825144202839e-05
1081,1.7825208827125052,8.241790460385749e-05
1082,2.057953096692015,8.134292366607283e-05
1083,2.3005885459852227,8.03238931000202e-05
1084,2.5078680764029904,7.940519046265059e-05
1085,2.650188225544255,7.875061290237668e-05
1086,2.5048419950333582,7.941890344844693e-05
1087,2.308958139977606,8.028762824934432e-05
1088,2.1768076845308735,8.085169819848975e-05
1089,2.358784173222602,8.007026051692642e-05
1090,1.6427813545791035,8.292639363357755e-05
1091,1.901072237412939,8.19665389430577e-05
1092,2.1403926436218375,8.10038597492128e-05
1093,2.351196793944527,8.010352265916377e-05
1094,2.5245696322014624,7.932934982709115e-05
1095,2.622310440402402,7.888029793954562e-05
1096,2.541794088382364,7.925085950296323e-05
1097,2.383617664894685,7.996099063804348e-05
1098,2.3519522865438898,8.010021326555869e-05
1099,2.5193236624602333,7.935319980396996e-05
1100,2.6038653199206654,7.896571496259809e-05
1101,2.3927319241756524,7.9920732975271e-05
1102,2.1681183498493684,8.088813786859012e-05
1103,2.309229685366861,8.028645046109876e-05
1104,2.501175983468543,7.943550469993011e-05
1105,2.5987071464122438,7.898954617590463e-05
1106,2.44409130070578,7.969234969821932e-05
1107,2.242298734035621,8.05744509893829e-05
1108,2.00899068273162,8.154065700263853e-05
1109,1.7503475963749195,8.253729409462167e-05
1110,2.0713112973333514,8.128850067910007e-05
1111,2.2693975830549933,8.045840606552858e-05
1112,2.437115510902172,7.972352080806747e-05
1113,2.5610625810466914,7.916272563389349e-05
1114,2.612198771417022,7.892716224659253e-05
1115,2.559067936708305,7.917186517087788e-05
1116,2.4497481830452816,7.966703739757007e-05
1117,2.4294378096023435,7.975777363497538e-05
1118,2.5602261629334144,7.916655858425849e-05
1119,2.7118038442269676,7.846150948879959e-05
1120,2.6624831183769917,7.869319534248808e-05
1121,2.4191801079989297,7.980344689787643e-05
1122,2.1851076546018517,8.081681519814538e-05
1123,2.3173120524334463,8.025135988357878e-05
1124,2.4997320566135395,7.944203990712222e-05
1125,2.561916170386778,7.915881332454822e-05
1126,2.412319517726231,7.98339367249695e-05
1127,2.223415294474412,8.065485938208094e-05
1128,2.4002853572959153,7.988730715099083e-05
1129,2.520405347890111,7.934828421534872e-05
1130,2.59362742514992,7.90129910863305e-05
1131,2.6036277175061238,7.896681324201666e-05
1132,2.5427510170270007,7.924649070393624e-05
1133,2.4399669133555633,7.971078511662603e-05
1134,2.3881577299421703,7.994094747794365e-05
1135,2.475972461328419,7.954929029681397e-05
1136,2.6099902689900536,7.89373855343489e-05
1137,2.7298142473055926,7.837636871561083e-05
1138,2.6759165929402124,7.863030565324434e-05
1139,2.4325504044159407,7.974389422032059e-05
1140,2.2082583198916033,8.071912680592978e-05
1141,2.3274444402093173,8.020727482776971e-05
1142,2.5000557745846894,7.944057493321724e-05
1143,2.5490572292526252,7.921767866123341e-05
1144,2.5816584466265478,7.906813881089005e-05
1145,2.609687852316487,7.893878509222365e-05
1146,2.5843670298002057,7.905567041718548e-05
1147,2.504427528505207,7.942078096798347e-05
1148,2.3870998938805146,7.994561936603147e-05
1149,2.291359709469174,8.036379762174643e-05
1150,2.331133228438039,8.019119935146371e-05
1151,2.4607501854724596,7.961771910203979e-05
1152,2.6131411548914096,7.892279854278273e-05
1153,2.699910349710005,7.851757713611168e-05
1154,2.6662989966024204,7.867534747759321e-05
1155,2.4359843823976735,7.972857076312218e-05
1156,2.221328863888795,8.066372058195093e-05
1157,2.3317515071947645,8.018850358596737e-05
1158,2.6004541074619927,7.898147779320068e-05
1159,2.5452438418020558,7.923510584225725e-05
1160,2.444736737661995,7.96894631929679e-05
1161,2.308843002517125,8.028812761839639e-05
1162,2.1726533999245965,8.08691298380128e-05
1163,2.1527657451936095,8.095232037773303e-05
1164,2.279801635586327,8.041364971671731e-05
1165,2.4257191830048908,7.97743430155102e-05
1166,2.588732385692011,7.903556118808852e-05
1167,2.6739239523625593,7.863964452025355e-05
1168,2.6552694699193835,7.872689979061051e-05
1169,2.436068974841476,7.97281931408683e-05
1170,2.479164051106471,7.953491489384352e-05
1171,2.360759088714243,8.006159325089548e-05
1172,2.209161621278165,8.071530354540655e-05
1173,2.0443928361180284,8.139796215928892e-05
1174,1.9570595977726652,8.174732887361774e-05
1175,2.07653187390341,8.12671764676606e-05
1176,2.2436843974490572,8.056853583965366e-05
1177,2.438818182314358,7.971591683575939e-05
1178,2.573136476100099,7.910732372627067e-05
1179,2.664065786962086,7.868579436915656e-05
1180,2.24976931109251,8.054253656842065e-05
1181,2.0887630426884822,8.121709613653351e-05
1182,1.9105391044703266,8.192973972099006e-05
1183,1.7650136893667505,8.248303898635802e-05
1184,1.8576110299760094,8.213406312809413e-05
1185,2.04660728775677,8.138898847555347e-05
1186,2.2600013457782513,8.049873029115505e-05
1187,2.4323657178368783,7.974471802251452e-05
1188,1.949367703035011,8.17776690424966e-05
1189,1.7737304416703021,8.245065887277563e-05
1190,1.6069341466760303,8.305251503988249e-05
1191,1.6285330735523282,8.297674050307711e-05
1192,1.836711243708374,8.221378442232064e-05
1193,2.0384064982716783,8.142219263955778e-05
1194,1.6396807218510285,8.293737408025405e-05
1195,1.495377736713225,8.34331197723699e-05
1196,1.4061261494077846,8.372409291039697e-05
1197,1.614932532453794,8.302453178192001e-05
1198,1.4262720155268946,8.365950147764856e-05
1199,1.3751062201089796,8.382228104103343e-05
1200,2.122697870260154,8.107727406437851e-05
1201,2.322097563051069,8.023055160089144e-05
1202,2.4881392312488684,7.949443705610182e-05
1203,2.5935032174492325,7.90135640569424e-05
1204,2.5475505428289122,7.922456584185707e-05
1205,2.3911731909024496,7.992762373381195e-05
1206,2.300886786433083,8.03226020795646e-05
1207,2.4761398955116505,7.954853639066427e-05
1208,2.6807875188326937,7.860746227526352e-05
1209,2.426909369134123,7.976904127830251e-05
1210,2.545097794860077,7.923577300658854e-05
1211,2.600487652549349,7.898132283701096e-05
1212,2.562089556964882,7.915801854826781e-05
1213,2.4484575733300575,7.967281509478604e-05
1214,2.3623675785973046,8.005453121981441e-05
1215,2.462236227908504,7.961104870966985e-05
1216,2.621312855627552,7.888492556109735e-05
1217,2.7230134292633212,7.840855177248301e-05
1218,2.6376387166335595,7.880907914941879e-05
1219,2.4306033123914514,7.975257763230038e-05
1220,2.2542029953844835,8.052356813576245e-05
1221,2.3950491310203024,7.991048475534995e-05
1222,2.5451544794846086,7.923551406509153e-05
1223,2.5768214748496256,7.90903879516363e-05
1224,2.476112487438901,7.954865980287503e-05
1225,2.5895984989345697,7.903156930834445e-05
1226,2.6023525490034785,7.897270662276267e-05
1227,2.548793982202103,7.921888213678254e-05
1228,2.4412905572707753,7.970487041950852e-05
1229,2.3337657546474917,8.017971855130028e-05
1230,2.3608204158884645,8.006132404314448e-05
1231,2.495842674269193,7.945963337263766e-05
1232,2.614059547349675,7.891854514971486e-05
1233,2.6752004004709473,7.863366262555206e-05
1234,2.5934585283327616,7.901377020454491e-05
1235,2.3929986805926697,7.991955347275576e-05
1236,2.237284909285935,8.059583724101454e-05
1237,2.3986427398184067,7.989458094011897e-05
1238,2.543834289231661,7.92415440570324e-05
1239,2.5869079846216017,7.904396751726594e-05
1240,2.512743028915532,7.938308088478449e-05
1241,2.39456044258444,7.991264650059616e-05
1242,2.2612683591816127,8.049329823232754e-05
1243,2.2172881808977984,8.068086848427806e-05
1244,2.334112445043128,8.017820606465441e-05
1245,2.4702271286292943,7.957514351217867e-05
1246,2.59410099068309,7.901080639662613e-05
1247,2.6329628255745408,7.883082702177024e-05
1248,2.5614976072103914,7.916073183592271e-05
1249,2.37193764967754,8.001246056011436e-05
1250,2.237084587325263,8.0596691155922e-05
1251,2.4512687557377792,7.966022815049339e-05
1252,2.3189841915613494,8.024409176607376e-05
1253,2.1644330264237577,8.09035679654688e-05
1254,2.0560261011621894,8.135075775640511e-05
1255,2.1479180606974677,8.097253305935535e-05
1256,2.3026434559343607,8.031499597301515e-05
1257,2.462814697239314,7.960845156108993e-05
1258,2.566899415105699,7.913595979918062e-05
1259,2.6092459920395306,7.894082983266943e-05
1260,2.5498694064765197,7.921396525680807e-05
1261,2.216718692680427,8.068328389217237e-05
1262,2.0486771550874594,8.138059562273433e-05
1263,1.894507105559695,8.199199423521241e-05
1264,1.9453848410348396,8.179335137218668e-05
1265,2.1188477132430825,8.109320231067007e-05
1266,2.281127146389022,8.04079395528019e-05
1267,2.4486141849771585,7.967211407446718e-05
1268,2.5568639861127087,7.918195945289081e-05
1269,1.916840670963162,8.190518392642838e-05
1270,1.744280075183648,8.255965705556689e-05
1271,1.734097717530294,8.25970762973957e-05
1272,1.9226735945852176,8.188241131149463e-05
1273,2.1078043241645026,8.113879804349643e-05
1274,2.296237942165093,8.034271556718179e-05
1275,1.609536407981505,8.304342072292975e-05
1276,1.5271795756263122,8.332649145982708e-05
1277,1.7165405065605737,8.266127265296534e-05
1278,1.9191283131855832,8.189625754794105e-05
1279,1.3933008685891655,8.376487661131296e-05
1280,1.5069603279375907,8.339446060667953e-05
1281,2.59589571731436,7.900252495329696e-05
1282,2.560935998754253,7.91633057487578e-05
1283,2.447753487777313,7.967596640758606e-05
1284,2.321218776300392,8.023437447599484e-05
1285,2.3742025279684507,8.000249061945569e-05
1286,2.538051540796965,7.926793763915745e-05
1287,2.644628114184801,7.87765341467529e-05
1288,2.5501880123908975,7.921250837135924e-05
1289,2.4430705811684024,7.969691370635652e-05
1290,2.3115563014517466,8.027635601465602e-05
1291,2.2700211107417423,8.045572692729139e-05
1292,2.399696869161438,7.988991338262297e-05
1293,2.5240253366200327,7.93318255876659e-05
1294,2.5959020723712376,7.900249562377471e-05
1295,2.580357337459728,7.907412578711637e-05
1296,2.4756891718959135,7.955056580333404e-05
1297,2.3130920543427163,8.026968984053372e-05
1298,2.3078751526602934,8.029232479733921e-05
1299,2.4480052677141857,7.967483955804808e-05
1300,2.397659749551839,7.989893251349324e-05
1301,2.2546340251675625,8.052172298316532e-05
1302,2.1467802524600073,8.097727348957338e-05
1303,2.2367803292290045,8.05979880398258e-05
1304,2.377958761287406,7.998594449646833e-05
1305,2.4848411381659985,7.950932032569963e-05
1306,2.552310166895041,7.920280200435094e-05
1307,2.5382604555330146,7.926698465729772e-05
1308,2.4425822269579203,7.969909695777487e-05
1309,2.291169391988225,8.036461961224871e-05
1310,2.1650206933187293,8.09011084482685e-05
1311,2.017261689786054,8.150744890063253e-05
1312,2.058218252010305,8.134184536143173e-05
1313,2.2149891415899026,8.06906174387814e-05
1314,2.3529890043361466,8.009567104621347e-05
1315,2.4693326141871403,7.957916585264834e-05
1316,2.5283353081831916,7.931221378587914e-05
1317,2.5236434491087323,7.933356245891688e-05
1318,1.8829237371817422,8.203677772167451e-05
1319,1.8722963743497565,8.207771930545201e-05
1320,2.0401797151123895,8.141501959774612e-05
1321,2.2023937069288286,8.074392785156478e-05
1322,2.3490363292540315,8.011298328587584e-05
1323,2.4601632729719185,7.962035298694845e-05
1324,1.6897242307764628,8.27585227756593e-05
1325,1.857465191527006,8.213462132225592e-05
1326,2.0362612742585338,8.143086570412075e-05
1327,2.1982037747983982,8.07616242811268e-05
1328,1.6740785454760994,8.281481034486464e-05
1329,1.8573409233474398,8.213509693558308e-05
1330,2.3070384098709327,8.029595264450788e-05
1331,2.2211036676020672,8.066467672862184e-05
1332,2.3365096877255596,8.016774441886183e-05
1333,2.4591048225721823,7.962510215042027e-05
1334,2.5250912720767427,7.932697685542396e-05
1335,2.125464968340189,8.10658163485132e-05
1336,2.1840846257262503,8.082111878226136e-05
1337,2.3205114965079394,8.023745069502192e-05
1338,2.4241572761821226,7.978129849816084e-05
1339,2.4826943560259607,7.95190025002064e-05
1340,2.4841002973706963,7.951266208028298e-05
1341,2.4255307706086104,7.977518218000169e-05
1342,2.3146641598142375,8.026286337733117e-05
1343,2.0262737397625683,8.14711752362144e-05
1344,2.170407908297304,8.087854428800703e-05
1345,2.301897757730196,8.031822511733538e-05
1346,2.399016890807924,7.98929243703132e-05
1347,2.460547496877784,7.961862874441036e-05
1348,2.4700336391903295,7.957601363644404e-05
1349,2.013589999572869,8.152220054739615e-05
1350,2.163286302326385,8.09083661818316e-05
1351,2.291501944650266,8.036318327668055e-05
1352,2.393831199409841,7.991587191614506e-05
1353,2.012358517510553,8.152714473368238e-05
1354,2.1610488575730153,8.091772416603393e-05
1355,2.301194025501425,8.0321272010502e-05
1356,2.3933564593131913,7.991797139122813e-05
1357,2.440957544650949,7.970635864527826e-05
1358,2.2848819202571495,8.039175451004377e-05
1359,2.370657098554719,8.001809525081164e-05
1360,2.4196664075190966,7.980128393417525e-05
1361,2.427985119676173,7.97642481086924e-05
1362,2.2757351074241217,8.043115654838362e-05
1363,2.362944061674425,8.005199955561704e-05
1364,2.406772622593252,7.985855442609377e-05
1365,3.7615520893508605,7.307498943416487e-05
1366,3.7525163236962764,7.31246249698585e-05
1367,3.723722466575228,7.328246251714654e-05
1368,3.6709243405003957,7.357054734231992e-05
1369,3.589372628279766,7.4012053384789e-05
1370,3.4761780581327884,7.461767019471371e-05
1371,3.3319799252264235,7.537653405410747e-05
1372,3.161299675071365,7.625553108714763e-05
1373,2.9715589764104897,7.720675977794308e-05
1374,2.771308719814956,7.817913321754146e-05
1375,2.568504284213805,7.912859484584666e-05
1376,2.3694978728365665,8.002319467267654e-05
1377,2.178971711108995,8.084261041911912e-05
1378,3.7841806914131833,7.295046753670274e-05
1379,3.757828805879773,7.309544831832768e-05
1380,3.6810716028972483,7.351531577797891e-05
1381,3.5756325337609316,7.40860174780133e-05
1382,3.4424517155788195,7.479645009620729e-05
1383,3.28249091371427,7.563359525038457e-05
1384,3.100238646111801,7.656470638163479e-05
1385,2.9052269760596863,7.753254594508607e-05
1386,2.8017687063732564,7.80334006438237e-05
1387,2.8549344119300053,7.777714070105385e-05
1388,2.6518813397021073,7.874271407104292e-05
1389,2.449052211211536,7.967015326848451e-05
1390,2.348288759387736,8.011625578337421e-05
1391,2.5458757728698,7.923221885656516e-05
1392,2.7414675451824406,7.832112848199136e-05
1393,2.8416115516437825,7.784158155547301e-05
1394,2.7158896126302428,7.844221979518595e-05
1395,2.9150705740082183,7.748442698144797e-05
1396,3.1049803159088,7.654079985755138e-05
1397,3.27614743854182,7.566641732623434e-05
1398,3.4224528354158523,7.490209407030377e-05
1399,3.541248628235634,7.427056665761572e-05
1400,3.633559776426225,7.377336087167015e-05
1401,3.7027998129253694,7.339683182478637e-05
1402,3.8486617213673773,7.259395213769849e-05
1403,3.827358270417578,7.271201247780052e-05
1404,3.717925691815397,7.331417656443261e-05
1405,3.563273791148125,7.415244021365148e-05
1406,3.3820525817881357,7.511466293291497e-05
1407,3.185239435343614,7.613354199348942e-05
1408,2.9909185534487484,7.711100367190031e-05
1409,2.887998555329152,7.761657201191755e-05
1410,2.9634792163018724,7.724663449771336e-05
1411,2.95989416049041,7.726431033625539e-05
1412,2.751350806134341,7.827418592654039e-05
1413,2.555036718661774,7.919032506506068e-05
1414,2.7392807944615445,7.833150339841636e-05
1415,2.8655340865765413,7.772576512210854e-05
1416,2.8687820585847326,7.771000370692523e-05
1417,2.7757982690835044,7.815770357169716e-05
1418,2.68207457143494,7.860142280105041e-05
1419,2.880414277980918,7.76534839034825e-05
1420,3.069697711757895,7.67182701800711e-05
1421,3.242772685172636,7.583861961707767e-05
1422,3.3948940111039008,7.504722009892153e-05
1423,3.52469398836513,7.435914201830364e-05
1424,3.946391266172994,7.204896530197714e-05
1425,3.927210515628793,7.215635879496689e-05
1426,3.794802733695421,7.289190923059925e-05
1427,3.610671000595331,7.389715995670453e-05
1428,3.4131770068113063,7.495099986697046e-05
1429,3.235324595117656,7.587693768330382e-05
1430,3.136046073236848,7.638374510553633e-05
1431,3.1527356828652913,7.629906524861384e-05
1432,3.223742052753858,7.593644486164909e-05
1433,3.074091421102812,7.669622268297697e-05
1434,2.8523585735281825,7.778961131263826e-05
1435,2.795769117286344,7.806216798847277e-05
1436,2.8701874492533657,7.770318104464425e-05
1437,2.873893437356787,7.768518191269918e-05
1438,2.816643195256022,7.796194667485809e-05
1439,2.7126057846049223,7.845772453464899e-05
1440,2.666564872892603,7.867410341829662e-05
1441,2.862280068272062,7.77415470347819e-05
1442,3.0527790574761995,7.680302658476427e-05
1443,3.2316497679605427,7.589582843677998e-05
1444,4.067089301154302,7.136847544512859e-05
1445,4.045884010607204,7.14886070476262e-05
1446,3.9061308158388384,7.227414291409452e-05
1447,3.733835295800142,7.322708572142862e-05
1448,3.583772662931013,7.404221333414765e-05
1449,3.4973734062705915,7.450492061422287e-05
1450,3.491847810843646,7.453434348172982e-05
1451,3.545825684074993,7.424604511864021e-05
1452,3.403384158599478,7.500256684791473e-05
1453,3.1833744752275073,7.614306070408117e-05
1454,2.9415589571870218,7.735454764292068e-05
1455,2.8200895873233156,7.794536405097749e-05
1456,2.8504482669856896,7.779885623403809e-05
1457,2.831490314263224,7.789043664583302e-05
1458,2.769666423830432,7.818696792671758e-05
1459,2.671156940226194,7.86526067375964e-05
1460,2.6608222028556754,7.870095980396648e-05
1461,2.8567014089955403,7.776858277814384e-05
1462,4.2014896440878555,7.06015658823899e-05
1463,4.183366605464454,7.070552231486949e-05
1464,4.069088645338158,7.13571363528799e-05
1465,3.9548374312000485,7.200160903270375e-05
1466,3.8861482888462744,7.238556091829608e-05
1467,3.878375544989079,7.242883759843006e-05
1468,3.900159467205029,7.230746190240876e-05
1469,3.7243149288086346,7.327921999661198e-05
1470,3.515625525919037,7.440758537091917e-05
1471,3.2758419867834885,7.566799704055032e-05
1472,3.0102673143170753,7.701500099821335e-05
1473,2.794640875852513,7.806757433705716e-05
1474,2.816381759388752,7.796320418511643e-05
1475,2.797933059512346,7.805179568196886e-05
1476,2.7435832746015314,7.831108655234488e-05
1477,2.656793147724821,7.871978457811498e-05
1478,4.341657957919638,6.97920598800313e-05
1479,4.340675475357339,6.979776687155607e-05
1480,4.279478109498874,7.015234268301554e-05
1481,4.2357095850076805,7.040482529291918e-05
1482,4.23544032030876,7.040637565295962e-05
1483,4.172912435041541,7.076541319019184e-05
1484,4.022398911443984,7.162137020990768e-05
1485,3.8334626980486037,7.267821012769069e-05
1486,3.6062874055470475,7.392083112952372e-05
1487,3.344122619778631,7.531319302732129e-05
1488,3.0552572129401496,7.67906259236693e-05
1489,2.769067399638722,7.818982504151927e-05
1490,2.79500272257338,7.806584054542634e-05
1491,2.785617073875001,7.81107756591236e-05
1492,4.479935939154287,6.898441655227465e-05
1493,4.502969732194678,6.884905339269173e-05
1494,4.497592631512737,6.888067370714036e-05
1495,4.486710467983059,6.894462848552532e-05
1496,4.4062559826725,6.941584119328706e-05
1497,4.285257539553007,7.011893364824756e-05
1498,4.122392788639056,7.105404387859947e-05
1499,3.9165428388497223,7.221599685204592e-05
1500,3.6689325116129528,7.358138125190135e-05
1501,3.385262284990261,7.509781647610106e-05
1502,3.0770656482004344,7.66812895653124e-05
1503,2.7618094328956606,7.822441809666138e-05
1504,4.608421672191244,6.822646208650055e-05
1505,4.646529847948275,6.800034376266902e-05
1506,4.641095908261507,6.803262212453192e-05
1507,4.593585060593385,6.831433754301196e-05
1508,4.504071146471302,6.884257492873592e-05
1509,4.371064808261752,6.962103388567995e-05
1510,4.1925695172318225,7.065275381298365e-05
1511,3.9680571240690594,7.192740784595664e-05
1512,3.7006762435337817,7.340842466158613e-05
1513,3.3989144145720482,7.502608137018538e-05
1514,4.7196109935059765,6.756510676886202e-05
1515,4.747572261781679,6.739804069434681e-05
1516,4.732255127988087,6.748959568577031e-05
1517,4.674294957756617,6.78352327818129e-05
1518,4.572515554677534,6.843897439496307e-05
1519,4.424556283296868,6.930891257323128e-05
1520,4.228578856275424,7.044587014243592e-05
1521,3.9854567811944155,7.182959586321541e-05
1522,4.807433101723837,6.703940272397685e-05
1523,4.822883842909056,6.694662330569527e-05
1524,4.795325098174575,6.711204961592899e-05
1525,4.724300240847819,6.753710953031528e-05
1526,4.607620067630219,6.823121218697934e-05
1527,4.442691425653691,6.92028001767046e-05
1528,4.867798179539799,6.66764405620533e-05
1529,4.869154443852147,6.66682710082143e-05
1530,4.827471130819706,6.691906094070791e-05
1531,4.741209226466722,6.743608510422175e-05
1532,4.898447012987374,6.649167147056907e-05
1533,4.884737032175322,6.657436286243905e-05
1534,3.7013900757352407,7.340452807400625e-05
1535,3.5975560746507087,7.396794280841098e-05
1536,3.465657723816933,7.467352061177345e-05
1537,3.30819407892499,7.55003050302819e-05
1538,3.1287808713100738,7.642054101244123e-05
1539,2.9349090164392524,7.738720795057447e-05
1540,2.76370092732388,7.821540721212059e-05
1541,2.840730608343626,7.784583729256027e-05
1542,2.8971496526132476,7.757197105537362e-05
1543,2.777975139465533,7.814730661540898e-05
1544,2.5926544966588545,7.901747882990654e-05
1545,3.7669113535383296,7.304552626284151e-05
1546,3.634265443979104,7.376953876908637e-05
1547,3.4658244624930625,7.467263601511211e-05
1548,3.27659767991808,7.566408867522654e-05
1549,3.0828245202105684,7.665235562483338e-05
1550,2.9310172356299136,7.740630517427066e-05
1551,2.9308582684896547,7.740708497331396e-05
1552,2.9884541346479367,7.712320987281646e-05
1553,2.9703510142656633,7.721272458706847e-05
1554,2.829987673558165,7.789768249601106e-05
1555,2.7333644672831108,7.8359552149913e-05
1556,2.8560851117178556,7.777156792745539e-05
1557,2.904341051209811,7.753687274080284e-05
1558,2.8669271284131392,7.771900619543424e-05
1559,2.774218457329638,7.816524635713857e-05
1560,2.7404874658597818,7.832577892942917e-05
1561,2.924834309597856,7.743661972568056e-05
1562,3.1175016957748527,7.647758637242401e-05
1563,3.2976883964131956,7.555484255401766e-05
1564,3.4592989745445935,7.470724147699495e-05
1565,3.862929834691611,7.25147311351476e-05
1566,3.7139832392552767,7.333573375927841e-05
1567,3.534939796319646,7.430434343104906e-05
1568,3.35905378851128,7.523516268350265e-05
1569,3.229137007437316,7.590873974947788e-05
1570,3.1880173002555496,7.611935900092338e-05
1571,3.2053469960510212,7.60307480777452e-05
1572,3.1968120400727655,7.60744174231912e-05
1573,3.0895608932332825,7.661847779584993e-05
1574,2.901769237836499,7.754942963044774e-05
1575,2.839690915945483,7.785085908680016e-05
1576,2.886072311010658,7.762595136901578e-05
1577,2.8761982730877103,7.767398208048277e-05
1578,2.8183825630234365,7.79535788122745e-05
1579,2.7266863195047772,7.839117583556444e-05
1580,2.7299928955461144,7.837552276410007e-05
1581,2.9174598302956056,7.747273543441658e-05
1582,3.1119984425188187,7.650538409583443e-05
1583,3.983329522591247,7.184156327079007e-05
1584,3.8441472054629062,7.261899323303175e-05
1585,3.7007159049456,7.340820817063294e-05
1586,3.593526917660691,7.398966628662712e-05
1587,3.5442423358982915,7.425452946129607e-05
1588,3.5366560213667855,7.429515756894417e-05
1589,3.5130014922173474,7.442159260566036e-05
1590,3.4076889305706457,7.497990707273688e-05
1591,3.224536971215724,7.593236401080627e-05
1592,3.003992541558909,7.704616726238404e-05
1593,2.868496432757662,7.771139011515181e-05
1594,2.8663937094805205,7.77215944926959e-05
1595,2.842290799476108,7.783829973972076e-05
1596,2.784900286166249,7.81142042739104e-05
1597,2.702297575180318,7.850633343509869e-05
1598,2.7270879247219777,7.838927517915596e-05
1599,4.136079992787203,7.097597608327951e-05
1600,4.036448436594727,7.154198313559196e-05
1601,3.953653912071382,7.20082472529138e-05
1602,3.907417836610096,7.226695889887555e-05
1603,3.886576584347431,7.238317525871e-05
1604,3.845486269900555,7.261156696843761e-05
1605,3.7345576475657056,7.322312778641685e-05
1606,3.5544316868198442,7.419990105053094e-05
1607,3.3267525495571957,7.540376971798074e-05
1608,3.075338735898866,7.668996095399887e-05
1609,2.8833191580867368,7.763935179944273e-05
1610,2.8476267872531498,7.781250516523415e-05
1611,2.822508360486449,7.79337198847354e-05
1612,2.7731140079682497,7.817051825429581e-05
1613,4.315369406504282,6.99446062783901e-05
1614,4.261475761251919,7.025630445731105e-05
1615,4.224450469361487,7.04696218046009e-05
1616,4.198668638637046,7.061775849457043e-05
1617,4.148720818438046,7.0903790092316e-05
1618,4.040097388341192,7.152134710793646e-05
1619,3.8706295073313344,7.247193066541987e-05
1620,3.650720352587618,7.36803240255536e-05
1621,3.3924411883322425,7.506011116440639e-05
1622,3.114873602030565,7.649086415528496e-05
1623,2.891033802431956,7.760178640175127e-05
1624,2.840587699937125,7.784652760518105e-05
1625,4.493069817269533,6.890726065603524e-05
1626,4.4710891238396915,6.903634532522559e-05
1627,4.449692697755237,6.91617949876082e-05
1628,4.40348903897276,6.943199522217016e-05
1629,4.307363295345581,6.999099868469798e-05
1630,4.156398363766032,7.085990683087051e-05
1631,3.9541940043707644,7.200521803624168e-05
1632,3.706867550665142,7.33746176798998e-05
1633,3.4243505925910824,7.489208101825329e-05
1634,3.1274734962131445,7.64271581626978e-05
1635,4.644535805215574,6.801219002043724e-05
1636,4.635234663017329,6.806742554217708e-05
1637,4.602985085757772,6.825867275832069e-05
1638,4.526769730553652,6.870894693062901e-05
1639,4.3997818428833195,6.945363318646058e-05
1640,4.221799922037827,7.048486660425599e-05
1641,3.9950735149124164,7.177546327596553e-05
1642,3.725266848847212,7.327400972463478e-05
1643,4.759332968554972,6.73276840111113e-05
1644,4.746571713541789,6.74040239474733e-05
1645,4.694316608217292,6.771598263986954e-05
1646,4.5940809507904214,6.831140189893193e-05
1647,4.443810541143085,6.919624718488722e-05
1648,4.243249978563456,7.03613949853286e-05
1649,4.835340825502035,6.687175912838123e-05
1650,4.809880896790844,6.702470976968427e-05
1651,4.7373089817975105,6.745939705842944e-05
1652,4.615754400377273,6.818299813594077e-05
1653,4.873044567858528,6.664483505762085e-05
1654,4.830370389572935,6.690163712058131e-05
1655,3.4722645574483657,7.463845499173296e-05
1656,3.2874115436954794,7.560811506794424e-05
1657,3.096645439975703,7.658281102481197e-05
1658,2.933693908237481,7.739317189488894e-05
1659,2.895516826347838,7.75799342670184e-05
1660,2.9477051216103236,7.732432952653114e-05
1661,2.9831509327891714,7.714945996811114e-05
1662,2.9606973693332614,7.726035108175394e-05
1663,2.862768062792372,7.773918083733935e-05
1664,3.5492310937444405,7.422779167858691e-05
1665,3.3785917766491957,7.513281923169442e-05
1666,3.240992503711615,7.584778180318613e-05
1667,3.177496571235435,7.617304428753024e-05
1668,3.1811670057161194,7.615432419909434e-05
1669,3.199600135464443,7.606015803388497e-05
1670,3.1877621748817733,7.612066184025435e-05
1671,3.118754810177034,7.647125345953283e-05
1672,3.0139155053029127,7.699686632929115e-05
1673,2.9813896541607416,7.715817305085526e-05
1674,2.986078034108145,7.713497402392788e-05
1675,2.964843441544475,7.723990556045306e-05
1676,2.917741835347721,7.747135516612777e-05
1677,2.8740562226241306,7.768439103950026e-05
1678,2.9310271287011758,7.740625664401433e-05
1679,3.0973635836845705,7.657919340082824e-05
1680,3.7117331973881607,7.334803258935349e-05
1681,3.599608559078514,7.395687264844256e-05
1682,3.5353562156789495,7.430211478239437e-05
1683,3.517607619298612,7.439700179733416e-05
1684,3.519554876844242,7.438660167782028e-05
1685,3.503054360795235,7.447464906938285e-05
1686,3.433210982230775,7.484529844731247e-05
1687,3.302671994456089,7.552898141523987e-05
1688,3.148706422424561,7.631952833494303e-05
1689,3.039865034407791,7.686757011874875e-05
1690,2.989971016537304,7.711569737314129e-05
1691,2.9497506621079617,7.731426564561369e-05
1692,2.9020560843819836,7.75480293715048e-05
1693,2.8670199985055325,7.771855553957351e-05
1694,3.952027918327679,7.201736597547035e-05
1695,3.8942861277767244,7.234021399078674e-05
1696,3.869024007969653,7.248085807210637e-05
1697,3.85956372833536,7.25334315585355e-05
1698,3.8338487824757537,7.267607150123132e-05
1699,3.757484171766002,7.309734160375836e-05
1700,3.6171858872330414,7.386195702249163e-05
1701,3.4283099044343244,7.487118267054095e-05
1702,3.2251092191798083,7.592942598768704e-05
1703,3.0683762371245566,7.672489835317735e-05
1704,2.9897072776980074,7.711700369693483e-05
1705,2.94419689466454,7.734158177536141e-05
1706,4.213103971285338,7.053485731179875e-05
1707,4.186263400499164,7.068891703637086e-05
1708,4.171032084642437,7.07761796133757e-05
1709,4.140197799080522,7.095247025898675e-05
1710,4.0625490865011695,7.139421688737111e-05
1711,3.923386319966039,7.217774557236646e-05
1712,3.729246608917543,7.325222070904491e-05
1713,3.4971795603245535,7.450595315924884e-05
1714,3.25964550601382,7.575166348876541e-05
1715,3.077002061026021,7.668160889837987e-05
1716,4.44551897873886,6.918624233508375e-05
1717,4.4297475212447175,6.927855265565031e-05
1718,4.400437624910836,6.944980600909659e-05
1719,4.32895936539065,6.986578772017594e-05
1720,4.199850187427516,7.061097687557112e-05
1721,4.013961496755701,7.166899415814092e-05
1722,3.7816023749688963,7.296467128922247e-05
1723,3.519065188915337,7.438921729327126e-05
1724,4.62418290875494,6.813301218935426e-05
1725,4.603100594049271,6.825798852030643e-05
1726,4.544700603907214,6.860323144827288e-05
1727,4.4322198977926845,6.926408919865774e-05
1728,4.263346691269942,7.024550738257916e-05
1729,4.043194974843657,7.150382356615043e-05
1730,4.741603426204421,6.743372863544707e-05
1731,4.70314660881215,6.766334134420241e-05
1732,4.612125699505766,6.82045095924349e-05
1733,4.464717008735232,6.9073726887637e-05
1734,4.799014831783659,6.708991716179186e-05
1735,4.735232235790179,6.747180753989909e-05
1736,3.2409854881617237,7.58478179059995e-05
1737,3.1690012448380096,7.621633357191472e-05
1738,3.165913928604023,7.623205199951225e-05
1739,3.1937099701755547,7.609027576996607e-05
1740,3.2225955944452402,7.59423295786502e-05
1741,3.2382279728008125,7.586200558489943e-05
1742,3.239525193812373,7.585533195703061e-05
1743,3.5304273016829524,7.432848661733902e-05
1744,3.507562411825918,7.445061203808552e-05
1745,3.5179358318053544,7.439524902259015e-05
1746,3.5398757322317325,7.427791923333223e-05
1747,3.5499063245060016,7.422417144377267e-05
1748,3.526333865194519,7.435037600961959e-05
1749,3.462907744442577,7.468810731363107e-05
1750,3.378536236348705,7.513311054228137e-05
1751,3.298854071089642,7.554879518154797e-05
1752,3.2363637575298383,7.587159397554146e-05
1753,3.189470230505684,7.611193844554402e-05
1754,3.160704039288393,7.625856073667885e-05
1755,3.862910623098431,7.251483788407079e-05
1756,3.860617728762888,7.252757676602736e-05
1757,3.8714962205880283,7.246711066702769e-05
1758,3.8705584255506507,7.247232594867035e-05
1759,3.830270963439553,7.269588663221549e-05
1760,3.735997307476685,7.321523859379976e-05
1761,3.599970205264152,7.395492181179612e-05
1762,3.4506183981596066,7.475323060790652e-05
1763,3.3248175708154246,7.541384638996784e-05
1764,3.2400962242411424,7.585239386530778e-05
1765,4.1739396385513,7.075953091346642e-05
1766,4.175559375914189,7.075025440028559e-05
1767,4.166764018575794,7.080061080144848e-05
1768,4.118575024427552,7.107580184890522e-05
1769,4.012961583544034,7.167463545981772e-05
1770,3.8544558621129004,7.256179566475321e-05
1771,3.6627891276265063,7.361478042083125e-05
1772,3.4728818812754327,7.463517704451347e-05
1773,4.425876086803304,6.930119511545803e-05
1774,4.415039505249327,6.93645380040972e-05
1775,4.367508164790731,6.964174022186288e-05
1776,4.262759670544039,7.024889524391742e-05
1777,4.099961632607584,7.118177262873352e-05
1778,3.8918116965384426,7.235400645020631e-05
1779,4.598224619761994,6.828686765753518e-05
1780,4.560224304901444,6.851159844260422e-05
1781,4.465395159989999,6.90697494111899e-05
1782,4.309222021362568,6.998023079425147e-05
1783,4.68415457942482,6.777652774743439e-05
1784,4.607699455707382,6.823074176550478e-05
1785,3.5168911069279107,7.440082798528647e-05
1786,3.5536301061320614,7.42042010668526e-05
1787,3.606190803271239,7.392135263671228e-05
1788,3.659388159971521,7.36332598819378e-05
1789,3.6932869628218232,7.344874175646391e-05
1790,3.88150110774744,7.241143946531026e-05
1791,3.918479897746599,7.220517247677092e-05
1792,3.9506347475755774,7.20251778205128e-05
1793,3.9527983030550673,7.201304577262307e-05
1794,3.9089678497839664,7.225830562550837e-05
1795,3.8238012179183523,7.273169893140038e-05
1796,3.719228860447181,7.330704876514499e-05
1797,3.622992224021853,7.383055968017174e-05
1798,4.198374058752877,7.061944915602158e-05
1799,4.216421922130457,7.051578775556497e-05
1800,4.20123359402386,7.060303577894803e-05
1801,4.132802206283522,7.099468049817888e-05
1802,4.013886120974653,7.1669419431684e-05
1803,3.8650792030994743,7.250278684025103e-05
1804,4.427303047741374,6.929285018020204e-05
1805,4.40680726674748,6.941262225892807e-05
1806,4.329289917475057,6.986386950484996e-05
1807,4.192560088892995,7.065280789601334e-05
1808,4.545639084902397,6.859769467760019e-05
1809,4.471054956456509,6.903654581337725e-05
1810,3.98848224026822,7.181257108350752e-05
1811,4.060161891270295,7.140774701825279e-05
1812,4.105916987761162,7.114788710109653e-05
1813,4.266574121149628,7.022687797101463e-05
1814,4.287252760032287,7.01073961638629e-05
1815,4.255739443088771,7.028939787457627e-05
1816,4.172641276398798,7.076696588920199e-05
1817,4.41579784831372,6.936010700025561e-05
1818,4.366525257284733,6.964746155247993e-05
1819,4.343256145703234,6.978277544385899e-05
1820,3.7615520893508605,7.307498943416487e-05
1821,3.7525163236962764,7.31246249698585e-05
1822,3.723722466575228,7.328246251714654e-05
1823,3.6709243405003957,7.357054734231992e-05
1824,3.589372628279766,7.4012053384789e-05
1825,3.4761780581327884,7.461767019471371e-05
1826,3.3319799252264235,7.537653405410747e-05
1827,3.161299675071365,7.625553108714763e-05
1828,2.9715589764104897,7.720675977794308e-05
1829,2.8169639004240996,7.796040399907297e-05
1830,2.9473985573589396,7.732583750284858e-05
1831,3.0381600043193484,7.687608194890381e-05
1832,3.0849959283949504,7.66414392631365e-05
1833,3.7841806914131833,7.295046753670274e-05
1834,3.7960507424070284,7.288502462032305e-05
1835,3.783620163619108,7.295355578387822e-05
1836,3.7414044995837163,7.318559633978446e-05
1837,3.6652326605241368,7.360149874810422e-05
1838,3.5540797618181306,7.420178897656547e-05
1839,3.4107630273950593,7.496371753513972e-05
1840,3.2413323663601923,7.584603278815365e-05
1841,3.0535144870034356,7.679934700668563e-05
1842,2.9246549451600905,7.743749867261597e-05
1843,3.02373509313673,7.694800193386187e-05
1844,3.0828257632106735,7.665234937692272e-05
1845,3.097980909103187,7.657608332681735e-05
1846,3.07053659518124,7.671406185187175e-05
1847,3.0050866315250517,7.70407352693554e-05
1848,2.994569634688353,7.709291101897532e-05
1849,3.1680779599567934,7.622103503871264e-05
1850,3.3491753085738707,7.528680534555535e-05
1851,3.511863976824982,7.44276632937419e-05
1852,3.646357781907317,7.370399369483754e-05
1853,3.74589098511961,7.316098777869315e-05
1854,3.806825379265604,7.282554773413064e-05
1855,3.8280088178390157,7.270841122067479e-05
1856,3.8068021315030665,7.282567613856e-05
1857,3.8486617213673773,7.259395213769849e-05
1858,3.8769954472240027,7.243651796896203e-05
1859,3.8752476283291095,7.244624315216057e-05
1860,3.838453101556864,7.265056013434732e-05
1861,3.764318086078689,7.305978523082176e-05
1862,3.6540985483533466,7.366198689245697e-05
1863,3.512255876773753,7.442557190126107e-05
1864,3.345119095243527,7.530799036609763e-05
1865,3.1591908354697606,7.626625630869687e-05
1866,3.056672523736385,7.678354156426258e-05
1867,3.123666926960337,7.64464172877248e-05
1868,3.1572013461599804,7.62763714474465e-05
1869,3.171263933156903,7.620480899824852e-05
1870,3.2007046134737207,7.605450770421917e-05
1871,3.3093710074474623,7.549419036049132e-05
1872,3.470015121961583,7.465039715053734e-05
1873,3.635150775181041,7.376474310497983e-05
1874,3.7835893989686085,7.295372527728837e-05
1875,3.9007238019853427,7.230431389943988e-05
1876,3.9725904871018916,7.19019398617018e-05
1877,3.986559611950033,7.182339063287554e-05
1878,3.9357083598574185,7.210880489700063e-05
1879,3.946391266172994,7.204896530197714e-05
1880,3.985861739806267,7.182731738582689e-05
1881,3.989955332266545,7.180427990280436e-05
1882,3.9554320929547684,7.1998273347035e-05
1883,3.8822161431602686,7.240745849507775e-05
1884,3.773241587019515,7.30107025945414e-05
1885,3.6333147414758407,7.377468797836283e-05
1886,3.4675441953151482,7.46635112339391e-05
1887,3.2801185533156416,7.564587361512669e-05
1888,3.3011812251182353,7.553671926868774e-05
1889,3.3733504653731505,7.516030052577974e-05
1890,3.4516515938529726,7.474775950406005e-05
1891,3.5583191242907866,7.417904119573458e-05
1892,3.690289402017994,7.346508719603017e-05
1893,3.836343649208729,7.26622496313901e-05
1894,3.979654646096101,7.186223124958872e-05
1895,4.102745909872176,7.116593262595293e-05
1896,4.1846667406030225,7.069807008598838e-05
1897,4.200141366170551,7.060930551757737e-05
1898,4.131198080429,7.100383227236723e-05
1899,4.067089301154302,7.136847544512859e-05
1900,4.113084871214884,7.11070776176113e-05
1901,4.119849352592098,7.106854012283375e-05
1902,4.086190160691719,7.12600594794187e-05
1903,4.013707560269349,7.167042686676903e-05
1904,3.90583089312323,7.227581691463412e-05
1905,3.7663627719142827,7.304854295593482e-05
1906,3.5982661858095986,7.396411310337344e-05
1907,3.6305950747519464,7.378941508410697e-05
1908,3.730191613673843,7.324704541282122e-05
1909,3.837907567749977,7.265358345337745e-05
1910,3.9626051600849865,7.19580212074005e-05
1911,4.093071199191506,7.122095531303962e-05
1912,4.222898460384629,7.047854871269025e-05
1913,4.340519263189146,6.979867422651079e-05
1914,4.426372804606045,6.9298290390126e-05
1915,4.448473664792569,6.916893621239947e-05
1916,4.3726575370308,6.961175931687639e-05
1917,4.2014896440878555,7.06015658823899e-05
1918,4.25044414327293,7.031993267943755e-05
1919,4.25778254851578,7.027761283547797e-05
1920,4.223992763618396,7.047225457983578e-05
1921,4.151398277271033,7.088848974177338e-05
1922,4.042786360442762,7.150613546076872e-05
1923,3.924923027786667,7.216915255013043e-05
1924,4.009577683665145,7.169372264502012e-05
1925,4.116937125894106,7.108513412269264e-05
1926,4.235749389658948,7.040459610445983e-05
1927,4.3592672905416725,6.968969499404334e-05
1928,4.48200230348468,6.89722825335482e-05
1929,4.594482358655492,6.830902551150338e-05
1930,4.681804374985818,6.779052450295231e-05
1931,4.71268100849499,6.760646706629513e-05
1932,4.639293200009841,6.804332786493641e-05
1933,4.341657957919638,6.97920598800313e-05
1934,4.390394897072156,6.950839434127411e-05
1935,4.3962049962838226,6.947450438997314e-05
1936,4.360588911597558,6.968200642775969e-05
1937,4.285679556391659,7.011649347057059e-05
1938,4.281058707478159,7.014320735971461e-05
1939,4.364092795204945,6.966161855486732e-05
1940,4.472088960656986,6.903047823290209e-05
1941,4.59258158708564,6.83202777453086e-05
1942,4.717077740192277,6.758022812996183e-05
1943,4.8321754262614185,6.689078779921243e-05
1944,4.927036449907965,6.631903158497345e-05
1945,4.972908479127072,6.604146644235032e-05
1946,4.910875691465274,6.641665336123382e-05
1947,4.479935939154287,6.898441655227465e-05
1948,4.525092458678834,6.871882867960488e-05
1949,4.526749498777286,6.870906613450881e-05
1950,4.513707271627569,6.878587343842434e-05
1951,4.565125871303571,6.848264460468795e-05
1952,4.649908708981665,6.79802669361636e-05
1953,4.759152176497366,6.732876596168084e-05
1954,4.881377042143534,6.659461880282436e-05
1955,5.0126736345036775,6.580030734281868e-05
1956,5.12699047777412,6.510433828635847e-05
1957,5.205620106831133,6.462346071656484e-05
1958,5.170583976391296,6.483794178024352e-05
1959,4.608421672191244,6.822646208650055e-05
1960,4.648984478720087,6.79857590625978e-05
1961,4.685655192495904,6.776758965159548e-05
1962,4.745849511381873,6.74083424656851e-05
1963,4.8349025143803095,6.687439422902468e-05
1964,4.947604116415006,6.619466429558467e-05
1965,5.073976418230249,6.542757419926651e-05
1966,5.203230229839467,6.463810132636409e-05
1967,5.346976816299039,6.375490721172505e-05
1968,5.407601588827192,6.338093992757134e-05
1969,4.7196109935059765,6.756510676886202e-05
1970,4.76650004986778,6.728478284965157e-05
1971,4.826345418357921,6.692582538848748e-05
1972,4.911740060369656,6.64114341994112e-05
1973,5.021139997884559,6.574889843802133e-05
1974,5.145118801933181,6.499362191956905e-05
1975,5.269318925254118,6.423268677333684e-05
1976,5.390692125743461,6.348533000981161e-05
1977,4.807433101723837,6.703940272397685e-05
1978,4.851232530921881,6.677617354315353e-05
1979,4.917320613590001,6.637773214961102e-05
1980,5.008111628355737,6.582799923751454e-05
1981,5.114384550027649,6.518127242524363e-05
1982,5.215816645189916,6.456097876637205e-05
1983,4.867798179539799,6.66764405620533e-05
1984,4.9021302101029445,6.646944552318513e-05
1985,4.96157079982632,6.611013266994971e-05
1986,5.039235063435162,6.563894874240309e-05
1987,4.898447012987374,6.649167147056907e-05
1988,4.9190869788104115,6.636706256159724e-05
1989,3.871268332991213,7.246837804652656e-05
1990,3.9074976464478586,7.226651337740098e-05
1991,3.891369802838948,7.235646918988e-05
1992,3.827903540027259,7.270899402760342e-05
1993,3.722930479747414,7.328679668841222e-05
1994,3.584096810620509,7.404046811638691e-05
1995,3.420923782947987,7.491015993147742e-05
1996,3.2468916564801393,7.581741127877812e-05
1997,3.1066717318834103,7.653226788958868e-05
1998,3.1026234842579683,7.655268468677617e-05
1999,3.1287482174903993,7.642070630245419e-05
2000,3.9689920193033745,7.192215663760535e-05
2001,4.014956105333114,7.16633822400222e-05
2002,4.001031446784523,7.174190040856198e-05
2003,3.9365644463385627,7.210401196723607e-05
2004,3.831565154140997,7.268871985618938e-05
2005,3.696119491090513,7.343329106097156e-05
2006,3.5416637839046894,7.426834303621832e-05
2007,3.387878968916678,7.508407720339612e-05
2008,3.288079859174764,7.560465301894113e-05
2009,3.2783852254783175,7.565484202485664e-05
2010,3.2998592380059804,7.554357971558041e-05
2011,3.351197677703344,7.527623844151287e-05
2012,3.4470910821699485,7.477190337681531e-05
2013,3.586246048521319,7.40288948438373e-05
2014,3.739704339636533,7.319491856122887e-05
2015,3.884637329112339,7.239397630468131e-05
2016,4.003849740235103,7.172601726746525e-05
2017,4.079717236846305,7.129682141696569e-05
2018,4.093589520686223,7.121800873382922e-05
2019,4.0334342775218825,7.155902374720846e-05
2020,4.089704090159113,7.124009335218356e-05
2021,4.1408404603745295,7.094880093869486e-05
2022,4.127757830150959,7.10234548891858e-05
2023,4.064813111721586,7.138138203172684e-05
2024,3.964760665507455,7.194591980399963e-05
2025,3.839662979927205,7.264385442640123e-05
2026,3.706813982294396,7.337491028671494e-05
2027,3.605529551088329,7.392492224329266e-05
2028,3.5884326751013598,7.401711715263066e-05
2029,3.638168515240105,7.374839283898609e-05
2030,3.7271344716255173,7.326378578749209e-05
2031,3.8433605996637183,7.262335514653391e-05
2032,3.9741688776021156,7.189306992563749e-05
2033,4.106617826553068,7.114389815142092e-05
2034,4.224696624762671,7.046820584771533e-05
2035,4.307164362807562,6.999215103411591e-05
2036,4.324889345368994,6.98894020717326e-05
2037,4.251986798713782,7.031103853705824e-05
2038,4.224128759925718,7.047147232458456e-05
2039,4.2778098075966495,7.016198359091394e-05
2040,4.266944290082469,7.022474095204778e-05
2041,4.209734489252744,7.055421739430125e-05
2042,4.121602901064942,7.105854618334986e-05
2043,4.022060150147612,7.162328305697422e-05
2044,3.9508094312664666,7.20241983868255e-05
2045,3.956394281670274,7.199287564048446e-05
2046,4.0265845575317964,7.159773039930443e-05
2047,4.127274537067668,7.102621101871038e-05
2048,4.244339246134823,7.035511882213831e-05
2049,4.363793483644318,6.966336036718599e-05
2050,4.474294779731614,6.90175328247221e-05
2051,4.5577856516943696,6.852599996977564e-05
2052,4.5821603712852434,6.838194312782023e-05
2053,4.5065427161037075,6.882803537493815e-05
2054,4.364316562280284,6.966031633857578e-05
2055,4.419561576238946,6.933811166327545e-05
2056,4.414444222790329,6.936801606131863e-05
2057,4.370616296899724,6.962364538611926e-05
2058,4.31248145730131,6.99613443866929e-05
2059,4.280739063873552,7.014505488965974e-05
2060,4.312931332621201,6.995873724023058e-05
2061,4.3965992278525095,6.947220430189067e-05
2062,4.504102641642991,6.88423896680061e-05
2063,4.617595321730775,6.81720828530906e-05
2064,4.725134626552473,6.753212694106553e-05
2065,4.81143170414788,6.701539989567294e-05
2066,4.845948862149282,6.680796362752393e-05
2067,4.776408942723265,6.722543839199337e-05
2068,4.502618582277537,6.885111872895985e-05
2069,4.559384461773792,6.85165584378793e-05
2070,4.566974136066147,6.847172419573916e-05
2071,4.5550717352385695,6.854202414425887e-05
2072,4.563151087910532,6.84943109711952e-05
2073,4.618788116409525,6.816500974369932e-05
2074,4.712809935139741,6.760569775922442e-05
2075,4.824723471924421,6.693557093410297e-05
2076,4.941340255319737,6.623255492207816e-05
2077,5.039780129326516,6.563563524555901e-05
2078,5.095337021720112,6.529743310817828e-05
2079,5.042394422745688,6.561974150166413e-05
2080,4.6311668457000845,6.809157170863243e-05
2081,4.690132747847941,6.774091481488744e-05
2082,4.72263259625551,6.754706718931816e-05
2083,4.7655952126360175,6.729020012759414e-05
2084,4.8418921968189,6.683236460880204e-05
2085,4.946902391130067,6.619890972861178e-05
2086,5.0659650088034915,6.547634957626031e-05
2087,5.196417615232813,6.467982768689696e-05
2088,5.297827893435482,6.405745922327326e-05
2089,5.290377474943685,6.410327185787817e-05
2090,4.742481009743728,6.742848235938436e-05
2091,4.804365775350703,6.705781139281212e-05
2092,4.868494964655303,6.667224350691709e-05
2093,4.957763133995955,6.613318436592547e-05
2094,5.071027738684091,6.544552868383162e-05
2095,5.19636778859478,6.468013282276204e-05
2096,5.339187209975623,6.380289685801493e-05
2097,5.459696948743758,6.305894199006849e-05
2098,4.830474322525422,6.690101245428535e-05
2099,4.8934954162288875,6.652154425037159e-05
2100,4.977311559515038,6.601478824158287e-05
2101,5.084028493238736,6.536634787481486e-05
2102,5.200280724279154,6.465616817709669e-05
2103,5.30172624734397,6.403348283099871e-05
2104,4.891005196820251,6.653656450427107e-05
2105,4.949623276980826,6.618244749310449e-05
2106,5.033134562156582,6.567602797131859e-05
2107,5.126755495049942,6.510577280305074e-05
2108,4.921755481994751,6.635094171271245e-05
2109,4.968639956285743,6.606732343754204e-05
2110,4.154189033733359,7.08725380168777e-05
2111,4.2190051707864304,7.050093700669694e-05
2112,4.2045046084847115,7.05842555119752e-05
2113,4.129689492103717,7.101243776883918e-05
2114,4.017282624333485,7.165025311481236e-05
2115,3.886820845804792,7.238181464423653e-05
2116,3.758091527718983,7.309400497833182e-05
2117,3.6553669702779543,7.365509991933863e-05
2118,3.599518144746893,7.39573603593862e-05
2119,4.288648957911407,7.00993214202237e-05
2120,4.355552291085373,6.971130274287107e-05
2121,4.34311755198724,6.978358063113855e-05
2122,4.276245058266597,7.017102485359228e-05
2123,4.180100319496961,7.072424051015572e-05
2124,4.077683262138381,7.130836844514436e-05
2125,3.9954042929968416,7.177360041525967e-05
2126,3.960082660870792,7.197217967227511e-05
2127,3.981112107487465,7.18540351979517e-05
2128,4.0520353077774205,7.145378383863878e-05
2129,4.151834088068603,7.088599894906605e-05
2130,4.262915898627727,7.02479936242605e-05
2131,4.367286880532504,6.964302831747027e-05
2132,4.44328852407059,6.919930393051025e-05
2133,4.460473928403105,6.90986086955832e-05
2134,4.386353361010664,6.953195924705746e-05
2135,4.4288148605458035,6.92840080282243e-05
2136,4.497075882468858,6.888371181753941e-05
2137,4.491694465504859,6.891534377598802e-05
2138,4.441311490226656,6.921087963313434e-05
2139,4.374940934590889,6.959846088870252e-05
2140,4.323013965378762,6.990028042783788e-05
2141,4.314020646347501,6.995242397921148e-05
2142,4.355828776644062,6.970969482698442e-05
2143,4.433067792568907,6.925912836408737e-05
2144,4.527924848482723,6.870214078640996e-05
2145,4.622746570407623,6.814153253568563e-05
2146,4.697432408411443,6.769741078507998e-05
2147,4.719838077370329,6.756375115276122e-05
2148,4.645477049140569,6.8006598452564e-05
2149,4.567077013821362,6.84711163042489e-05
2150,4.636901588229295,6.805752892359248e-05
2151,4.6453055310414975,6.800761740182888e-05
2152,4.6241635650631565,6.81331269414832e-05
2153,4.608150564478081,6.822806862964834e-05
2154,4.6265275666441745,6.81191019147386e-05
2155,4.68616025956696,6.776458112593876e-05
2156,4.77261363845733,6.724817277180052e-05
2157,4.863614265057767,6.670163866668833e-05
2158,4.9422730290186605,6.622691330782005e-05
2159,4.976421635101444,6.602018078016621e-05
2160,4.910937270104306,6.641628155038868e-05
2161,4.695688181643617,6.770780778157407e-05
2162,4.767704825730645,6.727756936459479e-05
2163,4.798903832351698,6.709058305125717e-05
2164,4.823485550453107,6.694300841819964e-05
2165,4.870910570635069,6.665769191301151e-05
2166,4.949006018407285,6.618618231775854e-05
2167,5.051097653245275,6.556681478759543e-05
2168,5.145026216728136,6.499418760628047e-05
2169,5.207662975117276,6.461094471191416e-05
2170,5.165138151013379,6.487124962864915e-05
2171,4.807259435033034,6.704044508113995e-05
2172,4.8821438777156905,6.65899962190746e-05
2173,4.943916537763851,6.621697232366527e-05
2174,5.0196517591103,6.575793683243089e-05
2175,5.117804745191309,6.516040341669785e-05
2176,5.229875813538661,6.447478271410995e-05
2177,5.356505015305296,6.369618736641952e-05
2178,5.396445688344693,6.344981765301533e-05
2179,4.895672257963027,6.650841247514071e-05
2180,4.972585930944754,6.6043420513468e-05
2181,5.060793303941808,6.550782599489051e-05
2182,5.168129068689884,6.485295753505176e-05
2183,5.283852037924797,6.414338556891387e-05
2184,5.399886172580498,6.34285786597639e-05
2185,4.956638142506061,6.61399941927621e-05
2186,5.030999797806298,6.568900051661286e-05
2187,5.125627958672508,6.511265594091515e-05
2188,5.223973687755799,6.451097464430412e-05
2189,4.987662777379914,6.59520460354982e-05
2190,5.051137504051476,6.556657239132019e-05
2191,4.526216173746084,6.871220837667075e-05
2192,4.600764546442457,6.827182553874211e-05
2193,4.589099179846274,6.834088913778621e-05
2194,4.527306007909048,6.870578716718797e-05
2195,4.4471439061444435,6.917672532649928e-05
2196,4.373818265171615,6.960499957779038e-05
2197,4.3297652146140075,6.9861111233917e-05
2198,4.664067295057163,6.78960890168692e-05
2199,4.7393256356729765,6.744734413192367e-05
2200,4.739407964933489,6.744685204254403e-05
2201,4.701862175900267,6.767100053681846e-05
2202,4.661275967228591,6.791269073116693e-05
2203,4.644979317520839,6.800955532844465e-05
2204,4.666341421841816,6.788256114472219e-05
2205,4.716698830469961,6.758248968784112e-05
2206,4.7827936724485145,6.718718110254925e-05
2207,4.840455115217998,6.684100731920245e-05
2208,4.855483557860316,6.675058945214775e-05
2209,4.7821617429723196,6.719096828736913e-05
2210,4.792410632166534,6.712952823044711e-05
2211,4.8692244911257,6.666784905629924e-05
2212,4.889189253243517,6.654751640255623e-05
2213,4.8897750739411485,6.654398345882771e-05
2214,4.903985681401345,6.645824710444103e-05
2215,4.947150413418734,6.619740921386257e-05
2216,5.009544330012605,6.581930327382448e-05
2217,5.07057914933614,6.544825991437255e-05
2218,5.098608176237314,6.527749155907936e-05
2219,5.036373247473845,6.565634445329879e-05
2220,4.9040594990555,6.645780156510157e-05
2221,4.983652956123931,6.597635494751271e-05
2222,5.032774684182362,6.567821497711543e-05
2223,5.083142948769176,6.537174284658174e-05
2224,5.152279679386308,6.49498623969705e-05
2225,5.239311179058162,6.441690611174259e-05
2226,5.304245455233942,6.401798675529249e-05
2227,5.273254803123539,6.42085072971639e-05
2228,4.992884854781086,6.59203803818687e-05
2229,5.075572312591114,6.541785573722068e-05
2230,5.156305191728129,6.492525656317147e-05
2231,5.2506763062204005,6.434716188776553e-05
2232,5.367624206700171,6.362763617664184e-05
2233,5.481388696374417,6.292469919425921e-05
2234,5.0543798976789125,6.554684862336289e-05
2235,5.136502583032533,6.504625589480735e-05
2236,5.231643876942314,6.44639391561047e-05
2237,5.326357679083403,6.388190501863608e-05
2238,5.085764714512926,6.535576968544896e-05
2239,5.157929106908275,6.491532915438117e-05
2240,4.9095170589273724,6.642485643993111e-05
2241,4.98285881115509,6.598116872152646e-05
2242,4.9825894891603895,6.598280119310506e-05
2243,4.953970433504888,6.615614079694273e-05
2244,4.932224951982343,6.628767119296916e-05
2245,5.020697693565311,6.57515847187988e-05
2246,5.096074248106657,6.529293911469878e-05
2247,5.121024462422454,6.514075460666215e-05
2248,5.1354438891257335,6.505272170834668e-05
2249,5.1643079606330256,6.487632653746434e-05
2250,5.195139973462352,6.468765169178754e-05
2251,5.20768835873915,6.461078918756813e-05
2252,5.146335749966094,6.498618626117775e-05
2253,5.109616556003062,6.521035969791832e-05
2254,5.189232277256483,6.47238234634178e-05
2255,5.249309497893072,6.43555513121058e-05
2256,5.3140002670059205,6.395796875318964e-05
2257,5.380433165224447,6.354863242315597e-05
2258,5.360880783113478,6.366921360281475e-05
2259,5.171508579075442,6.483228590261226e-05
2260,5.253797950584062,6.432799955148044e-05
2261,5.341382789021211,6.378937192899362e-05
2262,5.437672073901714,6.319514670267268e-05
2263,5.203221202571094,6.463815662537422e-05
2264,5.277504606160462,6.418239492259432e-05
2265,5.234834815776649,6.444436703027746e-05
2266,5.30004926194805,6.404379739720978e-05
2267,5.31683402554232,6.394052931270028e-05
2268,5.296832969731281,6.406357779697712e-05
2269,5.370512724086291,6.360982348181974e-05
2270,5.433710745565343,6.321963323130286e-05
2271,5.422704565320909,6.328764917339323e-05
2272,5.328750915835917,6.386716969039616e-05
2273,5.400771083613385,6.3423115453774e-05
2274,5.454698071826328,6.30898645987611e-05
2275,3.7615520893508605,7.307498943416487e-05
2276,5.599340812023967,6.219312940334021e-05
2277,5.597526093940295,6.22044041927473e-05
2278,5.602465508979437,6.217371440128255e-05
2279,5.622208816543238,6.2051002111771e-05
2280,5.66187424702405,6.180426725679789e-05
2281,5.720936861264627,6.143640782151721e-05
2282,5.793114586069558,6.0986166136262044e-05
2283,5.868693830797129,6.051396881186834e-05
2284,5.937813751469172,6.008154665467123e-05
2285,5.993082500204498,5.973542963370993e-05
2286,6.0305971473900035,5.950033993282695e-05
2287,6.049286931991107,5.938317524927664e-05
2288,5.553088794012031,6.248030783738492e-05
2289,5.534450235020912,6.259592337899801e-05
2290,5.542342889395331,6.254697298187186e-05
2291,5.566631479105652,6.239626157278155e-05
2292,5.610285650770235,6.212511724551879e-05
2293,5.673329915841864,6.173296053878863e-05
2294,5.750366833636873,6.125291337387592e-05
2295,5.832157641145411,6.074232472220371e-05
2296,5.908685239249284,6.02638407241032e-05
2297,5.9719176095481545,5.986800741020461e-05
2298,6.0171909694910735,5.9584364857883974e-05
2299,6.042927904197618,5.942304253417697e-05
2300,6.0492081025477935,5.9383669481632137e-05
2301,6.0363421983848795,5.946432762736237e-05
2302,6.003807832453253,5.966823039687368e-05
2303,5.951875106606835,5.999351602125308e-05
2304,5.883078284793213,6.042402116242845e-05
2305,5.803441800185917,6.092168711807863e-05
2306,5.722289269252704,6.142797839431662e-05
2307,5.6504008340216325,6.187566319634361e-05
2308,5.597012948164327,6.220759224721528e-05
2309,5.566963931500079,6.239419794048342e-05
2310,5.560016687727065,6.243731736741358e-05
2311,5.574344802464843,6.234837746199691e-05
2312,5.424797662907092,6.327471625942742e-05
2313,5.390613297891696,6.348581650293633e-05
2314,5.420649851132351,6.33003440042069e-05
2315,5.485508073527025,6.289919496436596e-05
2316,5.571458833149363,6.236629475113434e-05
2317,5.669124700062248,6.175913867658548e-05
2318,5.768709642954992,6.113848440851244e-05
2319,5.8605580752048825,6.056483207533433e-05
2320,5.936984447581851,6.008673786786385e-05
2321,5.993428749740942,5.973326037594405e-05
2322,6.028275762728098,5.951489055872008e-05
2323,6.041524969289757,5.943183767047985e-05
2324,6.033903427403147,5.947961515380119e-05
2325,6.004551953431932,5.9663567758171905e-05
2326,5.9526666955472916,5.99885597264024e-05
2327,5.879303371458587,6.0447628410553214e-05
2328,5.789059447035081,6.101148096874547e-05
2329,5.691209484007971,6.162162622343738e-05
2330,5.5995528748447905,6.21918118256273e-05
2331,5.530568310677198,6.261999481302803e-05
2332,5.499112034865285,6.281494482361377e-05
2333,5.5119183991639895,6.273560074085662e-05
2334,5.257253395384519,6.43067852775959e-05
2335,5.234163189874549,6.444848677270964e-05
2336,5.3061408967047505,6.400632655705751e-05
2337,5.421912350901526,6.329254389292964e-05
2338,5.550864121442844,6.249411097007871e-05
2339,5.677132046263309,6.170928925334015e-05
2340,5.790604219236676,6.100183774676293e-05
2341,5.884515084689865,6.0415035397336744e-05
2342,5.955146795884646,5.9973030933135864e-05
2343,6.001296224211814,5.968396770150845e-05
2344,6.022989676391914,5.9548022537149094e-05
2345,6.019991254559841,5.956681493835832e-05
2346,5.992825582746063,5.973703921799405e-05
2347,5.939070134913885,6.0073681909643944e-05
2348,5.858691767046408,6.0576498802437936e-05
2349,5.755578580290689,6.122040543441075e-05
2350,5.640543660156454,6.193698449406095e-05
2351,5.53392202682113,6.259919891514014e-05
2352,5.464221243127932,6.303095064549872e-05
2353,5.454005364260464,6.309414921648252e-05
2354,5.1076269314115805,6.522249552050997e-05
2355,5.125053178553279,6.511616459404516e-05
2356,5.250602329411302,6.434761596718e-05
2357,5.409182737482579,6.337117553409908e-05
2358,5.5642631516932815,6.24109619103719e-05
2359,5.701380887026592,6.15582677249811e-05
2360,5.814184884577024,6.085459686438112e-05
2361,5.900087635110779,6.031762974065791e-05
2362,5.958562738428228,5.995164152287479e-05
2363,5.989681841310101,5.975673423853505e-05
2364,5.990580205710328,5.975110622395313e-05
2365,5.964873986316252,5.991211980139095e-05
2366,5.908318503288566,6.026613528926332e-05
2367,5.820550536399245,6.0814836585103415e-05
2368,5.706333718827437,6.152741040312378e-05
2369,5.58140295972615,6.230455116478337e-05
2370,5.478439408856376,6.294295696220496e-05
2371,5.436852131508147,6.320021536273268e-05
2372,5.033910369292882,6.567131319765317e-05
2373,5.106505301274085,6.522933646092136e-05
2374,5.271997652552001,6.421623083484253e-05
2375,5.447831885665829,6.313232973031088e-05
2376,5.604294789740402,6.216234755027225e-05
2377,5.732846129627999,6.136216925658858e-05
2378,5.831592322787548,6.074585676574681e-05
2379,5.900697196951271,6.0313816414578754e-05
2380,5.940260668000892,6.0066229230379616e-05
2381,5.948950083851418,6.001182963568998e-05
2382,5.917894854622856,6.020621402775019e-05
2383,5.857831918142409,6.058187378022105e-05
2384,5.763811040017906,6.116904822361874e-05
2385,5.644724332652296,6.191097856638622e-05
2386,5.529042221674373,6.262945715479919e-05
2387,5.46660638844314,6.301619229750218e-05
2388,5.0721452292015154,6.543872459717952e-05
2389,5.186397476255206,6.474117710975974e-05
2390,5.3584327700042005,6.36843045552245e-05
2391,5.5217050228259925,6.267494438982276e-05
2392,5.657257103237627,6.183300106466835e-05
2393,5.761787437437625,6.11816731013451e-05
2394,5.835738592350892,6.071995043792709e-05
2395,5.879230355945345,6.0448085013187273e-05
2396,5.890330986690757,6.0378660311271905e-05
2397,5.852311149884889,6.061638241750592e-05
2398,5.78668071566408,6.102632954927574e-05
2399,5.688286246971017,6.163983235203801e-05
2400,5.57922709520336,6.23180627423205e-05
2401,5.515723746106833,6.271201785417124e-05
2402,5.212245953112068,6.458286224032612e-05
2403,5.338127553181418,6.380942401751194e-05
2404,5.4859921066808015,6.289619795367555e-05
2405,5.614533308398524,6.209871634339167e-05
2406,5.713554389201134,6.14824172570805e-05
2407,5.782282384459616,6.105378293550022e-05
2408,5.820781183742775,6.081339585029912e-05
2409,5.826813835677564,6.077571061467911e-05
2410,5.775464662570839,6.109633245538603e-05
2411,5.697287420298719,6.158376817402031e-05
2412,5.595720664139102,6.221562069974989e-05
2413,5.54103143515721,6.255510746226821e-05
2414,5.406834614790235,6.33856761834528e-05
2415,5.521262627788427,6.267768670304105e-05
2416,5.630693657813013,6.199824505062762e-05
2417,5.714401438864609,6.14771386421719e-05
2418,5.768081539563629,6.114240351423885e-05
2419,5.791434334814206,6.0996655629248344e-05
2420,5.782661666604497,6.105141564468865e-05
2421,5.736410939339151,6.133994334233777e-05
2422,5.604961017106833,6.215820757757978e-05
2423,5.50479296233359,6.277975161891182e-05
2424,5.607569491821286,6.214199763221717e-05
2425,5.699464085370872,6.157020885284877e-05
2426,5.769190177883119,6.113548603237967e-05
2427,5.807997239600905,6.0893240345657786e-05
2428,5.8149082246947845,6.085007909385502e-05
2429,5.790113724392209,6.100489968933545e-05
2430,5.733189313840238,6.136002964825554e-05
2431,5.615231704162053,6.209437523504337e-05
2432,5.781929162345116,6.105598755512546e-05
2433,5.845956519542477,6.0656098770471304e-05
2434,5.878246708368861,6.045423619600175e-05
2435,5.876526442377718,6.04649935148787e-05
2436,5.843528954660287,6.0671269734970215e-05
2437,5.786973388872031,6.102450265749984e-05
2438,5.909498764515547,6.025875067088333e-05
2439,5.941890164744893,6.005602843002978e-05
2440,5.938344144866322,6.007822650226137e-05
2441,5.901959919537367,6.0305916885883515e-05
2442,5.976877727462294,5.9836940693170374e-05
2443,5.975277473847537,5.9846963814144e-05
2444,5.489688110994644,6.287331167981524e-05
2445,5.483172291708967,6.29136568707921e-05
2446,5.512350568496461,6.273292259873459e-05
2447,5.571614302063972,6.236532957443625e-05
2448,5.652910885727727,6.186004565747854e-05
2449,5.745208655353803,6.128508339458364e-05
2450,5.836629871173052,6.071438135782806e-05
2451,5.917027191211151,6.0211643581129195e-05
2452,5.979665025487706,5.9819482006399005e-05
2453,6.021487637292538,5.955743655604017e-05
2454,6.042030453346763,5.9428668759169496e-05
2455,5.3449442644363065,6.376743057794824e-05
2456,5.367363380396333,6.362924452733727e-05
2457,5.439824937352127,6.318183761014768e-05
2458,5.541680419677107,6.255108208450043e-05
2459,5.655280986126164,6.184529795050013e-05
2460,5.7662313776741305,6.115394744416395e-05
2461,5.863736845052269,6.054495990348625e-05
2462,5.940979371935159,6.006173010997713e-05
2463,5.994871217145117,5.972422318499788e-05
2464,6.024886886074139,5.953613152429934e-05
2465,6.031323008522062,5.9495790087494844e-05
2466,6.015233578550215,5.959663181078858e-05
2467,5.974780692382818,5.9850075335718686e-05
2468,5.909487941979417,6.025881838563625e-05
2469,5.821128746307498,6.081122479382957e-05
2470,5.715900606808811,6.146779591588673e-05
2471,5.606035179282551,6.215153251328394e-05
2472,5.510226274949882,6.274608643968172e-05
2473,5.450626975917255,6.311504419409086e-05
2474,5.442805837816515,6.31634079394176e-05
2475,5.2135089351207204,6.457512226687564e-05
2476,5.281921262465074,6.41552525758574e-05
2477,5.4020134041273264,6.34154454051005e-05
2478,5.5397475083580465,6.256307088564182e-05
2479,5.673581515933652,6.173139419894289e-05
2480,5.790904149910031,6.099996539636024e-05
2481,5.884893049031819,6.041267156495484e-05
2482,5.952689567704163,5.998841651839863e-05
2483,5.9937571118533315,5.9731203173301027e-05
2484,6.008097615211881,5.964135009834292e-05
2485,5.994878438004885,5.972417794518455e-05
2486,5.954636580151181,5.997622562471575e-05
2487,5.885113542289978,6.041129256740859e-05
2488,5.7876654725505166,6.1020182565097366e-05
2489,5.66964891028986,6.175587553825581e-05
2490,5.548881147936434,6.250641368710459e-05
2491,5.456076286788427,6.308133960163348e-05
2492,5.422416230676706,6.328943067293192e-05
2493,5.149589540679005,6.496630328576494e-05
2494,5.26459190566963,6.426172137372681e-05
2495,5.416744693350045,6.33244690869875e-05
2496,5.569217080071683,6.238021143582604e-05
2497,5.704009229052591,6.154189299245228e-05
2498,5.81330813182652,6.0860072715761706e-05
2499,5.894295450379507,6.0353862742055656e-05
2500,5.946311016373804,6.002835215853355e-05
2501,5.968833762891927,5.988732131838199e-05
2502,5.956962846095191,5.9961659616553575e-05
2503,5.916098754484427,6.021745334633619e-05
2504,5.841996851192162,6.068084418372626e-05
2505,5.737043755308378,6.133599766188314e-05
2506,5.613173601564757,6.210716780726051e-05
2507,5.500576381299489,6.280587384364968e-05
2508,5.443343732186133,6.316008216194204e-05
2509,5.177318310639191,6.479674190973281e-05
2510,5.318315987245624,6.393140829663104e-05
2511,5.475112305010479,6.296355151062833e-05
2512,5.618272515321668,6.207547309818508e-05
2513,5.736342356291074,6.134037096206039e-05
2514,5.82569172648369,6.07827206383534e-05
2515,5.885240412652864,6.041049909886818e-05
2516,5.913737823002261,6.0232226649723934e-05
2517,5.900593343576256,6.03144661083384e-05
2518,5.857416195881757,6.05844724588973e-05
2519,5.778701358451312,6.107613296527389e-05
2520,5.670733232917145,6.174912563620193e-05
2521,5.558455812228327,6.244700402545643e-05
2522,5.493177643600812,6.285170140271645e-05
2523,5.28580572373858,6.41313768105543e-05
2524,5.42413926755541,6.32787844802633e-05
2525,5.5599526246793705,6.243771494597555e-05
2526,5.674805317178413,6.172377526412235e-05
2527,5.762718013206783,6.117586748396817e-05
2528,5.821766507220808,6.080724096799821e-05
2529,5.849914095005289,6.063136454645508e-05
2530,5.8432588496232665,6.067295770093624e-05
2531,5.780252780146429,6.10664503883807e-05
2532,5.695066355772092,6.159760332763495e-05
2533,5.594043363616395,6.222604066943558e-05
2534,5.536991796222641,6.258016185371095e-05
2535,5.443622191266115,6.315836043761015e-05
2536,5.55827947332603,6.244809834113353e-05
2537,5.657353799414851,6.183239933208979e-05
2538,5.731814671906611,6.136859985574406e-05
2539,5.778864333113039,6.10751158395305e-05
2540,5.796159412708387,6.0967156904860484e-05
2541,5.7791570858984604,6.107328875878624e-05
2542,5.694961520411078,6.159825633507948e-05
2543,5.592823113118412,6.223362097448098e-05
2544,5.535069320693199,6.25920842240062e-05
2545,5.61611678389918,6.208887361070788e-05
2546,5.69828525176373,6.15775523710937e-05
2547,5.755494166100423,6.122093199307123e-05
2548,5.78433755383131,6.104095535724729e-05
2549,5.783340368535368,6.10471794759523e-05
2550,5.749368636115492,6.125913912946333e-05
2551,5.645847010029316,6.190399444460024e-05
2552,5.511940469179947,6.273546397442438e-05
2553,5.7736146741602274,6.110787717636843e-05
2554,5.821569100978693,6.080847408775036e-05
2555,5.8383820445471875,6.070343276719281e-05
2556,5.8240546523728485,6.0792947460528805e-05
2557,5.780440901289164,6.106527628352443e-05
2558,5.715028953382683,6.147322804956414e-05
2559,5.892847843862219,6.0362917666880075e-05
2560,5.906368809080757,6.0278333743050856e-05
2561,5.886675819943764,6.0401521695251994e-05
2562,5.839535378349346,6.0696225866882824e-05
2563,5.957015216029216,5.996133169407629e-05
2564,5.936639751397653,6.008889555034392e-05
2565,5.355822654402284,6.370039328013208e-05
2566,5.402106204191544,6.341487244670662e-05
2567,5.498791920162048,6.281692773638772e-05
2568,5.620524782174888,6.20614716500673e-05
2569,5.742275579358266,6.130337442250581e-05
2570,5.847741704834908,6.0644941876359096e-05
2571,5.928695134525862,6.013862284677426e-05
2572,5.982350338617135,5.980266144524018e-05
2573,6.008677655401979,5.963771537512302e-05
2574,5.30933285253917,6.398668861748909e-05
2575,5.39341040781935,6.346855304292704e-05
2576,5.51658186658815,6.270669943259762e-05
2577,5.649328449606629,6.188233525622816e-05
2578,5.769439532298659,6.113393013227942e-05
2579,5.865368453782365,6.053475939561353e-05
2580,5.932597271547348,6.011419922111349e-05
2581,5.969992379046647,5.9880065093769306e-05
2582,5.976121291074119,5.984167863003873e-05
2583,5.952873577874717,5.998726438518425e-05
2584,5.8983414220892625,6.032855355949251e-05
2585,5.812806416558566,6.0863206186973944e-05
2586,5.700523489108717,6.156360913896595e-05
2587,5.574820750547511,6.234542243478701e-05
2588,5.463596241666411,6.303481771685474e-05
2589,5.402395342568209,6.34130872605696e-05
2590,5.325693961590424,6.38859913333309e-05
2591,5.4312015994508736,6.323514152235913e-05
2592,5.559737039759657,6.243905287149672e-05
2593,5.6849283927985645,6.166074366708881e-05
2594,5.7901257756044995,6.100482445932535e-05
2595,5.867721352714552,6.052004897305313e-05
2596,5.9146064365689766,6.022679145169857e-05
2597,5.92883564924202,6.013774338680328e-05
2598,5.904053750827838,6.029281760237002e-05
2599,5.848054980650241,6.064298395314703e-05
2600,5.75886856283766,6.119988240932778e-05
2601,5.6454020143999815,6.190676276582896e-05
2602,5.533417843060008,6.260232542091543e-05
2603,5.466412386525258,6.301739274934192e-05
2604,5.3975116508577425,6.344323747242097e-05
2605,5.502841094069257,6.279184411266453e-05
2606,5.616049502738538,6.208929183274629e-05
2607,5.718108480573754,6.145403596575449e-05
2608,5.797420983012696,6.095928040677296e-05
2609,5.847907695482806,6.064390446310776e-05
2610,5.865385819178206,6.0534650828788994e-05
2611,5.836357568206267,6.071608283015847e-05
2612,5.7772162375223886,6.108540144714873e-05
2613,5.686605269969123,6.165030099525545e-05
2614,5.5864245448708605,6.227336513079813e-05
2615,5.526522456742102,6.264507969602e-05
2616,5.504970741588122,6.27786501781398e-05
2617,5.592864014347238,6.223336689665928e-05
2618,5.675962257431583,6.171657236286881e-05
2619,5.7429353641326,6.129926002972565e-05
2620,5.785589204008015,6.103314275953183e-05
2621,5.797432162055898,6.095921061051109e-05
2622,5.756910422277019,6.12120975407812e-05
2623,5.688052040922959,6.164129094657896e-05
2624,5.598776278299973,6.219663689651853e-05
2625,5.552807339636019,6.248205419113232e-05
2626,5.628445727931991,6.201222341895527e-05
2627,5.689044287641018,6.163511134809828e-05
2628,5.733695195784603,6.135687565716841e-05
2629,5.756425774785162,6.121512075091703e-05
2630,5.7509293015297045,6.124940520074989e-05
2631,5.709566563158288,6.150726700705794e-05
2632,5.593737910266513,6.222793819760851e-05
2633,5.515525233737864,6.271324816507255e-05
2634,5.7493210710691995,6.125943578901741e-05
2635,5.778406379088236,6.107797392392225e-05
2636,5.782604630247542,6.105177163854327e-05
2637,5.759206362838174,6.11977751154245e-05
2638,5.705339800982477,6.153360304691245e-05
2639,5.597737820944189,6.220308876898905e-05
2640,5.847116485331115,6.064884936192069e-05
2641,5.843599999835334,6.0670825751268395e-05
2642,5.812150956024035,6.0867299828341156e-05
2643,5.758330459975066,6.120323921734652e-05
2644,5.902162248441872,6.030465111040081e-05
2645,5.867896602997038,6.051895327524996e-05
2646,5.419168780696729,6.330949407335787e-05
2647,5.497056999183743,6.282767414633232e-05
2648,5.611479344674412,6.211769827186938e-05
2649,5.72864201360904,6.138837874660538e-05
2650,5.825762265546018,6.078227997242036e-05
2651,5.89307938088188,6.036146939498562e-05
2652,5.927408387501107,6.014667630396226e-05
2653,5.47100439656307,6.29889760776687e-05
2654,5.549161274960221,6.250467577420383e-05
2655,5.650396695993113,6.187568894230068e-05
2656,5.746818510786277,6.127504361254971e-05
2657,5.820208714553319,6.081697175724299e-05
2658,5.862097262659526,6.0555209948100055e-05
2659,5.865413844772134,6.053447561533282e-05
2660,5.833056288841437,6.073670999428145e-05
2661,5.76600076216159,6.115538631718605e-05
2662,5.671999816602161,6.174124092281755e-05
2663,5.573029475986957,6.235654373921438e-05
2664,5.5082085706517905,6.275858895030042e-05
2665,5.5448735453003595,6.25312753158258e-05
2666,5.6092100943972145,6.213180176692639e-05
2667,5.6840528384847815,6.166619596490503e-05
2668,5.748934404134959,6.126184738917994e-05
2669,5.788900674063852,6.101247208912643e-05
2670,5.795150656848083,6.0973454828586754e-05
2671,5.754096058361985,6.122965296084668e-05
2672,5.686850788750535,6.164877200205891e-05
2673,5.606924559386241,6.214600557085715e-05
2674,5.56110305072072,6.243057522780827e-05
2675,5.62853376926341,6.201167596500108e-05
2676,5.669666570122345,6.175576560740395e-05
2677,5.708042342634494,6.151676440645262e-05
2678,5.730101712718905,6.137927891708933e-05
2679,5.723625954323953,6.141964670067518e-05
2680,5.665205593940731,6.17835331930689e-05
2681,5.590589720449894,6.2247494326679e-05
2682,5.55852124878318,6.244659794089712e-05
2683,5.711834629322708,6.149313406652789e-05
2684,5.724409614165145,6.141476194670955e-05
2685,5.720686537595483,6.143796803483688e-05
2686,5.69159833932268,6.161920430499418e-05
2687,5.608740332667185,6.213472124639204e-05
2688,5.48304503459957,6.291444474687656e-05
2689,5.7820783828366595,6.105505620432204e-05
2690,5.764802616693654,6.116286175485935e-05
2691,5.72451967776604,6.141407588463559e-05
2692,5.663932664748135,6.17914560237644e-05
2693,5.823400660838443,6.079703285979331e-05
2694,5.780469816559226,6.106509581662843e-05
2695,5.560395791618411,6.243496461372792e-05
2696,5.611643364984115,6.211667884359433e-05
2697,5.686451141139134,6.165126084342914e-05
2698,5.752190472355106,6.124153897907228e-05
2699,5.789458236801337,6.1008991558792494e-05
2700,5.614701290074761,6.209767220574701e-05
2701,5.643602361923222,6.19179580840963e-05
2702,5.683585207839439,6.166910796990512e-05
2703,5.710297611149941,6.150271173166645e-05
2704,5.703061894267924,6.154779506767302e-05
2705,5.66602066619304,6.177845997019207e-05
2706,5.614954158631443,6.209610042052533e-05
2707,5.590915302125427,6.224547193876209e-05
2708,5.665433868284057,6.178211236460582e-05
2709,5.665899910563068,6.177921159154603e-05
2710,5.6609789240747865,6.18098393774537e-05
2711,5.634604981257813,6.197392112671295e-05
2712,5.569304688501658,6.237966758449694e-05
2713,5.552073668770904,6.248660636542812e-05
2714,5.7068359847714945,6.152428095869852e-05
2715,5.678036880311972,6.170365560496108e-05
2716,5.6295804406058085,6.200516750834617e-05
2717,5.544590933867911,6.253302841506959e-05
2718,5.731298043820488,6.137182070323038e-05
2719,5.682112047404489,6.167828133332927e-05
2720,5.612557657611046,6.21109961954383e-05
2721,5.607696330353183,6.214120938447937e-05
2722,5.618805184634504,6.20721617830094e-05
2723,5.625243350631897,6.203213538128381e-05
2724,5.587969035368206,6.226377232713517e-05
2725,5.540232553737262,6.256006247833702e-05
2726,5.536162460504332,6.258530512481693e-05
2727,5.6307917179480995,6.199763526102802e-05
2728,5.574664514506077,6.234639246475829e-05
2729,5.521562080996954,6.26758304601022e-05
