Mode_Index,Frequency_THz,Cv_Anharmonic_eV_K
0,0.0,0.0
1,0.204959477882735,8.607397826495094e-05
2,0.40530189983257375,8.578751581981129e-05
3,0.5968863273401476,8.534560405905869e-05
4,0.7764727143134307,8.47909983490401e-05
5,0.9421279523995434,8.416734271568548e-05
6,1.0936548335042755,8.350956302353073e-05
7,1.232967740605677,8.283647321086127e-05
8,1.3641631054882104,8.214685069854059e-05
9,1.4929875380694195,8.142051842566958e-05
10,1.6256278990098643,8.062504292505238e-05
11,1.7670180564806104,7.972738213351997e-05
12,1.9161047098584156,7.872911170445281e-05
13,0.1698143054575843,8.610507136361923e-05
14,0.3104351973785022,8.594616515268515e-05
15,0.487141394748063,8.561831132977663e-05
16,0.6620462513252287,8.515957474737548e-05
17,0.8261650554963702,8.461483236423524e-05
18,0.9763556912749605,8.40258219205649e-05
19,1.1124922565967879,8.342226913662903e-05
20,1.2370065158063706,8.281603078207868e-05
21,1.3545325369084715,8.219923243785748e-05
22,1.4711361534153466,8.154701440158062e-05
23,1.5931140672489956,8.082433587740446e-05
24,1.7255649833550442,7.999566978084023e-05
25,1.8556344640476086,7.91401728459087e-05
26,1.705987677579987,8.012092195396353e-05
27,1.5708718131744086,8.095908194048952e-05
28,1.4456110797211585,8.169309627384379e-05
29,1.3240258347138103,8.236335044937647e-05
30,1.1994925270448638,8.300393012362708e-05
31,1.0661515372378838,8.36348675641219e-05
32,0.9198932301734833,8.42570051263421e-05
33,0.7589435972151097,8.48508472101714e-05
34,0.5843852803138491,8.537926435632239e-05
35,0.40258185750301345,8.57926283183812e-05
36,0.24265602945974396,8.603421779129854e-05
37,0.32225641342876393,8.592864406016473e-05
38,0.4288265343568974,8.574191977797402e-05
39,0.5721709918203509,8.541151427884293e-05
40,0.7213789982957843,8.497501092747399e-05
41,0.8643115880721519,8.447317560471672e-05
42,0.9965128067837582,8.394051983035477e-05
43,1.1176824460318722,8.339800911512729e-05
44,1.230459770805392,8.284914166164713e-05
45,1.3395529732956568,8.228016405329283e-05
46,1.4506581484370475,8.16643562155264e-05
47,1.569194751065806,8.096918898494671e-05
48,1.6990415749479144,8.016513516967615e-05
49,1.6738955841366199,8.032419219994153e-05
50,1.5334230975156276,8.118299112693428e-05
51,1.405036903004025,8.19215215426521e-05
52,1.2832361991276773,8.257842618553496e-05
53,1.1615117642099184,8.31895930866403e-05
54,1.034111734787689,8.377758361712924e-05
55,0.8975169120917379,8.434540991681052e-05
56,0.7519009917790682,8.487455185260535e-05
57,0.6037919719899114,8.532672768672795e-05
58,0.4730662910106407,8.564951727072763e-05
59,0.44465367777830306,8.570985660198553e-05
60,0.5245299702101881,8.553122160883362e-05
61,0.6382025755977577,8.522969317767254e-05
62,0.7628671556961608,8.483755608661025e-05
63,0.8867022129100418,8.438747352280902e-05
64,1.0048789549124684,8.39046933778229e-05
65,1.1169092913718546,8.340162868326198e-05
66,1.225123981494564,8.287602846142549e-05
67,1.33341760419299,8.231312010040477e-05
68,1.4459981916526212,8.169089443747095e-05
69,1.5663033875118388,8.098659672314269e-05
70,1.6401307929314992,8.053526924281576e-05
71,1.489061782613534,8.144334141215218e-05
72,1.3533546154183091,8.220562054445063e-05
73,1.23034421667727,8.28497248817376e-05
74,1.1146843000153168,8.341203401180239e-05
75,1.0011528650622696,8.392068011310831e-05
76,0.8870900263964936,8.438597263917962e-05
77,0.7747155219881647,8.479705221839517e-05
78,0.6738355902319384,8.512404159640333e-05
79,0.5321730140887645,8.551267292753562e-05
80,0.590538841781441,8.53627776841142e-05
81,0.6817356718900874,8.509991278145454e-05
82,0.7886407767311726,8.474874604329434e-05
83,0.9005496182858759,8.433353641288222e-05
84,1.0124376008345826,8.387211324057535e-05
85,1.1231602346561662,8.337230765267481e-05
86,1.233881430990304,8.28318530031564e-05
87,1.346715805171485,8.22415475442626e-05
88,1.4636526630038396,8.159003155913899e-05
89,1.5859602325612554,8.08678162425435e-05
90,1.4361163247388675,8.17469688241563e-05
91,1.2922036064609639,8.253157535620903e-05
92,1.169244346590464,8.315217100700887e-05
93,1.0642165031101927,8.364358678721273e-05
94,0.9728060468017161,8.40406938977485e-05
95,0.8924246357325735,8.436527032866685e-05
96,0.8243997886042213,8.462125360246332e-05
97,0.5892301264407356,8.536629739291109e-05
98,0.6335601818796113,8.524307202628042e-05
99,0.7118321791161148,8.500566902009321e-05
100,0.8101957166826085,8.467248639437377e-05
101,0.9185146047507854,8.426250505295351e-05
102,1.03113804197321,8.379064985653476e-05
103,1.1457026045013077,8.326549599137873e-05
104,1.2616812418283527,8.269003366419906e-05
105,1.379184181484832,8.206460672218011e-05
106,1.4982605662199886,8.138979624510925e-05
107,1.380137493015077,8.205936489358568e-05
108,1.230390868492499,8.284948942764305e-05
109,1.1105632687653848,8.343126274877525e-05
110,1.0205596016200262,8.38368817958819e-05
111,0.9568003137088078,8.410719316027181e-05
112,0.9150929082785465,8.427612554669478e-05
113,0.6287141307906505,8.525694235315247e-05
114,0.6681509469731781,8.514124620761092e-05
115,0.7426897213532434,8.490525986237504e-05
116,0.8398214544095062,8.456475436236007e-05
117,0.9494363488187177,8.413747904275602e-05
118,1.0651665511683295,8.363930748767882e-05
119,1.1834837469305697,8.308275275020592e-05
120,1.3024024638664227,8.247799334764529e-05
121,1.4205451898420176,8.183476584660128e-05
122,1.326758178128922,8.234876414201498e-05
123,1.1772373693241107,8.311328492781158e-05
124,1.0661118726429661,8.363504642023531e-05
125,0.995542853216889,8.394465750625709e-05
126,0.9615629656977291,8.408750174686986e-05
127,0.6668371706644376,8.514520354662802e-05
128,0.7082703023122544,8.501701359595706e-05
129,0.7837459147310247,8.476581237813674e-05
130,0.8815441971241684,8.440738238229311e-05
131,0.9919369918754908,8.396001041305746e-05
132,1.1083550419947776,8.344154302708378e-05
133,1.2265638075633039,8.286878206553793e-05
134,1.3436003294942624,8.225836249932858e-05
135,1.2816789545898122,8.258653709346264e-05
136,1.142247270950156,8.328197684711221e-05
137,1.0480373705476305,8.371598803162493e-05
138,1.0011522639340498,8.39206826882969e-05
139,0.7137882866315108,8.49994171058823e-05
140,0.7581870830001672,8.4853402939374e-05
141,0.8333350748094281,8.458862861449827e-05
142,0.9289867022273336,8.42205531500122e-05
143,1.0364360677949156,8.376734928395065e-05
144,1.1492788401049787,8.32483972525809e-05
145,1.2627988934105805,8.26842818432381e-05
146,1.2628557650421701,8.268398905898878e-05
147,1.1361295460827903,8.33110602651243e-05
148,1.0683726074940885,8.36248437226999e-05
149,0.7677785316132039,8.482083333661849e-05
150,0.8111181850989668,8.46691826927921e-05
151,0.8817125870328332,8.440673399839407e-05
152,0.971263635982012,8.404714212837335e-05
153,1.072082963923233,8.360806114111847e-05
154,1.1777728187554932,8.311067258847379e-05
155,1.2533583614033166,8.273274449702132e-05
156,1.1697392535282631,8.314976928550746e-05
157,0.8188754937914712,8.464127132019834e-05
158,0.8562491939959951,8.450357451290761e-05
159,0.9187417330193676,8.426159942039997e-05
160,0.9995761864326136,8.392743010880354e-05
161,1.0915143284351934,8.351940692509185e-05
162,1.1878818779181157,8.306117945698765e-05
163,0.8571944498987955,8.450002314506266e-05
164,0.8855922033115615,8.43917662960545e-05
165,0.9383605690035847,8.418266146512626e-05
166,1.009418813058528,8.388514921191777e-05
167,0.8772341840215697,8.442394202562542e-05
168,0.8956319777119629,8.435277256301433e-05
169,0.37028266432656753,8.58507953016301e-05
170,0.5070597544464462,8.557267117736384e-05
171,0.6667053281419746,8.514560029049708e-05
172,0.8226873648137426,8.462747121805407e-05
173,0.9669292767886136,8.406521688460912e-05
174,1.09816685003952,8.348876236782285e-05
175,1.218852634228238,8.290751486304046e-05
176,1.3338924399417607,8.23105735274025e-05
177,1.4493773065381454,8.167165662736825e-05
178,1.5706367784065636,8.09604988573842e-05
179,1.6944058975683665,8.019457568439795e-05
180,0.4849202668777687,8.562329344830745e-05
181,0.5966800318169965,8.53461648764344e-05
182,0.7302975092516794,8.494604063797958e-05
183,0.8633817367762934,8.447669405594722e-05
184,0.9882536964021653,8.397564551205975e-05
185,1.104140796082001,8.346111699581337e-05
186,1.2138593426943802,8.293249573396288e-05
187,1.3219945069117454,8.23741799781065e-05
188,1.432908001250944,8.176511505121877e-05
189,1.5459996759765084,8.110821207164992e-05
190,1.6175235988005716,8.067497391108346e-05
191,1.5335659222066282,8.118214429059489e-05
192,1.411714856772483,8.188424845634765e-05
193,1.2940543249152983,8.25218756491722e-05
194,1.1802908194552213,8.309837542394173e-05
195,1.0653790215849626,8.363835003602033e-05
196,0.944970282702868,8.415575131570012e-05
197,0.8181407567473918,8.464392487617831e-05
198,0.6901424137602727,8.507395737733258e-05
199,0.5766528088642987,8.539975419109415e-05
200,0.5697339158387619,8.541787325629754e-05
201,0.6598796332271687,8.516604296906e-05
202,0.7712097374341376,8.480909419704262e-05
203,0.8860181219927982,8.439011967032792e-05
204,0.9979814771394544,8.393424838140133e-05
205,1.1064004529766935,8.345062891937836e-05
206,1.213309724335034,8.293524059155527e-05
207,1.3213988154245433,8.237735341720663e-05
208,1.430732192750695,8.177740480069423e-05
209,1.5227287793131674,8.124624364500024e-05
210,1.4835230048601176,8.147546977851787e-05
211,1.3611799607799713,8.216310550627318e-05
212,1.2405700215610735,8.279795154758399e-05
213,1.130421412986824,8.333808532408513e-05
214,1.0278006910954571,8.38052774304294e-05
215,0.9292360198780815,8.42195494840298e-05
216,0.8348121991573915,8.458320589480396e-05
217,0.750764460760026,8.487835892762168e-05
218,0.6258259321918819,8.526516249229274e-05
219,0.7011254808872515,8.503961569579263e-05
220,0.7984906617774217,8.471412123300507e-05
221,0.9039875764144252,8.432003516413138e-05
222,1.0118776660518252,8.387453360896293e-05
223,1.120597294489242,8.338434521927665e-05
224,1.230341607331978,8.28497380510348e-05
225,1.340397027981413,8.227562146748294e-05
226,1.4397802373682937,8.172621019106798e-05
227,1.4319217053362083,8.177068766804883e-05
228,1.307160163271825,8.245288987746196e-05
229,1.1837044330845203,8.308167174291047e-05
230,1.079998125034775,8.357210311042061e-05
231,0.9953597830154283,8.394543808340196e-05
232,0.9265477474216415,8.423035956946853e-05
233,0.872301460492855,8.44428089881564e-05
234,0.6648420042978376,8.515119983415167e-05
235,0.7340798177207364,8.493365850781912e-05
236,0.8265300394794749,8.461350323052893e-05
237,0.9304561500549268,8.421463439590723e-05
238,1.0398788287421827,8.375215600617187e-05
239,1.1518891387350796,8.323589043593641e-05
240,1.2642603258769296,8.267675498549905e-05
241,1.3692054621036995,8.211931614693164e-05
242,1.3851730802933715,8.20316326315861e-05
243,1.2573167054253496,8.27124580752753e-05
244,1.1336567573235208,8.33227808366881e-05
245,1.0401941476295211,8.375076242076619e-05
246,0.9775275812702446,8.402090217432498e-05
247,0.9412727813776319,8.417082448731681e-05
248,0.7024107148259628,8.503556515154095e-05
249,0.7723764798810974,8.480509191428896e-05
250,0.8649856442702336,8.447062302015243e-05
251,0.9699248807824179,8.405273205927084e-05
252,1.080988444863937,8.356758919798162e-05
253,1.1940561742508486,8.30307891758018e-05
254,1.3029475954887684,8.247512049455766e-05
255,1.353020611581497,8.220743117012041e-05
256,1.2167189661372013,8.29181990116655e-05
257,1.0994398503743756,8.348288139333505e-05
258,1.0216852645846244,8.383198073583308e-05
259,0.9833462869446139,8.3996402071057e-05
260,0.7485876083625054,8.488563653060796e-05
261,0.8205062441989583,8.463537434305343e-05
262,0.9126612204875559,8.428577905758445e-05
263,1.0163618947706257,8.385511931938208e-05
264,1.125600712415509,8.336082502095661e-05
265,1.234819184488242,8.282710839529117e-05
266,1.309695727196988,8.243948332099328e-05
267,1.1915347310297015,8.3043214634854e-05
268,1.090932506823817,8.352207997903792e-05
269,1.0353816540420013,8.377199432079072e-05
270,0.8018391915392223,8.470226461223406e-05
271,0.8721921412596285,8.444322608685496e-05
272,0.9601740580699327,8.40932526744094e-05
273,1.0588696214956057,8.366761320532569e-05
274,1.1626056227647739,8.318431111430357e-05
275,1.2598304781740146,8.269954984114972e-05
276,1.191182482465988,8.304494886536166e-05
277,1.1190000886916454,8.339183591556463e-05
278,0.8525169841607696,8.45175636291559e-05
279,0.9168358810645768,8.4269192791664e-05
280,0.9972551406115814,8.393735090193863e-05
281,1.088301077191922,8.353415526400732e-05
282,1.1850132983491821,8.307525718920852e-05
283,1.2300551575597671,8.285118362547536e-05
284,0.8907548291795165,8.437176180692612e-05
285,0.9461990543565032,8.415073116508986e-05
286,1.0172945554695396,8.385107256421567e-05
287,1.0991334457554,8.348429741059709e-05
288,0.9108505778845117,8.429295297533627e-05
289,0.9563228232555863,8.410916286741918e-05
290,0.6570423438383566,8.517448424548297e-05
291,0.7519579757740478,8.487436083696347e-05
292,0.8597322037959757,8.44904720227461e-05
293,0.9680340996866534,8.406061603584727e-05
294,1.0734370002255331,8.360192493412993e-05
295,1.1777230912709888,8.311091523683026e-05
296,1.284336559161958,8.257269048989529e-05
297,1.3935531863105906,8.198531819415764e-05
298,1.4875171873922357,8.145230952995781e-05
299,0.7112285072817562,8.500759530815018e-05
300,0.7921728616395455,8.473637321508458e-05
301,0.8860491697799416,8.438999961141599e-05
302,0.9836188962846636,8.399525127562627e-05
303,1.0825940694805585,8.356026364786608e-05
304,1.183933453387066,8.308054974607986e-05
305,1.2876545526606022,8.255537285190237e-05
306,1.3839134058427458,8.203857688961455e-05
307,1.4209821888903922,8.183231125113134e-05
308,1.345784408003664,8.224657752650905e-05
309,1.2379206912952643,8.281139655470668e-05
310,1.1342053567729213,8.332018231445845e-05
311,1.0398420975320215,8.375231832132104e-05
312,0.9529750031656768,8.41229499749193e-05
313,0.8725959337432118,8.444168522653678e-05
314,0.8024537457519698,8.4700083858612e-05
315,0.7490443905294614,8.488411098209439e-05
316,0.8239831577279986,8.462276737578942e-05
317,0.9127173464782372,8.428555648906603e-05
318,1.007925455702144,8.38915861295251e-05
319,1.1070988251852907,8.34473840075293e-05
320,1.2088823742506407,8.295731636319447e-05
321,1.306680652505756,8.245542306317855e-05
322,1.3662991082231075,8.21351958272306e-05
323,1.303510037757654,8.247215547132752e-05
324,1.1950860654101316,8.302570810737871e-05
325,1.0954967150395496,8.35010801099638e-05
326,1.0146849704902037,8.38623877349755e-05
327,0.9514982695430988,8.41290186677756e-05
328,0.9039322286914155,8.432025286660544e-05
329,0.7852978048191395,8.476041169373704e-05
330,0.8609875950687728,8.448573824243829e-05
331,0.950164354881944,8.413449367607242e-05
332,1.0465190085172924,8.372273652746525e-05
333,1.1466936882741965,8.32607616067042e-05
334,1.2455271117115758,8.277273607731336e-05
335,1.3183996205769128,8.239331491710895e-05
336,1.2707183553661496,8.264341513670201e-05
337,1.1622400688478178,8.318607671652734e-05
338,1.069816803002636,8.36183169493155e-05
339,1.0057360427965145,8.390100914477861e-05
340,0.9678283024776293,8.406147337489222e-05
341,0.8299292212568443,8.460110022934705e-05
342,0.9080156143860383,8.430416110561844e-05
343,0.9976657678450407,8.39355971511152e-05
344,1.0935309485698121,8.351013317457928e-05
345,1.1910868365522325,8.304541969166723e-05
346,1.2744901309610728,8.262388380028809e-05
347,1.246688524536956,8.276681718207925e-05
348,1.1432270789136367,8.32773074506791e-05
349,1.0639125445435371,8.364495525641412e-05
350,1.019710241663397,8.384057692478221e-05
351,0.8818986111500376,8.440601759116487e-05
352,0.9592912798724376,8.409690431334325e-05
353,1.0460285505967726,8.372491471476224e-05
354,1.1378859714403855,8.33027228900647e-05
355,1.2272218101205856,8.286546828018588e-05
356,1.2409332567496638,8.279610646601627e-05
357,1.1444005306963774,8.32717110738313e-05
358,1.0860783116172632,8.354433704140848e-05
359,0.9320379983554444,8.420825410953341e-05
360,1.0043462700024475,8.390698184771425e-05
361,1.0848490274847111,8.354996083245732e-05
362,1.17094957641836,8.314389239802566e-05
363,1.237805230431939,8.28119820044411e-05
364,1.1753981913538547,8.312225082313083e-05
365,0.9704130158365433,8.405069460880421e-05
366,1.0345427013862556,8.377568743003862e-05
367,1.1072346647249944,8.344675265421639e-05
368,1.187851706278934,8.306132766366119e-05
369,0.9908089242388574,8.396480401407819e-05
370,1.0451656599235013,8.37287449121254e-05
371,0.8380120879107958,8.457143016303615e-05
372,0.9017815591918928,8.432870346255588e-05
373,0.9764507110731698,8.402542319751015e-05
374,1.0596049170143804,8.36643149259486e-05
375,1.1514929501972124,8.32377901422852e-05
376,1.2494255843496518,8.275285172154604e-05
377,1.3331152292180186,8.231474140562958e-05
378,0.8721917978032613,8.444322739721457e-05
379,0.9367472696172978,8.418920562741996e-05
380,1.011981502397262,8.387408485000673e-05
381,1.0956633276649648,8.350031220123039e-05
382,1.1857579822588946,8.307160514670064e-05
383,1.2703541143183192,8.264529896507452e-05
384,1.294452460395584,8.251978763993735e-05
385,1.2191781917122204,8.29058833985806e-05
386,1.1267978973833632,8.335518496292215e-05
387,1.0469105237885656,8.372099716251733e-05
388,0.9833174771942803,8.399652367335796e-05
389,0.9348656201955482,8.419682636998997e-05
390,0.915178284401289,8.427578621896203e-05
391,0.9828073096847629,8.399867653709659e-05
392,1.0592783851838365,8.366577986237661e-05
393,1.1421491719812626,8.3282444176318e-05
394,1.224752884370095,8.287789507121082e-05
395,1.2688903379771233,8.265286539246237e-05
396,1.1994283271239192,8.30042478628761e-05
397,1.1141734435240507,8.341442074181872e-05
398,1.0491027524634482,8.371124810813171e-05
399,1.00664699698936,8.389709053431153e-05
400,0.9663216076187043,8.406774555687911e-05
401,1.0343242707761586,8.377664857175027e-05
402,1.1088368353610405,8.343930145320489e-05
403,1.1867393302056048,8.30667897472608e-05
404,1.2444287326788717,8.27783298663579e-05
405,1.189950551905042,8.305101092040133e-05
406,1.1169332793640323,8.340151641197603e-05
407,1.0704624139152035,8.361539693311106e-05
408,1.0166122521806167,8.385403333316931e-05
409,1.080545477982661,8.35696086671699e-05
410,1.1498237557540665,8.324578821935604e-05
411,1.2183083843242775,8.291024151186364e-05
412,1.1944948993345812,8.302862509759491e-05
413,1.1416470207879188,8.328483585651001e-05
414,1.0557511895153153,8.36815808220223e-05
415,1.1123078541092988,8.342312942155716e-05
416,1.1765881436844754,8.311645111529626e-05
417,1.2312415919295256,8.28451945843489e-05
418,1.0768110751514748,8.358660723292801e-05
419,1.124062431666578,8.336806504731776e-05
420,0.9759604645104144,8.402748002972958e-05
421,1.0281839016617995,8.380359978941956e-05
422,1.093169162486979,8.351179791360546e-05
423,1.1701752691582445,8.314765269885394e-05
424,1.2443343897666352,8.277881015746217e-05
425,1.0267755382971397,8.380976289235408e-05
426,1.080281114619368,8.35708135730186e-05
427,1.143330724113987,8.327681333229043e-05
428,1.2106741267534893,8.294838976802854e-05
429,1.2280985784682747,8.286105064581388e-05
430,1.163615754519562,8.317942998381132e-05
431,1.1017797052857374,8.347205761121829e-05
432,1.057397213545226,8.3674212348377e-05
433,1.0779701891428572,8.358133614220172e-05
434,1.1280873108900353,8.334910510129075e-05
435,1.1851265356587974,8.30747019712004e-05
436,1.2221296606079108,8.28910774502316e-05
437,1.1673901135175213,8.316116231116069e-05
438,1.1246789142006157,8.336516447033324e-05
439,1.1184924694119218,8.339421481204705e-05
440,1.1617173392386422,8.318860071256685e-05
441,1.2125370227891394,8.293909793382049e-05
442,1.18765094250414,8.306231376475937e-05
443,1.1405401156657586,8.329010497452354e-05
444,1.1755356502951042,8.312158109565362e-05
445,1.1100148163751518,8.343381755815992e-05
446,1.151181261634126,8.323928431442942e-05
447,1.202945761501471,8.298681995732735e-05
448,1.152359578942632,8.323363402995887e-05
449,1.186155286472913,8.306965597790462e-05
450,1.2012860571492716,8.299504824314536e-05
451,1.1689893639786717,8.31534080960447e-05
452,1.1756202413065127,8.312116892098512e-05
453,1.203138168686823,8.298586549615888e-05
454,1.1935278769242987,8.303339426553282e-05
455,0.0,0.0
456,0.204959477882735,8.607397826495094e-05
457,0.40530189983257375,8.578751581981129e-05
458,0.5968863273401476,8.534560405905869e-05
459,0.7764727143134307,8.47909983490401e-05
460,0.9421279523995434,8.416734271568548e-05
461,1.0936548335042755,8.350956302353073e-05
462,1.232967740605677,8.283647321086127e-05
463,1.3641631054882104,8.214685069854059e-05
464,1.4929875380694195,8.142051842566958e-05
465,1.6256278990098643,8.062504292505238e-05
466,1.7670180564806104,7.972738213351997e-05
467,1.9161047098584156,7.872911170445281e-05
468,0.1698143054575843,8.610507136361923e-05
469,0.34612369167514045,8.589132389512751e-05
470,0.5551721045078989,8.545534196829777e-05
471,0.7515000475323464,8.487589549189905e-05
472,0.9336644122681971,8.420168456741927e-05
473,1.1030855292585915,8.346600910639285e-05
474,1.2624808055455423,8.268591922617115e-05
475,1.416137380801537,8.185949376850262e-05
476,1.569555922492249,8.096701296376323e-05
477,1.728291920276739,7.997814883105668e-05
478,1.8964945656439502,7.886331724708264e-05
479,2.0203544682176875,7.800154058001147e-05
480,1.8696446508710678,7.904567032572913e-05
481,1.9533906020526663,7.847159303376118e-05
482,1.8068058659718156,7.946600535908124e-05
483,1.6512039312520417,8.046636463630246e-05
484,1.503429038963088,8.135960929850944e-05
485,1.359948707423308,8.216980684156108e-05
486,1.2151428964343574,8.292608179264271e-05
487,1.0639026987412927,8.364499957848589e-05
488,0.9030108192920486,8.432387543937491e-05
489,0.7316450830675153,8.494163563298665e-05
490,0.5515987311467241,8.546439826421233e-05
491,0.36879274869582795,8.585336498451426e-05
492,0.32225641342876393,8.592864406016473e-05
493,0.46103131395631225,8.567551027024954e-05
494,0.6583231201654219,8.517067787975916e-05
495,0.8621213227326473,8.448145812586407e-05
496,1.0615491105090464,8.365558503819113e-05
497,1.2559027385334534,8.271971020066635e-05
498,1.4473942267162339,8.168295049135712e-05
499,1.6388355263426402,8.054330888142069e-05
500,1.830839315984415,7.930632049711525e-05
501,2.00499786081511,7.811018154713473e-05
502,1.9822160005003369,7.827043053172406e-05
503,1.8290991253859448,7.931792792273937e-05
504,1.8402341479230098,7.924353406932503e-05
505,1.9537539830271844,7.846906832418927e-05
506,1.8311383124182545,7.930432542379824e-05
507,1.6610311330583363,8.040495263029768e-05
508,1.4988202644985005,8.138653080570317e-05
509,1.3436688369437415,8.225799305775702e-05
510,1.1907211767972392,8.304721941711328e-05
511,1.035619670577705,8.37709461167269e-05
512,0.87618817492289,8.442795046626847e-05
513,0.7131866120325331,8.500134175594156e-05
514,0.44465367777830306,8.570985660198553e-05
515,0.5566795305246324,8.545150520565233e-05
516,0.7416523527764243,8.490869710276513e-05
517,0.9543319946569603,8.41173664333826e-05
518,1.1769967073149428,8.311445876321328e-05
519,1.4025719086989386,8.193524758710224e-05
520,1.625721343651602,8.062446622289423e-05
521,1.8344342505431952,7.928231934852311e-05
522,1.978287306885047,7.829795301554063e-05
523,1.943513936481608,7.854010418593064e-05
524,1.8030199836785112,7.949103677202363e-05
525,1.6962008120024694,8.01831827615911e-05
526,1.8340728781040592,7.928473335979582e-05
527,1.9466211391257338,7.851857350914939e-05
528,1.8382846367433852,7.925657957217514e-05
529,1.6569573760786158,8.043043993152188e-05
530,1.4854037930944701,8.146456951787045e-05
531,1.3255970121528584,8.235496562514689e-05
532,1.173107921483323,8.313340049487078e-05
533,1.0238783456933822,8.382241952049033e-05
534,0.5321730140887645,8.551267292753562e-05
535,0.6268514812860072,8.526224763846714e-05
536,0.808778055963638,8.46775571694299e-05
537,1.0343172619107748,8.377667940952913e-05
538,1.277474082266564,8.260840108688662e-05
539,1.5210882731851336,8.125591922946794e-05
540,1.7446887850775077,7.987241517120378e-05
541,1.9000678121586356,7.883892703504224e-05
542,1.897191764562307,7.88585605618579e-05
543,1.77048624640891,7.970474821522522e-05
544,1.5992311620219415,8.078705071283543e-05
545,1.7139619115951368,8.007001778475949e-05
546,1.845291455394698,7.920965137215601e-05
547,1.9466781595671951,7.851817820140714e-05
548,1.835689524677954,7.927393162123657e-05
549,1.6479685483998485,8.048652961977026e-05
550,1.474384044731982,8.152829618197331e-05
551,1.3177812070159505,8.239660271202261e-05
552,0.5892301264407356,8.536629739291109e-05
553,0.6764332191736394,8.511613588814973e-05
554,0.8641173311880513,8.4473910919322e-05
555,1.1028201530332407,8.346723877698147e-05
556,1.3569097852737129,8.218632768345165e-05
557,1.5983549949616274,8.07923971459198e-05
558,1.786322803049425,7.96010322979635e-05
559,1.8358420062542822,7.927291249308911e-05
560,1.7299618598833286,7.996741028063958e-05
561,1.5681573571833507,8.097543726014799e-05
562,1.6188115951916304,8.06670498072306e-05
563,1.7407715840406583,7.989773420475553e-05
564,1.8622983610923378,7.909527883855565e-05
565,1.9499392968722795,7.849555778233434e-05
566,1.8317760621907182,7.930006930494414e-05
567,1.6436188676783887,8.051359771654245e-05
568,0.6287141307906505,8.525694235315247e-05
569,0.717442634367167,8.4987696256713e-05
570,0.9146987526267674,8.427769177283165e-05
571,1.1621441157650223,8.318654009184913e-05
572,1.416238364135464,8.185892787020014e-05
573,1.6379524599155428,8.054878756543087e-05
574,1.7521880959678229,7.982383949794132e-05
575,1.6803429365573275,8.028356078880137e-05
576,1.5190934294256033,8.126767484993632e-05
577,1.5368491349389393,8.116266233295039e-05
578,1.6508924172819281,8.046830734689243e-05
579,1.7633300767589999,7.975141886917175e-05
580,1.8740112911432636,7.901612488025775e-05
581,1.9515869595614845,7.848412018195727e-05
582,0.6668371706644376,8.514520354662802e-05
583,0.7616912080456026,8.484154599303012e-05
584,0.9659666480096902,8.406922202565604e-05
585,1.214946730964179,8.29270623727073e-05
586,1.4593250882673552,8.161483641629924e-05
587,1.6375717628832167,8.055114885609898e-05
588,1.6207163042547745,8.065532368283187e-05
589,1.4664658502863797,8.157387887358952e-05
590,1.4572197653533736,8.162688481910341e-05
591,1.566035457645426,8.098820870139851e-05
592,1.6701947940336397,8.034746763983329e-05
593,1.7719913285507967,7.96949168886289e-05
594,0.7137882866315108,8.49994171058823e-05
595,0.8129573008396398,8.466258635470375e-05
596,1.017645342035946,8.384954973688912e-05
597,1.2610690560003135,8.269318254732025e-05
598,1.4848068552649085,8.14680301767142e-05
599,1.5505712689816007,8.108092487351816e-05
600,1.414872080541983,8.18665818870521e-05
601,1.3733595854860188,8.209657602489416e-05
602,1.4783577099637668,8.150535539931596e-05
603,1.5767902136642857,8.092335457374557e-05
604,0.7677785316132039,8.482083333661849e-05
605,0.8655456716811678,8.446850095233775e-05
606,1.0644879205388733,8.364236455667646e-05
607,1.2980057097282898,8.250113140483812e-05
608,1.465029917147548,8.15821264326555e-05
609,1.3737202028941051,8.209459958757942e-05
610,1.2831215370630114,8.25790236558038e-05
611,1.3841076519043103,8.203750636198778e-05
612,0.8188754937914712,8.464127132019834e-05
613,0.910104557391587,8.429590526278434e-05
614,1.1009757208808484,8.347577878052092e-05
615,1.3253638554133418,8.23562103679231e-05
616,1.3567122768541247,8.218740048052841e-05
617,1.2835739305324119,8.257666613304711e-05
618,0.8571944498987955,8.450002314506266e-05
619,0.9396573314897539,8.41773944457745e-05
620,1.1239362851403734,8.336865841695363e-05
621,1.3530962561752442,8.220702113167357e-05
622,0.8772341840215697,8.442394202562542e-05
623,0.9502559485516934,8.413411793830445e-05
624,0.49732692977070064,8.559518859137668e-05
625,0.6793438470010733,8.510724487411454e-05
626,0.8602605095577375,8.448848063160295e-05
627,1.0355149924617744,8.377140713419292e-05
628,1.2052846302888052,8.297520970013966e-05
629,1.3721597314897684,8.210314933568794e-05
630,1.540265126502243,8.114236174825105e-05
631,1.7140911788314652,8.006919130847837e-05
632,1.8968412862790256,7.886095185897306e-05
633,2.046954399913005,7.78121866374231e-05
634,1.891450291370552,7.889769967125901e-05
635,0.590506715719558,8.536286417169743e-05
636,0.7654028152734449,8.482893425788794e-05
637,0.9553148421615442,8.411331821838837e-05
638,1.1524090479595086,8.323339671615946e-05
639,1.3539621832065198,8.220232609234869e-05
640,1.5592031859709066,8.102925022425149e-05
641,1.7664310596279493,7.973121011611117e-05
642,1.9627109797173334,7.840674591657838e-05
643,2.024190549571592,7.797432446997944e-05
644,1.8961458667129325,7.886569585982581e-05
645,1.8046135464194604,7.948050458820037e-05
646,1.8918782892519654,7.889478459936994e-05
647,2.0412874239670127,7.78526512636726e-05
648,1.8927539931713948,7.888881894253878e-05
649,1.6946061224445232,8.019330518603708e-05
650,1.508769059408078,8.132834373669688e-05
651,1.3334614411938956,8.231288502805198e-05
652,1.164981789353867,8.317282379602134e-05
653,0.9999659979502209,8.3925762083009e-05
654,0.8370583078283984,8.45749441952933e-05
655,0.6646348437675708,8.515182150078939e-05
656,0.8347385194905715,8.458347657976757e-05
657,1.0387881383256246,8.375697377810661e-05
658,1.2621159646427313,8.268779688920843e-05
659,1.4936256699729014,8.141680454426789e-05
660,1.7210213659692288,8.002482280272614e-05
661,1.9151650049617202,7.873556227090854e-05
662,1.9778773587657297,7.830082299901545e-05
663,1.8775273373714014,7.899230329415827e-05
664,1.7586021595406336,7.978218580840378e-05
665,1.7693730610326952,7.971201615900828e-05
666,1.894949462400074,7.887385493338949e-05
667,2.030525253715129,7.792931360498248e-05
668,1.8787157202751283,7.89842455483256e-05
669,1.671347663103365,8.034022056718266e-05
670,1.4817293983613369,8.148585567368127e-05
671,1.3091734565906685,8.24422463644714e-05
672,1.14971962513114,8.324628686748988e-05
673,0.720269520274814,8.497859261910922e-05
674,0.8931657052335286,8.436238605829338e-05
675,1.1133600328493471,8.341821921603418e-05
676,1.355515408604607,8.219389899508514e-05
677,1.596988388761077,8.080073228160135e-05
678,1.8065044806222803,7.946799928388309e-05
679,1.9089218913048338,7.877836806767317e-05
680,1.8419514138434772,7.923203541958522e-05
681,1.7127630897186925,8.007768055394067e-05
682,1.6695409648372757,8.035157620496741e-05
683,1.7730939651373834,7.968771094089594e-05
684,1.90561832806657,7.880098379940245e-05
685,2.023266827014282,7.798088089418538e-05
686,1.863725460495208,7.908565144070157e-05
687,1.6554767289951422,8.043969314980687e-05
688,1.4709861804392317,8.154787801709944e-05
689,0.7640629579258699,8.483349323384307e-05
690,0.9451407938286144,8.415505501847263e-05
691,1.17812842787583,8.310893713917016e-05
692,1.4268305565898154,8.17994090149876e-05
693,1.6572284344537453,8.042874536751163e-05
694,1.810590186955128,7.944095068951116e-05
695,1.7910412664641713,7.957001531367791e-05
696,1.6605033752670437,8.040825688908325e-05
697,1.579249874368919,8.090847929516351e-05
698,1.6700487216268698,8.034838563019871e-05
699,1.7899251526370037,7.957735688200167e-05
700,1.9171799160905603,7.872172859169103e-05
701,2.0196850784425373,7.800628657524556e-05
702,1.857426633058943,7.912810915321828e-05
703,0.8061663661601797,8.468687852347744e-05
704,0.9955821127624761,8.394449009547063e-05
705,1.2344827985793965,8.28288106726123e-05
706,1.4784270028428903,8.150495496937857e-05
707,1.678089932816721,8.029777111042694e-05
708,1.7235375530983803,8.000868453319433e-05
709,1.6008955343886218,8.077688909241879e-05
710,1.4965762853206321,8.139961764138908e-05
711,1.5757007192971249,8.09299384143183e-05
712,1.687289456175351,8.023966738006475e-05
713,1.802572506823613,7.949399316618843e-05
714,1.9220338633337128,7.868836613553273e-05
715,0.8534626713734658,8.451402397046005e-05
716,1.0465245506107208,8.372271190957317e-05
717,1.2835957404891933,8.257655246071464e-05
718,1.5124619961695462,8.130667630008044e-05
719,1.6354265006728856,8.05644480226709e-05
720,1.536054075147484,8.116738272542659e-05
721,1.4089874754901868,8.189948682146999e-05
722,1.4824949419136657,8.148142387345905e-05
723,1.589026169830046,8.084919814623878e-05
724,1.6950318412271514,8.019060351777084e-05
725,0.904715135570571,8.431717236145605e-05
726,1.0950291316632257,8.350323467837492e-05
727,1.3240104097350356,8.23634327304596e-05
728,1.5163775770090748,8.128366203177921e-05
729,1.4717301042249362,8.154359353744374e-05
730,1.3351957798242633,8.230358018444189e-05
731,1.3864229585980947,8.202473782526708e-05
732,1.4892379069749682,8.144231839430068e-05
733,0.952490278165362,8.412494283797753e-05
734,1.135698141330665,8.331310649686827e-05
735,1.3529725599985436,8.220769162935725e-05
736,1.4174883740613253,8.185192055508821e-05
737,1.308191447196015,8.244743940169585e-05
738,1.2843430845146249,8.25726564650485e-05
739,0.98910304107992,8.397204442027552e-05
740,1.1650650702017835,8.317242085122637e-05
741,1.3695931707070437,8.211719592280344e-05
742,1.3309349067652736,8.232642401328055e-05
743,1.0097948743848268,8.388352701624055e-05
744,1.1786788684296121,8.310625006621628e-05
745,0.9201178834235454,8.425610822851246e-05
746,1.0945933471262217,8.350524205960385e-05
747,1.2847195378395484,8.257069332151807e-05
748,1.4889926293132958,8.144374306555315e-05
749,1.705074783925005,8.01267394908323e-05
750,1.9250535641816757,7.866758463728053e-05
751,2.0624754668929275,7.770101896538442e-05
752,1.9438847229356282,7.853753601198086e-05
753,1.8281121514711511,7.932450812041733e-05
754,0.9901429348090662,8.396763194884361e-05
755,1.1818892906937704,8.309055836657434e-05
756,1.3992408167484778,8.195376862375917e-05
757,1.6301262559129632,8.059725547399068e-05
758,1.8541925186716466,7.914987373267235e-05
759,2.001388010255063,7.813564715202812e-05
760,1.9461372237466146,7.852192808145753e-05
761,1.8243720644211723,7.93494229312321e-05
762,1.763870969607746,7.974789559000108e-05
763,1.8391493732956863,7.92507941145028e-05
764,1.9755906985293075,7.83168249242217e-05
765,2.08971518554398,7.750472143571875e-05
766,1.8877073904611794,7.892317483725623e-05
767,1.6587475238221732,8.041924510507296e-05
768,1.4477864685298223,8.16807175067703e-05
769,1.2594603313637107,8.270145177470693e-05
770,1.053286977934239,8.369259456656287e-05
771,1.2605418659147027,8.269589331160006e-05
772,1.4927237269737788,8.142205346027842e-05
773,1.7233059969801265,8.001017033006966e-05
774,1.9011360378549762,7.88316300097436e-05
775,1.9100006912555938,7.877097748936013e-05
776,1.793253634764708,7.955545410902676e-05
777,1.69794410612233,8.0172109845406e-05
778,1.7316728169018518,7.995640091944065e-05
779,1.8512486471963194,7.916966425492113e-05
780,1.9963025307668985,7.817147557057853e-05
781,2.0955092085148452,7.746277300654518e-05
782,1.8632159880153274,7.908908894082965e-05
783,1.6412454536740364,8.052834718836706e-05
784,1.1109188982575546,8.342960561355668e-05
785,1.3267451204207712,8.234883390223027e-05
786,1.5589591552882132,8.10307138277803e-05
787,1.7649730523351308,7.97407146517915e-05
788,1.8429337786311184,7.922545454386102e-05
789,1.7411441132413055,7.989532794187357e-05
790,1.6193691420136216,8.066361830134614e-05
791,1.6222837433033646,8.064566691510243e-05
792,1.7308186816603097,7.996189784795586e-05
793,1.8631446929670197,7.908956993385067e-05
794,2.0070083203801916,7.809598682630099e-05
795,2.092008204020379,7.748812823578554e-05
796,1.1645242088657162,8.317503734476606e-05
797,1.3809027881265399,8.20551549685255e-05
798,1.6010590533602533,8.077589035866493e-05
799,1.7446863563730761,7.987243088076866e-05
800,1.6730371119228786,8.03295944640751e-05
801,1.5328438776101059,8.118642487546309e-05
802,1.5106045387766114,8.131757913540976e-05
803,1.6143193753031373,8.069466859578924e-05
804,1.7374514320826757,7.991916506395997e-05
805,1.8681429428139749,7.905582114078848e-05
806,1.2139675209458196,8.29319553665814e-05
807,1.4237127130053495,8.181696175366136e-05
808,1.6124999923880834,8.070583958682848e-05
809,1.5943350450850675,8.081690151934498e-05
810,1.4478262822529213,8.168049082794216e-05
811,1.3913953893752515,8.199726315388567e-05
812,1.500099188580338,8.13790659776032e-05
813,1.616756549960791,8.067969097131782e-05
814,1.256345826372486,8.271743830446685e-05
815,1.4519868450442381,8.165677817973264e-05
816,1.5124540460618288,8.13067229853371e-05
817,1.3809004838812735,8.205516764684659e-05
818,1.2908633778049063,8.253859305394807e-05
819,1.3884783854824878,8.201338945361221e-05
820,1.2884976626026166,8.255096704635069e-05
821,1.433097668265641,8.17640431080077e-05
822,1.348455369654409,8.223214620352045e-05
823,1.278666533329791,8.260220622434039e-05
824,1.3121249912173505,8.242662062528967e-05
825,1.3589381798501767,8.217530350398137e-05
826,1.3648718506202238,8.214298498932795e-05
827,1.577639404916675,8.091822072319749e-05
828,1.8050486537521817,7.947762783838687e-05
829,2.003088130413511,7.812365713992857e-05
830,1.9965417899843978,7.816979116573488e-05
831,1.8650649307779614,7.907661097960323e-05
832,1.7564103238193054,7.979643098008318e-05
833,1.454255582842519,8.16438273041687e-05
834,1.672085818954777,8.033557867935945e-05
835,1.8775610607122932,7.899207467947334e-05
836,1.9563781949824104,7.845082721534017e-05
837,1.8474077307152434,7.919545539502874e-05
838,1.7166365740757732,8.005290884315148e-05
839,1.6645193239883345,8.038309561927112e-05
840,1.7530436556461055,7.981828911489003e-05
841,1.89029053407489,7.890559665114442e-05
842,2.027175132881362,7.795312816934694e-05
843,1.9935781689721825,7.819064670391436e-05
844,1.7857224785618293,7.960497477307526e-05
845,1.521325863026435,8.125451839330215e-05
846,1.7269893309689484,7.998652041300212e-05
847,1.8671347248973773,7.906263332737927e-05
848,1.7958983824822408,7.953803194164373e-05
849,1.6502900094561275,8.047206347562012e-05
850,1.5570328520823902,8.104226150875236e-05
851,1.62682148787178,8.061767489600371e-05
852,1.7576272559367243,7.978852332437616e-05
853,1.9031552000123462,7.881783019338888e-05
854,2.037486159348459,7.787975647567395e-05
855,1.5681647921065174,8.097539248935759e-05
856,1.7397758725194894,7.990416411298893e-05
857,1.719326232135148,8.003568628103618e-05
858,1.5674363518686065,8.09797782348916e-05
859,1.4470915432989828,8.168467333524749e-05
860,1.4968396526922914,8.139808240379174e-05
861,1.621526722816548,8.065033159961969e-05
862,1.7607338331019236,7.976832057364403e-05
863,1.5923640225233349,8.082890086155517e-05
864,1.626003289816388,8.062272603040949e-05
865,1.481447197071177,8.148748895377576e-05
866,1.350836167174881,8.221926486533731e-05
867,1.3721078051205706,8.210343371549808e-05
868,1.4901090195925994,8.143725728374382e-05
869,1.5259115480876535,8.122745114258657e-05
870,1.4082547111716273,8.190357727241489e-05
871,1.3000255884012135,8.249050900568186e-05
872,1.256020782481505,8.271910499956832e-05
873,1.3633199304518249,8.215144770944654e-05
874,1.3073711159869208,8.245177522494938e-05
875,1.8647850249795457,7.907850048008955e-05
876,1.9778381891426853,7.830109720058994e-05
877,1.8785106252577128,7.89856364085233e-05
878,1.7296394708559533,7.996948393352897e-05
879,1.6072226388836257,8.073819402864165e-05
880,1.8712126549197057,7.90350659164233e-05
881,1.8233064822884362,7.935651542284781e-05
882,1.6697021967523749,8.035056314741988e-05
883,1.525649098085086,8.122900180176421e-05
884,1.479527860554678,8.149859154652885e-05
885,1.5897889800553826,8.08445621106078e-05
886,1.7378317741994793,7.991671139469035e-05
887,1.888663222528258,7.891667218847516e-05
888,1.7352128748362536,7.993359936240469e-05
889,1.5860002286759194,8.086757352213833e-05
890,1.436381163020511,8.174546960171636e-05
891,1.3501235945256416,8.222312200608048e-05
892,1.4499017771432436,8.16686678603628e-05
893,1.5883150596555786,8.085351859967077e-05
894,1.4934302760858873,8.14179418413341e-05
895,1.359718838665761,8.217105745323776e-05
896,1.265489659506669,8.267041840725747e-05
897,1.3255292322006242,8.235532749551787e-05
898,1.313087259192018,8.242152060118505e-05
899,1.2605975707814046,8.269560692276761e-05
900,1.6764775722854433,8.030793292262267e-05
901,1.5215950222056283,8.125293123877578e-05
902,1.3928858879905477,8.198901360874963e-05
903,1.4389627119016914,8.17308453326026e-05
904,1.3160304938884178,8.240590414537113e-05
905,1.2771709957098418,8.26099749468683e-05
906,1.3834178748584147,8.204130736036814e-05
907,1.2689568854334783,8.265252154418801e-05
908,1.2222094955921547,8.28906765788034e-05
909,1.2316743884916281,8.28430087561875e-05
910,0.0,0.0
911,0.4371533362005765,8.572518967413988e-05
912,0.859732966148153,8.449046914990027e-05
913,1.2550218531656965,8.272422505950363e-05
914,1.6138073786258589,8.069781311473542e-05
915,1.9313985688331294,7.86238529206264e-05
916,2.207458933950485,7.663916694867072e-05
917,2.4444724115409584,7.481825204382478e-05
918,2.645426790294873,7.320007486568633e-05
919,2.689572282818077,7.283628465777319e-05
920,2.484976345064803,7.449729445622477e-05
921,2.2884705268153924,7.602816964540222e-05
922,2.1097547552596985,7.735934753471749e-05
923,0.5552283968154957,8.545519886530567e-05
924,0.8757657971208272,8.442956791242474e-05
925,1.228620814697127,8.285841818780413e-05
926,1.570023075195297,8.09641979048611e-05
927,1.8815894394346393,7.896474730869347e-05
928,2.15671074104972,7.701556760171204e-05
929,2.394650213930091,7.520927052327031e-05
930,2.594279595951777,7.361793393362082e-05
931,2.6002518438110154,7.356934690894917e-05
932,2.3989605849721567,7.517560891584834e-05
933,2.202772228313083,7.667413639591468e-05
934,2.0768398116619524,7.75976942234134e-05
935,2.177854658267663,7.685934846991711e-05
936,2.0769567030099068,7.759685167389778e-05
937,2.2355146129384296,7.642895893679562e-05
938,2.4293323503539517,7.493752094017474e-05
939,2.6333657454115706,7.329896561473094e-05
940,2.5303974278512515,7.41341803912055e-05
941,2.31478533402171,7.582709443200309e-05
942,2.062546225589077,7.770051102662076e-05
943,1.7721737678620628,7.969372481194173e-05
944,1.4450177736482432,8.169647009393407e-05
945,1.0890712109319645,8.353062363838964e-05
946,0.7257216663321419,8.496094422811678e-05
947,1.0957083236321659,8.350010480120471e-05
948,1.3765876467333646,8.207887047065313e-05
949,1.6660871816144245,8.037326143393753e-05
950,1.940324775407988,7.85621808112068e-05
951,2.187417214051486,7.678841154691838e-05
952,2.4016489984398763,7.515459771397294e-05
953,2.571371137429071,7.380379545888362e-05
954,2.5907996826703696,7.364621942279152e-05
955,2.419155090433425,7.501747677788463e-05
956,2.250880569102364,7.63132003495628e-05
957,2.2957478611234783,7.597268832180756e-05
958,2.456946746797383,7.471969412228957e-05
959,2.2530452513988513,7.629685736562361e-05
960,2.100692662194428,7.742518748467462e-05
961,2.212477157742798,7.660167743542535e-05
962,2.399556402191764,7.517095339852191e-05
963,2.600052379695487,7.357097052422329e-05
964,2.4419572461865413,7.483809246754582e-05
965,2.2261991292882626,7.649892069477805e-05
966,1.9764426469819312,7.83108643494643e-05
967,1.6950487466652069,8.01904962243226e-05
968,1.391241967034055,8.199811194423308e-05
969,1.6014293448424002,8.07736284521158e-05
970,1.8431370258596445,7.922409271039135e-05
971,2.074131591361565,7.761720717794483e-05
972,2.2804584362054787,7.608914068972846e-05
973,2.4527067142824164,7.475322315032468e-05
974,2.5727106045287256,7.379295042954201e-05
975,2.5896695059124304,7.365540173935412e-05
976,2.4878200682921894,7.447465882189713e-05
977,2.3913728651025035,7.52348433699914e-05
978,2.4585815768235264,7.47067583339843e-05
979,2.6222853289354804,7.338962391730324e-05
980,2.5434822257651466,7.402896109192981e-05
981,2.318812009786165,7.579621552224579e-05
982,2.140010878659843,7.713833344913874e-05
983,2.2111121733311174,7.661187954010408e-05
984,2.3877647063595018,7.526297604107934e-05
985,2.5619556965168955,7.387994889453649e-05
986,2.388017307535881,7.526100725257352e-05
987,2.1826615561265386,7.682371205708699e-05
988,1.9486600094397069,7.850443414553984e-05
989,2.0418988447372404,7.784828867149477e-05
990,2.2302909232976837,7.646821038130003e-05
991,2.3917597293888746,7.523182566905227e-05
992,2.5148022710622207,7.425922954933433e-05
993,2.583636121864902,7.370438771734037e-05
994,2.5771609236953505,7.375689828705804e-05
995,2.500143550127354,7.437641314733668e-05
996,2.422483157166728,7.499134974119195e-05
997,2.4597674227974604,7.469737240492876e-05
998,2.588267358821538,7.366679099325834e-05
999,2.730718562509142,7.249466979476522e-05
1000,2.6145638759417955,7.34526902355534e-05
1001,2.366548946600247,7.542793729092636e-05
1002,2.1689876939372716,7.692496697852356e-05
1003,2.217899991597637,7.656111132842626e-05
1004,2.384790705261898,7.528614727434945e-05
1005,2.530389408033669,7.413424479777539e-05
1006,2.370081393745271,7.540052550344542e-05
1007,2.3750668602671965,7.536180118919628e-05
1008,2.49066548651972,7.445199646348231e-05
1009,2.565872954849524,7.384828235646915e-05
1010,2.5901166421757504,7.36517691384017e-05
1011,2.5552102628032705,7.393442167145546e-05
1012,2.4685706232914515,7.46276224393376e-05
1013,2.3721238609609574,7.538466600668013e-05
1014,2.3618642654137214,7.546425670335323e-05
1015,2.4658461644122203,7.464922272921179e-05
1016,2.593436428077364,7.362478909245286e-05
1017,2.7231887002359505,7.255736630274376e-05
1018,2.664430708556453,7.304381978248831e-05
1019,2.3950128357355305,7.520643988088695e-05
1020,2.1846540025351615,7.680892775364783e-05
1021,2.2233379085664327,7.652037634244517e-05
1022,2.3844829823625284,7.528854395046676e-05
1023,2.561182162113184,7.388619919490768e-05
1024,2.5936045179789606,7.362342256799107e-05
1025,2.580683014628227,7.37283439666676e-05
1026,2.518695008392767,7.422805230258575e-05
1027,2.413098788074092,7.506497352609733e-05
1028,2.288749321712305,7.602604593471646e-05
1029,2.2212327725003536,7.653615239035577e-05
1030,2.2974906745954105,7.59593870461183e-05
1031,2.43306950258678,7.490811665905519e-05
1032,2.5977153357787297,7.358998926129779e-05
1033,2.698866918762248,7.275932829594886e-05
1034,2.692802930810713,7.280955014681732e-05
1035,2.4075419632642134,7.510849806138032e-05
1036,2.189417406531189,7.677355138998211e-05
1037,2.589193387533973,7.36592694569935e-05
1038,2.5460400494189606,7.400836104287321e-05
1039,2.460928020431222,7.468818405328468e-05
1040,2.336880881616234,7.56572948887942e-05
1041,2.188383684034961,7.678123225316506e-05
1042,2.0654135642269194,7.767991927222243e-05
1043,2.0999688891752233,7.743043886531438e-05
1044,2.2465431687763133,7.634592067832255e-05
1045,2.4394915175405476,7.4857532611959e-05
1046,2.578859415698731,7.374313065994341e-05
1047,2.6825931459860164,7.289398737112823e-05
1048,2.7018544098328285,7.27345664844397e-05
1049,2.4791142324261846,7.454391423397418e-05
1050,2.3760842295930216,7.535389350790919e-05
1051,2.238208614336201,7.64086958172697e-05
1052,2.0743979292010826,7.761528885652227e-05
1053,1.9125554830077418,7.87534649489389e-05
1054,1.8842351229832377,7.894677981252304e-05
1055,2.041537357706545,7.785086803752578e-05
1056,2.2165644476673294,7.657110719875639e-05
1057,2.4279667579703887,7.494825966790773e-05
1058,2.5716561568758083,7.38014880254805e-05
1059,2.2607465028556097,7.623864352802497e-05
1060,2.115701331426616,7.731605344264991e-05
1061,1.9476401302404291,7.851150804110617e-05
1062,1.7725898880100732,7.969100554423939e-05
1063,1.6671984062017406,8.036628767407562e-05
1064,1.8223767882376616,7.936270129008739e-05
1065,2.0210353855853658,7.799671188670432e-05
1066,2.2481994401563896,7.633343030219923e-05
1067,1.9710947130348606,7.83482547603979e-05
1068,1.811109380618933,7.94375106738879e-05
1069,1.6483630537150378,8.048407223172838e-05
1070,1.5064103100993371,8.13421636951718e-05
1071,1.591325223302732,8.083522085987602e-05
1072,1.8117547730117638,7.943323362569358e-05
1073,1.6723729201481696,8.033377287623326e-05
1074,1.5439618194795233,8.112035774833037e-05
1075,1.4411159009831183,8.171863329198142e-05
1076,1.377318496417959,8.207485762294903e-05
1077,1.4684095644063573,8.156270563092327e-05
1078,1.4319261783858839,8.177066240133636e-05
1079,1.1624227975027708,8.318519420301823e-05
1080,1.474732636870033,8.152628543931307e-05
1081,1.7763763782752597,7.966624256882227e-05
1082,2.0512626685182727,7.778137916160022e-05
1083,2.293140712169701,7.5992575943037e-05
1084,2.4993581793705246,7.438268167933723e-05
1085,2.6097553722095443,7.349191888833066e-05
1086,2.4268393839309974,7.495712271996037e-05
1087,2.2296424432989568,7.64730795523847e-05
1088,2.0887408787711075,7.751176867956662e-05
1089,2.281575013173531,7.608065072796656e-05
1090,1.6333338534951911,8.057740967791487e-05
1091,1.89060949649634,7.890342508437704e-05
1092,2.128940469846574,7.721941177722086e-05
1093,2.338537423559714,7.564452957066698e-05
1094,2.509914808971152,7.429833909007312e-05
1095,2.5951011840074565,7.361125317428652e-05
1096,2.485612149963862,7.449223468783018e-05
1097,2.3175655162296165,7.580577748326295e-05
1098,2.287837882733503,7.60329882633376e-05
1099,2.4602710192768424,7.469338574968554e-05
1100,2.5248160629406975,7.417897909649201e-05
1101,2.323580408064307,7.575961095910424e-05
1102,2.113741677302468,7.733032855320277e-05
1103,2.230868402684748,7.646387365731062e-05
1104,2.4227939024184666,7.498890927100419e-05
1105,2.5738735624302933,7.378353224867284e-05
1106,2.434052925754793,7.490037507118986e-05
1107,2.2335064165566387,7.644405484933897e-05
1108,2.0011759219694483,7.813714246340732e-05
1109,1.7434480020003174,7.988043905732041e-05
1110,2.057639867031615,7.77357067056516e-05
1111,2.254158513169439,7.628844902877044e-05
1112,2.4201043478098048,7.501002653709358e-05
1113,2.5416831860349185,7.404344389148601e-05
1114,2.588139533528994,7.366782913224291e-05
1115,2.527852624663332,7.415461237022919e-05
1116,2.4172136133953277,7.503270967656697e-05
1117,2.4038073065808927,7.513772054978533e-05
1118,2.539108137041614,7.406416487194714e-05
1119,2.6958290806169702,7.278449424627281e-05
1120,2.597633651095737,7.359065385559442e-05
1121,2.3587094547514686,7.548869362642348e-05
1122,2.1395826643277065,7.714147415365191e-05
1123,2.2368313670361553,7.641905658269632e-05
1124,2.4200769063145167,7.501024193300137e-05
1125,2.5416308622558277,7.404386503661863e-05
1126,2.401555946910848,7.51553251624112e-05
1127,2.2141879062683456,7.658888602868597e-05
1128,2.3830867924411563,7.529941600558225e-05
1129,2.5017006902595766,7.436398168454662e-05
1130,2.5733095682415574,7.37881000018193e-05
1131,2.581930074776374,7.371822918786221e-05
1132,2.521238504918604,7.42076680880458e-05
1133,2.4229504631359857,7.49876796430371e-05
1134,2.380083142369204,7.532279379742736e-05
1135,2.470282442929766,7.461404436518983e-05
1136,2.603554918443604,7.354245141533786e-05
1137,2.7216658500362176,7.257003638741667e-05
1138,2.6280966154430225,7.33420998651599e-05
1139,2.3792363330296924,7.532938179034902e-05
1140,2.156710037584872,7.701557278464688e-05
1141,2.244050692550583,7.636470742803011e-05
1142,2.4195343025501326,7.501450071760235e-05
1143,2.5297000681864024,7.413978045246123e-05
1144,2.5632727179949257,7.386930496430245e-05
1145,2.591075000031776,7.364398226162539e-05
1146,2.566104152869156,7.384641263649798e-05
1147,2.4881297185579196,7.44721932510774e-05
1148,2.375832438515303,7.535585076608505e-05
1149,2.2887205576394405,7.60262650506386e-05
1150,2.3312196702622803,7.570088330710443e-05
1151,2.457947261614735,7.471177795681568e-05
1152,2.607865830612477,7.350732449823702e-05
1153,2.6910376717171562,7.282416002631057e-05
1154,2.6309838930121354,7.331846914048113e-05
1155,2.3872161533833447,7.526725111513309e-05
1156,2.1647496301689517,7.695627602786758e-05
1157,2.2471003956968687,7.634171905637646e-05
1158,2.584701379321554,7.369574280922547e-05
1159,2.531247262726231,7.412735484815558e-05
1160,2.4334287009693933,7.490528920899191e-05
1161,2.3020360983898303,7.592467007249243e-05
1162,2.17289136202931,7.689609735205936e-05
1163,2.1566546691717194,7.701598072079692e-05
1164,2.2799320280481035,7.609314247292646e-05
1165,2.42273362407532,7.498938268605764e-05
1166,2.5833977077601507,7.37063222847294e-05
1167,2.6650996670217073,7.303830972545466e-05
1168,2.625526465238867,7.336312453936861e-05
1169,2.388831283210632,7.525466232702657e-05
1170,2.469674642934493,7.46188659609508e-05
1171,2.3547151622432843,7.551960799793961e-05
1172,2.207414130242455,7.663950144627965e-05
1173,2.0482973397735176,7.780258769928503e-05
1174,1.9648128785718697,7.839209578450623e-05
1175,2.0795909831068324,7.757785645688818e-05
1176,2.2434769151074954,7.636903056282095e-05
1177,2.436271157323433,7.488290698467186e-05
1178,2.5680880717559273,7.383036507011937e-05
1179,2.655407363353628,7.311807861348622e-05
1180,2.248998740153839,7.632740073856258e-05
1181,2.09255487260201,7.74841707488895e-05
1182,1.9194279987603262,7.870628341442488e-05
1183,1.777742982884261,7.965729683122713e-05
1184,1.8634817942773343,7.90872955731624e-05
1185,2.0491446743243413,7.779652927736542e-05
1186,2.260250719292384,7.624239447934754e-05
1187,2.4301017435460444,7.493146920731618e-05
1188,1.958777958679141,7.843413316235658e-05
1189,1.7882638233128356,7.958827931096774e-05
1190,1.6259409965716618,8.06231105264731e-05
1191,1.6370750498551234,8.05542291848678e-05
1192,1.8415759355017345,7.923455016731288e-05
1193,2.0410033037457036,7.785467824548816e-05
1194,1.659758305724904,8.04129205264735e-05
1195,1.5199912702060674,8.12623852059383e-05
1196,1.4245603446984518,8.181219251955296e-05
1197,1.6217181241426597,8.064915234310477e-05
1198,1.4545982844969712,8.164186976988513e-05
1199,1.4047446101763885,8.192315005524458e-05
1200,2.1107241616518735,7.735229460473132e-05
1201,2.308594123974865,7.587451525075482e-05
1202,2.4724151414488893,7.459712112950064e-05
1203,2.5685919960944923,7.382628793821812e-05
1204,2.494164374253443,7.442411142890586e-05
1205,2.327200062568848,7.573179749156436e-05
1206,2.242211915014164,7.637855954725783e-05
1207,2.427003315113931,7.495583407938758e-05
1208,2.635588130924225,7.328076019805972e-05
1209,2.4097671403545697,7.509107541418018e-05
1210,2.525501774055262,7.417347793308465e-05
1211,2.5762872824239835,7.376397810151305e-05
1212,2.530305624096977,7.413491765432542e-05
1213,2.413515778799641,7.506170526631629e-05
1214,2.3362900777773343,7.566184644385185e-05
1215,2.443515177318831,7.48258042621794e-05
1216,2.6065406985985464,7.351812518200162e-05
1217,2.7131500594962086,7.264082692927935e-05
1218,2.6071342605926096,7.351328759813305e-05
1219,2.390438826121782,7.52421281936568e-05
1220,2.1962213280948504,7.672294492088812e-05
1221,2.3295445581200402,7.57137698466563e-05
1222,2.4921553200265087,7.44401253993264e-05
1223,2.5521688150238835,7.395895952594511e-05
1224,2.460085546472361,7.46948540697372e-05
1225,2.569483198522281,7.381907646246553e-05
1226,2.580627517299571,7.372879404396968e-05
1227,2.5260461269324708,7.416911029019037e-05
1228,2.42067681699926,7.500553277586457e-05
1229,2.322159722605643,7.577052110581677e-05
1230,2.355866681679092,7.551069853840475e-05
1231,2.4886978603244727,7.446766905033991e-05
1232,2.6054846546215495,7.352673070871146e-05
1233,2.663402411652235,7.305228834482233e-05
1234,2.5688576798071936,7.382413819514999e-05
1235,2.359059912344607,7.548597987226647e-05
1236,2.1733463366735775,7.689273065295126e-05
1237,2.331582467138157,7.569809167178765e-05
1238,2.4908486070141427,7.445053754589134e-05
1239,2.5688429929890453,7.382425703438365e-05
1240,2.4959970832118823,7.440949735473701e-05
1241,2.3811675238838177,7.53143557248564e-05
1242,2.2552396065429283,7.628028144787913e-05
1243,2.2186225598139226,7.655570185961034e-05
1244,2.3308592909499892,7.570365610718076e-05
1245,2.46315294287367,7.467056328163752e-05
1246,2.5849836024159414,7.369345218412757e-05
1247,2.6204832843599273,7.340435049479077e-05
1248,2.5396784162590524,7.405957683856646e-05
1249,2.3408891622523664,7.562639868326397e-05
1250,2.170061757436925,7.69170266855012e-05
1251,2.440007569485776,7.485346483239078e-05
1252,2.3114910033616947,7.585233556765917e-05
1253,2.162820794807984,7.697051385497692e-05
1254,2.0615559173782256,7.770761898117082e-05
1255,2.147759755641772,7.708143734775056e-05
1256,2.2976459000029577,7.595820208684312e-05
1257,2.4553995108772693,7.473193271519055e-05
1258,2.5574786616015226,7.391611117261438e-05
1259,2.5968028352364576,7.359741287119675e-05
1260,2.528907917428997,7.414614078079435e-05
1261,2.214947172431409,7.658320714986606e-05
1262,2.0521119177030616,7.777530183145464e-05
1263,1.9040440819610638,7.881175230814899e-05
1264,1.948033058330132,7.850878295552888e-05
1265,2.116148821013909,7.73127926235604e-05
1266,2.275393015014792,7.612762717273018e-05
1267,2.4412457806190857,7.484370280818001e-05
1268,2.5474796950059946,7.399676196307418e-05
1269,1.9257933625121004,7.866249029345747e-05
1270,1.7585997881319815,7.978220122689337e-05
1271,1.7395645497691508,7.990552844188091e-05
1272,1.9221461407798661,7.868759380602197e-05
1273,2.1044912370944435,7.739760935904516e-05
1274,2.2909994574808374,7.600890040453904e-05
1275,1.6291889431150626,8.060304976558365e-05
1276,1.5380335741423312,8.115562698533303e-05
1277,1.7179238861005766,8.004466807103862e-05
1278,1.9181043500704658,7.871537873670656e-05
1279,1.420594967301174,8.183448627729324e-05
1280,1.5103770138939112,8.131891400695764e-05
1281,2.5715492158948967,7.380235380294734e-05
1282,2.5282098447500028,7.41517449082899e-05
1283,2.4097069256734,7.509154699335228e-05
1284,2.290848519707457,7.601005080579727e-05
1285,2.3577012050038824,7.549649976267738e-05
1286,2.523316976165517,7.419100300031862e-05
1287,2.6332168607369564,7.330018498908206e-05
1288,2.5269618646862857,7.41617617532077e-05
1289,2.4203014039110444,7.500847975151081e-05
1290,2.2955246367664954,7.597439158654905e-05
1291,2.2662099641927718,7.619727842872372e-05
1292,2.3915620112030718,7.523336798471136e-05
1293,2.512990393894283,7.427373270590898e-05
1294,2.5837673498901297,7.370332285420569e-05
1295,2.5671329065480606,7.383809199784433e-05
1296,2.461086385965796,7.468693011352943e-05
1297,2.2987912251283804,7.594945755303023e-05
1298,2.273355424306561,7.614309523907366e-05
1299,2.40874659429608,7.509906711668671e-05
1300,2.3835569329599506,7.52957554244512e-05
1301,2.2462595960480085,7.634805866051203e-05
1302,2.1489915416900294,7.707238205733535e-05
1303,2.232816471920588,7.644923951473639e-05
1304,2.3683256934975963,7.541415246467742e-05
1305,2.4722960076077873,7.459806666969661e-05
1306,2.5389777429882883,7.406521385098368e-05
1307,2.524334561942065,7.418284152099059e-05
1308,2.4281282111108586,7.494699019919798e-05
1309,2.277838895447833,7.610904954493826e-05
1310,2.1627495809286974,7.697103938587558e-05
1311,2.0231402558626894,7.798177913490567e-05
1312,2.0575209639651804,7.773655903871525e-05
1313,2.207273349737543,7.664055246699445e-05
1314,2.3417779375672723,7.56195440520095e-05
1315,2.4565952785703553,7.472247457597061e-05
1316,2.5146846842071655,7.426017093276174e-05
1317,2.509584538590995,7.43009805289571e-05
1318,1.8927055129841799,7.88891492546173e-05
1319,1.874546771132395,7.901249875366022e-05
1320,2.0346084326674805,7.790025629294976e-05
1321,2.1933556589923606,7.674427015700309e-05
1322,2.337850526740824,7.564982339248778e-05
1323,2.447393396535469,7.479519707996513e-05
1324,1.6953932343564304,8.018830971592937e-05
1325,1.8541707940219145,7.915001985187378e-05
1326,2.0296608163741205,7.793546076715766e-05
1327,2.188974290521731,7.67768441248899e-05
1328,1.6734972622858955,8.032669902203533e-05
1329,1.8533343202044075,7.915564512257294e-05
1330,2.28914716768975,7.60230151105112e-05
1331,2.2182465467115713,7.655851698549697e-05
1332,2.327784587745243,7.572730379333347e-05
1333,2.44626402828464,7.480411273437008e-05
1334,2.5105379069395544,7.42933551932029e-05
1335,2.127616665184869,7.722909087263048e-05
1336,2.1796425937575115,7.684609865929569e-05
1337,2.3090640894232224,7.587091803501185e-05
1338,2.4094966804020266,7.509319350816508e-05
1339,2.4667780038716276,7.46418362211111e-05
1340,2.4685278504004953,7.462796164991805e-05
1341,2.4118929299576135,7.507442304411598e-05
1342,2.3057125059555283,7.589656303626071e-05
1343,2.0253297854288923,7.796623590237075e-05
1344,2.161024406599108,7.698376747670773e-05
1345,2.2887821601517135,7.602579577966606e-05
1346,2.3836500338270112,7.529503048233949e-05
1347,2.4444075368030553,7.481876392965539e-05
1348,2.4542419212719317,7.474108660923536e-05
1349,2.006853508775497,7.809708016804631e-05
1350,2.152578631501665,7.704599510055971e-05
1351,2.2781481637416996,7.610669972142476e-05
1352,2.3786373263450256,7.533404117948733e-05
1353,2.004573727215715,7.811317502086853e-05
1354,2.150222525597374,7.706332968030552e-05
1355,2.2891302097305632,7.602314430357481e-05
1356,2.377907814198573,7.533971486588699e-05
1357,2.42407366254122,7.497885681507291e-05
1358,2.2712431580990318,7.615912211777276e-05
1359,2.3548066238144307,7.551890043298385e-05
1360,2.4027310196866845,7.514613771087317e-05
1361,2.4110407379979266,7.50810996157182e-05
1362,2.261990519961244,7.622922965650855e-05
1363,2.3472125138738127,7.557759970160519e-05
1364,2.389893715667044,7.524637896156259e-05
1365,3.7046154381922167,6.384919181910572e-05
1366,3.6954867021776256,6.393393502193786e-05
1367,3.6663330148288398,6.420424958846776e-05
1368,3.6126810304420665,6.470037305099292e-05
1369,3.529459437502176,6.546623131893838e-05
1370,3.4134629986947465,6.652539261720641e-05
1371,3.26518392296298,6.786331558194039e-05
1372,3.0893718537665267,6.94228068154438e-05
1373,2.8942176700121696,7.111427374739638e-05
1374,2.689572282818077,7.283628465777319e-05
1375,2.484976345064803,7.449729445622477e-05
1376,2.2884705268153924,7.602816964540222e-05
1377,2.1097547552596985,7.735934753471749e-05
1378,3.7277996342453785,6.363375962035217e-05
1379,3.70102236733782,6.388255240544048e-05
1380,3.622856081291983,6.460642157633676e-05
1381,3.515328886569905,6.55957944201546e-05
1382,3.379193858207363,6.683628274011845e-05
1383,3.2152561180896244,6.830932861835283e-05
1384,3.028159395244808,6.995812499499393e-05
1385,2.82874332222715,7.167133059111404e-05
1386,2.7834537284800365,7.205335944186903e-05
1387,2.771879597454981,7.215054555025508e-05
1388,2.5670975104887166,7.38383783113215e-05
1389,2.3668103776928686,7.542590933400473e-05
1390,2.2669197602248743,7.61919003469291e-05
1391,2.464069541655727,7.466330168422471e-05
1392,2.664545922411307,7.304287083934352e-05
1393,2.8184461406485535,7.175843068569869e-05
1394,2.709523496075588,7.267094268425225e-05
1395,2.837943959670382,7.15933873310029e-05
1396,3.032917443677001,6.991666542594824e-05
1397,3.208811695711419,6.836672231428362e-05
1398,3.3588513832124027,6.702036722935269e-05
1399,3.480300737750466,6.591634107921676e-05
1400,3.574405441191946,6.505318971292126e-05
1401,3.6448758790913423,6.440287839473848e-05
1402,3.7935264336011305,6.302144933948269e-05
1403,3.7716148914025127,6.322582528492416e-05
1404,3.6598975465077324,6.426385196491653e-05
1405,3.5021162745043117,6.57168105637481e-05
1406,3.317126793345471,6.739683004020905e-05
1407,3.116045827524469,6.918824925593481e-05
1408,2.9189335541390546,7.09025713934297e-05
1409,2.841782210306161,7.156083870166412e-05
1410,2.935923845652186,7.075660233108258e-05
1411,2.876284624193634,7.126739663464479e-05
1412,2.6671556051117777,7.302137132182591e-05
1413,2.489523864929823,7.446109050717072e-05
1414,2.6834497210728356,7.288690910950256e-05
1415,2.833317145629615,7.16325973398715e-05
1416,2.8571286492994243,7.143050776528757e-05
1417,2.767412000427733,7.218801016957805e-05
1418,2.623422705863045,7.338032658058748e-05
1419,2.8024617863616856,7.189335691187448e-05
1420,2.9967991901311937,7.023073310092108e-05
1421,3.1745757772268566,6.867093514674737e-05
1422,3.330525831553655,6.72761022667621e-05
1423,3.463275405093514,6.607181115953326e-05
1424,3.8922294114189824,6.209799935257025e-05
1425,3.871990321883506,6.228770758089461e-05
1426,3.7368943715810268,6.354916869865429e-05
1427,3.5495666512518067,6.528162428917175e-05
1428,3.348845431306423,6.711078449022671e-05
1429,3.168998399147627,6.872038291853871e-05
1430,3.074254691792732,6.955539699266591e-05
1431,3.0986696982743505,6.934113325762916e-05
1432,3.171114445285055,6.870162625291477e-05
1433,2.991845583245776,7.027368933696027e-05
1434,2.7711767533107925,7.215644131575731e-05
1435,2.7770439159357556,7.21072042191903e-05
1436,2.857854933783631,7.142433215179419e-05
1437,2.8639514530055346,7.137246643599267e-05
1438,2.8068966865974243,7.185595554059456e-05
1439,2.7029566692222002,7.272542717366557e-05
1440,2.5829136777894726,7.37102495867302e-05
1441,2.783245572913065,7.205510890479309e-05
1442,2.9791595273516553,7.038356750347678e-05
1443,3.1630536644034013,6.877305271741565e-05
1444,4.012772967429426,6.096480408396802e-05
1445,3.9901487325787417,6.117788429612073e-05
1446,3.8480740035428243,6.251165575870371e-05
1447,3.6734378713335474,6.413841894524522e-05
1448,3.521477433542705,6.553943593604448e-05
1449,3.4340884225306336,6.633781895629076e-05
1450,3.4278003794333127,6.639504023720482e-05
1451,3.479858396825581,6.592038317376319e-05
1452,3.324934193191525,6.732650324214792e-05
1453,3.104537454547251,6.928954198635096e-05
1454,2.865231978663564,7.136156636072329e-05
1455,2.8118952149655296,7.181376927353757e-05
1456,2.8411962670592232,7.156580878851774e-05
1457,2.821220118996778,7.173498044695437e-05
1458,2.7589423950606604,7.225895961737317e-05
1459,2.6607017862257316,7.30745219978401e-05
1460,2.5759502352263497,7.376670914817262e-05
1461,2.7771883697367534,7.210599137190178e-05
1462,4.145663891248894,5.971018442592425e-05
1463,4.126196418300064,5.9894261034322764e-05
1464,4.010301163839255,6.0988092243282775e-05
1465,3.8943154775397804,6.207843613638899e-05
1466,3.8237851528183966,6.273882882531087e-05
1467,3.8139004276410207,6.283120182276523e-05
1468,3.82827795998863,6.269682823005284e-05
1469,3.6500650480249317,6.435486785969828e-05
1470,3.440440133971389,6.627998656570553e-05
1471,3.2016834402469776,6.843015860473378e-05
1472,2.9394241753296932,7.072648584059636e-05
1473,2.786485583991003,7.202787124804454e-05
1474,2.80655633852627,7.185882677298553e-05
1475,2.7870572956029296,7.202306358463803e-05
1476,2.7324381680072727,7.248034048290038e-05
1477,2.646126128255665,7.319433421137005e-05
1478,4.2834623529639515,5.840515795552505e-05
1479,4.281380829125229,5.842489255777573e-05
1480,4.218927936075646,5.901672906760375e-05
1481,4.173606974480799,5.9445821875782794e-05
1482,4.171621454495299,5.946461169437527e-05
1483,4.104281196439163,6.0101376130050804e-05
1484,3.9519018437395093,6.15377038219918e-05
1485,3.76197688185172,6.331564485910807e-05
1486,3.5350680067671525,6.541476687399529e-05
1487,3.2746687968106296,6.777831903541476e-05
1488,2.989128784493956,7.029723639869605e-05
1489,2.760728441381335,7.224400623727037e-05
1490,2.784964990608363,7.204065613020394e-05
1491,2.7745999071648453,7.212772001399792e-05
1492,4.419379701927728,5.711574609474281e-05
1493,4.441513944863566,5.6905681769597535e-05
1494,4.435134427462702,5.696622695186975e-05
1495,4.422036860547723,5.7090528791739146e-05
1496,4.34005404692429,5.786844763020404e-05
1497,4.2177386348478985,5.902799384119237e-05
1498,4.054030160608782,6.057581810539794e-05
1499,3.8480617311051626,6.251177061051377e-05
1500,3.601225753145413,6.480606605947468e-05
1501,3.319264471822764,6.737757982771749e-05
1502,3.0136568960274324,7.008433360515441e-05
1503,2.7507679043383653,7.232734280548242e-05
1504,4.546246335813116,5.591181727417219e-05
1505,4.5837073955292835,5.555646669933866e-05
1506,4.577487091958841,5.561546361316829e-05
1507,4.529114413907677,5.607436202134416e-05
1508,4.4387651846160745,5.6931769073812665e-05
1509,4.305097341167255,5.820001106509343e-05
1510,4.1262691759823,5.989357322861115e-05
1511,3.9018555623349656,6.200770995866987e-05
1512,3.635016572549927,6.44940516767002e-05
1513,3.3341837675966586,6.724311610197593e-05
1514,4.656828888456607,5.48632526550158e-05
1515,4.684630338113105,5.4599870561529376e-05
1516,4.668989209418762,5.474803537819218e-05
1517,4.610581805839456,5.530161768820115e-05
1518,4.508303068450369,5.6271838165253325e-05
1519,4.359878353213278,5.768037099764328e-05
1520,4.163524903540186,5.954122456735871e-05
1521,3.920100941771572,6.183647271660876e-05
1522,4.744860664213399,5.4029708844489637e-05
1523,4.760420399478296,5.388252614399207e-05
1524,4.732724031872974,5.414454517258344e-05
1525,4.661341457896124,5.482049421410822e-05
1526,4.544125508661197,5.5931938317100075e-05
1527,4.37850876506286,5.750359856070699e-05
1528,4.805788493217991,5.345367663755825e-05
1529,4.807259323624574,5.343978121001183e-05
1530,4.765356300376294,5.3835846873066074e-05
1531,4.678557658710128,5.465739116262966e-05
1532,4.8368689262233415,5.316016150760172e-05
1533,4.823084239672552,5.329031088405918e-05
1534,3.643493019988003,6.44156699115608e-05
1535,3.5375455272028797,6.539202597697663e-05
1536,3.4027749850970466,6.662245783474981e-05
1537,3.2415823319307138,6.807444933379237e-05
1538,3.057625775901836,6.970095574608197e-05
1539,2.85907936050732,7.14139192785825e-05
1540,2.714812663651471,7.262701404148699e-05
1541,2.825639256526953,7.169760152993092e-05
1542,2.8612375206342393,7.139556095349415e-05
1543,2.7087302662476684,7.267752733116609e-05
1544,2.5186029372581884,7.422878998886754e-05
1545,3.7096971059194943,6.380199760136146e-05
1546,3.5741899374412522,6.505517343669152e-05
1547,3.402199124315754,6.662768498318279e-05
1548,3.208990667036475,6.836512895518407e-05
1549,3.0116833413105546,7.010148983539769e-05
1550,2.8672553966241128,7.134433834473655e-05
1551,2.891748247379947,7.113538332452469e-05
1552,2.9528160038189553,7.061112613684738e-05
1553,2.9211073639715286,7.08839153542163e-05
1554,2.7700229133959144,7.216611876196237e-05
1555,2.698180421422265,7.27650165144117e-05
1556,2.827526873940758,7.168162739231129e-05
1557,2.886164698863573,7.11830852277184e-05
1558,2.8519430024647257,7.147458157590338e-05
1559,2.7577666554256126,7.226880089652696e-05
1560,2.6733473865248687,7.297032121546922e-05
1561,2.8482802758579355,7.15056907502921e-05
1562,3.04577832650146,6.980447265425713e-05
1563,3.2306170019855225,6.817236202336034e-05
1564,3.3961596812395425,6.668248927849903e-05
1565,3.8058254246736523,6.290662835541586e-05
1566,3.653895614660058,6.431941665597221e-05
1567,3.471716563106059,6.599475659452617e-05
1568,3.2932873484338523,6.761123138185993e-05
1569,3.163776024126711,6.876665460383026e-05
1570,3.1271370187902066,6.909049499308914e-05
1571,3.145999839828538,6.89239467019119e-05
1572,3.132845526218599,6.904013135753344e-05
1573,3.0185965418412417,7.004137326564263e-05
1574,2.826951993553915,7.168649286974609e-05
1575,2.8195887458159987,7.174877274074462e-05
1576,2.8698130611229833,7.132255405688943e-05
1577,2.860535208067561,7.140153581480778e-05
1578,2.802500706111469,7.189302880016337e-05
1579,2.70826528394058,7.268138675828701e-05
1580,2.6560531950141018,7.311276764597005e-05
1581,2.84021111069388,7.157416406727995e-05
1582,3.0399506152037903,6.985533427775508e-05
1583,3.925570570362779,6.178511324691352e-05
1584,3.7839116638551276,6.311115903964442e-05
1585,3.6382639047552474,6.446402883278193e-05
1586,3.529430616133532,6.546649572734738e-05
1587,3.4788045141727113,6.593001292051889e-05
1588,3.4690542383166107,6.601906531386238e-05
1589,3.4418879298830594,6.626679993072317e-05
1590,3.3334087960238103,6.725010554142146e-05
1591,3.1492805706986657,6.88949417827532e-05
1592,2.931475590725172,7.079485303665227e-05
1593,2.8390064987606056,7.158437885861515e-05
1594,2.8483107651703836,7.150543186298762e-05
1595,2.8254699697801837,7.16990339045229e-05
1596,2.768184939591958,7.218153037602941e-05
1597,2.6826946390932256,7.289314874403004e-05
1598,2.6513915435478412,7.315108868043975e-05
1599,4.076924567341563,6.035974667532114e-05
1600,3.9752264224102256,6.131833183379491e-05
1601,3.890408559503804,6.21150739033112e-05
1602,3.84202989722678,6.256821139699616e-05
1603,3.8187367548404234,6.278601200474779e-05
1604,3.7751420418710304,6.319294277887268e-05
1605,3.662534425604879,6.423943339468298e-05
1606,3.4820484436453487,6.590036917193845e-05
1607,3.2555781168233726,6.794931012501391e-05
1608,3.0085931268650548,7.012834420554737e-05
1609,2.845707447076087,7.152753249060897e-05
1610,2.8278558328841843,7.167884306488016e-05
1611,2.805128545207848,7.187087018063298e-05
1612,2.75616588933194,7.228219669268774e-05
1613,4.254174010984014,5.868278626996399e-05
1614,4.19845093059039,5.921064869461587e-05
1615,4.159596553699573,5.957839137567099e-05
1616,4.132036817429797,5.983904562846998e-05
1617,4.0805999419916805,6.032504595539243e-05
1618,3.971021617250363,6.13578931543272e-05
1619,3.801272181596879,6.294914515386055e-05
1620,3.581970177496267,6.49835361668935e-05
1621,3.325418493725606,6.732213902527048e-05
1622,3.0518173876058077,6.975172611102919e-05
1623,2.850471708917258,7.148708002650292e-05
1624,2.820286369678054,7.174287517667926e-05
1625,4.430131016220944,5.701371186328171e-05
1626,4.4068607173435685,5.723455319556644e-05
1627,4.384408570366651,5.744761518293241e-05
1628,4.337462775267635,5.789302936654644e-05
1629,4.2408150989200815,5.880937879965226e-05
1630,4.089580162571125,6.0240244817604814e-05
1631,3.887535858935929,6.214200907440306e-05
1632,3.6409168823748876,6.443949617436431e-05
1633,3.359718225384601,6.701253010371136e-05
1634,3.0657307350125933,6.963004847928352e-05
1635,4.5810157432584715,5.5581995437180007e-05
1636,4.5711900136354,5.567519218862798e-05
1637,4.538657455703927,5.5983817035781075e-05
1638,4.462179526674695,5.6709553442590187e-05
1639,4.334909718304367,5.7917248068853126e-05
1640,4.156746007499776,5.960535887741441e-05
1641,3.930010036753835,6.174341838217444e-05
1642,3.660345804813401,6.425970120607619e-05
1643,4.696284794637939,5.448949579549384e-05
1644,4.683534561104566,5.4610249363651887e-05
1645,4.631186607969369,5.5106276563062874e-05
1646,4.5306499567141225,5.6059792335991746e-05
1647,4.3799420428606215,5.748999830924273e-05
1648,4.178852391954375,5.9396178513315754e-05
1649,4.773155381193472,5.376210077274406e-05
1650,4.747778096869579,5.400210852569841e-05
1651,4.674911409414595,5.469193130933089e-05
1652,4.55275640005605,5.5850055894934686e-05
1653,4.811470997911781,5.3399994964999375e-05
1654,4.768626866020207,5.380491966359323e-05
1655,3.4085534220243345,6.65699913885093e-05
1656,3.2195708897658664,6.827087876851208e-05
1657,3.025060626221117,6.998511242949532e-05
1658,2.865686133659875,7.135770000085542e-05
1659,2.851779596493104,7.14759698276159e-05
1660,2.9123993126687155,7.095861417959635e-05
1661,2.947717168047966,7.065507412887541e-05
1662,2.9211079464786205,7.088391035424857e-05
1663,2.8154358967873083,7.178386665633836e-05
1664,3.4858175462330023,6.586591636542231e-05
1665,3.3123431321082872,6.743989309753759e-05
1666,3.1745756737761437,6.867093606421075e-05
1667,3.1154495933189112,6.919350057810311e-05
1668,3.122536950737626,6.913105435803732e-05
1669,3.1402808043006596,6.897448191835659e-05
1670,3.124607793688117,6.911279824905073e-05
1671,3.0492327718088736,6.97743057529667e-05
1672,2.9391658811809998,7.072870868947754e-05
1673,2.9291620508104113,7.081473765192265e-05
1674,2.946394241921547,7.06664715725211e-05
1675,2.9290960540301594,7.08153047903085e-05
1676,2.8816211483228344,7.122187294840738e-05
1677,2.827928786326999,7.1678225563376e-05
1678,2.861547446238021,7.139292408667144e-05
1679,3.025515419428749,6.998115228554059e-05
1680,3.648862762936926,6.43659929476192e-05
1681,3.5349396658125927,6.541594478413115e-05
1682,3.4698589957370585,6.601171793452607e-05
1683,3.4513418353618817,6.618065276886929e-05
1684,3.4518732075619316,6.617580866210307e-05
1685,3.433578057191522,6.634246445621655e-05
1686,3.362156670098701,6.699048067130073e-05
1687,3.230931064026275,6.816955927804523e-05
1688,3.0806032455994163,6.949974533096765e-05
1689,2.9865305975550247,7.031974730452385e-05
1690,2.949040552540621,7.064367061176219e-05
1691,2.913560365485615,7.094865995465717e-05
1692,2.8655895775389997,7.135852203475103e-05
1693,2.8201083262263156,7.174438037965451e-05
1694,3.888435770322203,6.213357164706072e-05
1695,3.82882605778165,6.269170374339846e-05
1696,3.802044097394819,6.294193794812278e-05
1697,3.791367138699467,6.304160043438646e-05
1698,3.76490024302953,6.328840621766954e-05
1699,3.6883323246123747,6.400031666530496e-05
1700,3.548355915036323,6.5292748220482e-05
1701,3.3606642169015486,6.700397665642547e-05
1702,3.161287841901346,6.878869078266065e-05
1703,3.015500819043161,7.006830020702639e-05
1704,2.94843753037674,7.064886707746552e-05
1705,2.907925032725408,7.099695847614633e-05
1706,4.148198365281007,5.9686213219627126e-05
1707,4.120033563297881,5.995251629067369e-05
1708,4.104064892139106,6.010341977913512e-05
1709,4.073088611720063,6.0395959594440306e-05
1710,3.995690981978932,6.112570179021995e-05
1711,3.8569651673823127,6.242842994170971e-05
1712,3.663511670378001,6.423038265137912e-05
1713,3.4326482962956715,6.63509268920327e-05
1714,3.1980541059387972,6.846243773993516e-05
1715,3.0244897422148944,6.999008310716278e-05
1716,4.3803447764863686,5.748617678611411e-05
1717,4.364254888148286,5.7638846547330695e-05
1718,4.335171182819527,5.791476779896871e-05
1719,4.264105206221673,5.8588659510408466e-05
1720,4.135321882089026,5.980798502112266e-05
1721,3.94971677846946,6.155824466371928e-05
1722,3.7176906326968453,6.372773121286597e-05
1723,3.455643806206051,6.614142876795495e-05
1724,4.560090025875958,5.578048498891063e-05
1725,4.539421303937803,5.597656983228481e-05
1726,4.4814626600022365,5.652654891955394e-05
1727,4.3691298899988595,5.7592591319744506e-05
1728,4.200157315087398,5.9194491830391805e-05
1729,3.9797383233989816,6.127587429514222e-05
1730,4.679097602995413,5.465227655981324e-05
1731,4.641118511446526,5.5012136948973694e-05
1732,4.550090925590278,5.587534305777495e-05
1733,4.402256005149749,5.727825155100827e-05
1734,4.737585021722357,5.409854724795055e-05
1735,4.673828294773329,5.470219181828577e-05
1736,3.1742881842446895,6.86734856531135e-05
1737,3.106774504596362,6.92698633448868e-05
1738,3.1080589486490906,6.925856205910016e-05
1739,3.136244195676207,6.901013014404431e-05
1740,3.1623557174568124,6.87792340939517e-05
1741,3.1729670836254678,6.868520070149539e-05
1742,3.1689739258920278,6.872059982320148e-05
1743,3.464991929351947,6.605614638177459e-05
1744,3.4420650311375343,6.626518676623674e-05
1745,3.4520608782961775,6.61740977617679e-05
1746,3.4732246771496116,6.5980984167042e-05
1747,3.4824688625683717,6.58965267121125e-05
1748,3.4583579438872225,6.611667476813514e-05
1749,3.3949814253648447,6.66931777465916e-05
1750,3.3123836609145454,6.743952833846898e-05
1751,3.2364066322799587,6.812067907429554e-05
1752,3.1777989656273102,6.864234470641924e-05
1753,3.1329644674822195,6.903908162701743e-05
1754,3.1031518388802977,6.930172812504458e-05
1755,3.796210837955834,6.29963945805943e-05
1756,3.793361292840629,6.302299055686251e-05
1757,3.804274766922262,6.29211090554259e-05
1758,3.8039090543278276,6.292452406499365e-05
1759,3.764430581567115,6.329278262246708e-05
1760,3.6708116651668847,6.416275576968987e-05
1761,3.5353917852171812,6.541179519168389e-05
1762,3.387203513746647,6.676370579354334e-05
1763,3.2638911598813762,6.787489388972824e-05
1764,3.182134944699719,6.860386699567742e-05
1765,4.107291686990569,6.007293171683205e-05
1766,4.10933366560058,6.0053636939510015e-05
1767,4.101581369970474,6.012688332322734e-05
1768,4.054565019893636,6.0570771935382624e-05
1769,3.9497633456142593,6.155780692476218e-05
1770,3.791611489283596,6.303932020766507e-05
1771,3.600012696450859,6.481725344539852e-05
1772,3.4104057977590916,6.655316663448321e-05
1773,4.360992431448723,5.766980076333613e-05
1774,4.351349087024238,5.776129296101579e-05
1775,4.305019870907156,5.8200745741625094e-05
1776,4.2009660211419835,5.9186834432785115e-05
1777,4.038288460314351,6.0724296839317344e-05
1778,3.829793035469393,6.268266256303507e-05
1779,4.535748302287886,5.601141869497479e-05
1780,4.498897039961527,5.636109700367594e-05
1781,4.404561958148372,5.725636832052654e-05
1782,4.248223320661817,5.87391797280606e-05
1783,4.623321001977527,5.51808394962191e-05
1784,4.547285623957704,5.590195728740053e-05
1785,3.4516177750191153,6.617813726911837e-05
1786,3.488365828547978,6.58426168820512e-05
1787,3.5409448746605454,6.53608167040526e-05
1788,3.594378988662621,6.486919759098712e-05
1789,3.6285459819159787,6.455385519219414e-05
1790,3.814833131311769,6.28224876643376e-05
1791,3.8530507276837263,6.246507543513526e-05
1792,3.8867799143365276,6.214909642988905e-05
1793,3.890264000660543,6.211642940603651e-05
1794,3.846910822824336,6.2522541103257e-05
1795,3.7613003157801854,6.332194818400326e-05
1796,3.65572817401285,6.430245349683974e-05
1797,3.558483585459681,6.519966659142444e-05
1798,4.133724268854775,5.9823090918322085e-05
1799,4.153758637386953,5.963361895588993e-05
1800,4.140273262396789,5.976116461135862e-05
1801,4.072606757397457,6.0400508202856734e-05
1802,3.9533602521027844,6.15239929854628e-05
1803,3.803329994532178,6.292993116945106e-05
1804,4.365656646901118,5.7625546453236175e-05
1805,4.346940289790716,5.7803119781199244e-05
1806,4.2702290061923724,5.8530612298809295e-05
1807,4.133214244107242,5.9827913227824106e-05
1808,4.4861035576639186,5.64825060614939e-05
1809,4.412312990088231,5.718281076372883e-05
1810,3.925276899253335,6.178787109672032e-05
1811,3.999075437308572,6.109383073041052e-05
1812,4.046160752405351,6.0650053009356064e-05
1813,4.206474959412585,5.91346688508443e-05
1814,4.228997432184205,5.8921344013032654e-05
1815,4.197913082375705,5.921574119016122e-05
1816,4.1137393545380645,6.001200382500699e-05
1817,4.358028149943495,5.7697925321937284e-05
1818,4.309485478497614,5.815839589502132e-05
1819,4.286678829800454,5.837466204184475e-05
1820,3.7046154381922167,6.384919181910572e-05
1821,3.6954867021776256,6.393393502193786e-05
1822,3.6663330148288398,6.420424958846776e-05
1823,3.6126810304420665,6.470037305099292e-05
1824,3.529459437502176,6.546623131893838e-05
1825,3.4134629986947465,6.652539261720641e-05
1826,3.26518392296298,6.786331558194039e-05
1827,3.0893718537665267,6.94228068154438e-05
1828,2.8942176700121696,7.111427374739638e-05
1829,2.811730249275465,7.181516207362124e-05
1830,2.9421412812505534,7.070309781725571e-05
1831,3.033045856251285,6.991554613715676e-05
1832,3.0800158269861564,6.950489652192215e-05
1833,3.7277996342453785,6.363375962035217e-05
1834,3.7400120689020997,6.352016043520909e-05
1835,3.7274242084247677,6.36372505201338e-05
1836,3.684264946562773,6.403804250116024e-05
1837,3.606049989343789,6.476156520040456e-05
1838,3.4915222180272663,6.581375064424231e-05
1839,3.3434998417116644,6.715905374548523e-05
1840,3.168428821803488,6.872543088251866e-05
1841,2.974915726047636,7.042028199417204e-05
1842,2.914650284000699,7.093931407013312e-05
1843,3.014418356937161,7.007771297677934e-05
1844,3.0737107670423196,6.956016299656631e-05
1845,3.0887593411933887,6.942818391688988e-05
1846,3.0603387549350223,6.967722904158526e-05
1847,2.990972484692765,7.028125761009913e-05
1848,2.930390311576679,7.080418170781315e-05
1849,3.0927177506281036,6.939342678798522e-05
1850,3.2794655183024433,6.773530252002039e-05
1851,3.4474835805413053,6.621581889758227e-05
1852,3.586149161358162,6.494504111415422e-05
1853,3.6885025026268248,6.399873801729956e-05
1854,3.750991153017473,6.341796541375277e-05
1855,3.7726490881804713,6.321618445347577e-05
1856,3.7509500401125733,6.341834821841212e-05
1857,3.7935264336011305,6.302144933948269e-05
1858,3.822181386654046,6.275381919564136e-05
1859,3.819965338691225,6.277453055943545e-05
1860,3.781671900214237,6.313205031421126e-05
1861,3.704795027038452,6.384752419858893e-05
1862,3.590509869925629,6.490485974653808e-05
1863,3.4434623335519587,6.625245827808036e-05
1864,3.27054908702419,6.78152471637432e-05
1865,3.079253037132653,6.951158501377641e-05
1866,3.0313779936167027,6.993008234865799e-05
1867,3.0976190210020347,6.935036724374893e-05
1868,3.128341853540401,6.907986812525664e-05
1869,3.134029046938814,6.902968539111541e-05
1870,3.142306999514965,6.895658170770662e-05
1871,3.2347049858256063,6.81358726998095e-05
1872,3.3977488290223703,6.666807162392383e-05
1873,3.568500133901772,6.510753705856557e-05
1874,3.7221078746916483,6.368667619352599e-05
1875,3.843272720670341,6.255658345654645e-05
1876,3.9178456191434443,6.185764663945016e-05
1877,3.933110538974856,6.171429438114843e-05
1878,3.8820381808775513,6.219354705511706e-05
1879,3.8922294114189824,6.209799935257025e-05
1880,3.931519381065097,6.172924109321219e-05
1881,3.9344726124426272,6.170149882849144e-05
1882,3.8977232936319672,6.204647362823195e-05
1883,3.821128269536453,6.276366200221912e-05
1884,3.7077091333563224,6.382046193576473e-05
1885,3.562624228895785,6.516159035753657e-05
1886,3.3916661085340327,6.67232462788951e-05
1887,3.2000079095272373,6.844506232170941e-05
1888,3.2455321167590623,6.803915233742501e-05
1889,3.3116848688552083,6.744581725807243e-05
1890,3.382171023305235,6.680931235209933e-05
1891,3.4841066114961716,6.588155708303842e-05
1892,3.6170544475317397,6.465999912391512e-05
1893,3.767550661437686,6.32637069250676e-05
1894,3.915988717042106,6.187507851537707e-05
1895,4.043615552921623,6.0674058882272236e-05
1896,4.129038290555463,5.986739482964598e-05
1897,4.14680503855706,5.969939156048285e-05
1898,4.0786760213353555,6.0343210934685186e-05
1899,4.012772967429426,6.096480408396802e-05
1900,4.057882114485162,6.053947471885137e-05
1901,4.062840554906201,6.049268533247489e-05
1902,4.026456254774423,6.08358515233456e-05
1903,3.950394071879084,6.155187791335635e-05
1904,3.8382990809522366,6.260311294231924e-05
1905,3.694417865326303,6.394385405813752e-05
1906,3.5223992287336534,6.553098428530756e-05
1907,3.561693123140665,6.517015357538989e-05
1908,3.6584325013833303,6.427741706898295e-05
1909,3.764394953141554,6.329311461101602e-05
1910,3.890025290527597,6.211866772971531e-05
1911,4.023536476174382,6.086337272634471e-05
1912,4.157506260423487,5.959816669584778e-05
1913,4.279269365058614,5.844491049146463e-05
1914,4.368570851895052,5.759789568101632e-05
1915,4.393229965453736,5.736390589868601e-05
1916,4.319055433394742,5.8067632131109886e-05
1917,4.145663891248894,5.971018442592425e-05
1918,4.193204979947754,5.926031656398784e-05
1919,4.19842928392658,5.921085365221813e-05
1920,4.161909729149515,5.9556506403715724e-05
1921,4.086109699910239,6.0273019283653474e-05
1922,3.9740852782851577,6.13290690137682e-05
1923,3.85810675873277,6.241774151825355e-05
1924,3.9406640468979424,6.164332653311272e-05
1925,4.046827216912647,6.064376671736232e-05
1926,4.1658425894412145,5.951929503914734e-05
1927,4.290832426857377,5.833527938634208e-05
1928,4.4163529202763465,5.7144471065390864e-05
1929,4.532029104324189,5.604670668858925e-05
1930,4.622131046622962,5.5192120467046856e-05
1931,4.654932059154696,5.48812267504445e-05
1932,4.583054592882302,5.556265808713325e-05
1933,4.2834623529639515,5.840515795552505e-05
1934,4.330690500072858,5.795727108661595e-05
1935,4.334565558472327,5.792051278366819e-05
1936,4.296696930003241,5.827967135672376e-05
1937,4.21937173485981,5.901252545303666e-05
1938,4.2155895545104825,5.904834881488877e-05
1939,4.297433027981239,5.827269130865173e-05
1940,4.405114349941757,5.725112616090699e-05
1941,4.526419935045076,5.609992835142258e-05
1942,4.652516265372097,5.490411921109268e-05
1943,4.769893602493967,5.379294172882747e-05
1944,4.866832907993046,5.287742400860784e-05
1945,4.913691473450851,5.243577147163662e-05
1946,4.852185197397142,5.301560872185981e-05
1947,4.419379701927728,5.711574609474281e-05
1948,4.463354234985711,5.669840484613072e-05
1949,4.46360823195094,5.669599428389322e-05
1950,4.4501736990073475,5.6823495588486456e-05
1951,4.500709001481585,5.634390207266985e-05
1952,4.585095802773938,5.554329873525251e-05
1953,4.694699221475133,5.450451082388847e-05
1954,4.818193249116394,5.333650101579777e-05
1955,4.951299353602021,5.2081787517752024e-05
1956,5.067568130390322,5.09904621095154e-05
1957,5.146779337074183,5.024996045948759e-05
1958,5.110860498305873,5.0585421583511086e-05
1959,4.546246335813116,5.591181727417219e-05
1960,4.586268472310134,5.553217701618575e-05
1961,4.622414350379413,5.518943468599522e-05
1962,4.682304681732527,5.462189856164608e-05
1963,4.771524245153558,5.3777523296974584e-05
1964,4.8850727806686205,5.270543391492701e-05
1965,5.013115964287715,5.150095523875724e-05
1966,5.144908430929402,5.026741989748936e-05
1967,5.290968802402348,4.890926297603347e-05
1968,5.3481675658367696,4.8380302755457194e-05
1969,4.656828888456607,5.48632526550158e-05
1970,4.7036535109397,5.4419721227555694e-05
1971,4.763591329353184,5.3852537779582305e-05
1972,4.849470663420162,5.30412236246966e-05
1973,4.959940029842775,5.200052117065069e-05
1974,5.08572949352402,5.082045306651221e-05
1975,5.2126048172693,4.963667506318269e-05
1976,5.3375440513713075,4.847841431969146e-05
1977,4.744860664213399,5.4029708844489637e-05
1978,4.7889441531538735,5.3612846807852695e-05
1979,4.855563487064286,5.298373321997697e-05
1980,4.947293525543562,5.211947097445314e-05
1981,5.054979136729796,5.110838447403512e-05
1982,5.158143644588464,5.014394098254711e-05
1983,4.805788493217991,5.345367663755825e-05
1984,4.840484369488088,5.3126033965279854e-05
1985,4.9005232767552265,5.255982009863089e-05
1986,4.9790163142654285,5.1821195047932e-05
1987,4.8368689262233415,5.316016150760172e-05
1988,4.857710999725513,5.296347217470655e-05
1989,3.8165937685457783,6.280603707516265e-05
1990,3.853208042795676,6.246360284244442e-05
1991,3.836203752013751,6.262271181827023e-05
1992,3.7705820012866376,6.323545338991237e-05
1993,3.662117309146925,6.424329634043113e-05
1994,3.5185183548125654,6.556656268074883e-05
1995,3.3497150714225206,6.710292953538013e-05
1996,3.1709904206125517,6.870272573515327e-05
1997,3.0480963720926595,6.978423115971002e-05
1998,3.074893754593476,6.954979694928182e-05
1999,3.1066527908536323,6.927093416142509e-05
2000,3.9152080270321528,6.188240692250229e-05
2001,3.9610046900195073,6.145211313753511e-05
2002,3.9455534602286138,6.159737730300819e-05
2003,3.8782921064186135,6.22286573140941e-05
2004,3.76929553914923,6.324744440740237e-05
2005,3.628893184790531,6.455064688437213e-05
2006,3.4692701160814208,6.60170944132123e-05
2007,3.3130215762081496,6.74337869103356e-05
2008,3.223631335026147,6.823467870940714e-05
2009,3.224084920247761,6.823063386946583e-05
2010,3.2433930790985555,6.805826955550406e-05
2011,3.285026568676061,6.76854050203916e-05
2012,3.373053754404294,6.689188300189328e-05
2013,3.5133602576985155,6.561383340215726e-05
2014,3.6717693752622917,6.41538812265337e-05
2015,3.82189432365784,6.275650224012768e-05
2016,3.945466275150788,6.159819672038774e-05
2017,4.024528431638894,6.085402306593488e-05
2018,4.040270905426349,6.070560208101165e-05
2019,3.980450045205895,6.126917626058706e-05
2020,4.035694304770128,6.074875833186607e-05
2021,4.085960154742611,6.027443149171922e-05
2022,4.070790053060096,6.0417656953992916e-05
2023,4.004709245364424,6.104076935147364e-05
2024,3.9006696765722966,6.201883513890588e-05
2025,3.771194343563986,6.322974549552055e-05
2026,3.634694907677543,6.44970252361374e-05
2027,3.5329228002610518,6.543445399922271e-05
2028,3.5171952743058514,6.557868971235896e-05
2029,3.5655607442296424,6.513457986372461e-05
2030,3.6529768688778184,6.432792029626948e-05
2031,3.7703985513414824,6.32371633649896e-05
2032,3.904819614657077,6.197990071735099e-05
2033,4.041839985362403,6.069080458420607e-05
2034,4.164258278377107,5.9534285625494484e-05
2035,4.2502523631580535,5.871995147556294e-05
2036,4.270503960680508,5.8528005905001246e-05
2037,4.198930715898737,5.920610591075683e-05
2038,4.168562859362344,5.949355493362116e-05
2039,4.220901443046041,5.8998035972888825e-05
2040,4.2078007407786835,5.9122113885749695e-05
2041,4.147671089729192,5.969120033872369e-05
2042,4.056265469502816,6.055472836823684e-05
2043,3.953734796205011,6.152047168314771e-05
2044,3.880654131295238,6.220651981841434e-05
2045,3.885211859358308,6.216379695873469e-05
2046,3.954762924404989,6.151080540049415e-05
2047,4.055918083600079,6.055800598612836e-05
2048,4.175228255646637,5.9430478423011574e-05
2049,4.298038840131272,5.82669466520887e-05
2050,4.412141564299027,5.718443761794784e-05
2051,4.498719318002775,5.6362783534053496e-05
2052,4.525378689294688,5.6109808227301804e-05
2053,4.451436757410374,5.681150841524275e-05
2054,4.306355102893774,5.818808320232059e-05
2055,4.360238753215712,5.767695157614584e-05
2056,4.353249535509556,5.774326274971887e-05
2057,4.307260076998788,5.817950086825694e-05
2058,4.247056095816225,5.875024068535419e-05
2059,4.213699785321846,5.906624708952894e-05
2060,4.244808495385936,5.8771539037145754e-05
2061,4.328337249408246,5.797959310960693e-05
2062,4.436797868772966,5.695043999404497e-05
2063,4.552369090135838,5.585373024468527e-05
2064,4.6625192665454325,5.480933447627998e-05
2065,4.751147760338808,5.397023200704627e-05
2066,4.787088247362479,5.363038812505031e-05
2067,4.718617444900484,5.4278056324277515e-05
2068,4.4422766821959385,5.6898442949744934e-05
2069,4.498054028058958,5.636909695440924e-05
2070,4.504433317868253,5.630855988817918e-05
2071,4.491258696087575,5.643358364033385e-05
2072,4.498221637312627,5.636750638680222e-05
2073,4.5532702572546135,5.584518102720587e-05
2074,4.647665233847502,5.4950090816654206e-05
2075,4.7610141238104005,5.387691096816628e-05
2076,4.879395790693608,5.2758954201444704e-05
2077,4.979690243139556,5.181486205121481e-05
2078,5.0358966930108435,5.128724808692515e-05
2079,4.982862939634313,5.1785049906890754e-05
2080,4.569176253196799,5.56942936711147e-05
2081,4.6276591917120955,5.513971418660307e-05
2082,4.659530542024043,5.483765303321439e-05
2083,4.701929915427146,5.443604117243616e-05
2084,4.778210661031185,5.37143063582422e-05
2085,4.884092913022036,5.271467104221583e-05
2086,5.004957401792126,5.157753721488184e-05
2087,5.137403960235832,5.0337467536643694e-05
2088,5.239858046583472,4.9383353973978565e-05
2089,5.230598434276078,4.94693826604361e-05
2090,4.679837344030058,5.4645269463253925e-05
2091,4.741669235181839,5.4059903233713875e-05
2092,4.805748518270934,5.345405430143666e-05
2093,4.895452356761256,5.2607603522562214e-05
2094,5.009956522216619,5.153060912824699e-05
2095,5.137460530268805,5.033693941354208e-05
2096,5.283441217636391,4.8979004061306155e-05
2097,5.409139854774714,4.7818413523811116e-05
2098,4.767982503359858,5.3811012722936e-05
2099,4.831285769228128,5.3212869618030944e-05
2100,4.9157207610457005,5.241665957600166e-05
2101,5.02368306150895,5.140180097032819e-05
2102,5.141869641037565,5.029578137628661e-05
2103,5.2456825652329835,4.9329261319898244e-05
2104,4.829021659655592,5.323424632500664e-05
2105,4.888099837658053,5.267689984808126e-05
2106,4.972500685965684,5.1882431241241e-05
2107,5.067329070116502,5.0992700833296e-05
2108,4.860170263497718,5.294027138981432e-05
2109,4.907423097129848,5.249481510748424e-05
2110,4.1008141747081455,6.013413123055633e-05
2111,4.164642306522393,5.9530652038420064e-05
2112,4.1478480763921075,5.9689526356298625e-05
2113,4.069664063668709,6.0428285255374156e-05
2114,3.953030300032513,6.152709501006672e-05
2115,3.817992848720917,6.279296365961973e-05
2116,3.6854974997378562,6.402661131085061e-05
2117,3.581577895575633,6.498714910741693e-05
2118,3.526759139934856,6.549100139453103e-05
2119,4.233627523225251,5.887747926591876e-05
2120,4.299146617422521,5.8256441974141875e-05
2121,4.284399847198488,5.839626955240939e-05
2122,4.214462135907707,5.9059026830185065e-05
2123,4.114774421893562,6.000222190215042e-05
2124,4.008900275663962,6.100128987189589e-05
2125,3.9240402446553686,6.17994840862664e-05
2126,3.8874392248291314,6.214291508041555e-05
2127,3.908188577844556,6.194828821503827e-05
2128,3.9802073291430315,6.127146048818266e-05
2129,4.0826394998550075,6.0305788084597045e-05
2130,4.197336018383043,5.9221204933478927e-05
2131,4.30542308836393,5.8196921888183674e-05
2132,4.384600382312517,5.7445795048209874e-05
2133,4.404182472285163,5.72599696094866e-05
2134,4.33163228512466,5.794833754899184e-05
2135,4.371368490217117,5.757135047522446e-05
2136,4.438284259758335,5.693633332048707e-05
2137,4.430997100815612,5.700549230147122e-05
2138,4.378248685195706,5.7506066425731745e-05
2139,4.309335042062305,5.815982260000984e-05
2140,4.255169913491114,5.867334782359627e-05
2141,4.244817029273985,5.87714581710683e-05
2142,4.286594095708753,5.837546543425075e-05
2143,4.365027165227947,5.763151908263329e-05
2144,4.462263698949447,5.67087546032116e-05
2145,4.559910293790274,5.578218998048888e-05
2146,4.637107988317245,5.5050149201776025e-05
2147,4.661296681244435,5.482091847687018e-05
2148,4.588307936272044,5.5512834838958414e-05
2149,4.507235670359732,5.6281967103219026e-05
2150,4.576097166376028,5.5628646935333995e-05
2151,4.583203520528751,5.556124560653168e-05
2152,4.5604918761917705,5.5776672927258434e-05
2153,4.5429527659137285,5.594306467314588e-05
2154,4.5604376998491425,5.577718685809042e-05
2155,4.620354096007286,5.520896656022439e-05
2156,4.708052822538614,5.437806846114415e-05
2157,4.801006401248546,5.3498858193919176e-05
2158,4.88151674676103,5.2738957643647374e-05
2159,4.916615460107589,5.240823366964122e-05
2160,4.851653877718222,5.302062221024676e-05
2161,4.634151064545034,5.507817662810808e-05
2162,4.705681393196403,5.440052078311473e-05
2163,4.736123917274346,5.411237271404285e-05
2164,4.759888785362731,5.388755397181671e-05
2165,4.807007007335543,5.344216489000977e-05
2166,4.88581197580181,5.2698465768197776e-05
2167,4.989368665313499,5.1723929927969406e-05
2168,5.08497214517802,5.0827539986153854e-05
2169,5.148153406050016,5.0237138520817626e-05
2170,5.105037681022704,5.063985484549605e-05
2171,4.744968292743665,5.402869059664353e-05
2172,4.819756241375874,5.332173959948981e-05
2173,4.88130951110963,5.2740911423166715e-05
2174,4.957266890474943,5.2025659667171905e-05
2175,5.056584529457664,5.10933431670599e-05
2176,5.170815308101082,5.002579272691114e-05
2177,5.299395136723493,4.883122991176259e-05
2178,5.336695122087955,4.848625709250496e-05
2179,4.8333921642098066,5.319298314507664e-05
2180,4.910519911730838,5.2465643841509166e-05
2181,4.999280239929775,5.163084109252028e-05
2182,5.108023343402988,5.061194230552671e-05
2183,5.2261519921238655,4.9510708193360765e-05
2184,5.345539827008004,4.840456505853497e-05
2185,4.894727554009569,5.261443397535098e-05
2186,4.969534574178609,5.191031258540188e-05
2187,5.065256035602445,5.1012115087867464e-05
2188,5.165210775005462,5.007803948216291e-05
2189,4.926064060952157,5.231926564125532e-05
2190,4.989967154744601,5.171830797898889e-05
2191,4.469147818688933,5.6643420937330456e-05
2192,4.542280925152455,5.5949438779428457e-05
2193,4.528678461462208,5.607849849142237e-05
2194,4.464358768465376,5.668887130920095e-05
2195,4.381382543109701,5.747632942478697e-05
2196,4.305591649364159,5.819532335983125e-05
2197,4.260126187813378,5.862637380218317e-05
2198,4.604698453973683,5.5357402909069456e-05
2199,4.678971783055152,5.465346838061479e-05
2200,4.6777027833981,5.466548903092097e-05
2201,4.638375811819266,5.503813238296495e-05
2202,4.595985502290172,5.5440024793717505e-05
2203,4.578576739910521,5.560512851740479e-05
2204,4.600026159816378,5.5401707667284635e-05
2205,4.651612844619328,5.4912680383282516e-05
2206,4.719642491860763,5.426835357540602e-05
2207,4.779165181661533,5.370528260774028e-05
2208,4.795428583901673,5.355156457548037e-05
2209,4.72298774573637,5.423668986527394e-05
2210,4.731378173110804,5.415728138389416e-05
2211,4.807674183265435,5.343586198495555e-05
2212,4.826788214465942,5.325533477540872e-05
2213,4.82633993865323,5.325956759850923e-05
2214,4.8399577194151995,5.313100500578467e-05
2215,4.8835664014139475,5.2719634534664715e-05
2216,4.94707465884892,5.2121530037913846e-05
2217,5.009488216754319,5.153500485607945e-05
2218,5.038153561033469,5.12660867958666e-05
2219,4.976011405277877,5.184943445585088e-05
2220,4.842206163366686,5.310978248494352e-05
2221,4.921632280153303,5.23609918664284e-05
2222,4.970370821996097,5.190245158540858e-05
2223,5.020694545480537,5.142983897618297e-05
2224,5.090700357579917,5.077394375835648e-05
2225,5.179087835085222,4.994870026854086e-05
2226,5.244700770220037,4.933837814193335e-05
2227,5.212876002968384,4.96341526151968e-05
2228,4.930895802897649,5.227378064828361e-05
2229,5.013703440196756,5.14954417060194e-05
2230,5.094840545832883,5.073521424430646e-05
2231,5.1905641287921105,4.984180337054419e-05
2232,5.309979690058885,4.873326280665407e-05
2233,5.423312532428872,4.7688108138681354e-05
2234,4.992595714812872,5.169361791200588e-05
2235,5.075134563286337,5.091961653168039e-05
2236,5.171519672174976,5.001922748348992e-05
2237,5.268251694276171,4.9119819109786524e-05
2238,5.024184741762817,5.139709457063497e-05
2239,5.09684313518603,5.071648347789185e-05
2240,4.848878342834654,5.304681314305722e-05
2241,4.9217901252512135,5.235950561464764e-05
2242,4.920713839948554,5.236963994885417e-05
2243,4.890895386275715,5.2650550399732144e-05
2244,4.868275039580291,5.286382227197426e-05
2245,4.95928849566069,5.200664805213456e-05
2246,5.034513867330043,5.130021495547197e-05
2247,5.058994730535563,5.1070763294996704e-05
2248,5.07305915258898,5.093904663640806e-05
2249,5.102220157882049,5.066619886895048e-05
2250,5.133817713945395,5.03709506238897e-05
2251,5.146834102290101,5.024944940943984e-05
2252,5.085398795017066,5.082354756348149e-05
2253,5.047993558897188,5.117384558712969e-05
2254,5.127666432690673,5.042839513082598e-05
2255,5.187905679425527,4.98665603291144e-05
2256,5.253480605176833,4.925686661496842e-05
2257,5.320704368180825,4.8634058855493154e-05
2258,5.300408679964486,4.8821846358500806e-05
2259,5.109958062722202,5.059385686801714e-05
2260,5.192647143912649,4.982240745891629e-05
2261,5.281541278446892,4.89966110915235e-05
2262,5.380379141670565,4.8083197443555964e-05
2263,5.141778268593186,5.0296634231307115e-05
2264,5.21666291658572,4.959893209122143e-05
2265,5.1737063210367085,4.999884757552694e-05
2266,5.239003626454583,4.9391290422930376e-05
2267,5.255610338639367,4.923710003337392e-05
2268,5.235705226202672,4.942193160399806e-05
2269,5.309697365105333,4.873587515035867e-05
2270,5.373552163330297,4.8146118348293536e-05
2271,5.362211477592669,4.8250697329845235e-05
2272,5.267662120704982,4.912528713066458e-05
2273,5.340406182459411,4.845197559569201e-05
2274,5.394200032787808,4.795589742503984e-05
2275,3.7046154381922167,6.384919181910572e-05
2276,5.561332626951481,4.642547082285522e-05
2277,5.559735075787659,4.644001719524226e-05
2278,5.5650600755074295,4.639153728965175e-05
2279,5.585398964741522,4.6206538314756775e-05
2280,5.625905272857117,4.583891754607327e-05
2281,5.686030394356929,4.5295305374625996e-05
2282,5.759378141951352,4.463560401160939e-05
2283,5.836062393082612,4.3950132854120227e-05
2284,5.906067829576327,4.3328301253700394e-05
2285,5.961929850643719,4.283489072799904e-05
2286,5.999767324532694,4.250212903108071e-05
2287,6.018586245863071,4.2337067729666586e-05
2288,5.514566774022676,4.685197132325634e-05
2289,5.4959234387917135,4.702238213787934e-05
2290,5.504240880892344,4.694632918451687e-05
2291,5.529169149333039,4.6718649342056256e-05
2292,5.573666479322737,4.631322185590903e-05
2293,5.637748105172595,4.573164528217942e-05
2294,5.715940425784023,4.502582200322563e-05
2295,5.7988605346983135,4.428212300787607e-05
2296,5.876337824671561,4.359191298365101e-05
2297,5.940245920703865,4.302611852882165e-05
2298,5.985916222624152,4.26238055826126e-05
2299,6.011834824740488,4.2396250637335944e-05
2300,6.018156419291363,4.234083444920688e-05
2301,6.005218072573002,4.245428998228337e-05
2302,5.97244899607215,4.2742261857268946e-05
2303,5.920041068579747,4.320464484590982e-05
2304,5.85048171315208,4.382173924417862e-05
2305,5.769828505388027,4.45419304056436e-05
2306,5.687524138300669,4.528183197775689e-05
2307,5.614510657467023,4.594221972704967e-05
2308,5.56016243545775,4.643612574422845e-05
2309,5.529392244774518,4.6716613490828476e-05
2310,5.52199423759703,4.678414060387346e-05
2311,5.536191939182891,4.665457824061994e-05
2312,5.385131766102296,4.803941029186212e-05
2313,5.350896157969872,4.835511324596985e-05
2314,5.381665301413579,4.807134646805356e-05
2315,5.447514976343145,4.746585945525038e-05
2316,5.534556919762365,4.6669492230297744e-05
2317,5.6333652024483145,4.577133443143296e-05
2318,5.734061333322736,4.4862868065116714e-05
2319,5.826873655654475,4.403203529196316e-05
2320,5.90402480054369,4.334639411519947e-05
2321,5.960930464234914,4.2843695774633684e-05
2322,5.996018657439733,4.253504392288312e-05
2323,6.009362206277008,4.241793512421654e-05
2324,6.0017459515176075,4.248476055124357e-05
2325,5.972279438761976,4.274375421598437e-05
2326,5.920088702062665,4.320422357951389e-05
2327,5.846166616799754,4.3860145239271534e-05
2328,5.755100014109207,4.46739749694295e-05
2329,5.656225016854213,4.5564473455647943e-05
2330,5.563462089850612,4.640608374819836e-05
2331,5.493447147032147,4.704503311119116e-05
2332,5.46122433485937,4.734012197615615e-05
2333,5.473716516159564,4.722564648728286e-05
2334,5.216257408889315,4.9602703225055306e-05
2335,5.193301674982313,4.981631323426807e-05
2336,5.266247643880648,4.9138406459734966e-05
2337,5.383125767650268,4.805789052027731e-05
2338,5.513166043410776,4.686476726901754e-05
2339,5.640471343333412,4.570699175547686e-05
2340,5.75486279207498,4.4676103031482045e-05
2341,5.849499665082774,4.383047857939583e-05
2342,5.920629666531135,4.319943946416568e-05
2343,5.967072748460703,4.27895923811011e-05
2344,5.988918916174896,4.25974146017164e-05
2345,5.986016639843946,4.2622922884997806e-05
2346,5.958892399244952,4.286165457669765e-05
2347,5.9050656834208075,4.333717574540559e-05
2348,5.824438814208287,4.405374871619991e-05
2349,5.7208565898775285,4.498158952549021e-05
2350,5.605132221670665,4.6027309113546396e-05
2351,5.497648791374839,4.7006602347624446e-05
2352,5.427049379084209,4.765377056051433e-05
2353,5.416204572402773,4.775344506196499e-05
2354,5.065724045036551,5.100773196727166e-05
2355,5.0834421043579585,5.0841858115020065e-05
2356,5.2097615667320945,4.9663123805500894e-05
2357,5.369178182832125,4.818644486790007e-05
2358,5.5250974183957435,4.6755811349826715e-05
2359,5.662997159950388,4.5503260800763724e-05
2360,5.7764528460632,4.448259387704083e-05
2361,5.862831032200705,4.371190535138696e-05
2362,5.921609749036892,4.3190772527747323e-05
2363,5.952911280089187,4.2914377911458206e-05
2364,5.953972865841301,4.29050179473751e-05
2365,5.928471330844887,4.3130116678520546e-05
2366,5.872129075652208,4.362928759827362e-05
2367,5.784543392102311,4.441016831673837e-05
2368,5.670435570201729,4.543606257705307e-05
2369,5.545488319465238,4.656981285465618e-05
2370,5.442250847022909,4.751417001379231e-05
2371,5.400090198076697,4.790167785126489e-05
2372,4.991656471465512,5.1702439948165674e-05
2373,5.064197575653412,5.1022028362302836e-05
2374,5.229805210814355,4.947675423265962e-05
2375,5.4060043543817065,4.7847257396572885e-05
2376,5.562947639004111,4.64107671461069e-05
2377,5.691960615761894,4.524182475791532e-05
2378,5.791065604642051,4.435181787163758e-05
2379,5.86040317447342,4.373348917569004e-05
2380,5.900106692323665,4.338110177076208e-05
2381,5.908921864452475,4.330303176614173e-05
2382,5.878206039506254,4.357532727504131e-05
2383,5.818640113673645,4.4105478568330254e-05
2384,5.72535079920281,4.494116875465238e-05
2385,5.607270374429689,4.600790472399748e-05
2386,5.492691775390541,4.705194335089843e-05
2387,5.430678969631848,4.762042637218558e-05
2388,5.029251983686054,5.134956260450344e-05
2389,5.142697829248735,5.028805137283914e-05
2390,5.314201364051166,4.869420480000133e-05
2391,5.477387959682586,4.719202021449391e-05
2392,5.613050842174052,4.59554605666797e-05
2393,5.717709152863789,4.500990613463191e-05
2394,5.7917240429655665,4.4345928977092696e-05
2395,5.835216069165677,4.395767372928279e-05
2396,5.8463214506861405,4.3858766910059945e-05
2397,5.808616084949228,4.419496261964576e-05
2398,5.743695165056272,4.47763318274202e-05
2399,5.646728486498532,4.565036498583084e-05
2400,5.540064821934287,4.661925816546384e-05
2401,5.478713094879616,4.71798854909584e-05
2402,5.167342119116019,5.0058168933231106e-05
2403,5.291841826152535,4.890117652962697e-05
2404,5.438838442493712,4.754549549299552e-05
2405,5.566983604642594,4.637402961484685e-05
2406,5.665807274428442,4.5477869837536016e-05
2407,5.734361232165102,4.486017319510771e-05
2408,5.772645826401904,4.451669069871014e-05
2409,5.778453501683786,4.446467971816116e-05
2410,5.727187342203828,4.4924655143471305e-05
2411,5.649779730264666,4.5622761176496255e-05
2412,5.550789215168878,4.6521503534173115e-05
2413,5.50002265737923,4.698489437453956e-05
2414,5.358524174279567,4.8284715423199524e-05
2415,5.4713322255064005,4.72474882846662e-05
2416,5.579787829898862,4.6257549093090205e-05
2417,5.662923935944169,4.550392249423069e-05
2418,5.716177934297148,4.502368465518581e-05
2419,5.739093583440184,4.481765727012306e-05
2420,5.729806940257254,4.490110477044169e-05
2421,5.682953751053425,4.532306129670767e-05
2422,5.551606315055162,4.6514058563776735e-05
2423,5.457730508252837,4.737215545085296e-05
2424,5.555280659972798,4.648058525241991e-05
2425,5.6455948799515685,4.566062206220269e-05
2426,5.714351176142032,4.504012476271579e-05
2427,5.752501399043478,4.469728877600895e-05
2428,5.758840064553549,4.464042934129703e-05
2429,5.733403714647177,4.4868777609037916e-05
2430,5.675644321559515,4.538902997409636e-05
2431,5.556396678306999,4.6470420043551035e-05
2432,5.725978113185655,4.493552787257305e-05
2433,5.788724817401032,4.4372755871520704e-05
2434,5.820242534978726,4.4091180904112594e-05
2435,5.8180296939880085,4.411092557493901e-05
2436,5.784715328778882,4.4408629690885784e-05
2437,5.728146277792297,4.4916033668187814e-05
2438,5.850831713970532,4.381862473538026e-05
2439,5.882460045825224,4.3537571119767974e-05
2440,5.8786192375695085,4.3571659339394273e-05
2441,5.842369289674491,4.3893954785200895e-05
2442,5.916785124500455,4.323344443907162e-05
2443,5.915089965201584,4.324844187987252e-05
2444,5.450910141208905,4.7434709711599446e-05
2445,5.444705450738382,4.749164130131752e-05
2446,5.474594075825629,4.721760828655876e-05
2447,5.534818035728199,4.66671103211775e-05
2448,5.617220214668933,4.591764726448967e-05
2449,5.710653058250546,4.5073413701533283e-05
2450,5.80310207600214,4.424421838014324e-05
2451,5.884304051601523,4.352120918692485e-05
2452,5.947473597078157,4.2962336136062194e-05
2453,5.989581204456486,4.259159468547941e-05
2454,6.010233549350997,4.241029299592704e-05
2455,5.3050655886134415,4.87787388045455e-05
2456,5.3280937412026494,4.856574222044223e-05
2457,5.401522328367318,4.7888497939591896e-05
2458,5.5044551066288445,4.694437091682293e-05
2459,5.619132614098928,4.5900307056949736e-05
2460,5.731066217138832,4.48897855495747e-05
2461,5.829369537795987,4.4009782222369904e-05
2462,5.90717150862779,4.331852856342852e-05
2463,5.961392392358645,4.283962587739e-05
2464,5.991563741878351,4.2574175133431746e-05
2465,5.998055937795824,4.251715428731086e-05
2466,5.981961441922139,4.2658575914673194e-05
2467,5.941385552856974,4.3016058757754246e-05
2468,5.875783333624477,4.3596836192080477e-05
2469,5.786877899089274,4.438927918187141e-05
2470,5.680867045129757,4.5341890296607865e-05
2471,5.570041394451539,4.634620303492345e-05
2472,5.4732051306372655,4.723033085132744e-05
2473,5.412691772935475,4.7785745815344586e-05
2474,5.404331909676312,4.786264474291281e-05
2475,5.172695098274786,5.0008272060137344e-05
2476,5.241826837792902,4.936506783040034e-05
2477,5.362823132320663,4.824505508975569e-05
2478,5.501470058586641,4.6971660234975966e-05
2479,5.636155879333168,4.574606208338793e-05
2480,5.754198103736848,4.468206601156398e-05
2481,5.8487204631715395,4.3837413298907834e-05
2482,5.91685690337979,4.323280944651223e-05
2483,5.958111567587101,4.286853592314752e-05
2484,5.972554826151558,4.2741330405755025e-05
2485,5.9594527360530964,4.2856716723154605e-05
2486,5.919294919967093,4.321124395678219e-05
2487,5.849773476838419,4.382804182863365e-05
2488,5.75218917524232,4.470009026521813e-05
2489,5.633863306490609,4.576682321542002e-05
2490,5.512597113827255,4.6869964902318075e-05
2491,5.419108615353592,4.772674732333915e-05
2492,5.384766906578356,4.804277138551937e-05
2493,5.10802842840342,5.0611894769734e-05
2494,5.223433706864878,4.9535976813651544e-05
2495,5.376104098251217,4.81225953631349e-05
2496,5.529139182048803,4.671892281007798e-05
2497,5.664458539736451,4.549005572757339e-05
2498,5.774175838574076,4.45029861520913e-05
2499,5.8554428114606685,4.377760139407218e-05
2500,5.907621014708213,4.331454862286687e-05
2501,5.930251626897467,4.3114385181737215e-05
2502,5.9185760521032345,4.321760221205705e-05
2503,5.878004797630011,4.357711373622365e-05
2504,5.8042863463421375,4.4233637545332765e-05
2505,5.699793669793224,4.517122196325818e-05
2506,5.576429312050298,4.6288091262736424e-05
2507,5.464187419519427,4.7312960414952364e-05
2508,5.406775814996509,4.7840160106146856e-05
2509,5.134670852876994,5.036298476506936e-05
2510,5.275500786539606,4.9052601504379214e-05
2511,5.432330969293251,4.760525240184072e-05
2512,5.575656850350903,4.629511703301671e-05
2513,5.693906156025688,4.522428467751583e-05
2514,5.783373682848056,4.4420636389645725e-05
2515,5.842969404077563,4.3888610919868564e-05
2516,5.871490904119145,4.3634955912261947e-05
2517,5.858519995890978,4.375023392186602e-05
2518,5.815773007402019,4.4131065306525136e-05
2519,5.737852604602413,4.482880477481982e-05
2520,5.631188940038167,4.579104633347852e-05
2521,5.520690561260978,4.6796043811245326e-05
2522,5.456638371117846,4.7382170315801164e-05
2523,5.241184606217242,4.937103267222698e-05
2524,5.378838429511568,4.809739514789906e-05
2525,5.514281687730861,4.685457554208341e-05
2526,5.628948414045099,4.58113436847197e-05
2527,5.716721593258805,4.5018792400278655e-05
2528,5.775611844287561,4.449012521703884e-05
2529,5.803597870706212,4.4239788585468194e-05
2530,5.796865455866931,4.429995676015083e-05
2531,5.734362524503241,4.486016158238903e-05
2532,5.650395120359176,4.5617194679560274e-05
2533,5.5519991349195035,4.6510479555720696e-05
2534,5.497914739284745,4.7004170195828486e-05
2535,5.395903060707067,4.794021884625033e-05
2536,5.509565851964225,4.689766135482309e-05
2537,5.608014383999908,4.600115332829153e-05
2538,5.682033787735872,4.533136203577946e-05
2539,5.728685388105681,4.491118699630574e-05
2540,5.745572356229756,4.4759477765642535e-05
2541,5.728182818175682,4.491570515874277e-05
2542,5.644137230757372,4.5673812433124744e-05
2543,5.5437597646846575,4.658556981394236e-05
2544,5.490789374074071,4.706934832915828e-05
2545,5.56451827229241,4.639646913648946e-05
2546,5.645573061400421,4.5660819489053934e-05
2547,5.7020204320668135,4.5151159122915164e-05
2548,5.7302449139705,4.4897167840193865e-05
2549,5.728621501719974,4.491176133224456e-05
2550,5.693906846758141,4.522427845067149e-05
2551,5.58927114243652,4.617134850034439e-05
2552,5.452759496182843,4.741774525977015e-05
2553,5.718199668398398,4.500549263495851e-05
2554,5.765137986398188,4.458396468814444e-05
2555,5.781233464257872,4.443979248050379e-05
2556,5.7663133615684155,4.457342998601963e-05
2557,5.722141688057074,4.4970029907826275e-05
2558,5.656392468544488,4.5562959494945405e-05
2559,5.834499843273873,4.3964055840795076e-05
2560,5.847380517015506,4.384933961200488e-05
2561,5.827392578754877,4.4027408226148595e-05
2562,5.780338695167809,4.444780215086908e-05
2563,5.897105574406858,4.3407694718012114e-05
2564,5.8767538493266045,4.358821934723606e-05
2565,5.316780597227924,4.8670346927052786e-05
2566,5.363747006075169,4.823653316172971e-05
2567,5.4612813234698425,4.73395995316094e-05
2568,5.5838155417619975,4.622093109715261e-05
2569,5.706228523776251,4.511325440666749e-05
2570,5.812170022786217,4.4163228053494977e-05
2571,5.893403827782669,4.344050577258963e-05
2572,5.947180249053248,4.296492403287726e-05
2573,5.973531642797884,4.273273349826801e-05
2574,5.26951138973525,4.9108136607155056e-05
2575,5.354111985454208,4.832543096100731e-05
2576,5.477790761744959,4.718833150271957e-05
2577,5.6109555084609175,4.5974468201467726e-05
2578,5.731374150122726,4.4887017817264434e-05
2579,5.827484984114836,4.402658429968111e-05
2580,5.8947879219283665,4.342823635171374e-05
2581,5.932199842555854,4.309717279534968e-05
2582,5.938368895051523,4.304268971573585e-05
2583,5.91524396193297,4.324707934263884e-05
2584,5.860858693427594,4.372943923090189e-05
2585,5.775450096710446,4.4491573759403864e-05
2586,5.663234276942353,4.5501118103312175e-05
2587,5.537502879350545,4.664262160262113e-05
2588,5.42605864592966,4.766287353148166e-05
2589,5.36439147536933,4.823058877539161e-05
2590,5.284585608522299,4.8968399705893156e-05
2591,5.390209176434846,4.7992644887815035e-05
2592,5.518787050634555,4.681342572491715e-05
2593,5.643984512040179,4.56751944801077e-05
2594,5.749155486266407,4.47273143547701e-05
2595,5.826690441258635,4.403366900335594e-05
2596,5.873512798966889,4.361699830101795e-05
2597,5.887740509217268,4.349072451281981e-05
2598,5.863194580287914,4.370867377856047e-05
2599,5.807619227512468,4.4203865685564686e-05
2600,5.719087781628741,4.499750212046948e-05
2601,5.6065305760992645,4.601461827338428e-05
2602,5.495548315365494,4.70258131986554e-05
2603,5.428997287573557,4.76358746268921e-05
2604,5.354330544979809,4.832341384889081e-05
2605,5.459289583709167,4.7357860015919733e-05
2606,5.572108113697453,4.632739888034661e-05
2607,5.673819955503194,4.540550099125065e-05
2608,5.752831960677182,4.469432282495303e-05
2609,5.803075145394219,4.424445900332138e-05
2610,5.820419938627594,4.408959813361479e-05
2611,5.791604204068067,4.4347000759626724e-05
2612,5.73310210966382,4.487148802009039e-05
2613,5.643813165828447,4.567674511798112e-05
2614,5.545797291730911,4.656699656308186e-05
2615,5.4878704310374795,4.7096057932786956e-05
2616,5.458786385117143,4.736247377207689e-05
2617,5.545876824639072,4.656627162813032e-05
2618,5.628273049593385,4.5817462609626196e-05
2619,5.694652288722848,4.5217558605807766e-05
2620,5.736808311034864,4.483818635686015e-05
2621,5.748276109050891,4.473520707811957e-05
2622,5.707758755582245,4.5099473856719674e-05
2623,5.639630992501492,4.571459892581501e-05
2624,5.552732688009961,4.6503796370921754e-05
2625,5.510221365019887,4.689167148536017e-05
2626,5.578415191725969,4.6270030890763704e-05
2627,5.637929777357035,4.573000044243928e-05
2628,5.681695947946621,4.533441048066063e-05
2629,5.70367186513662,4.513628220471072e-05
2630,5.697495216175519,4.519193443200913e-05
2631,5.655513958723413,4.557090247564594e-05
2632,5.539940092205386,4.6620395531454334e-05
2633,5.4670816760327945,4.728643489079755e-05
2634,5.695175071330619,4.521284617614752e-05
2635,5.7231422585786556,4.4961030475973225e-05
2636,5.7264316729424785,4.493144958628092e-05
2637,5.702205129786723,4.5149495178860295e-05
2638,5.647447632883542,4.564385847800712e-05
2639,5.538634052418429,4.6632305440451005e-05
2640,5.78954733173848,4.436539813313742e-05
2641,5.7852485248945795,4.4403858369288674e-05
2642,5.753301879970606,4.469010663088326e-05
2643,5.699352796276915,4.51751945950529e-05
2644,5.842687489743764,4.3891121260368144e-05
2645,5.808418007073253,4.419673161954687e-05
2646,5.380042032402502,4.8086303800673996e-05
2647,5.457928286917518,4.737034190293355e-05
2648,5.572016426126289,4.632823304536341e-05
2649,5.688773265871526,4.527056620138337e-05
2650,5.785538043651558,4.4401267690919755e-05
2651,5.85257736040045,4.380309238438346e-05
2652,5.886734525836073,4.349964758673011e-05
2653,5.429768776836251,4.7628787372277524e-05
2654,5.5073677121156015,4.6917749216003424e-05
2655,5.607801646362125,4.600308374402955e-05
2656,5.70350784005227,4.513775973610207e-05
2657,5.776373610774781,4.448330342253972e-05
2658,5.817946035783722,4.4111672110946717e-05
2659,5.8212202556251285,4.408245811555538e-05
2660,5.789167893621754,4.4368792304504515e-05
2661,5.722781510026897,4.496427507360514e-05
2662,5.629887181519179,4.580283879574417e-05
2663,5.532380409070507,4.668934812669022e-05
2664,5.468678926393775,4.727179844535673e-05
2665,5.500509802012145,4.698044008074113e-05
2666,5.563798108907314,4.640302482981913e-05
2667,5.637556277311235,4.5733382094791446e-05
2668,5.70157106922584,4.5155207539789496e-05
2669,5.740961040697347,4.4800884328210335e-05
2670,5.746958993671444,4.474702971584625e-05
2671,5.70625543210248,4.5113012068455874e-05
2672,5.640088098230447,4.571046097362444e-05
2673,5.562329018064258,4.641639910343098e-05
2674,5.518952428535921,4.681191548555031e-05
2675,5.580166188945075,4.62541087822069e-05
2676,5.619924562729555,4.589312698249811e-05
2677,5.657117468648305,4.555640486322847e-05
2678,5.678286654896562,4.536517819706647e-05
2679,5.6712449972282055,4.542875258222485e-05
2680,5.6129441510664,4.59564283342921e-05
2681,5.539997948210298,4.661986796190722e-05
2682,5.5114397104332005,4.6880539347052864e-05
2683,5.659036227909825,4.553905936720291e-05
2684,5.670160254431871,4.543854907826407e-05
2685,5.665270021453243,4.5482723795137624e-05
2686,5.6352212610284536,4.5754525387280796e-05
2687,5.551409203249692,4.6515854500108554e-05
2688,5.428418356693411,4.7641193180905104e-05
2689,5.725341970878117,4.4941248142028025e-05
2690,5.7069508834995615,4.5106748965364715e-05
2691,5.665853825657746,4.547744926730156e-05
2692,5.604811831629376,4.6030217014781306e-05
2693,5.764341893372842,4.459110052421915e-05
2694,5.721230460754345,4.4978226387806656e-05
2695,5.517536753274866,4.682484406056101e-05
2696,5.567160171136461,4.6372422653812484e-05
2697,5.640330091729869,4.570827038404884e-05
2698,5.704983230247973,4.512447017010839e-05
2699,5.7417262942693705,4.479401178378395e-05
2700,5.567571548467167,4.636867871913791e-05
2701,5.594600509367929,4.6122932192143765e-05
2702,5.6330539303937135,4.577415363817297e-05
2703,5.658879086276763,4.554047982444683e-05
2704,5.651452136772875,4.560763407151045e-05
2705,5.615052570498955,4.593730482420277e-05
2706,5.565790049203216,4.638489289435843e-05
2707,5.544272199038029,4.658089842439417e-05
2708,5.613566294105143,4.59507851426165e-05
2709,5.6121843103539915,4.596332087556094e-05
2710,5.6059769588128185,4.601964249999065e-05
2711,5.578933463882652,4.6265317945923406e-05
2712,5.5142878788581475,4.6854518986559304e-05
2713,5.5000814619476035,4.698435667666936e-05
2714,5.650612420969177,4.561522915427937e-05
2715,5.620334660454518,4.5889409064265785e-05
2716,5.570815374489091,4.633916060948797e-05
2717,5.484827945567864,4.7123903577910034e-05
2718,5.6723738864226565,4.541855826572044e-05
2719,5.622755946674203,4.586746016608473e-05
2720,5.560969152075547,4.6428780268269473e-05
2721,5.553897019418688,4.649318920558346e-05
2722,5.5638351808682085,4.640268735315238e-05
2723,5.5690437810288,4.635528087234262e-05
2724,5.530111917962388,4.6710046348465286e-05
2725,5.481813237410466,4.715150059661749e-05
2726,5.479547149541988,4.7172248312007954e-05
2727,5.571616084599336,4.6331875379865906e-05
2728,5.514839341186664,4.684948151239137e-05
2729,5.461842997179508,4.7334450478069944e-05
