Mode_Index,Frequency_THz,Cv_Anharmonic_eV_K
0,0.0,0.0
1,0.22113256176168472,8.612511038099373e-05
2,0.4366677223199046,8.598671906281197e-05
3,0.6415197701385879,8.577554937858062e-05
4,0.8316897712739447,8.551482981183701e-05
5,1.0049848247806132,8.52275499632975e-05
6,1.1618383016108855,8.493035288187029e-05
7,1.3058813448688695,8.4629147367209e-05
8,1.4436381832691256,8.431802357879412e-05
9,1.582913306987037,8.39825790459938e-05
10,1.7302994593486152,8.360677917822322e-05
11,1.888869199264058,8.3180777350047e-05
12,2.0527912976339895,8.271900095074231e-05
13,0.18666898947891827,8.613893877535141e-05
14,0.33766259282146627,8.606133770740191e-05
15,0.5259604281006677,8.590392264417475e-05
16,0.7107748209967532,8.568753517390955e-05
17,0.8820776443863668,8.543598477838483e-05
18,1.0366641476509026,8.517025958359548e-05
19,1.1754115126225915,8.490308466269456e-05
20,1.3027980554140985,8.463586091252655e-05
21,1.426005528559196,8.435903388210746e-05
22,1.5531097349379963,8.405603229662022e-05
23,1.6908805789732442,8.370927267852964e-05
24,1.8431100045334066,8.330589135879074e-05
25,1.960432791298532,8.298172948165237e-05
26,1.7997385015970517,8.342286801885131e-05
27,1.6511952063780615,8.3811017159308e-05
28,1.5153736535703068,8.414775118057207e-05
29,1.38748478101361,8.4447435790838e-05
30,1.2600818979432507,8.472769834922462e-05
31,1.125213027526251,8.500273019197067e-05
32,0.9765268695782282,8.527779081835692e-05
33,0.8107251234782665,8.554646301032119e-05
34,0.6284275481240622,8.579126770022168e-05
35,0.43659384164039167,8.598678151023826e-05
36,0.26602911107683247,8.610363578171441e-05
37,0.35148126309063493,8.605205146431147e-05
38,0.4637642055010482,8.596313588896564e-05
39,0.6136810882521678,8.580861686873635e-05
40,0.7682663486757529,8.56083782340807e-05
41,0.9144278217347476,8.538330606268807e-05
42,1.0478842696994188,8.514962914567536e-05
43,1.1697056143803364,8.491457673334628e-05
44,1.2849169351689862,8.467457174094353e-05
45,1.4009393717772156,8.441674596592033e-05
46,1.525426178191509,8.412346023576591e-05
47,1.6640588775971235,8.377819834701706e-05
48,1.8192172729552911,8.33705286578564e-05
49,1.7326218896584973,8.360069685793335e-05
50,1.581475064350826,8.398614397099594e-05
51,1.4462678649022804,8.431187848564955e-05
52,1.3223464152021904,8.459310606009026e-05
53,1.2019429927318148,8.484909915710729e-05
54,1.0771002740070177,8.509508839793991e-05
55,0.9422435878558414,8.53367495072928e-05
56,0.7963490669744442,8.556775104343468e-05
57,0.6458245293773601,8.577031663828135e-05
58,0.511277387017257,8.591853460810374e-05
59,0.4778382293721815,8.595035380305429e-05
60,0.5580845005467504,8.587060421179525e-05
61,0.6733094392689513,8.573615885085503e-05
62,0.7993038170084414,8.556340262080485e-05
63,0.9235345256122566,8.536819121121102e-05
64,1.0416428231905615,8.516112704839925e-05
65,1.15485752802939,8.494428385296615e-05
66,1.2680768001376201,8.471067749417611e-05
67,1.3876812227767694,8.444698916765065e-05
68,1.5191164056698077,8.41387193331819e-05
69,1.6650487911037157,8.37756663746558e-05
70,1.6720785041935924,8.375765967682378e-05
71,1.5096019461914776,8.416165086767308e-05
72,1.3676481519939976,8.449231139225987e-05
73,1.244183617514396,8.476131272247286e-05
74,1.1324748505935833,8.498852033219682e-05
75,1.0250005855534645,8.519151789462773e-05
76,0.9170713835887996,8.537893125293782e-05
77,0.8098188390506064,8.554781477125329e-05
78,0.7128940656710722,8.568471435858185e-05
79,0.55828379436649,8.58703917577412e-05
80,0.6116585033085917,8.581096696796366e-05
81,0.7005990701833971,8.57009750223054e-05
82,0.806903984227039,8.555215353022975e-05
83,0.9191940262211536,8.537541089816172e-05
84,1.033008435798229,8.517694320239429e-05
85,1.1489379408802571,8.495604721134561e-05
86,1.2703441580625443,8.470583621142611e-05
87,1.4009032860995034,8.44168285475654e-05
88,1.5425532861373843,8.408183604148593e-05
89,1.6117929433702987,8.391056678121751e-05
90,1.4351938453408182,8.43377057946337e-05
91,1.283589929583066,8.467742930575605e-05
92,1.1597155992954278,8.493459571062898e-05
93,1.0595860837324995,8.512792589992067e-05
94,0.9767678997127796,8.527737021403727e-05
95,0.906618908643495,8.539616743217652e-05
96,0.8491922926263453,8.548789029079049e-05
97,0.5971381066404002,8.5827629063373e-05
98,0.6328127105302253,8.578603589158286e-05
99,0.7080005884780843,8.569121647626159e-05
100,0.8074481965704332,8.555134449839568e-05
101,0.9198430543495045,8.537433314788093e-05
102,1.0397381445260114,8.51646249638591e-05
103,1.1660253032213488,8.49219667796778e-05
104,1.2995088240784596,8.464301041952593e-05
105,1.4406789967910896,8.432492971264398e-05
106,1.565601183170522,8.402535392692832e-05
107,1.362010657113889,8.45049833588566e-05
108,1.2025945353491116,8.484776212137946e-05
109,1.0803519347493253,8.508894540922048e-05
110,0.9951364996119614,8.524506872680127e-05
111,0.9417385677354935,8.533760506723117e-05
112,0.9138245121370395,8.538430300005499e-05
113,0.6113636606596119,8.581130895907673e-05
114,0.6423247709069433,8.577457326524324e-05
115,0.7170789365151573,8.567912210354175e-05
116,0.8204498245674068,8.553187608643103e-05
117,0.9402580024576606,8.534011112708387e-05
118,1.0698126670431298,8.51088033400137e-05
119,1.2062441135294333,8.484026284760221e-05
120,1.3480668076622597,8.453617003375523e-05
121,1.4934213081823087,8.420043340164537e-05
122,1.2941620707427572,8.465460466875604e-05
123,1.1335176340990314,8.498647407866714e-05
124,1.0185504421916745,8.520319154889186e-05
125,0.952418976273392,8.53194308127819e-05
126,0.9300549700997343,8.535729249935769e-05
127,0.625729389599177,8.579447026482307e-05
128,0.6632681495543366,8.574878747124561e-05
129,0.7448833332437363,8.564122939983077e-05
130,0.8548743874961566,8.547904155732958e-05
131,0.9810537551640313,8.526987717590593e-05
132,1.116353510533112,8.501997130361568e-05
133,1.256810473180955,8.473464059717746e-05
134,1.3993977374744786,8.44202726846822e-05
135,1.2366979052998837,8.477703220398955e-05
136,1.0860588802311062,8.50781289712383e-05
137,0.98781750936231,8.525799778311436e-05
138,0.9456122109292076,8.533103301399653e-05
139,0.6590753494518317,8.575400979346128e-05
140,0.705723800941092,8.569422807711593e-05
141,0.7920257300566296,8.557408835678969e-05
142,0.9037077799554554,8.540093850816065e-05
143,1.0299956712409957,8.518243720199291e-05
144,1.1640571362176046,8.492591163825773e-05
145,1.3011609084102935,8.46394210409457e-05
146,1.2084216163932064,8.483578041452621e-05
147,1.07203330280634,8.510463193811368e-05
148,1.002208093211028,8.523250345744584e-05
149,0.7116467238186769,8.56863755372277e-05
150,0.7613562787227963,8.561817923231484e-05
151,0.8451746979246331,8.549411650755281e-05
152,0.9516983922417821,8.532066229450064e-05
153,1.071757850322387,8.510514973649074e-05
154,1.1985411382654862,8.4856071378426e-05
155,1.1922009369102151,8.486902656020079e-05
156,1.1037676718010219,8.504428326492299e-05
157,0.7689196510692554,8.560744759457658e-05
158,0.8137108810332067,8.554200038672832e-05
159,0.888850716310789,8.542508744251094e-05
160,0.9854644025737667,8.526213813226418e-05
161,1.0952406371234389,8.506063354331612e-05
162,1.2109770458792113,8.48305123730432e-05
163,0.8149940158773735,8.554007821343937e-05
164,0.8495531417640285,8.548732983618887e-05
165,0.9128535200841664,8.53859063614455e-05
166,0.9974692243818726,8.524093173030915e-05
167,0.8399985301991902,8.550210100261889e-05
168,0.8621193312268445,8.546768617988619e-05
169,0.40290559616430616,8.601419961721854e-05
170,0.5462512472898328,8.588309207467196e-05
171,0.7118220142082095,8.568614224663958e-05
172,0.8717856779969452,8.545240901547728e-05
173,1.0177212514635183,8.520468796174038e-05
174,1.14921138005418,8.495550484635991e-05
175,1.2706600976541607,8.470516111884632e-05
176,1.3894765061320304,8.444290546534275e-05
177,1.5138447301770999,8.415143655564275e-05
178,1.6499379666797553,8.381421638058986e-05
179,1.7952417823983173,8.343490468476946e-05
180,0.520395459491506,8.590950642942907e-05
181,0.6336861864396066,8.578498980486987e-05
182,0.7690182567874876,8.560730706896048e-05
183,0.9028312073683463,8.540237261647173e-05
184,1.0272908239113172,8.518735878717291e-05
185,1.1428788259347695,8.496804023473402e-05
186,1.2547780141055545,8.473894705358845e-05
187,1.370203459885626,8.448655564102736e-05
188,1.4952220772901483,8.419613073564973e-05
189,1.6284867817455804,8.386857105406167e-05
190,1.7019181795865437,8.36807159771202e-05
191,1.586305539582126,8.397416275112153e-05
192,1.4493056946123464,8.430477032156975e-05
193,1.3245112246634774,8.458834365509597e-05
194,1.2094638942634,8.483363274449091e-05
195,1.096795225046994,8.505766001156696e-05
196,0.9797117528852881,8.527222629211209e-05
197,0.8555442926150126,8.547799500098851e-05
198,0.7289278873832671,8.566313037588657e-05
199,0.6158588212539886,8.580607853817246e-05
200,0.5979996211008786,8.582665076669917e-05
201,0.6850404162171841,8.572118843258533e-05
202,0.7951390668505719,8.556952772960449e-05
203,0.9092253862817221,8.539188477187321e-05
204,1.0209948456668434,8.519877453655611e-05
205,1.1312864029137948,8.499085066533533e-05
206,1.2444689191428475,8.476071223791956e-05
207,1.3651243760388496,8.44979888205975e-05
208,1.4927622793939541,8.420200720289338e-05
209,1.593137695391847,8.395717748713104e-05
210,1.5139235510260465,8.41512466218859e-05
211,1.3733927053113664,8.447936155338222e-05
212,1.2457317617317702,8.475805308151767e-05
213,1.135566856168813,8.498244869636443e-05
214,1.0375667350683897,8.516860652117777e-05
215,0.9458945890405093,8.533055305970605e-05
216,0.8589830541577148,8.547261183187028e-05
217,0.7823873110001678,8.55881085604275e-05
218,0.6364802956599632,8.578163469811572e-05
219,0.7060606627232172,8.569378304264397e-05
220,0.8019947376439797,8.555943031198612e-05
221,0.9084908828770992,8.539309266154535e-05
222,1.0197317220102913,8.520105804672842e-05
223,1.1354501432335502,8.498267811024903e-05
224,1.257347372673024,8.473350214793511e-05
225,1.3845098950145227,8.445419408404517e-05
226,1.495065744959972,8.419650440265958e-05
227,1.4436768194048004,8.431793334724804e-05
228,1.2972999377697685,8.464780444715156e-05
229,1.1660094822650757,8.492199851016498e-05
230,1.0624562171311427,8.512257366314248e-05
231,0.9839872188610097,8.526473317915158e-05
232,0.9252327069451879,8.536535888426346e-05
233,0.8832108089600528,8.543416649864843e-05
234,0.6512912761500123,8.576362555029048e-05
235,0.7158859395504753,8.568071928205482e-05
236,0.810337440817178,8.554704141512922e-05
237,0.9201683748517765,8.537379269553913e-05
238,1.0388275969740455,8.516629537478559e-05
239,1.1639822301027936,8.492606167553822e-05
240,1.2933086932378992,8.465645202958463e-05
241,1.4113787068904184,8.439279490966483e-05
242,1.3808064371563864,8.446259360636832e-05
243,1.228823392997427,8.479349310612981e-05
244,1.0965120635750623,8.505820187147785e-05
245,1.0028605570171352,8.52313405005623e-05
246,0.9473575174041684,8.532806465049816e-05
247,0.9237753491636918,8.536778981443802e-05
248,0.6660172430722793,8.57453470790793e-05
249,0.7361354893854318,8.565328898542156e-05
250,0.8364357403234212,8.550757238663827e-05
251,0.953119851670934,8.531823227849143e-05
252,1.078992943157872,8.509151455719132e-05
253,1.209591532867196,8.483336964395369e-05
254,1.3338014254368493,8.456784372483642e-05
255,1.3402953932263042,8.455345429823904e-05
256,1.1730710237970914,8.490780365714358e-05
257,1.0470062803150064,8.515124985514649e-05
258,0.9690184814448889,8.529085078021511e-05
259,0.9386705027242686,8.534279457155971e-05
260,0.6987208892253222,8.57034367103434e-05
261,0.7765166851636434,8.559657465023728e-05
262,0.8812475343792593,8.543731552647766e-05
263,1.0008135397207802,8.523498707479269e-05
264,1.1280585331298452,8.499717048329848e-05
265,1.2547194072076204,8.473907115714959e-05
266,1.2890730088359783,8.466560838853645e-05
267,1.1363982121999698,8.498081404082648e-05
268,1.028404576834059,8.51853335168135e-05
269,0.9737615311152442,8.528261036067399e-05
270,0.74990608594911,8.563424828268147e-05
271,0.8296945196002953,8.551787032188711e-05
272,0.932486087161099,8.535321270223916e-05
273,1.048539223166301,8.514841944502688e-05
274,1.1706096362613254,8.491275877751386e-05
275,1.2474753490150359,8.475437839298651e-05
276,1.1289263423274778,8.499547276694919e-05
277,1.052916929959155,8.514031845627359e-05
278,0.8058353151250268,8.555374085098193e-05
279,0.8802346376256449,8.543893786801088e-05
280,0.9752577270000382,8.528000411311761e-05
281,1.0832341133123715,8.508348834431434e-05
282,1.196731861052699,8.485977356520395e-05
283,1.1662591500566986,8.492149773892268e-05
284,0.8510443320667074,8.548501163326961e-05
285,0.9151641543071315,8.538208856885904e-05
286,0.9992731831139267,8.523772711595224e-05
287,1.0967394646352169,8.505776672369756e-05
288,0.8756697827633785,8.544622977753753e-05
289,0.9274958186162302,8.536157762131445e-05
290,0.6888006681984528,8.571634056347146e-05
291,0.7792677208493566,8.559261428836193e-05
292,0.8831547923088173,8.543425642939381e-05
293,0.9879301934493433,8.525779931179591e-05
294,1.0910607333459728,8.50686123771686e-05
295,1.1963644308581187,8.486052490094691e-05
296,1.3095994892268445,8.462103649636989e-05
297,1.432351517106508,8.434431330344214e-05
298,1.5444789395135745,8.407713745225189e-05
299,0.7265493605263681,8.566635919983184e-05
300,0.8008607855716353,8.556110565183602e-05
301,0.8907943379617446,8.542194735793637e-05
302,0.9865935629682394,8.526015234636177e-05
303,1.086767223178578,8.507678333944067e-05
304,1.1938883076436366,8.486558369155816e-05
305,1.3088217394453099,8.462273445708057e-05
306,1.4185228569998714,8.437633449907607e-05
307,1.453254279571579,8.429551622432347e-05
308,1.3596033905348313,8.45103833556796e-05
309,1.2385278268186493,8.47731959014153e-05
310,1.1288812373391406,8.499556103158831e-05
311,1.034828920861264,8.517361721803988e-05
312,0.9526455236264318,8.531904348396582e-05
313,0.8796590104838086,8.543985913977138e-05
314,0.8188438660437151,8.553429534503051e-05
315,0.742249384666557,8.564487375807002e-05
316,0.8116180119935217,8.554512995187688e-05
317,0.8994730928184077,8.540785584359295e-05
318,0.9973147105560762,8.524120599656614e-05
319,1.1028225252376673,8.504610039165353e-05
320,1.2149126751486112,8.48223829317905e-05
321,1.324165170410149,8.458910531524542e-05
322,1.3812577767017535,8.446157078622635e-05
323,1.295193071689458,8.465237163418965e-05
324,1.1734700903337945,8.490699954218455e-05
325,1.0684317585427732,8.511139391394215e-05
326,0.9890899302140179,8.525575559259669e-05
327,0.9329466241114724,8.535243885524262e-05
328,0.8966026323563566,8.541252923858656e-05
329,0.7575213919858945,8.562358492649601e-05
330,0.8319053296147837,8.551450095308364e-05
331,0.9253284949843075,8.536519899461756e-05
332,1.0295922401982882,8.518317191709418e-05
333,1.140588706943124,8.497256057121834e-05
334,1.2507296970885577,8.474750969239648e-05
335,1.3211418812548386,8.459575355660028e-05
336,1.2445400836841016,8.476056243970388e-05
337,1.1226682483707278,8.500769319472897e-05
338,1.0253028354326506,8.51909694290133e-05
339,0.9637474242691351,8.529996997593059e-05
340,0.9349318880166682,8.53490993680439e-05
341,0.7890925116174183,8.557837089191871e-05
342,0.8710097933521888,8.545364058809908e-05
343,0.9695412218766006,8.528994419817803e-05
344,1.077093314638821,8.509510152993786e-05
345,1.186887238942108,8.487984473487672e-05
346,1.270436262460506,8.470563941734128e-05
347,1.206782557301915,8.48391550082622e-05
348,1.0904733344679254,8.50697317348861e-05
349,1.0073501675603365,8.522332165383227e-05
350,0.9669817396691247,8.529437926585036e-05
351,0.8378683902549319,8.550537465728262e-05
352,0.9224511531399818,8.536999586545218e-05
353,1.0204876051758844,8.519969181195613e-05
354,1.125237029364909,8.500268334087944e-05
355,1.2205004204216787,8.481080741601901e-05
356,1.1935840673727323,8.486620472411079e-05
357,1.083435388133688,8.508310683009418e-05
358,1.0237664570627545,8.519375601516643e-05
359,0.8914718863375874,8.542085136607115e-05
360,0.9717888076646345,8.528604169286055e-05
361,1.0638991279409895,8.511987861162034e-05
362,1.161822423517988,8.493038464056137e-05
363,1.187003593301284,8.487960823546911e-05
364,1.1118027808311999,8.502878646929222e-05
365,0.9352189279354081,8.534861604147771e-05
366,1.006389182851975,8.522504048432894e-05
367,1.090308990755379,8.50700448271789e-05
368,1.1860391904222098,8.488156793653831e-05
369,0.9592308974419581,8.530775140816311e-05
370,1.018893436372912,8.520257227328376e-05
371,0.8342879717410463,8.551086109120302e-05
372,0.8896628737994705,8.542377603516825e-05
373,0.9597346382748735,8.530688500692718e-05
374,1.042338448543996,8.51598482752594e-05
375,1.138577633517427,8.497652441295197e-05
376,1.2458110643427296,8.475788602906174e-05
377,1.3400991375152733,8.455388988203925e-05
378,0.8493294394647514,8.548767730443757e-05
379,0.9092279356256006,8.539188057806146e-05
380,0.9844412511488589,8.526393589293524e-05
381,1.0721033951207426,8.510450016121364e-05
382,1.1695373085054814,8.491491507365497e-05
383,1.261161809750443,8.472540381001356e-05
384,1.2803920761030738,8.468430683147291e-05
385,1.1945728456271154,8.486418594219974e-05
386,1.0943792735418465,8.506227970228315e-05
387,1.0118008613776979,8.521534388190016e-05
388,0.9509116011862404,8.53220060493488e-05
389,0.9101762902751429,8.539031980119087e-05
390,0.8799214390004586,8.543943919489079e-05
391,0.9475466052540273,8.532774278511092e-05
392,1.0282170972449,8.518567455600848e-05
393,1.1179399522044422,8.501689170573123e-05
394,1.2065652689468447,8.483960211966477e-05
395,1.243935917037025,8.47618339850389e-05
396,1.1592854205138292,8.493545483102145e-05
397,1.067419305990605,8.511329159753416e-05
398,1.0014024551862803,8.523393859135382e-05
399,0.9638107878308535,8.52998605953129e-05
400,0.9271709222618815,8.536212093732534e-05
401,0.9984288986084325,8.523922751400768e-05
402,1.0793827887346372,8.509077782009796e-05
403,1.1637979127631985,8.492643083294482e-05
404,1.2139353673501316,8.482440348067492e-05
405,1.1390365910141451,8.497562027406297e-05
406,1.061034097049822,8.512522706406312e-05
407,1.0157567789234683,8.520822928098577e-05
408,0.9794891436621602,8.5272615706958e-05
409,1.0477408117308995,8.514989403298911e-05
410,1.1236030299684134,8.500587112217888e-05
411,1.189533292366794,8.487446213879432e-05
412,1.1366310067028358,8.498035614437722e-05
413,1.0817336940920077,8.508633062823209e-05
414,1.0225850739525797,8.519589646112724e-05
415,1.0829976931007468,8.50839364055616e-05
416,1.1539675278580421,8.494605538363677e-05
417,1.1706852878578902,8.491260659688603e-05
418,1.046411608215215,8.515234696864346e-05
419,1.0966415732043693,8.50579540543628e-05
420,0.9398723003206838,8.534076344648239e-05
421,0.9887391904391649,8.525637388060783e-05
422,1.0547771811579607,8.513686796766108e-05
423,1.1363669102423821,8.498087560492269e-05
424,1.2156015789113341,8.482095792584504e-05
425,0.9867825944772485,8.525981972786166e-05
426,1.0400744147292134,8.516400777797266e-05
427,1.1059385032078903,8.504010509098637e-05
428,1.1759881596293031,8.490192091669901e-05
429,1.1871939578920963,8.487922126704518e-05
430,1.1178285002949784,8.501710816594085e-05
431,1.0538228970318586,8.513863862347134e-05
432,1.0113557640483537,8.521614298111243e-05
433,1.0393026627017092,8.516542400581809e-05
434,1.0903367911450634,8.506999186705413e-05
435,1.149417578492816,8.495509578812128e-05
436,1.1770283385641076,8.489982062082085e-05
437,1.1140759585749278,8.502438659292758e-05
438,1.0718303705454464,8.51050134223595e-05
439,1.0829112213553762,8.508410026688663e-05
440,1.126722203292429,8.499978282076315e-05
441,1.1713956208787706,8.491117733098933e-05
442,1.1305718554700213,8.499225086335609e-05
443,1.107152932454674,8.50377649234465e-05
444,1.142946806899697,8.496790594536337e-05
445,1.0653192625643952,8.511722329155909e-05
446,1.1055692823610455,8.504081617434016e-05
447,1.158183694452672,8.493765401472759e-05
448,1.1104225726125927,8.503145456421666e-05
449,1.1427012669506784,8.496839095545371e-05
450,1.15039416070391,8.49531576787022e-05
451,1.118927588203799,8.501497280841116e-05
452,1.1355871011550391,8.498240890047566e-05
453,1.162757248405818,8.492851428453137e-05
454,1.1452630815738452,8.496332675022584e-05
455,0.0,0.0
456,0.22113256176168472,8.612511038099373e-05
457,0.4366677223199046,8.598671906281197e-05
458,0.6415197701385879,8.577554937858062e-05
459,0.8316897712739447,8.551482981183701e-05
460,1.0049848247806132,8.52275499632975e-05
461,1.1618383016108855,8.493035288187029e-05
462,1.3058813448688695,8.4629147367209e-05
463,1.4436381832691256,8.431802357879412e-05
464,1.582913306987037,8.39825790459938e-05
465,1.7302994593486152,8.360677917822322e-05
466,1.888869199264058,8.3180777350047e-05
467,2.0527912976339895,8.271900095074231e-05
468,0.18666898947891827,8.613893877535141e-05
469,0.3730466819626789,8.603672756987621e-05
470,0.5946660654318987,8.583042898043789e-05
471,0.8022238685592107,8.555909153647015e-05
472,0.9931434211990599,8.524859716928126e-05
473,1.169087133337678,8.491581986717291e-05
474,1.3341422306009996,8.456708978300248e-05
475,1.4946652347287803,8.419746158934076e-05
476,1.657734785905192,8.379435228138338e-05
477,1.8281898063509845,8.334631135248784e-05
478,2.0031493095736357,8.286101515516111e-05
479,2.0996924927433027,8.2583165694333e-05
480,2.009226661765742,8.284372814151137e-05
481,2.111788917770455,8.25478754906916e-05
482,1.9372780150366002,8.304657502824607e-05
483,1.7614115673707402,8.352490021583782e-05
484,1.5974170503186031,8.394651537415129e-05
485,1.4425355076895776,8.432059810636915e-05
486,1.290048188732869,8.466350222794055e-05
487,1.1324356709437775,8.498859718632e-05
488,0.9642027619458275,8.52991838237455e-05
489,0.7833098454658276,8.558677310322982e-05
490,0.591532817081336,8.583396240119745e-05
491,0.39584326617870225,8.601967905028083e-05
492,0.35148126309063493,8.605205146431147e-05
493,0.49538216236330973,8.593391334241664e-05
494,0.699469815728353,8.570245581934108e-05
495,0.9099676383039044,8.539066331160968e-05
496,1.1149174347914512,8.502275610650385e-05
497,1.3138229333404021,8.461180351020093e-05
498,1.509833078480118,8.416109490685341e-05
499,1.7062372770941392,8.366951123524748e-05
500,1.9013089374189536,8.314646983873741e-05
501,2.065298452231229,8.268293372212634e-05
502,2.0495121010175126,8.272843830795357e-05
503,1.898096226188404,8.315534210553975e-05
504,1.9900113809650881,8.289829051230738e-05
505,2.1716960574771083,8.23715854272991e-05
506,1.9670151819138049,8.296321925983731e-05
507,1.7710173050737223,8.349944804743804e-05
508,1.5916041515714872,8.396099398298105e-05
509,1.42508912235462,8.436115599841927e-05
510,1.2643235508146928,8.471867772616928e-05
511,1.102326903375864,8.504705278606657e-05
512,0.9351080669682479,8.534880272709853e-05
513,0.762937380427476,8.561594351271415e-05
514,0.4778382293721815,8.595035380305429e-05
515,0.5897438531322454,8.583597211852688e-05
516,0.7762354454876494,8.559697883008973e-05
517,0.9913551786993262,8.525175810905673e-05
518,1.2166243622108583,8.481884118528629e-05
519,1.444923506971225,8.43150209429202e-05
520,1.67107329271387,8.376023735932506e-05
521,1.8828376088927385,8.319736683067616e-05
522,2.0305219687571037,8.278293504577908e-05
523,1.9982674513281133,8.287488139367787e-05
524,1.8483529853448044,8.329164360286976e-05
525,1.8248590117019574,8.335530924874005e-05
526,1.9952354891833344,8.288348417758912e-05
527,2.1537560931931967,8.242463982443735e-05
528,1.9702328046658986,8.295415886795104e-05
529,1.7614202253996443,8.352487731117165e-05
530,1.574049088079414,8.400451795324693e-05
531,1.4043788692523744,8.440886806430465e-05
532,1.245010694664908,8.475957166703789e-05
533,1.0895459486412904,8.50714980224687e-05
534,0.55828379436649,8.58703917577412e-05
535,0.6479428024107516,8.576773003860755e-05
536,0.8284405841177627,8.551977795037521e-05
537,1.0550855204644247,8.513629557948142e-05
538,1.300727348381929,8.464036332365296e-05
539,1.5479621434825857,8.406862891298579e-05
540,1.7771017237453024,8.348328461168906e-05
541,1.9416123341229532,8.30344685193871e-05
542,1.940232175878998,8.303832514107318e-05
543,1.7995570474548832,8.3423354064627e-05
544,1.6945911730207186,8.369968500124015e-05
545,1.8540830391693925,8.327604613879485e-05
546,2.016125724562835,8.282407009889681e-05
547,2.1393672799432206,8.246703119556867e-05
548,1.958182120769391,8.29880508583697e-05
549,1.7460992655212206,8.356530539801374e-05
550,1.5596860120935954,8.403990077930697e-05
551,1.3952953881500767,8.442964450651293e-05
552,0.5971381066404002,8.5827629063373e-05
553,0.6767623189691901,8.573177668541138e-05
554,0.864176040104304,8.546444775775898e-05
555,1.106431534186375,8.503915527505029e-05
556,1.3657361327851623,8.449661329331258e-05
557,1.6139582304555697,8.390513485167985e-05
558,1.811535871303035,8.33912070737646e-05
559,1.8654634483892658,8.324498772678291e-05
560,1.7453350257661853,8.356731660190551e-05
561,1.5884230107929143,8.396890345840318e-05
562,1.7400234794137541,8.358128036139672e-05
563,1.8920460067309954,8.317202791237874e-05
564,2.039743081483764,8.275650613841447e-05
565,2.1305559020682536,8.249291936387435e-05
566,1.947187702075251,8.301887390590081e-05
567,1.739064266895684,8.35837994049082e-05
568,0.6113636606596119,8.581130895907673e-05
569,0.6943020179613673,8.570920505947174e-05
570,0.8964189654830144,8.541282784006865e-05
571,1.1518812944653996,8.495020393632389e-05
572,1.4143937612098179,8.438585497242307e-05
573,1.6451960820235831,8.382626933398246e-05
574,1.766166031633614,8.351231247501541e-05
575,1.6823230070775754,8.373133602967486e-05
576,1.5029926074612403,8.417752538304586e-05
577,1.6395341465146387,8.384063299405521e-05
578,1.7833433397541743,8.346667016924742e-05
579,1.9225957630433976,8.308747521945882e-05
580,2.0546891916824706,8.271353530572017e-05
581,2.127378714221002,8.250224070895025e-05
582,0.625729389599177,8.579447026482307e-05
583,0.7205201111651065,8.567450180740358e-05
584,0.9355823862592283,8.534800386322324e-05
585,1.1959520357315516,8.486136797805046e-05
586,1.4500143313598435,8.430311076256769e-05
587,1.635474859902344,8.385091218398552e-05
588,1.609346039570974,8.391669972514133e-05
589,1.4375783228418846,8.433215585804106e-05
590,1.540927130533104,8.408580093056988e-05
591,1.6782169750669451,8.374189831536823e-05
592,1.8091949392310185,8.339749893317113e-05
593,1.9341512570246167,8.305529944752073e-05
594,0.6590753494518317,8.575400979346128e-05
595,0.7641409298423498,8.561423893191715e-05
596,0.982662871003484,8.526705704386575e-05
597,1.2378514778344574,8.477461430344145e-05
598,1.4692012173271003,8.425797201396109e-05
599,1.5269541386973104,8.411975898224858e-05
600,1.37404495584985,8.447788882805252e-05
601,1.43722077680589,8.433298845033497e-05
602,1.568512159547281,8.401818229575058e-05
603,1.6924831689825655,8.370513335060902e-05
604,0.7116467238186769,8.56863755372277e-05
605,0.8181964913760681,8.553526941182821e-05
606,1.0302183729331456,8.518203152680212e-05
607,1.2729312813456066,8.470030454090967e-05
608,1.4335716315270137,8.434147800411411e-05
609,1.322617847273126,8.459250923290333e-05
610,1.3265297877616415,8.4583898033341e-05
611,1.4509976650827785,8.430080699299579e-05
612,0.7689196510692554,8.560744759457658e-05
613,0.8685211810901673,8.545758453085175e-05
614,1.0693840284039158,8.510960774402473e-05
615,1.2972827426697167,8.464784174349723e-05
616,1.2984376629283485,8.464533592640735e-05
617,1.2207762693605952,8.48102349552409e-05
618,0.8149940158773735,8.554007821343937e-05
619,0.9035371421423745,8.540121776983037e-05
620,1.094747477706915,8.506157614744778e-05
621,1.31598351660133,8.460707205963125e-05
622,0.8399985301991902,8.550210100261889e-05
623,0.9163667788726311,8.538009832596106e-05
624,0.5333424301796131,8.58964297208765e-05
625,0.725482668287904,8.566780417797659e-05
626,0.9153291309788867,8.538181567515058e-05
627,1.0976837780224442,8.505595896481586e-05
628,1.2733113708835153,8.469949116690215e-05
629,1.4464092869607679,8.431154779585097e-05
630,1.622894899876387,8.388266808389071e-05
631,1.8076137014488625,8.340174628002477e-05
632,1.9993571581671232,8.287178779604444e-05
633,2.1271864279934065,8.250280461733973e-05
634,1.9920172186706224,8.289260795573062e-05
635,0.6295560009156579,8.578992455303513e-05
636,0.8096268455089514,8.554810096979476e-05
637,1.0040164637181044,8.522927870542803e-05
638,1.2047999452363811,8.484323238906642e-05
639,1.4098989770168817,8.439619721837744e-05
640,1.6192664472865916,8.389179928285334e-05
641,1.8307367087926039,8.333942479004804e-05
642,2.0271189368625055,8.27926726337638e-05
643,2.092465164918336,8.260420092989829e-05
644,1.9669877022213305,8.296329660456671e-05
645,1.8843492959647634,8.319321180861184e-05
646,2.0113455981569364,8.283769429312254e-05
647,2.1746649560672364,8.236278405293736e-05
648,1.9989394496527806,8.287297374607131e-05
649,1.7863662141517027,8.345861151474715e-05
650,1.589139148035414,8.396712374698207e-05
651,1.4058473354122787,8.440550065036242e-05
652,1.2313640548145723,8.478819052939832e-05
653,1.060497244826771,8.51262279985882e-05
654,0.8908182412834926,8.542190870420942e-05
655,0.6976119556734122,8.570488738392385e-05
656,0.8685257945145027,8.54575772283597e-05
657,1.0737242682133064,8.510145095833262e-05
658,1.2987982984800983,8.46445531338772e-05
659,1.5329726579914633,8.410515679734729e-05
660,1.7643317677313812,8.35171711489095e-05
661,1.9652071881264788,8.296830682224653e-05
662,2.037402168510341,8.276322146458756e-05
663,1.9314251031452419,8.306289980468291e-05
664,1.8139122408146806,8.338481520523616e-05
665,1.8768730800482407,8.32137428025827e-05
666,2.035654405319678,8.276823259072549e-05
667,2.2080462873102182,8.226341076056393e-05
668,1.9822443046154166,8.292026579372653e-05
669,1.7591894953933234,8.353077649354997e-05
670,1.5593632196084393,8.404069359755918e-05
671,1.3800053126066698,8.446440853863605e-05
672,1.21533475692248,8.482150992125074e-05
673,0.7376393676793289,8.565122474489462e-05
674,0.9098065967381171,8.539092839453991e-05
675,1.1312681527756252,8.49908864359894e-05
676,1.376488832840467,8.447236647695032e-05
677,1.6230447156074181,8.388229079233801e-05
678,1.8414041372899634,8.331052210655509e-05
679,1.9554721831871675,8.299565694761333e-05
680,1.882434961210661,8.319847323482946e-05
681,1.749245483408096,8.355702023749453e-05
682,1.76106827175004,8.352580834547821e-05
683,1.90202831457863,8.31444820606507e-05
684,2.0612954491730098,8.26944897285882e-05
685,2.185396707034847,8.233091920068999e-05
686,1.96146036086466,8.297884207923085e-05
687,1.7398689686119013,8.358168618647008e-05
688,1.5473106269666994,8.407022132653478e-05
689,0.7600850233627368,8.56199738652618e-05
690,0.9429220241571118,8.533559956566722e-05
691,1.1805511589040882,8.489269710257402e-05
692,1.4356905738069408,8.433655015565632e-05
693,1.674833866188124,8.375058923479646e-05
694,1.839932262826953,8.33145157079422e-05
695,1.8175816821685198,8.337493587415056e-05
696,1.6793487370081177,8.373898854759112e-05
697,1.6545232460550237,8.380254130904125e-05
698,1.7845024015427353,8.346358117003416e-05
699,1.9319958486866637,8.306130908417793e-05
700,2.0806365658294195,8.263854733727162e-05
701,2.1697741994688458,8.237727959853787e-05
702,1.9524057114760782,8.300425685370188e-05
703,0.7820304876867701,8.558862472811507e-05
704,0.9783436719550348,8.527461836570117e-05
705,1.2259717691595104,8.479943509984897e-05
706,1.4790850521917251,8.423456625137883e-05
707,1.689010551363749,8.371409978817774e-05
708,1.7350791098812333,8.359425628142436e-05
709,1.6015686133753528,8.393615455859198e-05
710,1.5496148981750395,8.406458738630397e-05
711,1.6733076434951464,8.375450649515918e-05
712,1.812495766595811,8.338862576099481e-05
713,1.9510201324147616,8.30081403039283e-05
714,2.0877410865171977,8.261793018981867e-05
715,0.8167063604086906,8.553750899988708e-05
716,1.0211202917521434,8.519854762811449e-05
717,1.2690556671770774,8.470858817467391e-05
718,1.507332760531187,8.416710617973892e-05
719,1.6324730257882922,8.38585035297042e-05
720,1.5184656806314536,8.414029067127435e-05
721,1.4397338949502743,8.43271333859495e-05
722,1.560890255901486,8.403694208662593e-05
723,1.6938737423259962,8.370153973068302e-05
724,1.823716147111955,8.335839446064267e-05
725,0.8645858228616354,8.546380174566428e-05
726,1.0676895954882042,8.511278512053111e-05
727,1.3067524458681903,8.462724859076882e-05
728,1.50240269998298,8.417894003465406e-05
729,1.4375864696651113,8.433213688548794e-05
730,1.3287432340186074,8.457901772700977e-05
731,1.4438604660654653,8.431750443334317e-05
732,1.571092030298742,8.40118193384367e-05
733,0.9153100236321938,8.538184728338252e-05
734,1.1098116090945165,8.503263480713681e-05
735,1.3331421491625577,8.456930181637377e-05
736,1.3708061643762406,8.448519698567013e-05
737,1.2520656005498814,8.474468633341138e-05
738,1.3199394479935807,8.45983947367335e-05
739,0.9568077257136625,8.531191389253242e-05
740,1.141165674806201,8.497142237822136e-05
741,1.3276631812001356,8.458139979188491e-05
742,1.2693036638417978,8.470805865923726e-05
743,0.9809751138418604,8.527001490620062e-05
744,1.1562432477836762,8.494152354025745e-05
745,0.9684088597621378,8.52919075349656e-05
746,1.1463939936276215,8.496108841276474e-05
747,1.3397467122895728,8.455467196737903e-05
748,1.5478457926248184,8.406891332506549e-05
749,1.7688965256682871,8.350507438013166e-05
750,1.9937706016223256,8.288763810052155e-05
751,2.143505859139713,8.245485315405955e-05
752,2.0317915127240602,8.277930011084327e-05
753,1.8992956624029285,8.315203069693143e-05
754,1.0253482759196078,8.519088696108512e-05
755,1.218761579457126,8.48144137824993e-05
756,1.4384461891761415,8.43301343408492e-05
757,1.6731770680051852,8.37548415346283e-05
758,1.9044001720476387,8.313792521844305e-05
759,2.0692384442559293,8.267154822191186e-05
760,2.016732039642488,8.282234077044859e-05
761,1.882726509193164,8.319767212603038e-05
762,1.828028983464089,8.334674601810288e-05
763,1.927838893460442,8.307288902208472e-05
764,2.084195340385129,8.26282244051511e-05
765,2.1755303865350895,8.236021732520983e-05
766,1.956000227457358,8.299417531211141e-05
767,1.7215493227042005,8.362965189061119e-05
768,1.5061385770664042,8.416997495164485e-05
769,1.3143711942672387,8.46106033974872e-05
770,1.0715063775545546,8.510562236642265e-05
771,1.2817290258489935,8.468143299319766e-05
772,1.5185503372146985,8.414008627148616e-05
773,1.757080496636776,8.353634973626592e-05
774,1.9509630355789274,8.300830030077099e-05
775,1.9663802619162294,8.296500616579315e-05
776,1.837025638382958,8.332239687042377e-05
777,1.7472164807005945,8.356236435873022e-05
778,1.8122927453673041,8.338917178296884e-05
779,1.9566856918817606,8.299225164953898e-05
780,2.1199862329031385,8.252390153470467e-05
781,2.1716356454438093,8.237176445751647e-05
782,1.929447695287192,8.306840903613809e-05
783,1.7033315343685287,8.367705127679865e-05
784,1.1134025974064827,8.502569064761106e-05
785,1.335722192119667,8.456359276745674e-05
786,1.5762458050828467,8.399908833652708e-05
787,1.7950975434564922,8.343529049163178e-05
788,1.8833975685036672,8.319582794242684e-05
789,1.7677074233842176,8.350822729738393e-05
790,1.6500018642063077,8.3814053820411e-05
791,1.6899503453872124,8.371167429589835e-05
792,1.824715710182747,8.33556961576775e-05
793,1.9783191951694448,8.29313535207223e-05
794,2.137305335345598,8.247309413916355e-05
795,2.1630304336990247,8.239724025134874e-05
796,1.1562193463717874,8.494157117241846e-05
797,1.3823774280658414,8.445903245370769e-05
798,1.613378717068333,8.390658908743884e-05
799,1.7678110475761153,8.35079525858731e-05
800,1.6803381746414303,8.373644372535205e-05
801,1.5402889330577856,8.408735624941636e-05
802,1.5616505460674532,8.403507339083305e-05
803,1.6917339311724662,8.370706884957597e-05
804,1.837327077845174,8.332157986086726e-05
805,1.9862973810018314,8.290880422194441e-05
806,1.2005278406130575,8.48520013465817e-05
807,1.4213407703884464,8.436982644597957e-05
808,1.6194842508262128,8.389125152571882e-05
809,1.5822696318760419,8.398417475483097e-05
810,1.4288176184684036,8.435251620238395e-05
811,1.4201535903777793,8.437256933738703e-05
812,1.557741399384809,8.40446754078874e-05
813,1.6968023508422807,8.369396561342217e-05
814,1.2417158485020319,8.476650252840433e-05
815,1.4466021342095376,8.4311096822756e-05
816,1.4837186787006766,8.422355782706297e-05
817,1.337495622068847,8.45596640796304e-05
818,1.2973520029220766,8.464769151516057e-05
819,1.4249675660161292,8.436143741656452e-05
820,1.2737951893372743,8.469845556463443e-05
821,1.3961989297014479,8.442758197866004e-05
822,1.2912251931722494,8.466095865577513e-05
823,1.216888220575517,8.48182948936984e-05
824,1.2958935520644315,8.465085374645828e-05
825,1.2979636971204969,8.464636447691999e-05
826,1.404469405019217,8.440866052145681e-05
827,1.6208317600251418,8.388786164103544e-05
828,1.8542601022266811,8.327556373218182e-05
829,2.07043392069547,8.266809138997481e-05
830,2.0833398459603734,8.2630706770371e-05
831,1.935457976403181,8.305165431607576e-05
832,1.81196506762117,8.339005299258814e-05
833,1.4805457730763238,8.42310983633436e-05
834,1.7055906210110603,8.367118989219597e-05
835,1.9254944758951715,8.307941379497055e-05
836,2.025410574069555,8.279755776988139e-05
837,1.898783942655251,8.315344359652325e-05
838,1.7553762002526212,8.354085065343876e-05
839,1.708979817566455,8.366238763998283e-05
840,1.8142236417847848,8.338397725557022e-05
841,1.9701141275994831,8.295449318827237e-05
842,2.124941756014071,8.250938553245665e-05
843,2.0561681803714373,8.270927421421297e-05
844,1.834185588451658,8.333009069786109e-05
845,1.5391138529608221,8.409021889639654e-05
846,1.756735125635618,8.353726204136515e-05
847,1.915966712973458,8.310588579516114e-05
848,1.8267689744697733,8.335015076687829e-05
849,1.6672663940103305,8.376999093183811e-05
850,1.5809657215822237,8.398740597260449e-05
851,1.6733284466377578,8.375445311557863e-05
852,1.8232880012164445,8.335954997534603e-05
853,1.987019602260341,8.290676055824206e-05
854,2.1389956117708158,8.246812426849854e-05
855,1.5814320937894306,8.39862504493073e-05
856,1.7677595227548386,8.350808918122552e-05
857,1.729154901350018,8.360977493852113e-05
858,1.5605226958364722,8.403784529468158e-05
859,1.4473928102372404,8.430924740762087e-05
860,1.5253604662986056,8.41236193592449e-05
861,1.6696011858846427,8.376401061329328e-05
862,1.8276809386598876,8.334768662511454e-05
863,1.6024702309026166,8.393390222280117e-05
864,1.6162717592294846,8.389932603046004e-05
865,1.4520974543874332,8.429822915547372e-05
866,1.323255282873732,8.459110729421152e-05
867,1.381857630886492,8.446021104825303e-05
868,1.5189733691435776,8.413906476797306e-05
869,1.5001210214554315,8.418440829521196e-05
870,1.3615968229083262,8.450591214631015e-05
871,1.2457906377607133,8.475792905878612e-05
872,1.2489791550525888,8.475120604589411e-05
873,1.306165429757781,8.462852823398352e-05
874,1.2467464746024404,8.475591498438361e-05
875,1.9110990831798482,8.311938219324321e-05
876,2.0530926877581734,8.271813316961763e-05
877,1.933600356513049,8.305683579774476e-05
878,1.7665481658350766,8.351129989167513e-05
879,1.632610655025331,8.385815566679873e-05
880,1.9215933765639148,8.309026134307505e-05
881,1.855031505545705,8.327346174871e-05
882,1.6811645612186439,8.37343175745978e-05
883,1.5267281803767148,8.412030648283579e-05
884,1.4866306760563957,8.4216628011043e-05
885,1.6094336527755964,8.391648023066139e-05
886,1.7739128268688877,8.34917600268932e-05
887,1.9444045850501943,8.302666147782407e-05
888,1.7453146730320628,8.356737015589765e-05
889,1.5738618087071732,8.400498062950471e-05
890,1.4126947107317427,8.438976701755252e-05
891,1.3345328073355733,8.456622556837273e-05
892,1.4516144963252968,8.429936133944574e-05
893,1.6065013948364668,8.392382227497053e-05
894,1.4616862807636275,8.427569848288378e-05
895,1.3156063375298657,8.46078984386897e-05
896,1.2255676039350505,8.480027644671403e-05
897,1.3112929901312091,8.461733681919187e-05
898,1.2568218462340335,8.47346164852547e-05
899,1.2016377424636415,8.484972537835362e-05
900,1.6860657933953889,8.372169458248286e-05
901,1.5150551106812862,8.414851920748122e-05
902,1.3759622583661761,8.447355693237914e-05
903,1.4105922430574396,8.439460350948141e-05
904,1.2770185389616848,8.469154882703204e-05
905,1.2443278147576264,8.476100923793054e-05
906,1.361278905498232,8.450662553023398e-05
907,1.2156091815838106,8.482094219629312e-05
908,1.1672605357698989,8.491948839661437e-05
909,1.183732996781312,8.488624937033964e-05
910,0.0,0.0
911,0.43832018496303815,8.598531968221398e-05
912,0.8619545838973622,8.54679453018395e-05
913,1.2581925856884562,8.473170923140018e-05
914,1.6179694331764571,8.389506021538542e-05
915,1.9367678168101787,8.304799913076695e-05
916,2.2142699442753115,8.224480011860219e-05
917,2.4527415453417123,8.151286851161594e-05
918,2.6548276685297556,8.086582418241157e-05
919,2.821689010149269,8.031456501719772e-05
920,2.6511234008912696,8.08778919841939e-05
921,2.4536341928963834,8.151006250433916e-05
922,2.269294525454693,8.207913872904583e-05
923,0.5617215648513616,8.586671586349127e-05
924,0.8835838726029985,8.543356744890307e-05
925,1.2364529615452817,8.477754539631324e-05
926,1.57804376733411,8.39946407616556e-05
927,1.8902766239328634,8.317690208330973e-05
928,2.1665535209418447,8.238681628512133e-05
929,2.405920008872966,8.165937865968627e-05
930,2.6078520477944047,8.101830017225557e-05
931,2.72296404348448,8.064251598115959e-05
932,2.556793857670134,8.118262709442132e-05
933,2.3676366401292266,8.177817917450565e-05
934,2.2733516316442675,8.20668452442779e-05
935,2.3334589850862315,8.188347011328031e-05
936,2.2155735808226282,8.224089855102726e-05
937,2.3940692060779387,8.169625024587946e-05
938,2.592468392009249,8.106796613862731e-05
939,2.7217252402947816,8.064659836525596e-05
940,2.541266695055891,8.123230635502963e-05
941,2.3242602320375263,8.19116831803273e-05
942,2.0705518815646413,8.266775023882452e-05
943,1.778952410846113,8.347836182453366e-05
944,1.4508850085295504,8.430107097937176e-05
945,1.09413262316879,8.506275089245595e-05
946,0.7295321975881024,8.566230853894019e-05
947,1.1089644843099078,8.503427043000417e-05
948,1.3921998348520108,8.44367038489409e-05
949,1.6828742147581832,8.372991692604857e-05
950,1.9581651246130183,8.298809857991666e-05
951,2.2066960263223234,8.226744501573072e-05
952,2.4228621751144046,8.160651753766397e-05
953,2.5974167579223906,8.105200488141366e-05
954,2.669475527139757,8.081803054548742e-05
955,2.5476523001333278,8.1211892291526e-05
956,2.4018960530664883,8.16719080872335e-05
957,2.4373876769957055,8.156105822559224e-05
958,2.6146828442617567,8.099620454148554e-05
959,2.3974961048478023,8.168559691689886e-05
960,2.1796538730683284,8.23479806855802e-05
961,2.3657299177560525,8.178407242772552e-05
962,2.5629921851260344,8.116275700951082e-05
963,2.63861515449112,8.091858566894756e-05
964,2.4557897221920935,8.150328471033251e-05
965,2.238333246980587,8.21725997405457e-05
966,1.9869427367890256,8.290697808276218e-05
967,1.7040994378703538,8.367505940978856e-05
968,1.3987137657642874,8.442183652367442e-05
969,1.6218748137756833,8.38852364655531e-05
970,1.8666344643056028,8.324178584561544e-05
971,2.1001858030387126,8.258172854625162e-05
972,2.309310742979378,8.195741944549636e-05
973,2.4849151468060855,8.141143283005046e-05
974,2.6103032503687427,8.101037424616581e-05
975,2.6427700534354774,8.090507790154617e-05
976,2.5598747408613205,8.117275339268571e-05
977,2.4649999853262834,8.147429299853914e-05
978,2.5199042262700946,8.13004290813964e-05
979,2.671491197437675,8.081144454990018e-05
980,2.6951759166882683,8.073389158349258e-05
981,2.4508825869585094,8.151871055650938e-05
982,2.228466304185002,8.220225153882246e-05
983,2.3666267160716394,8.178130090576752e-05
984,2.555114494499364,8.118800688325591e-05
985,2.5796412500327253,8.110927665172333e-05
986,2.403825123976772,8.166590275568924e-05
987,2.196334033667801,8.229836321705037e-05
988,1.9601589206555583,8.298249890199166e-05
989,2.0696105692030207,8.267047229910791e-05
990,2.261175493863868,8.210370804784716e-05
991,2.425843920691539,8.159719619573206e-05
992,2.552452370245144,8.119653161497744e-05
993,2.6249525461478793,8.096293610671835e-05
994,2.6213541245042955,8.097459978023451e-05
995,2.542452870480557,8.122851605552088e-05
996,2.452230955594131,8.15144733192126e-05
997,2.4769380877906957,8.143663974954105e-05
998,2.603310395972137,8.103297665122836e-05
999,2.7451755179480024,8.056918069633885e-05
1000,2.7545857258456494,8.05380320520415e-05
1001,2.4877833305566757,8.140236041648483e-05
1002,2.2698200184711457,8.207754703112543e-05
1003,2.380531391125576,8.173826519841776e-05
1004,2.5566145600774446,8.118320154561077e-05
1005,2.5491215771876665,8.120719186780457e-05
1006,2.38647286001037,8.171983958940681e-05
1007,2.4085800338734864,8.165109069080856e-05
1008,2.5260983042890137,8.12807039375484e-05
1009,2.6031702457207992,8.103342936711393e-05
1010,2.6286667275477713,8.095088967459179e-05
1011,2.592596833231423,8.106755201765986e-05
1012,2.499553236485679,8.136508018467905e-05
1013,2.3885961970357403,8.171324944836556e-05
1014,2.363979081283439,8.17894818816204e-05
1015,2.4690318750066744,8.146158570303151e-05
1016,2.6009889635637475,8.104047396539383e-05
1017,2.734909266541046,8.060310929920414e-05
1018,2.7935526921263083,8.040855090236301e-05
1019,2.5084831991171943,8.133674115238856e-05
1020,2.295690929808785,8.199896340796205e-05
1021,2.3914156013878225,8.170449465759177e-05
1022,2.5581963087469672,8.11781331510861e-05
1023,2.5960752313577724,8.105633341727525e-05
1024,2.627425533850827,8.095491616593782e-05
1025,2.612953934565653,8.100179952170643e-05
1026,2.5477530627193485,8.121156997736625e-05
1027,2.4353926745586967,8.156730936219271e-05
1028,2.2987994200164,8.19894921893309e-05
1029,2.216679387775681,8.223758816133477e-05
1030,2.293711360626608,8.20049916919321e-05
1031,2.4350451326841154,8.156839810423858e-05
1032,2.604834419143801,8.102805301358634e-05
1033,2.7106443941003446,8.068307788464483e-05
1034,2.776794423055415,8.046433376333095e-05
1035,2.5170407105339847,8.130954047755456e-05
1036,2.3045312786580427,8.197201159379096e-05
1037,2.618556669210416,8.098366228151466e-05
1038,2.570772972674053,8.113778303885064e-05
1039,2.480423674945825,8.142563016772466e-05
1040,2.349348299998832,8.183461099638524e-05
1041,2.190742778869083,8.23150162670504e-05
1042,2.0551176463385707,8.271230105646272e-05
1043,2.0896277824238823,8.261244893913873e-05
1044,2.2425770403268586,8.215982658159408e-05
1045,2.4408184273151923,8.155030272356145e-05
1046,2.5851274434704092,8.109161942732622e-05
1047,2.693925921722972,8.073799215721244e-05
1048,2.766760568104812,8.049766272046074e-05
1049,2.496263323966884,8.137550889679244e-05
1050,2.3857558590339933,8.172206429825048e-05
1051,2.239880135942925,8.216794522558582e-05
1052,2.066699085758613,8.267888756783804e-05
1053,1.8942183348309487,8.316604027846734e-05
1054,1.866501902561952,8.32421483625545e-05
1055,2.0314300686651996,8.278033511272396e-05
1056,2.2114085978210767,8.225335965412075e-05
1057,2.4280330014408023,8.159034940982637e-05
1058,2.5773344200903647,8.111669606429396e-05
1059,2.2608633225838393,8.210465186102451e-05
1060,2.1063957965519413,8.256362228836431e-05
1061,1.928562682395141,8.307087375999222e-05
1062,1.7434155312088278,8.357236573663567e-05
1063,1.6390780434618246,8.38417887494033e-05
1064,1.80671870795033,8.340414936939729e-05
1065,2.0101358709837918,8.284113950585675e-05
1066,2.242417775566856,8.21603061589754e-05
1067,1.9510239409925496,8.30081296314355e-05
1068,1.780477700891124,8.347430235283918e-05
1069,1.607513422922402,8.392128921318553e-05
1070,1.459299508089127,8.428131585247594e-05
1071,1.5711511737079895,8.401167339031778e-05
1072,1.796216701917721,8.343229652517809e-05
1073,1.630791112955334,8.386275316448489e-05
1074,1.492812961808117,8.420188618632197e-05
1075,1.3830233168629398,8.445756753297909e-05
1076,1.3294401886341263,8.457747986464363e-05
1077,1.4100702348976208,8.439580357309829e-05
1078,1.370957199074981,8.448485644881921e-05
1079,1.1727533691518084,8.490844358091186e-05
1080,1.4860732191569472,8.421795530815296e-05
1081,1.7884820549792537,8.34529662187866e-05
1082,2.06444053387669,8.268541137370132e-05
1083,2.3078002623018214,8.196203266269163e-05
1084,2.5160061588405034,8.131283113824518e-05
1085,2.67177158070092,8.081052825075993e-05
1086,2.5782340672794333,8.111380290464431e-05
1087,2.387962064855133,8.171521787702119e-05
1088,2.2733994990849515,8.206670013661238e-05
1089,2.4385538307285306,8.155740309325018e-05
1090,1.6519401692863893,8.380912079435429e-05
1091,1.9112569362355054,8.311894481306185e-05
1092,2.1515938348264925,8.24310193164739e-05
1093,2.363620794858649,8.17905886225142e-05
1094,2.538797353592689,8.12401942831187e-05
1095,2.6452476104768414,8.089701871683798e-05
1096,2.590580822341926,8.10740509813069e-05
1097,2.443238448253079,8.154271163605874e-05
1098,2.410270700228315,8.164582075819683e-05
1099,2.571742167390154,8.113466980804356e-05
1100,2.682184797373877,8.077646728082103e-05
1101,2.462417992402812,8.148242558798874e-05
1102,2.246185864337522,8.214895521366781e-05
1103,2.3857900168678796,8.172195832059053e-05
1104,2.5736840677804,8.11284304648313e-05
1105,2.61469639948826,8.099616066839366e-05
1106,2.453766388583665,8.150964691124066e-05
1107,2.2508156179700882,8.213499577403865e-05
1108,2.0165555781908844,8.282284410122022e-05
1109,1.7570274837167814,8.353648977787881e-05
1110,2.0845695932338097,8.26271382798912e-05
1111,2.2842371947235303,8.203380791049505e-05
1112,2.453752889061392,8.150968935113894e-05
1113,2.5799940647105712,8.110814163523443e-05
1114,2.6351470186755015,8.092985343533169e-05
1115,2.587887171085029,8.108273086486932e-05
1116,2.4792100866737603,8.142946422366534e-05
1117,2.4516021837520072,8.151644936471345e-05
1118,2.5778678692624224,8.111498060972737e-05
1119,2.724436802848974,8.063766154329987e-05
1120,2.718968773764945,8.065567914775421e-05
1121,2.478345253036944,8.143219593825998e-05
1122,2.2294183483644354,8.219939330905396e-05
1123,2.394854783736194,8.169380872717128e-05
1124,2.5720625749384878,8.11336404831092e-05
1125,2.576998967625261,8.111777472272718e-05
1126,2.42268048701447,8.160708534546085e-05
1127,2.2323371449784783,8.219062673063038e-05
1128,2.4169702638957906,8.162492062055184e-05
1129,2.538613453239045,8.124078158395163e-05
1130,2.6134695567925346,8.100013107457e-05
1131,2.6248219674748197,8.09633594811657e-05
1132,2.5637008400171943,8.116048386747998e-05
1133,2.4564270040490244,8.15012803258593e-05
1134,2.3953258791846475,8.169234441494954e-05
1135,2.4806933232081585,8.142477815742241e-05
1136,2.6157037945738013,8.099289982842206e-05
1137,2.737090726951634,8.05959045527364e-05
1138,2.713988317440628,8.067207621620382e-05
1139,2.483427649693861,8.141613605714287e-05
1140,2.261856619724522,8.210164852237234e-05
1141,2.407234136914131,8.165528470645168e-05
1142,2.5719863826925815,8.113388525970807e-05
1143,2.5639888563515103,8.115955991993209e-05
1144,2.5994870947601623,8.10453228014459e-05
1145,2.6277849279940213,8.095375036216635e-05
1146,2.6021836299046277,8.103661603996702e-05
1147,2.520385391451797,8.129889759922674e-05
1148,2.3981701164825,8.168350074471869e-05
1149,2.2936662752143286,8.200512895891764e-05
1150,2.3304889310312165,8.189258528090133e-05
1151,2.4630823926704957,8.14803332828711e-05
1152,2.617964964554538,8.098557858119496e-05
1153,2.7079035088394376,8.069209104634525e-05
1154,2.69427915020367,8.073683348666148e-05
1155,2.481967743682571,8.142075077807257e-05
1156,2.281274979049462,8.204280575201597e-05
1157,2.4125778357481655,8.163862643761446e-05
1158,2.615670755599165,8.099300678134564e-05
1159,2.5587625693020932,8.117631833626875e-05
1160,2.455647542715232,8.150373186142161e-05
1161,2.3153429827028646,8.193898162176815e-05
1162,2.172086181256714,8.237042924060938e-05
1163,2.148356403650182,8.244056491463093e-05
1164,2.279239199524484,8.204898621216922e-05
1165,2.428282960645126,8.158956742849163e-05
1166,2.593626675530138,8.106423125832378e-05
1167,2.6820003734004705,8.077707103307253e-05
1168,2.679287857508169,8.0785948912141e-05
1169,2.4805084122206256,8.142536242713437e-05
1170,2.4881504262075653,8.140119889903994e-05
1171,2.3663331993424905,8.178220806337764e-05
1172,2.2104612900927503,8.225619225303694e-05
1173,2.0400052176327836,8.27557539018724e-05
1174,1.948743627855258,8.30145175595708e-05
1175,2.073052993537583,8.266051446954441e-05
1176,2.243476843487771,8.215711678312014e-05
1177,2.4409484616783463,8.154989492297205e-05
1178,2.5777701194794744,8.111529496346718e-05
1179,2.672034098821803,8.08096702964573e-05
1180,2.250008630788888,8.213742998435956e-05
1181,2.0844018280082968,8.262762516655026e-05
1182,1.9009927267864692,8.314734345833412e-05
1183,1.7516006534813215,8.355081247035733e-05
1184,1.8513423003310325,8.328350994702469e-05
1185,2.043651476477612,8.274528518708129e-05
1186,2.259338603905074,8.210926075149246e-05
1187,2.4342270460371838,8.157096063160704e-05
1188,1.9392585041343484,8.304104500562043e-05
1189,1.758346892518958,8.353300362599154e-05
1190,1.5869532995638902,8.397255433827957e-05
1191,1.6196886312379335,8.389073748505519e-05
1192,1.8314112360893169,8.333760002534155e-05
1193,2.035397287326014,8.276896959963884e-05
1194,1.6185184874906853,8.389367998945686e-05
1195,1.4694388617585474,8.425741046881875e-05
1196,1.3901651008158535,8.444133816998602e-05
1197,1.6076796682182086,8.392087301345402e-05
1198,1.3963607130884248,8.442721257699226e-05
1199,1.3437742108850834,8.45457257577924e-05
1200,2.1343743920262983,8.248170716922628e-05
1201,2.335296914326804,8.187782667318935e-05
1202,2.5034164760390727,8.135282599730795e-05
1203,2.615521606727345,8.099348959468549e-05
1204,2.59353046477549,8.106454151823476e-05
1205,2.4491592667840067,8.152412449380379e-05
1206,2.3545506692434013,8.18185794419619e-05
1207,2.5196937629564484,8.130109891478558e-05
1208,2.71385513340115,8.06725145129397e-05
1209,2.4436362592164365,8.154146345197487e-05
1210,2.5642012756794066,8.115887845499901e-05
1211,2.6236807915187628,8.096705910597795e-05
1212,2.59175556566703,8.10702642689113e-05
1213,2.480822818036055,8.142436897607947e-05
1214,2.385838711914268,8.17218072387178e-05
1215,2.4782768641578974,8.14324119365715e-05
1216,2.6340954198960653,8.093326870271231e-05
1217,2.7322534814282093,8.061187718320295e-05
1218,2.6625542208478175,8.084062830718245e-05
1219,2.4664568164640728,8.146970262108972e-05
1220,2.3087971961329536,8.195898805234458e-05
1221,2.454844590111839,8.150625690200926e-05
1222,2.5906781408149784,8.107373731075054e-05
1223,2.598888584638918,8.10472547596995e-05
1224,2.4916639864354924,8.139007773154465e-05
1225,2.6092091460786553,8.101391243064426e-05
1226,2.6235315455624284,8.096754289901532e-05
1227,2.5709331923637144,8.113726842066969e-05
1228,2.461386501258886,8.148567340218358e-05
1229,2.344932366257662,8.184820577411135e-05
1230,2.3648724068381677,8.178672206576023e-05
1231,2.502488461072948,8.135577045473896e-05
1232,2.622380926943598,8.097127230819918e-05
1233,2.686241666422586,8.076318155982715e-05
1234,2.6149085291541603,8.099547407231934e-05
1235,2.4236330213911277,8.160410828299764e-05
1236,2.298319626750307,8.199095447060304e-05
1237,2.460074497936211,8.148980353903122e-05
1238,2.589286919710929,8.107822089696469e-05
1239,2.60449996298864,8.10291336472252e-05
1240,2.5290986837268856,8.127114119796516e-05
1241,2.407720608321636,8.16537689164247e-05
1242,2.267212939545544,8.208544200204507e-05
1243,2.2153734705380304,8.224149752190699e-05
1244,2.3371287240598146,8.18721999025352e-05
1245,2.477127784567367,8.143604075756427e-05
1246,2.6030522641614855,8.103381046475638e-05
1247,2.6449344221967266,8.08980376661708e-05
1248,2.5812960699197207,8.110395243221884e-05
1249,2.400375240050027,8.167664088019953e-05
1250,2.3007992448481844,8.19833956668189e-05
1251,2.4621127937008396,8.148338662064262e-05
1252,2.326149682916276,8.190589250621724e-05
1253,2.1657979105678242,8.238905267433823e-05
1254,2.0499304954896598,8.272723462996275e-05
1255,2.1479103050770907,8.244187966988991e-05
1256,2.3074769103870407,8.196302003464041e-05
1257,2.470096662956244,8.145822820429763e-05
1258,2.576244100504824,8.1120201789739e-05
1259,2.621388898267812,8.097448710142575e-05
1260,2.569174818312996,8.114291543841185e-05
1261,2.218035165073904,8.223352833192186e-05
1262,2.0447768419816215,8.274205218747255e-05
1263,1.8843207563003683,8.319329026989551e-05
1264,1.9426287755754599,8.303162728915101e-05
1265,2.1213478098074874,8.251991485126965e-05
1266,2.2867196601033393,8.202626295467983e-05
1267,2.455909600878329,8.150290768533375e-05
1268,2.5662264443443292,8.115238019826987e-05
1269,1.907229923062571,8.313009666148489e-05
1270,1.7291398039121164,8.360981444663849e-05
1271,1.7286769319995727,8.361102562575355e-05
1272,1.9229328038748337,8.308653823875865e-05
1273,2.1109011117091523,8.255046912095599e-05
1274,2.3013389440348573,8.198174993867552e-05
1275,1.588829738252803,8.39678927398091e-05
1276,1.517374487603585,8.414292465049356e-05
1277,1.7147927704262516,8.364726626439961e-05
1278,1.919845630880296,8.30951172790883e-05
1279,1.3651003730861073,8.449804278223063e-05
1280,1.5030703376213617,8.417733895207323e-05
1281,2.6192277157885235,8.098148878848952e-05
1282,2.5915614205096995,8.107089013739738e-05
1283,2.483391438761209,8.141625053404979e-05
1284,2.350147152770891,8.183215036311296e-05
1285,2.3886313066161864,8.171314045644078e-05
1286,2.5515731569592197,8.119934616704417e-05
1287,2.6556808345176948,8.086304366159746e-05
1288,2.572779416759921,8.113133738273432e-05
1289,2.4653153492544706,8.14732994147789e-05
1290,2.327615663871744,8.190139809803483e-05
1291,2.272935360299061,8.206810708641821e-05
1292,2.4076591283586692,8.165396048901878e-05
1293,2.5349923679315656,8.1252341850798e-05
1294,2.6080108494135232,8.101778679140063e-05
1295,2.593407813610145,8.106493703548727e-05
1296,2.489699575170095,8.139629640609939e-05
1297,2.325720647344634,8.190720758697157e-05
1298,2.341626995019244,8.185837359057151e-05
1299,2.4848908900012088,8.141150953662474e-05
1300,2.411521673996511,8.164192025962341e-05
1301,2.263072116264354,8.209797246178032e-05
1302,2.1440348758466055,8.245329562651683e-05
1303,2.240864213237754,8.216498335954223e-05
1304,2.387591060358841,8.17163694084531e-05
1305,2.497356240961096,8.13720451560087e-05
1306,2.565683856495439,8.115412145501064e-05
1307,2.5522611965106012,8.119714364111403e-05
1308,2.456900674624457,8.149979037613847e-05
1309,2.3030010452604994,8.197668044747602e-05
1310,2.1670780653948367,8.238526355342587e-05
1311,2.0109186650220927,8.283891029245244e-05
1312,2.0591406917787736,8.270070531506051e-05
1313,2.222632439957233,8.221975278972263e-05
1314,2.3640726007279995,8.178919298844159e-05
1315,2.4820444595482405,8.142050831269791e-05
1316,2.542116900761888,8.12295896936744e-05
1317,2.537900065079877,8.124305966327657e-05
1318,1.8725126340864298,8.322569632106842e-05
1319,1.8703489258181942,8.323162203989162e-05
1320,2.045539644567521,8.273986024383651e-05
1321,2.2111725598996257,8.225406550100069e-05
1322,2.360064168894671,8.180157064649876e-05
1323,2.472928489351635,8.144929559558083e-05
1324,1.6845498696187788,8.372560117117243e-05
1325,1.8604038984244298,8.325880898128313e-05
1326,2.042474597293172,8.274866517842412e-05
1327,2.2071347480638024,8.226613435530794e-05
1328,1.6742065633461247,8.375219955562041e-05
1329,1.8608724330698485,8.325752996256382e-05
1330,2.325113156109951,8.190906947081429e-05
1331,2.223138896450942,8.221823435006116e-05
1332,2.3455141444197385,8.18464154270071e-05
1333,2.4720608243483806,8.145203303068568e-05
1334,2.5396391606923387,8.123750565489374e-05
1335,2.1229804562278116,8.251513275448655e-05
1336,2.189061195486857,8.232002056067489e-05
1337,2.332056379629103,8.188777543801339e-05
1338,2.438691055712014,8.155697292855288e-05
1339,2.498467976435779,8.136852105689831e-05
1340,2.4996754993129624,8.136469250097212e-05
1341,2.4394417084095577,8.155461962696006e-05
1342,2.3241563531977194,8.191200147621581e-05
1343,2.027706565560291,8.27909917821013e-05
1344,2.179710454242147,8.234781269741654e-05
1345,2.314711513184456,8.194091282569377e-05
1346,2.4140622293389997,8.163399595416256e-05
1347,2.476494206245962,8.143804127954033e-05
1348,2.485845926293572,8.140848919204678e-05
1349,2.0200608448547266,8.281284146723074e-05
1350,2.173545689380646,8.236610285695585e-05
1351,2.304399243717254,8.197241450117113e-05
1352,2.4086653250074894,8.165082487371562e-05
1353,2.0196283572123686,8.281407611176057e-05
1354,2.1713450730811075,8.237262552965454e-05
1355,2.313397160734821,8.194493165447943e-05
1356,2.4086106584676363,8.165099524715901e-05
1357,2.4574958966045766,8.149791789198857e-05
1358,2.298141837946478,8.199149628566244e-05
1359,2.3860006934491493,8.17213046622316e-05
1360,2.436089606096749,8.156512587047943e-05
1361,2.4445233172495064,8.153867984931128e-05
1362,2.288905428838237,8.201961645114805e-05
1363,2.378084224720595,8.174584798644611e-05
1364,2.4230406721577302,8.160595968302967e-05
1365,3.8168031925776456,7.675038504990825e-05
1366,3.807861495452176,7.678431741101094e-05
1367,3.7794279062349587,7.6892005638911e-05
1368,3.7274747560346935,7.708792883371269e-05
1369,3.647559621361482,7.738715058061658e-05
1370,3.537087258051291,7.779641564055217e-05
1371,3.3968214061126334,7.830856131763435e-05
1372,3.2310607418823567,7.890262322971026e-05
1373,3.046562159821539,7.95490090392753e-05
1374,2.850894130009465,8.021657619265479e-05
1375,2.6511234008912696,8.08778919841939e-05
1376,2.4536341928963834,8.151006250433916e-05
1377,2.269294525454693,8.207913872904583e-05
1378,3.8389027906654714,7.666638368646807e-05
1379,3.8129744848722544,7.67649183162377e-05
1380,3.7375985192041985,7.704983642012758e-05
1381,3.6341974020578327,7.743692489082159e-05
1382,3.503878934597647,7.791843356359678e-05
1383,3.3477360226770077,7.848575679395594e-05
1384,3.170101010269423,7.911795670689102e-05
1385,2.979567303005999,7.977970935117156e-05
1386,2.8342323470312714,8.027253345371339e-05
1387,2.935577682059411,7.992999316408966e-05
1388,2.7357894952355077,8.060020245793098e-05
1389,2.5333433571999926,8.125760379259147e-05
1390,2.4327110076690146,8.157570831697662e-05
1391,2.626054539748496,8.09593627423048e-05
1392,2.811315427831791,8.034926451202121e-05
1393,2.8544279840841855,8.020468973697345e-05
1394,2.7932424991422224,8.040958476848813e-05
1395,2.98970290730327,7.974494736604454e-05
1396,3.1747908210197644,7.910145152608307e-05
1397,3.341459349608821,7.850833823439377e-05
1398,3.4841806265024564,7.799058837630097e-05
1399,3.6004083110760012,7.756245758268926e-05
1400,3.6909735900197527,7.72249235822288e-05
1401,3.759013768543773,7.696912073046149e-05
1402,3.902207336139484,7.642469022128064e-05
1403,3.881522350157694,7.650383816345902e-05
1404,3.77433953012683,7.691124287656755e-05
1405,3.622741863747073,7.747953770265437e-05
1406,3.4451605549919355,7.813302488612027e-05
1407,3.2524407638668276,7.882669614904868e-05
1408,3.0612880680156316,7.949800826627913e-05
1409,2.941387891087989,7.99101984313559e-05
1410,2.994848618979648,7.972727989876236e-05
1411,3.0415864494976246,7.956621800894163e-05
1412,2.8344310615270185,8.027186692730366e-05
1413,2.618376147716214,8.098424694061483e-05
1414,2.786562664321492,8.043183631135249e-05
1415,2.889785690269637,8.008541044867962e-05
1416,2.8787867340680693,8.012258348457457e-05
1417,2.783640520678996,8.044156307900138e-05
1418,2.761306991881165,8.051575535868304e-05
1419,2.955740259447546,7.986122964767158e-05
1420,3.1402739622296565,7.922268901131761e-05
1421,3.308892014730733,7.862522264357414e-05
1422,3.457346286632305,7.808861356423592e-05
1423,3.5843003554687787,7.762213342324681e-05
1424,3.9990534850672717,7.605190648252077e-05
1425,3.980953385445819,7.612185357960203e-05
1426,3.8512153242321006,7.661949908476202e-05
1427,3.670221068229411,7.730256750522098e-05
1428,3.4758815126850724,7.80209380320322e-05
1429,3.300207570880629,7.865631090891687e-05
1430,3.1979899123840507,7.90196552069548e-05
1431,3.208353576165476,7.898303413492618e-05
1432,3.2782114808015925,7.87348997296874e-05
1433,3.1544421676299135,7.917299175081822e-05
1434,2.932171997051912,7.994158813823293e-05
1435,2.811457927210088,8.034878823114763e-05
1436,2.8810200153281276,8.011504064846718e-05
1437,2.8830971480819696,8.010802293025442e-05
1438,2.8258460433614134,8.030064417522544e-05
1439,2.7217720175241054,8.064644422928796e-05
1440,2.747193978232074,8.056250336393801e-05
1441,2.9386039671473703,7.991968504513797e-05
1442,3.1240361823438048,7.927952978980667e-05
1443,3.2981475998043006,7.866368014359592e-05
1444,4.119998651069564,7.55813204168893e-05
1445,4.100250155054619,7.565853661551251e-05
1446,3.962832229625395,7.619175573554027e-05
1447,3.7928694531368934,7.684113810124857e-05
1448,3.6447389294459103,7.739766383862997e-05
1449,3.5595158898853656,7.771374023156487e-05
1450,3.555012898390324,7.773035606174559e-05
1451,3.6110394235984464,7.752301245415131e-05
1452,3.4799467325936453,7.800607533024424e-05
1453,3.2603943729929017,7.879839722563631e-05
1454,3.016385989498606,7.965319242393928e-05
1455,2.827599424721567,8.02947698739914e-05
1456,2.8590991593822404,8.018896799726522e-05
1457,2.841191629284182,8.024917859290907e-05
1458,2.77984625251174,8.04541861629853e-05
1459,2.681098612633758,8.078002287822984e-05
1460,2.7425575353172493,8.057783810555717e-05
1461,2.933475232528772,7.993715183349032e-05
1462,4.255994434772395,7.504566479022876e-05
1463,4.239265712816687,7.511192017978586e-05
1464,4.126642300422433,7.555531115812428e-05
1465,4.014144687278298,7.599349112323553e-05
1466,3.94731446829364,7.62515144841285e-05
1467,3.9416695368988153,7.627322991447757e-05
1468,3.9704946982056204,7.616221330358198e-05
1469,3.79691111493079,7.68258288427823e-05
1470,3.589095897622465,7.760437856082232e-05
1471,3.3483225134169494,7.84836458944594e-05
1472,3.079608340993809,7.943441384848112e-05
1473,2.8021996327056224,8.037971065665356e-05
1474,2.825610903073841,8.030143183806664e-05
1475,2.808222523667752,8.035959944244049e-05
1476,2.7541633111196395,8.053943128872546e-05
1477,2.66693121892371,8.082634064391004e-05
1478,4.398610101220443,7.447675832971609e-05
1479,4.398775641459852,7.447609379933498e-05
1480,4.3388792685850985,7.471590873941009e-05
1481,4.296692742636688,7.488405445356226e-05
1482,4.29816067164866,7.487821428997914e-05
1483,4.240210308544783,7.51081817369459e-05
1484,4.091482832859449,7.569276986389993e-05
1485,3.903459373062701,7.641989410601742e-05
1486,3.6759716737318002,7.728106982612339e-05
1487,3.412052395701727,7.82533624781026e-05
1488,3.119947467982532,7.929382288048535e-05
1489,2.8142025382882134,8.033961276302823e-05
1490,2.8044317234867067,8.037225961519225e-05
1491,2.796039504027614,8.040026060063515e-05
1492,4.539321087253236,7.390848598534218e-05
1493,4.563301035740166,7.38109684957056e-05
1494,4.558978350880153,7.382856151655592e-05
1495,4.550235240926477,7.386412617828877e-05
1496,4.471277993010658,7.418413192865686e-05
1497,4.35154826306932,7.466528963205748e-05
1498,4.1894682749403165,7.530854419858725e-05
1499,3.9836779509588616,7.611133265633073e-05
1500,3.7352480123708056,7.705868432487686e-05
1501,3.4498515021085714,7.811593619240869e-05
1502,3.139091275481343,7.922683322130386e-05
1503,2.8204610931576783,8.031867528919746e-05
1504,4.669496857982995,7.337680897280884e-05
1505,4.708278318036635,7.321733693578744e-05
1506,4.703639325459623,7.32364384487799e-05
1507,4.656981607173801,7.34281681233695e-05
1508,4.568277664388102,7.379070621345456e-05
1509,4.435892633653846,7.432685361508497e-05
1510,4.257678276563263,7.503899019605365e-05
1511,4.0330075146828275,7.592035417122779e-05
1512,3.7650229148850176,7.69464384458898e-05
1513,3.462278659065215,7.807061906572458e-05
1514,4.781361238171951,7.291549986933579e-05
1515,4.809505975491402,7.27988078344928e-05
1516,4.794519139134308,7.286097643554454e-05
1517,4.736995803066691,7.309893560781698e-05
1518,4.635689153830569,7.351542866027416e-05
1519,4.488152745992852,7.411591855237752e-05
1520,4.292492032533512,7.490076273872121e-05
1521,4.049594307034934,7.585593024599698e-05
1522,4.869033586363011,7.255118132696541e-05
1523,4.884392961470049,7.248711022633628e-05
1524,4.856971814141619,7.260144556366789e-05
1525,4.786287417886026,7.289509327258524e-05
1526,4.67010812118983,7.337429920703262e-05
1527,4.505812812436095,7.404442649571507e-05
1528,4.928880726247669,7.230112310400782e-05
1529,4.9301307546355035,7.229588848214063e-05
1530,4.8886571489307284,7.246930944516936e-05
1531,4.802903405620895,7.2826205411131e-05
1532,4.959122048238106,7.217435188805417e-05
1533,4.945483454784228,7.223155888039446e-05
1534,3.7576037337339008,7.697444097111477e-05
1535,3.6558293774580637,7.735630861374656e-05
1536,3.5267161076213425,7.783457305875529e-05
1537,3.37283802783668,7.839527302351398e-05
1538,3.1977495120256094,7.902050409803796e-05
1539,3.0083715656772267,7.968078805188565e-05
1540,2.828480754768235,8.029181658130009e-05
1541,2.8575355464184824,8.019423187864175e-05
1542,2.9241460185816646,7.996889045158075e-05
1543,2.8398083722934846,8.025382268795772e-05
1544,2.662997190434728,8.083918281558582e-05
1545,3.822529612894883,7.672863739797755e-05
1546,3.6926848016861844,7.721851331620212e-05
1547,3.5276916892253096,7.783098566158716e-05
1548,3.3422989110322243,7.8505318779793e-05
1549,3.1520461456658952,7.918140278494975e-05
1550,2.9964471409886237,7.972178883974514e-05
1551,2.974468962206883,7.979717601021956e-05
1552,3.0264939374414164,7.961834377715018e-05
1553,3.018519506074137,7.964584093886093e-05
1554,2.8898601715999046,8.008515851641293e-05
1555,2.7633995308334987,8.050881506197826e-05
1556,2.881805667789207,8.011238653129229e-05
1557,2.922024672584632,7.997610134835443e-05
1558,2.882489349678247,8.011007664000138e-05
1559,2.793496504065199,8.040873817961048e-05
1560,2.813340978468576,8.034249345124198e-05
1561,2.9989287389739934,7.971326186494446e-05
1562,3.187005364479482,7.905841606738351e-05
1563,3.3627659024884613,7.843161299131242e-05
1564,3.5205983778201735,7.78570598518482e-05
1565,3.918549413442643,7.636204120782625e-05
1566,3.772543507974323,7.691803047042971e-05
1567,3.5965732881024683,7.757667523498193e-05
1568,3.4232440407928957,7.821273792653578e-05
1569,3.293497841986938,7.868030692372252e-05
1570,3.249068845172055,7.883868473469218e-05
1571,3.2653108904103814,7.878088988312009e-05
1572,3.2610991078978135,7.879588839279789e-05
1573,3.1605689358403013,7.915147204626928e-05
1574,2.9770295933538935,7.97884050144346e-05
1575,2.866394237874932,8.016439273388297e-05
1576,2.9034607890928115,8.003910765504095e-05
1577,2.8924207406764872,8.007649571581141e-05
1578,2.8349333974992508,8.027018190579886e-05
1579,2.749004189047757,8.055651310987598e-05
1580,2.8058499802409393,8.036752392332136e-05
1581,2.9922072071497223,7.973635063388556e-05
1582,3.1818115259398616,7.907672396114036e-05
1583,4.039721096717691,7.58942908706347e-05
1584,3.9030009001927843,7.642165042637074e-05
1585,3.761780288891364,7.695867996137195e-05
1586,3.656294420244031,7.73545734006578e-05
1587,3.6084738109017174,7.75325361000013e-05
1588,3.60310391516405,7.755246043051459e-05
1589,3.5828431455422254,7.762752663520465e-05
1590,3.480509466275232,7.800401737903893e-05
1591,3.2982243299939147,7.866340568720792e-05
1592,3.075363390591101,7.944916345779499e-05
1593,2.9061289500940224,8.003006249208895e-05
1594,2.8858829993889494,8.009860733348171e-05
1595,2.859616231510654,8.018722700650346e-05
1596,2.802256793203434,8.03795198789891e-05
1597,2.726861502942188,8.062966683767692e-05
1598,2.8038662061851656,8.03741476387173e-05
1599,4.193966262603946,7.52908212390604e-05
1600,4.0963998452488015,7.567357424412958e-05
1601,4.015624124784205,7.598775979634673e-05
1602,3.971518505348894,7.615826432771622e-05
1603,3.9530896425445947,7.622928523613768e-05
1604,3.9144220578527373,7.637787369765848e-05
1605,3.8050778643566527,7.679487433656324e-05
1606,3.625248703706417,7.7470217321467e-05
1607,3.3963648478766824,7.831021436484235e-05
1608,3.141063345282601,7.921992259741726e-05
1609,2.9265864622818496,7.996059209307875e-05
1610,2.868798526346694,8.015628735724e-05
1611,2.8403364229298727,8.025204994655993e-05
1612,2.7906992811375364,8.041805936171094e-05
1613,4.3753718545570575,7.456994876747542e-05
1614,4.323311779291375,7.477803090868054e-05
1615,4.28811072772486,7.49181826010179e-05
1616,4.2640837378114,7.501359017965713e-05
1617,4.215576758453057,7.520556830999978e-05
1618,4.107847739347645,7.562884748069229e-05
1619,3.938603408962403,7.628501978723449e-05
1620,3.7180455927833247,7.712337015580062e-05
1621,3.4580466638748755,7.808605905873461e-05
1622,3.1768850151835055,7.909407797857607e-05
1623,2.935667671447334,7.992968670841246e-05
1624,2.862268642538697,8.017829414824282e-05
1625,4.554889090617427,7.38451987439279e-05
1626,4.534208726495184,7.392925100411832e-05
1627,4.51386690244394,7.401178641396567e-05
1628,4.468384925384716,7.419581687263394e-05
1629,4.372745560855176,7.458046886705894e-05
1630,4.2220040127875516,7.518018002076874e-05
1631,4.01958717517706,7.597240285888754e-05
1632,3.7715041784494496,7.692195774930274e-05
1633,3.487647299684148,7.797790205619907e-05
1634,3.1881667531133107,7.905432054854035e-05
1635,4.707008137449906,7.322256772139198e-05
1636,4.698245532607249,7.325863918380939e-05
1637,4.6662786368083164,7.33900205530291e-05
1638,4.590308127160198,7.370091000210612e-05
1639,4.463567399158741,7.4215268222891e-05
1640,4.2857170676201966,7.492769677325245e-05
1641,4.05893619608171,7.581959996062442e-05
1642,3.788912870800925,7.68561187400145e-05
1643,4.821399318811168,7.274942151612065e-05
1644,4.808640704178492,7.280239908536159e-05
1645,4.756472551565604,7.301848314729956e-05
1646,4.656512017331109,7.343009419470165e-05
1647,4.506634110829778,7.404109910358881e-05
1648,4.306536853064137,7.484487486153223e-05
1649,4.896597460661307,7.243614787641648e-05
1650,4.871060542337945,7.254273011412763e-05
1651,4.798764224818717,7.284337408619956e-05
1652,4.677770175967203,7.33428294980685e-05
1653,4.933719299123319,7.228085845237885e-05
1654,4.891206322513385,7.245866529565113e-05
1655,3.534209014116748,7.780700983207588e-05
1656,3.353335493053888,7.846559692254579e-05
1657,3.1662530113933793,7.913149159526922e-05
1658,3.0019282096371405,7.97029514216593e-05
1659,2.9437713366284037,7.99020734426602e-05
1660,2.9858936801629135,7.975801774663559e-05
1661,3.0212670105891277,7.963637057138481e-05
1662,3.003856222167052,7.969632171238143e-05
1663,2.919546652402383,7.998452180454949e-05
1664,3.6110404262745877,7.752300873164386e-05
1665,3.4432246451937476,7.814007444367821e-05
1666,3.306227523842509,7.863476449839563e-05
1667,3.2394325926918333,7.887291706847106e-05
1668,3.2402368249009688,7.887006169293858e-05
1669,3.2594588124909247,7.880172744115246e-05
1670,3.2513689555927177,7.883050743878128e-05
1671,3.188195518777725,7.905421910142216e-05
1672,3.087358968680112,7.940746115168816e-05
1673,3.0375096653908864,7.95803090555733e-05
1674,3.0286439822577873,7.961092478940272e-05
1675,3.002807168275156,7.969992923874658e-05
1676,2.9564986964133566,7.985863909971534e-05
1677,2.924695297304362,7.996702297215615e-05
1678,3.000360905870252,7.970833945247186e-05
1679,3.1672210474614944,7.912808729017828e-05
1680,3.7731915152828686,7.691558164699129e-05
1681,3.6629119220312996,7.732987183891201e-05
1682,3.599626422629327,7.75653567926858e-05
1683,3.5827622725494424,7.762782592431639e-05
1684,3.5861382305966707,7.761533007549949e-05
1685,3.571347816904143,7.767004011606239e-05
1686,3.5029261567139267,7.792192741686673e-05
1687,3.372904172631029,7.839503422648937e-05
1688,3.215895069481908,7.895635437936016e-05
1689,3.094847238992025,7.938139363205628e-05
1690,3.032883249237477,7.959629013320637e-05
1691,2.987760282758033,7.975161386984663e-05
1692,2.941051531439709,7.991134482904226e-05
1693,2.9184691304658164,7.99881823278119e-05
1694,4.014327347814936,7.599278354328532e-05
1695,3.9584534410563923,7.620862784630745e-05
1696,3.934716041519636,7.629996223790891e-05
1697,3.9264648444809684,7.633165910664147e-05
1698,3.9014758425139897,7.642749203319142e-05
1699,3.8252738913391773,7.671821061260969e-05
1700,3.6846117053950347,7.724874490427156e-05
1701,3.494565387863138,7.79525698089303e-05
1702,3.2879910936883534,7.869998555712629e-05
1703,3.1220016171710423,7.928664309018439e-05
1704,3.0325231452632377,7.959753361008781e-05
1705,2.982160785324813,7.977081930906253e-05
1706,4.2768091368074534,7.496308539104116e-05
1707,4.251293204654886,7.506429460877229e-05
1708,4.236802973100524,7.512166548478687e-05
1709,4.206108110451857,7.524294294074368e-05
1710,4.1281920430329,7.554924169712331e-05
1711,3.988561445317199,7.609246787422751e-05
1712,3.7937009740525713,7.683798894995885e-05
1713,3.5604352786535753,7.771034667494492e-05
1714,3.3202785339088714,7.858441028842622e-05
1715,3.1300293049653787,7.925856514372925e-05
1716,4.50959139270061,7.402911613033453e-05
1717,4.494153640150297,7.40916374658006e-05
1718,4.464629419403851,7.421098087170788e-05
1719,4.3927343314961576,7.450033930760288e-05
1720,4.263272090573466,7.501680947968161e-05
1721,4.077054003282131,7.57490464180843e-05
1722,3.8443068585609703,7.664581307163882e-05
1723,3.5812493217871695,7.763342443928203e-05
1724,4.687267089886297,7.330379712245418e-05
1725,4.66579501904894,7.339200562943513e-05
1726,4.606958778841672,7.363293465620337e-05
1727,4.494307246952073,7.409101577374655e-05
1728,4.325485689391463,7.476936107711936e-05
1729,4.105531656136893,7.563790034496519e-05
1730,4.803178310770998,7.28250649566723e-05
1731,4.764261385987546,7.298627600962227e-05
1732,4.673229479074593,7.33614814261636e-05
1733,4.5262003776179816,7.396176099144144e-05
1734,4.859560378572691,7.259066220013438e-05
1735,4.795748176576698,7.285588078627758e-05
1736,3.3064747073846257,7.863387943930006e-05
1737,3.2310713766156542,7.89025855144233e-05
1738,3.224115586222196,7.892724263623418e-05
1739,3.2514872188562807,7.883008692697654e-05
1740,3.282929906019153,7.8718059887367e-05
1741,3.3030707269265664,7.864606523040675e-05
1742,3.3088147927523446,7.86254992294134e-05
1743,3.5946411502764315,7.758383594920139e-05
1744,3.571979539478911,7.766770524574108e-05
1745,3.582764580296117,7.762781738400732e-05
1746,3.605425159769606,7.754384922196742e-05
1747,3.616139636059693,7.750407211299889e-05
1748,3.592991108220827,7.758994994557711e-05
1749,3.52946474054488,7.78244647799876e-05
1750,3.443543868629305,7.813891211321864e-05
1751,3.3606743614376215,7.843915358493599e-05
1752,3.2948001495904786,7.867565106485866e-05
1753,3.246179032264698,7.88489551076809e-05
1754,3.218584336020123,7.894683415655725e-05
1755,3.928334747949608,7.632447821883806e-05
1756,3.926621508649201,7.633105753009891e-05
1757,3.937483782585641,7.628932406339695e-05
1758,3.9359874125853396,7.62950759268556e-05
1759,3.89489324818039,7.645269565610534e-05
1760,3.799950692639596,7.681431102513776e-05
1761,3.6633212749111297,7.732834322736637e-05
1762,3.512936249831526,7.788520081897997e-05
1763,3.385039943943212,7.835118877315459e-05
1764,3.297865193681729,7.866469025986099e-05
1765,4.239408598941496,7.511135469768039e-05
1766,4.240642590877264,7.510647077772519e-05
1767,4.230842337185934,7.51452431949541e-05
1768,4.1815023122075585,7.53399134371983e-05
1769,4.075068109282516,7.575678583855922e-05
1770,3.916174390381816,7.637115258223167e-05
1771,3.7244095034504685,7.709945415029994e-05
1772,3.5342776417282087,7.780675726973336e-05
1773,4.48971560297063,7.410959603465976e-05
1774,4.477733075586952,7.415804984956977e-05
1775,4.429027849648396,7.435449164290162e-05
1776,4.323575505398276,7.47769792248094e-05
1777,4.1606127229971275,7.542206379973416e-05
1778,3.9527406268952405,7.623062900066188e-05
1779,4.659773767382725,7.341671429990861e-05
1780,4.620663003019432,7.357691897262692e-05
1781,4.525333053206306,7.39652806034219e-05
1782,4.369277681279016,7.459435637816496e-05
1783,4.744132953700902,7.306946829908136e-05
1784,4.6672644759483655,7.338597380269255e-05
1785,3.581135301594389,7.76338463199637e-05
1786,3.617824566470372,7.749781250446884e-05
1787,3.670298140602153,7.730227947316306e-05
1788,3.723209868292265,7.710396372318087e-05
1789,3.756820271244839,7.697739672715492e-05
1790,3.9469617586580563,7.62528716813969e-05
1791,3.9827543207114187,7.611489957911752e-05
1792,4.013389003693004,7.599641831167934e-05
1793,4.014268922035327,7.599300987111856e-05
1794,3.969961545061757,7.616426959415125e-05
1795,3.8852085934988754,7.648974562265095e-05
1796,3.781604709771912,7.688377277904005e-05
1797,3.6863838829539675,7.72421108668374e-05
1798,4.261955618179989,7.502203060183625e-05
1799,4.278093260958746,7.49579856984147e-05
1800,4.261253572993615,7.502481465341019e-05
1801,4.192060187991391,7.529833245562002e-05
1802,4.073429384734915,7.576317115218907e-05
1803,3.9257718886333945,7.63343198810841e-05
1804,4.488038569828227,7.411638041787042e-05
1805,4.465825389223714,7.420615230514757e-05
1806,4.387507509686132,7.452130574108467e-05
1807,4.25101207177186,7.506540841592148e-05
1808,4.604364889086204,7.364353011780974e-05
1809,4.529003713687009,7.395038328206679e-05
1810,4.050625051742177,7.585192333731189e-05
1811,4.1202735737267115,7.558024444704256e-05
1812,4.164754200405133,7.540578982350151e-05
1813,4.325790471107483,7.47681454343385e-05
1814,4.344699034868008,7.469266285152269e-05
1815,4.312762136592749,7.482008034441949e-05
1816,4.230676018678853,7.514590089423111e-05
1817,4.472811438154953,7.417793726188863e-05
1818,4.422825774093586,7.437944751888802e-05
1819,4.399110818586904,7.447474826403342e-05
1820,3.8168031925776456,7.675038504990825e-05
1821,3.807861495452176,7.678431741101094e-05
1822,3.7794279062349587,7.6892005638911e-05
1823,3.7274747560346935,7.708792883371269e-05
1824,3.647559621361482,7.738715058061658e-05
1825,3.537087258051291,7.779641564055217e-05
1826,3.3968214061126334,7.830856131763435e-05
1827,3.2310607418823567,7.890262322971026e-05
1828,3.046562159821539,7.95490090392753e-05
1829,2.850894130009465,8.021657619265479e-05
1830,2.9520882025881408,7.987369977338929e-05
1831,3.0426641465046287,7.956249170351817e-05
1832,3.08934384886274,7.940055415648081e-05
1833,3.8389027906654714,7.666638368646807e-05
1834,3.850455029928104,7.662239593274114e-05
1835,3.8381996377606935,7.666905938927145e-05
1836,3.796928464411136,7.682576311121609e-05
1837,3.722768023930802,7.710562452147853e-05
1838,3.614905454729542,7.750865641192497e-05
1839,3.4761423246649654,7.801998470077479e-05
1840,3.312155555275458,7.861353117847992e-05
1841,3.1299113918426906,7.925897778073272e-05
1842,2.936021789604164,7.992848073239325e-05
1843,3.03337811765978,7.959458119820784e-05
1844,3.092200054612313,7.93906118289211e-05
1845,3.1075967085816716,7.933695001405637e-05
1846,3.0817458380344664,7.942698359302553e-05
1847,3.0241146378872683,7.962655122500507e-05
1848,3.0664787839352674,7.948000625402694e-05
1849,3.241413696127662,7.886588275355172e-05
1850,3.4169524740051345,7.823558242451533e-05
1851,3.574487409170737,7.765843440511138e-05
1852,3.704926134105923,7.717262178291445e-05
1853,3.801693474280539,7.680770546365732e-05
1854,3.8610835482249772,7.658187874482778e-05
1855,3.8817744038410686,7.65028747302666e-05
1856,3.8610211372055936,7.658211679357148e-05
1857,3.902207336139484,7.642469022128064e-05
1858,3.9302569895212836,7.631709492052826e-05
1859,3.9290007445413715,7.632192029974463e-05
1860,3.8937046408681932,7.645724481802348e-05
1861,3.822272697027997,7.672961338671245e-05
1862,3.7160250268793567,7.713096012299447e-05
1863,3.5792319708130513,7.764088793532365e-05
1864,3.417687133222447,7.823291579018364e-05
1865,3.2370224218533736,7.888147245692981e-05
1866,3.0847426715002064,7.941656248868179e-05
1867,3.1527352690624397,7.917898395005417e-05
1868,3.190164025099808,7.904727591119228e-05
1869,3.2147638598083885,7.896035796038745e-05
1870,3.264555598346247,7.878358013414471e-05
1871,3.3832160123798842,7.835778262316341e-05
1872,3.5405486902607066,7.778367019472534e-05
1873,3.7001679790399185,7.719046692726835e-05
1874,3.843565810864242,7.664863455972162e-05
1875,3.956742557249143,7.621521811636553e-05
1876,4.025920190686651,7.594784979902474e-05
1877,4.038567557605655,7.589877033016329e-05
1878,3.9878767527942705,7.609511337201647e-05
1879,3.9990534850672717,7.605190648252077e-05
1880,4.038743836029074,7.589808583294136e-05
1881,4.043998059545652,7.587767802350384e-05
1882,4.011693101140548,7.600298670375898e-05
1883,3.941808062178184,7.627269717097966e-05
1884,3.837177562223201,7.667294833581556e-05
1885,3.7022563624566875,7.718263572570539e-05
1886,3.5415035849051706,7.778015325188837e-05
1887,3.3582126482708414,7.844802626863011e-05
1888,3.3587852957138336,7.844596253137742e-05
1889,3.436738594248627,7.816368133000482e-05
1890,3.521742197339835,7.785285675517122e-05
1891,3.6316938963945473,7.74462422054117e-05
1892,3.7620755817896785,7.695756535164494e-05
1893,3.903674190855589,7.641907115253292e-05
1894,4.04196508751387,7.588557548687371e-05
1895,4.160601672869428,7.542210721284443e-05
1896,4.239048135277084,7.511278124430332e-05
1897,4.252206469140885,7.506067619182487e-05
1898,4.182382844887962,7.533644712576711e-05
1899,4.119998651069564,7.55813204168893e-05
1900,4.166916449222541,7.539729072919649e-05
1901,4.1755006588810355,7.536353199212696e-05
1902,4.1445510098586205,7.548511845067292e-05
1903,4.0755943057638175,7.575473529180435e-05
1904,3.9718376905872645,7.61570331002821e-05
1905,3.8366458892203084,7.6674971160984e-05
1906,3.672328414957649,7.729469112367123e-05
1907,3.698703350901467,7.719595805105843e-05
1908,3.800980937600317,7.681040629605854e-05
1909,3.9102053558608794,7.639404204700928e-05
1910,4.033868832586951,7.591701134256088e-05
1911,4.161317044099188,7.541929661014347e-05
1912,4.287085165102564,7.492225919564388e-05
1913,4.400637814772906,7.446861779292166e-05
1914,4.483080107125495,7.413643409558714e-05
1915,4.502610634079679,7.405739754630905e-05
1916,4.425091346300049,7.437033286980618e-05
1917,4.255994434772395,7.504566479022876e-05
1918,4.306392943573044,7.484544787124663e-05
1919,4.31585343806651,7.48077629451522e-05
1920,4.2847743562866265,7.493144323965073e-05
1921,4.215334386164871,7.520652540971446e-05
1922,4.110050384872707,7.562023614849756e-05
1923,3.990562772571646,7.608473416358692e-05
1924,4.077311595557525,7.574804242135315e-05
1925,4.185871081972893,7.532271250503427e-05
1926,4.304505579215598,7.485296217464921e-05
1927,4.426592955681077,7.436429074652264e-05
1928,4.546606766054989,7.387887830954917e-05
1929,4.655943372634936,7.343242645317892e-05
1930,4.740513654111884,7.308441341637554e-05
1931,4.769467539936662,7.296473760364464e-05
1932,4.694523282051743,7.32739543977577e-05
1933,4.398610101220443,7.447675832971609e-05
1934,4.448882898306192,7.42745094242406e-05
1935,4.456634229457344,7.424324773630292e-05
1936,4.42325399638347,7.43777248695398e-05
1937,4.3507190053369325,7.466860467677164e-05
1938,4.345451076988205,7.468965809541372e-05
1939,4.429707837551207,7.435175469986115e-05
1940,4.53806642268191,7.39135829082333e-05
1941,4.657806045694511,7.342478642896086e-05
1942,4.7807560690078885,7.291800624072577e-05
1943,4.893613125633249,7.2448613788982e-05
1944,4.986404457019544,7.205974837162763e-05
1945,5.0312862878447095,7.187073386473e-05
1946,4.968705039516621,7.213412262191333e-05
1947,4.539321087253236,7.390848598534218e-05
1948,4.585685919063484,7.371976355599155e-05
1949,4.58875360353524,7.37072515525633e-05
1950,4.576217527301742,7.375836199610363e-05
1951,4.628571294367011,7.354456578336914e-05
1952,4.713810013872549,7.31945505511744e-05
1953,4.822761946138142,7.274376046844014e-05
1954,4.943788922555832,7.223866266732711e-05
1955,5.073330618400764,7.169313124033577e-05
1956,5.185707208534621,7.121593031830297e-05
1957,5.263718619313786,7.088256914427506e-05
1958,5.22958409207727,7.102864127499498e-05
1959,4.669496857982995,7.337680897280884e-05
1960,4.710645302181287,7.320758796704152e-05
1961,4.747898112429066,7.305391644509134e-05
1962,4.808463614064863,7.280313405709061e-05
1963,4.897428225591006,7.243267718983382e-05
1964,5.009369966223151,7.196310641160998e-05
1965,5.134161171904137,7.143526503940974e-05
1966,5.260956057149629,7.089440289011823e-05
1967,5.402350841254571,7.028608381023921e-05
1968,5.466439737302229,7.000862379541377e-05
1969,4.781361238171951,7.291549986933579e-05
1970,4.828356422232908,7.272051208302759e-05
1971,4.8881694361146675,7.2471345677169e-05
1972,4.97315895558496,7.211541576534671e-05
1973,5.081586857468028,7.165819490353512e-05
1974,5.203866281428688,7.113848312347827e-05
1975,5.325514582828714,7.061731750062775e-05
1976,5.443465332928853,7.010820846672693e-05
1977,4.869033586363011,7.255118132696541e-05
1978,4.912586441582371,7.236931366248433e-05
1979,4.978205531238836,7.209421250585558e-05
1980,5.0681449763407125,7.171506420092389e-05
1981,5.17311199191582,7.126959377144745e-05
1982,5.272921644081164,7.084313191258743e-05
1983,4.928880726247669,7.230112310400782e-05
1984,4.962879863557196,7.215857991763943e-05
1985,5.021780929164335,7.191081430530483e-05
1986,5.098696249399722,7.15857335605571e-05
1987,4.959122048238106,7.217435188805417e-05
1988,4.9795804516936135,7.208843443753317e-05
1989,3.9243774175854074,7.63396737285672e-05
1990,3.9602719072389743,7.620162193105757e-05
1991,3.945042397790851,7.626025637625968e-05
1992,3.8837179132877897,7.649544514992637e-05
1993,3.782172800608883,7.688162389645483e-05
1994,3.647979884312661,7.738558389784761e-05
1995,3.4902795250907586,7.796826595253235e-05
1996,3.3211731120130024,7.85812014176467e-05
1997,3.172879543632119,7.910817925399601e-05
1998,3.136724577815589,7.923512430973305e-05
1999,3.1542963053076694,7.917350386498453e-05
2000,4.0212988372519805,7.59657682643575e-05
2001,4.06748257938488,7.57863344595311e-05
2002,4.055104488305641,7.583450533680206e-05
2003,3.993412464109398,7.607371947221636e-05
2004,3.892341292569328,7.646246208416588e-05
2005,3.7617328511690267,7.69588590160562e-05
2006,3.612342717962635,7.751817352493333e-05
2007,3.461590508105373,7.807313024045755e-05
2008,3.3550172164924636,7.845953946432014e-05
2009,3.336227113347631,7.852714871983375e-05
2010,3.359735740386088,7.844253694741416e-05
2011,3.419258318778397,7.82272119766604e-05
2012,3.5204000643948836,7.785778852059621e-05
2013,3.657564080394096,7.734983546497591e-05
2014,3.806094421992268,7.679101939944004e-05
2015,3.9459525858118,7.625675462784826e-05
2016,4.060882037148347,7.58120284960362e-05
2017,4.133576694025343,7.55281461313298e-05
2018,4.145553649394462,7.548118511106897e-05
2019,4.085001020210463,7.571806046760522e-05
2020,4.1423281245994445,7.549383746589317e-05
2021,4.194384822597234,7.528917165262761e-05
2022,4.183406448312907,7.533241724268551e-05
2023,4.12357592261276,7.556731778122591e-05
2024,4.027446152365521,7.594193137006892e-05
2025,3.9066345460083727,7.64077283777435e-05
2026,3.7774272474312727,7.689957062194698e-05
2027,3.6770604129087565,7.727699822206062e-05
2028,3.6590760316633264,7.734419251217845e-05
2029,3.710054298949825,7.715337856636779e-05
2030,3.800153984431506,7.681354056305977e-05
2031,3.914950945644126,7.637584526161469e-05
2032,4.042151103036708,7.588485293968803e-05
2033,4.170119458367759,7.538469757553421e-05
2034,4.283935803905563,7.493477549573982e-05
2035,4.362908738132571,7.461985049968729e-05
2036,4.378087353012993,7.455906879419083e-05
2037,4.303791231352124,7.48558059286711e-05
2038,4.278394242054727,7.495679031460527e-05
2039,4.33346465508307,7.473752554771334e-05
2040,4.324851222985475,7.477189158396758e-05
2041,4.2705457149798285,7.498795105955472e-05
2042,4.185645794967848,7.532359968748173e-05
2043,4.089053797385585,7.570224927376843e-05
2044,4.019668310775499,7.59720883934264e-05
2045,4.0263431926944,7.594620927832512e-05
2046,4.0971789850896085,7.56705317126615e-05
2047,4.19739285738787,7.527731480006926e-05
2048,4.312258129493614,7.482208825537878e-05
2049,4.428426498611418,7.435691193993775e-05
2050,4.535388233327734,7.392446095110447e-05
2051,4.61582544236922,7.359669947929524e-05
2052,4.637909769540256,7.350633510562729e-05
2053,4.560560847577909,7.38221215944779e-05
2054,4.421054728126299,7.438657139271677e-05
2055,4.477707313176315,7.415815397224384e-05
2056,4.4744851115365085,7.417117519386125e-05
2057,4.432821492336726,7.433922023026533e-05
2058,4.376753273308162,7.456441426960725e-05
2059,4.3466411660329225,7.468490273034957e-05
2060,4.37995130408676,7.455159915021859e-05
2061,4.463801969671617,7.421432130050997e-05
2062,4.570396772666635,7.378207577246314e-05
2063,4.681865601892426,7.332600086619086e-05
2064,4.786835157580424,7.289282379853211e-05
2065,4.870817737148313,7.254374253562312e-05
2066,4.903911704592247,7.240558390482982e-05
2067,4.8332657506216075,7.270010284418416e-05
2068,4.561809222345885,7.381704077863529e-05
2069,4.619612032902022,7.358121698640466e-05
2070,4.628448385370659,7.35450687676232e-05
2071,4.6178518094708645,7.358841472238659e-05
2072,4.627092409128757,7.35506175402413e-05
2073,4.683372304231633,7.331980826055855e-05
2074,4.7770819564564695,7.293322047416341e-05
2075,4.887622243913274,7.247363015246365e-05
2076,5.0025128694014525,7.199197840925597e-05
2077,5.0991034855188095,7.158400781268434e-05
2078,5.153995603630605,7.135095607033832e-05
2079,5.101133934944744,7.157540264719588e-05
2080,4.692076636083426,7.328401868776116e-05
2081,4.75157774765701,7.303871346988142e-05
2082,4.784761629686043,7.290141463839995e-05
2083,4.82835406673975,7.27205218735645e-05
2084,4.904741840859919,7.240211398750192e-05
2085,5.008958614357235,7.196483881314178e-05
2086,5.126293679926221,7.146867586693902e-05
2087,5.254785569076375,7.092082732663952e-05
2088,5.355092058410668,7.048999670091961e-05
2089,5.34949764916098,7.05140965479057e-05
2090,4.8041115301037625,7.28211932835739e-05
2091,4.86610404519876,7.256339354746758e-05
2092,4.9303529397107075,7.229495800978333e-05
2093,5.0192715252188576,7.192139105039575e-05
2094,5.131394632457953,7.144701569831707e-05
2095,5.254673762728853,7.092130602880601e-05
2096,5.394419123890919,7.032034862198098e-05
2097,5.509953636166168,6.981964112779796e-05
2098,4.892012257680412,7.245529967484517e-05
2099,4.954805911012452,7.219246195812434e-05
2100,5.038084110590952,7.184205375007544e-05
2101,5.143659672598013,7.139490431100602e-05
2102,5.258097027991366,7.090664766448807e-05
2103,5.357293733090579,7.048050995271404e-05
2104,4.952079142794996,7.220390030790287e-05
2105,5.010291053174603,7.1959227087482e-05
2106,5.0929978753665575,7.160987659021948e-05
2107,5.185509822982649,7.121677164704886e-05
2108,4.982454918881357,7.207635273699702e-05
2109,5.029017970215478,7.188030090580106e-05
2110,4.20623498718094,7.524244234967742e-05
2111,4.272100154252667,7.498178128189982e-05
2112,4.259915797711006,7.503011928289601e-05
2113,4.188445686923907,7.531257236146303e-05
2114,4.080194552069933,7.57368040486042e-05
2115,3.95421652956986,7.622494622380978e-05
2116,3.8292584594803385,7.670306605074562e-05
2117,3.728065044211578,7.708570891709211e-05
2118,3.6716640656195465,7.729717438157651e-05
2119,4.342425223210142,7.470174656323174e-05
2120,4.410770810520659,7.44279159820772e-05
2121,4.400669820831961,7.446848928865662e-05
2122,4.336843280567145,7.47240382515734e-05
2123,4.244187361389532,7.509243813673874e-05
2124,4.145167369206733,7.548270052649893e-05
2125,4.065458443635538,7.579421559455816e-05
2126,4.031455623480628,7.592637644571193e-05
2127,4.0527616750221975,7.584361616317925e-05
2128,4.122574885767195,7.557123665450356e-05
2129,4.2197733496263075,7.518899306681228e-05
2130,4.327310967405608,7.476208033729557e-05
2131,4.42802894070442,7.435851194851821e-05
2132,4.500883548299223,7.406439199662246e-05
2133,4.515656128680378,7.400453238781994e-05
2134,4.439904791304392,7.431069287602329e-05
2135,4.485092325352698,7.412829702711092e-05
2136,4.55475497711308,7.384574429197111e-05
2137,4.551304560017276,7.385977784953198e-05
2138,4.503281012207026,7.405468233721212e-05
2139,4.439428247982236,7.431261265638328e-05
2140,4.389719637662704,7.451243336411592e-05
2141,4.382090645733209,7.454302439665295e-05
2142,4.423955960400821,7.437490087634263e-05
2143,4.500036501818847,7.406782204240929e-05
2144,4.592564339464458,7.369170453972369e-05
2145,4.684604332195404,7.331474402927097e-05
2146,4.756799812325787,7.301713029974278e-05
2147,4.777416194569358,7.29318365951071e-05
2148,4.701632793838536,7.324469838841026e-05
2149,4.625820718161618,7.355582085927784e-05
2150,4.696665711304087,7.326513991237944e-05
2151,4.706401830328,7.322506439734254e-05
2152,4.686846723484406,7.330552545066093e-05
2153,4.672374489171007,7.336499273729517e-05
2154,4.691670275316526,7.328569006689137e-05
2155,4.751061351937105,7.30408472982985e-05
2156,4.836312089232396,7.268743471532196e-05
2157,4.925391368711938,7.231573263688539e-05
2158,5.002205456854223,7.199327245169022e-05
2159,5.035395592080969,7.185339827321678e-05
2160,4.9693554421070605,7.213139124199515e-05
2161,4.756196987514036,7.30196222618575e-05
2162,4.8287601919573335,7.271883380068349e-05
2163,4.8607656414496825,7.258564064476461e-05
2164,4.886211314652622,7.247952022351953e-05
2165,4.9339956939636895,7.227970065607689e-05
2166,5.011440974694782,7.195438363258456e-05
2167,5.112117182553427,7.152883442492106e-05
2168,5.204384235275485,7.113627273502668e-05
2169,5.26645101525003,7.087086256678733e-05
2170,5.224512245801531,7.105031786566659e-05
2171,4.868588396564645,7.255303733644918e-05
2172,4.943631701345298,7.223932172323986e-05
2173,5.0056891978120115,7.19786061233011e-05
2174,5.081276868202269,7.165950698263026e-05
2175,5.178348211825234,7.124728963356329e-05
2176,5.288336035868931,7.07770257728095e-05
2177,5.412987794763428,7.024010671264616e-05
2178,5.455596350282885,7.005564228113944e-05
2179,4.95704783597747,7.218305577001696e-05
2180,5.033809931382945,7.186008816097046e-05
2181,5.121547015847107,7.148882494224195e-05
2182,5.22758050800573,7.103720525395728e-05
2183,5.341017953370515,7.055060991181007e-05
2184,5.453836005893971,7.006327255307829e-05
2185,5.017687233253344,7.192806763552426e-05
2186,5.091667882760665,7.161551019088975e-05
2187,5.1853009719085765,7.121766183410786e-05
2188,5.2821462582165735,7.080357900348362e-05
2189,5.048423106947746,7.179840736474676e-05
2190,5.111529614334521,7.153132655189256e-05
2191,4.5821902016962275,7.373401753095447e-05
2192,4.658211112531724,7.342312483822212e-05
2193,4.648500232298686,7.346294423612731e-05
2194,4.589216588447793,7.370536292807274e-05
2195,4.511829569566718,7.402004501092393e-05
2196,4.440929257349129,7.430656549370573e-05
2197,4.398267940374487,7.447813184020289e-05
2198,4.722412290800182,7.315909612157699e-05
2199,4.798712817772099,7.284358728069693e-05
2200,4.800171708374851,7.283753666928622e-05
2201,4.764409463746599,7.298566351534154e-05
2202,4.725619963185234,7.31458695535007e-05
2203,4.710434846825388,7.32084548490428e-05
2204,4.731724147309197,7.312069033582327e-05
2205,4.7808759779335634,7.291750963457298e-05
2206,4.845057952566589,7.265104918827786e-05
2207,4.900864361713767,7.241831980040496e-05
2208,4.9146438614049615,7.236070794600356e-05
2209,4.8403922362830825,7.267046298910614e-05
2210,4.852487353056602,7.262012188341428e-05
2211,4.929879038360608,7.229694260792548e-05
2212,4.950733288807475,7.220954512109168e-05
2213,4.952379183285262,7.220264179644713e-05
2214,4.9672077480092,7.214041004822392e-05
2215,5.009961032667706,7.196061705736607e-05
2216,5.0712649193380335,7.170186916593253e-05
2217,5.130924353474358,7.144901295424632e-05
2218,5.158300025460899,7.133264479470263e-05
2219,5.095936233714656,7.159742844167454e-05
2220,4.965021501809472,7.21495893250139e-05
2221,5.044844780207278,7.181351692524305e-05
2222,5.094403009795731,7.160392414791662e-05
2223,5.144867512193533,7.138977015800679e-05
2224,5.213189983840116,7.109868242424468e-05
2225,5.298898116526359,7.073169203650157e-05
2226,5.363131523670793,7.045534941206451e-05
2227,5.3329676385179186,7.05852566540474e-05
2228,5.05403839891752,7.177468912036514e-05
2229,5.13666815510293,7.142461494086013e-05
2230,5.217068228521545,7.108211998785877e-05
2231,5.3101739529908745,7.068326151560079e-05
2232,5.424734336746786,7.018929939908681e-05
2233,5.534014923969862,6.971493759379102e-05
2234,5.115370101097251,7.151503561996235e-05
2235,5.197142354322523,7.116717095551487e-05
2236,5.2911381050646105,7.076500189370163e-05
2237,5.38394491745222,7.036557171397424e-05
2238,5.146572994282014,7.13825199747468e-05
2239,5.218307560105654,7.107682641640221e-05
2240,4.969279393100603,7.213171061801035e-05
2241,5.04310338321434,7.182086865373945e-05
2242,5.0436664940931415,7.181849144225336e-05
2243,5.01625508227258,7.193410242391269e-05
2244,4.9953835619228375,7.202198175738491e-05
2245,5.081293418724801,7.165943693060324e-05
2246,5.156877780283792,7.133869569345846e-05
2247,5.182334186896093,7.123030585633908e-05
2248,5.197132606082258,7.116721253750457e-05
2249,5.225719025425129,7.104516084917765e-05
2250,5.255789055316514,7.091653071737777e-05
2251,5.267848949509578,7.086487251969165e-05
2252,5.206535503993369,7.112709131088722e-05
2253,5.170480263072632,7.12808009370892e-05
2254,5.250095751959836,7.094090397194821e-05
2255,5.310061925417981,7.068374285051062e-05
2256,5.373918288136034,7.040883539696598e-05
2257,5.439564171527167,7.01251049728305e-05
2258,5.420738377886348,7.020658713091208e-05
2259,5.232339987240861,7.101685985750323e-05
2260,5.314289691861483,7.066557559305822e-05
2261,5.4006511173919325,7.02934279551491e-05
2262,5.494506749713671,6.988678235199824e-05
2263,5.263966571574278,7.08815069108203e-05
2264,5.337710759807998,7.056484541951838e-05
2265,5.295278888557064,7.074722960314103e-05
2266,5.360458333373381,7.046687182699078e-05
2267,5.377444356350938,7.039362385531378e-05
2268,5.357315325641708,7.048041690668149e-05
2269,5.430730879608086,7.016334878638847e-05
2270,5.4933112669079325,6.9891976116585e-05
2271,5.48262113654949,6.993840324636525e-05
2272,5.389215231533545,7.034282036919785e-05
2273,5.46056805945153,7.003408796158902e-05
2274,5.514639940733113,6.979925985465694e-05
2275,3.8168031925776456,7.675038504990825e-05
2276,5.636534372069532,6.926722360573277e-05
2277,5.634529455871118,6.92760037135967e-05
2278,5.63912938068425,6.925585788589654e-05
2279,5.6583426386255775,6.917165698742156e-05
2280,5.697250792380116,6.900087713821907e-05
2281,5.7553486682429975,6.874521169847888e-05
2282,5.8264615287039865,6.843122705110721e-05
2283,5.901039594938092,6.810074075260829e-05
2284,5.969367805711923,6.779690285556448e-05
2285,6.024119905670984,6.755273250051147e-05
2286,6.061365865890013,6.738628356513854e-05
2287,6.079954545721967,6.730310868984528e-05
2288,5.590799044214146,6.946727130443258e-05
2289,5.572185934098427,6.954854041002925e-05
2290,5.579692846228824,6.951577369124632e-05
2291,5.603399992002449,6.941220479402637e-05
2292,5.6462879360667575,6.922449623418783e-05
2293,5.708387684987762,6.895192861168608e-05
2294,5.784372128651148,6.861720173372811e-05
2295,5.865138225016336,6.825998578531098e-05
2296,5.9408132523717585,6.792399735386212e-05
2297,6.003451723268085,6.764497577357333e-05
2298,6.048388984576831,6.744430773212571e-05
2299,6.07398036572172,6.732984757286086e-05
2300,6.080228438646633,6.730188264689966e-05
2301,6.067416862023544,6.735921596700967e-05
2302,6.035072681474263,6.75038144788743e-05
2303,5.983546840014508,6.77337297573003e-05
2304,5.915424804920156,6.803685558827798e-05
2305,5.836704354094869,6.838590889597258e-05
2306,5.756598526335043,6.873970305392945e-05
2307,5.685734719486751,6.905146178170342e-05
2308,5.633219117309149,6.928174154553453e-05
2309,5.603820301108562,6.941036736733663e-05
2310,5.597271891665188,6.94389895853433e-05
2311,5.611697625678863,6.937592288727129e-05
2312,5.463688333491132,7.00205571191195e-05
2313,5.429587984778644,7.016829548947816e-05
2314,5.4589405425950215,7.00411445842872e-05
2315,5.522874138432309,6.976343507821471e-05
2316,5.6078183353494575,6.939288739128139e-05
2317,5.704439432821516,6.896928515176595e-05
2318,5.803015586431416,6.853487325022748e-05
2319,5.893997614185202,6.813199825615958e-05
2320,5.969783252634524,6.779505247141945e-05
2321,6.025830835633166,6.754509263011467e-05
2322,6.06047856434988,6.73902520710134e-05
2323,6.073650983426145,6.733132159733405e-05
2324,6.06601681736945,6.736547935960033e-05
2325,6.036747911391162,6.749633031809896e-05
2326,5.98511139199243,6.77267565225016e-05
2327,5.9122284723248,6.805105441861924e-05
2328,5.822712659484248,6.844780767537347e-05
2329,5.725785357450978,6.887540527276143e-05
2330,5.635134817612664,6.927335276076671e-05
2331,5.567091024679885,6.957077117966094e-05
2332,5.536327141307048,6.970486830026987e-05
2333,5.549391105838891,6.964795215873503e-05
2334,5.297539565157479,7.073752479554672e-05
2335,5.274357646611551,7.083697620399792e-05
2336,5.3454181896596475,7.053166498795251e-05
2337,5.460152981768397,7.003588772862752e-05
2338,5.588103344633132,6.947904658061231e-05
2339,5.713429355486292,6.89297601332233e-05
2340,5.826075872403634,6.843293288831121e-05
2341,5.9193434431261425,6.801944514497992e-05
2342,5.989542443861645,6.770700450825199e-05
2343,6.03544358888604,6.750215748304064e-05
2344,6.057008614167911,6.740577011035367e-05
2345,6.053917220384282,6.741959317484727e-05
2346,6.026691066509029,6.754125118955633e-05
2347,5.972964751989184,6.778088101044928e-05
2348,5.89277009348942,6.813744580802715e-05
2349,5.790042058512884,6.859217189236121e-05
2350,5.675601453175594,6.909594669829972e-05
2351,5.5697461397504116,6.955918683156117e-05
2352,5.500856918943028,6.985918805880088e-05
2353,5.491194275390143,6.990117248292816e-05
2354,5.148916596973976,7.13725557267108e-05
2355,5.166094869573492,7.129947171270173e-05
2356,5.2909183216374975,7.076594507697578e-05
2357,5.448728847911008,7.008540521067295e-05
2358,5.603050728071383,6.94137316065142e-05
2359,5.739469502641118,6.8815166721832e-05
2360,5.851698212368053,6.831952870224798e-05
2361,5.937188679979475,6.79401178598737e-05
2362,5.99540671941594,6.768085748815214e-05
2363,6.026372595876352,6.75426733671014e-05
2364,6.027120275559559,6.753933446079598e-05
2365,6.001203844316646,6.765500292812918e-05
2366,5.944409873972935,6.790799842612721e-05
2367,5.856413168007854,6.829864465633874e-05
2368,5.742020484223928,6.880393236633259e-05
2369,5.617024288567789,6.935262296941399e-05
2370,5.514248782446377,6.980096125709862e-05
2371,5.47315360422444,6.9979496478168e-05
2372,5.0756661201061215,7.168325055403464e-05
2373,5.148348251489096,7.137497229286509e-05
2374,5.313756833154264,7.06678656203206e-05
2375,5.4892779352837575,6.99094962289964e-05
2376,5.645322920759463,6.922872468144016e-05
2377,5.773475606162504,6.866528396341899e-05
2378,5.87191912163438,6.822992962785298e-05
2379,5.940836143627223,6.79238955348162e-05
2380,5.98029144820287,6.774823747307509e-05
2381,5.988874085410526,6.770998406585076e-05
2382,5.957487086562242,6.784980389682447e-05
2383,5.896920236884077,6.811902679360453e-05
2384,5.802144946822275,6.853871968079804e-05
2385,5.682008432761887,6.906782293937136e-05
2386,5.565154271360498,6.957922020198736e-05
2387,5.502223160678759,6.98532498071855e-05
2388,5.114638408528077,7.151813970746233e-05
2389,5.229715527003924,7.102807943998534e-05
2390,5.402297610292305,7.028631382132004e-05
2391,5.5656870107015095,6.957689623607423e-05
2392,5.701169744121339,6.898365597687323e-05
2393,5.805615224863428,6.852338720457512e-05
2394,5.879541406774575,6.819613212348146e-05
2395,5.923063796554727,6.80029126565435e-05
2396,5.9341817911044314,6.795348907822645e-05
2397,5.895864581245142,6.812371231675198e-05
2398,5.829537336444037,6.841762094262564e-05
2399,5.729722483095153,6.885807819077953e-05
2400,5.618241677459895,6.93472969003508e-05
2401,5.5525280911475186,6.963427887897152e-05
2402,5.256805289867596,7.0912179242636e-05
2403,5.384074140125165,7.036501396153235e-05
2404,5.532811005952142,6.972017991571552e-05
2405,5.661765176550001,6.915664872943335e-05
2406,5.761008743230657,6.872026255081927e-05
2407,5.829937405816038,6.841585104652121e-05
2408,5.868673583105268,6.824431664457779e-05
2409,5.874948955877571,6.821649673446384e-05
2410,5.8235362194696725,6.844416547354529e-05
2411,5.744625868149387,6.879245688682763e-05
2412,5.6405310296201705,6.924971822028918e-05
2413,5.581865249131601,6.95062888577749e-05
2414,5.4548225484988695,7.005899644865246e-05
2415,5.5708717933248675,6.955427504868915e-05
2416,5.68128161988327,6.907101380619634e-05
2417,5.765570707998312,6.870014847935223e-05
2418,5.819688013692202,6.846118290958154e-05
2419,5.84348512179741,6.835589547650499e-05
2420,5.835226637053898,6.839244830759144e-05
2421,5.789575004008436,6.859423397247371e-05
2422,5.658107991718329,6.917268584187901e-05
2423,5.551622639577675,6.96382257496446e-05
2424,5.659545506220675,6.916638257840022e-05
2425,5.75302466070763,6.875545361960951e-05
2426,5.823725123654728,6.844333002180746e-05
2427,5.86318983428751,6.826862012936301e-05
2428,5.87066373927426,6.823549483295366e-05
2429,5.846485502826831,6.834261179365655e-05
2430,5.790346537834513,6.859082756728496e-05
2431,5.6735842693141665,6.910479922922899e-05
2432,5.8375792176762,6.838203709370473e-05
2433,5.902893215264504,6.809251125041075e-05
2434,5.935954724649343,6.794560531917646e-05
2435,5.934712009431144,6.795113140936614e-05
2436,5.901999062104071,6.809648110638998e-05
2437,5.845413704102018,6.834735722933884e-05
2438,5.967880571205354,6.780352664498785e-05
2439,6.001037852077199,6.765574333169675e-05
2440,5.997775790081896,6.767029251832546e-05
2441,5.961232790190162,6.783312865390822e-05
2442,6.03669693247134,6.749655807693428e-05
2443,6.0351878603150295,6.750329993062983e-05
2444,5.527701570461942,6.97424243496437e-05
2445,5.520919039322632,6.97719427217807e-05
2446,5.549449716238234,6.964769671396918e-05
2447,5.607833747914148,6.939281999787021e-05
2448,5.688119844111816,6.904098760949865e-05
2449,5.779385470058698,6.863920929725485e-05
2450,5.869880357954219,6.823896744827737e-05
2451,5.949563778945783,6.788506746218181e-05
2452,6.011742758380558,6.76079828681341e-05
2453,6.053330828320404,6.742221499195765e-05
2454,6.07378979836751,6.73307003867812e-05
2455,5.384119023410666,7.036482023473535e-05
2456,5.405981924675576,7.027039214947239e-05
2457,5.4775455055692035,6.996043653336375e-05
2458,5.578409196359262,6.9521377637004e-05
2459,5.691029420880006,6.902820852408284e-05
2460,5.801094990521852,6.854335809569136e-05
2461,5.897892874121597,6.811470953550045e-05
2462,5.974650309470339,6.777337212278687e-05
2463,6.0282669726005915,6.75342134464542e-05
2464,6.058158472026113,6.740062807223076e-05
2465,6.064547309540442,6.737205309109796e-05
2466,6.04844877908895,6.744404044723868e-05
2467,6.008081320928807,6.762432118564708e-05
2468,5.943037531828235,6.791410336575044e-05
2469,5.85514386595641,6.830426727915573e-05
2470,5.750603729403468,6.876612137399633e-05
2471,5.641599298288346,6.924503855079486e-05
2472,5.546724243542016,6.965957438560312e-05
2473,5.487957916918149,6.991522927365735e-05
2474,5.4806092111673825,6.994713778505274e-05
2475,5.2537029143928935,7.092546260041784e-05
2476,5.3214504690469955,7.06347938558741e-05
2477,5.440707895553863,7.012015174061451e-05
2478,5.5776126895310645,6.952485469195354e-05
2479,5.710684020253175,6.894183224184776e-05
2480,5.827371786753111,6.842720066185627e-05
2481,5.920899351399106,6.801253136507798e-05
2482,5.9884106055260995,6.771205021596462e-05
2483,6.029326503662391,6.752948146863838e-05
2484,6.043580565196699,6.746579929372751e-05
2485,6.030241778275322,6.752539357260168e-05
2486,5.989892753440687,6.770544278320354e-05
2487,5.920323401491045,6.801509069603645e-05
2488,5.8229458039688335,6.844677660693848e-05
2489,5.705156128220401,6.896613482384607e-05
2490,5.584796805197432,6.949348769264212e-05
2491,5.492588673226856,6.989511524366504e-05
2492,5.459530701856402,7.003858583721322e-05
2493,5.190630058727287,7.119494381466917e-05
2494,5.305278423335739,7.070429237484529e-05
2495,5.456974414047789,7.004966846425222e-05
2496,5.608954628431861,6.938791865046937e-05
2497,5.743291275965639,6.879833532618216e-05
2498,5.852236510991227,6.831714465149425e-05
2499,5.932996424186876,6.795875971610146e-05
2500,5.984886698635322,6.77277580156984e-05
2501,6.0073237815968765,6.762770118793787e-05
2502,5.995265587178604,6.76814868368949e-05
2503,5.954100490598618,6.78648779286861e-05
2504,5.8795893983561145,6.819591928710924e-05
2505,5.774130999851959,6.866239271728068e-05
2506,5.6496909966092455,6.920958313448752e-05
2507,5.536661118405829,6.970341377989092e-05
2508,5.479531143329361,6.99518176682935e-05
2509,5.2195411637033615,7.107155688773799e-05
2510,5.360740484848043,7.046565574150603e-05
2511,5.517545089810786,6.978662226870896e-05
2512,5.660589282534659,6.916180548499543e-05
2513,5.778530241422698,6.864298310449936e-05
2514,5.867806791862653,6.824815862123389e-05
2515,5.92734458546752,6.79838860730857e-05
2516,5.955843321577594,6.785712073670815e-05
2517,5.942541385391739,6.791631040300449e-05
2518,5.898940344421809,6.811005988780905e-05
2519,5.819427695092634,6.846233396512865e-05
2520,5.710137052460252,6.894423722353386e-05
2521,5.596031684728892,6.94444091919013e-05
2522,5.529465128189157,6.973474726066468e-05
2523,5.330066826412445,7.059773685707689e-05
2524,5.469096197232023,6.999710042989834e-05
2525,5.605302980600659,6.940388533219056e-05
2526,5.720372142920899,6.889922270353052e-05
2527,5.808457006400508,6.851082956599881e-05
2528,5.8676934194304895,6.824866112258143e-05
2529,5.896026063033502,6.812299559601356e-05
2530,5.889465374786269,6.815211004033918e-05
2531,5.825976080662765,6.843337428236186e-05
2532,5.739595825511,6.881461043932873e-05
2533,5.635951016681969,6.926977838683539e-05
2534,5.575884371891349,6.953239892158539e-05
2535,5.491010314557621,6.99019715688407e-05
2536,5.606669040899754,6.939791266652593e-05
2537,5.706381382549795,6.896074878217696e-05
2538,5.781300014897326,6.863076052152023e-05
2539,5.828763838645964,6.842104277568581e-05
2540,5.846479187558689,6.834263975552066e-05
2541,5.829872500838696,6.841613818679292e-05
2542,5.745554518143734,6.878836624858772e-05
2543,5.641745744709232,6.924439700476797e-05
2544,5.579151195802551,6.9518138387975e-05
2545,5.6673993283805295,6.913193622987738e-05
2546,5.750686733480939,6.876575564140594e-05
2547,5.808662125291165,6.85099230899158e-05
2548,5.838125058652126,6.837962133072475e-05
2549,5.837745883141056,6.838129947875986e-05
2550,5.804496604345906,6.85283298178267e-05
2551,5.7020645593663355,6.897972336265758e-05
2552,5.5705829589341445,6.955553540551581e-05
2553,5.8287266123047745,6.842120745585032e-05
2554,5.877698628082886,6.820430422840603e-05
2555,5.895221044598947,6.812656853403528e-05
2556,5.881463350726507,6.81876081645573e-05
2557,5.838365264841537,6.837855821418714e-05
2558,5.77323501481813,6.866634529925949e-05
2559,5.950904570214564,6.787910104525566e-05
2560,5.965058690402358,6.781609336710166e-05
2561,5.945638757035031,6.79025313361015e-05
2562,5.898378502007904,6.811255389641536e-05
2563,6.0166413247120065,6.758611987502846e-05
2564,5.996227729739176,6.767719628873159e-05
2565,5.394272311413664,7.032098269316525e-05
2566,5.439944255812963,7.012345894372624e-05
2567,5.535863508633876,6.970688744421161e-05
2568,5.6568852106567515,6.91780471491851e-05
2569,5.778063301509809,6.864504346771013e-05
2570,5.88313288448799,6.818020301482177e-05
2571,5.9638672389913285,6.782139877681552e-05
2572,6.017442017315208,6.758254580641889e-05
2573,6.043765297930695,6.746497370378294e-05
2574,5.348652128976507,7.051773819514854e-05
2575,5.432275452866002,7.015666299407924e-05
2576,5.555013881274089,6.962344225960088e-05
2577,5.687418957573428,6.904406566090087e-05
2578,5.807293415062268,6.851597161452393e-05
2579,5.903098572887576,6.809159948065715e-05
2580,5.970294997846992,6.779277312919286e-05
2581,6.007697897572305,6.762603196536246e-05
2582,6.0137949197238285,6.759882437723022e-05
2583,5.990416083541462,6.770310966338886e-05
2584,5.935711055248371,6.794668889085476e-05
2585,5.85000512685809,6.832702673204889e-05
2586,5.737593100876152,6.882342931907053e-05
2587,5.611844331522306,6.93752812574129e-05
2588,5.5007610233151665,6.985960484322154e-05
2589,5.439950520151523,7.012343181447538e-05
2590,5.366387782876872,7.044131120855013e-05
2591,5.471834629915258,6.998521959734145e-05
2592,5.6003838132533765,6.942538909021489e-05
2593,5.725624628465498,6.887611255658972e-05
2594,5.830898079376485,6.84116009081876e-05
2595,5.908593693326018,6.806719827897182e-05
2596,5.9555686344697625,6.785834338777546e-05
2597,5.969813929749805,6.779491583534019e-05
2598,5.944799224259517,6.790626630781674e-05
2599,5.888367121326815,6.815698286758191e-05
2600,5.798502133681965,6.85548115593818e-05
2601,5.68408612255803,6.905870074468537e-05
2602,5.571041033916703,6.955353654147903e-05
2603,5.503517984816876,6.984762153270766e-05
2604,5.4403403192550455,7.012174367423339e-05
2605,5.546074211782594,6.966240696738038e-05
2606,5.659707175811867,6.916567365333615e-05
2607,5.762148404031655,6.871523813740435e-05
2608,5.841793567358,6.836338367780148e-05
2609,5.892549592273514,6.813842432486183e-05
2610,5.910178796981741,6.806015839242706e-05
2611,5.8809499694012235,6.818988512564416e-05
2612,5.821176694917204,6.845460009149244e-05
2613,5.729246059139205,6.886017509746295e-05
2614,5.626877937150977,6.930950308241633e-05
2615,5.564956518160607,6.958008284194563e-05
2616,5.550830230989262,6.964167969894838e-05
2617,5.639543186719387,6.925404533339527e-05
2618,5.723361029780331,6.888607283194506e-05
2619,5.790946626772793,6.858817801732147e-05
2620,5.834115380635594,6.839736568639721e-05
2621,5.846346832716464,6.834322577582866e-05
2622,5.805834836403203,6.852241682043332e-05
2623,5.736273260764079,6.882924065367357e-05
2624,5.644653429125148,6.923165809012232e-05
2625,5.5951973101650845,6.944805513284136e-05
2626,5.6781617676042675,6.908470922729659e-05
2627,5.7398508983636445,6.88134871749915e-05
2628,5.785390473596775,6.86127067944741e-05
2629,5.8088763128304794,6.850897652699871e-05
2630,5.8040558947591885,6.853027701185903e-05
2631,5.763306350144065,6.87101328072745e-05
2632,5.647294847321271,6.922008397332271e-05
2633,5.563713042181781,6.958550691864746e-05
2634,5.8031589898097895,6.853423968694488e-05
2635,5.833357655092379,6.840071851288623e-05
2636,5.838450280637488,6.837818194399138e-05
2637,5.815852508479192,6.847814091101322e-05
2638,5.762829198850027,6.871223658187749e-05
2639,5.656351962019922,6.918038507716137e-05
2640,5.904377459249693,6.808592113469426e-05
2641,5.901624611903261,6.809814353732644e-05
2642,5.87064086075119,6.823559625200433e-05
2643,5.816908374202652,6.847347291525574e-05
2644,5.961325213057165,6.783271716581142e-05
2645,5.9270398817374215,6.798524050115594e-05
2646,5.457927123494885,7.004553824682464e-05
2647,5.535879376381702,6.97068183402429e-05
2648,5.650696399074899,6.920517667119877e-05
2649,5.768317423104786,6.868803571119456e-05
2650,5.865833550681012,6.825690423147651e-05
2651,5.933455285394853,6.795671946216374e-05
2652,5.967969292128381,6.78031315159619e-05
2653,5.511925882629413,6.981106427358533e-05
2654,5.590681062654833,6.946778670504328e-05
2655,5.692755752266031,6.902062540717772e-05
2656,5.78992477564377,6.859268970949526e-05
2657,5.8638636008235965,6.82656344089997e-05
2658,5.906083985394599,6.8078343492726e-05
2659,5.909449902356468,6.806339568297437e-05
2660,5.876785535484225,6.820835321520984e-05
2661,5.809051305281959,6.850820317205907e-05
2662,5.713924734795961,6.892758160729629e-05
2663,5.613455842166188,6.936823284357902e-05
2664,5.547473449521127,6.965630951206573e-05
2665,5.588941850859262,6.947538403175195e-05
2666,5.654345802821403,6.918918009909767e-05
2667,5.7302905596081795,6.885557782113616e-05
2668,5.796054467530462,6.856562228880853e-05
2669,5.83660982401642,6.838632723884108e-05
2670,5.8431207747523874,6.835750842719632e-05
2671,5.801723988363995,6.854057938778606e-05
2672,5.733412184873248,6.884183676676253e-05
2673,5.651319840817978,6.920244413909157e-05
2674,5.603034554746067,6.941380230773177e-05
2675,5.676601664007005,6.909155685849994e-05
2676,5.719112098912497,6.890476575952078e-05
2677,5.758670884440591,6.873056852538976e-05
2678,5.7816199449808305,6.862934860791482e-05
2679,5.775710202042393,6.865542572344434e-05
2680,5.717183890622004,6.891324742389142e-05
2681,5.640943490796039,6.924791142059313e-05
2682,5.605360610605552,6.940363337238107e-05
2683,5.764321411723216,6.870565719774956e-05
2684,5.778334676603274,6.864384603642313e-05
2685,5.775759102398657,6.865520997988955e-05
2686,5.747605581317898,6.877933075951904e-05
2687,5.665678546727369,6.913948471308608e-05
2688,5.542227739202455,6.96791662356414e-05
2689,5.838482843738846,6.837803782300513e-05
2690,5.8222923535612345,6.844966642435481e-05
2691,5.782782263079527,6.862421887812508e-05
2692,5.722601558307391,6.888941438935781e-05
2693,5.882106640682538,6.818475494920029e-05
2694,5.839326003655511,6.837430600139109e-05
2695,5.602998730559927,6.941395891188557e-05
2696,5.65588855216367,6.918241675541188e-05
2697,5.732346742796862,6.884652697882117e-05
2698,5.79917782917596,6.855182694496597e-05
2699,5.836973240005025,6.838471893059267e-05
2700,5.661555037912438,6.915757029364061e-05
2701,5.69232461744069,6.902251928371715e-05
2702,5.733830580936945,6.883999486246072e-05
2703,5.761426219378783,6.871842206135855e-05
2704,5.754382631160968,6.874946918177842e-05
2705,5.716710044976134,6.891533161040224e-05
2706,5.663856098488112,6.914747840993223e-05
2707,5.637305509599802,6.926384631556416e-05
2708,5.716990464845016,6.891409820383279e-05
2709,5.719281519349417,6.89040204839317e-05
2710,5.715623187010606,6.892011190469349e-05
2711,5.689903945559085,6.903315193346664e-05
2712,5.623976405665161,6.932220270270239e-05
2713,5.60374854132782,6.94106810760024e-05
2714,5.762701788951884,6.871279832725023e-05
2715,5.735340407487684,6.883334782080503e-05
2716,5.687900114797383,6.904195259707836e-05
2717,5.6038411551807545,6.94102762003922e-05
2718,5.78982160663501,6.859314520978354e-05
2719,5.7410316450132015,6.88082873264504e-05
2720,5.66383632826108,6.914756512260329e-05
2721,5.661150580638658,6.915934401392566e-05
2722,5.673405138834167,6.910558530762287e-05
2723,5.681058592878417,6.90719929184424e-05
2724,5.645391594525857,6.922842377810551e-05
2725,5.598192821053247,6.943496495498404e-05
2726,5.5923621669806804,6.94604425072848e-05
2727,5.689515634554281,6.903485743762687e-05
2728,5.633996169037103,6.92783389689907e-05
2729,5.580774784715063,6.951105003092632e-05
