Mode_Index,Frequency_THz,Cv_Anharmonic_eV_K
0,0.0,0.0
1,0.23565958723325597,8.613636609892781e-05
2,0.4648415799009826,8.603070527489994e-05
3,0.681618812373122,8.587045396440103e-05
4,0.8813261585126962,8.56740830721763e-05
5,1.0615517133289858,8.54608378001867e-05
6,1.223260785292691,8.524295018097682e-05
7,1.3714152393617622,8.502343444882079e-05
8,1.514125348989661,8.479578260719758e-05
9,1.659914218681805,8.45484832817177e-05
10,1.8140230874578958,8.427264346166096e-05
11,1.9744659982929598,8.397155939234368e-05
12,2.1169450668280003,8.369371057546289e-05
13,0.20201876467809868,8.614614423138711e-05
14,0.36238798741113115,8.608626953604027e-05
15,0.5611098541008274,8.596654780470121e-05
16,0.7548382942932741,8.580379997286954e-05
17,0.9326187975554665,8.561675022103384e-05
18,1.0911812566097279,8.542271576302739e-05
19,1.2322191757026768,8.523019672726966e-05
20,1.3617699464033084,8.503826612134566e-05
21,1.4887083289285914,8.483741816455074e-05
22,1.622031035493174,8.461408569416872e-05
23,1.7679269282901806,8.43566016934626e-05
24,1.9274118521002366,8.406122437283068e-05
25,2.0296813537279776,8.386498362312979e-05
26,1.8700322424955287,8.41690572592079e-05
27,1.716217332899329,8.444933327706693e-05
28,1.5750141326712186,8.469421573481971e-05
29,1.4435917520426476,8.491018079883006e-05
30,1.314493720177643,8.510989772933553e-05
31,1.178534374521568,8.530557870320875e-05
32,1.0277435064060942,8.550330902936474e-05
33,0.8576176226797991,8.56996473933586e-05
34,0.6684011948845685,8.588182983673904e-05
35,0.46757695123888693,8.602904050770934e-05
36,0.28736208590519513,8.611844686903604e-05
37,0.378241125450237,8.607854335603417e-05
38,0.49576023365738503,8.601134557980945e-05
39,0.6515886824668156,8.589600544335779e-05
40,0.8109718437203431,8.57481808315985e-05
41,0.9599766658334531,8.558505803160092e-05
42,1.0944611539854192,8.541844476551644e-05
43,1.2166370056386924,8.525233544690566e-05
44,1.3334327909168147,8.508141621151357e-05
45,1.454263998478445,8.489310292514631e-05
46,1.5879742661097394,8.46722732930085e-05
47,1.739953978041655,8.440696034152029e-05
48,1.9105111998341542,8.409316082714851e-05
49,1.7791170820995326,8.433633039348419e-05
50,1.6205879028213364,8.461656666117025e-05
51,1.4810120340342257,8.484993479451179e-05
52,1.3564188685094922,8.504646307403315e-05
53,1.238020575823464,8.522190087423174e-05
54,1.1160301716690362,8.5390107670155e-05
55,0.9831291816177281,8.555764373307574e-05
56,0.83725190501526,8.572112697551986e-05
57,0.6846660438431412,8.5867802576598e-05
58,0.5465283234725152,8.59769961636545e-05
59,0.5085323645236036,8.600300238061908e-05
60,0.5891744417867115,8.594571398413643e-05
61,0.7056896201888937,8.584921787313438e-05
62,0.8326917055942339,8.572587527704015e-05
63,0.9570482731312714,8.558848686465079e-05
64,1.0748378412909625,8.544384658825949e-05
65,1.188803683454136,8.529135456072367e-05
66,1.3060086869670067,8.512256374467918e-05
67,1.434751405103249,8.492426351171149e-05
68,1.5811644214357157,8.468381678476839e-05
69,1.7468840283061675,8.439452676016116e-05
70,1.6973286666897889,8.448281174250577e-05
71,1.524837226438682,8.477809936973439e-05
72,1.3777890561508739,8.501359353929232e-05
73,1.2546975009620982,8.519789335543309e-05
74,1.147491241864455,8.53480038401992e-05
75,1.0464221910640008,8.547998066608828e-05
76,0.9448198289196699,8.560271071998998e-05
77,0.8427048462106836,8.571541958520319e-05
78,0.7494519610330839,8.580891089528275e-05
79,0.5827844383032678,8.595054107949919e-05
80,0.6314388354051137,8.591255802296871e-05
81,0.717960082737866,8.583813619822712e-05
82,0.8233296283795473,8.573555282965813e-05
83,0.9356301500900447,8.561329932395291e-05
84,1.0509615701536816,8.5474260267716e-05
85,1.1714838878918994,8.531529013152986e-05
86,1.3023920974683594,8.51279445543387e-05
87,1.4484204082921033,8.490246430696386e-05
88,1.6110508611664407,8.463292845295998e-05
89,1.6198048175294897,8.461791234300235e-05
90,1.4304233775709514,8.49311368980765e-05
91,1.27169978702836,8.517317530398211e-05
92,1.147490097858724,8.534800538764489e-05
93,1.05289567497566,8.547181693050787e-05
94,0.9792335602404576,8.556229419795788e-05
95,0.9196009031275341,8.563156060152819e-05
96,0.8725772846036001,8.568358637780497e-05
97,0.6044188802868066,8.593400039686006e-05
98,0.6313894424643,8.591259800990304e-05
99,0.7031501014225496,8.585148980989047e-05
100,0.8033103711317513,8.575592589211896e-05
101,0.9194124937551974,8.563177366652404e-05
102,1.0461396364498674,8.548033607617084e-05
103,1.1834204987561852,8.529882253683211e-05
104,1.3330046954734214,8.508206319050367e-05
105,1.4953421644693596,8.482659545676426e-05
106,1.559233335965016,8.472078201442444e-05
107,1.3403079785625842,8.507100569121701e-05
108,1.171305520719007,8.53155352413362e-05
109,1.0469454796253366,8.547932224625796e-05
110,0.9672355817765949,8.557652113652756e-05
111,0.9250864406876974,8.562534109235946e-05
112,0.9115207109132463,8.564066507142179e-05
113,0.5929592292531621,8.594283178493655e-05
114,0.6147519961867646,8.592590274191497e-05
115,0.6895609768263937,8.586352101572635e-05
116,0.7992844688603196,8.575996986902335e-05
117,0.9292823089791952,8.562056280553382e-05
118,1.0723275731341444,8.544706977377974e-05
119,1.2259761315965008,8.5239091829922e-05
120,1.388944429512202,8.499629433614356e-05
121,1.48318817691901,8.484639999865851e-05
122,1.2576091233487714,8.519367768957761e-05
123,1.0853355542781367,8.543030279793046e-05
124,0.9663814336435026,8.557752843127885e-05
125,0.9054073153786424,8.564750825678874e-05
126,0.8959495109220244,8.565801811209949e-05
127,0.5811945544288283,8.595173447203334e-05
128,0.6143354286542091,8.592623164911566e-05
129,0.7029350824578127,8.585168183285584e-05
130,0.8260262762057127,8.57327750795365e-05
131,0.9683202604334876,8.557524091515693e-05
132,1.1221118894812319,8.538203949756828e-05
133,1.2836142992287973,8.51557097021814e-05
134,1.404734772968511,8.497164391095744e-05
135,1.1869845383165671,8.529388109107262e-05
136,1.0240725344591672,8.550785387881941e-05
137,0.9212826561689295,8.562965714059262e-05
138,0.8845296503748574,8.567058306429662e-05
139,0.5988369861860668,8.593832171136575e-05
140,0.6483323290410108,8.58987128098258e-05
141,0.7474307327262426,8.581082035006122e-05
142,0.8763096613923608,8.567954207854148e-05
143,1.0216940402290315,8.551079153773022e-05
144,1.176341224021255,8.530860432456283e-05
145,1.3286971570710329,8.508856497828472e-05
146,1.1484079159268001,8.534676351414295e-05
147,1.0010284974108643,8.553608125629583e-05
148,0.9287494276719744,8.562117066256748e-05
149,0.6500130513949947,8.589731699347474e-05
150,0.7072501278805571,8.584781812057379e-05
151,0.8058285102962799,8.575338738741296e-05
152,0.9302005115656139,8.561951472575352e-05
153,1.0694900006086887,8.545070600291473e-05
154,1.2165297076732435,8.525248716502008e-05
155,1.124673823788916,8.537863054665095e-05
156,1.0306472659019588,8.549970470628e-05
157,0.7145946632943495,8.584119271172167e-05
158,0.7677552792351731,8.57910205971291e-05
159,0.8565898411192869,8.570074206556675e-05
160,0.9694983762518355,8.557384906589752e-05
161,1.0969250891143592,8.541522965301632e-05
162,1.151442531980255,8.534265202404372e-05
163,0.7693700213610192,8.578945721512695e-05
164,0.810663065942011,8.574849422319447e-05
165,0.8851653261992575,8.566988726078331e-05
166,0.9836723053413116,8.555699416169659e-05
167,0.7997707508734426,8.575948235106158e-05
168,0.8259228506391838,8.573288176155041e-05
169,0.4328424146415626,8.604948427587328e-05
170,0.582223201633076,8.595096270017223e-05
171,0.7530588112041434,8.580549207718993e-05
172,0.9164637142597354,8.563510352964382e-05
173,1.0637241911937405,8.545807100466299e-05
174,1.195109718699464,8.528257376737872e-05
175,1.3165586560924207,8.510680644668418e-05
176,1.4373274784177676,8.492016580227502e-05
177,1.5669569483729688,8.470780058636505e-05
178,1.7117683506342256,8.44572380115206e-05
179,1.8681040517120808,8.417265124658482e-05
180,0.5532597195610042,8.597220490365779e-05
181,0.667984719821035,8.58821849779789e-05
182,0.8046404834221608,8.575458589057319e-05
183,0.9387835248564009,8.560967568138321e-05
184,1.0624783393499226,8.545965823221671e-05
185,1.1772726238947098,8.530731990932286e-05
186,1.2903055182434522,8.51458492967223e-05
187,1.4108549033036866,8.496203860084982e-05
188,1.546115902852575,8.474273642341804e-05
189,1.693534858480319,8.448950992970477e-05
190,1.7618236768141846,8.43676277313298e-05
191,1.6253657501284495,8.46083476761433e-05
192,1.4782433084357427,8.485442722502167e-05
193,1.3490585963323918,8.505770090138258e-05
194,1.234274090267308,8.522726155213028e-05
195,1.1246591708707705,8.537865006125277e-05
196,1.0113373351791832,8.552351830446368e-05
197,0.890121836389147,8.566444729913522e-05
198,0.765062646569912,8.57936211031461e-05
199,0.6523274002943314,8.58953895344188e-05
200,0.6245387928501918,8.591811611658218e-05
201,0.708556125968919,8.584664451293569e-05
202,0.817070441824113,8.57419697254916e-05
203,0.930005595461739,8.561973728489809e-05
204,1.041127043241131,8.548662831415883e-05
205,1.1526500814363136,8.534101363974735e-05
206,1.2709347817380485,8.517429268823379e-05
207,1.401969993616842,8.497597378982744e-05
208,1.5441245385384106,8.47460590754997e-05
209,1.644219508884321,8.457577228200597e-05
210,1.532611515372065,8.476521553132345e-05
211,1.3790624287491413,8.501162372257259e-05
212,1.2464680350985153,8.520976977314367e-05
213,1.1375930593408654,8.536134812216429e-05
214,1.0450873427999496,8.54816590206557e-05
215,0.9608389830714643,8.558404669190628e-05
216,0.8816220542899346,8.567376024303353e-05
217,0.8122044050123285,8.574692881280412e-05
218,0.6464289112019198,8.590028956597557e-05
219,0.7101476201730726,8.5845211707917e-05
220,0.804171064671033,8.57550590214134e-05
221,0.9111608378728289,8.564106898391822e-05
222,1.025220323143954,8.550643427374043e-05
223,1.147202043008912,8.534839498884772e-05
224,1.2799348209276271,8.516111609451125e-05
225,1.4216126756270278,8.494508601076548e-05
226,1.5353735230404,8.476062816253911e-05
227,1.444508450933164,8.490871718081477e-05
228,1.28213236219451,8.515788851846666e-05
229,1.1444747689970476,8.535207995877488e-05
230,1.0420967910206589,8.548541290013758e-05
231,0.9707491391397327,8.557236985690308e-05
232,0.9227589476590755,8.562798381217361e-05
233,0.8931455162698425,8.566111598316158e-05
234,0.636896428540369,8.590812198237997e-05
235,0.6963938212995533,8.585749810787946e-05
236,0.7925162454320838,8.576672822783224e-05
237,0.9079678155411343,8.564464684080047e-05
238,1.0354321637730508,8.549374747660225e-05
239,1.172862011180752,8.53133953744098e-05
240,1.3172008034751168,8.510584442450991e-05
241,1.4411869149637961,8.491401745162507e-05
242,1.3655030191766353,8.503253436784996e-05
243,1.1954046991766245,8.52821621659139e-05
244,1.0551038754857016,8.546902293108755e-05
245,0.9619052366789053,8.558279512965549e-05
246,0.9146133185716255,8.563718844869281e-05
247,0.9047235031417042,8.564827127361906e-05
248,0.6269736467104653,8.591616123729256e-05
249,0.6971902425023916,8.58567925886942e-05
250,0.8055539449419796,8.575366451167467e-05
251,0.934126447503205,8.561502367712757e-05
252,1.0743930538362925,8.544441813195811e-05
253,1.2210799124821532,8.524604446399222e-05
254,1.3543812774829516,8.504957839531129e-05
255,1.3128638300026234,8.51123352893815e-05
256,1.124142581618454,8.537933792300136e-05
257,0.9891338689149322,8.55504457738535e-05
258,0.9111941900643935,8.564103155592466e-05
259,0.8900259678176261,8.566455276419118e-05
260,0.6444448455742906,8.590192859722311e-05
261,0.7289895814096324,8.58280285592575e-05
262,0.8472300878850793,8.571065882697639e-05
263,0.9828935651385661,8.555792543650576e-05
264,1.1273156479892994,8.537510896381929e-05
265,1.266884231299735,8.518020085048258e-05
266,1.2489532979447593,8.520618920331725e-05
267,1.0751980089271795,8.544338364183652e-05
268,0.9591748930456533,8.558599768692732e-05
269,0.9056537836784442,8.564723312077368e-05
270,0.6934148696874446,8.58601305681842e-05
271,0.7838489113749819,8.577530899580037e-05
272,0.9022928360113637,8.565097952263338e-05
273,1.0356001680492883,8.549353790539402e-05
274,1.1737056542918254,8.531223462755603e-05
275,1.198503869748237,8.52778331080404e-05
276,1.0599134767504406,8.546292121667449e-05
277,0.9796244930046392,8.556182820237459e-05
278,0.7553946743503775,8.580327018292053e-05
279,0.8407785157893654,8.57174394717875e-05
280,0.9508538330348563,8.559571115641049e-05
281,1.0752266337394694,8.544334684325797e-05
282,1.1739319552730132,8.531192315779256e-05
283,1.0957365274796314,8.541678128075229e-05
284,0.8082904174729352,8.575089883818529e-05
285,0.8815901908337077,8.567379501125175e-05
286,0.9789295906921113,8.556265642654283e-05
287,1.0918052114683439,8.542190404347107e-05
288,0.8377770884753483,8.572057868371477e-05
289,0.8962313082769388,8.565770632387963e-05
290,0.7186692017248405,8.583749051831737e-05
291,0.8048641419538285,8.575436037822896e-05
292,0.9045978692535713,8.564841140628727e-05
293,1.0053449741140117,8.553083373335323e-05
294,1.1054560975725614,8.540405392578763e-05
295,1.210573838290044,8.526089300826611e-05
296,1.3284373963095388,8.508895658431749e-05
297,1.4615636740025122,8.488137373886293e-05
298,1.587677536838064,8.467277692500358e-05
299,0.7409801025094819,8.58168834468264e-05
300,0.8085888489067268,8.575059672531721e-05
301,0.894077847995489,8.56600868540215e-05
302,0.9874470568153606,8.55524714355911e-05
303,1.0880098570686016,8.542683586090664e-05
304,1.1997626580241396,8.527607236743369e-05
305,1.324113453488856,8.509546723368424e-05
306,1.4446241226767889,8.490853245310089e-05
307,1.4753558139384424,8.485910648337973e-05
308,1.3660022925302981,8.503176695675617e-05
309,1.2340236741291428,8.522761943250098e-05
310,1.1199771345210887,8.538487541374352e-05
311,1.0273688360939979,8.550377349360974e-05
312,0.9507301707581584,8.55958549801476e-05
313,0.8856819487149568,8.566932145738242e-05
314,0.8342334721547284,8.57242724344102e-05
315,0.7347799302886363,8.582266680878347e-05
316,0.7981648583990522,8.576109133484334e-05
317,0.8845763747647404,8.567053193484277e-05
318,0.984463588385967,8.555604726524909e-05
319,1.0955768906153718,8.541698958051689e-05
320,1.2167968412874761,8.525210942257425e-05
321,1.3353507873486932,8.507851574967734e-05
322,1.3871054964814036,8.499915267600715e-05
323,1.280771381007113,8.515988789369938e-05
324,1.1473566133347133,8.534818593808012e-05
325,1.0378031859969183,8.54907872884455e-05
326,0.9608700071445212,8.558401029231298e-05
327,0.9127216140588813,8.563931623189353e-05
328,0.8882591739929533,8.566649468129314e-05
329,0.7280737416374989,8.582887312262705e-05
330,0.8008510360581313,8.575839838848922e-05
331,0.8982815295214531,8.565543539467598e-05
332,1.0100583784705823,8.552508262023186e-05
333,1.1310004318796527,8.537018639068077e-05
334,1.250398259147738,8.520410500599803e-05
335,1.3142099333859396,8.511032229789859e-05
336,1.2125076125472056,8.525816714944011e-05
337,1.0783134263536929,8.543937406087102e-05
338,0.9763470109643643,8.556573024164889e-05
339,0.9180801602984022,8.563327930088435e-05
340,0.8994707833210286,8.565411609633754e-05
341,0.7453846047877096,8.581274863784468e-05
342,0.8313630869729652,8.572725446115857e-05
343,0.9388445537742591,8.560960545039286e-05
344,1.0575608760746162,8.546590862301583e-05
345,1.1777357216481177,8.530668100260725e-05
346,1.255298202010289,8.519702420189493e-05
347,1.1605206468553366,8.533030270626878e-05
348,1.0320943916121634,8.549790537631904e-05
349,0.9451028668873656,8.560238322206175e-05
350,0.9092938827495102,8.564316224176716e-05
351,0.7906508088060771,8.576858205461609e-05
352,0.882911793586775,8.56723520261846e-05
353,0.9921955179129361,8.554676184126394e-05
354,1.108551089531143,8.539998266375958e-05
355,1.2021915099923541,8.52726710618771e-05
356,1.1378437107100363,8.536101130727151e-05
357,1.0160043170627977,8.551779636464642e-05
358,0.9549388475211663,8.559095137629987e-05
359,0.8480550411128756,8.570978856243882e-05
360,0.9367085074309077,8.56120612989036e-05
361,1.0399315995875087,8.548812534580918e-05
362,1.1450421590748041,8.535131388365925e-05
363,1.1233871972444527,8.538034330862981e-05
364,1.0414681445926304,8.548620090542744e-05
365,0.897544506853236,8.565625226617225e-05
366,0.9758355490476947,8.556633819406924e-05
367,1.0703161473394034,8.544964812167181e-05
368,1.1487133140499157,8.534635011918175e-05
369,0.9253495298565161,8.562504201890506e-05
370,0.9903160053054525,8.554902447499948e-05
371,0.8298031826376913,8.572887128967968e-05
372,0.8763291607376786,8.567952091077318e-05
373,0.9410882790999934,8.560702075851219e-05
374,1.0223643585141198,8.550996419368106e-05
375,1.1221028496396193,8.538205151541517e-05
376,1.2375555585022875,8.522256689990468e-05
377,1.341197312670495,8.506965629158604e-05
378,0.8250609309702204,8.573377036703937e-05
379,0.8797589784091987,8.567579135714748e-05
380,0.9544126083863406,8.559156549349585e-05
381,1.0455040421127981,8.548113527387079e-05
382,1.1495407892469403,8.534522960187215e-05
383,1.2471417634374142,8.520879963740379e-05
384,1.2614725322430247,8.518807291019202e-05
385,1.165748149211899,8.532315784457841e-05
386,1.0581924945620522,8.54651070950948e-05
387,0.9734407912513893,8.556918123696607e-05
388,0.915982976727365,8.56356455390656e-05
389,0.8837686153637563,8.567141552319434e-05
390,0.842379211377399,8.571576131638098e-05
391,0.9097438428989856,8.564265807202453e-05
392,0.9942779475024389,8.55442508171032e-05
393,1.090181628762874,8.542401544270033e-05
394,1.1834240692381783,8.529881759208706e-05
395,1.2130313588381576,8.525742831364495e-05
396,1.1145266198019277,8.539209704890667e-05
397,1.0160787925043329,8.55177048805232e-05
398,0.9494437417249794,8.559735021890291e-05
399,0.9175003825548049,8.563393391697836e-05
400,0.8853873685124781,8.566964411524707e-05
401,0.9598445909447734,8.558521286456288e-05
402,1.0467469647098884,8.547957205574088e-05
403,1.1360302561574578,8.536344685753776e-05
404,1.1754254721026502,8.53098664074672e-05
405,1.082725954338236,8.543367935054195e-05
406,0.9996112060905168,8.553780022495064e-05
407,0.9558875295524267,8.558984355960179e-05
408,0.9398487079876946,8.560844933881042e-05
409,1.0122773996068948,8.55223674660027e-05
410,1.093496205682355,8.541970234500568e-05
411,1.1492405486989103,8.534563624138598e-05
412,1.0725927370468014,8.544672958607463e-05
413,1.0157253865658733,8.551813894876177e-05
414,0.9870905093174792,8.555289924305403e-05
415,1.0509916034872178,8.54742223544041e-05
416,1.1241951878975691,8.537926788662225e-05
417,1.1038995568178545,8.540609808221079e-05
418,1.0137779571329042,8.552052866120717e-05
419,1.0667419691316813,8.545422017877303e-05
420,0.9012448064406815,8.565214532981994e-05
421,0.9461839747439552,8.56011315382454e-05
422,1.0128305298792153,8.552168991023809e-05
423,1.0986334146650532,8.54129971730426e-05
424,1.1826494758174753,8.529989005827362e-05
425,0.9439067597167857,8.560376665653245e-05
426,0.9966206955323561,8.554142073800783e-05
427,1.0647821513962519,8.545672198803292e-05
428,1.1367203085414048,8.536252044061614e-05
429,1.1418280136990624,8.535564966822328e-05
430,1.0675495809960334,8.54531881537724e-05
431,1.0015869722653286,8.553540336023562e-05
432,0.9615269912693223,8.558323924382012e-05
433,0.9978151742295583,8.553997568722265e-05
434,1.0493529772973718,8.547628964444351e-05
435,1.1091983661593452,8.53991300861336e-05
436,1.1259402480006782,8.537694318951413e-05
437,1.0555795028711592,8.546842051424036e-05
438,1.0140771860921156,8.552016171662349e-05
439,1.0446543697350155,8.548220304404094e-05
440,1.088255867479632,8.542651659717937e-05
441,1.1183410045173703,8.538704608283673e-05
442,1.0677894596445714,8.545288149961776e-05
443,1.0711667603228996,8.544855823244288e-05
444,1.1073515969757686,8.540156157701444e-05
445,1.0169526422686757,8.551663105394276e-05
446,1.055817206508245,8.546811936377554e-05
447,1.1088516652594829,8.539958680089683e-05
448,1.065002301516354,8.54564411377953e-05
449,1.0949477995084322,8.541781020798088e-05
450,1.0945660771999624,8.541830797051594e-05
451,1.0642519738132046,8.545739815695685e-05
452,1.09217209385161,8.542142658555866e-05
453,1.1068931008692304,8.54021647498214e-05
454,1.0925368803234303,8.542095172987135e-05
455,0.0,0.0
456,0.23565958723325597,8.613636609892781e-05
457,0.4648415799009826,8.603070527489994e-05
458,0.681618812373122,8.587045396440103e-05
459,0.8813261585126962,8.56740830721763e-05
460,1.0615517133289858,8.54608378001867e-05
461,1.223260785292691,8.524295018097682e-05
462,1.3714152393617622,8.502343444882079e-05
463,1.514125348989661,8.479578260719758e-05
464,1.659914218681805,8.45484832817177e-05
465,1.8140230874578958,8.427264346166096e-05
466,1.9744659982929598,8.397155939234368e-05
467,2.1169450668280003,8.369371057546289e-05
468,0.20201876467809868,8.614614423138711e-05
469,0.3972575263931585,8.606885225891087e-05
470,0.6299473361826904,8.591376422138462e-05
471,0.8474940321934072,8.571038046495474e-05
472,1.046262792295536,8.548018117461002e-05
473,1.2281040376419776,8.523606375343485e-05
474,1.3981950583188334,8.498187624667833e-05
475,1.5642825605937642,8.471230010741996e-05
476,1.7338265127326173,8.441793052212715e-05
477,1.909095421122386,8.409582959446624e-05
478,2.0765216975363487,8.377346972639449e-05
479,2.1458792222144836,8.363618990439775e-05
480,2.0904666674387773,8.374603547963971e-05
481,2.169366016377847,8.358924095888677e-05
482,2.0316105662861603,8.386123412149552e-05
483,1.852528203600746,8.420161118419336e-05
484,1.6795351647422578,8.45141511932436e-05
485,1.516341107608795,8.479213139397168e-05
486,1.357354407525552,8.504503161022737e-05
487,1.1939524031589386,8.528418788960639e-05
488,1.0190211563048839,8.551408618000208e-05
489,0.8295265931508247,8.572915769686545e-05
490,0.6272205434553738,8.591596261842851e-05
491,0.42000581711071483,8.605665563183919e-05
492,0.378241125450237,8.607854335603417e-05
493,0.5266082867584966,8.599085102910192e-05
494,0.736341125052189,8.58212146654186e-05
495,0.9524046914806298,8.559390612777285e-05
496,1.1619506007021112,8.532835071003388e-05
497,1.364653371308714,8.503383987559413e-05
498,1.5643637151316412,8.471216363995e-05
499,1.7644784751663738,8.436283424325173e-05
500,1.9609460771308493,8.399743377253296e-05
501,2.11712344132202,8.369335705831937e-05
502,2.1022422647485457,8.37228027810279e-05
503,1.9516360079318464,8.401519956394175e-05
504,2.0937263341521875,8.373961035869023e-05
505,2.2368720008846763,8.345305696483355e-05
506,2.0714992131662093,8.378332953503113e-05
507,1.865032504549856,8.417837230541563e-05
508,1.6738583562038811,8.45241088112787e-05
509,1.4980697688868858,8.482213644591713e-05
510,1.330309048731848,8.508613373633413e-05
511,1.161991559226716,8.532829477142139e-05
512,0.987719231025796,8.555214477885795e-05
513,0.8073416276937783,8.575185868319168e-05
514,0.5085323645236036,8.600300238061908e-05
515,0.6201093454219584,8.592165438275155e-05
516,0.8072389399695657,8.575196250819558e-05
517,1.0237192625291696,8.55082905523182e-05
518,1.2505560889667737,8.520387724654692e-05
519,1.4806482852526344,8.485052531431256e-05
520,1.7089960911593862,8.44621576274917e-05
521,1.9233724264332903,8.406887061695588e-05
522,2.075194084296856,8.377607709657769e-05
523,2.044883259342771,8.383539187672343e-05
524,1.8857901081575308,8.413961283386342e-05
525,1.9288359402915836,8.405852675741369e-05
526,2.1208946320225275,8.368587982103956e-05
527,2.3062907906666044,8.331117419209433e-05
528,2.07772270938481,8.377111032311972e-05
529,1.8527634377897346,8.42011747763785e-05
530,1.6532002164778916,8.456017613968215e-05
531,1.4749782306134225,8.485971792208801e-05
532,1.3093302258011634,8.511761250685847e-05
533,1.1481878235799423,8.534706138449851e-05
534,0.5827844383032678,8.595054107949919e-05
535,0.6673531024476839,8.588272319205122e-05
536,0.8454750030895697,8.571250787429879e-05
537,1.072042817247993,8.544743502223453e-05
538,1.3190113408767434,8.510313020053273e-05
539,1.56877737438952,8.47047350589251e-05
540,1.8024110648239888,8.429390544776551e-05
541,1.9756151367708192,8.396935609521585e-05
542,1.9771546584508413,8.396640330079855e-05
543,1.8232908962448595,8.425562041574761e-05
544,1.7876121872715873,8.432089376492366e-05
545,1.97241643594991,8.397548753280399e-05
546,2.1588110690449684,8.361036799937366e-05
547,2.3031476094560435,8.331763729659168e-05
548,2.061337107979364,8.380324475454971e-05
549,1.8328768971433491,8.42379634687129e-05
550,1.6360149299200344,8.458997595407894e-05
551,1.464717402411152,8.487629426351088e-05
552,0.6044188802868066,8.593400039686006e-05
553,0.6760331908636152,8.58752860483095e-05
554,0.8620946392923534,8.569486581485854e-05
555,1.1067592972395588,8.540234073778664e-05
556,1.3701684394319484,8.502535575814124e-05
557,1.6240486856785845,8.461061479384678e-05
558,1.8304031916516075,8.424252470569771e-05
559,1.889927792903243,8.413185989170456e-05
560,1.7563367544468613,8.437752201754098e-05
561,1.6679695532813061,8.453441723067053e-05
562,1.8458168338195913,8.421404968253733e-05
563,2.022832682568967,8.387828042779713e-05
564,2.1927989509169197,8.354217449696087e-05
565,2.2793019479523475,8.336655081118963e-05
566,2.0457164784416912,8.383376689837736e-05
567,1.8237338228599347,8.425480567150812e-05
568,0.5929592292531621,8.594283178493655e-05
569,0.6693346855765108,8.588103308614973e-05
570,0.8757777353331085,8.568011936224534e-05
571,1.1385827113558862,8.53600179350163e-05
572,1.408699753910826,8.496542426769076e-05
573,1.6477818262290638,8.456959195406087e-05
574,1.7757461804048462,8.434244439279398e-05
575,1.6803679350242389,8.451268877110336e-05
576,1.5586758311599298,8.472171747848974e-05
577,1.7307441143863724,8.442344067703393e-05
578,1.8998656997048535,8.411320269212223e-05
579,2.061615065721276,8.380270064012324e-05
580,2.2121770535905543,8.350308560536571e-05
581,2.270451636003652,8.338465117300386e-05
582,0.5811945544288283,8.595173447203334e-05
583,0.6758937598334658,8.587540620591787e-05
584,0.9024286397412051,8.565082837313626e-05
585,1.174130353687043,8.531165005418264e-05
586,1.4374276573826121,8.492000634993381e-05
587,1.62977413196757,8.4600751241686e-05
588,1.5941688650427877,8.466174605044233e-05
589,1.4496282362693123,8.490053143535128e-05
590,1.6160228377153902,8.462440585592253e-05
591,1.7780294347254864,8.433830382799132e-05
592,1.9317631753007092,8.405297857721321e-05
593,2.076025969677353,8.377444340401241e-05
594,0.5988369861860668,8.593832171136575e-05
595,0.7110619069112715,8.584438727340424e-05
596,0.9448364044295281,8.560269154303761e-05
597,1.2120397945764954,8.525882688674454e-05
598,1.4507053585678167,8.489880682471018e-05
599,1.4992975940460747,8.482012750831867e-05
600,1.3355417050029326,8.507822687619573e-05
601,1.4947995616599048,8.482748185807816e-05
602,1.6493911357600823,8.456679730576253e-05
603,1.7954369445557345,8.430663924713328e-05
604,0.6500130513949947,8.589731699347474e-05
605,0.766943274216927,8.579180567370607e-05
606,0.9932956914176235,8.554543577402648e-05
607,1.2453469424272627,8.521138323574513e-05
608,1.3971728428841463,8.49834727010893e-05
609,1.266194590172161,8.518120539598994e-05
610,1.3655805142649058,8.50324152663517e-05
611,1.5113183286428555,8.480040318273294e-05
612,0.7145946632943495,8.584119271172167e-05
613,0.823703338032407,8.573516835300691e-05
614,1.0352910719610702,8.549392345557975e-05
615,1.264944515311083,8.518302526323406e-05
616,1.2340651137791405,8.522756021304542e-05
617,1.2311662845851028,8.523169923903523e-05
618,0.7693700213610192,8.578945721512695e-05
619,0.8646121451793636,8.56921676395715e-05
620,1.0631376614608377,8.545881843421861e-05
621,1.248621847749009,8.520666703378476e-05
622,0.7997707508734426,8.575948235106158e-05
623,0.8798226602808034,8.56757219921967e-05
624,0.5655562591699373,8.596331041194654e-05
625,0.7665983192467906,8.579213896588879e-05
626,0.9643560856109595,8.55799139703448e-05
627,1.1530657417856935,8.534044937302059e-05
628,1.3339875926343476,8.50805775234652e-05
629,1.512557350193136,8.479836433774289e-05
630,1.69569234219873,8.448570184022418e-05
631,1.8872148011376615,8.413694433327428e-05
632,2.0785531464553255,8.37694785456749e-05
633,2.182579121823764,8.356272901462881e-05
634,2.065367886758252,8.379535094149392e-05
635,0.6647415907386068,8.588494357746981e-05
636,0.8490352098806123,8.570875360529915e-05
637,1.0470341852694887,8.547921060753036e-05
638,1.250759523043203,8.520358364579904e-05
639,1.4587164041663738,8.488595339342334e-05
640,1.67143381526561,8.452835560120378e-05
641,1.8862529243658444,8.413874607823822e-05
642,2.083092184953428,8.376055412625783e-05
643,2.1504542631522625,8.362706255287136e-05
644,2.025899373913878,8.387232907594581e-05
645,1.9549269358591785,8.400892455591077e-05
646,2.1047045110843845,8.371793727055525e-05
647,2.2483291482519108,8.342976583469083e-05
648,2.0859743090854836,8.375488273410766e-05
649,1.8663318136742695,8.417595282218977e-05
650,1.6604396209799401,8.454756706950784e-05
651,1.470271894009565,8.486733047004319e-05
652,1.290367320176869,8.514575805080438e-05
653,1.1142440387680734,8.539247070358459e-05
654,0.9385872151918443,8.560990156511785e-05
655,0.7274664023957867,8.582943266922648e-05
656,0.898398884965221,8.565530527239576e-05
657,1.1038746326763016,8.540613079593112e-05
658,1.3297923612809321,8.508691329148507e-05
659,1.5657475552660496,8.470983592527924e-05
660,1.8002465942035761,8.429786038341695e-05
661,2.0072385252729785,8.390847548595032e-05
662,2.089313034425325,8.374830828953592e-05
663,1.9783971126549342,8.396401944838176e-05
664,1.8672292804406176,8.417428110132032e-05
665,1.970381302594001,8.397938601062691e-05
666,2.1514588778009487,8.362505714741828e-05
667,2.3096490777405014,8.330426478805528e-05
668,2.0697795551469476,8.378670287872766e-05
669,1.8364086853869082,8.423144548919881e-05
670,1.628233968893127,8.460340663632818e-05
671,1.4428784526919378,8.491131923573413e-05
672,1.2735421574876193,8.517048228782499e-05
673,0.7529283089254564,8.580561603128215e-05
674,0.9234757092664173,8.56271705724033e-05
675,1.1451986408514718,8.535110255460319e-05
676,1.3924326441562864,8.499086529306627e-05
677,1.642965842214487,8.457794538063649e-05
678,1.8690067132957713,8.417096900426019e-05
679,1.9954875524160054,8.393115364750506e-05
680,1.9179277979005445,8.407916377059257e-05
681,1.7859921061340203,8.432384079475576e-05
682,1.845092892096147,8.421538995470842e-05
683,2.013448738420029,8.389646420440172e-05
684,2.1936655479905056,8.354042962870058e-05
685,2.3005400100937776,8.332299637264289e-05
686,2.0451905859463317,8.383479255240033e-05
687,1.8142206735450959,8.427228102978372e-05
688,1.6149673539637932,8.462621642897427e-05
689,0.7544203879493374,8.580419767826057e-05
690,0.9381387372523539,8.561041745787412e-05
691,1.1794929282973285,8.530425495956465e-05
692,1.440090242231237,8.49157656507933e-05
693,1.686937539131384,8.450113700300251e-05
694,1.863776491936161,8.418071031660845e-05
695,1.8402116720619464,8.422441945869571e-05
696,1.6993660743698353,8.447921097620453e-05
697,1.7262984871074696,8.443137788238428e-05
698,1.8851300942000782,8.414084870611039e-05
699,2.055187610851554,8.381527378737795e-05
700,2.2212642501649986,8.348470393619651e-05
701,2.277053675888199,8.337115168543303e-05
702,2.0340536471837516,8.38564834410355e-05
703,0.7555643086915423,8.580310858646076e-05
704,0.9584853852899216,8.558680524891272e-05
705,1.2143484820161965,8.525556922660461e-05
706,1.4759719117949828,8.485810858575304e-05
707,1.6957808769104734,8.448554551066125e-05
708,1.7433654037679516,8.440084322385378e-05
709,1.603295770775533,8.46461895588575e-05
710,1.6051565244264945,8.464301127113993e-05
711,1.7597410150176198,8.437138533363145e-05
712,1.922059784899294,8.40713535538567e-05
713,2.0798564089885256,8.37669170696376e-05
714,2.230467984763423,8.346605351500648e-05
715,0.7767977779396246,8.578222824217997e-05
716,0.9930647329261809,8.554571425418747e-05
717,1.2518139437989348,8.520206131915172e-05
718,1.499260299109105,8.482018854512796e-05
719,1.6265452394539561,8.460631642595939e-05
720,1.500512230353439,8.481813909848028e-05
721,1.4791263150205811,8.485299509071368e-05
722,1.6304483998417258,8.459958825844599e-05
723,1.786164173317645,8.432352786396014e-05
724,1.9362100853684536,8.404454186348126e-05
725,0.8211746340036009,8.573776694412837e-05
726,1.0378847587939857,8.549068534880749e-05
727,1.2871927454946281,8.515044099094707e-05
728,1.4855286942332449,8.484259441003593e-05
729,1.4006408139743989,8.497805332447277e-05
730,1.34887477428298,8.505798101674011e-05
731,1.4946247460295676,8.48277673940196e-05
732,1.6433948491382397,8.457720185454289e-05
733,0.8752154818219853,8.568072923309156e-05
734,1.0816827392045822,8.543502736326703e-05
735,1.3107742389181463,8.51154571908472e-05
736,1.3188139441839255,8.510342625195234e-05
737,1.2209791352538775,8.524618735010513e-05
738,1.3506396969229868,8.50552904526459e-05
739,0.921945346794215,8.562890628151607e-05
740,1.1150350954944,8.539142450914604e-05
741,1.2704871505028552,8.517494628165068e-05
742,1.2013432217851114,8.52738595718903e-05
743,0.949758813285536,8.55969841618821e-05
744,1.1317485965079708,8.536918538144907e-05
745,1.0110112048965607,8.552391735368248e-05
746,1.1917543616680693,8.528725027628662e-05
747,1.3877040250646213,8.499822264084649e-05
748,1.5989846978601685,8.465354444463048e-05
749,1.8241999319840208,8.425394816815911e-05
750,2.053400560263189,8.381876624495582e-05
751,2.213038231438328,8.350134500260369e-05
752,2.1065731779191164,8.371424295018988e-05
753,1.9610993544818929,8.399714092872293e-05
754,1.0557435363907217,8.546821270340566e-05
755,1.2499736611342191,8.520471762568596e-05
756,1.4711717937775282,8.48658761122197e-05
757,1.7088358396387364,8.446244186666571e-05
758,1.9459393575467145,8.402604911028843e-05
759,2.1272894139739824,8.367318686695642e-05
760,2.0788190625342433,8.376895596619783e-05
761,1.933550650832772,8.404958855043486e-05
762,1.8848226800612982,8.414142425998304e-05
763,2.0046859728308797,8.391340717928677e-05
764,2.1773141362499344,8.357330166749847e-05
765,2.2457531968500786,8.343500686742795e-05
766,2.0145923796861536,8.38942503020293e-05
767,1.7756676294826832,8.434258678810914e-05
768,1.5566147256271672,8.472517407808672e-05
769,1.3621023138089956,8.503775624812218e-05
770,1.0857400236476928,8.54297788810444e-05
771,1.2979356638871304,8.513456016826286e-05
772,1.5383376971160427,8.47556991674856e-05
773,1.783398326195463,8.43285559592214e-05
774,1.9920907339303862,8.393769699123229e-05
775,2.0164405266740726,8.389067130272494e-05
776,1.8749711641543474,8.415984260020877e-05
777,1.7917658018355536,8.431333132459667e-05
778,1.8826892971759197,8.414541711603022e-05
779,2.047394203908097,8.383049397201969e-05
780,2.225889506078873,8.347533546865483e-05
781,2.2319903113433934,8.346296549177952e-05
782,1.9857546530965915,8.394988761414064e-05
783,1.7566484482620608,8.437696042168629e-05
784,1.112371693225987,8.539494462103347e-05
785,1.3402363765043914,8.507111430665336e-05
786,1.5879944039846887,8.467223911132895e-05
787,1.8185709224497029,8.426429592653537e-05
788,1.9190989777464726,8.407695090053438e-05
789,1.7897820086811869,8.431694440585171e-05
790,1.6786879575153888,8.45156385300239e-05
791,1.7490657131252252,8.439060668080672e-05
792,1.905383849863561,8.410282111895091e-05
793,2.0765296521004046,8.377345410165118e-05
794,2.24744167323289,8.343157177972571e-05
795,2.219518613284376,8.348823754855306e-05
796,1.1446946138579688,8.535178316477797e-05
797,1.3799529148205303,8.501024545718534e-05
798,1.621105931470958,8.461567624475121e-05
799,1.7872390755638488,8.432157260984751e-05
800,1.683781022328141,8.450669061878668e-05
801,1.5486191508440081,8.473855583125331e-05
802,1.6059465807048485,8.464166111986012e-05
803,1.757871095633486,8.4374756968697e-05
804,1.9224293760996916,8.407065453865787e-05
805,2.086556679303949,8.375373631305737e-05
806,1.1842056097721476,8.529773496793966e-05
807,1.4157522205871416,8.4954332010801e-05
808,1.6234561836564418,8.461163432829578e-05
809,1.5659623224476666,8.470947455639597e-05
810,1.412144749234339,8.496001061346861e-05
811,1.4452733998826257,8.490749537433096e-05
812,1.606329660286673,8.464100631681472e-05
813,1.7648344140557528,8.436219125414402e-05
814,1.2245625836004148,8.524110119455265e-05
815,1.4386071042137492,8.491812849378166e-05
816,1.449233396092123,8.490116341118346e-05
817,1.292959799978696,8.514192761071348e-05
818,1.3056191173649128,8.512314386516843e-05
819,1.4546385397158823,8.489250205809962e-05
820,1.2566789470585191,8.51950252473741e-05
821,1.3490665822499714,8.505768873151653e-05
822,1.2283770133567065,8.523567501820178e-05
823,1.1807085868568925,8.530257498433878e-05
824,1.2698259330157229,8.517591142894668e-05
825,1.2307710567064722,8.523226299689741e-05
826,1.4374216222271698,8.492001595615004e-05
827,1.6563246030812229,8.455473833915252e-05
828,1.8941607557556372,8.412391925076388e-05
829,2.123962470874578,8.367979266206169e-05
830,2.159658425877484,8.360867360338605e-05
831,1.995672359952825,8.393079749291142e-05
832,1.8590913921721348,8.418942404833825e-05
833,1.5005924107039095,8.481800780315848e-05
834,1.7311931652836579,8.442263829373766e-05
835,1.962514985179564,8.399443575612168e-05
836,2.0869508726754495,8.375296024179222e-05
837,1.9414419762634167,8.40346032690467e-05
838,1.786814957879948,8.432234416048238e-05
839,1.7455576405597362,8.43969086752963e-05
840,1.865158703278882,8.417813734601906e-05
841,2.037063408805519,8.385062706007862e-05
842,2.210319794982144,8.350683847706588e-05
843,2.103094426468793,8.37211191677667e-05
844,1.8730918641778678,8.416335036318405e-05
845,1.5510736689341207,8.473445246841199e-05
846,1.7787984634527592,8.433690856679913e-05
847,1.9587068959970502,8.400171052906988e-05
848,1.850062231447689,8.420618428980313e-05
849,1.6786935772764293,8.451562866556198e-05
850,1.5994831440855917,8.465269469551662e-05
851,1.71079508632623,8.445896567930548e-05
852,1.8770090524823215,8.415603673549136e-05
853,2.05589169162965,8.38138973972083e-05
854,2.2268602636965147,8.347336813416496e-05
855,1.5896289381417927,8.46694637867122e-05
856,1.7907704850186432,8.431514437103047e-05
857,1.7320137856772835,8.442117166675808e-05
858,1.549326188084327,8.473737425664556e-05
859,1.445536872455702,8.490707444555659e-05
860,1.5466165743824127,8.47419006109197e-05
861,1.7077619257447294,8.446434627637346e-05
862,1.881975676650535,8.414675220483976e-05
863,1.60898899614629,8.46364580407968e-05
864,1.5994855982548144,8.465269051125564e-05
865,1.4184828766415467,8.495002709125925e-05
866,1.297835171705358,8.51347091619614e-05
867,1.3861825119255649,8.50005863321841e-05
868,1.5401915451931782,8.475261341148734e-05
869,1.4663395208911456,8.487367881848592e-05
870,1.3097174874974276,8.51170346514748e-05
871,1.1897074272914396,8.529009830319256e-05
872,1.2378224677080505,8.522218463916528e-05
873,1.243015634454655,8.521473499868082e-05
874,1.1799004602854548,8.530369191848013e-05
875,1.9457888781395707,8.402633548858564e-05
876,2.119711103344565,8.36882270880124e-05
877,1.9772759154188844,8.39661706820971e-05
878,1.7946997229438384,8.430798372498346e-05
879,1.650834290713612,8.456428980459975e-05
880,1.964327927094071,8.399096992341022e-05
881,1.876760245559786,8.415650151219467e-05
882,1.6857024362941124,8.450331078541807e-05
883,1.5225355781038044,8.478190569664358e-05
884,1.4878268265171202,8.483885391965304e-05
885,1.6217255996503368,8.461461089736419e-05
886,1.800297894616383,8.42977666771627e-05
887,1.9873724726424171,8.394677674808888e-05
888,1.7469168396892352,8.439446782477712e-05
889,1.5561090268701419,8.472602172566672e-05
890,1.3848926317765995,8.500258878040297e-05
891,1.3154252172947678,8.510850367311243e-05
892,1.447568318669045,8.490382724866669e-05
893,1.6171582029244742,8.462245744929413e-05
894,1.4247902212545913,8.494006202210883e-05
895,1.2667896854649463,8.518033859150014e-05
896,1.1883500888423804,8.529198481209612e-05
897,1.2925844815876715,8.5142482494086e-05
898,1.194749461936479,8.528307634832712e-05
899,1.136675051560097,8.53625812128655e-05
900,1.688293033133808,8.449875025787784e-05
901,1.5029195823987016,8.481419507697776e-05
902,1.3543806798561402,8.504957930855655e-05
903,1.3773563066986345,8.50142626855235e-05
904,1.2336047326414563,8.522821803936158e-05
905,1.2072419954465614,8.526558194739287e-05
906,1.3344399932657203,8.507989345169116e-05
907,1.1568188744480477,8.533534735476505e-05
908,1.118527539044477,8.538679873065884e-05
909,1.1310291295849064,8.537014800396191e-05
910,0.0,0.0
911,0.4391502165067586,8.604588421725978e-05
912,0.8634890562276599,8.569337216322894e-05
913,1.2603008160449385,8.518977408816606e-05
914,1.6206585087287404,8.461644531000242e-05
915,1.9402119043138966,8.403694115873369e-05
916,2.2186668844655735,8.348996122955545e-05
917,2.4580959409794723,8.29948942178781e-05
918,2.660842647899665,8.256097030725511e-05
919,2.82786138261705,8.219483918986409e-05
920,2.8057271810614974,8.224377505831522e-05
921,2.618146047865689,8.265335957456526e-05
922,2.4617030445252013,8.298728454087145e-05
923,0.5672711676873875,8.596205540472958e-05
924,0.8902765214656622,8.566427710960883e-05
925,1.243028161221916,8.521471700109982e-05
926,1.5845575502322893,8.467806887746866e-05
927,1.8971203724294843,8.411836179441886e-05
928,2.174156271404324,8.357963758902835e-05
929,2.414506589940112,8.308651534317949e-05
930,2.617626169835629,8.265448132934369e-05
931,2.76691111913168,8.232929413203884e-05
932,2.693502989743397,8.248995537857627e-05
933,2.5266249177562656,8.284961613655041e-05
934,2.462439541982106,8.298573028223204e-05
935,2.508403753744251,8.288838799888558e-05
936,2.4161571667563253,8.308305743172561e-05
937,2.5526326386829865,8.279409945160542e-05
938,2.742719628260591,8.238239667380788e-05
939,2.730157994926331,8.240991025982855e-05
940,2.549021678812987,8.280181975183078e-05
941,2.331085198659313,8.326006525366155e-05
942,2.076358523930944,8.377379023378673e-05
943,1.7839475094251946,8.432755793068793e-05
944,1.4553362286723086,8.489138249911272e-05
945,1.098102914634091,8.541369073544054e-05
946,0.7325850687135301,8.582470368475562e-05
947,1.1203164961499052,8.538442486983003e-05
948,1.4056273129344405,8.497024487544315e-05
949,1.697391513793717,8.448270070872221e-05
950,1.9736646388305472,8.39730954994968e-05
951,2.2235132320601934,8.34801496638889e-05
952,2.4413676025871767,8.303012967197491e-05
953,2.6188371591074726,8.265186822538372e-05
954,2.7152811776067476,8.24424407641336e-05
955,2.6437810088170957,8.259795085598101e-05
956,2.5202129820850443,8.286327145519693e-05
957,2.5507286012537027,8.279817080923437e-05
958,2.7092610257011884,8.245558800212119e-05
959,2.550817166204885,8.279798145713785e-05
960,2.3742839532288857,8.31704954913517e-05
961,2.5156615470084245,8.287295682497074e-05
962,2.7112882140423378,8.245116196728617e-05
963,2.650304738103444,8.258382049593516e-05
964,2.4665071301162325,8.297714314627148e-05
965,2.2477407826667393,8.343096314825007e-05
966,1.9950963893546214,8.393190742982626e-05
967,1.711175784950106,8.445828995854938e-05
968,1.4046090690522033,8.497184090022633e-05
969,1.6394368296331356,8.458405719947072e-05
970,1.8869121218584388,8.413751135048145e-05
971,2.122885728797233,8.368192957383182e-05
972,2.334755438970966,8.325248092453e-05
973,2.5135908043255477,8.287736120589945e-05
974,2.6432945501419858,8.259900404386783e-05
975,2.6855397039967825,8.250729726925854e-05
976,2.6152025344889838,8.265970984937018e-05
977,2.519335833038731,8.286513850998491e-05
978,2.5623713105521864,8.277325845487468e-05
979,2.703960551758148,8.246715550677858e-05
980,2.8337182574664914,8.218187003159372e-05
981,2.583307166104575,8.272835955342497e-05
982,2.3362479781117877,8.324939530530955e-05
983,2.513231251027411,8.287812582493871e-05
984,2.7052147038505576,8.246441918667057e-05
985,2.5936554746170906,8.27061189093808e-05
986,2.4163078753465874,8.308274165607309e-05
987,2.20707577160809,8.35133902398489e-05
988,1.9691712793926617,8.398170296691796e-05
989,2.093483917300617,8.374008834569124e-05
990,2.287897319147001,8.334894380935728e-05
991,2.455624135797751,8.300010639645934e-05
992,2.5857386875786497,8.27231365349256e-05
993,2.66174862468082,8.255900436243871e-05
994,2.6605139977168286,8.256168341281222e-05
995,2.579272704480304,8.273702192290944e-05
996,2.4763562316426966,8.295632857626946e-05
997,2.487586559342784,8.293255723202998e-05
998,2.612410103716657,8.266573188189223e-05
999,2.7546201335527964,8.235629298624954e-05
1000,2.838753235499664,8.217071407635404e-05
1001,2.6035279942018814,8.268487170333648e-05
1002,2.3655764128134407,8.318860270410858e-05
1003,2.5300105126352985,8.284240083525564e-05
1004,2.697356411028352,8.248155748165532e-05
1005,2.5640126516070523,8.276974314903025e-05
1006,2.399428376363991,8.311806135532985e-05
1007,2.4374822277642973,8.303830047287339e-05
1008,2.5567465568210475,8.278529903567719e-05
1009,2.6357043331312755,8.26154283016049e-05
1010,2.662645348193584,8.255705827260511e-05
1011,2.625827732813744,8.263677558595578e-05
1012,2.527162154815969,8.28484714240305e-05
1013,2.4025988701543364,8.311143455135395e-05
1014,2.3628240349740923,8.319432074888407e-05
1015,2.468643599015958,8.297263068754158e-05
1016,2.6047216881060593,8.26823007700385e-05
1017,2.742580444079758,8.238270175443692e-05
1018,2.8136173112385197,8.222634501783689e-05
1019,2.613483430328924,8.266341745849735e-05
1020,2.4052635934087765,8.310586225246515e-05
1021,2.5442716135927395,8.281196948638916e-05
1022,2.683518566726569,8.251169601219472e-05
1023,2.6260534224807954,8.263628808984704e-05
1024,2.6564431675965112,8.257051381472978e-05
1025,2.640722704937686,8.260457100749163e-05
1026,2.5728066688608267,8.275089509144452e-05
1027,2.4544128504977136,8.300265985308269e-05
1028,2.306452496863434,8.331084158910505e-05
1029,2.2096116907670864,8.350826894921547e-05
1030,2.287000788211718,8.335078157338206e-05
1031,2.4336163319149033,8.304642537996333e-05
1032,2.608141424903484,8.267493318705129e-05
1033,2.7182735929312667,8.243590210807531e-05
1034,2.7884594968065026,8.228186632802723e-05
1035,2.6171365678503933,8.265553768584698e-05
1036,2.4192098381422995,8.307665977039389e-05
1037,2.6433097430728534,8.259897115202811e-05
1038,2.5912365964116946,8.271132038367273e-05
1039,2.4960941979666074,8.291452244765943e-05
1040,2.3585145806644983,8.320326829133286e-05
1041,2.1903594701041404,8.354708470089225e-05
1042,2.042338887464747,8.384035206141509e-05
1043,2.0767065941999365,8.377310653608609e-05
1044,2.235500261937211,8.345584216262804e-05
1045,2.438593931407992,8.303596310750448e-05
1046,2.587483215149319,8.271938814109115e-05
1047,2.7010465600318367,8.247351164335652e-05
1048,2.778317036114283,8.230420460373627e-05
1049,2.509477054891727,8.2886107028191e-05
1050,2.391858300411329,8.313387013617212e-05
1051,2.2383256696137463,8.345010462047114e-05
1052,2.056040203881697,8.381360704574109e-05
1053,1.8730709623591915,8.416338936655792e-05
1054,1.846519994682116,8.421274761359347e-05
1055,2.0184923315102705,8.388669605011094e-05
1056,2.2029511487085576,8.35217144642687e-05
1057,2.424478158012187,8.306561133178205e-05
1058,2.579072350688643,8.273745197637763e-05
1059,2.257660681086539,8.341075861955062e-05
1060,2.0939326228316757,8.373920358745056e-05
1061,1.9063329655920411,8.410103392918477e-05
1062,1.7109301913658712,8.445872588466428e-05
1063,1.609302684172926,8.463592123475239e-05
1064,1.7884978176848174,8.431928212183681e-05
1065,1.9962246116898597,8.39297331163318e-05
1066,2.233326171992038,8.346025497041967e-05
1067,1.927732350366888,8.406061734950304e-05
1068,1.746342764626404,8.439549888047073e-05
1069,1.5626368098328907,8.471506660277315e-05
1070,1.4091713236410095,8.496468374851264e-05
1071,1.5486770496616005,8.473845908570452e-05
1072,1.7779591725927595,8.433843128896337e-05
1073,1.5851008961361732,8.4677147747682e-05
1074,1.4367365870436488,8.492110615757025e-05
1075,1.3192342262336978,8.510279588385516e-05
1076,1.3033111349816096,8.512657821173332e-05
1077,1.3459764698227898,8.506239402818629e-05
1078,1.3038707269446197,8.512574592210929e-05
1079,1.181570419786412,8.530138318181202e-05
1080,1.4956705907211911,8.482605883468755e-05
1081,1.7986186221639304,8.43008333036107e-05
1082,2.075380397439437,8.377571123340093e-05
1083,2.319900833315241,8.328314723353374e-05
1084,2.5295078901841683,8.284347223462782e-05
1085,2.6943688005915645,8.248806883699867e-05
1086,2.698345409394021,8.247940147423397e-05
1087,2.532214525301322,8.283770180795814e-05
1088,2.445667946867828,8.302108043218088e-05
1089,2.589569110974328,8.271490509245847e-05
1090,1.6679876523814345,8.453438558093104e-05
1091,1.9291674632211429,8.405789861574393e-05
1092,2.171403393818454,8.358515762779483e-05
1093,2.3857238450171905,8.314666653601943e-05
1094,2.5639658107157506,8.276984348061881e-05
1095,2.681072506448442,8.251701805172327e-05
1096,2.664546148411326,8.255293237523048e-05
1097,2.539229171192736,8.282273648173075e-05
1098,2.50401142586424,8.289771879760491e-05
1099,2.6510706553515795,8.25821607411534e-05
1100,2.7952080579147593,8.22669884579965e-05
1101,2.5913339292086923,8.271111111550886e-05
1102,2.402071852433529,8.311253633273641e-05
1103,2.523518697098139,8.285623294705304e-05
1104,2.6857007926724332,8.250694663268046e-05
1105,2.6367304559789706,8.261320885383863e-05
1106,2.47023181096772,8.296927525829909e-05
1107,2.2653333483155182,8.339510547338001e-05
1108,2.029449032074447,8.386543503396787e-05
1109,1.7684524754193138,8.435565124906714e-05
1110,2.107904290975808,8.371161044436831e-05
1111,2.310531603040792,8.330244838065915e-05
1112,2.4834888766004686,8.294123547897034e-05
1113,2.6139669732854767,8.266237468241814e-05
1114,2.6755681741218944,8.252898816225887e-05
1115,2.6369380067571577,8.261275989662683e-05
1116,2.5279657217574423,8.28467590664695e-05
1117,2.4852240315365393,8.29375613435473e-05
1118,2.6030671244585215,8.268586419693523e-05
1119,2.7420925832495993,8.238377106638346e-05
1120,2.7877026768549147,8.228353409174778e-05
1121,2.5843695683215477,8.272607767892278e-05
1122,2.3591315225197023,8.32019877590959e-05
1123,2.5327425870785567,8.283657574233733e-05
1124,2.6751135814494904,8.252997637985393e-05
1125,2.5997207851462028,8.26930687684799e-05
1126,2.4403511738670653,8.303226766326427e-05
1127,2.2475515713126444,8.343134816178114e-05
1128,2.4463928578448755,8.301955440168236e-05
1129,2.5709417644489494,8.275489402741165e-05
1130,2.648986351076002,8.258667707685334e-05
1131,2.6629493341348893,8.255639850474503e-05
1132,2.601372880300573,8.268951226154484e-05
1133,2.485705976577463,8.293654067084741e-05
1134,2.405903698674398,8.310452334798822e-05
1135,2.4862065427467286,8.293548048404237e-05
1136,2.6236166823161367,8.26415507500464e-05
1137,2.7479032076725782,8.237103106883749e-05
1138,2.760982710501517,8.234232158640658e-05
1139,2.571785737647375,8.275308441376767e-05
1140,2.378302061682754,8.316213102967313e-05
1141,2.5481461229076543,8.280369111453776e-05
1142,2.6672686194453177,8.254702120732235e-05
1143,2.5869034693958657,8.27206339157168e-05
1144,2.6308584454944413,8.262590566385454e-05
1145,2.6597904554722915,8.256325324986791e-05
1146,2.633892053301332,8.261934743634734e-05
1147,2.548890523999033,8.2802100089303e-05
1148,2.4177769916544336,8.307966305818805e-05
1149,2.296229691572843,8.333184935558522e-05
1150,2.326665725312208,8.32691914193015e-05
1151,2.4651135646598714,8.298008571977674e-05
1152,2.6247385368621012,8.263912807615192e-05
1153,2.720049139800345,8.243202127358687e-05
1154,2.7315995280909897,8.240675500059742e-05
1155,2.5607020935090388,8.277683263806794e-05
1156,2.40516679059774,8.310606472230488e-05
1157,2.554959195880543,8.278912314914105e-05
1158,2.6420788833063646,8.260163568359504e-05
1159,2.5821209047362395,8.273090706586471e-05
1160,2.4742822262834867,8.296071425078077e-05
1161,2.3258215977334875,8.327093373549805e-05
1162,2.169050311858082,8.35898735447978e-05
1163,2.1374658001338713,8.365295209992384e-05
1164,2.2758881253526084,8.33735361283408e-05
1165,2.430857040384827,8.305222153389254e-05
1166,2.600565687809496,8.269125002418854e-05
1167,2.6945145212659094,8.248775130180282e-05
1168,2.7128976827283,8.244764717089796e-05
1169,2.55652479828109,8.27857735469709e-05
1170,2.5027423689114094,8.29004135850721e-05
1171,2.374507487938008,8.317003030768872e-05
1172,2.2105254454503105,8.350642299640397e-05
1173,2.0291051889607434,8.386610309011313e-05
1174,1.9302631208634748,8.405582226444695e-05
1175,2.0642092499133886,8.379762074213422e-05
1176,2.240804862767926,8.34450675910778e-05
1177,2.4426756111207797,8.302737786296687e-05
1178,2.5842707983554143,8.272628983541453e-05
1179,2.6844550089469306,8.250965810593854e-05
1180,2.247745347230507,8.343095385995476e-05
1181,2.0731916334085105,8.378000833822146e-05
1182,1.8795652463895183,8.41512598349965e-05
1183,1.72288857971933,8.443745798296314e-05
1184,1.837265091769488,8.42298639576974e-05
1185,2.0357546633845294,8.385317412121019e-05
1186,2.2557625865028297,8.341462750453101e-05
1187,2.435463724508392,8.304254335151733e-05
1188,1.9165524668260137,8.408176148570454e-05
1189,1.7249960569546217,8.443370101970364e-05
1190,1.5444596103048909,8.474550018797996e-05
1191,1.600939601209265,8.465021079970542e-05
1192,1.8190439850532527,8.426342696861055e-05
1193,2.0273921135899275,8.386943062895295e-05
1194,1.5731994295481115,8.469727922022683e-05
1195,1.4140919603067261,8.495694668565655e-05
1196,1.3632303999076025,8.503602504440977e-05
1197,1.5915735094702939,8.466615974046866e-05
1198,1.3323735348747567,8.508301679327124e-05
1199,1.2766489009697342,8.516593470403063e-05
1200,2.154971957380947,8.361804106298405e-05
1201,2.3586998529337517,8.320288375190516e-05
1202,2.530490592380289,8.284137741610979e-05
1203,2.6517109993496155,8.258077297963746e-05
1204,2.663425641907729,8.255536467987588e-05
1205,2.5437557128447073,8.281307142989841e-05
1206,2.44211545893237,8.302855638866205e-05
1207,2.5866337192743685,8.272121352906449e-05
1208,2.753470781807313,8.235881569365727e-05
1209,2.473426758915071,8.296252281453493e-05
1210,2.59835972231232,8.269599816717219e-05
1211,2.6647125496789767,8.255257113518623e-05
1212,2.643003382539797,8.259963439278663e-05
1213,2.5362914590137073,8.282900573976508e-05
1214,2.4242731282482985,8.306604148205781e-05
1215,2.501985961171124,8.290201954464908e-05
1216,2.653476392133324,8.257694640474868e-05
1217,2.747339469723301,8.237226747090106e-05
1218,2.6981192565860854,8.247989450862572e-05
1219,2.522998849307518,8.285734002682112e-05
1220,2.4023843181502023,8.311188310435745e-05
1221,2.553822242305127,8.27915551967913e-05
1222,2.660075973074,8.256263379255055e-05
1223,2.635577314754293,8.261570301471622e-05
1224,2.5191776680393856,8.286547514667668e-05
1225,2.6441947702888493,8.259705500588955e-05
1226,2.6614975100116096,8.255954929722695e-05
1227,2.6107416697158294,8.26693288821714e-05
1228,2.4976907639613324,8.291113545261257e-05
1229,2.364626601577859,8.319057622863541e-05
1230,2.3693241679485775,8.318081252625827e-05
1231,2.5129432569747876,8.287873823856017e-05
1232,2.636523183721934,8.261365719642355e-05
1233,2.7047411001202013,8.246545254922926e-05
1234,2.6485678611108887,8.258758372734226e-05
1235,2.473412072096923,8.296255386224034e-05
1236,2.405353813571367,8.310567354784606e-05
1237,2.5623723657494595,8.277325619518784e-05
1238,2.6585748156930107,8.256589044112991e-05
1239,2.635695071905137,8.261544833177621e-05
1240,2.5582182769037627,8.278214952593271e-05
1241,2.431215586232174,8.305146851653845e-05
1242,2.277446863400459,8.337034720122569e-05
1243,2.2090718324254706,8.350935940713179e-05
1244,2.3412769369050124,8.323899277834482e-05
1245,2.4887974865442,8.292999166119911e-05
1246,2.6186606737826277,8.265224907613489e-05
1247,2.6657954192216318,8.255022014942862e-05
1248,2.6143025037365026,8.266165106061167e-05
1249,2.4485172516590685,8.301508129191433e-05
1250,2.4126105389058723,8.309048638930122e-05
1251,2.480552436069434,8.294745112082363e-05
1252,2.337822166921514,8.32461400251697e-05
1253,2.1666358899910927,8.359471003782133e-05
1254,2.035616126964315,8.385344369284224e-05
1255,2.146496947112007,8.363495803348882e-05
1256,2.3152373308769922,8.329275829750063e-05
1257,2.4825946343132674,8.294312863552859e-05
1258,2.592887728678659,8.270777002951055e-05
1259,2.643127334001026,8.259936605310875e-05
1260,2.602142598168749,8.268785499998306e-05
1261,2.2180927632478085,8.34911229429745e-05
1262,2.0348019539374342,8.385502777684772e-05
1263,1.8618203583193544,8.418434990889047e-05
1264,1.9361336066436496,8.404468704288501e-05
1265,2.124563996981994,8.367859865329307e-05
1266,2.2959667898885474,8.33323891091281e-05
1267,2.4685942912230385,8.297273484758792e-05
1268,2.583065758295344,8.272887801353243e-05
1269,1.885643333877462,8.413988768741139e-05
1270,1.6964530009675458,8.44843585569428e-05
1271,1.7174343254956261,8.44471689223407e-05
1272,1.9216982294319733,8.407203730429236e-05
1273,2.1151834428333443,8.369720117418813e-05
1274,2.3096421720075204,8.330427900026667e-05
1275,1.5445586248921719,8.474533502053347e-05
1276,1.4997538621425643,8.481938070117702e-05
1277,1.709508816766304,8.446124809904415e-05
1278,1.9193735279810533,8.407643205496887e-05
1279,1.3114131221921141,8.511450306008271e-05
1280,1.493473282138835,8.482964759969648e-05
1281,2.660485827291901,8.256174453563715e-05
1282,2.644649124228839,8.259607121211815e-05
1283,2.545437773691763,8.280947831773098e-05
1284,2.402147777299131,8.311237761027603e-05
1285,2.410529030982645,8.309484446267686e-05
1286,2.5739406637458506,8.274846294909836e-05
1287,2.6749663312961416,8.253029646784444e-05
1288,2.613381813080859,8.266363659084271e-05
1289,2.505696948331308,8.289413888592839e-05
1290,2.357918026557505,8.320450637963287e-05
1291,2.2751266548935827,8.337509364315391e-05
1292,2.4216743763093187,8.307149242393114e-05
1293,2.554793582429861,8.278947743562619e-05
1294,2.630042111143433,8.262767001645319e-05
1295,2.6170594763790582,8.265570401076586e-05
1296,2.514640634893566,8.287512842731287e-05
1297,2.345343455517921,8.323057450780902e-05
1298,2.404168532597481,8.310815246404866e-05
1299,2.549368305546645,8.280107882790524e-05
1300,2.4363310823426056,8.30407203362949e-05
1301,2.2784510690209414,8.336829227620993e-05
1302,2.136317968318095,8.365523663995248e-05
1303,2.2482008025227027,8.343002702730506e-05
1304,2.4049812811876214,8.310645271935061e-05
1305,2.5201362312052873,8.286343483268868e-05
1306,2.590331501348924,8.27132662300596e-05
1307,2.5784253524224368,8.273884065808117e-05
1308,2.483818709304532,8.29405371422226e-05
1309,2.32202045566424,8.327877627842544e-05
1310,2.16931449314812,8.358934420020057e-05
1311,1.996443877863408,8.392931047591169e-05
1312,2.0606745029794378,8.380454169304719e-05
1313,2.2360008869938053,8.345482577105439e-05
1314,2.3838378016457717,8.315059820899196e-05
1315,2.505186552752757,8.289522301794474e-05
1316,2.567782825307473,8.276166542092745e-05
1317,2.564899381780939,8.276784367982907e-05
1318,1.8495785166037981,8.42070809495602e-05
1319,1.8664908826736923,8.417565655367816e-05
1320,2.0541730076386395,8.381725681717819e-05
1321,2.2261825899065766,8.347474154463758e-05
1322,2.379612705822215,8.315940146756002e-05
1323,2.4962152607656196,8.29142656500672e-05
1324,1.6748032845658087,8.452245270415291e-05
1325,1.8640631634112077,8.418017676399549e-05
1326,2.0522737591815927,8.382096762689242e-05
1327,2.2223184972826875,8.348256929323926e-05
1328,1.6722942753245904,8.452684884861473e-05
1329,1.8653718770012087,8.417774043566785e-05
1330,2.3596106186871446,8.320099324910639e-05
1331,2.2239745585782393,8.347921521556406e-05
1332,2.3629888383261144,8.319397844554828e-05
1333,2.4961683546207913,8.291436514761142e-05
1334,2.5663624931727824,8.276470902900575e-05
1335,2.1167123759350024,8.36941717208151e-05
1336,2.199398528674497,8.352887885425335e-05
1337,2.3533223527729032,8.321404005177115e-05
1338,2.4650267074412286,8.298026910184249e-05
1339,2.52711762962909,8.284856629899606e-05
1340,2.5283510056352285,8.28459379771849e-05
1341,2.4657826058856966,8.297867308839718e-05
1342,2.3434132848469806,8.323457096658812e-05
1343,2.030961717047965,8.386249537700998e-05
1344,2.196181052344951,8.35353630264792e-05
1345,2.3372907342425857,8.324723907872292e-05
1346,2.440829751189393,8.303126104942693e-05
1347,2.5053097673266,8.289496130512617e-05
1348,2.5150037341638347,8.287435610866448e-05
1349,2.03065781386723,8.386308604789766e-05
1350,2.190884363106458,8.354602839468308e-05
1351,2.3267152065840153,8.326908927984115e-05
1352,2.434910267968438,8.304370647850891e-05
1353,2.031125469977363,8.386217708668805e-05
1354,2.1885346027097476,8.355075624088805e-05
1355,2.3360029288374586,8.324990196552938e-05
1356,2.4361119068873753,8.304118102330749e-05
1357,2.487037505028556,8.293372035121513e-05
1358,2.3213609398617594,8.328013646540678e-05
1359,2.412832595065573,8.309002138227947e-05
1360,2.464951525829211,8.298042783118202e-05
1361,2.473889654700856,8.296154422468444e-05
1362,2.3114318932158304,8.330059511723637e-05
1363,2.4042939769320766,8.310789013014933e-05
1364,2.451335936630808,8.300914401510449e-05
1365,3.9164736255480705,7.966321701617829e-05
1366,3.9077325384537196,7.968438126526558e-05
1367,3.8800433264546403,7.975134319804106e-05
1368,3.829775881749627,7.987259346171828e-05
1369,3.7530395153322518,8.005690103704724e-05
1370,3.6477497605888956,8.030820966201012e-05
1371,3.5148537549520946,8.062272643081921e-05
1372,3.3582303972300953,8.098939027269163e-05
1373,3.183578109202545,8.139284083864227e-05
1374,2.997205662306554,8.181654975638904e-05
1375,2.8057271810614974,8.224377505831522e-05
1376,2.618146047865689,8.265335957456526e-05
1377,2.4617030445252013,8.298728454087145e-05
1378,3.937625594414584,7.961195297172055e-05
1379,3.9125552467646423,7.967270584215642e-05
1380,3.8398673969445625,7.984828427664248e-05
1381,3.7403931654133333,8.00871829684884e-05
1382,3.615508726766684,8.038479126977043e-05
1383,3.466495303761294,8.073640852053806e-05
1384,3.2973789848798796,8.113062674006142e-05
1385,3.115474165250575,8.15485210314474e-05
1386,2.9447153339339143,8.193452007817676e-05
1387,2.961420563028473,8.189704341003833e-05
1388,2.8930460843211367,8.205002623709418e-05
1389,2.69666638522328,8.24830615748793e-05
1390,2.5932147968613615,8.270706665527783e-05
1391,2.769320799772915,8.232399635754651e-05
1392,2.907857399832341,8.201697958256353e-05
1393,2.8679770385586294,8.210584077112304e-05
1394,2.937150459164793,8.195147011767874e-05
1395,3.12561638561883,8.152539730156082e-05
1396,3.301821931989541,8.112033840540374e-05
1397,3.4602049242694086,8.075116545266719e-05
1398,3.5962357475245104,8.04304854925223e-05
1399,3.707596736543961,8.016559157728824e-05
1400,3.7948121445272065,7.995668927054361e-05
1401,3.860540186883064,7.97984349434417e-05
1402,3.998859893769143,7.946314767142357e-05
1403,3.979470678897381,7.951032902623539e-05
1404,3.876694560029439,7.975943336549008e-05
1405,3.730980223233764,8.010970532781505e-05
1406,3.5602824501194714,8.051555638411689e-05
1407,3.3751963300791856,8.094988830060018e-05
1408,3.1907072018219873,8.137648963156507e-05
1409,3.0551648346365305,8.168557543592191e-05
1410,3.06660560814322,8.165963553618107e-05
1411,3.146896273679305,8.147681094110722e-05
1412,2.989811852044915,8.1833204710901e-05
1413,2.773840943396174,8.231405462052949e-05
1414,2.8531122899583803,8.213886469729759e-05
1415,2.9203714919935497,8.198901820401573e-05
1416,2.893243283661825,8.204958659161552e-05
1417,2.7958193625018786,8.226564020682455e-05
1418,2.905530778972807,8.202217411181204e-05
1419,3.0926860310479456,8.160039823512887e-05
1420,3.2686106784933955,8.119715243427342e-05
1421,3.429060286568465,8.082412435471496e-05
1422,3.5706919664400014,8.04909488623922e-05
1423,3.6922887684835417,8.02021282286949e-05
1424,4.094286942421499,7.923008501831515e-05
1425,4.07845098738667,7.92688588780769e-05
1426,3.9540453393299715,7.957210923596072e-05
1427,3.7791884703554723,7.999420357073551e-05
1428,3.5909451348217436,8.044301785054003e-05
1429,3.419938091822035,8.084546060254813e-05
1430,3.3152802235830383,8.108915064974036e-05
1431,3.3171024108081895,8.108492532984228e-05
1432,3.385764815131524,8.092525458586452e-05
1433,3.303085943730676,8.11174107001735e-05
1434,3.080953698417907,8.162706417262926e-05
1435,2.838691497705689,8.217085090599734e-05
1436,2.8969761705421786,8.204126257834901e-05
1437,2.897377887167839,8.204036658839699e-05
1438,2.8405630882167254,8.216670247869444e-05
1439,2.736627132475649,8.239574617812206e-05
1440,2.893622438482753,8.20487412601032e-05
1441,3.077288996698273,8.16353875296549e-05
1442,3.2535938732605167,8.123181464621166e-05
1443,3.4189966871505475,8.084766162768236e-05
1444,4.216042452182743,7.893068825241101e-05
1445,4.199382029979312,7.897178946932459e-05
1446,4.066793709044695,7.929737666686778e-05
1447,3.9015531886332337,7.969933561701504e-05
1448,3.757387855969091,8.00464827730305e-05
1449,3.674926060769774,8.024352171931792e-05
1450,3.67300317302903,8.024810286611151e-05
1451,3.7332816434996086,8.010420006765032e-05
1452,3.6213455862904818,8.03709401676869e-05
1453,3.4029003514457203,8.088527018409397e-05
1454,3.155439187404715,8.145727947465394e-05
1455,2.8850610898402844,8.206782059160714e-05
1456,2.872588702640363,8.209558451877509e-05
1457,2.8567680901420474,8.213074784221128e-05
1458,2.7964276781591666,8.22642984540376e-05
1459,2.709841654764576,8.245432040595813e-05
1460,2.89088145613733,8.205485155383854e-05
1461,3.0729662465847336,8.164520178138906e-05
1462,4.35546764293734,7.858508888885654e-05
1463,4.341779321521494,7.861914754259984e-05
1464,4.2327301630927145,7.888947762408135e-05
1465,4.123857295819751,7.915757968868745e-05
1466,4.060760689461986,7.931212730575832e-05
1467,4.059305133155291,7.931568527568285e-05
1468,4.100577407857055,7.9214672291586e-05
1469,3.9311915218823277,7.962755412242187e-05
1470,3.7249960228382997,8.012401612001482e-05
1471,3.4824640831454308,8.069891473185547e-05
1472,3.2081681590652242,8.133639827455554e-05
1473,2.912580900501036,8.20064297460801e-05
1474,2.8401993061717508,8.216750887807729e-05
1475,2.8248657619119766,8.220146925617548e-05
1476,2.7714452636152824,8.23193244032346e-05
1477,2.7128599279927,8.244772962854089e-05
1478,4.5031477724633175,7.821587265811756e-05
1479,4.5058564829609296,7.820907057661425e-05
1480,4.448811380440964,7.835209386335193e-05
1481,4.409893212657407,7.844939420816076e-05
1482,4.414845983979373,7.843702408307616e-05
1483,4.364928468473088,7.856153259648572e-05
1484,4.219536697366776,7.892206262942706e-05
1485,4.033166905175235,7.937952185324525e-05
1486,3.8050327502964842,7.99321268769665e-05
1487,3.5378123281832816,8.056861033895551e-05
1488,3.2397180545893125,8.126380407205233e-05
1489,2.9254659621444503,8.197762467981894e-05
1490,2.819346737992632,8.221367842146046e-05
1491,2.812904370304742,8.222792061195776e-05
1492,4.6488712893161095,7.784841163508435e-05
1493,4.674935809458922,7.778236110709324e-05
1494,4.672938122078023,7.778742695732886e-05
1495,4.6680387297324195,7.77998486742667e-05
1496,4.59196695616021,7.799227156352513e-05
1497,4.474638145380489,7.828740036594113e-05
1498,4.313996163542605,7.86881904105203e-05
1499,4.108240436662681,7.919588833115794e-05
1500,3.8581755264005815,7.980414044543468e-05
1501,3.569455805222358,8.04938720609083e-05
1502,3.2538587627900517,8.123120360132132e-05
1503,2.928981764865525,8.196975824251965e-05
1504,4.782596192995126,7.75084986980898e-05
1505,4.8227926996477954,7.740582155321304e-05
1506,4.819763723249749,7.741356676432881e-05
1507,4.774787963951819,7.752841703173896e-05
1508,4.68764273374918,7.775012465713983e-05
1509,4.556415489972391,7.808191020887252e-05
1510,4.378671642640072,7.852729007926745e-05
1511,4.153602036880698,7.908451164697856e-05
1512,3.8843499223414555,7.974093641067043e-05
1513,3.5796243514097505,8.046981825713595e-05
1514,4.896015579048518,7.721818941600619e-05
1515,4.924610282406176,7.714470887272197e-05
1516,4.910318031643273,7.718145055297322e-05
1517,4.853656728085475,7.732682631104754e-05
1518,4.753243398037884,7.758333057707302e-05
1519,4.606465185250463,7.795566322406641e-05
1520,4.411316174031756,7.844584056745575e-05
1521,4.168706055839292,7.90473568851964e-05
1522,4.983605481795957,7.699274108016093e-05
1523,4.9988584124855056,7.695337044031627e-05
1524,4.9717335734639265,7.702336192932371e-05
1525,4.901697940502858,7.720359655377417e-05
1526,4.786435833053558,7.74987007954056e-05
1527,4.623265783170021,7.791320313453667e-05
1528,5.042601543805529,7.68402793444465e-05
1529,5.043683717841082,7.683747813544295e-05
1530,5.002611201691493,7.694367876200405e-05
1531,4.9177924204610495,7.716223944944345e-05
1532,5.072134750440063,7.676377354024166e-05
1533,5.058632850392159,7.679876543517694e-05
1534,3.859254203802035,7.980153790144756e-05
1535,3.7614302196362863,8.003679481976975e-05
1536,3.637611361530823,8.033231024971945e-05
1537,3.490452494682911,8.068014133968585e-05
1538,3.3233407020703,8.107045509988866e-05
1539,3.1422859464990927,8.148734519835434e-05
1540,2.961969671455382,8.18958104530314e-05
1541,2.901039806859068,8.203219727160246e-05
1542,2.965306728851419,8.188831601660553e-05
1543,2.9343472360957747,8.195774773251049e-05
1544,2.784971535059623,8.228955135171634e-05
1545,3.923339504539528,7.964658459305821e-05
1546,3.798911468156985,7.994683972189286e-05
1547,3.640502199396013,8.032544004145912e-05
1548,3.4623238065479223,8.07461954476619e-05
1549,3.27887494842131,8.117343498059496e-05
1550,3.121603887376706,8.153454814828074e-05
1551,3.068670960248174,8.165494972570868e-05
1552,3.1065736510581803,8.156879603925551e-05
1553,3.1119252169210516,8.155660737860701e-05
1554,3.007717935424542,8.179284932781875e-05
1555,2.8422627945723216,8.216293429185245e-05
1556,2.928170365909302,8.197157396310459e-05
1557,2.9557933646774077,8.190967464761264e-05
1558,2.914575422290117,8.200197345277912e-05
1559,2.8477952384364675,8.215066416456454e-05
1560,2.9518306134958454,8.191856540134006e-05
1561,3.133866342840492,8.15065720637856e-05
1562,3.3135370886181206,8.109319207148075e-05
1563,3.4811409819485744,8.070202302717901e-05
1564,3.6319111253848235,8.03458529702124e-05
1565,4.019786631334841,7.941215904072994e-05
1566,3.8795621644560363,7.975250573069421e-05
1567,3.7095784240784306,8.016085888635515e-05
1568,3.5413552524982093,8.056025102266369e-05
1569,3.413174078360354,8.086127142631567e-05
1570,3.364957881449238,8.097373300240947e-05
1571,3.380310699372621,8.093796997468231e-05
1572,3.383812717684074,8.092980621689821e-05
1573,3.2951688988612275,8.113574313061992e-05
1574,3.118861388284676,8.15408007247547e-05
1575,2.9505499079927295,8.192143799961258e-05
1576,2.941339735576858,8.194208515421218e-05
1577,2.9249678039894738,8.197873905194617e-05
1578,2.8690636625663917,8.210342460155216e-05
1579,2.8170447750084313,8.221876857676643e-05
1580,2.947343165072546,8.192862901406275e-05
1581,3.128312131354779,8.151924754288344e-05
1582,3.3089022372527275,8.110393506541393e-05
1583,4.142931536692935,7.911073931258807e-05
1584,4.011154434869455,7.94331999234984e-05
1585,3.8743698140151346,7.976504858371576e-05
1586,3.7724110496813856,8.001046457315353e-05
1587,3.727725996436309,8.011748831587522e-05
1588,3.726740746169549,8.011984434928939e-05
1589,3.7127204673311485,8.015335368181732e-05
1590,3.6156870232747815,8.038436825099543e-05
1591,3.4348672870333896,8.08105342682621e-05
1592,3.2082490543396993,8.133621239249257e-05
1593,2.9981432202030667,8.181443698513807e-05
1594,2.9279093358871373,8.197215805457227e-05
1595,2.8939082823520956,8.204810394424023e-05
1596,2.838044836847962,8.217228404593778e-05
1597,2.8058079410542707,8.224359673095183e-05
1598,2.9465105412131125,8.193049575949137e-05
1599,4.300468571112237,7.872176556270928e-05
1600,4.207066910758624,7.895283611162573e-05
1601,4.130299507535796,7.914176585422632e-05
1602,4.090335597874709,7.923976338239772e-05
1603,4.076478398740297,7.927368599535985e-05
1604,4.042277141019241,7.935728423360237e-05
1605,3.9357805143424187,7.961642753693469e-05
1606,3.7564234900139635,8.004879358202232e-05
1607,3.525281599555871,8.059815822110964e-05
1608,3.263474313986825,8.120901327057411e-05
1609,3.019639590817135,8.176594175511412e-05
1610,2.9135370476949025,8.200429357474367e-05
1611,2.8753346267467697,8.20894752061328e-05
1612,2.827048922097357,8.21966375901967e-05
1613,4.486229786632383,7.825833253899632e-05
1614,4.437843244594126,7.837953822578306e-05
1615,4.406229660036462,7.84585420231734e-05
1616,4.385564504760581,7.851010525017768e-05
1617,4.339728869502312,7.862424697928926e-05
1618,4.233608967350436,7.888730623388038e-05
1619,4.0647070063041255,7.930247925892532e-05
1620,3.842852389282536,7.984109066122534e-05
1621,3.5795994770836947,8.04698771193962e-05
1622,3.292228407836892,8.114254897103155e-05
1623,3.027559855391082,8.174804814813564e-05
1624,2.9077386304560586,8.201724478382377e-05
1625,4.669475631488235,7.779620597269009e-05
1626,4.651415131208173,7.784196957431321e-05
1627,4.633155650643609,7.78881893448109e-05
1628,4.589044675644463,7.799964668089053e-05
1629,4.494294936317225,7.823809628652211e-05
1630,4.3439203661258325,7.86138221350146e-05
1631,4.141018228488217,7.911544031000549e-05
1632,3.8914057050110102,7.972387988124123e-05
1633,3.604950862123698,8.040983073636186e-05
1634,3.3009979200040784,8.112224681838611e-05
1635,4.823069853657246,7.740511279407613e-05
1636,4.815437747065514,7.742462617997484e-05
1637,4.784054809851376,7.75047768830324e-05
1638,4.70855268683458,7.769702703084249e-05
1639,4.5822489235040305,7.801679268016705e-05
1640,4.404577058769372,7.846266788401003e-05
1641,4.1775810718182536,7.902550880594696e-05
1642,3.9070023833212972,7.968614859530827e-05
1643,4.936877773532361,7.711314921036769e-05
1644,4.924199056272666,7.714576643385087e-05
1645,4.872219631182846,7.727924985831296e-05
1646,4.772764560315215,7.75335771888355e-05
1647,4.623574056745493,7.791242365285052e-05
1648,4.424250592806122,7.841352498852513e-05
1649,5.010674309418414,7.692284885100063e-05
1650,4.985033343551005,7.698905689832345e-05
1651,4.913250606300739,7.717391402674766e-05
1652,4.793271724070639,7.748125190079559e-05
1653,5.046763754327972,7.682950455509221e-05
1654,5.004561729871203,7.693864068612952e-05
1655,3.6471235431836084,8.0309698784273e-05
1656,3.473732930502628,8.07194206257428e-05
1657,3.2936956859051456,8.113915312631586e-05
1658,3.130164244483879,8.151502147488926e-05
1659,3.045619095163995,8.170719708317634e-05
1660,3.0664309133114847,8.166003183677286e-05
1661,3.1011546034994373,8.158113227120116e-05
1662,3.0957805856487437,8.15933598916552e-05
1663,3.0436254025721685,8.17117104198029e-05
1664,3.724310235329363,8.012565575395371e-05
1665,3.562052413833146,8.051137361245087e-05
1666,3.4271794411974876,8.082852477337911e-05
1667,3.356371620283527,8.099371482547593e-05
1668,3.3530936682587056,8.100133959901528e-05
1669,3.3740969163801964,8.09524496984362e-05
1670,3.3728425764849534,8.09553717672927e-05
1671,3.319384333001956,8.107963307946743e-05
1672,3.2240364209619523,8.129991109015102e-05
1673,3.151043230792002,8.146733171809274e-05
1674,3.116619297798517,8.15459112632529e-05
1675,3.0807823633470206,8.162745337659423e-05
1676,3.037417069044996,8.17257593604228e-05
1677,3.0305746447175013,8.174123346600826e-05
1678,3.1301248568185627,8.151511135528543e-05
1679,3.295110079968909,8.113587928467418e-05
1680,3.8864337332367094,7.973589986788386e-05
1681,3.7799214775444754,7.999244442357299e-05
1682,3.7188678110925784,8.013866516174755e-05
1683,3.704000609914657,8.017417822402325e-05
1684,3.71017823449556,8.015942628294441e-05
1685,3.6985043690254162,8.018729770691451e-05
1686,3.6324927539412544,8.034447137949582e-05
1687,3.5031489354370686,8.065028040644498e-05
1688,3.3413827897149964,8.102856358843487e-05
1689,3.2021843661064144,8.135014427892501e-05
1690,3.1190420211873375,8.15403889511281e-05
1691,3.0646905444594785,8.166397955955419e-05
1692,3.0222102137114724,8.176013566699339e-05
1693,3.025799019213394,8.175202745181849e-05
1694,4.129556363768469,7.91435903892422e-05
1695,4.077353286194868,7.927154513427928e-05
1696,4.056613947208462,7.93222627624667e-05
1697,4.050708130622471,7.93366931503992e-05
1698,4.027082730010719,7.939436583520224e-05
1699,3.951128541702014,7.957919016781829e-05
1700,3.8097059452707667,7.992089049506433e-05
1701,3.6174702891585993,8.038013705128598e-05
1702,3.4053104283827635,8.087964213577231e-05
1703,3.225057054555661,8.12975625545588e-05
1704,3.1173672448620278,8.154420653683781e-05
1705,3.0586576967641084,8.167765898466928e-05
1706,4.394983918180136,7.848660999308275e-05
1707,4.372082766460867,7.854371043662427e-05
1708,4.359074679637993,7.857610938148546e-05
1709,4.32867578311305,7.865172500345314e-05
1710,4.2502395098048495,7.884619275978617e-05
1711,4.1096738338266485,7.919237372248156e-05
1712,3.9133836339194903,7.96707000060043e-05
1713,3.6778485863841333,8.023655781708631e-05
1714,3.4332940467871236,8.081421671629629e-05
1715,3.231488276622886,8.128275921268305e-05
1716,4.62871770259071,7.78994157097263e-05
1717,4.614015436863414,7.79365865740838e-05
1718,4.5841492287499,7.801199879890087e-05
1719,4.5114783925932365,7.819494947041454e-05
1720,4.381311456554368,7.852070950253698e-05
1721,4.1943907765836554,7.898409469104763e-05
1722,3.960802540960089,7.955570004346198e-05
1723,3.6966950287872713,8.019161548635816e-05
1724,4.804725823620713,7.745199983347308e-05
1725,4.782611389109093,7.750845992517153e-05
1726,4.722988785018149,7.766033197574457e-05
1727,4.6099931808317285,7.794675033548479e-05
1728,4.441196473723932,7.83711496920073e-05
1729,4.2214941615189066,7.89172297782388e-05
1730,4.917933183458918,7.71618775762039e-05
1731,4.878218309903483,7.726386483579847e-05
1732,4.787160861805264,7.749685044698582e-05
1733,4.640787386404324,7.786887719972824e-05
1734,4.972456558666162,7.702149772546248e-05
1735,4.908617717315795,7.718581969086121e-05
1736,3.4278507710713946,8.082695420629588e-05
1737,3.348171402164682,8.101278540087383e-05
1738,3.3351515012703814,8.104303881330812e-05
1739,3.3617265665973903,8.098125448451441e-05
1740,3.3975505474280685,8.089775932052042e-05
1741,3.4251568174201052,8.083325617909429e-05
1742,3.4377440651509072,8.080379949916223e-05
1743,3.713778298618156,8.015082653666883e-05
1744,3.691874839899098,8.020311563994039e-05
1745,3.703579961808516,8.0175182485434e-05
1746,3.7275499790269966,8.01179092388829e-05
1747,3.7393932903988527,8.008957606488847e-05
1748,3.7168443772165363,8.014350066556364e-05
1749,3.653038691023913,8.029563013498922e-05
1750,3.5645976833450486,8.050535768883618e-05
1751,3.4766688139913615,8.071252695782565e-05
1752,3.4053834327551593,8.087947163824336e-05
1753,3.354180683787628,8.099881133819289e-05
1754,3.3289860409017793,8.105735392008408e-05
1755,4.049746024667535,7.933904346736023e-05
1756,4.049254832724419,7.934024333890782e-05
1757,4.060178557975935,7.931355031051422e-05
1758,4.057681824355479,7.931965291420891e-05
1759,4.015078777188601,7.942363582188728e-05
1760,3.9188485181018438,7.965746474261043e-05
1761,3.7810868339110355,7.998964749908581e-05
1762,3.6289808234599445,8.035281268651795e-05
1763,3.4978548372410487,8.066273513990214e-05
1764,3.4070535919955702,8.087557081043137e-05
1765,4.361152719575011,7.857093534349827e-05
1766,4.361785815656938,7.856935889234697e-05
1767,4.350190171658225,7.859822335628367e-05
1768,4.298729095119461,7.872608091205707e-05
1769,4.190732353526527,7.899311161019402e-05
1770,4.031041306558123,7.938470847663188e-05
1771,3.8390282525071107,7.985030629551447e-05
1772,3.6486031589430508,8.03061802049999e-05
1773,4.608653147140476,7.795013591873151e-05
1774,4.594635685344568,7.79855352614847e-05
1775,4.543788499660749,7.811370323220983e-05
1776,4.437002615241056,7.838164090804844e-05
1777,4.273652922398603,7.878824030883879e-05
1778,4.066180259048942,7.929887679945087e-05
1779,4.774593487752207,7.752891301748747e-05
1780,4.733496945572408,7.763360245031653e-05
1781,4.637234586525177,7.787786862810202e-05
1782,4.481330527976932,7.827062059483538e-05
1783,4.8561113397586935,7.732053799487204e-05
1784,4.778517699564299,7.751890378607765e-05
1785,3.7008768790296913,8.01816351617481e-05
1786,3.737446932078651,8.009423399728992e-05
1787,3.789661685258876,7.996906053241192e-05
1788,3.8419646994043424,7.984323007948398e-05
1789,3.8750031026745435,7.976351901665989e-05
1790,4.068718056236268,7.929267048487918e-05
1791,4.102412602815705,7.921017460077496e-05
1792,4.1303038858882815,7.914175510443088e-05
1793,4.1288421225388054,7.914534388432153e-05
1794,4.083638577503224,7.925616147432802e-05
1795,3.9996040242971183,7.946133574650662e-05
1796,3.897752296437247,7.970853095964671e-05
1797,3.804436711851506,7.993355975628925e-05
1798,4.380453945636484,7.85228472349784e-05
1799,4.393162092236706,7.849115527981454e-05
1800,4.373322371791478,7.854062166741585e-05
1801,4.302706350090988,7.871621334057308e-05
1802,4.184529436042068,7.900839530530829e-05
1803,4.0388919790416535,7.936554874472182e-05
1804,4.601457432261856,7.796831136418936e-05
1805,4.576156679183899,7.803215797776355e-05
1806,4.496361334070155,7.823290995465685e-05
1807,4.360222487580528,7.857325157458614e-05
1808,4.714174801776763,7.768273977198224e-05
1809,4.637421369174841,7.787739596402346e-05
1810,4.166471284888965,7.905285644580229e-05
1811,4.232478588465719,7.889009920484175e-05
1812,4.274673520978223,7.878571226740989e-05
1813,4.436476780041476,7.838295613665485e-05
1814,4.452216502039965,7.834356999262102e-05
1815,4.419502002952198,7.842539182271553e-05
1816,4.339194272823114,7.862557640845093e-05
1817,4.579592522461564,7.802349307518079e-05
1818,4.528325030854732,7.81526063724187e-05
1819,4.503825708858912,7.821417033328686e-05
1820,3.9164736255480705,7.966321701617829e-05
1821,3.9077325384537196,7.968438126526558e-05
1822,3.8800433264546403,7.975134319804106e-05
1823,3.829775881749627,7.987259346171828e-05
1824,3.7530395153322518,8.005690103704724e-05
1825,3.6477497605888956,8.030820966201012e-05
1826,3.5148537549520946,8.062272643081921e-05
1827,3.3582303972300953,8.098939027269163e-05
1828,3.183578109202545,8.139284083864227e-05
1829,2.997205662306554,8.181654975638904e-05
1830,2.957944935789683,8.190484592018312e-05
1831,3.0479930614360002,8.17018217557173e-05
1832,3.0942850496203436,8.159676163412306e-05
1833,3.937625594414584,7.961195297172055e-05
1834,3.9486501554633966,7.958520574168156e-05
1835,3.9368341694037197,7.961387234877888e-05
1836,3.8974741540756,7.970920376777603e-05
1837,3.8272288312939104,7.987872638695694e-05
1838,3.7256415409635357,8.012247269411432e-05
1839,3.59544498141511,8.043235895794119e-05
1840,3.4416447809187507,8.0794665217968e-05
1841,3.2699908271880536,8.119396453763503e-05
1842,3.0856911012708816,8.161630023843422e-05
1843,3.052706245681284,8.169114616466704e-05
1844,3.1106122507109712,8.155959832976782e-05
1845,3.1272471444615295,8.152167725957279e-05
1846,3.1082060141827057,8.156507882529111e-05
1847,3.0898336084113693,8.160688407379287e-05
1848,3.2063815620684477,8.134050320428273e-05
1849,3.3759221609718044,8.0948197147694e-05
1850,3.540878941542271,8.056137497718125e-05
1851,3.6887394509145506,8.021059406452124e-05
1852,3.8114908377181034,7.99165979066403e-05
1853,3.902922105763558,7.969602328898928e-05
1854,3.959246031081441,7.955948050990449e-05
1855,3.978860962676594,7.951181174368574e-05
1856,3.958845403075591,7.956045349745559e-05
1857,3.998859893769143,7.946314767142357e-05
1858,4.026492456157778,7.939580566086443e-05
1859,4.026314143734187,7.939624059883884e-05
1860,3.994008125357161,7.947495939162126e-05
1861,3.927819706638268,7.963572738727212e-05
1862,3.8291472977103362,7.987410709759743e-05
1863,3.7018720287339115,8.01792597271237e-05
1864,3.5508220049640378,8.053790404896806e-05
1865,3.3801780612345973,8.093827913056166e-05
1866,3.1926395274508566,8.137205590905315e-05
1867,3.2175307478038984,8.131487616218911e-05
1868,3.265632096916529,8.120403116592252e-05
1869,3.3140466008867375,8.109201083774113e-05
1870,3.394272180008845,8.090541008299973e-05
1871,3.520981094528728,8.060829261243638e-05
1872,3.670460851066673,8.025415881943782e-05
1873,3.8195632257697567,7.989717771837779e-05
1874,3.953392450739321,7.957369433021435e-05
1875,4.058954987505841,7.931654112476079e-05
1876,4.122837798592337,7.91600816878262e-05
1877,4.13274641770132,7.9135757707108e-05
1878,4.0821357680939245,7.92598402522093e-05
1879,4.094286942421499,7.923008501831515e-05
1880,4.134557314474808,7.913131063851811e-05
1881,4.1421892826017395,7.911256309696009e-05
1882,4.114257362497543,7.918113305357436e-05
1883,4.050810483166374,7.933644310617437e-05
1884,3.95445634742121,7.95711113489519e-05
1885,3.828967072244328,7.987454107033026e-05
1886,3.677622404928308,8.023709682175235e-05
1887,3.5021796261294087,8.065256114469436e-05
1888,3.472514037596311,8.072228222274904e-05
1889,3.5606313400364207,8.05147319317619e-05
1890,3.6557470020426184,8.028918668868945e-05
1891,3.7691154585142206,8.001836893960409e-05
1892,3.895246002379358,7.971459307602216e-05
1893,4.028166423975978,7.939172229336946e-05
1894,4.156902243541212,7.907639635269186e-05
1895,4.266991363339987,7.880473726883988e-05
1896,4.338639030564699,7.862695713370379e-05
1897,4.347109124537447,7.860588948883756e-05
1898,4.275300198341296,7.87841598985512e-05
1899,4.216042452182743,7.893068825241101e-05
1900,4.264904108331765,7.880990486110245e-05
1901,4.277132378905324,7.877962098874799e-05
1902,4.251487855924936,7.884310495807209e-05
1903,4.189327645632599,7.899657325558177e-05
1904,4.093409109008932,7.923223537789436e-05
1905,3.966262282846231,7.954243635708488e-05
1906,3.8090075160847,7.992257004612574e-05
1907,3.8264379871985885,7.988063041074295e-05
1908,3.9334917262044073,7.962197740582446e-05
1909,4.045081064370009,7.935043740868534e-05
1910,4.166513516653115,7.905275252446096e-05
1911,4.288154902770864,7.87523039632806e-05
1912,4.406203060470823,7.84586084344728e-05
1913,4.51197104876183,7.819371179641021e-05
1914,4.587781607692141,7.800283396898907e-05
1915,4.602164880758548,7.796652477446042e-05
1916,4.521062817857789,7.817086464210308e-05
1917,4.35546764293734,7.858508888885654e-05
1918,4.408811968086721,7.84520942600997e-05
1919,4.422485416473136,7.84179365935984e-05
1920,4.396696923522777,7.848233575491092e-05
1921,4.333328833846185,7.864015971890763e-05
1922,4.234368580471275,7.888542925272953e-05
1923,4.112757300102562,7.918481216901759e-05
1924,4.203553576530717,7.896150222040619e-05
1925,4.3144444632285595,7.868707727312289e-05
1926,4.432788851249446,7.83921793044875e-05
1927,4.552182250190396,7.809257151891861e-05
1928,4.667046229958002,7.7802364594305e-05
1929,4.770366415224257,7.753969226442907e-05
1930,4.8495923564727486,7.733723668109141e-05
1931,4.874716638549805,7.727284631814077e-05
1932,4.796530376967061,7.747293169802799e-05
1933,4.5031477724633175,7.821587265811756e-05
1934,4.556530624249772,7.808162020948312e-05
1935,4.568130333065732,7.805239303034598e-05
1936,4.539114112615943,7.812546678669788e-05
1937,4.471149838267382,7.829614396640504e-05
1938,4.465463361066213,7.83103935421732e-05
1939,4.552186800430218,7.809256006065677e-05
1940,4.6613760374906095,7.781673541719851e-05
1941,4.7798084716175655,7.751561101516288e-05
1942,4.899879483869574,7.720826702836631e-05
1943,5.008458960145793,7.692857280953213e-05
1944,5.097198480427472,7.669874986587495e-05
1945,5.140062104024926,7.658734343662897e-05
1946,5.076287077440539,7.675300710926549e-05
1947,4.6488712893161095,7.784841163508435e-05
1948,4.697699389236931,7.772459519474741e-05
1949,4.703578725623491,7.77096633626017e-05
1950,4.692586797704211,7.77375756595335e-05
1951,4.7469558753772265,7.759934386747749e-05
1952,4.833279590735459,7.737899603394115e-05
1953,4.941875063675009,7.710028693728202e-05
1954,5.060783609814224,7.6793193182544e-05
1955,5.187060468001645,7.646489552199104e-05
1956,5.295670788505836,7.618075156365829e-05
1957,5.3722886035892,7.597932536870585e-05
1958,5.339884833837677,7.606461259206041e-05
1959,4.782596192995126,7.75084986980898e-05
1960,4.825075237771191,7.739998414742972e-05
1961,4.863704894248561,7.73010791030215e-05
1962,4.925255055686279,7.714305064391458e-05
1963,5.014329340883706,7.69134035685656e-05
1964,5.125089305133812,7.662628829945013e-05
1965,5.247100062818137,7.630802333001495e-05
1966,5.369372124271129,7.598700749297693e-05
1967,5.506107368895904,7.562559046115991e-05
1968,5.5768142998998895,7.543770169011095e-05
1969,4.896015579048518,7.721818941600619e-05
1970,4.943376283126427,7.709642233296455e-05
1971,5.003357412374574,7.694175141615243e-05
1972,5.08785193769016,7.672300821514443e-05
1973,5.194733479005301,7.644487530092629e-05
1974,5.314087687633062,7.613240782623748e-05
1975,5.431180711956143,7.582395182626781e-05
1976,5.542934048149754,7.552781571381771e-05
1977,4.983605481795957,7.699274108016093e-05
1978,5.026815756000311,7.688112214244687e-05
1979,5.091750218387374,7.671289196734769e-05
1980,5.180344697586313,7.648241141086247e-05
1981,5.283142025441973,7.62136123866525e-05
1982,5.380170497497917,7.595855830356803e-05
1983,5.042601543805529,7.68402793444465e-05
1984,5.076064384661066,7.675358458339688e-05
1985,5.134126178506799,7.660278677008815e-05
1986,5.209867565515744,7.640536383200605e-05
1987,5.072134750440063,7.676377354024166e-05
1988,5.092313630069019,7.67114297075758e-05
1989,4.02025790662838,7.941100997836558e-05
1990,4.055689432059537,7.93245220973271e-05
1991,4.042348081152026,7.935711102183489e-05
1992,3.9852501105430638,7.949627162062007e-05
1993,3.8903066191712043,7.972653731475752e-05
1994,3.7649168810872817,8.002843651263447e-05
1995,3.6175411528970107,8.03799688999138e-05
1996,3.458301617361313,8.075562912172128e-05
1997,3.30723844580159,8.110779052382894e-05
1998,3.2230190739178197,8.130225185802923e-05
1999,3.2152543164556686,8.132011067927637e-05
2000,4.115915056722811,7.917706692229819e-05
2001,4.162733987825139,7.906205188225508e-05
2002,4.153509583774255,7.908473896766227e-05
2003,4.097262652843193,7.922279477221686e-05
2004,4.0037472969728825,7.945124547957782e-05
2005,3.8823280991134372,7.974582246763088e-05
2006,3.7425831915429586,8.008194079382873e-05
2007,3.5986855956902826,8.042468068598947e-05
2008,3.4859029249022244,8.069083457571103e-05
2009,3.4536400804866116,8.076655869153824e-05
2010,3.4804770273147305,8.070358270501497e-05
2011,3.551516393206099,8.053626427934574e-05
2012,3.6576692181495027,8.028461272036756e-05
2013,3.7894643347209915,7.996953447703954e-05
2014,3.9284700089610936,7.963415119739619e-05
2015,4.058677648876657,7.931721900066065e-05
2016,4.1653751418240565,7.905555367259422e-05
2017,4.231843296045577,7.889166881800934e-05
2018,4.23995713122751,7.887161743554744e-05
2019,4.17837914950574,7.902354355038769e-05
2020,4.23788897003781,7.887672933927265e-05
2021,4.2919477289943355,7.874290002078785e-05
2022,4.285203617858288,7.875961989400562e-05
2023,4.231467777915098,7.889259657974782e-05
2024,4.142887899590639,7.911084653516116e-05
2025,4.030256185674554,7.93866240541773e-05
2026,3.9081491360665597,7.968337285875924e-05
2027,3.810523751804999,7.991892377017353e-05
2028,3.7919593972145464,7.996354202504245e-05
2029,3.84508836981043,7.983570117017754e-05
2030,3.9364918271211287,7.961470257230012e-05
2031,4.048025779366534,7.934324547631858e-05
2032,4.168221809417891,7.9048548634504e-05
2033,4.287657349404671,7.875353743827248e-05
2034,4.393304282854413,7.849080054511477e-05
2035,4.465458003910828,7.831040696426699e-05
2036,4.475511793018054,7.828521024814264e-05
2037,4.398230199962832,7.847850960195006e-05
2038,4.37747273004531,7.853027840903154e-05
2039,4.435453841884192,7.838551461133097e-05
2040,4.4313612950718895,7.839574895095946e-05
2041,4.3827536040571085,7.851711405379476e-05
2042,4.304113598097807,7.871272139038942e-05
2043,4.21325098748092,7.893757771889259e-05
2044,4.147670383081245,7.909909356174758e-05
2045,4.156680072789952,7.907694272850304e-05
2046,4.228802118829593,7.88991817922526e-05
2047,4.328060765441108,7.86532534048906e-05
2048,4.4387515657275936,7.837726610754489e-05
2049,4.548680215963447,7.810138932769583e-05
2050,4.648867962977799,7.78484200581361e-05
2051,4.723374928332628,7.765935002741827e-05
2052,4.740884217748984,7.761480199104105e-05
2053,4.65991912359225,7.782042714225442e-05
2054,4.525246027283424,7.816034838225624e-05
2055,4.584840460949439,7.801025490380423e-05
2056,4.58545914555127,7.800869397849301e-05
2057,4.548103790182107,7.810284054451685e-05
2058,4.496145725277199,7.82334511279479e-05
2059,4.469346563424119,7.830066325495216e-05
2060,4.504976341801687,7.821128089461929e-05
2061,4.589310217709265,7.799897656937109e-05
2062,4.694257393029165,7.773333456537558e-05
2063,4.80191760945268,7.745917333321417e-05
2064,4.90196711766656,7.72029051665297e-05
2065,4.981437277400579,7.699833495000333e-05
2066,5.01167981851788,7.692025061590883e-05
2067,4.938705028250901,7.710844654208954e-05
2068,4.6710499778613555,7.779221449129276e-05
2069,4.731073633310297,7.76397680208912e-05
2070,4.742525522198212,7.761062383836565e-05
2071,4.734661334276914,7.76306396257174e-05
2072,4.746376139173069,7.76008200745063e-05
2073,4.804107904554159,7.745357838625894e-05
2074,4.897398294912408,7.721463888844955e-05
2075,5.005444665791248,7.693635994884395e-05
2076,5.117064978691873,7.664714700127464e-05
2077,5.210034827811636,7.64049269724022e-05
2078,5.26351022660595,7.62650596406526e-05
2079,5.210715482573658,7.640314918216667e-05
2080,4.80492207598949,7.745149847041998e-05
2081,4.8656722530635035,7.729603629971288e-05
2082,4.900430615155809,7.72068515673865e-05
2083,4.945523735308774,7.709089357014715e-05
2084,5.02236061443891,7.68926426465718e-05
2085,5.125294880799156,7.662575380089779e-05
2086,5.239504307215407,7.632789725872219e-05
2087,5.364275780866548,7.600042866485434e-05
2088,5.462203922393255,7.574191348104679e-05
2089,5.460233232465352,7.574712871220468e-05
2090,4.9185997546000255,7.716016391822345e-05
2091,4.981011221209472,7.699943407773156e-05
2092,5.045766898482762,7.683208535567995e-05
2093,5.134323540185529,7.660227337877981e-05
2094,5.2445676148284495,7.63146502467892e-05
2095,5.364183911858748,7.600067056829595e-05
2096,5.49825567304609,7.564641291342565e-05
2097,5.604760263836265,7.536325503868116e-05
2098,5.006528429784682,7.693356029643502e-05
2099,5.0690832265612285,7.67716841924521e-05
2100,5.151611729963393,7.655728099186167e-05
2101,5.255332797883405,7.628647374735474e-05
2102,5.366645071166325,7.59941896048576e-05
2103,5.46185820602587,7.574282842263409e-05
2104,5.065848727018969,7.678006775630666e-05
2105,5.123465900841032,7.663050895740319e-05
2106,5.204908915010179,7.641831318606812e-05
2107,5.295606623598978,7.618091991255953e-05
2108,5.095580415783033,7.670295032470055e-05
2109,5.1416857247684264,7.658311845011458e-05
2110,4.300867886089807,7.872077486501405e-05
2111,4.369030360863649,7.855131525223254e-05
2112,4.361525248775657,7.857000772834811e-05
2113,4.296605847220859,7.873134772123398e-05
2114,4.196341979580326,7.897928472875051e-05
2115,4.07891568639796,7.926772162682512e-05
2116,3.9613141859049428,7.955445727198666e-05
2117,3.8638015247233763,7.979056444819453e-05
2118,3.807352748718836,7.992654904032131e-05
2119,4.440745081657433,7.837227900393485e-05
2120,4.512147495889489,7.819326850898293e-05
2121,4.506754552924512,7.820681511650937e-05
2122,4.44889903980052,7.835187445149206e-05
2123,4.362965868390944,7.856642032381814e-05
2124,4.270459359099257,7.879614981298478e-05
2125,4.1957593563055005,7.898072102931715e-05
2126,4.164436134026013,7.905786409864985e-05
2127,4.186278803514557,7.900408553811036e-05
2128,4.253897625692939,7.883714369484462e-05
2129,4.34610364408587,7.86083909772187e-05
2130,4.446887521855067,7.835690900669612e-05
2131,4.54060073755908,7.812172589528512e-05
2132,4.607319441449762,7.79535052551868e-05
2133,4.617243998334746,7.792842668364247e-05
2134,4.538056997526179,7.812812667783808e-05
2135,4.588577430154084,7.8000825778324e-05
2136,4.661209123744042,7.781715838135717e-05
2137,4.661684467037927,7.781595383738531e-05
2138,4.618321601440333,7.792570280447107e-05
2139,4.559370174434552,7.807446735852314e-05
2140,4.513979846749306,7.818866483137213e-05
2141,4.509051239922349,7.820104655814076e-05
2142,4.551107930451284,7.809527675035835e-05
2143,4.625018516769556,7.790877109592156e-05
2144,4.713126067786304,7.768540522397917e-05
2145,4.799830702993782,7.746450354256164e-05
2146,4.867176055599648,7.729218132825179e-05
2147,4.884205255721716,7.72485047972622e-05
2148,4.805432041849695,7.745019564232935e-05
2149,4.734379006140264,7.763135803668185e-05
2150,4.80744559538687,7.744505118119718e-05
2151,4.819958546407137,7.741306863336542e-05
2152,4.803616512075813,7.745483367178113e-05
2153,4.792243091349491,7.748387795633627e-05
2154,4.813438135501352,7.742973730905415e-05
2155,4.872491730431303,7.727855210673726e-05
2156,4.955514085255684,7.70651641417385e-05
2157,5.040922666057336,7.684462479579107e-05
2158,5.1141241184280695,7.6654789315929e-05
2159,5.1453540997841465,7.657357124771714e-05
2160,5.078077401846084,7.674836428993228e-05
2161,4.868446134327213,7.728892525269917e-05
2162,4.942308546035761,7.709917105207767e-05
2163,4.97610242758138,7.701209579446566e-05
2164,5.003430647521638,7.694156225695266e-05
2165,5.052110685598901,7.681565928267246e-05
2166,5.128486461027911,7.661745490603723e-05
2167,5.226554085946741,7.636176244209557e-05
2168,5.3156070937198265,7.612841734796036e-05
2169,5.376421583714795,7.596843693341312e-05
2170,5.335544651483221,7.607602505811289e-05
2171,4.9826707759560245,7.699515266064716e-05
2172,5.058258594360379,7.679973500264689e-05
2173,5.1211265714592935,7.663659028716899e-05
2174,5.196702887735911,7.643973544978136e-05
2175,5.291955074443841,7.619049951334406e-05
2176,5.398144025967778,7.591117013725507e-05
2177,5.518886221671146,7.559168345762341e-05
2178,5.566585933735587,7.546492323064301e-05
2179,5.071426818112344,7.676560887302268e-05
2180,5.148125725822314,7.656635665111496e-05
2181,5.235249809107663,7.633902545350382e-05
2182,5.339113925490526,7.606663987712931e-05
2183,5.448504178427141,7.5778157517177e-05
2184,5.555506085442644,7.549439495126781e-05
2185,5.131585987629131,7.660939401031356e-05
2186,5.205057678727036,7.641792474419856e-05
2187,5.29709561040147,7.61770131245675e-05
2188,5.391389184605467,7.592898482832995e-05
2189,5.161844200733678,7.653063140846639e-05
2190,5.2244463285987495,7.636727208361656e-05
2191,4.685348535934653,7.77559465791222e-05
2192,4.764481354034393,7.755469519535882e-05
2193,4.758717202854798,7.756938506722935e-05
2194,4.704344625364583,7.770771782929087e-05
2195,4.632303831106489,7.789034435434085e-05
2196,4.56604990421302,7.805763642277433e-05
2197,4.526058949352452,7.815830446272576e-05
2198,4.8304524275799015,7.73862294783423e-05
2199,4.909016441828525,7.718479516282111e-05
2200,4.913304677601105,7.71737750555542e-05
2201,4.881079785273222,7.725652410435527e-05
2202,4.845805541531478,7.734693400435041e-05
2203,4.832804058047192,7.738021278899897e-05
2204,4.853996799227028,7.732595515532729e-05
2205,4.900856849600452,7.720575684720625e-05
2206,4.961350577131563,7.705012613720237e-05
2207,5.013516372659744,7.691550459282311e-05
2208,5.024754156768916,7.688645355794626e-05
2209,4.948486926602644,7.708326355840246e-05
2210,4.9641477777775345,7.704291730517996e-05
2211,5.042896965619347,7.683951466101621e-05
2212,5.065657540552031,7.678056325033595e-05
2213,5.0694876376800755,7.67706358878919e-05
2214,5.085619030444217,7.672880176963925e-05
2215,5.1276782547198465,7.661955657619927e-05
2216,5.186921608496895,7.646525775512583e-05
2217,5.243887087390381,7.631643090133227e-05
2218,5.269885699879709,7.624835786678679e-05
2219,5.20711598663421,7.641254991251212e-05
2220,5.078637181611927,7.674691252982022e-05
2221,5.159140205997029,7.653767514829211e-05
2222,5.209755179844229,7.640565736136662e-05
2223,5.260596890598005,7.627268981025795e-05
2224,5.327519400351063,7.609712054689515e-05
2225,5.410749231150808,7.587790944873917e-05
2226,5.473509999888507,7.571198287285832e-05
2227,5.4448652964139255,7.578778024121206e-05
2228,5.168229546388558,7.651399392972095e-05
2229,5.250974950921815,7.629788179229817e-05
2230,5.330984431053743,7.608801331935733e-05
2231,5.4219245262546725,7.584840361208418e-05
2232,5.532116273935402,7.555655593465774e-05
2233,5.633253614143063,7.52872420094447e-05
2234,5.229396959286731,7.635433024343726e-05
2235,5.310720351009101,7.614125046577803e-05
2236,5.402818333435113,7.589883882608044e-05
2237,5.492276624496134,7.566226354926716e-05
2238,5.260329607378126,7.627338977926138e-05
2239,5.33144760217758,7.608679582977395e-05
2240,5.080596775257196,7.674183007787393e-05
2241,5.155563930763778,7.65469895587271e-05
2242,5.157874949664239,7.654097071291863e-05
2243,5.132870536724122,7.660605290778623e-05
2244,5.113712714041022,7.665585832217805e-05
2245,5.1944583908270126,7.644559319543596e-05
2246,5.270654781128114,7.62463427310225e-05
2247,5.297242152315322,7.617662861288592e-05
2248,5.312870139586013,7.613560529273896e-05
2249,5.340978732817888,7.606173578673822e-05
2250,5.3695633505268034,7.598650383105777e-05
2251,5.380575597757669,7.595749072284438e-05
2252,5.319171276360503,7.611905534090157e-05
2253,5.284365263278237,7.621040499615252e-05
2254,5.364181510210657,7.600067689214241e-05
2255,5.4241107438065095,7.584262940310773e-05
2256,5.48650891620356,7.567754931346852e-05
2257,5.550624077591475,7.550737553070052e-05
2258,5.53310385104743,7.555393283709656e-05
2259,5.346313756115975,7.604770304344735e-05
2260,5.4278080563739834,7.583286262382933e-05
2261,5.512068870613385,7.560977515720229e-05
2262,5.601549895366478,7.537181264628867e-05
2263,5.377856075864772,7.59646571816534e-05
2264,5.450753446801234,7.577220860904495e-05
2265,5.408583051206307,7.588362678040503e-05
2266,5.473861055904231,7.571105324284459e-05
2267,5.491325638697072,7.566478419333716e-05
2268,5.4708429370564025,7.571904496344066e-05
2269,5.543902125598154,7.552524299328358e-05
2270,5.605405038707917,7.536153614964859e-05
2271,5.595246953774933,7.538860982960907e-05
2272,5.5027900021494265,7.56343890351218e-05
2273,5.573018121873317,7.544780639899487e-05
2274,5.627396056518917,7.530287739176556e-05
2275,3.9164736255480705,7.966321701617829e-05
2276,5.704375641928775,7.509703178827254e-05
2277,5.702053977154169,7.510325156655633e-05
2278,5.706091289243471,7.509243507913742e-05
2279,5.724423634124082,7.504329301449036e-05
2280,5.762063504418813,7.494225474444722e-05
2281,5.818536134566223,7.479031089874408e-05
2282,5.887855633945354,7.460322719174409e-05
2283,5.960763192389725,7.440578142599005e-05
2284,6.027799922870791,7.42236256748697e-05
2285,6.081746396423416,7.407661871265679e-05
2286,6.1186073767505995,7.397595612846944e-05
2287,6.137069318318272,7.392547377963252e-05
2288,5.659678687077054,7.521664925125555e-05
2289,5.64116470980074,7.526611787954194e-05
2290,5.6479965296343755,7.52478688686734e-05
2291,5.670695661209729,7.51871905452086e-05
2292,5.712272104880983,7.507587165708676e-05
2293,5.772766494496657,7.491348994130255e-05
2294,5.846972220924498,7.471364220848019e-05
2295,5.926023311369411,7.449994920423211e-05
2296,6.00029837364821,7.429842464838655e-05
2297,6.061996291351996,7.413048215427616e-05
2298,6.106435900618483,7.400921405709138e-05
2299,6.131834857070976,7.393979130383569e-05
2300,6.13804357893621,7.392280855508962e-05
2301,6.125292969797171,7.39576800518039e-05
2302,6.093206462692306,7.404534135466018e-05
2303,6.0422954542847584,7.418416134570773e-05
2304,5.9752542547328895,7.436645482913873e-05
2305,5.8980469583882025,7.457566909212079e-05
2306,5.819698223481802,7.478717978928802e-05
2307,5.750567919541272,7.49731327716471e-05
2308,5.699532155940033,7.51100067530261e-05
2309,5.671234302016031,7.518574983679488e-05
2310,5.665348518262726,7.520149050204272e-05
2311,5.679890273046815,7.516259229759963e-05
2312,5.535020482407361,7.554884170741678e-05
2313,5.501173091378326,7.563867698816129e-05
2314,5.529279504187479,7.556408992705746e-05
2315,5.591543863883025,7.539847597822514e-05
2316,5.6747217831149825,7.517642089460985e-05
2317,5.769553794406953,7.492212582195928e-05
2318,5.866434951056023,7.46611059879485e-05
2319,5.955990280477397,7.441872843500034e-05
2320,6.03075156429044,7.421559197533157e-05
2321,6.086195402561761,7.406447826964902e-05
2322,6.120562380367311,7.39706124207459e-05
2323,6.133630344462874,7.39348806022122e-05
2324,6.125955310599892,7.395586913322731e-05
2325,6.096766882910128,7.403562066540325e-05
2326,6.045468809680981,7.417551822355882e-05
2327,5.973313861539954,7.437172234831246e-05
2328,5.884961655953138,7.461105024642292e-05
2329,5.789557056105504,7.486833393933887e-05
2330,5.700604780679,7.510713362358302e-05
2331,5.63417044051669,7.528479433876881e-05
2332,5.604576540144608,7.536374481278853e-05
2333,5.618000303073201,7.532794754039842e-05
2334,5.371865319877202,7.598044038750062e-05
2335,5.348620247058307,7.604163505491347e-05
2336,5.417956180776861,7.585888308491206e-05
2337,5.530789236836804,7.556008046188423e-05
2338,5.656980054270439,7.52238627515945e-05
2339,5.780707170692055,7.489213918816453e-05
2340,5.891988825747023,7.459205237109893e-05
2341,5.984222062818323,7.434210388771473e-05
2342,6.0537513093138555,7.41529534598894e-05
2343,6.099287922673494,7.402873672133635e-05
2344,6.120667758446681,7.397032437180825e-05
2345,6.117408561240353,7.397923266892936e-05
2346,6.090021796154279,7.405403478438508e-05
2347,6.0362471048979325,7.420063136834434e-05
2348,5.9562406980479565,7.441804922541826e-05
2349,5.854038596947065,7.469457351873305e-05
2350,5.740502660137298,7.500015443618851e-05
2351,5.635893587212304,7.528019371258739e-05
2352,5.568364186238698,7.546019164379668e-05
2353,5.559574560069803,7.548357498323717e-05
2354,5.225601639105302,7.63642521981462e-05
2355,5.2423890446716275,7.632035042391736e-05
2356,5.365793807079957,7.599643133009954e-05
2357,5.52218838593746,7.558291799949048e-05
2358,5.675194400084692,7.51751565285726e-05
2359,5.810447418808958,7.481210004255183e-05
2360,5.921748509865577,7.451152585324576e-05
2361,6.0066008107185835,7.428129184531852e-05
2362,6.06444244075689,7.41238136117468e-05
2363,6.095191161438299,7.403992291338074e-05
2364,6.095686862240955,7.403856951820039e-05
2365,6.069357869554559,7.411041114952359e-05
2366,6.012043548490606,7.42664919548987e-05
2367,5.923486066449739,7.450682063961415e-05
2368,5.808578828368599,7.48171323694102e-05
2369,5.6832455250359475,7.515361321417649e-05
2370,5.580617510983398,7.542757631162557e-05
2371,5.54025230327415,7.55349419403696e-05
2372,5.153725851917558,7.655177614169522e-05
2373,5.2265813269068016,7.63616912306577e-05
2374,5.3917397010859345,7.592806055728026e-05
2375,5.566676545419337,7.546468214075403e-05
2376,5.722010490271285,7.50497642950519e-05
2377,5.8495223176058255,7.470676150239837e-05
2378,5.947512930630793,7.444171681158517e-05
2379,6.016182100630758,7.425523584579832e-05
2380,6.055517263914513,7.414814116956593e-05
2381,6.063953050447729,7.412514781905452e-05
2382,6.031957745491453,7.421230870018134e-05
2383,5.970409603729963,7.437960552565809e-05
2384,5.874123966680756,7.46403371448063e-05
2385,5.751849860086746,7.496969024888391e-05
2386,5.632552920182157,7.528911259082909e-05
2387,5.568456214401443,7.545994676299428e-05
2388,5.194481964857183,7.644553167496816e-05
2389,5.311075971588594,7.614031667853435e-05
2390,5.484576986870498,7.568266836326649e-05
2391,5.648157764732573,7.524743810537258e-05
2392,5.7835465203416065,7.488450276865914e-05
2393,5.887907112611698,7.460308802374201e-05
2394,5.961876194737754,7.440276186856727e-05
2395,6.005542837783678,7.428416824075692e-05
2396,6.016764157313986,7.425365258018006e-05
2397,5.97793444307315,7.43591782106593e-05
2398,5.91031231683815,7.454248464861724e-05
2399,5.807793117020192,7.481924824197858e-05
2400,5.691581145814178,7.513129952028377e-05
2401,5.621417525222525,7.53188309350569e-05
2402,5.340770515180489,7.606228338344788e-05
2403,5.470614918952533,7.571964868551212e-05
2404,5.620903063235178,7.532020353814706e-05
2405,5.75059709423389,7.497305442836081e-05
2406,5.850275152317638,7.470473003002185e-05
2407,5.919632075390088,7.451725651687943e-05
2408,5.958880432384782,7.441088895734375e-05
2409,5.9656772047084,7.439244857748351e-05
2410,5.914207720013993,7.45319413608839e-05
2411,5.834005224724832,7.47486167103338e-05
2412,5.725213157233377,7.504117559764233e-05
2413,5.658717812981378,7.521921779900637e-05
2414,5.54538629000587,7.552129849635579e-05
2415,5.664489659302474,7.520378700692394e-05
2416,5.776704982507145,7.490290124584688e-05
2417,5.862069291178276,7.467289464551803e-05
2418,5.917011573336586,7.452435123338376e-05
2419,5.941657311513853,7.445759027760886e-05
2420,5.934378272656326,7.447731614277954e-05
2421,5.8898675434119685,7.459778791513149e-05
2422,5.7585930656311675,7.495157845727956e-05
2423,5.639977695629523,7.52692879683635e-05
2424,5.757765423321453,7.495380177291986e-05
2425,5.8542746857980985,7.469393631726344e-05
2426,5.9268181868594425,7.44977963283002e-05
2427,5.967507621835658,7.438748143264881e-05
2428,5.976002298880916,7.43644240088651e-05
2429,5.9529103172017805,7.442708157772423e-05
2430,5.898123287507359,7.457546264125989e-05
2431,5.783376383707441,7.488496038049146e-05
2432,5.942895718407743,7.445423356473148e-05
2433,6.010695238742313,7.427015863468624e-05
2434,6.045214343208669,7.417621134995628e-05
2435,6.0448160165832965,7.417729631192127e-05
2436,6.012522636700301,7.426518903525626e-05
2437,5.955717380679576,7.441946861403079e-05
2438,6.078516315022377,7.408543136692407e-05
2439,6.113154336879111,7.399085861514657e-05
2440,6.1103864493905595,7.39984214593558e-05
2441,6.0734297532806,7.409930635969664e-05
2442,6.150149776076868,7.388968031178368e-05
2443,6.148798015849409,7.389338028672548e-05
2444,5.597301169808519,7.538313598214954e-05
2445,5.590099408633612,7.540232394207764e-05
2446,5.617506013974891,7.532926609523645e-05
2447,5.674365467028388,7.51773741075876e-05
2448,5.752923041868015,7.496680815916825e-05
2449,5.842449699526389,7.472584283620504e-05
2450,5.931412851601705,7.448535032175625e-05
2451,6.009948767045125,7.427218853662407e-05
2452,6.071425516673792,7.410477255412439e-05
2453,6.112685897726658,7.39921386247503e-05
2454,6.133045671272383,7.393647974264653e-05
2455,5.45621158122245,7.575776996304777e-05
2456,5.477100417630001,7.570247431094301e-05
2457,5.547053461908,7.551686726106158e-05
2458,5.646179271437812,7.525272370056739e-05
2459,5.757131015802794,7.495550593574962e-05
2460,5.865730997601881,7.466300705320437e-05
2461,5.961391104795155,7.44040779295324e-05
2462,6.037400639235319,7.419749058767675e-05
2463,6.090621485613652,7.405239786499955e-05
2464,6.120351928194511,7.397118768344501e-05
2465,6.126672282928378,7.395390878256294e-05
2466,6.110523005923281,7.399804836170587e-05
2467,6.070227858219982,7.410803870603477e-05
2468,6.00551147948524,7.428425349485828e-05
2469,5.918309348207347,7.452083776488634e-05
2470,5.814855694014267,7.480022623053694e-05
2471,5.707268193892703,7.50892815886198e-05
2472,5.613977878337276,7.533867671948731e-05
2473,5.5566380129049575,7.54913848537295e-05
2474,5.550041855387107,7.550892336351421e-05
2475,5.328102978555546,7.609558682935313e-05
2476,5.394643483022646,7.592040297596625e-05
2477,5.5123925360634045,7.56089163651952e-05
2478,5.647859295101595,7.524823550818592e-05
2479,5.779660079180608,7.489495506739934e-05
2480,5.895328249777065,7.458302201096837e-05
2481,5.988146351024788,7.433144470600049e-05
2482,6.055246041609792,7.414888028622291e-05
2483,6.095960745616323,7.403782173018415e-05
2484,6.1100923644782625,7.399922494552885e-05
2485,6.096521055368127,7.403629187792119e-05
2486,6.055910156990129,7.414707046720434e-05
2487,5.986138054375383,7.433689990586237e-05
2488,5.888725824737556,7.460087466160883e-05
2489,5.7711615728674195,7.491780421284552e-05
2490,5.651367270582569,7.523886271326985e-05
2491,5.560102916283682,7.548216967405473e-05
2492,5.528001404050782,7.556748399403432e-05
2493,5.267043923117277,7.625580314019875e-05
2494,5.381039906839348,7.595626707851176e-05
2495,5.531918095791814,7.55570822985116e-05
2496,5.683069810021028,7.515408348734148e-05
2497,5.816680131690314,7.479531130712596e-05
2498,5.925096186079418,7.450246016733291e-05
2499,6.005549084615194,7.42841512574215e-05
2500,6.057296829445905,7.414329138369609e-05
2501,6.07963218852558,7.408238707234092e-05
2502,6.067241828191779,7.411618115115272e-05
2503,6.025481732448593,7.422993447708074e-05
2504,5.950117900753399,7.4434653801621e-05
2505,5.843567998550926,7.47228261963187e-05
2506,5.71786243658103,7.506088623842783e-05
2507,5.603800358994192,7.53658139211269e-05
2508,5.546658681254759,7.551791659651675e-05
2509,5.298579322809148,7.617311987108157e-05
2510,5.440139795167596,7.580027374461961e-05
2511,5.596966557681514,7.538402765823212e-05
2512,5.739849811335383,7.500190663993123e-05
2513,5.857639657379605,7.46848534967459e-05
2514,5.946882043619476,7.44434272402352e-05
2515,6.006494936075791,7.428157970166921e-05
2516,6.03507165651643,7.420383163915193e-05
2517,6.021520708098164,7.424071254020802e-05
2518,5.977129953033007,7.436136247103469e-05
2519,5.89607828336188,7.458099359437592e-05
2520,5.7841954634812165,7.488275728896687e-05
2521,5.666435188425422,7.519858471086457e-05
2522,5.597194324320574,7.538342070618258e-05
2523,5.4132488136447465,7.587131134964698e-05
2524,5.55354703610728,7.549960417774092e-05
2525,5.690474979170954,7.513426116091435e-05
2526,5.805979207443631,7.482413267833215e-05
2527,5.894451929928005,7.458539186729212e-05
2528,5.954122016304671,7.442379548575676e-05
2529,5.982880319802982,7.434574788290688e-05
2530,5.976560776759324,7.436290778341725e-05
2531,5.912210005576753,7.453734861680504e-05
2532,5.823614970927063,7.477662527153627e-05
2533,5.714950864009855,7.50686915063715e-05
2534,5.648912735303724,7.52454210440082e-05
2535,5.580296358589931,7.542843139860137e-05
2536,5.6978145637519315,7.511460717081437e-05
2537,5.798712697263225,7.484369534444666e-05
2538,5.874506971459758,7.463930240582175e-05
2539,5.922787049981932,7.45087135874885e-05
2540,5.941338403205083,7.44584546491021e-05
2541,5.92552094038309,7.450130980556148e-05
2542,5.841053071928923,7.472961004354024e-05
2543,5.73431727356982,7.501675333835787e-05
2544,5.662255228943726,7.520976119283171e-05
2545,5.76422018758786,7.493645977522897e-05
2546,5.849624576248311,7.470648556889786e-05
2547,5.909041082645698,7.454592493896514e-05
2548,5.939661901640189,7.446299843397945e-05
2549,5.940425616183912,7.446092860080643e-05
2550,5.908495778021928,7.454740061043297e-05
2551,5.808071208452256,7.481849936808645e-05
2552,5.680761417177126,7.516026114903461e-05
2553,5.932967620325274,7.448113814869621e-05
2554,5.983876733197451,7.434304177921879e-05
2555,6.002711305824931,7.429186584114831e-05
2556,5.9899542700092905,7.432653335178218e-05
2557,5.947701040632682,7.444120680733715e-05
2558,5.882928991090395,7.461654432814355e-05
2559,6.06087337683411,7.413354311776906e-05
2560,6.076208649516565,7.409172656867475e-05
2561,6.057222020256454,7.41434952666768e-05
2562,6.009596448930702,7.427314658040273e-05
2563,6.129673580690271,7.394570190285334e-05
2564,6.109121894931068,7.40018763424408e-05
2565,5.465227458875346,7.573391096986645e-05
2566,5.509880658850111,7.56155808374818e-05
2567,5.604496532954715,7.536395809605581e-05
2568,5.724353281273037,7.504348168931614e-05
2569,5.8446465327129316,7.471991666740667e-05
2570,5.949151437136122,7.443727433467442e-05
2571,6.029619819856311,7.42186724600866e-05
2572,6.083142592710987,7.407280904665704e-05
2573,6.109507969808922,7.400082157079269e-05
2574,5.421607242917872,7.584924156237747e-05
2575,5.504496394604181,7.562986339700475e-05
2576,5.626545744179108,7.530514671919358e-05
2577,5.758461083211509,7.495193301094676e-05
2578,5.878050376422613,7.46297285086601e-05
2579,5.97376422705707,7.43704997999155e-05
2580,6.041006615964052,7.418767132543444e-05
2581,6.0784900114849325,7.408550312556772e-05
2582,6.084549605168489,7.406896961509329e-05
2583,6.060899015103892,7.413347323196818e-05
2584,6.005794745044505,7.428348337350197e-05
2585,5.9196437303065705,7.45172249604947e-05
2586,5.806823271360374,7.48218598646481e-05
2587,5.680801583110114,7.516015366408026e-05
2588,5.569806570882303,7.54563534230402e-05
2589,5.50955817432977,7.561643638624e-05
2590,5.4423054339852905,7.57945485045802e-05
2591,5.547728722909,7.551507235396662e-05
2592,5.676396885707925,7.517193945068667e-05
2593,5.801845916965898,7.483526104552875e-05
2594,5.907383849969764,7.455040952476006e-05
2595,5.985375382296537,7.433897143940258e-05
2596,6.032600004123454,7.421056036914088e-05
2597,6.04692144708602,7.417156130970987e-05
2598,6.021472536671538,7.424084360361767e-05
2599,5.964182189116664,7.439650523124369e-05
2600,5.872947732073835,7.464351478080454e-05
2601,5.756597186250422,7.495693988194363e-05
2602,5.641355525436661,7.526560826183751e-05
2603,5.572659703349925,7.544876034097e-05
2604,5.520597942633395,7.558713994978304e-05
2605,5.627143116342508,7.530355245277276e-05
2606,5.741631921754315,7.49971234377667e-05
2607,5.844873847351951,7.471930342808568e-05
2608,5.9252384435422005,7.450207489416891e-05
2609,5.97658774715598,7.43628345597946e-05
2610,5.99456592135863,7.43140035223628e-05
2611,5.964993376396812,7.43943041491049e-05
2612,5.904029602248324,7.455948525250829e-05
2613,5.809568082973727,7.481446825147807e-05
2614,5.702925192904204,7.510091764939721e-05
2615,5.636968296881026,7.52773241455402e-05
2616,5.637040188760371,7.52771321825239e-05
2617,5.7273252881592045,7.503551067994773e-05
2618,5.812533198450859,7.480648225644215e-05
2619,5.881327702968509,7.462087206246173e-05
2620,5.92553240749674,7.450127874886008e-05
2621,5.938556670828031,7.446599371640043e-05
2622,5.898113755717818,7.457548842236891e-05
2623,5.827287374154394,7.476672735600927e-05
2624,5.731268012874278,7.502493436407378e-05
2625,5.674989204799662,7.517570547983611e-05
2626,5.771862214307195,7.491592082486868e-05
2627,5.835634043468774,7.474422468504794e-05
2628,5.882866568930165,7.461671304018979e-05
2629,5.90779243253967,7.454930390548726e-05
2630,5.904257887732497,7.455886761757329e-05
2631,5.864674872455864,7.466585905569056e-05
2632,5.748507951648043,7.497866415204476e-05
2633,5.654614879717491,7.523018410948725e-05
2634,5.9048559522199,7.455724949940387e-05
2635,5.937163813611166,7.446976826776449e-05
2636,5.943916920184598,7.445146543815344e-05
2637,5.922765085008235,7.450877306795935e-05
2638,5.871218034560764,7.464818728541867e-05
2639,5.76664850527293,7.492993419118108e-05
2640,6.012708004462521,7.42646849044878e-05
2641,6.011354751361695,7.426836514320239e-05
2642,5.981151160233617,7.435044370592533e-05
2643,5.927444157574567,7.449610086357662e-05
2644,6.073336074681095,7.409956186268043e-05
2645,6.038918300983908,7.419335811973157e-05
2646,5.530135046358718,7.556181786297507e-05
2647,5.608358341705171,7.535366229916853e-05
2648,5.724071347840646,7.50442377820074e-05
2649,5.842703333618349,7.472515866624793e-05
2650,5.941087869451414,7.445913368840233e-05
2651,6.009369447826918,7.42737638464328e-05
2652,6.044276365143107,7.41787661818293e-05
2653,5.588506667132169,7.540656660802259e-05
2654,5.668500817459977,7.519306071648168e-05
2655,5.772271267975733,7.491482122131206e-05
2656,5.870957887848533,7.464888999674181e-05
2657,5.946022557588748,7.444575735158654e-05
2658,5.988931341401303,7.432931226982594e-05
2659,5.992416147105661,7.431984478867497e-05
2660,5.9591571057463035,7.441013842963765e-05
2661,5.890087285458796,7.459719380175717e-05
2662,5.792739589967294,7.485977073087433e-05
2663,5.689291851563448,7.513742867538903e-05
2664,5.620952409225283,7.53200718828116e-05
2665,5.671682927969618,7.51845498624744e-05
2666,5.7391763933486235,7.5003713990708e-05
2667,5.817277309684684,7.479370245084173e-05
2668,5.884783964233824,7.461153055023514e-05
2669,5.926518224355097,7.449860876968718e-05
2670,5.933566046094399,7.447951681214504e-05
2671,5.891540597680794,7.459326434360165e-05
2672,5.821207800159281,7.478311214990535e-05
2673,5.734944331313207,7.501507081816577e-05
2674,5.681835464761284,7.515738689899445e-05
2675,5.7670819239717055,7.49287693890218e-05
2676,5.81224518689119,7.480725801363521e-05
2677,5.854077712457428,7.469446794686383e-05
2678,5.878743055340586,7.46278567728951e-05
2679,5.873932466678581,7.464085450063968e-05
2680,5.815248326075777,7.479916854085884e-05
2681,5.73602354029217,7.501217496424282e-05
2682,5.693648754736225,7.51257632848801e-05
2683,5.863333341116597,7.46694815694734e-05
2684,5.880078195017338,7.462424882202194e-05
2685,5.879654737826451,7.462539315659922e-05
2686,5.853227766173989,7.469676188721517e-05
2687,5.773019625658995,7.49128094553978e-05
2688,5.653458685901004,7.523327397452432e-05
2689,5.945035779434534,7.444843244004192e-05
2690,5.930845349638023,7.448688771731553e-05
2691,5.892698088610066,7.459013452788792e-05
2692,5.833150242778992,7.47509219850924e-05
2693,5.993067830893392,7.431807412704047e-05
2694,5.950471716515837,7.443369441191623e-05
2695,5.682982905055901,7.515431607307245e-05
2696,5.739094477890963,7.500393383514552e-05
2697,5.8187702721776535,7.478968005729907e-05
2698,5.887726926934425,7.460357513819993e-05
2699,5.926552627287596,7.449851559074903e-05
2700,5.749723811061144,7.497539942124077e-05
2701,5.784096887684115,7.488302243450844e-05
2702,5.828529888837365,7.476337810991893e-05
2703,5.8578264861842015,7.468434915992172e-05
2704,5.851161715378835,7.470233760547506e-05
2705,5.812301376543849,7.480710666804365e-05
2706,5.756044422034471,7.4958424649654e-05
2707,5.724655379636718,7.504267150631812e-05
2708,5.814175874815696,7.480205750960897e-05
2709,5.819934385544109,7.478654345712481e-05
2710,5.818653218491659,7.478999543818726e-05
2711,5.794160961383762,7.48559458302125e-05
2712,5.727109018873234,7.503609076013265e-05
2713,5.7011867116298225,7.510557480087226e-05
2714,5.868109168747483,7.465658440933424e-05
2715,5.843412863861697,7.472324468588654e-05
2716,5.7978030312704885,7.484614382708653e-05
2717,5.7153456653532375,7.506763319935609e-05
2718,5.900263143224274,7.456967456566575e-05
2719,5.852131070841429,7.46997216442814e-05
2720,5.760496046271629,7.494646608967158e-05
2721,5.761927426942469,7.494262036152382e-05
2722,5.77632747175678,7.490391627922834e-05
2723,5.786293905490389,7.487711267222173e-05
2724,5.753601829742554,7.496498515746809e-05
2725,5.707375411803215,7.508899429137688e-05
2726,5.69827479369242,7.511337452447266e-05
2727,5.8001952892201025,7.483970452392383e-05
2728,5.745736642328213,7.498610472221892e-05
2729,5.692258155928004,7.512948681893331e-05
