Mode_Index,Frequency_THz,Cv_Anharmonic_eV_K
0,0.0,0.0
1,0.22861285634193443,8.613215985736302e-05
2,0.45117577636310435,8.601417462277618e-05
3,0.662171002858357,8.583479715946385e-05
4,0.8572556220561026,8.56145759511594e-05
5,1.034122563371707,8.537365960648195e-05
6,1.1934823185035288,8.512613767795058e-05
7,1.3396730775044468,8.48761209397954e-05
8,1.4800967973001717,8.461727970390048e-05
9,1.623037505888496,8.433683011626807e-05
10,1.7745389694713514,8.402280201683694e-05
11,1.9352680488518421,8.367280552983767e-05
12,2.0890880752794625,8.332340404664755e-05
13,0.19453339751150275,8.614349402811246e-05
14,0.3503481666352646,8.607693302567547e-05
15,0.5440170397480053,8.594309002654277e-05
16,0.7334277919090325,8.576017518289555e-05
17,0.9080745257473786,8.554920039303129e-05
18,1.0647197117289782,8.532828190422823e-05
19,1.2046695378140402,8.510775213193689e-05
20,1.3332343706985579,8.488756464054954e-05
21,1.4585279812658674,8.465815447342063e-05
22,1.5891822183869586,8.440470839402763e-05
23,1.7317458101334018,8.411314436261806e-05
24,1.8886750954870126,8.377593223165437e-05
25,1.9983242394033578,8.353118941702472e-05
26,1.8374150316413749,8.388784059015727e-05
27,1.6855213211519728,8.420930142022258e-05
28,1.5465005127091773,8.4489018182755e-05
29,1.4165477653237082,8.473656950204555e-05
30,1.2881544505382618,8.496659534740324e-05
31,1.1526719432776067,8.51921131823253e-05
32,1.0028747826042588,8.541890743854352e-05
33,0.8348269251276559,8.564240645329615e-05
34,0.648950838413249,8.584788213138442e-05
35,0.4524772520637583,8.601326536911925e-05
36,0.2769536128453171,8.611293478581685e-05
37,0.36517673661131433,8.606866205544968e-05
38,0.48014674412876934,8.599334372386494e-05
39,0.6331155908221412,8.586323809863236e-05
40,0.7901871980962877,8.569589544863837e-05
41,0.9378341444532503,8.5509450673671e-05
42,1.0718484085300766,8.531755929934974e-05
43,1.193896923178171,8.512545858098445e-05
44,1.3100095018039135,8.492852084710398e-05
45,1.4286773159057855,8.471406947214421e-05
46,1.5582166073969916,8.446601798596218e-05
47,1.704199953766213,8.417062768134477e-05
48,1.8680040673937315,8.38212586410059e-05
49,1.7573594315900387,8.40592205181836e-05
50,1.602185365836174,8.437874123419885e-05
51,1.464524950184951,8.464682917798004e-05
52,1.3400966082249175,8.487536683734867e-05
53,1.2206051345066267,8.508134339312288e-05
54,1.0971403084551694,8.527906433791296e-05
55,0.96322094528781,8.54747024394875e-05
56,0.8172844894662322,8.566373046255039e-05
57,0.6656719947795826,8.583129177244423e-05
58,0.5292895061044786,8.595520173862892e-05
59,0.4935158359020162,8.598331551497883e-05
60,0.5739649798135301,8.591750297568179e-05
61,0.6898782464758695,8.580659723356786e-05
62,0.8164278766596913,8.566476169734494e-05
63,0.9407663990501262,8.550547637503362e-05
64,1.058757654560746,8.533720632632451e-05
65,1.1724121357017063,8.51604164261629e-05
66,1.2877560620016162,8.496728515656224e-05
67,1.4121879459549085,8.474462537931149e-05
68,1.5515470383884005,8.447912457540465e-05
69,1.708001842272144,8.416272554864997e-05
70,1.6856243071325487,8.420908887402604e-05
71,1.5179617316238727,8.454458330603938e-05
72,1.3733094585226073,8.48157172154758e-05
73,1.24991889941971,8.503209888774938e-05
74,1.1403839622257383,8.52116372548263e-05
75,1.036062125457529,8.5370814380336e-05
76,0.9312670094758924,8.551831419831292e-05
77,0.8265767115073817,8.565248387369878e-05
78,0.7315184040088711,8.5762263723381e-05
79,0.5707615563879945,8.592030099330187e-05
80,0.6217422834141383,8.587405256469706e-05
81,0.7094970019276855,8.578599967673914e-05
82,0.8153823919765493,8.566601903550721e-05
83,0.9277322935771551,8.55230634757418e-05
84,1.042367156276011,8.536153587723974e-05
85,1.1606833337649256,8.517929845412874e-05
86,1.2870012485163955,8.496859169663872e-05
87,1.4255789186680414,8.471982914121307e-05
88,1.578162517452644,8.442661239642896e-05
89,1.6164663898093918,8.435007312228507e-05
90,1.4333624772627749,8.470534428230276e-05
91,1.2781053073229804,8.498394871777694e-05
92,1.1539739531022497,8.519003512091201e-05
93,1.0565219565328765,8.534054265466162e-05
94,0.9782083541252347,8.545383039472183e-05
95,0.913285648195508,8.554231733148391e-05
96,0.8610920686706017,8.560975227752992e-05
97,0.6008656443231164,8.589343349877624e-05
98,0.6321829228020998,8.586413170724335e-05
99,0.7057002431447255,8.57900263612338e-05
100,0.805558424517008,8.567776535148866e-05
101,0.9198657683063628,8.553357894437327e-05
102,1.0432495822636172,8.536023371766994e-05
103,1.175147262418463,8.515599260019742e-05
104,1.316879573732347,8.491645852631927e-05
105,1.468958635272699,8.463843654516704e-05
106,1.562978988345045,8.445663773644679e-05
107,1.351661180085781,8.485471188271594e-05
108,1.187417043625124,8.513605207021772e-05
109,1.0640598044053373,8.532927164754267e-05
110,0.9814944806662436,8.544921877533171e-05
111,0.9336070316590994,8.55151618561973e-05
112,0.9128077654253516,8.55429499132254e-05
113,0.6022628510854203,8.5892155467013e-05
114,0.6287189251741563,8.586744005919023e-05
115,0.7035241410036066,8.579232549915287e-05
116,0.8100690328493161,8.567238746613958e-05
117,0.9349929121598781,8.551329177755944e-05
118,1.0713621390901942,8.531829251075422e-05
119,1.2165458217929217,8.508809491341087e-05
120,1.3691895983347468,8.482317113161013e-05
121,1.4936200102639703,8.459145284367067e-05
122,1.276419406862923,8.498685046343361e-05
123,1.1100054617250616,8.525921501147708e-05
124,0.9930500421291588,8.543290210929441e-05
125,0.9293929140252067,8.552083412340238e-05
126,0.9133125630470892,8.554228169557639e-05
127,0.6038498057131322,8.589070054573844e-05
128,0.6392535108602359,8.585732713506515e-05
129,0.7242496284170049,8.57701700893127e-05
130,0.8406880282464705,8.56351949024786e-05
131,0.9749109062565039,8.545844519327143e-05
132,1.1195405483206364,8.524438802208965e-05
133,1.270706074334121,8.49966636685962e-05
134,1.4217004037415195,8.472702718759377e-05
135,1.2124636055688207,8.509486776334353e-05
136,1.0558166481927047,8.534159402629107e-05
137,0.955364117486855,8.548553832639552e-05
138,0.9157735931208529,8.553901951684632e-05
139,0.6296242715425818,8.586657700156185e-05
140,0.6776083150269423,8.581921444640642e-05
141,0.7700905102179731,8.571913753412726e-05
142,0.8902404814654188,8.557250549233735e-05
143,1.02607742614772,8.538541580334711e-05
144,1.1705485653265622,8.516342613692024e-05
145,1.3189202154408366,8.491286703927137e-05
146,1.1791418253308954,8.514951781554937e-05
147,1.0374328233725116,8.536880107777753e-05
148,0.9664314211871838,8.547025365468376e-05
149,0.6814880325282143,8.581524704514591e-05
150,0.7348022087975703,8.57586688080775e-05
151,0.8258078578505461,8.565341860680288e-05
152,0.94116901506037,8.550492987686365e-05
153,1.070878956460433,8.531902080838479e-05
154,1.20793000173456,8.510236975767282e-05
155,1.1592682402151873,8.518156688093305e-05
156,1.0681433540295513,8.532313928215849e-05
157,0.7422612361393943,8.575044991120577e-05
158,0.7911163045470125,8.569480824383497e-05
159,0.872982697602814,8.559468525385318e-05
160,0.9777034587823621,8.545453782485987e-05
161,1.096358877897266,8.52802641910584e-05
162,1.1869626950964027,8.513679323396978e-05
163,0.7925696314112649,8.569310537693693e-05
164,0.83042855620347,8.564778969141353e-05
165,0.8992574603113653,8.556077096612094e-05
166,0.9907971186026436,8.543609547549189e-05
167,0.8202245168722189,8.566018398063386e-05
168,0.8443250167933286,8.56306981151625e-05
169,0.4182194626660712,8.60363618045578e-05
170,0.564660280979772,8.592558976646555e-05
171,0.7329601192467855,8.576068718431915e-05
172,0.8947272235590806,8.556667899726277e-05
173,1.041386643574442,8.536298174973885e-05
174,1.1728816286190373,8.515965761484402e-05
175,1.294427628882208,8.495571326816659e-05
176,1.4144219860657357,8.474049950793347e-05
177,1.5417897923415673,8.44982351183506e-05
178,1.6828195466267806,8.421487471535046e-05
179,1.8345393548760638,8.389406934325724e-05
180,0.5371750502318156,8.594875559027904e-05
181,0.6512037168989154,8.58456692911078e-05
182,0.7872566989784341,8.56993172848092e-05
183,0.921295799024975,8.553167292969629e-05
184,1.0454281987345269,8.535701506753351e-05
185,1.160689426534457,8.517928868274965e-05
186,1.273284993020712,8.499223804756883e-05
187,1.3915184610279554,8.478258891539494e-05
188,1.522072864709584,8.453661949969986e-05
189,1.663039763933122,8.425551617786462e-05
190,1.7344463894049715,8.410748020797518e-05
191,1.6073382808652763,8.436841504436485e-05
192,1.4648179458408164,8.464627507270836e-05
193,1.3375507294678926,8.48798973051668e-05
194,1.2224655480434745,8.507824357799348e-05
195,1.1112262861357687,8.52573221130309e-05
196,0.9959643426160594,8.542876254722084e-05
197,0.8732291100392306,8.559437115670275e-05
198,0.7473612119372408,8.574478797154904e-05
199,0.6344616829054569,8.586194625136602e-05
200,0.6115126463976149,8.588362553156252e-05
201,0.6970326078073162,8.579914613186526e-05
202,0.8063878121198287,8.567677845262185e-05
203,0.9199599343974574,8.553345351129771e-05
204,1.031471592855054,8.537754153365804e-05
205,1.1424690202591266,8.52083356020786e-05
206,1.2583557282586473,8.501776794986931e-05
207,1.384468446292693,8.479545062120797e-05
208,1.5198059476438521,8.454101251744046e-05
209,1.620945043330536,8.434105066893877e-05
210,1.5245012751819864,8.453190889568896e-05
211,1.3770094670156618,8.480900982579309e-05
212,1.2466631353446593,8.503761043018689e-05
213,1.1369942083097329,8.521699502793119e-05
214,1.0416360597421,8.536261406131701e-05
215,0.9536108051999468,8.54879464567776e-05
216,0.870525725820944,8.559781298513337e-05
217,0.7975555268557623,8.568724265009614e-05
218,0.6415547135612731,8.585509757196945e-05
219,0.708214673839925,8.578736182860692e-05
220,0.8032565829680289,8.568049971176403e-05
221,0.9100721739761612,8.554656572207774e-05
222,1.0228024886766751,8.539018032246827e-05
223,1.1417619196751403,8.520945579966021e-05
224,1.269259408104237,8.499914342713568e-05
225,1.4040118612958583,8.475968762442576e-05
226,1.5171105138515928,8.45462305074454e-05
227,1.445188460799357,8.468323622506977e-05
228,1.290352204117839,8.496278720023381e-05
229,1.155722447291566,8.518724164890424e-05
230,1.0526307529785166,8.534633616385652e-05
231,0.9776028629907215,8.545467873819713e-05
232,0.9241467284698748,8.552786569590203e-05
233,0.8883174377528303,8.557499518707339e-05
234,0.6441729989047281,8.585255188992488e-05
235,0.7062704087255346,8.578942290467999e-05
236,0.8016069481899243,8.5682455123958e-05
237,0.9142996708111898,8.554097413362699e-05
238,1.0374372228926034,8.536879461227249e-05
239,1.1688643767370728,8.516614303511834e-05
240,1.3059655983126435,8.493560017179467e-05
241,1.427919056716047,8.471547978694618e-05
242,1.3741916206313178,8.48141191524134e-05
243,1.2127141455295318,8.509445257479941e-05
244,1.076340569053776,8.531077351700062e-05
245,0.9828286833978455,8.544734280498188e-05
246,0.9312930270119045,8.551827918517654e-05
247,0.9144326826450195,8.554079785046931e-05
248,0.6467788421513521,8.585000890039104e-05
249,0.7169508979549893,8.577803806959864e-05
250,0.8212450266433812,8.565895038728806e-05
251,0.9438766415536649,8.550124959800129e-05
252,1.077028197030475,8.530973282987543e-05
253,1.2158856491579906,8.508919135380734e-05
254,1.345508382402761,8.48657164814111e-05
255,1.3278134700988125,8.489716943874562e-05
256,1.1492648023206882,8.519754267599212e-05
257,1.0187610567025163,8.539604310514133e-05
258,0.9407551431350858,8.550549165066909e-05
259,0.9148341312537559,8.554026567266922e-05
260,0.6720910655260579,8.582482105957312e-05
261,0.7531417774027377,8.573832891412272e-05
262,0.8645191278686482,8.560542779502391e-05
263,0.992131954930074,8.543420414729814e-05
264,1.1281070241395965,8.523098387804889e-05
265,1.261910665906989,8.501170854637891e-05
266,1.270439970929835,8.499711995439661e-05
267,1.1065694419445642,8.526453393514512e-05
268,0.9946577004276429,8.543061976010642e-05
269,0.9405427055043709,8.550577992576023e-05
270,0.7221842766303607,8.57724037487067e-05
271,0.8071364798369219,8.567588684488229e-05
272,0.9176646922081938,8.553650780995105e-05
273,1.0423918334090925,8.536149947414242e-05
274,1.1728637303724472,8.515968654682989e-05
275,1.2252168170503344,8.507365304913645e-05
276,1.095292325555997,8.528190076179973e-05
277,1.017212756513298,8.539828423209973e-05
278,0.7810351527261962,8.570654503652872e-05
279,0.860817107657113,8.561009860571501e-05
280,0.9633325116296779,8.547454804503802e-05
281,1.0796217342577439,8.530580295986267e-05
282,1.1945959754558402,8.512431317772931e-05
283,1.1318761596723237,8.522506136079458e-05
284,0.8300041323054589,8.564830785349831e-05
285,0.898658983930969,8.556155289991912e-05
286,0.9893772774609529,8.543810497386163e-05
287,1.0946014419057823,8.528296022549958e-05
288,0.8570261424323913,8.561486389905553e-05
289,0.9121373261825066,8.554383691772721e-05
290,0.7040022335399777,8.579182092216562e-05
291,0.7923116710104874,8.569340782918418e-05
292,0.8941567660881058,8.556742116630474e-05
293,0.9969836711392341,8.542731233754745e-05
294,1.0987001841425539,8.527666722567176e-05
295,1.204057357238114,8.510876151511965e-05
296,1.3198359221594378,8.491125414098178e-05
297,1.4481231706795397,8.46777312818655e-05
298,1.5677055010210383,8.444731046349722e-05
299,0.7338935660119633,8.575966497099765e-05
300,0.8048548955290997,8.567860179695361e-05
301,0.8926285635076362,8.556940740023033e-05
302,0.9873012460593174,8.544103895522721e-05
303,1.087780870506904,8.529339150910076e-05
304,1.197372542618369,8.51197588113771e-05
305,1.317244697612647,8.491581620382693e-05
306,1.4326688828855694,8.470663716678709e-05
307,1.465545125412423,8.464489953658417e-05
308,1.3637093332595382,8.483306249105891e-05
309,1.236917277629779,8.505404604986577e-05
310,1.1248857210885992,8.523603354292593e-05
311,1.0314130419796597,8.537762718219758e-05
312,0.9518936584865318,8.549030137664816e-05
313,0.8828119128782937,8.558209780311943e-05
314,0.8266843540432826,8.565235294741801e-05
315,0.738582462735467,8.575451267229773e-05
316,0.805004361755876,8.567842414553838e-05
317,0.8922135626963406,8.55699462895994e-05
318,0.9911649659423296,8.543557447963289e-05
319,1.0995859441079079,8.527530486968909e-05
320,1.216409019843277,8.508832215553151e-05
321,1.330588433616135,8.489225615962323e-05
322,1.385285290576139,8.47939626918188e-05
323,1.2887271146925228,8.496560351311451e-05
324,1.1609749988854665,8.517883064780904e-05
325,1.0535580218262686,8.534495711596695e-05
326,0.9752956147891709,8.545790744808727e-05
327,0.9230281638157384,8.552936063782078e-05
328,0.8925505637390411,8.556950870110437e-05
329,0.7429594576282604,8.57496767857986e-05
330,0.8165779613625764,8.56645810853444e-05
331,0.91204575288459,8.554395802863702e-05
332,1.020134923074106,8.539405217175786e-05
333,1.136237465548292,8.521818945306756e-05
334,1.251278369590077,8.502979440370731e-05
335,1.3188156184939268,8.491305122300983e-05
336,1.2292273697824345,8.5066947793212e-05
337,1.1010906059215897,8.527298864588512e-05
338,1.0013757373685186,8.542104994400518e-05
339,0.9413576765341365,8.550467372708213e-05
340,0.9174990491546918,8.553672798578215e-05
341,0.7675400427056289,8.572204954714643e-05
342,0.851461377223247,8.562182629690579e-05
343,0.9544734744886921,8.548676205811292e-05
344,1.0676962083760897,8.532381167464549e-05
345,1.1829367662460955,8.514335131324941e-05
346,1.2641780583685356,8.50078373083909e-05
347,1.1844025286818263,8.514096557716171e-05
348,1.0619989692768232,8.533235941300079e-05
349,0.9769467125195125,8.545559757482521e-05
350,0.9387539985905134,8.550820503623813e-05
351,0.8145988117128294,8.566696048184678e-05
352,0.9029649425613924,8.555591722737194e-05
353,1.006650081571312,8.541350011944822e-05
354,1.1173938900031446,8.524773460311963e-05
355,1.2128394739993287,8.509424485977834e-05
356,1.1666223349523266,8.516975526788264e-05
357,1.05055431875572,8.534942077300875e-05
358,0.9901917520864509,8.543695253618383e-05
359,0.8700646825986965,8.559839905876904e-05
360,0.9545189619263574,8.548669958178309e-05
361,1.0522728940439041,8.534686811935966e-05
362,1.1545625109465925,8.518909517338338e-05
363,1.156264825374241,8.518637446909182e-05
364,1.0775132763096928,8.530899837514474e-05
365,0.9166464117203194,8.553786080131963e-05
366,0.9913785367562392,8.543527191920026e-05
367,1.0807009963944585,8.53041654180658e-05
368,1.183628103169588,8.514222634043212e-05
369,0.9425408428162936,8.550306634638834e-05
370,1.0048624188730362,8.541606261714538e-05
371,0.8321320262551601,8.564570769451526e-05
372,0.8831312028406171,8.558168691178064e-05
373,0.9506391583222612,8.549201960111033e-05
374,1.0326877825146632,8.537576160543047e-05
375,1.1307997804682484,8.52267542435273e-05
376,1.2422963433978027,8.504498632720998e-05
377,1.3414313301199439,8.487298925894814e-05
378,0.8373332308038558,8.563932798750503e-05
379,0.8946994796694008,8.556671510148755e-05
380,0.9697109975473549,8.546569657207507e-05
381,1.0591753372919877,8.533658240039746e-05
382,1.160026166771095,8.518035216837767e-05
383,1.254788727302239,8.502383545818392e-05
384,1.2715778278687082,8.499516839615308e-05
385,1.180711788099418,8.5146968544498e-05
386,1.076759257166793,8.531013991771672e-05
387,0.9930110205202116,8.54329574699392e-05
388,0.9337343467008961,8.55149901560775e-05
389,0.8971573917386745,8.556351286103427e-05
390,0.8613838049334023,8.560938471679068e-05
391,0.9289166234411013,8.552147387434002e-05
392,1.0115753340486884,8.540642106651334e-05
393,1.1044925689315896,8.52677427124897e-05
394,1.1956162600227578,8.512264053480917e-05
395,1.2292142159446977,8.506696981147614e-05
396,1.137499390290658,8.52161973216997e-05
397,1.0423237690469747,8.536159987934426e-05
398,0.9759410452200331,8.545700487624147e-05
399,0.9410633103950563,8.550507337578115e-05
400,0.9065530875703003,8.555120373718063e-05
401,0.9794269783780083,8.545212169954998e-05
402,1.0634333323521412,8.533021079564952e-05
403,1.1505062048289172,8.519556583889215e-05
404,1.1956108275870854,8.51226494435028e-05
405,1.111570374666395,8.525678830998051e-05
406,1.031022982976116,8.537819766334513e-05
407,0.9864649805756309,8.544221940158307e-05
408,0.9599332378607515,8.547924562970115e-05
409,1.0303029916375142,8.537925023373575e-05
410,1.1090221811598777,8.526073842471206e-05
411,1.1707801814462298,8.516305226779176e-05
412,1.1054012480045234,8.526633937504415e-05
413,1.0495120571193304,8.535096726319914e-05
414,1.0050877400963945,8.54157398367165e-05
415,1.0673058936105522,8.532439842662521e-05
416,1.140281388774775,8.52117995591568e-05
417,1.1381014597530494,8.521524627144217e-05
418,1.03034007267024,8.537919603857362e-05
419,1.0819751459871583,8.530223052675485e-05
420,0.9208347083745546,8.55322877639728e-05
421,0.9678172486893667,8.546832954577031e-05
422,1.0342314062541886,8.537350005305075e-05
423,1.117996540858543,8.524679558744399e-05
424,1.1996832107413369,8.51159626472164e-05
425,0.9656612334936153,8.547132201915073e-05
426,1.018720658721621,8.539610161507347e-05
427,1.0858152358174595,8.529638826514817e-05
428,1.156929144950369,8.518531190273844e-05
429,1.165091301960349,8.51722189583659e-05
430,1.0932551545393512,8.528502324755261e-05
431,1.028226345897798,8.538228282741351e-05
432,0.9868877479889945,8.544162273807222e-05
433,1.0188713381865286,8.539588337077451e-05
434,1.0702214908919292,8.532001138599037e-05
435,1.1298626642267027,8.522822709290177e-05
436,1.1522133496090883,8.519284469210243e-05
437,1.0854855750007346,8.529689044240624e-05
438,1.0435638855832634,8.53597697013316e-05
439,1.0640845205313798,8.532923458649253e-05
440,1.1079108672866385,8.526245894299153e-05
441,1.146225032193556,8.52023764104511e-05
442,1.099912807458198,8.527480191706893e-05
443,1.0894577082070371,8.52908316972821e-05
444,1.125506346107496,8.523506152434926e-05
445,1.04157009909002,8.536271130709844e-05
446,1.0811998621523118,8.530340806601795e-05
447,1.1340952330114575,8.522156740043437e-05
448,1.0881281532772382,8.529286161028488e-05
449,1.1193582299671267,8.524467244389523e-05
450,1.1231081575672373,8.523881526717076e-05
451,1.0921654916271057,8.528669157380233e-05
452,1.1142868119773393,8.525256966715259e-05
453,1.1377682865458854,8.521577261122721e-05
454,1.119458966610892,8.524451529628786e-05
455,0.0,0.0
456,0.22861285634193443,8.613215985736302e-05
457,0.45117577636310435,8.601417462277618e-05
458,0.662171002858357,8.583479715946385e-05
459,0.8572556220561026,8.56145759511594e-05
460,1.034122563371707,8.537365960648195e-05
461,1.1934823185035288,8.512613767795058e-05
462,1.3396730775044468,8.48761209397954e-05
463,1.4800967973001717,8.461727970390048e-05
464,1.623037505888496,8.433683011626807e-05
465,1.7745389694713514,8.402280201683694e-05
466,1.9352680488518421,8.367280552983767e-05
467,2.0890880752794625,8.332340404664755e-05
468,0.19453339751150275,8.614349402811246e-05
469,0.38550288931193044,8.605678444413525e-05
470,0.6128597957472176,8.588237322184572e-05
471,0.8255839149089952,8.565369072387817e-05
472,1.0205603537862873,8.539343522308605e-05
473,1.1995523995429054,8.511617770062424e-05
474,1.3672232975818654,8.482672326011859e-05
475,1.5306931850331162,8.451987627573272e-05
476,1.6973364732397478,8.418486730104208e-05
477,1.8708240860838938,8.381509071243486e-05
478,2.042810425363942,8.342991335423863e-05
479,2.124059849826509,8.324215767957476e-05
480,2.0547074690361353,8.340264289825126e-05
481,2.1432659585277927,8.319726714815381e-05
482,1.9880700614903846,8.355437563843631e-05
483,1.8092064652319972,8.394870995758913e-05
484,1.6400178724993755,8.43024587221099e-05
485,1.4806452091058941,8.461623530851354e-05
486,1.3247552367250421,8.490257593008607e-05
487,1.164155447499192,8.517372370161676e-05
488,0.992473488068934,8.543371989681373e-05
489,0.807147769651965,8.567587339404285e-05
490,0.6099425375248546,8.58850818985642e-05
491,0.4083086402160561,8.604271772715996e-05
492,0.36517673661131433,8.606866205544968e-05
493,0.5114024788236536,8.596949089944169e-05
494,0.7184686136571036,8.577640785052596e-05
495,0.9319062285667905,8.551745373268353e-05
496,1.139288677642593,8.521336977215926e-05
497,1.3402089474231889,8.487516678791908e-05
498,1.5381911951500815,8.450526412204172e-05
499,1.7366089963210007,8.410294074575425e-05
500,1.9325398084511631,8.367888016249311e-05
501,2.092355056754057,8.331584149873884e-05
502,2.077455225629703,8.335028607102064e-05
503,1.926640467879806,8.369200029231606e-05
504,2.0465514562027334,8.34213465066745e-05
505,2.205717895056168,8.305000607817971e-05
506,2.02258264856182,8.347610047220813e-05
507,1.8199909267252101,8.392549979384634e-05
508,1.6341505172969313,8.431435972080259e-05
509,1.462754356376857,8.465017612714238e-05
510,1.2983716347945728,8.494885231632392e-05
511,1.1331215235470864,8.522310116487043e-05
512,0.962265885758825,8.547602352584168e-05
513,0.7858562865172665,8.570094856552824e-05
514,0.4935158359020162,8.598331551497883e-05
515,0.6052895175086228,8.5889377557956e-05
516,0.7922169345080766,8.569351888381185e-05
517,1.0081613725066836,8.541133091179528e-05
518,1.234357150049009,8.505834785328514e-05
519,1.4636862604531715,8.464841488253582e-05
520,1.6910562160022429,8.419786751476965e-05
521,1.904209907087821,8.37416946473597e-05
522,2.0539586131978993,8.340436171214352e-05
523,2.022706092318781,8.347581929604536e-05
524,1.8681489763778674,8.382094181819598e-05
525,1.8797050226267393,8.379563396161172e-05
526,2.0621447461042814,8.33855558897143e-05
527,2.2463817729316222,8.29530886171066e-05
528,2.0267281080265023,8.346665343090428e-05
529,1.8087920575911747,8.394960032484725e-05
530,1.6149402355530398,8.435314416355681e-05
531,1.4408245654724643,8.469140834859586e-05
532,1.2782201613285076,8.498375093275587e-05
533,1.1198261999308077,8.52439423256461e-05
534,0.5707615563879945,8.592030099330187e-05
535,0.6578821521110763,8.583906848207096e-05
536,0.8373116775639974,8.563935449496157e-05
537,1.0640724621571163,8.532925266772882e-05
538,1.3105331788624657,8.492760295650255e-05
539,1.5591849065482277,8.446411222089852e-05
540,1.7907260760148724,8.398830583771237e-05
541,1.9596888549395868,8.361823443219365e-05
542,1.9596112748625767,8.361840834930558e-05
543,1.8122192126004968,8.394223360236051e-05
544,1.7430574230375744,8.40893858718987e-05
545,1.915907551898012,8.371581673585174e-05
546,2.090933650323501,8.331913252775517e-05
547,2.2254727509026395,8.300302254095728e-05
548,2.0120350128070266,8.350009403640176e-05
549,1.7910146255182473,8.398768932864185e-05
550,1.5991101628849065,8.438489411378748e-05
551,1.4311413422305082,8.470948308493588e-05
552,0.6008656443231164,8.589343349877624e-05
553,0.676529138993052,8.582031436800582e-05
554,0.8634071918587366,8.560683251270676e-05
555,1.10702240709852,8.526383348111023e-05
556,1.3685339358325932,8.482435597829525e-05
557,1.6197467005104702,8.434346627081103e-05
558,1.8218617182784322,8.392146580001097e-05
559,1.8784828336215502,8.379831450010658e-05
560,1.7515020442616804,8.407159165973136e-05
561,1.6296080760661458,8.43235556837198e-05
562,1.7948989340030077,8.397938481979951e-05
563,1.960014245629189,8.361750494099998e-05
564,2.1193542986522953,8.325312690115908e-05
565,2.2092944440359226,8.304151396706617e-05
566,1.9984912327273971,8.353081132458122e-05
567,1.7828668616855456,8.400507638418204e-05
568,0.6022628510854203,8.5892155467013e-05
569,0.6820138266658192,8.581470779152834e-05
570,0.8863752537484757,8.557750504188669e-05
571,1.1456148698614632,8.520334549313744e-05
572,1.4120566270522084,8.474486776512094e-05
573,1.6471355919065842,8.428798719533076e-05
574,1.771620694885522,8.402900245268777e-05
575,1.6819385110167573,8.421669100378381e-05
576,1.527101892257744,8.452685894476255e-05
577,1.686667593249307,8.420693527272793e-05
578,1.8436637571015544,8.38742875179155e-05
579,1.9946768107696977,8.353944366610955e-05
580,2.1363799193796935,8.321338376319603e-05
581,2.2032397730147557,8.305588642446214e-05
582,0.6038498057131322,8.589070054573844e-05
583,0.6985964186006685,8.579750824095849e-05
584,0.9193206841121904,8.553430480793803e-05
585,1.1853918612728764,8.513935404651613e-05
586,1.4441617605375279,8.468516036735899e-05
587,1.6331519839586213,8.431638252927091e-05
588,1.6023133104949259,8.437848508503426e-05
589,1.4252996652457375,8.472034783978024e-05
590,1.5796537757144835,8.442365372145845e-05
591,1.72976357033128,8.411729866211683e-05
592,1.872603724826559,8.381119573868264e-05
593,2.007669655323672,8.351000598546851e-05
594,0.6296242715425818,8.586657700156185e-05
595,0.7380916534008328,8.575505335555955e-05
596,0.964071385429038,8.547352516126735e-05
597,1.2252683530124568,8.507356698822055e-05
598,1.4603529255320975,8.465471129445767e-05
599,1.5136910842232085,8.455284152842221e-05
600,1.35197283331647,8.485415354750339e-05
601,1.4668896732153258,8.464235500466253e-05
602,1.610212954954446,8.436264553713148e-05
603,1.745645627778475,8.408393729764801e-05
604,0.6814880325282143,8.581524704514591e-05
605,0.7930126759601531,8.569258571731957e-05
606,1.0120599315658936,8.540572304932014e-05
607,1.259457978417032,8.501589048494492e-05
608,1.4160412451680215,8.473750628449143e-05
609,1.2951025080705005,8.495454030959355e-05
610,1.346676047311771,8.48636307342756e-05
611,1.4820744416624667,8.461351229477427e-05
612,0.7422612361393943,8.575044991120577e-05
613,0.846475404588602,8.562803152678544e-05
614,1.0526306098982228,8.534633637657326e-05
615,1.2817198026608863,8.49777182403578e-05
616,1.26704409114007,8.500293679554924e-05
617,1.2214857669771793,8.507987651985529e-05
618,0.7925696314112649,8.569310537693693e-05
619,0.8843925845463172,8.558006242087961e-05
620,1.0792323306542555,8.530639347874263e-05
621,1.2831322007625083,8.497528019460003e-05
622,0.8202245168722189,8.566018398063386e-05
623,0.898397506046794,8.556189439382574e-05
624,0.5499485285037825,8.593812403971607e-05
625,0.7467069667098555,8.574551623039628e-05
626,0.9406531752686809,8.550563002646903e-05
627,1.1262984121944715,8.52338203970354e-05
628,1.304666299692456,8.49378714531189e-05
629,1.4806130601256995,8.461629653997945e-05
630,1.6606316016300444,8.42604447767755e-05
631,1.8491597863147213,8.386234640610389e-05
632,2.0413610554098844,8.343323029980569e-05
633,2.1561058710969503,8.316715091169556e-05
634,2.0314838916838545,8.345580375029903e-05
635,0.6476597582360131,8.584914711208286e-05
636,0.8299740338775509,8.564834459078083e-05
637,1.0262918498729694,8.538510342441645e-05
638,1.2286573606509341,8.506790177512207e-05
639,1.4352917873829376,8.470174578704733e-05
640,1.646450934397743,8.428938085228317e-05
641,1.8597168313097503,8.383935557598774e-05
642,2.0562992444670734,8.339898835466926e-05
643,2.1227542413494476,8.3245202367437e-05
644,1.9979275425246026,8.35320875216783e-05
645,1.9210181094305598,8.370448500460098e-05
646,2.060996607119465,8.338819568038716e-05
647,2.213655482054121,8.303115071883966e-05
648,2.0446309748847287,8.342574531114301e-05
649,1.8279108952709633,8.390840642564258e-05
650,1.6260525180318357,8.433074295716825e-05
651,1.4391718712588886,8.469449901067723e-05
652,1.2618819915975117,8.501175747134054e-05
653,1.0882910739854386,8.529261297338589e-05
654,0.9155058653812178,8.553937475526782e-05
655,0.7129629980642495,8.578230687126311e-05
656,0.8839935054363736,8.558057659368762e-05
657,1.089448767200644,8.52908453545322e-05
658,1.3150686767997037,8.4919642382692e-05
659,1.5502589395015587,8.448165179301596e-05
660,1.783312081723351,8.400412744196303e-05
661,1.9873575534580517,8.355598449326452e-05
662,2.0644590133571326,8.338023277516067e-05
663,1.9559056416746783,8.362671144413794e-05
664,1.8410515263304446,8.387995630966561e-05
665,1.9255930771570653,8.369432751106677e-05
666,2.096585559071031,8.330604013759052e-05
667,2.270561241238311,8.289508485265317e-05
668,2.0279606468776405,8.346384276598955e-05
669,1.7992502349217885,8.397007004377807e-05
670,1.5950274391156922,8.439305163481195e-05
671,1.4125510394955991,8.474395510948962e-05
672,1.2454564400731805,8.503965053217547e-05
673,0.7455696727020159,8.574678083833467e-05
674,0.9170434985286854,8.553733334072195e-05
675,1.1387688602505661,8.521419157209128e-05
676,1.3851379950636316,8.47942310434303e-05
677,1.6338359045800757,8.431499713723154e-05
678,1.8562129079136278,8.384699413366807e-05
679,1.9764533931236887,8.358056989132659e-05
680,1.900952568811228,8.374888582505599e-05
681,1.7677497761061238,8.403721811328834e-05
682,1.8044121533460216,8.395900379907256e-05
683,1.9600149904743225,8.361750327106567e-05
684,2.1304251133106686,8.322730119166367e-05
685,2.2492437926112667,8.294623740600806e-05
686,2.0051080262751686,8.351581739673933e-05
687,1.778436333436094,8.401451239496906e-05
688,1.5823560967777501,8.441828787421729e-05
689,0.7574629994696684,8.573347173158106e-05
690,0.9408608560764568,8.550534817947477e-05
691,1.1804808143291008,8.514734375443681e-05
692,1.4384888781924423,8.469577557049407e-05
693,1.6816417332028244,8.421730269660262e-05
694,1.8526706074860773,8.385470846872734e-05
695,1.829522284957088,8.390492366021444e-05
696,1.689306811924117,8.420148378258909e-05
697,1.6913335403074814,8.419729404464782e-05
698,1.8366732040854257,8.388944790587245e-05
699,1.9960265322223356,8.353639008523437e-05
700,2.1538853206407893,8.317236525174773e-05
701,2.2282305129537128,8.299644861635067e-05
702,1.9949516602155715,8.353882193675035e-05
703,0.7690623251996802,8.572031249441926e-05
704,0.9687335481009759,8.546705609607215e-05
705,1.2205636294439475,8.508141250903437e-05
706,1.4780423592454401,8.462118993446865e-05
707,1.6930026857309048,8.419384130981054e-05
708,1.7397438664604337,8.40963546950089e-05
709,1.6023225255661309,8.437846663569322e-05
710,1.5778216039039776,8.442728852989283e-05
711,1.7180520201537104,8.414178738929455e-05
712,1.8693303341824061,8.381835845759686e-05
713,2.017971229578698,8.348659811081648e-05
714,2.16207749825191,8.315311582590244e-05
715,0.7971086099079538,8.56877694720832e-05
716,1.0074068499566988,8.541241423248425e-05
717,1.2607854609903169,8.501362780083948e-05
718,1.5037143456844975,8.457207553911914e-05
719,1.6299691668010325,8.432282523741723e-05
720,1.5095062187903912,8.456091941109092e-05
721,1.459481072684826,8.465635659969065e-05
722,1.5968936708797947,8.438932438343905e-05
723,1.741695688569832,8.40922506850342e-05
724,1.882082257941275,8.379041748894975e-05
725,0.8432503852696834,8.563202852959367e-05
726,1.0530792511306848,8.534566927104245e-05
727,1.2972773196241858,8.495075746508458e-05
728,1.4943911617998742,8.458997549878274e-05
729,1.4194436300977757,8.473120943145651e-05
730,1.337933210308821,8.48792170528385e-05
731,1.4701777360353725,8.463612596602409e-05
732,1.608543367080281,8.436599718720475e-05
733,0.8955913007324526,8.556555406678148e-05
734,1.0960185471740012,8.528078654617275e-05
735,1.3223085426919323,8.490689500534984e-05
736,1.3454805401553265,8.48657661994011e-05
737,1.2285167681080102,8.506813702443003e-05
738,1.3359722267634335,8.488270327687236e-05
739,0.939671323278266,8.550696181515071e-05
740,1.128380406176895,8.523055481771675e-05
741,1.3006000779035165,8.494496917523619e-05
742,1.2361492714730153,8.50553372222321e-05
743,0.9656476448445742,8.547134086234145e-05
744,1.1442519859767217,8.52055086551978e-05
745,0.9904762152866622,8.5436549854338e-05
746,1.1699505732546578,8.51643911432627e-05
747,1.364699601363344,8.483127717393168e-05
748,1.5744911229493432,8.443388910077272e-05
749,1.7977443904277246,8.397329500147498e-05
750,2.024875191164939,8.347087720627173e-05
751,2.1797341269483828,8.311151247973576e-05
752,2.070858816647042,8.336549731475172e-05
753,1.9314906367846092,8.368121504036294e-05
754,1.0411986924091867,8.53632587803143e-05
755,1.2351376228124649,8.505703711022948e-05
756,1.455693802878728,8.466349618432869e-05
757,1.6920194917460099,8.419587535106651e-05
758,1.926361539292741,8.36926201136659e-05
759,2.0996489399931257,8.329893688768435e-05
760,2.0489804487047625,8.34157800753392e-05
761,1.9092115612590084,8.373063998748008e-05
762,1.8575148112636135,8.384415688713061e-05
763,1.9678705824371443,8.35998731190167e-05
764,2.1327505086771406,8.322186850901081e-05
765,2.2125327632968155,8.303381955146711e-05
766,1.9866549400885312,8.3557570720977e-05
767,1.7498192306117442,8.407514152626027e-05
768,1.5324672974386924,8.451642296701626e-05
769,1.3392219119154327,8.487692406360552e-05
770,1.0791605681678804,8.530650228616375e-05
771,1.29050364259267,8.496252462518714e-05
772,1.5292582623690183,8.452266749356109e-05
773,1.7712462574171073,8.402979760225913e-05
774,1.9727592636550773,8.358888342852216e-05
775,1.9923635812070755,8.354467465246624e-05
776,1.85686976264546,8.384556277960606e-05
777,1.7702803906308666,8.403184826582556e-05
778,1.8489276063090907,8.386285124759909e-05
779,2.004000583209301,8.351832863676982e-05
780,2.1752759709923595,8.312203173935464e-05
781,2.2036836386439953,8.305483339523108e-05
782,1.9589779830200693,8.361982791576435e-05
783,1.7312077184116543,8.411427234372983e-05
784,1.1133496701118475,8.525402595351368e-05
785,1.3385755645929431,8.487807430321635e-05
786,1.5828700825735074,8.441726663911823e-05
787,1.8077715688284646,8.395179239612832e-05
788,1.9019981053788817,8.374657831499887e-05
789,1.7794399517748358,8.401237606822612e-05
790,1.6648006828713804,8.42519095578915e-05
791,1.7207390394241289,8.413617733235641e-05
792,1.8668252942654686,8.382383537153582e-05
793,2.029675033685187,8.345993189705525e-05
794,2.195110630310396,8.307515491663598e-05
795,2.193051723980637,8.30800299699106e-05
796,1.1508718112670044,8.51949833294749e-05
797,1.3816896016229285,8.480050796003581e-05
798,1.6178899496063277,8.434720693959713e-05
799,1.7781151173806493,8.401519600085452e-05
800,1.6826461202599416,8.421523228460687e-05
801,1.5445237039103332,8.449288814101996e-05
802,1.5847995935472083,8.441343107641487e-05
803,1.726321370405187,8.412450619632955e-05
804,1.88184198013214,8.379094490035838e-05
805,2.0388034609391887,8.34390806426439e-05
806,1.1927373060980135,8.512735751994191e-05
807,1.4189922910298736,8.473204531625852e-05
808,1.621936973330257,8.433905033127316e-05
809,1.5747103588834521,8.443345487049478e-05
810,1.420211374603813,8.472978715060661e-05
811,1.4333974245051788,8.470527912836674e-05
812,1.5832574133430168,8.441649691855234e-05
813,1.7324241380501562,8.411172212339935e-05
814,1.2334698582173276,8.505983725307624e-05
815,1.442984254123457,8.468736601964448e-05
816,1.467216749992395,8.464173578655502e-05
817,1.3152311022177217,8.491935693814068e-05
818,1.3018641649249392,8.494276435543539e-05
819,1.4407207580932273,8.469160254552581e-05
820,1.2655633474495458,8.500546965984504e-05
821,1.3738017801475109,8.481482544695254e-05
822,1.260513355216507,8.501409174373018e-05
823,1.183830704865665,8.51418965649655e-05
824,1.2850700040270544,8.497193207830166e-05
825,1.2651785830534938,8.500612746275482e-05
826,1.4218483915780291,8.472675278148186e-05
827,1.6396217024234816,8.430326309761567e-05
828,1.8754584377027659,8.380494369679123e-05
829,2.0990341562789503,8.33003628222191e-05
830,2.1229629905643566,8.324471562227187e-05
831,1.9669659409659617,8.360190521953628e-05
832,1.8366891068473394,8.388941345310214e-05
833,1.4914054222294426,8.459569272956352e-05
834,1.7194403080321585,8.413888950272919e-05
835,1.94546418295707,8.365006390847485e-05
836,2.057281989635029,8.339673138929899e-05
837,1.9213394671339037,8.370377192649447e-05
838,1.7721043778984242,8.402797517122925e-05
839,1.7283412805907894,8.412027775784419e-05
840,1.8410712901912778,8.38799134365488e-05
841,2.005340241294887,8.351529073754247e-05
842,2.1693929565350647,8.313589780392004e-05
843,2.081596599586996,8.334072417618008e-05
844,1.8549075333943328,8.38498378698298e-05
845,1.5458740763066887,8.44902448821627e-05
846,1.7688083506467154,8.40349723926232e-05
847,1.9382635215428186,8.366613078015424e-05
848,1.8394863329581015,8.388335084106767e-05
849,1.6737570556741526,8.423353061904641e-05
850,1.5910013725963594,8.440108339266817e-05
851,1.6932663179363896,8.419329578746593e-05
852,1.8517376953223534,8.385673882049116e-05
853,2.0234888879486315,8.347403607173667e-05
854,2.184952578799951,8.309918666888422e-05
855,1.5862293139136816,8.441058715639485e-05
856,1.780017065105531,8.401114730516621e-05
857,1.7315427475246097,8.411357005861769e-05
858,1.5555129255589615,8.447133532981913e-05
859,1.4468602707948373,8.468010114202258e-05
860,1.536951387851847,8.450768338453637e-05
861,1.6899909951512275,8.420006973924507e-05
862,1.8565058437272342,8.384635583004952e-05
863,1.6062618364076744,8.437057386160191e-05
864,1.6087979624680966,8.436548623134215e-05
865,1.4358447144143958,8.470071388872144e-05
866,1.3103515547428177,8.49279213329946e-05
867,1.384735277353379,8.479496463878369e-05
868,1.5305880488692591,8.452008084350444e-05
869,1.4842088312028605,8.46094426149344e-05
870,1.3363274322668346,8.488207205970861e-05
871,1.2176901677971343,8.508619329758713e-05
872,1.2439222454682584,8.5042242241328e-05
873,1.2753673945989448,8.498865977573695e-05
874,1.2141349856868,8.509209679352628e-05
875,1.9299642215141508,8.368461082554177e-05
876,2.087677588469552,8.332666734769214e-05
877,1.957008540866921,8.362424105349051e-05
878,1.7817924050731828,8.400736593633437e-05
879,1.6426665386116073,8.429707792769686e-05
880,1.9441309738297776,8.365304102089071e-05
881,1.8672587161473426,8.38228880373276e-05
882,1.684348233038277,8.421172194386263e-05
883,1.5253293059889173,8.453030159691662e-05
884,1.4879909520282395,8.460222183296267e-05
885,1.6165408313509242,8.434992328034884e-05
886,1.7883808531255898,8.399331454275833e-05
887,1.9676318802619457,8.360040936307631e-05
888,1.7472475636609803,8.408056266745617e-05
889,1.5657157317577137,8.445123920436202e-05
890,1.3993309387124686,8.47682843463147e-05
891,1.3254639874274785,8.490132374591845e-05
892,1.4503361660505518,8.467357524810644e-05
893,1.6128120713582452,8.43574236662289e-05
894,1.4439017390802373,8.468564753054734e-05
895,1.2917983174434506,8.496027892591494e-05
896,1.2067692694557164,8.510428713229021e-05
897,1.3025071781105257,8.494164222855263e-05
898,1.2265398044514064,8.507144292319497e-05
899,1.1699362021999165,8.516441432989454e-05
900,1.68813817378263,8.420389830255344e-05
901,1.5097142548320002,8.456051818603564e-05
902,1.365768111469568,8.482934979553303e-05
903,1.3946026686475934,8.477694825970436e-05
904,1.2558725366548324,8.502199320793919e-05
905,1.2263181067086375,8.507181340429437e-05
906,1.3484620920408952,8.486043797042059e-05
907,1.1869159409445451,8.513686949042327e-05
908,1.1411214714306166,8.52104699485896e-05
909,1.1579854890935881,8.518362134723426e-05
910,0.0,0.0
911,0.438793602482111,8.602269982486331e-05
912,0.8628400581795934,8.560754838344477e-05
913,1.2594282613243677,8.501594111774996e-05
914,1.6195637503118365,8.43438349637329e-05
915,1.9388134512092332,8.366490480374429e-05
916,2.2168700856369443,8.302350583857337e-05
917,2.455898472764708,8.244169386792773e-05
918,2.658386557677025,8.19300276098557e-05
919,2.8253859662096703,8.149650653334139e-05
920,2.730344128223826,8.174444685567306e-05
921,2.5370300716398053,8.223862090442992e-05
922,2.3662894826627223,8.26627957309821e-05
923,0.5646458901898176,8.59256021782028e-05
924,0.8871173816298024,8.557654654974784e-05
925,1.239957372114685,8.504892928429416e-05
926,1.5815625335202252,8.441986419699605e-05
927,1.8940174526448772,8.376417476763588e-05
928,2.170738886916958,8.31327270233755e-05
929,2.410666749346452,8.2553728373602e-05
930,2.613301309327544,8.20453302715256e-05
931,2.7522727875365733,8.168752136828144e-05
932,2.6287695034438223,8.20058573955069e-05
933,2.4494003690157475,8.245784195181686e-05
934,2.371965304440452,8.264889391815987e-05
935,2.421017604338057,8.252816669115209e-05
936,2.3181191685301505,8.27802034361088e-05
937,2.4744063559982523,8.239560488130596e-05
938,2.669621257363399,8.190117759686416e-05
939,2.7265373504780435,8.175431158060091e-05
940,2.545658448386557,8.221686826984014e-05
941,2.328115367421218,8.275592479690205e-05
942,2.0738256891947446,8.335865863578865e-05
943,1.7817520465627137,8.400745192097522e-05
944,1.4533505686304593,8.466790741600584e-05
945,1.0963014169149221,8.52803523936572e-05
946,0.7311849681960508,8.576262794716108e-05
947,1.1149422470470791,8.525155058073041e-05
948,1.3992670095140824,8.476840162051691e-05
949,1.6905132493645882,8.419899013883278e-05
950,1.9663199406012482,8.360335604201073e-05
951,2.2155398288338466,8.302667002799583e-05
952,2.432591862687067,8.24995298550037e-05
953,2.6087716482386885,8.20568722263501e-05
954,2.6954207447372265,8.183475052451746e-05
955,2.59999590515548,8.207921130629332e-05
956,2.465375205837018,8.241811227690207e-05
957,2.4981226468149065,8.233633992765309e-05
958,2.666165842802381,8.191005585266889e-05
959,2.4742550282952616,8.23959822965506e-05
960,2.280322734334801,8.287159025687772e-05
961,2.4419297951419567,8.247638486667435e-05
962,2.63936576103373,8.197876503226183e-05
963,2.6450365901208945,8.196424864894805e-05
964,2.4616655157896203,8.24273477849163e-05
965,2.2434911467425067,8.296000434636817e-05
966,1.991410187393725,8.354682970650447e-05
967,1.7079652079873429,8.416280174090108e-05
968,1.4019226669846543,8.47635269236424e-05
969,1.6311135831517303,8.432050956520745e-05
970,1.8772906644217273,8.380092830421284e-05
971,2.1120881752184006,8.32700424799363e-05
972,2.322610096080506,8.276930152486036e-05
973,2.4998593280468815,8.233199110684234e-05
974,2.627517697295273,8.200905520783801e-05
975,2.6654137847666903,8.191198758802896e-05
976,2.5895032001377456,8.210588230695566e-05
977,2.4944265724728902,8.234559118741006e-05
978,2.543344416683022,8.222270496543686e-05
979,2.6896482204160743,8.184963442578603e-05
980,2.7684153195551824,8.16455076588937e-05
981,2.51760876158222,8.228747491905995e-05
982,2.2706219063279693,8.289493897758565e-05
983,2.4416160148054535,8.247716319759925e-05
984,2.6325876066553553,8.199610018319807e-05
985,2.587249411763269,8.211160560498508e-05
986,2.410611729482625,8.255386412423404e-05
987,2.2021857057421523,8.30583867119209e-05
988,1.9650739006362874,8.36061537798008e-05
989,2.082158402212165,8.333942633969572e-05
990,2.2752048477171236,8.288391387035892e-05
991,2.4414368540860147,8.247760758654408e-05
992,2.569820489226977,8.215579854528478e-05
993,2.6441007606470635,8.196664504551057e-05
994,2.6417319987416983,8.197270931752027e-05
995,2.5616795420004888,8.217640037761905e-05
996,2.465064051557076,8.241888713408261e-05
997,2.4831179293999557,8.237386213271498e-05
998,2.6086701583145775,8.205713074174807e-05
999,2.7506297021435318,8.169179263016932e-05
1000,2.8213592713466227,8.15070746719275e-05
1001,2.546642597301111,8.221438530485318e-05
1002,2.3179846555468977,8.278052983077346e-05
1003,2.457348126014564,8.243808901404326e-05
1004,2.635782613490035,8.198793109069032e-05
1005,2.5571905068024066,8.218774944933734e-05
1006,2.393510121819197,8.259599595822826e-05
1007,2.423768279219514,8.252136616140299e-05
1008,2.542192416599286,8.222560987340444e-05
1009,2.620213526280683,8.202770235281033e-05
1010,2.6464127901814147,8.196072399307297e-05
1011,2.60991381573004,8.205396262398548e-05
1012,2.513946331003624,8.229667080879779e-05
1013,2.396029506371155,8.258979706901323e-05
1014,2.3638861538952662,8.266867794390104e-05
1015,2.4693746406414134,8.240814905360103e-05
1016,2.603445278194858,8.20704342665837e-05
1017,2.739381149610911,8.172100798652686e-05
1018,2.808589697304564,8.154055196229905e-05
1019,2.5622756759384324,8.21748926530399e-05
1020,2.3505484715091938,8.270127590625479e-05
1021,2.470117311718561,8.240629821551779e-05
1022,2.638127966886371,8.198193198048234e-05
1023,2.611853457711644,8.204902036665254e-05
1024,2.6427093008106004,8.197020757870393e-05
1025,2.62757207417313,8.200891631117634e-05
1026,2.560943316698536,8.217826222545398e-05
1027,2.445459729230429,8.246762603345523e-05
1028,2.3030424112217585,8.281673574414856e-05
1029,2.2135249813669837,8.303146096565241e-05
1030,2.2907946187028805,8.284633652281536e-05
1031,2.434853218879087,8.249392822951856e-05
1032,2.6070805569401623,8.206117926656393e-05
1033,2.7151106462683234,8.178389108094854e-05
1034,2.783324160440865,8.160662369476797e-05
1035,2.568489158128014,8.215916943624658e-05
1036,2.3619635494503206,8.26733817380446e-05
1037,2.631674222803148,8.199843484647463e-05
1038,2.5816915046997777,8.212571105286338e-05
1039,2.488876392381886,8.235947283112072e-05
1040,2.3544660322362145,8.269170936528846e-05
1041,2.1909907502281674,8.308490782025082e-05
1042,2.0490929744326274,8.34155221259886e-05
1043,2.0835395774562064,8.333623492967171e-05
1044,2.2395055106716777,8.296953330824118e-05
1045,2.44024952797111,8.248055228097086e-05
1046,2.586912943889628,8.211245986780545e-05
1047,2.698148004743456,8.1827714329716e-05
1048,2.7732416741058508,8.163292847444072e-05
1049,2.503496887482521,8.232287834030545e-05
1050,2.3893698762704507,8.26061769744126e-05
1051,2.2396038891166508,8.296929819394843e-05
1052,2.06181543861153,8.338631310364699e-05
1053,1.8840405481075606,8.378611769557235e-05
1054,1.8568201826975879,8.3845670828923e-05
1055,2.025373898404469,8.346974057737129e-05
1056,2.207675115701236,8.304535965441717e-05
1057,2.4268096999425612,8.251384307882426e-05
1058,2.5788156146668424,8.213300510735807e-05
1059,2.2597726624067205,8.292099953632236e-05
1060,2.1006350735698196,8.329664922447245e-05
1061,1.9178987680389246,8.371140344928625e-05
1062,1.7276219893747824,8.412178383301049e-05
1063,1.6243996493844424,8.433408086367582e-05
1064,1.7979691745031496,8.39728136927831e-05
1065,2.003620026233324,8.351919142830331e-05
1066,2.2383684281807574,8.297225048131175e-05
1067,1.9398380700427162,8.366262010806083e-05
1068,1.763889562088198,8.404540097574311e-05
1069,1.5856070523045052,8.441182511915066e-05
1070,1.4345679239637252,8.470309629479079e-05
1071,1.5602257809901334,8.446206278992093e-05
1072,1.7874712889920175,8.3995256119819e-05
1073,1.608490514906779,8.436610325178352e-05
1074,1.465417707715688,8.464514059283312e-05
1075,1.3518677624061395,8.485434179486267e-05
1076,1.3166454499673963,8.49168703285691e-05
1077,1.3787726461132672,8.480580917782046e-05
1078,1.3382111841253828,8.487872258382822e-05
1079,1.1774132318756634,8.515232171941391e-05
1080,1.4911667485429787,8.459614943333707e-05
1081,1.7938882873819788,8.398154650718046e-05
1082,2.0702970951908934,8.336679155602244e-05
1083,2.3142915335290755,8.27894879490745e-05
1084,2.523271395781365,8.227324619302373e-05
1085,2.684989250710605,8.186163827403553e-05
1086,2.643497380384561,8.196818995954034e-05
1087,2.4628764111600474,8.242433381098258e-05
1088,2.363467046408974,8.266970346034724e-05
1089,2.516312880655281,8.229072932405562e-05
1090,1.6603810981158156,8.426095721913395e-05
1091,1.92066868952765,8.370526028092252e-05
1092,2.161985218624356,8.315333284744746e-05
1093,2.3751904217988153,8.2640988328035e-05
1094,2.5519797803317754,8.220091317771985e-05
1095,2.6645745273292283,8.191414305706414e-05
1096,2.6311828557895938,8.19996906799296e-05
1097,2.4949962293945016,8.234416570006434e-05
1098,2.4609315106991243,8.242917446120669e-05
1099,2.615576540647503,8.203952985066892e-05
1100,2.7539343635509033,8.168320106941508e-05
1101,2.5292290332168275,8.22582623663188e-05
1102,2.3269928062273055,8.275865351146281e-05
1103,2.4575535393418657,8.243757814187282e-05
1104,2.6361983723563247,8.198686778378031e-05
1105,2.626859348098525,8.201073676259185e-05
1106,2.462534132539434,8.242518581972926e-05
1107,2.258547381020987,8.292393925355097e-05
1108,2.0234220046753464,8.34741884465476e-05
1109,1.763102335584732,8.404706849640008e-05
1110,2.0968187194711114,8.330549966864666e-05
1111,2.298007557329442,8.282891246797462e-05
1112,2.4692762128584076,8.240839433204147e-05
1113,2.5976925543401754,8.208506972160712e-05
1114,2.6562893714003537,8.19354078808367e-05
1115,2.613779729086478,8.204411076268231e-05
1116,2.505176696287131,8.23186682985355e-05
1117,2.470073520235969,8.240640735620634e-05
1118,2.5920100576041327,8.209951406586129e-05
1119,2.7343989903287023,8.17339335629065e-05
1120,2.7608776586897794,8.166513712535068e-05
1121,2.533770446306681,8.224683093321351e-05
1122,2.287486164633215,8.285432060391679e-05
1123,2.4668963896844973,8.24143235468051e-05
1124,2.631736191371791,8.199827646105706e-05
1125,2.589333849728999,8.210631242543003e-05
1126,2.4320784065589605,8.250080144115054e-05
1127,2.2404356981027758,8.296731007150328e-05
1128,2.432402103839968,8.249999981020557e-05
1129,2.5555270432104513,8.219195297379592e-05
1130,2.631993635633088,8.199761844400606e-05
1131,2.644663733061065,8.196520347039455e-05
1132,2.5832993850194073,8.212163162892768e-05
1133,2.471716089966995,8.240231306906576e-05
1134,2.4012553000402486,8.257693038621167e-05
1135,2.4841261520912017,8.237134375516659e-05
1136,2.620285443624818,8.202751885007187e-05
1137,2.743150346099981,8.171122342222701e-05
1138,2.741595792235584,8.17152595442103e-05
1139,2.5300244243688743,8.225626083759425e-05
1140,2.3186444355465836,8.277892880126727e-05
1141,2.4810057682346893,8.237913662127482e-05
1142,2.6288114200811843,8.200575030678128e-05
1143,2.576388466770604,8.213915853600726e-05
1144,2.6159561235952276,8.203856195969447e-05
1145,2.6445564642209707,8.196547815744e-05
1146,2.6187627366645336,8.203140373814784e-05
1147,2.535275923152826,8.224303960790557e-05
1148,2.4084607536098366,8.255917021610002e-05
1149,2.295331142552882,8.283538059350725e-05
1150,2.329037547767129,8.275368274147188e-05
1151,2.464584716657219,8.24200807274847e-05
1152,2.621885517394489,8.202343563052068e-05
1153,2.714641198073531,8.178510530514106e-05
1154,2.715520909514428,8.178282987322823e-05
1155,2.523633124727574,8.227233682637414e-05
1156,2.34319945222319,8.271920352481333e-05
1157,2.4871878077737133,8.236369368594417e-05
1158,2.6296130644309446,8.200370213655351e-05
1159,2.5711203140134065,8.215250676195954e-05
1160,2.4655589120216312,8.241765478067966e-05
1161,2.3210613083996967,8.277306230355613e-05
1162,2.1709301768346094,8.313227630340079e-05
1163,2.143288892755092,8.319721343051626e-05
1164,2.2779775926145396,8.287723875657251e-05
1165,2.430045714639878,8.250583435739513e-05
1166,2.5976244344329826,8.208524294900316e-05
1167,2.6888949337042223,8.18515758079748e-05
1168,2.6981193059241178,8.182778838530318e-05
1169,2.520721922987415,8.227965394334119e-05
1170,2.4960692058658935,8.234148036732016e-05
1171,2.370971295877174,8.265132956909771e-05
1172,2.2109665513328367,8.303754159202227e-05
1173,2.0349515707247865,8.344788479675144e-05
1174,1.9398371549017934,8.366262214892068e-05
1175,2.0689822636848803,8.336982034451838e-05
1176,2.24256165481851,8.296222727848294e-05
1177,2.4422839976509065,8.247550621905776e-05
1178,2.5815339635878085,8.212611070361585e-05
1179,2.6788634342467774,8.187740937965263e-05
1180,2.249383177327328,8.294590364207259e-05
1181,2.0792561242896657,8.334612915865371e-05
1182,1.8907074706877582,8.377146144864639e-05
1183,1.7375802600513615,8.410090094296192e-05
1184,1.8445920935606646,8.387227189003257e-05
1185,2.040072899863883,8.343617732842503e-05
1186,2.2579705064227067,8.292532305592685e-05
1187,2.435309304424857,8.249279819466391e-05
1188,1.9283612336174716,8.36881754608461e-05
1189,1.7421408465372095,8.409131430342507e-05
1190,1.5661560297697488,8.445037011699172e-05
1191,1.610523257755443,8.436202237935708e-05
1192,1.8255551092681082,8.391349507022904e-05
1193,2.0317651884964727,8.345516161611277e-05
1194,1.596399112809631,8.439031237909257e-05
1195,1.4423868229135721,8.468848464464806e-05
1196,1.3761918540138411,8.481049306273667e-05
1197,1.5999195883198352,8.438327531449627e-05
1198,1.3651154068620317,8.48305272675658e-05
1199,1.3110139837173769,8.492675998297153e-05
1200,2.145186038775341,8.319276891322432e-05
1201,2.347557264170692,8.270857573291045e-05
1202,2.5175872120029257,8.2287529043011e-05
1203,2.634784460532039,8.199048361077124e-05
1204,2.631759902275213,8.1998215857995e-05
1205,2.4998875350774457,8.233192046357009e-05
1206,2.401584462702002,8.257611954475839e-05
1207,2.556411669355991,8.218971768415163e-05
1208,2.7369956971266634,8.17271978410607e-05
1209,2.4592065766934987,8.243346632542542e-05
1210,2.582018800474048,8.21248807373206e-05
1211,2.6451190721701523,8.196403741989515e-05
1212,2.6186837257845847,8.203160529495256e-05
1213,2.5100279426708996,8.230650340623602e-05
1214,2.4063772037286895,8.256430808928388e-05
1215,2.491441366867293,8.235305909174245e-05
1216,2.644756958068981,8.196496474238855e-05
1217,2.740403651683651,8.17183541432074e-05
1218,2.6823725222208035,8.186837680390138e-05
1219,2.4971531099156783,8.23387672114218e-05
1220,2.358191386313111,8.268260587233497e-05
1221,2.5076439989755124,8.231248252400638e-05
1222,2.6285571127638154,8.200640000155526e-05
1223,2.6183628009826863,8.203242395002289e-05
1224,2.506072474419533,8.231642277734308e-05
1225,2.6274780645313447,8.20091564424192e-05
1226,2.6433133893126,8.196866102907639e-05
1227,2.591640658981216,8.210045261145514e-05
1228,2.480237852000468,8.238105380851167e-05
1229,2.355241084978083,8.268981590764836e-05
1230,2.367727487362293,8.265927495933367e-05
1231,2.5082271140391112,8.231102023735681e-05
1232,2.6299269227533704,8.200290017480738e-05
1233,2.696108911612563,8.183297534322555e-05
1234,2.633128553616782,8.199471734284891e-05
1235,2.4503340674048903,8.245552275235286e-05
1236,2.354355376578931,8.269197967587163e-05
1237,2.5145364090959834,8.229518956297344e-05
1238,2.627093430005726,8.201013888957398e-05
1239,2.6208321504036354,8.202612382091693e-05
1240,2.5443254206959,8.22202308314671e-05
1241,2.4200058149845365,8.253066734237518e-05
1242,2.2726584704868174,8.289004086190887e-05
1243,2.212669587209842,8.303349433804278e-05
1244,2.3395630339284925,8.272806549634931e-05
1245,2.483375555097888,8.237321866486828e-05
1246,2.611297817565871,8.205043629816084e-05
1247,2.6559069077481587,8.193638890441015e-05
1248,2.5988084803645104,8.208223169371378e-05
1249,2.425747094007261,8.251647192521637e-05
1250,2.3592903687022044,8.267991916128666e-05
1251,2.4719364909152874,8.240176361063646e-05
1252,2.3324885919334095,8.274528897326807e-05
1253,2.1665842426205097,8.314251171843897e-05
1254,2.0431602129147706,8.34291126772354e-05
1255,2.147479964434915,8.318739238847459e-05
1256,2.3117295209171593,8.279569877649622e-05
1257,2.4767485199295285,8.238976226231472e-05
1258,2.5849647330058882,8.211740534871115e-05
1259,2.632714555004163,8.199577567087106e-05
1260,2.5865219049690995,8.211345262697166e-05
1261,2.2185442969622065,8.30195222858646e-05
1262,2.04019741632516,8.343589250089872e-05
1263,1.8734574892370834,8.380932646115975e-05
1264,1.939586893303078,8.3663180239765e-05
1265,2.1233035614524307,8.324392145702989e-05
1266,2.2917226034295664,8.284409616709533e-05
1267,2.4626286482939386,8.242495055353378e-05
1268,2.575017918302113,8.214263221137921e-05
1269,1.8968716307604754,8.375788610249489e-05
1270,1.7132312646739398,8.415183964108432e-05
1271,1.7231719566870547,8.413109343977766e-05
1272,1.9226522757805904,8.370085821867073e-05
1273,2.1134117873026246,8.326696315663943e-05
1274,2.3058629789964744,8.2809909156859e-05
1275,1.567207429287196,8.444829418337464e-05
1276,1.508364340165261,8.45631210431478e-05
1277,1.7124859213852979,8.415339237434892e-05
1278,1.9199712550599775,8.370680749569682e-05
1279,1.3371019550227434,8.488069528926422e-05
1280,1.4986020557503943,8.458189972713238e-05
1281,2.6407885266475004,8.1975124118087e-05
1282,2.6194266403687956,8.2029710026003e-05
1283,2.51589857964827,8.229176963495931e-05
1284,2.377079705564875,8.263635509397836e-05
1285,2.4006893100485263,8.2578324506224e-05
1286,2.5635219816921477,8.21717400842308e-05
1287,2.6658422330565923,8.191088710186577e-05
1288,2.5939017796239208,8.209470687172786e-05
1289,2.486245624834554,8.236604829881771e-05
1290,2.343118833878316,8.271940005624687e-05
1291,2.2746622439527395,8.288521971612052e-05
1292,2.415024335293935,8.254297278194756e-05
1293,2.545312486920561,8.221774102483579e-05
1294,2.619461242244973,8.202962174715342e-05
1295,2.6056952563999958,8.20647066762972e-05
1296,2.5026850731318966,8.232491255125688e-05
1297,2.33639941244859,8.273577044347344e-05
1298,2.373752003296392,8.264451482373378e-05
1299,2.5186302418802256,8.228490915424896e-05
1300,2.424479711364431,8.251960675544024e-05
1301,2.2710741021269305,8.289385157476943e-05
1302,2.140574468595023,8.320356941327904e-05
1303,2.2447186929030805,8.29570679688654e-05
1304,2.396666399890025,8.258822957255495e-05
1305,2.5091939500789553,8.23085953855788e-05
1306,2.5784306077186576,8.213398134881007e-05
1307,2.5657092830891473,8.216620577174621e-05
1308,2.4706481189185636,8.240497523181302e-05
1309,2.313137464431079,8.279228601194141e-05
1310,2.1685640202956624,8.313785018231799e-05
1311,2.004008448646588,8.351831080353523e-05
1312,2.0600118199935893,8.339045932387704e-05
1313,2.2297012510504293,8.299294118577047e-05
1314,2.3744240716492344,8.264286726151472e-05
1315,2.4940694606115805,8.234648474298272e-05
1316,2.555341976251075,8.219242056557324e-05
1317,2.5517146361543315,8.22015827197442e-05
1318,1.8614328223991232,8.383561188979171e-05
1319,1.868475592560531,8.382022767032006e-05
1320,2.0502612560670417,8.341284359566855e-05
1321,2.2191628844795215,8.301805009857821e-05
1322,2.3703244440335145,8.265291433798814e-05
1323,2.485020571040389,8.236910929293073e-05
1324,1.6796576965413947,8.422139039007977e-05
1325,1.8626499757419128,8.383295536782135e-05
1326,2.047863131666225,8.341834099064447e-05
1327,2.215232718681008,8.302740040726572e-05
1328,1.6736480027071459,8.423375475197529e-05
1329,1.8635908552020881,8.383090119450742e-05
1330,2.342701703096417,8.272041689145381e-05
1331,2.2240995095325116,8.300629468917234e-05
1332,2.354378194623122,8.269192393620348e-05
1333,2.484488485826194,8.237043860239807e-05
1334,2.5534739173882257,8.219713966658835e-05
1335,2.120052151697468,8.325150084638853e-05
1336,2.194218899488197,8.307726660298654e-05
1337,2.3430710762545424,8.271951647843185e-05
1338,2.4523902012555405,8.245041426918811e-05
1339,2.5133533021786203,8.22981593207276e-05
1340,2.514507049783631,8.229526326560866e-05
1341,2.4529400577106815,8.244904784699783e-05
1342,2.3337770291836604,8.274215381030523e-05
1343,2.029331892444782,8.346071480352486e-05
1344,2.188372100738203,8.309110252784234e-05
1345,2.326576552389143,8.275966519405844e-05
1346,2.428070496753845,8.251072329536691e-05
1347,2.491492196181468,8.235293196554358e-05
1348,2.5009190930664476,8.232933675032519e-05
1349,2.0258083102300892,8.346875037448699e-05
1350,2.182801747758161,8.310426850313773e-05
1351,2.3161988893389234,8.278486219906736e-05
1352,2.4224279144859806,8.252468036427425e-05
1353,2.0259314643250534,8.346846963662516e-05
1354,2.180560519891794,8.310956147087273e-05
1355,2.3250823532622653,8.27632961200774e-05
1356,2.4229388464166894,8.252341711746026e-05
1357,2.472928907929135,8.239928927218182e-05
1358,2.3103672707874012,8.279899992279893e-05
1359,2.400124308409001,8.257971605419834e-05
1360,2.451251964891283,8.245324244571395e-05
1361,2.4598962221182563,8.243175054445888e-05
1362,2.300862400712702,8.282200949860264e-05
1363,2.391929471318781,8.259988371203573e-05
1364,2.4379589063681544,8.24862315911661e-05
1365,3.868543614689425,7.859414054039357e-05
1366,3.859699489093367,7.861999416085039e-05
1367,3.831632105850908,7.87019114943393e-05
1368,3.780518984989578,7.885057660242754e-05
1369,3.702203519832482,7.907706282190319e-05
1370,3.594357967477737,7.938633808754745e-05
1371,3.4578476995058676,7.977337922601253e-05
1372,3.296757462545414,8.022352627843126e-05
1373,3.117275891516242,8.07162968968433e-05
1374,2.926245880252929,8.123001929569839e-05
1375,2.730344128223826,8.174444685567306e-05
1376,2.5370300716398053,8.223862090442992e-05
1377,2.3662894826627223,8.26627957309821e-05
1378,3.890151559284798,7.85308922857371e-05
1379,3.864648515499523,7.860552933045223e-05
1380,3.790624284594135,7.882123761236832e-05
1381,3.6892047976864597,7.911450137216961e-05
1382,3.5616427028546935,7.947955056130545e-05
1383,3.409136312679464,7.991026089676627e-05
1384,3.2358637579521705,8.039177019019426e-05
1385,3.049705939454686,8.089931282323597e-05
1386,2.8849590412823236,8.13395149859492e-05
1387,2.9475142152560845,8.117339646794943e-05
1388,2.8163222672710244,8.152028658330402e-05
1389,2.6162776197633724,8.203774214029754e-05
1390,2.51513477279468,8.229368737533118e-05
1391,2.7011079906567708,8.182007465803991e-05
1392,2.8680308520279874,8.138424669894139e-05
1393,2.8625788164241897,8.139863299263953e-05
1394,2.867481116530603,8.138569773802324e-05
1395,3.059918307364109,8.08717423165815e-05
1396,3.24045521413078,8.03791218205493e-05
1397,3.4028785933734502,7.99277978963555e-05
1398,3.5421868386674134,7.953484873841205e-05
1399,3.65594447194671,7.92100963403179e-05
1400,3.744816963000242,7.89540218128267e-05
1401,3.8116905373829484,7.875999164062745e-05
1402,3.9523749509064428,7.83481066349513e-05
1403,3.93232532578142,7.840710924757675e-05
1404,3.82735401302285,7.871438001111892e-05
1405,3.678725652669876,7.914465109961021e-05
1406,3.50463996578903,7.964127807884335e-05
1407,3.315815499853843,8.017065171562938e-05
1408,3.127970927030031,8.068720125828251e-05
1409,2.997988305147659,8.103843579009403e-05
1410,3.0293316350626576,8.095422078336972e-05
1411,3.1148707849880726,8.072283517308954e-05
1412,2.914035218582274,8.126246121642094e-05
1413,2.697497950702342,8.182939168197229e-05
1414,2.8241812078538486,8.149966902534696e-05
1415,2.907516079324485,8.127976159842715e-05
1416,2.8869216859278524,8.133432264627286e-05
1417,2.7903750188564804,8.158820727444247e-05
1418,2.8358070387706182,8.146913056968743e-05
1419,3.0265244967820393,8.096177575077326e-05
1420,3.206626208680771,8.047216819311707e-05
1421,3.3710528966569293,8.001681933867753e-05
1422,3.5160228801077076,7.960905256516906e-05
1423,3.6402513791634474,7.925510003051475e-05
1424,4.048454063726845,7.806398333129427e-05
1425,4.031464760565911,7.811438895397878e-05
1426,3.9043842288032056,7.848916808444811e-05
1427,3.726470049076141,7.900705377381075e-05
1428,3.5352037197786768,7.955467165139615e-05
1429,3.361821004365973,8.004258938501045e-05
1430,3.257919594796844,8.033095563323308e-05
1431,3.2633915168107803,8.031584606618673e-05
1432,3.332465879380364,8.012437234054427e-05
1433,3.230828397947135,8.0405634345717e-05
1434,3.008456794740802,8.101034289927393e-05
1435,2.8240036211767974,8.150013514867803e-05
1436,2.8899525960584573,8.13263016106676e-05
1437,2.890981405441592,8.132357826537007e-05
1438,2.833885982903269,8.147417992495692e-05
1439,2.7298451313222993,8.174574023037676e-05
1440,2.822880657320879,8.150308241581653e-05
1441,3.0102964635449023,8.10054024488095e-05
1442,3.191020760933119,8.051497760287351e-05
1443,3.3606608364505575,8.004582620343242e-05
1444,4.169750845970262,7.770206859664851e-05
1445,4.151511124491883,7.775671778116215e-05
1446,4.016469718179951,7.815881903806267e-05
1447,3.8488482987071637,7.86516879970677e-05
1448,3.70267916074611,7.907569206196969e-05
1449,3.6187764912835982,7.931657945356821e-05
1450,3.615488905610071,7.932598059039511e-05
1451,3.6736239903070977,7.915931881853638e-05
1452,3.552650838499612,7.950512017564235e-05
1453,3.33362112145029,8.012115845281025e-05
1454,3.08774486212133,8.079645508243996e-05
1455,2.833878711113919,8.14741990359432e-05
1456,2.866545123127181,8.138816808071597e-05
1457,2.8496859705125095,8.143261365118179e-05
1458,2.7888349401341577,8.15922313416466e-05
1459,2.6898978071978314,8.184899114122464e-05
1460,2.8192381449834114,8.151263938123469e-05
1461,3.005584982257509,8.101805304776388e-05
1462,4.307419507279932,7.728703069368026e-05
1463,4.292160945688496,7.733325285422553e-05
1464,4.181269172497621,7.766751667303485e-05
1465,4.0705571154769356,7.799830014712941e-05
1466,4.005588143523562,7.819102640382141e-05
1467,4.002048836800491,7.820149579318678e-05
1468,4.037369628588442,7.80968777906353e-05
1469,3.865930648622478,7.860178095300528e-05
1470,3.658940339341945,7.920149763421213e-05
1471,3.417248828466919,7.988750974052017e-05
1472,3.1456314152338734,8.063908069788103e-05
1473,2.854612167733628,8.141963666368672e-05
1474,2.833617819556555,8.147488467303643e-05
1475,2.8172691914359382,8.151780349229372e-05
1476,2.763519124632386,8.165826052939394e-05
1477,2.6759056924181603,8.18850192550623e-05
1478,4.452536589686863,7.684471318333687e-05
1479,4.453925046269551,7.68404575686279e-05
1480,4.395404580610222,7.701943643032095e-05
1481,4.354830464531122,7.714306167778592e-05
1482,4.358037312493568,7.713330470249426e-05
1483,4.304293718521552,7.729650398629173e-05
1484,4.1572669661919,7.773948097320778e-05
1485,3.9700922606080677,7.829588458128141e-05
1486,3.742279122841083,7.89613626395577e-05
1487,3.476670927569006,7.972031034148996e-05
1488,3.1814885989687793,8.054109116963583e-05
1489,2.8713616880573,8.137545272148771e-05
1490,2.812614912026642,8.153000531343608e-05
1491,2.8052046849326238,8.154941687584126e-05
1492,4.595727273395005,7.640351097870769e-05
1493,4.620713006319453,7.632604737677752e-05
1494,4.617512015258912,7.633597930689101e-05
1495,4.610765952883263,7.635690321488781e-05
1496,4.533265816217934,7.659654335995588e-05
1497,4.4147546545068295,7.696034390768088e-05
1498,4.253410218454368,7.74503919759411e-05
1499,4.047645543883543,7.806638373183173e-05
1500,3.7983918240846912,7.879866818451834e-05
1501,3.5113073912988475,7.962240656651868e-05
1502,3.1980769478562303,8.049562971878201e-05
1503,2.8762369636543754,8.136257447718636e-05
1504,4.727648074625054,7.599293443670577e-05
1505,4.767124744160261,7.586931848991062e-05
1506,4.76328571843991,7.588135498978647e-05
1507,4.717470580746761,7.602474800454532e-05
1508,4.629552981154594,7.629860702227422e-05
1509,4.497756979681622,7.670588500669106e-05
1510,4.319788348273877,7.72495220600093e-05
1511,4.094926446081436,7.792574440273395e-05
1512,3.826312289807633,7.87174154147092e-05
1513,3.522574405804867,7.959048903995342e-05
1514,4.840255130665805,7.563941486262761e-05
1515,4.8686103742707365,7.554995882358762e-05
1516,4.8539637475199955,7.559618830768699e-05
1517,4.796871208869242,7.577594448024666e-05
1518,4.696017011671539,7.609173384285608e-05
1519,4.548870587557078,7.654840097284422e-05
1520,4.353481422670091,7.714716547888068e-05
1521,4.110748763129193,7.787855881934495e-05
1522,4.927849744399561,7.536250638153966e-05
1523,4.9431426564023635,7.531399183684199e-05
1524,4.915864864705824,7.540049152287229e-05
1525,4.845508205083695,7.562285549515391e-05
1526,4.729798826089373,7.598620851932526e-05
1527,4.566086045117497,7.649522524190373e-05
1528,4.987240334006014,7.517381777806013e-05
1529,4.988398534766333,7.517013058713625e-05
1530,4.947127335951985,7.530134277294721e-05
1531,4.861852703133538,7.557129400667553e-05
1532,5.017109653598666,7.507863604228766e-05
1533,5.003540025164728,7.512190060738247e-05
1534,3.8103202419708166,7.876397893995189e-05
1535,3.7105428918927212,7.905302089718257e-05
1536,3.5841140534670437,7.941555573833119e-05
1537,3.4336590097617763,7.984143252781953e-05
1538,3.26265503526937,8.03178802099951e-05
1539,3.077537550564449,8.082409954569739e-05
1540,2.8961635651914874,8.130985532352822e-05
1541,2.8769718138576197,8.136063265201123e-05
1542,2.9459147924301314,8.117765972445758e-05
1543,2.8917496224786547,8.132154450136635e-05
1544,2.727133021275103,8.175276832613985e-05
1545,3.874766744851656,7.85759369506172e-05
1546,3.7476526425368046,7.894581750979995e-05
1547,3.5859921820631424,7.941020103548452e-05
1548,3.4042690521253216,7.992390213275348e-05
1549,3.2174562616989815,8.044241668800222e-05
1550,3.060330942018866,8.087062764055736e-05
1551,3.0207984043239846,8.097717896227589e-05
1552,3.0659825802029927,8.085535521578877e-05
1553,3.065538604756842,8.085655532802261e-05
1554,2.949052767682504,8.1169294680684e-05
1555,2.7916380995411982,8.158490636060942e-05
1556,2.9053758543681028,8.128543824576526e-05
1557,2.9390568361717406,8.119593019439406e-05
1558,2.898284046977179,8.130423748927456e-05
1559,2.8170998123793023,8.151824767249844e-05
1560,2.884374200979141,8.134106198226869e-05
1561,3.068641811020347,8.084816576231372e-05
1562,3.2524022006241164,8.034618198699087e-05
1563,3.4239846476304314,7.986860561893798e-05
1564,3.578215720346477,7.943236628007434e-05
1565,3.9709271810733298,7.829342172148143e-05
1566,3.8278184478369353,7.871302663868193e-05
1567,3.654857190629033,7.921321646185678e-05
1568,3.484077974747261,7.969940091671131e-05
1569,3.354946284317426,8.006176403532239e-05
1570,3.3082225915330445,8.019172987546775e-05
1571,3.3238232407591615,8.014840419394187e-05
1572,3.3236081492197704,8.014900201054087e-05
1573,3.2292864778021206,8.040987832642858e-05
1574,3.0496044797700144,8.089958657340171e-05
1575,2.903323791700897,8.129087963904464e-05
1576,2.9217557564350365,8.124195455855918e-05
1577,2.9086688576758926,8.127670339078042e-05
1578,2.851744276828133,8.142719248879113e-05
1579,2.777969284155177,8.162059875580476e-05
1580,2.8786340901536995,8.135623946026687e-05
1581,3.0625252796558997,8.086469905319072e-05
1582,3.2474974415738322,8.035971024136044e-05
1583,4.093009972284898,7.793145562170094e-05
1584,3.958748111658879,7.83293306017021e-05
1585,3.819735385263249,7.873657303598879e-05
1586,3.7159921040878285,7.90373013976397e-05
1587,3.669710760186079,7.917056508797736e-05
1588,3.6665460612272116,7.917965722058328e-05
1589,3.649494254737027,7.922860170010731e-05
1590,3.549912676379781,7.951290221944867e-05
1591,3.3683968600792826,8.00242358897278e-05
1592,3.1435362104362436,8.064479452913187e-05
1593,2.950227631965364,8.116616197240961e-05
1594,2.9063476560421715,8.128286086455737e-05
1595,2.876834232367064,8.136099622170868e-05
1596,2.81986046945879,8.15110068917424e-05
1597,2.760324612769579,8.166657657331211e-05
1598,2.877288041997148,8.135979697085494e-05
1599,4.248847427672558,7.746416139976218e-05
1600,4.153350062774794,7.775121164633957e-05
1601,4.074578526395873,7.798633699671972e-05
1602,4.032561503644955,7.811113715677683e-05
1603,4.016459756672063,7.815884853551618e-05
1604,3.980086899780693,7.826639093692187e-05
1605,3.8722157330294067,7.858340022143095e-05
1606,3.6926374037525824,7.910461914581286e-05
1607,3.4625957514160843,7.9760002039752e-05
1608,3.2038637101785907,8.047975160339591e-05
1609,2.9726683707159602,8.11062396879105e-05
1610,2.8907813858753117,8.132410776150986e-05
1611,2.8579646679337944,8.141080056371461e-05
1612,2.80854691963896,8.154066401611525e-05
1613,4.432410740484946,7.690634891849432e-05
1614,4.382181792177567,7.705976704311474e-05
1615,4.348781884369628,7.716145820792301e-05
1616,4.326459108079753,7.72292780011079e-05
1617,4.279321314823589,7.737210493016256e-05
1618,4.1724231879718285,7.769405511377528e-05
1619,4.00336239506696,7.819761060307935e-05
1620,3.782150869057725,7.884584047593224e-05
1621,3.5204907715715996,7.95963942031367e-05
1622,3.2360832230693974,8.039116575573818e-05
1623,2.9816627688177357,8.108217710605119e-05
1624,2.8846823074419237,8.134024700546275e-05
1625,4.613778961265869,7.634755919121007e-05
1626,4.5944027175219695,7.640761358724058e-05
1627,4.575104898967828,7.646734064529268e-05
1628,4.530318761643746,7.660562911504129e-05
1629,4.435135019519091,7.689801124121219e-05
1630,4.284585940707247,7.73561791420653e-05
1631,4.0819313972315,7.796445302900836e-05
1632,3.8330810253964755,7.869768756180372e-05
1633,3.5479073654771085,7.951860017517484e-05
1634,3.2460854809891484,8.036360340160272e-05
1635,4.766609217426345,7.58709350099732e-05
1636,4.758401293025155,7.589666443607076e-05
1637,4.726721641659063,7.599583129974105e-05
1638,4.650986453735152,7.62320020675018e-05
1639,4.524470331555585,7.662365393500685e-05
1640,4.346718978476149,7.716773050317534e-05
1641,4.119843021408462,7.785141033091089e-05
1642,3.849556482499693,7.864962046134731e-05
1643,4.880671406421644,7.551185535509822e-05
1644,4.867938993467249,7.555207893706077e-05
1645,4.815860930509898,7.571623428948364e-05
1646,4.716157963086006,7.602884941002815e-05
1647,4.566636501586773,7.649352386244125e-05
1648,4.366947076771256,7.710618375426593e-05
1649,4.9551327086317505,7.527592003308834e-05
1650,4.929534230767949,7.535716505592474e-05
1651,4.857499070594841,7.558503395406679e-05
1652,4.7370275401538935,7.596359508430406e-05
1653,4.991716538132584,7.515956597273427e-05
1654,4.949359713211967,7.529425477189293e-05
1655,3.592570735452737,7.9391437631252e-05
1656,3.4155052606005567,7.989240103008845e-05
1657,3.231994026468648,8.040242560939531e-05
1658,3.0676536704998205,8.085083753781333e-05
1659,2.994279001846773,8.104838162932813e-05
1660,3.025660059441031,8.09641017496352e-05
1661,3.060778063958241,8.086941974239373e-05
1662,3.0491420105194766,8.090083432934221e-05
1663,2.981011559311735,8.108392014477558e-05
1664,3.6694724988700727,7.917124970026806e-05
1665,3.5044454386598356,7.964182848863541e-05
1666,3.3683830947682543,8.002427432197317e-05
1667,3.2992156663456984,8.021671207058536e-05
1668,3.2977257930501733,8.022084224623844e-05
1669,3.3178087818259163,8.016511558016632e-05
1670,3.313252560960158,8.017776835306653e-05
1671,3.255242567273753,8.033834452797726e-05
1672,3.157477639141188,8.060675011563124e-05
1673,3.09453472075422,8.077804842680393e-05
1674,3.0724144277491443,8.083796243535512e-05
1675,3.041627739064511,8.092109874100881e-05
1676,2.9965728702105676,8.10422315426629e-05
1677,2.9773725706647065,8.109365783427484e-05
1678,3.0669328752696012,8.08527862639663e-05
1679,3.233193962429694,8.039912201762594e-05
1680,3.8314969594309813,7.870230545000827e-05
1681,3.7230871900705798,7.901682247954734e-05
1682,3.6608737997455587,7.919594698928177e-05
1683,3.6449758427195493,7.924155830437564e-05
1684,3.649762788914759,7.922783150624757e-05
1685,3.636577104273987,7.926562754626862e-05
1686,3.5694235110928556,7.945740730592557e-05
1687,3.439787350423001,7.982420605617817e-05
1688,3.2802179678592944,8.026932919440218e-05
1689,3.1492204881160992,8.06292898794037e-05
1690,3.0761214153456082,8.082793233754834e-05
1691,3.026232818292483,8.096256061559944e-05
1692,2.9812750928411544,8.108321478262579e-05
1693,2.9719115523559214,8.110826321331723e-05
1694,4.073577464085518,7.798931538899842e-05
1695,4.0195479021033025,7.814970292657041e-05
1696,3.9973172526522363,7.82154871618559e-05
1697,3.990249870770429,7.823637524699965e-05
1698,3.9659553923272135,7.830808502647591e-05
1699,3.8898867938961184,7.853166798557423e-05
1700,3.748845354454984,7.894236608912123e-05
1701,3.557677238081352,7.949082957783344e-05
1702,3.3481437203454294,8.008072433860043e-05
1703,3.17441940431217,8.056043998787265e-05
1704,3.0752677973576317,8.0830242369884e-05
1705,3.0204674766339124,8.097806884457094e-05
1706,4.337514419455119,7.719570496627012e-05
1707,4.313309861963202,7.726917261795383e-05
1708,4.299559379401232,7.731084791596977e-05
1709,4.269008071328135,7.740328409563598e-05
1710,4.190826856548636,7.763882202831218e-05
1711,4.050724779821068,7.805724098728539e-05
1712,3.855143136129006,7.863330584062674e-05
1713,3.620719268617581,7.93110225713521e-05
1714,3.37824080657714,7.999673835756068e-05
1715,3.181696103592033,8.054052299274496e-05
1716,4.570740954780368,7.64808354397847e-05
1717,4.555657990429196,7.652744383061983e-05
1718,4.525946732385177,7.661910441396877e-05
1719,4.453651762908317,7.684129521630518e-05
1720,4.323833438265249,7.723724748714152e-05
1721,4.137266893958409,7.77993401696807e-05
1722,3.9041051585682407,7.84899866885174e-05
1723,3.6405210035525397,7.9254327364149e-05
1724,4.747534293778455,7.593070641563267e-05
1725,4.7257165606863945,7.599897387212732e-05
1726,4.666470706585189,7.618382038975714e-05
1727,4.553644503737096,7.653366186982707e-05
1728,4.384844416178309,7.705164908583553e-05
1729,4.165035242569843,7.771620497452756e-05
1730,4.862042584529943,7.557069465236378e-05
1731,4.822704577147355,7.569469617444219e-05
1732,4.731657935669771,7.598039381072633e-05
1733,4.584970444383012,7.643681714514777e-05
1734,4.91746263232037,7.539542930980521e-05
1735,4.853629666970501,7.559724222995331e-05
1736,3.3688555525830206,8.002295520663302e-05
1737,3.2909502297142725,8.023961721683556e-05
1738,3.2806987622099797,8.026799883599137e-05
1739,3.3076546264284787,8.019330590457281e-05
1740,3.34140098589964,8.009950500684958e-05
1741,3.365507897059322,8.003230060404022e-05
1742,3.3749609096789137,8.000590325302812e-05
1743,3.6558357993600175,7.921040820700918e-05
1744,3.633500524632461,7.92744398166511e-05
1745,3.644729150966207,7.924226554183728e-05
1746,3.668061447060114,7.91753038664359e-05
1747,3.6793726350205884,7.91427904844768e-05
1748,3.656556960646606,7.920833857308139e-05
1749,3.5928997023539107,7.939049904731229e-05
1750,3.505635852380636,7.963846008133489e-05
1751,3.420049148549775,7.987965214749807e-05
1752,3.3512712518504366,8.007200881119774e-05
1753,3.3012331732916604,8.021111819547594e-05
1754,3.27484624502288,8.028418823470966e-05
1755,3.9906849096665242,7.823508981829527e-05
1756,3.9895714553184556,7.823837969803337e-05
1757,4.000447399072958,7.820623188698699e-05
1758,3.998429454450903,7.821219885942147e-05
1759,3.95656089302245,7.833577552411078e-05
1760,3.860963165017572,7.861630132267224e-05
1761,3.723754536296261,7.901489561333726e-05
1762,3.572459210195698,7.944876368379387e-05
1763,3.4428126837644,7.981569817749126e-05
1764,3.353642496572914,8.006539899988713e-05
1765,4.301888516500416,7.730379183980073e-05
1766,4.302792489520837,7.730105292688871e-05
1767,4.292057474285344,7.733356610888312e-05
1768,4.2416246914677,7.748594781376823e-05
1769,4.134393006094658,7.78079336512913e-05
1770,3.9751006884136335,7.828110806689445e-05
1771,3.7832181923455384,7.884274247457763e-05
1772,3.592919389820371,7.9390442875583e-05
1773,4.550721440179029,7.65426872208132e-05
1774,4.5376770946770195,7.658293971299292e-05
1775,4.487864489334572,7.673629540504323e-05
1776,4.381729901956097,7.706114462761182e-05
1777,4.21857928966576,7.755537830159822e-05
1778,4.010928705413669,7.817522300655904e-05
1779,4.718646355395896,7.602107385418344e-05
1780,4.6785015215786006,7.614634762386257e-05
1781,4.582690844259865,7.644387206930928e-05
1782,4.426721253663802,7.692375610636759e-05
1783,4.801536216913252,7.576128341649605e-05
1784,4.724285598593055,7.600344765468708e-05
1785,3.6425469075132995,7.924852109186724e-05
1786,3.679173918933292,7.914336197096828e-05
1787,3.731524881688464,7.899245138934182e-05
1788,3.7841328637612346,7.88400873272616e-05
1789,3.8174536126751284,7.874321696129126e-05
1790,4.009437175315186,7.817963733850319e-05
1791,4.04413359589519,7.807680843858177e-05
1792,4.073345758361617,7.799000473243485e-05
1793,4.073015865178675,7.799098616902124e-05
1794,4.028249364391471,7.812392076962214e-05
1795,3.943872986156341,7.837313866340158e-05
1796,3.841177180055781,7.867407563229605e-05
1797,3.746934817137823,7.894789454697751e-05
1798,4.322722328269491,7.724061946356157e-05
1799,4.337078890361799,7.719702813333826e-05
1800,4.318687058138109,7.725286319090646e-05
1801,4.2487631328485,7.746441573516662e-05
1802,4.130376248866257,7.781994119538387e-05
1803,3.9837735203190894,7.825550568441298e-05
1804,4.54616717691907,7.655674525054838e-05
1805,4.522350409995292,7.663018559221867e-05
1806,4.443270367674682,7.687310274470987e-05
1807,4.306968536974033,7.728839758615716e-05
1808,4.6606226266379025,7.620202391065861e-05
1809,4.584535450050301,7.643816345971864e-05
1810,4.110022252644967,7.788072675986238e-05
1811,4.177779542806938,7.767798799433329e-05
1812,4.221073300145141,7.754787052012946e-05
1813,4.382495992683121,7.705880917684439e-05
1814,4.399757196148833,7.700615170044028e-05
1815,4.367418595571857,7.710474795485314e-05
1816,4.2862614013988125,7.735110940755287e-05
1817,4.527483392459322,7.661436867652501e-05
1818,4.476830557242711,7.677018822862848e-05
1819,4.452704340588431,7.684419905098161e-05
1820,3.868543614689425,7.859414054039357e-05
1821,3.859699489093367,7.861999416085039e-05
1822,3.831632105850908,7.87019114943393e-05
1823,3.780518984989578,7.885057660242754e-05
1824,3.702203519832482,7.907706282190319e-05
1825,3.594357967477737,7.938633808754745e-05
1826,3.4578476995058676,7.977337922601253e-05
1827,3.296757462545414,8.022352627843126e-05
1828,3.117275891516242,8.07162968968433e-05
1829,2.926245880252929,8.123001929569839e-05
1830,2.955671127314915,8.115164138894136e-05
1831,3.0460110396761495,8.090928003460733e-05
1832,3.0925101966668174,8.078353819280329e-05
1833,3.890151559284798,7.85308922857371e-05
1834,3.9014217377910865,7.849785704274648e-05
1835,3.889369425739511,7.853318370090799e-05
1836,3.8490466169071023,7.865110902177418e-05
1837,3.77685602919967,7.886120491545149e-05
1838,3.6721735301416807,7.916348777630763e-05
1839,3.537771909193934,7.95473828802932e-05
1840,3.3789812399357873,7.999466897546969e-05
1841,3.202116152297805,8.04845477124065e-05
1842,3.0130027469296325,8.0998132756151e-05
1843,3.042986218813667,8.091743650766556e-05
1844,3.101434128917539,8.075933036494966e-05
1845,3.117283911333825,8.071627509205542e-05
1846,3.094023911372817,8.077943367245241e-05
1847,3.0512691067846034,8.089509480985745e-05
1848,3.1378363689945026,8.066033188736688e-05
1849,3.310751417156227,8.018471159769841e-05
1850,3.4809160100703163,7.970832868579342e-05
1851,3.633521291169436,7.927438034325186e-05
1852,3.7600561840829925,7.890990677762865e-05
1853,3.854130154704962,7.863626461977849e-05
1854,3.9119882493221305,7.846685551556772e-05
1855,3.9321589897672964,7.840759832776689e-05
1856,3.9118031919120497,7.846739870334853e-05
1857,3.9523749509064428,7.83481066349513e-05
1858,3.9801905128317445,7.826608505103768e-05
1859,3.9794553284031204,7.826825540113503e-05
1860,3.9456514312369326,7.836790393672e-05
1861,3.87686221862114,7.856980518322997e-05
1862,3.7744547519394307,7.886817052021141e-05
1863,3.6425057309464224,7.924863911528592e-05
1864,3.4863101928523,7.969309663680436e-05
1865,3.3107327769292922,8.018476333679502e-05
1866,3.1192286987947386,8.071098690535044e-05
1867,3.184085121147006,8.053398060669659e-05
1868,3.2264284003904167,8.041774306174454e-05
1869,3.262826774593812,8.031740588424269e-05
1870,3.329747653008704,8.013193296525905e-05
1871,3.453889794592323,7.97845255280506e-05
1872,3.607428444629853,7.934901809011552e-05
1873,3.7617103211952823,7.890511473348248e-05
1874,3.900248948888683,7.850129621466671e-05
1875,4.009577050228472,7.817922338800425e-05
1876,4.076099807327868,7.798181036651841e-05
1877,4.087397739273132,7.794817531911652e-05
1878,4.036788354947534,7.809860196384395e-05
1879,4.048454063726845,7.806398333129427e-05
1880,4.088410085668953,7.794515995038382e-05
1881,4.094841073778412,7.792599883682575e-05
1882,4.064728761193296,7.801563171616468e-05
1883,3.998093615239287,7.82131918236656e-05
1884,3.8976610958802067,7.850888380569562e-05
1885,3.7675412697044943,7.888821684556644e-05
1886,3.6115853727997345,7.933713937285437e-05
1887,3.4322814361940974,7.984530339653692e-05
1888,3.4161584770503897,7.989056863861503e-05
1889,3.49943835253044,7.965599238821373e-05
1890,3.589990887937898,7.939879726416251e-05
1891,3.702075404877941,7.907743202914868e-05
1892,3.8304660921744325,7.870531030518477e-05
1893,3.9676854017839744,7.830298340080836e-05
1894,4.101125995847299,7.790726322993314e-05
1895,4.215436853300333,7.756483594571553e-05
1896,4.290466084009369,7.733838364790467e-05
1897,4.30129496087255,7.730559012644621e-05
1898,4.230518744947189,7.751942324035327e-05
1899,4.169750845970262,7.770206859664851e-05
1900,4.217622418316903,7.755825840180807e-05
1901,4.228024766298796,7.752693653302243e-05
1902,4.199742033685938,7.761203665841048e-05
1903,4.134219820051784,7.780845144748187e-05
1904,4.034441064635541,7.81055636520248e-05
1905,3.9033464940108624,7.849221200075265e-05
1906,3.7426328303781595,7.896033962268608e-05
1907,3.7640831892981796,7.889823929576826e-05
1908,3.8688378078270818,7.859328020075969e-05
1909,3.9793394651960985,7.826859743064063e-05
1910,4.10190806413906,7.790493118259188e-05
1911,4.226416168190373,7.753178176723917e-05
1912,4.348263437142506,7.716303464784557e-05
1913,4.457871566830017,7.682835907182451e-05
1914,4.53697260327917,7.658511254426111e-05
1915,4.553936397085826,7.65327605033575e-05
1916,4.4746586015653245,7.677685651257751e-05
1917,4.307419507279932,7.728703069368026e-05
1918,4.3592793990497425,7.712952495456635e-05
1919,4.370848440299718,7.709430233830794e-05
1920,4.342432125760024,7.718076155752507e-05
1921,4.27606200780035,7.738196123648561e-05
1922,4.173988230146975,7.768936126691107e-05
1923,4.053244288513882,7.804975843930768e-05
1924,4.142040740110253,7.778506104364737e-05
1925,4.25177780599181,7.745531877789529e-05
1926,4.370257533010105,7.709610214620092e-05
1927,4.4909724129505895,7.672674378593742e-05
1928,4.608366187594983,7.636434396917472e-05
1929,4.7146535828174185,7.603354952676641e-05
1930,4.796529746713486,7.577701743103462e-05
1931,4.823571320643488,7.569196765555854e-05
1932,4.747030961496279,7.593228252332413e-05
1933,4.452536589686863,7.684471318333687e-05
1934,4.504356270960302,7.668558573652713e-05
1935,4.514034740880728,7.665579696878756e-05
1936,4.482850798275038,7.675169937430948e-05
1937,4.4126261815514445,7.69668482273398e-05
1938,4.406993823397125,7.698405487185004e-05
1939,4.492481111092784,7.672210628766601e-05
1940,4.6012388361306185,7.638643550641444e-05
1941,4.720293650437183,7.60159257450931e-05
1942,4.8417710130621305,7.563463693449407e-05
1943,4.952457657813053,7.528441674582567e-05
1944,5.043211232969976,7.499530561770813e-05
1945,5.087094597301907,7.485488195046237e-05
1946,5.023935586290957,7.505685788808237e-05
1947,4.595727273395005,7.640351097870769e-05
1948,4.64331463480202,7.625585424341531e-05
1949,4.6477875937593005,7.624194913127157e-05
1950,4.635926520695795,7.627881188719178e-05
1951,4.689262697112089,7.611280207987759e-05
1952,4.775015063731666,7.58445697742408e-05
1953,4.883751723021233,7.550211889982255e-05
1954,5.003674302598665,7.51214726771317e-05
1955,5.131544058259373,7.471223494326456e-05
1956,5.2420195855698335,7.435592114834668e-05
1957,5.31936397957405,7.410497597358009e-05
1958,5.28611150972229,7.42130130771175e-05
1959,4.727648074625054,7.599293443670577e-05
1960,4.769433300933755,7.586207890706807e-05
1961,4.80733666337762,7.574304727481026e-05
1962,4.868352379333337,7.555077354201472e-05
1963,4.957323102409294,7.526896158590802e-05
1964,5.068617238394899,7.491405760274782e-05
1965,5.191954531839752,7.451770672109819e-05
1966,5.316421922465073,7.411454372050089e-05
1967,5.455476084850138,7.366043590419605e-05
1968,5.522939108663179,7.343874428013713e-05
1969,4.840255130665805,7.563941486262761e-05
1970,4.887406670134405,7.549056345195989e-05
1971,4.947263615555106,7.530091010342416e-05
1972,5.031951851535028,7.503126936929222e-05
1973,5.1395393039101105,7.46865328786384e-05
1974,5.260276556260944,7.429679582837326e-05
1975,5.379555650121765,7.39088467965659e-05
1976,5.494300585175037,7.353296272787363e-05
1977,4.927849744399561,7.536250638153966e-05
1978,4.971205728137415,7.522483536001712e-05
1979,5.036439405000589,7.501693882366874e-05
1980,5.1256457410543,7.473118754365012e-05
1981,5.2294534576999805,7.439657703819237e-05
1982,5.327794703388524,7.407754907859069e-05
1983,4.987240334006014,7.517381777806013e-05
1984,5.020949414614855,7.506638649133042e-05
1985,5.079390234366011,7.487956468830199e-05
1986,5.155663776617326,7.463465760653457e-05
1987,5.017109653598666,7.507863604228766e-05
1988,5.037414130350962,7.50138255742551e-05
1989,3.974142508811144,7.828393549280633e-05
1990,4.009770297751923,7.817865147690222e-05
1991,3.9954663061288684,7.822095893905873e-05
1992,3.936259063016857,7.839554081535395e-05
1993,3.8380492618042625,7.86831999771586e-05
1994,3.708327117676403,7.905941060474595e-05
1995,3.5558810344922094,7.949593715566395e-05
1996,3.3917248908207145,7.995902869621009e-05
1997,3.2406489247951167,8.037858805881164e-05
1998,3.1770610119026754,8.055321148259587e-05
1999,3.1830641756096094,8.053677669930921e-05
2000,4.070375376447419,7.799884070300804e-05
2001,4.116842543294525,7.786036967140951e-05
2002,4.106027207333902,7.789264587405059e-05
2003,4.047069285214892,7.806809447866877e-05
2004,3.949818201548495,7.835563626738274e-05
2005,3.823875458924657,7.872451484892216e-05
2006,3.6793814617537324,7.914276509948519e-05
2007,3.5319686504617214,7.956385056757127e-05
2008,3.4213489383221165,7.987600424904417e-05
2009,3.3950422591587426,7.994974355357645e-05
2010,3.4203405723914226,7.987883429850024e-05
2011,3.4863579154619857,7.969296184274722e-05
2012,3.59072568880311,7.939670124876618e-05
2013,3.725372930391431,7.901022225517577e-05
2014,3.8690871988482587,7.859255086356013e-05
2015,4.004046280674326,7.819558766545153e-05
2016,4.114812623854552,7.786642971713326e-05
2017,4.1843809890435475,7.765817659410241e-05
2018,4.194443235644448,7.762795902124853e-05
2019,4.133418341223163,7.781084763576327e-05
2020,4.191824275802344,7.763582625753204e-05
2021,4.244852837544631,7.747621207462848e-05
2022,4.23598290815765,7.75029568800594e-05
2023,4.179216193097943,7.767367739547851e-05
2024,4.086903404019888,7.794964765258499e-05
2025,3.9702391701698385,7.829545123795422e-05
2026,3.8446100710092526,7.86640588135795e-05
2027,3.7454882228459736,7.895207988359357e-05
2028,3.72704004818088,7.900540749229176e-05
2029,3.779140236858419,7.885457753582636e-05
2030,3.8700260236181183,7.858980515589458e-05
2031,3.983243330640266,7.825707134878051e-05
2032,4.106906259873334,7.789002357526824e-05
2033,4.230543361442237,7.751934907399241e-05
2034,4.340223090163996,7.718747484294505e-05
2035,4.415764839578523,7.695725655426479e-05
2036,4.428392039974689,7.691864505209672e-05
2037,4.352639381612675,7.714972676207434e-05
2038,4.32960794884009,7.721971844368475e-05
2039,4.386109086820908,7.704779270940182e-05
2040,4.379749024520288,7.706718275924194e-05
2041,4.328305704898526,7.722367220460647e-05
2042,4.246563684746243,7.74710513419248e-05
2043,4.15285925439509,7.775268130059061e-05
2044,4.0853609172832765,7.795424143009414e-05
2045,4.0931770706512,7.793095769296499e-05
2046,4.164656003396796,7.771734162113599e-05
2047,4.264392065499553,7.741723113301563e-05
2048,4.377135216523692,7.7075148798681e-05
2049,4.490132797414506,7.672932440473352e-05
2050,4.593661778050603,7.640990836074303e-05
2051,4.671109769190376,7.616937478163878e-05
2052,4.690911053716847,7.610766141940671e-05
2053,4.611783118490761,7.635374898184127e-05
2054,4.474794386196573,7.677643966174967e-05
2055,4.532894264228639,7.659768896195792e-05
2056,4.531580261919878,7.660174015798123e-05
2057,4.4920697496775714,7.672337079898083e-05
2058,4.438055538189618,7.688907106720067e-05
2059,4.4095866993356045,7.697613464575788e-05
2060,4.444040927472508,7.687074268245463e-05
2061,4.528114293794585,7.66124241849168e-05
2062,4.633858969069528,7.628523435231854e-05
2063,4.743386300567079,7.594369354864823e-05
2064,4.845862219789812,7.5621739311615e-05
2065,4.927572662009836,7.53633849216355e-05
2066,4.95924626707964,7.526285122573603e-05
2067,4.88745839389936,7.549039990182247e-05
2068,4.618047356783244,7.633431842733259e-05
2069,4.676934014093385,7.615123182076852e-05
2070,4.68705442227669,7.61196879851085e-05
2071,4.67780002547678,7.614853348349814e-05
2072,4.688249169786591,7.611596262443986e-05
2073,4.745226251075429,7.593793323650831e-05
2074,4.838692703406374,7.56443389720052e-05
2075,4.947945191824249,7.52987461301125e-05
2076,5.061172138861299,7.493788101016466e-05
2077,5.155941295091596,7.463376430802162e-05
2078,5.210143505172978,7.445898849242867e-05
2079,5.157334196871844,7.462928048374438e-05
2080,4.7500879905445945,7.592270904442773e-05
2081,4.810182272591082,7.573409821175983e-05
2082,4.844116223219018,7.562724405171226e-05
2083,4.8884163124877436,7.548737086615707e-05
2084,4.964982892411827,7.524461987510676e-05
2085,5.06850760451235,7.491440850240265e-05
2086,5.184225246831318,7.454263800002471e-05
2087,5.310823722144639,7.413274457685541e-05
2088,5.409970579915676,7.3809466791015e-05
2089,5.406210498230196,7.38217627362733e-05
2090,4.8629099837444425,7.556795663599375e-05
2091,4.925076896051432,7.537129745706608e-05
2092,4.9895327715668705,7.516651940966154e-05
2093,5.07821274402659,7.488333595733893e-05
2094,5.189328188799839,7.45261795332319e-05
2095,5.310698949443903,7.413315016543154e-05
2096,5.4475269925413485,7.368649874644606e-05
2097,5.558396539744421,7.332187118637625e-05
2098,4.950788754305143,7.528971687545379e-05
2099,5.013426077694331,7.509038439426483e-05
2100,5.096273858644732,7.482545777236797e-05
2101,5.200849852806354,7.448899907264926e-05
2102,5.3136400707218145,7.412358886213697e-05
2103,5.410759331123497,7.380688711785696e-05
2104,5.010451831498115,7.50998683172183e-05
2105,5.068329441694405,7.491497873378048e-05
2106,5.1503460343629595,7.465177169007245e-05
2107,5.24188280781174,7.435636384699155e-05
2108,5.04048790727394,7.500400668880483e-05
2109,5.0867907514169515,7.485585562817148e-05
2110,4.255229017270781,7.744490189538268e-05
2111,4.322206959098969,7.724218339819869e-05
2112,4.312349264797127,7.72720854638429e-05
2113,4.244171121219138,7.747826826330009e-05
2114,4.139960034327939,7.779128535061732e-05
2115,4.018319747970846,7.815334041186998e-05
2116,3.8970705817033036,7.8510614959613e-05
2117,3.7976362916965924,7.880086414126322e-05
2118,3.741065762160587,7.89648717585369e-05
2119,4.393222746185518,7.702609400776723e-05
2120,4.463065052045662,7.681243240260338e-05
2121,4.455306336105151,7.683622347933121e-05
2122,4.394479664390839,7.702225882412993e-05
2123,4.305221392896099,7.72936927339177e-05
2124,4.209499278936997,7.758269956058262e-05
2125,4.132314216537859,7.781414839321304e-05
2126,4.099645122763807,7.791167863518426e-05
2127,4.121221596060733,7.78472932172918e-05
2128,4.189932569698051,7.764150783630923e-05
2129,4.284602468948087,7.735612913291054e-05
2130,4.388712535422258,7.70398528091708e-05
2131,4.48588378537765,7.674238157112739e-05
2132,4.555649937189075,7.652746870242817e-05
2133,4.5680076007313675,7.64892856993055e-05
2134,4.490570748846061,7.672797834963556e-05
2135,4.538442768418092,7.658057805163805e-05
2136,4.609559517034341,7.636064407321882e-05
2137,4.6080570020616864,7.636530254088086e-05
2138,4.562368809534247,7.650671286812678e-05
2139,4.5009845002796265,7.669595847169204e-05
2140,4.453451109905363,7.684191023189838e-05
2141,4.447175344020352,7.686114121364228e-05
2142,4.489123772582348,7.67324255014502e-05
2143,4.564096551033069,7.650137390071455e-05
2144,4.654377506037184,7.622145486623268e-05
2145,4.743715393200657,7.594266331702977e-05
2146,4.81346815212362,7.572376235196594e-05
2147,4.832296969708359,7.566449006877613e-05
2148,4.755045916895167,7.590717827433371e-05
2149,4.681682145581074,7.613643543214126e-05
2150,4.753605536012296,7.59116908457725e-05
2151,4.764707829926864,7.587689662139157e-05
2152,4.746749238148412,7.593316467226231e-05
2153,4.733820821106951,7.597362802394172e-05
2154,4.754054709458888,7.591028367873493e-05
2155,4.81325302875324,7.5724439103037e-05
2156,4.897361522162806,7.545907562700787e-05
2157,4.984578615596899,7.518229041018182e-05
2158,5.059575985077878,7.494298698727547e-05
2159,5.091796890574436,7.483981092754455e-05
2160,5.025161821014799,7.505294453682794e-05
2161,4.81387562856667,7.572248045456371e-05
2162,4.88705239759728,7.549168364336707e-05
2163,4.919920224965673,7.538764183647827e-05
2164,4.946279192894051,7.530403542425349e-05
2165,4.994480811212379,7.515076266039733e-05
2166,5.071352846077894,7.490530106199473e-05
2167,5.170688472752283,7.458627195299048e-05
2168,5.2613313238152974,7.429337787798281e-05
2169,5.322793690611758,7.409382014130313e-05
2170,5.28140757397075,7.422827804709656e-05
2171,4.927150632438789,7.536472301139422e-05
2172,5.002427135816708,7.512544713930941e-05
2173,5.064847948004412,7.492612032933365e-05
2174,5.140381332235131,7.468382526234468e-05
2175,5.236485168184393,7.437383093952571e-05
2176,5.344511927991144,7.402312213087633e-05
2177,5.467198892056833,7.362197739982728e-05
2178,5.512403993627758,7.3473422562943e-05
2179,5.0157238883260655,7.508305612295294e-05
2180,5.092413359739458,7.483783477741585e-05
2181,5.179788132750321,7.455694460806421e-05
2182,5.284663667655688,7.42177120182897e-05
2183,5.395990051615862,7.385517068997423e-05
2184,5.505798149940071,7.349515588730286e-05
2185,5.0760939222269545,7.48901213914087e-05
2186,5.149777139793526,7.465360221514089e-05
2187,5.24254621176948,7.435421661981203e-05
2188,5.338040439723316,7.404419828963517e-05
2189,5.106574046660204,7.479241944125835e-05
2190,5.169389187501111,7.459045802898968e-05
2191,4.635329984095845,7.628066501585686e-05
2192,4.7128760465115525,7.603910241408175e-05
2193,4.705127674050792,7.606329954006404e-05
2194,4.64831303743772,7.624031538725748e-05
2195,4.573628969236867,7.64719052029933e-05
2196,4.505082609557189,7.668335092683094e-05
2197,4.463773625767802,7.681025896459855e-05
2198,4.7779676664471715,7.583530514029097e-05
2199,4.855367705794141,7.559175898209413e-05
2200,4.858225084515644,7.558274295979603e-05
2201,4.824233368601114,7.568988341011656e-05
2202,4.787212171767368,7.580628546985832e-05
2203,4.773124194782373,7.585050190787454e-05
2204,4.794357163965624,7.578384357494152e-05
2205,4.842344481744629,7.563282928105571e-05
2206,4.904661486712251,7.54359717686091e-05
2207,4.95863876470411,7.526478149354281e-05
2208,4.971158188555913,7.52249865359161e-05
2209,4.89592716688608,7.546361390434485e-05
2210,4.909825353192987,7.54196215592078e-05
2211,4.9878604462276845,7.517184365487276e-05
2212,5.0096442602182725,7.510244308033651e-05
2213,5.012369769520128,7.509375283934828e-05
2214,5.027837689889904,7.504440378121942e-05
2215,5.0702224815171215,7.490891949220142e-05
2216,5.130477093070182,7.471566387598831e-05
2217,5.188781462922428,7.452794313972212e-05
2218,5.2154829291052405,7.444173866659547e-05
2219,5.1529428255130405,7.464341517358199e-05
2220,5.023305402744488,7.505886890402328e-05
2221,5.10343068082991,7.480250428733057e-05
2222,5.15348516667177,7.4641669734119e-05
2223,5.204106548096976,7.44784847442571e-05
2224,5.271690709511852,7.42597964764856e-05
2225,5.3561319115553045,7.398525738250976e-05
2226,5.419642355779196,7.3777825956177e-05
2227,5.39026394960851,7.387387872318385e-05
2228,5.112577197634743,7.477315381857005e-05
2229,5.19522533780763,7.450715282615236e-05
2230,5.27538334133245,7.424782101072258e-05
2231,5.367344956620121,7.394869300572642e-05
2232,5.479652373241064,7.358109221321109e-05
2233,5.584726735642187,7.32349255573931e-05
2234,5.173799030382609,7.457624884614128e-05
2235,5.255304208880978,7.431290555148338e-05
2236,5.348285358001701,7.401082904644427e-05
2237,5.439340687747628,7.371332631169007e-05
2238,5.20485079799116,7.44760816069378e-05
2239,5.276236302010512,7.424505440467413e-05
2240,5.026398049077518,7.504899897078714e-05
2241,5.100762166504724,7.481106404686166e-05
2242,5.10218309865355,7.48065063263597e-05
2243,5.075975022343619,7.489050213512341e-05
2244,5.055965230517754,7.495453554114182e-05
2245,5.139304851171891,7.468728675583061e-05
2246,5.215161463176535,7.44427773772126e-05
2247,5.241162348398451,7.435869564253177e-05
2248,5.256362958492007,7.43094757706961e-05
2249,5.284697581982511,7.421760195491851e-05
2250,5.314019117317381,7.41223564908416e-05
2251,5.325568450410753,7.408479293456975e-05
2252,5.264239027329807,7.428395435622695e-05
2253,5.228820165857473,7.439862510628534e-05
2254,5.308501875933398,7.414029149980316e-05
2255,5.3684181718239286,7.394519206104414e-05
2256,5.431510183378486,7.373897548331353e-05
2257,5.496383741943476,7.352611470888185e-05
2258,5.4782381351491445,7.358573673550048e-05
2259,5.290697903182161,7.41981252243642e-05
2260,5.372382271047859,7.393225874072937e-05
2261,5.457635938385652,7.365335219931997e-05
2262,5.549223211697875,7.335213123700291e-05
2263,5.32226720446846,7.40955327987012e-05
2264,5.395549561662965,7.385661006855392e-05
2265,5.3532858041868705,7.399453418224006e-05
2266,5.418485951878184,7.378161006305823e-05
2267,5.435698051269305,7.372525944052497e-05
2268,5.415408593968987,7.379167882619992e-05
2269,5.488617313354422,7.355164118716252e-05
2270,5.550632777000665,7.33474825635397e-05
2271,5.540226418314206,7.338179312943857e-05
2272,5.447317619439064,7.36871850536514e-05
2273,5.518073724545815,7.345476227932757e-05
2274,5.572296454474009,7.327598856683133e-05
2275,3.868543614689425,7.859414054039357e-05
2276,5.671633908247147,7.294700465146108e-05
2277,5.669461325499284,7.295421985727283e-05
2278,5.6737625196673305,7.293993461021366e-05
2279,5.692507793639343,7.287763650112604e-05
2280,5.730743185125487,7.275036006102487e-05
2281,5.787980055027933,7.255932251837687e-05
2282,5.858142313253273,7.232431999087412e-05
2283,5.93183178242601,7.207653951594088e-05
2284,5.999467395450888,7.18482591750917e-05
2285,6.053780323259982,7.166436036411436e-05
2286,6.090809632221178,7.153868745699039e-05
2287,6.10932305563829,7.147576628173018e-05
2288,5.626415789393425,7.309699068492973e-05
2289,5.607844796450296,7.315847687650694e-05
2290,5.615000097114217,7.313479439277114e-05
2291,5.638179973702225,7.30580069205524e-05
2292,5.680378016102316,7.291795621504358e-05
2293,5.741630342937278,7.271406928103868e-05
2294,5.816673343731991,7.246332586339101e-05
2295,5.896528241442342,7.219536976098267e-05
2296,5.971454255396132,7.194290628801833e-05
2297,6.033582868657617,7.173280751790928e-05
2298,6.0782435409569615,7.158136186178532e-05
2299,6.103723123712076,7.149480487786617e-05
2300,6.109947600325126,7.147364262627533e-05
2301,6.097173994888359,7.151706369614925e-05
2302,6.064978056027723,7.162638173406117e-05
2303,6.013791340329159,7.179980979275872e-05
2304,5.946252815002666,7.20279346406113e-05
2305,5.8683402012459736,7.229008817824066e-05
2306,5.789166865480821,7.25553549164145e-05
2307,5.719220090316032,7.27887465247998e-05
2308,5.66748599779634,7.296077919898584e-05
2309,5.63866840112398,7.305638781609934e-05
2310,5.632471719330192,7.30769260377838e-05
2311,5.646967487885024,7.302886996005412e-05
2312,5.500513975054752,7.351253477056383e-05
2313,5.46652640671804,7.36241843242347e-05
2314,5.495238517085667,7.352987954333463e-05
2315,5.558311036934344,7.33221533095617e-05
2316,5.642334226477511,7.304423440004858e-05
2317,5.738013465686494,7.272612807597926e-05
2318,5.8356906294172415,7.23996180666328e-05
2319,5.92591018562741,7.209648698373067e-05
2320,6.001142397776218,7.184259550460431e-05
2321,6.056857803718485,7.165392484522207e-05
2322,6.0913464395625345,7.153686385322634e-05
2323,6.104458833352012,7.149230392697456e-05
2324,6.096806593659978,7.151831218026339e-05
2325,6.067591232179195,7.161751565599382e-05
2326,6.016149216036417,7.179183104250786e-05
2327,5.943667576909903,7.203665070127047e-05
2328,5.85478057570021,7.233560037671048e-05
2329,5.758666324651473,7.265723796348936e-05
2330,5.668914804931749,7.295603472628673e-05
2331,5.6017184404512115,7.317874599041047e-05
2332,5.571572958384405,7.327837769500404e-05
2333,5.58484125080684,7.323454712223244e-05
2334,5.335824725985876,7.405141242728046e-05
2335,5.312591908097599,7.412699653882237e-05
2336,5.382776338198062,7.389833200929335e-05
2337,5.49653642723813,7.352561274890206e-05
2338,5.623570293179972,7.310641603373176e-05
2339,5.748052236933289,7.269265245541507e-05
2340,5.85997072184515,7.231818386160092e-05
2341,5.9526807139146785,7.2006257984753e-05
2342,6.0225134657035895,7.177029036041137e-05
2343,6.068211210710714,7.161541199651161e-05
2344,6.089672131152757,7.154255153038497e-05
2345,6.0864937273617405,7.155334733375958e-05
2346,6.059193291099898,7.164600427235218e-05
2347,6.005459585424496,7.182799555688742e-05
2348,5.925387630611207,7.209824695883126e-05
2349,5.8229616939983515,7.244226725787483e-05
2350,5.709018721604726,7.282270922422159e-05
2351,5.603831774588409,7.317175481423479e-05
2352,5.535663904461997,7.339682946931135e-05
2353,5.526475227512738,7.342709964743233e-05
2354,5.188317971897155,7.452943820224001e-05
2355,5.205285354647778,7.447467839739698e-05
2356,5.32940072159532,7.407232274288376e-05
2357,5.48648835815956,7.35586365152251e-05
2358,5.64012279878269,7.305156631567547e-05
2359,5.775922747102694,7.259961630832012e-05
2360,5.887652338970346,7.222521037524626e-05
2361,5.972793891200027,7.193838326613029e-05
2362,6.030801562815812,7.174222750160248e-05
2363,6.061644380674227,7.163769062582957e-05
2364,6.062257824303781,7.163560977406592e-05
2365,6.036133379141796,7.17241680235785e-05
2366,5.979085704677951,7.19171359143321e-05
2367,5.890824745803106,7.221454643798301e-05
2368,5.776200418365709,7.25986886733002e-05
2369,5.651067916050107,7.301526905610776e-05
2370,5.548401809853479,7.335484000042659e-05
2371,5.5077127170603895,7.348885780896261e-05
2372,5.115676374095089,7.476320483347626e-05
2373,5.188450145302745,7.452901186084492e-05
2374,5.353755877860589,7.399300210354121e-05
2375,5.528983813401808,7.341883726274074e-05
2376,5.684656346071239,7.2903738094717e-05
2377,5.812464965543656,7.247741494685864e-05
2378,5.910658082543566,7.214783619535985e-05
2379,5.979430682566399,7.19159707267352e-05
2380,6.018810264403221,7.178282522167596e-05
2381,6.0273084110262385,7.175405651220376e-05
2382,5.995607700278076,7.186130804438583e-05
2383,5.934545178445146,7.206739708308335e-05
2384,5.839013969248734,7.238847810485634e-05
2385,5.717813238605022,7.279343141651738e-05
2386,5.599751527270109,7.318525201851967e-05
2387,5.536265508555335,7.339484703831485e-05
2388,5.155487213306559,7.463522593422966e-05
2389,5.271351808159131,7.426089541850692e-05
2390,5.444430964165778,7.369664638211243e-05
2391,5.60792882707715,7.315819881031643e-05
2392,5.743360650013783,7.270829951449407e-05
2393,5.847751648835753,7.235917944947885e-05
2394,5.921684940198207,7.211071628699806e-05
2395,5.965266142504481,7.196379512314021e-05
2396,5.9764245258040924,7.192612352843965e-05
2397,5.937837117006368,7.205630355848529e-05
2398,5.870845491036172,7.228167564414275e-05
2399,5.769654482190151,7.262055332286422e-05
2400,5.655786312619778,7.299961443455563e-05
2401,5.587850732315908,7.322460086655837e-05
2402,5.299719769835566,7.416882697116167e-05
2403,5.4283158290790725,7.37494352522874e-05
2404,5.577867361313253,7.325758894471166e-05
2405,5.707210573437105,7.28287269287026e-05
2406,5.806676215376056,7.249678958763902e-05
2407,5.875816372599113,7.226498050803572e-05
2408,5.914803405134998,7.213388428403858e-05
2409,5.921333989224744,7.211189803592943e-05
2410,5.869881320841625,7.228491337432753e-05
2411,5.790295789689359,7.255158059151966e-05
2412,5.683789550053974,7.290661898592948e-05
2413,5.621184059244954,7.311431894270702e-05
2414,5.501085307877914,7.351065600287455e-05
2415,5.618697333287318,7.312255351188639e-05
2416,5.730039713910823,7.275270422043043e-05
2417,5.814884466044879,7.246931518229622e-05
2418,5.869425009295836,7.228644563178377e-05
2419,5.893654799212431,7.220503177585907e-05
2420,5.885895333652138,7.223111570598351e-05
2421,5.840824800768695,7.238240727945633e-05
2422,5.709420551230396,7.282137181026624e-05
2423,5.5967729281861995,7.319510302353916e-05
2424,5.709695034619901,7.282045822677263e-05
2425,5.804714995167268,7.250335229080832e-05
2426,5.876357251123914,7.226316365048052e-05
2427,5.916451752190457,7.212833558457475e-05
2428,5.924455444194024,7.210138645862214e-05
2429,5.900846105499127,7.218084804430532e-05
2430,5.845420379060331,7.236699788384633e-05
2431,5.729728077391402,7.275374264940196e-05
2432,5.8913223150847935,7.221287371088032e-05
2433,5.957895081850408,7.198866828236048e-05
2434,5.99170112124213,7.18745127415509e-05
2435,5.990900560737531,7.187721839758421e-05
2436,5.958423592444581,7.19868851797693e-05
2437,5.9017559752101905,7.2177787567814e-05
2438,6.024308941954641,7.176421203765816e-05
2439,6.058215777354922,7.164931952834492e-05
2440,6.055214059423978,7.165949887118041e-05
2441,6.018481369121773,7.178393837362806e-05
2442,6.094544035848139,7.152600017576037e-05
2443,6.093118128515791,7.153084484437443e-05
2444,5.5636599640082585,7.330450138827994e-05
2445,5.556650433356716,7.33276323202697e-05
2446,5.584593185546339,7.323536689359005e-05
2447,5.642178668436134,7.304475017801628e-05
2448,5.721554428598757,7.278097223544087e-05
2449,5.811898655650499,7.247931062786201e-05
2450,5.901576161955485,7.21783924071605e-05
2451,5.9806408251339445,7.191188321663241e-05
2452,6.042434235803586,7.170281988606481e-05
2453,6.083836013290994,7.156237321602283e-05
2454,6.104234595178042,7.149306620585781e-05
2455,5.4212932779616345,7.377242317489435e-05
2456,5.4426485927327395,7.370248747814947e-05
2457,5.513379599104966,7.347021208516544e-05
2458,5.613336854747633,7.314030023563772e-05
2459,5.725076981080967,7.276923878239126e-05
2460,5.8343613100367575,7.240407343072219e-05
2461,5.930545839133717,7.208087187332916e-05
2462,6.006893692419511,7.182314494008162e-05
2463,6.06028777417875,7.16422921154733e-05
2464,6.0900848724413255,7.154114948049134e-05
2465,6.096435278811548,7.151957393979507e-05
2466,6.080316394034383,7.157432434065347e-05
2467,6.040000642132152,7.171106604619178e-05
2468,5.975147751428071,7.19304351400464e-05
2469,5.887638256940981,7.222525770745286e-05
2470,5.783687751255006,7.257366986071147e-05
2471,5.675440305612614,7.293436135238914e-05
2472,5.581402030261282,7.324591152159305e-05
2473,5.523386170123675,7.343727221661231e-05
2474,5.516444030449685,7.346012658864035e-05
2475,5.29198324168567,7.419395213239563e-05
2476,5.359110727089937,7.397554628469375e-05
2477,5.47759180374215,7.358785923234002e-05
2478,5.613744703613252,7.313895017962619e-05
2479,5.74614113939073,7.269902671172553e-05
2480,5.862279431407388,7.231043497654886e-05
2481,5.955418159837266,7.199702432277693e-05
2482,6.022698141141806,7.176966519475904e-05
2483,6.063497052437177,7.163140600975172e-05
2484,6.077681704909254,7.158326921714087e-05
2485,6.064225288160986,7.162893553193341e-05
2486,6.023752599935569,7.176609551279946e-05
2487,5.954099241232314,7.200147332563582e-05
2488,5.856732278443401,7.23290516447155e-05
2489,5.739091598778043,7.272253379783146e-05
2490,5.619054386261298,7.312137123571568e-05
2491,5.527357183038332,7.34241949408076e-05
2492,5.4948171766555225,7.35312646015136e-05
2493,5.229861581903649,7.439525711949277e-05
2494,5.344179867117877,7.402420378220068e-05
2495,5.495456347681628,7.35291634625522e-05
2496,5.647000281761048,7.302876119716391e-05
2497,5.7809456054869495,7.2582833903457e-05
2498,5.889598210276422,7.221866961089846e-05
2499,5.970180987203508,7.194720493729591e-05
2500,6.021982550278226,7.177208758876846e-05
2501,6.044357379783788,7.169630263808247e-05
2502,6.032125862449391,7.173774241005603e-05
2503,5.99066161505527,7.18780259408725e-05
2504,5.915729088481205,7.21307682899755e-05
2505,5.8097372073824545,7.248654537647892e-05
2506,5.684683489946783,7.29036478767948e-05
2507,5.57116281132141,7.327973203747275e-05
2508,5.514061824726277,7.346796693814538e-05
2509,5.260040865297269,7.429755954860028e-05
2510,5.401433882782342,7.383737882336161e-05
2511,5.558254005352037,7.332234148892671e-05
2512,5.701209561505002,7.28486945189906e-05
2513,5.8190594503430555,7.245533605580467e-05
2514,5.9083016042167085,7.215576601636704e-05
2515,5.967861424865701,7.195503521471406e-05
2516,5.9963868305695875,7.185867417002475e-05
2517,5.982949283231372,7.190408519656756e-05
2518,5.938943340945372,7.205257525245455e-05
2519,5.858651045662668,7.232261274873029e-05
2520,5.748054029017949,7.269264647779414e-05
2521,5.632118336469198,7.307809706608972e-05
2522,5.5642293901552025,7.33026219074043e-05
2523,5.372628079491266,7.393145665949737e-05
2524,5.512318086564124,7.347370525308169e-05
2525,5.648901225218239,7.302245625312291e-05
2526,5.764190817134662,7.263879690514481e-05
2527,5.8524642839964836,7.234337154857147e-05
2528,5.911908898748369,7.214362664897852e-05
2529,5.9404455535236345,7.204751199593021e-05
2530,5.933996926271832,7.206924445325674e-05
2531,5.870059104870806,7.228431637963446e-05
2532,5.782541891368975,7.257749940640166e-05
2533,5.676346942886783,7.293134946960183e-05
2534,5.6132822725599,7.314048091047257e-05
2535,5.536651027982437,7.339357662163028e-05
2536,5.653267924377763,7.300797042884751e-05
2537,5.753592000333269,7.267417134125938e-05
2538,5.8289577848596155,7.24221806291769e-05
2539,5.876833441122096,7.226156404338095e-05
2540,5.894968527774688,7.220061451856239e-05
2541,5.878757431806595,7.225510059738294e-05
2542,5.794349362639196,7.253802636983468e-05
2543,5.689007623116778,7.288927401025599e-05
2544,5.621636103846718,7.31128219108581e-05
2545,5.7168530441009535,7.279662870291849e-05
2546,5.80122213303969,7.251503847479631e-05
2547,5.859936040391501,7.231830025802689e-05
2548,5.889993519324074,7.221734075321848e-05
2549,5.890202814440436,7.221663718232139e-05
2550,5.857635272660922,7.232602150864865e-05
2551,5.756237667966373,7.266534315900209e-05
2552,5.626951921917823,7.309521464035453e-05
2553,5.881932770273408,7.224443191300564e-05
2554,5.931891541924042,7.207633817832239e-05
2555,5.950089571173529,7.201499692223814e-05
2556,5.936856762345657,7.205960746449573e-05
2557,5.89421313544294,7.220315447421892e-05
2558,5.82929656207148,7.242104554460772e-05
2559,6.007002931597801,7.182277544277137e-05
2560,6.021762926006056,7.177283103541697e-05
2561,6.002579595560227,7.183773552629361e-05
2562,5.95515872932228,7.199789946350358e-05
2563,6.074284412141904,7.159480138929011e-05
2564,6.053812835431756,7.16642501262547e-05
2565,5.430829044785437,7.374120601029049e-05
2566,5.4759599037585085,7.35932178870017e-05
2567,5.571192395042232,7.32796343504528e-05
2568,5.691591602293939,7.288068291423263e-05
2569,5.812286013317193,7.247801398273223e-05
2570,5.917036773930275,7.212636615511535e-05
2571,5.997610622265054,7.185453688760598e-05
2572,6.051142091345818,7.167330510919208e-05
2573,6.077478513384957,7.158395901068636e-05
2574,5.386164393612515,7.388726857248326e-05
2575,5.4693946032010246,7.361477102004424e-05
2576,5.591762560281878,7.321166977871096e-05
2577,5.723893363276237,7.277318161538106e-05
2578,5.8435957583561,7.237311646576243e-05
2579,5.939330423274015,7.20512706174019e-05
2580,6.0065321274028936,7.182436790483128e-05
2581,6.043964867088487,7.169763285747534e-05
2582,6.050038845195799,7.167704523028639e-05
2583,6.026525418044259,7.175670770184742e-05
2584,5.971629072777175,7.194231606891636e-05
2585,5.885716857298954,7.22317155374222e-05
2586,5.773124206372102,7.260896478431097e-05
2587,5.647266923586506,7.30278768557015e-05
2588,5.536257359822248,7.339487389083059e-05
2589,5.4757625086572395,7.359386603601146e-05
2590,5.405345351058142,7.382459147991868e-05
2591,5.510767474967668,7.34788075268417e-05
2592,5.639364471633789,7.305408031016422e-05
2593,5.764693676726657,7.263711805103866e-05
2594,5.870082101168533,7.22842391581751e-05
2595,5.947910474213845,7.202234525962387e-05
2596,5.9949989580855405,7.186336584188891e-05
2597,6.0092750832696105,7.1815089501158e-05
2598,5.984037802774507,7.190040782737582e-05
2599,5.92717471462211,7.209222782382486e-05
2600,5.836626213792459,7.239648215624215e-05
2601,5.721247299347325,7.278199515817595e-05
2602,5.607113910796685,7.316089539706843e-05
2603,5.539025887113672,7.338575002292879e-05
2604,5.481456369056219,7.357516711193022e-05
2605,5.587598864843817,7.322543334854862e-05
2606,5.701661833698335,7.284718987752293e-05
2607,5.804499445261642,7.250407352823299e-05
2608,5.884496374434756,7.223581723731527e-05
2609,5.935540385445146,7.206404353311467e-05
2610,5.953336406815426,7.200404639265251e-05
2611,5.923925967529346,7.210316960754085e-05
2612,5.863544835754275,7.230618739950781e-05
2613,5.770329671571428,7.261829843131983e-05
2614,5.665805019202898,7.29663605334193e-05
2615,5.6018636995762225,7.317826548227434e-05
2616,5.59494139697434,7.320115953057716e-05
2617,5.684454607631573,7.290440860709948e-05
2618,5.768978277400337,7.262281152083618e-05
2619,5.8371726563740705,7.239465050508927e-05
2620,5.880859206520276,7.224803913833898e-05
2621,5.893484796268417,7.220560336793693e-05
2622,5.852999148055985,7.234157716335257e-05
2623,5.782781389318889,7.257669900718287e-05
2624,5.688911294587472,7.288959425463714e-05
2625,5.636015530138152,7.306518136076369e-05
2626,5.726056546333161,7.276597548514199e-05
2627,5.78880579066143,7.255656204584044e-05
2628,5.835207861545261,7.240123615505238e-05
2629,5.859426800277837,7.232000932294729e-05
2630,5.855261210895953,7.233398772052093e-05
2631,5.815105720063667,7.24685744363284e-05
2632,5.698984495823106,7.285609641755177e-05
2633,5.610165961478382,7.315079540012806e-05
2634,5.855094601135326,7.233454674439737e-05
2635,5.886369106086733,7.222952340211664e-05
2636,5.892314724140894,7.220953729920255e-05
2637,5.870466737285701,7.228294753768419e-05
2638,5.8182170830180056,7.245815681722418e-05
2639,5.712750252484964,7.281028836369566e-05
2640,5.959666068930366,7.198269308496524e-05
2641,5.957635339391732,7.198954458990651e-05
2642,5.92706760175386,7.209258861023901e-05
2643,5.873373571814222,7.227318542581507e-05
2644,6.018474759416986,7.178396074409744e-05
2645,5.984139507557791,7.190006422518905e-05
2646,5.495006658573021,7.353064172829588e-05
2647,5.573072710427248,7.32734251028866e-05
2648,5.688322663213545,7.289155112279514e-05
2649,5.806435299355599,7.249759578730665e-05
2650,5.904373878263473,7.216898104567675e-05
2651,5.972317648680715,7.193999124360929e-05
2652,6.007024551205269,7.182270231503346e-05
2653,5.5511841963573465,7.334566390637562e-05
2654,5.630553908632132,7.308328092890017e-05
2655,5.733475931202604,7.274125292315668e-05
2656,5.831401246137521,7.241399325851537e-05
2657,5.905898827716905,7.216385060721125e-05
2658,5.948459512612579,7.20204938755122e-05
2659,5.9518814982693495,7.200895356232687e-05
2660,5.918916455878618,7.212003793838325e-05
2661,5.850510353084088,7.234992623814191e-05
2662,5.75426712127792,7.267191869110483e-05
2663,5.652303671422646,7.301116949475906e-05
2664,5.5851468983257515,7.323353704481527e-05
2665,5.631302957047849,7.30807989523601e-05
2666,5.697761052676965,7.286016592421973e-05
2667,5.774793585753292,7.260338842639329e-05
2668,5.841433410862629,7.23803667754057e-05
2669,5.882578406173302,7.224226244519592e-05
2670,5.8893553748473515,7.221948590436093e-05
2671,5.847634776586392,7.235957143028965e-05
2672,5.778293278811026,7.259169645495661e-05
2673,5.69408670616778,7.287238611366746e-05
2674,5.643370855143001,7.30407971717482e-05
2675,5.722876339316639,7.277656928649469e-05
2676,5.766731697153235,7.263031340710925e-05
2677,5.807443865821521,7.249422065642908e-05
2678,5.831262162224301,7.241445932000254e-05
2679,5.82590774748795,7.24323989370017e-05
2680,5.767293681215039,7.2628436891295e-05
2681,5.68951591944163,7.288758414919598e-05
2682,5.650494412353522,7.301717152964831e-05
2683,5.814913651878344,7.246921747028756e-05
2684,5.830317881622992,7.241762345160783e-05
2685,5.828842898863944,7.242256555384218e-05
2686,5.801576918055732,7.251385156132985e-05
2687,5.72053440775158,7.278436944234686e-05
2688,5.59912587645642,7.318732135030329e-05
2689,5.892894985556363,7.220758641743941e-05
2690,5.877733479832324,7.225854054069142e-05
2691,5.838935539284328,7.238874102833299e-05
2692,5.779101155668359,7.258899713256596e-05
2693,5.938755235718131,7.205320923885036e-05
2694,5.896086568968218,7.219685499162939e-05
2695,5.643953628023472,7.30388647377946e-05
2696,5.698466032680489,7.285782100219193e-05
2697,5.776548305606516,7.25975264429139e-05
2698,5.844452403471094,7.237024391516206e-05
2699,5.882767280118918,7.224162777610095e-05
2700,5.706655593784347,7.283057383542772e-05
2701,5.739249949988672,7.272200586859417e-05
2702,5.782239953751787,7.257850846311713e-05
2703,5.810697167928757,7.248333232516086e-05
2704,5.803843865360902,7.250626706867323e-05
2705,5.76556473013865,7.263420982886439e-05
2706,5.710979717405045,7.281618213356946e-05
2707,5.681978183773404,7.291263880209984e-05
2708,5.766664712020786,7.26305370726431e-05
2709,5.770720231435577,7.261699406220809e-05
2710,5.7682752916082505,7.262515906459178e-05
2711,5.743183383238168,7.27088906421096e-05
2712,5.676672090069323,7.293026928073051e-05
2713,5.653544709147745,7.300705211779566e-05
2714,5.816553237454186,7.246372800810355e-05
2715,5.790559335951174,7.255069944517165e-05
2716,5.744067641735788,7.270594186651824e-05
2717,5.660852060078098,7.298280267821868e-05
2718,5.846236640200065,7.236426048238637e-05
2719,5.79779777119962,7.252649329464323e-05
2720,5.713242291132379,7.280865035754441e-05
2721,5.7126541642796225,7.281060823788797e-05
2722,5.726005866624632,7.27661443225572e-05
2723,5.73483539134621,7.273672187272782e-05
2724,5.700695218883862,7.285040561270638e-05
2725,5.653999658327222,7.300554266480016e-05
2726,5.646491613013629,7.303044820510035e-05
2727,5.7460762073570475,7.269924327345915e-05
2728,5.691112218056051,7.288227684406877e-05
2729,5.63776484190641,7.305938301918505e-05
