Mode_Index,Frequency_THz,Cv_Contribution_eV_K
0,0.0,0.0
1,0.1973420552443624,8.59161405492825e-05
2,0.3905465291937256,8.517126417753205e-05
3,0.5759340057765019,8.401192800935767e-05
4,0.7506385513746866,8.254028253910475e-05
5,0.9128578467112944,8.08654936782084e-05
6,1.0620749528705993,7.908279514877392e-05
7,1.199282150470662,7.725643768315326e-05
8,1.32711768638621,7.540871748427668e-05
9,1.4497198716376565,7.351787240479571e-05
10,1.5720167197223311,7.152912541531751e-05
11,1.6976174978974132,6.93939274624877e-05
12,1.8168244500056288,6.729355773972125e-05
13,0.16177048364920174,8.600040188617355e-05
14,0.29754111355967455,8.558999239510425e-05
15,0.46885674526164345,8.473356465166695e-05
16,0.6391955426510882,8.352034331250959e-05
17,0.8000752346514101,8.206029912810351e-05
18,0.9483772855132958,8.046142030820003e-05
19,1.083455275021292,7.880955033894176e-05
20,1.2066307398791645,7.715389652758528e-05
21,1.3210172858527094,7.549987634477762e-05
22,1.4312077910107983,7.381030419351577e-05
23,1.5426007486878932,7.20161285744222e-05
24,1.6599108541463081,7.004395761513192e-05
25,1.7812216754472552,6.792763880764296e-05
26,1.6555534480439105,7.011859526874477e-05
27,1.5305997798618047,7.221328836589725e-05
28,1.41232281178467,7.410615938576468e-05
29,1.2945501135714819,7.589200887720615e-05
30,1.1715519651455675,7.763917207648028e-05
31,1.0388283125346698,7.937495974906599e-05
32,0.8935354189832322,8.107981133447443e-05
33,0.7347053378682179,8.268913698604403e-05
34,0.5636634755866788,8.41017238975184e-05
35,0.38649021989295146,8.519182960579841e-05
36,0.2315225661636565,8.581956992059342e-05
37,0.30839011254146625,8.554686639822295e-05
38,0.41234960316059766,8.505715248723811e-05
39,0.552709634241055,8.41803449651927e-05
40,0.6995137989926511,8.300767044748881e-05
41,0.8410726307819453,8.16417937897955e-05
42,0.9728341169590293,8.017570069779235e-05
43,1.0938020569195936,7.86757747946293e-05
44,1.2053633051926689,7.717161518260574e-05
45,1.3106996294681488,7.565339518464463e-05
46,1.4142324298228792,7.407635761676857e-05
47,1.5209102066559288,7.23718170992913e-05
48,1.6350306138927904,7.04687522846691e-05
49,1.6445894613664391,7.030594546944171e-05
50,1.5102245200626525,7.254595287699956e-05
51,1.3857207456624108,7.45185919349343e-05
52,1.2652287630155012,7.631991729694086e-05
53,1.1429540034087589,7.802679976378971e-05
54,1.0142984114630134,7.967759596061284e-05
55,0.8767842999481571,8.126243337374936e-05
56,0.7311844135410742,8.27216427674247e-05
57,0.5840928475890175,8.395121639519791e-05
58,0.4550461839368253,8.481634175131917e-05
59,0.4290680106027542,8.496558743385145e-05
60,0.5088695285409659,8.448036972704984e-05
61,0.6219040532729452,8.365944185433129e-05
62,0.7460297850270013,8.258363456070687e-05
63,0.8697641909041666,8.133808345892499e-05
64,0.9880547070458316,7.999484312687467e-05
65,1.0995803315088397,7.86006325339607e-05
66,1.2053796204841951,7.717138718328533e-05
67,1.3079989553402331,7.569344161649559e-05
68,1.4108190022457086,7.412960977459981e-05
69,1.5174605387024414,7.242811299834429e-05
70,1.6251604561673552,7.063633354071418e-05
71,1.4794672370044597,7.304305954614082e-05
72,1.3467252869863746,7.511377991379661e-05
73,1.2239714466502192,7.691009970405432e-05
74,1.106512350838308,7.851007860116539e-05
75,0.9901884781101166,7.996930380387669e-05
76,0.8732712724118248,8.13003559300591e-05
77,0.7584738677935333,8.246603084777517e-05
78,0.6556596508927781,8.33846234000991e-05
79,0.5200686246299504,8.440596471427578e-05
80,0.5807837882531035,8.397593637605151e-05
81,0.6730269690069375,8.323801529559706e-05
82,0.7802131565972426,8.225641342948781e-05
83,0.891967994576897,8.109702505807492e-05
84,1.0030152008725202,7.981482690724791e-05
85,1.111388498922782,7.844611522337387e-05
86,1.2171452604241038,7.700637542170258e-05
87,1.3214976463470198,7.549270873891604e-05
88,1.4262546377169685,7.388814411619654e-05
89,1.5335254099524842,7.216530690533651e-05
90,1.4364895755480265,7.372711095115592e-05
91,1.2959254646995355,7.587176807299838e-05
92,1.1733065034030024,7.761515467073311e-05
93,1.0660692003379344,7.903207602315614e-05
94,0.9708214414796749,8.019944226836322e-05
95,0.8858426515990251,8.116404646993732e-05
96,0.8129799024331084,8.193054795257121e-05
97,0.5854859596129456,8.39407699120668e-05
98,0.6336351198254112,8.356545889306923e-05
99,0.7132319560715947,8.288518704500225e-05
100,0.8111019713482942,8.194954347980868e-05
101,0.9176251036893391,8.081201784451841e-05
102,1.0270373327404967,7.952116069186341e-05
103,1.1363501588663119,7.811527232928557e-05
104,1.244304907904977,7.662099690003595e-05
105,1.3506595866753799,7.505424704721223e-05
106,1.455856903272859,7.342040633127058e-05
107,1.3881462782951324,7.448119936811495e-05
108,1.2424676396348833,7.66472612398213e-05
109,1.1235571225208534,7.828554073923987e-05
110,1.031420024743633,7.9466975304265e-05
111,0.9631601099023627,8.028944208958973e-05
112,0.9154166682666015,8.083681992587157e-05
113,0.635918413934787,8.35469771051069e-05
114,0.6788901914329742,8.318772622244453e-05
115,0.7533376344306363,8.25147825952597e-05
116,0.8478371551309939,8.157098548637498e-05
117,0.9530732517402165,8.040702972058413e-05
118,1.0627495506729523,7.90742397083772e-05
119,1.1729598152355356,7.761990253671513e-05
120,1.281370412679106,7.608520668888572e-05
121,1.386696919641076,7.450354817980198e-05
122,1.3409864955554107,7.520040717389218e-05
123,1.1960338079497628,7.730161659966195e-05
124,1.086362809194942,7.877205928354526e-05
125,1.0138431832849217,7.968315684703666e-05
126,0.9749530815206485,8.015066132952582e-05
127,0.6837896428250609,8.314539715994957e-05
128,0.7268005979040396,8.276191789626434e-05
129,0.7998332175970567,8.206271501024252e-05
130,0.8925999772108426,8.109008762604804e-05
131,0.9962622711202308,7.989635816025372e-05
132,1.1043967796192304,7.853776167773043e-05
133,1.2125851889636519,7.707046993763662e-05
134,1.3178183612599503,7.554756271865596e-05
135,1.3011094805143772,7.579534088632331e-05
136,1.1661804097401531,7.77125334147829e-05
137,1.073465904673058,7.893775331412171e-05
138,1.0245824735813411,7.955142975431109e-05
139,0.7361519488713365,8.267574082237334e-05
140,0.7797109984010813,8.22613149276522e-05
141,0.8504283214270756,8.154373158743579e-05
142,0.9394505860355787,8.05641923340238e-05
143,1.0388190727944486,7.937507484281015e-05
144,1.1422742878200556,7.803592411961194e-05
145,1.2450799943876938,7.660990838310552e-05
146,1.2862013050555117,7.601455330517946e-05
147,1.163288786604474,7.775191997697148e-05
148,1.096252384937519,7.86439479165659e-05
149,0.7907637849424308,8.215278249703235e-05
150,0.8316262084502375,8.173984741174661e-05
151,0.8968875962580186,8.104291047063369e-05
152,0.9793286195090929,8.009881389116966e-05
153,1.071803892415029,7.895899232204136e-05
154,1.1680767103293441,7.768666396859267e-05
155,1.2630717260450153,7.635112173043251e-05
156,1.1977116478485723,7.727829205676801e-05
157,0.8394883391347413,8.165830611488746e-05
158,0.8739070142855264,8.129350291490127e-05
159,0.9312033104155539,8.065841633391331e-05
160,1.0053366807090822,7.978669453281297e-05
161,1.0894660230978839,7.873195784724365e-05
162,1.177138250012877,7.756260897785008e-05
163,0.8747426146607056,8.128448898240406e-05
164,0.9006368334439858,8.100149903784979e-05
165,0.9490134349828067,8.045406532348928e-05
166,1.0142611330781577,7.96780514149113e-05
167,0.8927887034606709,8.108801511579782e-05
168,0.9096507222967122,8.090133599060741e-05
169,0.3548276334381678,8.534516675190795e-05
170,0.48860535968786656,8.46110749189002e-05
171,0.6455742254434298,8.34681396408461e-05
172,0.7998096421344915,8.20629503126121e-05
173,0.9433884256488284,8.051895690572948e-05
174,1.0745987631917884,7.892326147645285e-05
175,1.1948451266305176,7.731812638971631e-05
176,1.3076033883024187,7.569930239665213e-05
177,1.4176033818105274,7.402368683314034e-05
178,1.5292630936764708,7.223519269389106e-05
179,1.6378381723424582,7.042098567197077e-05
180,0.46827080153724093,8.473712492837424e-05
181,0.5794068404826607,8.398618389884569e-05
182,0.7122936932778389,8.28936332012979e-05
183,0.8451101176233747,8.159959038925366e-05
184,0.9702419097896198,8.020627088004032e-05
185,1.0862794471780044,7.87731352923387e-05
186,1.1948182867409145,7.731849903249937e-05
187,1.2990147402900263,7.582624897866707e-05
188,1.4021734265791865,7.426411511661117e-05
189,1.503829635137949,7.264981525026264e-05
190,1.570720258993934,7.155069936474834e-05
191,1.5049722172279276,7.263127736264966e-05
192,1.3925896481203224,7.441258811921806e-05
193,1.2793128104649507,7.611524282078771e-05
194,1.1666292096500934,7.770641372569203e-05
195,1.0508476795130248,7.922454609757384e-05
196,0.9289164109692523,8.06844199275772e-05
197,0.8008107117659748,8.205295342721351e-05
198,0.6720983537083669,8.324594337282557e-05
199,0.5583056955190541,8.414036105825314e-05
200,0.5566263554257509,8.415239986130402e-05
201,0.6482342167031023,8.344622856033704e-05
202,0.760126449962029,8.245028192609453e-05
203,0.8752764696778681,8.127872620695128e-05
204,0.9873486466985536,8.000328405017585e-05
205,1.0949005381297712,7.866151371740005e-05
206,1.198802233222868,7.726311823890903e-05
207,1.3007019512318854,7.580135674076544e-05
208,1.4006617267747663,7.428757859927318e-05
209,1.485682137423739,7.294311223339399e-05
210,1.4652462817673289,7.327079197494245e-05
211,1.3540092157203727,7.500346902616968e-05
212,1.2374435554392558,7.671893871086988e-05
213,1.1276681634558525,7.823098691913954e-05
214,1.0231249123998278,7.956937410610475e-05
215,0.9215020892960131,8.076835453693288e-05
216,0.8236657413376653,8.182172489178565e-05
217,0.7361517298741348,8.267574285216722e-05
218,0.6208362275329765,8.366791571100415e-05
219,0.6986463727218117,8.301534256673154e-05
220,0.7965998144732009,8.209492977709495e-05
221,0.9016354497020215,8.099044418112615e-05
222,1.0080331997788985,7.975395063762748e-05
223,1.1135964762975936,7.841707994186242e-05
224,1.217719056647475,7.699829786137104e-05
225,1.3195161122379155,7.552226425660286e-05
226,1.4114559802758533,7.411967871408862e-05
227,1.421845407741156,7.395729125955464e-05
228,1.3102772696505944,7.565966184307232e-05
229,1.1908941373175597,7.737291456816196e-05
230,1.0873162525054798,7.875974793838002e-05
231,1.0000680784983256,7.98504643533736e-05
232,0.9268734841140898,8.070760377915939e-05
233,0.8671935893365916,8.136565361120999e-05
234,0.6704282549468344,8.326017660862185e-05
235,0.7415939869982288,8.262513296270201e-05
236,0.833153342623574,8.172406132536326e-05
237,0.9345159112672616,8.062065431798521e-05
238,1.0398844768328033,7.93617983335589e-05
239,1.145998370885577,7.798588193866268e-05
240,1.2504558280371334,7.653286382030594e-05
241,1.3476358767144,7.510001152226111e-05
242,1.3816233955539263,7.458165986339064e-05
243,1.2689421823815255,7.626610882835566e-05
244,1.1493784145993495,7.79403551537028e-05
245,1.0560338307097379,7.915921733872565e-05
246,0.9903360058296861,7.996753635464618e-05
247,0.9486619793290196,8.045812926697695e-05
248,0.7174815993169547,8.284680592257101e-05
249,0.7873733312221407,8.218621906073489e-05
250,0.8767777004292868,8.126250473730234e-05
251,0.9767093233725943,8.012987400918956e-05
252,1.0812794351675195,7.883755479491283e-05
253,1.186359800893096,7.743562529503533e-05
254,1.2870106577566311,7.600269794761569e-05
255,1.3499647290853911,7.506476998474767e-05
256,1.2350698850362902,7.675273008376624e-05
257,1.121657176169381,7.831070117733577e-05
258,1.043939262702462,7.931116966186623e-05
259,1.0022554279601177,7.982402250740172e-05
260,0.7690799818490668,8.236442329866873e-05
261,0.8386532669948181,8.166699875571641e-05
262,0.9256156401044646,8.072185680488572e-05
263,1.0225336471707482,7.957664739727111e-05
264,1.1237655634526373,7.828277841391626e-05
265,1.224373270864621,7.690442014514716e-05
266,1.3062045860118103,7.572001738866368e-05
267,1.2148406839565826,7.703878971126104e-05
268,1.1173468207244996,7.836765979979712e-05
269,1.0613404009237186,7.909210602546829e-05
270,0.8231984383923511,8.182650990686608e-05
271,0.8897580319033255,8.112125131486765e-05
272,0.9715605667438453,8.019072826317745e-05
273,1.0627319411334286,7.907446309250943e-05
274,1.1580256491378433,7.782341874726789e-05
275,1.2506956899744024,7.652942063266325e-05
276,1.2175203680939837,7.700109519626347e-05
277,1.1469318618958293,7.797331870242146e-05
278,0.8718338763207562,8.131583458305734e-05
279,0.9320223787301745,8.064908986859013e-05
280,1.0062482336428236,7.97756335372623e-05
281,1.0898497424825795,7.87269929685351e-05
282,1.178151797232744,7.754868843757702e-05
283,1.2572185994536387,7.643560328002416e-05
284,0.9072936266078301,8.092761017216685e-05
285,0.9591117220614159,8.03367601398957e-05
286,1.0246228395720929,7.95509325053208e-05
287,1.0996056169321136,7.860030303469064e-05
288,0.925559277291228,8.07224950870661e-05
289,0.96832918950326,8.022878442277929e-05
290,0.6423245264449506,8.349479533158601e-05
291,0.7393342651683193,8.26461878324884e-05
292,0.8488800917434971,8.156002456307259e-05
293,0.9587546070170075,8.034092617673351e-05
294,1.0650990537161191,7.904440890726815e-05
295,1.1686801187622717,7.767842558333985e-05
296,1.2717449407181096,7.622542181215938e-05
297,1.373809090293202,7.47015984862095e-05
298,1.4582229487216558,7.338276109011359e-05
299,0.7041138676818515,8.296683945286423e-05
300,0.788009042856403,8.217995939283262e-05
301,0.8835903594401691,8.118859073570664e-05
302,0.9819021079881807,8.006823005079206e-05
303,1.0802806971559522,7.885039432421997e-05
304,1.1788862458880665,7.753859555332244e-05
305,1.2772344859588949,7.614554680743251e-05
306,1.3667936567439747,7.480889090053145e-05
307,1.404136283696564,7.423362457634059e-05
308,1.3379154360439316,7.524666181072773e-05
309,1.236651929097388,7.67302134693384e-05
310,1.1359436461064414,7.812070559174007e-05
311,1.0416327380192827,7.933998869890075e-05
312,0.952788336699122,8.041033611998449e-05
313,0.8691741066047645,8.134441844202024e-05
314,0.7948568386632265,8.211224737386652e-05
315,0.7517111178629453,8.253015915401695e-05
316,0.8290135041931719,8.176679638608188e-05
317,0.9180779077784926,8.08069263226169e-05
318,1.0121082849066192,7.970433104269916e-05
319,1.1084573821245944,7.848459069323231e-05
320,1.2055337725508057,7.716923286059813e-05
321,1.2977643800641354,7.584468159790243e-05
322,1.3573923831682133,7.495209675054025e-05
323,1.305898439382997,7.572454908826299e-05
324,1.2038829881965472,7.719229249546284e-05
325,1.106836899439106,7.8505828103284e-05
326,1.0254692811045305,7.954050194964128e-05
327,0.9592915887921821,8.033466135900355e-05
328,0.9068740125313541,8.093228146718421e-05
329,0.7968514226818898,8.209242711501635e-05
330,0.8730635998801061,8.130259361698334e-05
331,0.960408300564471,8.032162363518166e-05
332,1.053318899322865,7.919344877515134e-05
333,1.1486469715851273,7.79502158397391e-05
334,1.2420387530322679,7.665338827277698e-05
335,1.3144720194011523,7.559736130888755e-05
336,1.2810156491489815,7.609038783036419e-05
337,1.1789421382392913,7.753782728054959e-05
338,1.0886488975876538,7.874252591473796e-05
339,1.023491055667538,7.956486838391138e-05
340,0.981749823604827,8.007004167265493e-05
341,0.8468519612050839,8.158132879459976e-05
342,0.9233586095846429,8.074739093700269e-05
343,1.0092297072241603,7.973939849267545e-05
344,1.0999507776895914,7.859580458541994e-05
345,1.191731712328118,7.736131123833894e-05
346,1.2730608049805487,7.620629771247019e-05
347,1.262748459437284,7.635579494095788e-05
348,1.1655744202915133,7.772079366728271e-05
349,1.0877992745479035,7.875350766999611e-05
350,1.0419565136045221,7.933594635205768e-05
351,0.9001397597707916,8.100699783680036e-05
352,0.974566240470899,8.015523591638776e-05
353,1.0564347443987105,7.915415642205498e-05
354,1.142404339053634,7.803417866099094e-05
355,1.227226493573096,7.686405229411325e-05
356,1.258615120258138,7.641547199553366e-05
357,1.170221052305794,7.765737253424089e-05
358,1.1123862627469425,7.843300000144811e-05
359,0.9489048959271114,8.045532051408043e-05
360,1.0178570669708256,7.96340548763794e-05
361,1.0932358565250366,7.868312113097895e-05
362,1.1733493961376305,7.761456718487819e-05
363,1.2493555619042693,7.654865191033527e-05
364,1.202398558318386,7.721300838551e-05
365,0.9851085816182006,8.003003104126432e-05
366,1.0462296988899091,7.928250100607422e-05
367,1.1139225798421855,7.841278783178141e-05
368,1.1878151081223052,7.741551757123125e-05
369,1.0040287579599936,7.980255086339955e-05
370,1.056082140919474,7.915860757814448e-05
371,0.8393463455508531,8.16597847220498e-05
372,0.9067451909288661,8.093371518689575e-05
373,0.983372514246841,8.005072571939177e-05
374,1.066733376037994,7.90236276161749e-05
375,1.15666672741541,7.784183952262507e-05
376,1.2503892493864095,7.653381946413044e-05
377,1.3292094585300274,7.537739365502972e-05
378,0.881722001366027,8.120891040434277e-05
379,0.9482431669159919,8.04629704236647e-05
380,1.0234800830482966,7.956500343085102e-05
381,1.1054531372906198,7.85239439868338e-05
382,1.1923361917146578,7.735293332051204e-05
383,1.2737531004942635,7.619623060891779e-05
384,1.300147503315791,7.580953926469179e-05
385,1.2295705087946702,7.683083750864296e-05
386,1.1405215010627694,7.805943398782034e-05
387,1.0617355606840335,7.90870977812731e-05
388,0.9969718884213321,7.988781184383866e-05
389,0.9452382338960433,8.049765269607435e-05
390,0.9298768535958774,8.067350561036813e-05
391,0.9975199432425174,7.988120789948077e-05
392,1.072198732910528,7.895394898015002e-05
393,1.1520541835251503,7.790424200219571e-05
394,1.2317862693236636,7.679939765071701e-05
395,1.278708769391124,7.612405391701928e-05
396,1.2165579893474758,7.701463977960125e-05
397,1.134018403986624,7.814641721848552e-05
398,1.0692469565274876,7.899161669795573e-05
399,1.0247088887610898,7.954987245428126e-05
400,0.9826370412703048,8.005948379874575e-05
401,1.0492930018260818,7.92440798823609e-05
402,1.12098062887813,7.831965254856924e-05
403,1.1957073642910572,7.730615184418264e-05
404,1.2556444378594074,7.645827610840997e-05
405,1.2116029394041892,7.708425287673527e-05
406,1.1406183571907123,7.805813559228622e-05
407,1.0935599919596024,7.867891590385574e-05
408,1.0321191481635617,7.945831445712796e-05
409,1.094222235359498,7.867032113601964e-05
410,1.160410122978346,7.779105653101433e-05
411,1.2278772755889198,7.685483532233483e-05
412,1.2190039767326384,7.69801993965286e-05
413,1.1670504014295202,7.770066887496452e-05
414,1.0696485459883487,7.898649684140864e-05
415,1.1245117281399406,7.827288675936396e-05
416,1.1853230628881615,7.744993849145525e-05
417,1.2570334447998883,7.643827114014819e-05
418,1.089575175695885,7.873054568046551e-05
419,1.1355134822854076,7.812645333862387e-05
420,0.9911020120454346,7.99583557710896e-05
421,1.0447712432576155,7.930076185956253e-05
422,1.1093674819737054,7.847265267679419e-05
423,1.1845016323958755,7.746127251387061e-05
424,1.25661513754465,7.644429741738918e-05
425,1.0435461094085146,7.931608556362804e-05
426,1.0971866300238915,7.863179848462751e-05
427,1.1590479984218378,7.780954954388799e-05
428,1.2251937599554188,7.689281876356585e-05
429,1.2456637919076887,7.660155318720956e-05
430,1.1831083782465832,7.748048307168649e-05
431,1.122063310777107,7.830532562023451e-05
432,1.0768030158634665,7.889502941342652e-05
433,1.094220663386125,7.867034154233061e-05
434,1.1439655338171868,7.801321351428541e-05
435,1.199923567332169,7.724750592125377e-05
436,1.2407604432885107,7.667164100617598e-05
437,1.1900758568199075,7.738424473225722e-05
438,1.1470699203737493,7.797146000232824e-05
439,1.1334930812659607,7.815342709071545e-05
440,1.1763910734184457,7.757286529788178e-05
441,1.227520801143157,7.685988448185123e-05
442,1.211953484055082,7.707933497292483e-05
443,1.1546464791847084,7.786919450926321e-05
444,1.1892796275579305,7.739526399584693e-05
445,1.128902930317039,7.821457147262894e-05
446,1.1705154260843118,7.765334826547607e-05
447,1.2220002719363605,7.693794139982281e-05
448,1.1701442799401203,7.76584219338216e-05
449,1.2045446390625896,7.718305276812508e-05
450,1.2230054678188986,7.692374769389316e-05
451,1.1902828631290345,7.738137900742458e-05
452,1.1926380268360623,7.73487487850507e-05
453,1.2203006193751353,7.696192163336358e-05
454,1.2141082490887551,7.70490820893258e-05
455,0.0,0.0
456,0.1973420552443624,8.59161405492825e-05
457,0.3905465291937256,8.517126417753205e-05
458,0.5759340057765019,8.401192800935767e-05
459,0.7506385513746866,8.254028253910475e-05
460,0.9128578467112944,8.08654936782084e-05
461,1.0620749528705993,7.908279514877392e-05
462,1.199282150470662,7.725643768315326e-05
463,1.32711768638621,7.540871748427668e-05
464,1.4497198716376565,7.351787240479571e-05
465,1.5720167197223311,7.152912541531751e-05
466,1.6976174978974132,6.93939274624877e-05
467,1.8168244500056288,6.729355773972125e-05
468,0.16177048364920174,8.600040188617355e-05
469,0.33337158472893197,8.544179935176594e-05
470,0.5365439413585076,8.429371028761104e-05
471,0.7276759045727312,8.275389372859037e-05
472,0.9058656534443222,8.094349936685242e-05
473,1.0724131079343653,7.895121012745986e-05
474,1.2293173733351472,7.683442667288228e-05
475,1.3796414183574606,7.461212299502199e-05
476,1.5275500351760791,7.226324825232199e-05
477,1.677649880539918,6.973907064425099e-05
478,1.832445986726477,6.701364865547135e-05
479,1.9257821500463594,6.532150675348598e-05
480,1.7921768417577804,6.773311250440745e-05
481,1.8408503990457603,6.686264480169484e-05
482,1.7341147264190622,6.875790918672378e-05
483,1.5962253044709285,7.112445466670731e-05
484,1.4589709928696821,7.337085133202291e-05
485,1.321696678675188,7.548973839157112e-05
486,1.1805362263507075,7.751590412048768e-05
487,1.0321026215142708,7.945851924644801e-05
488,0.8744789345495833,8.128733419895109e-05
489,0.7074720651515154,8.293687784014653e-05
490,0.5328776200781726,8.431897793693257e-05
491,0.35609862555595156,8.5339257747662e-05
492,0.30839011254146625,8.554686639822295e-05
493,0.44481457610464165,8.487613189324375e-05
494,0.6389343076373566,8.352247106202576e-05
495,0.8396237354279285,8.165689600354175e-05
496,1.0365470465367337,7.940335105016586e-05
497,1.228893142332927,7.684044056393882e-05
498,1.4183553559715636,7.401192632242878e-05
499,1.6073238709767288,7.093779077102722e-05
500,1.797221970693223,6.76433517984041e-05
501,1.9765810592612898,6.438773437450766e-05
502,1.946562625810906,6.494053260608833e-05
503,1.793539747605904,6.770887518128707e-05
504,1.7563015509649988,6.83681364282497e-05
505,1.845175684497543,6.678482093380641e-05
506,1.7590714294818894,6.831931461713834e-05
507,1.607794977566028,7.092985172960114e-05
508,1.4555859134935103,7.342471551476237e-05
509,1.30612794224333,7.572115196831593e-05
510,1.1567174217661935,7.784115263339784e-05
511,1.004646659678659,7.979506196215384e-05
512,0.8487142109125101,8.156176869954233e-05
513,0.6899190315215862,8.309205020778882e-05
514,0.4290680106027542,8.496558743385145e-05
515,0.5412058321938025,8.426134441140402e-05
516,0.7254293972185918,8.277447051051887e-05
517,0.9369099845381568,8.059329282631705e-05
518,1.1583302459158205,7.781928755422846e-05
519,1.3826542152231471,7.456580468873095e-05
520,1.6044816756367963,7.098566026768905e-05
521,1.8119969224830297,6.737985311470208e-05
522,1.9545577091236008,6.47935791379716e-05
523,1.918256160012934,6.545912417421668e-05
524,1.7818415632604554,6.791664584350584e-05
525,1.6310037901142382,7.053718718456816e-05
526,1.7510332772500448,6.846089697600068e-05
527,1.8472160317693882,6.674808358659612e-05
528,1.7713755357942822,6.810201846235207e-05
529,1.607584959886223,7.093339108307666e-05
530,1.4444999146577913,7.360057077724463e-05
531,1.2893547084697574,7.596833283238992e-05
532,1.1398881059287038,7.806792282415595e-05
533,0.9933845064012214,7.993096549385226e-05
534,0.5200686246299504,8.440596471427578e-05
535,0.6170425353474598,8.369791149740511e-05
536,0.7994895917298501,8.206614407078769e-05
537,1.0243862118224225,7.955384718122886e-05
538,1.266312550086403,7.6304224532603e-05
539,1.5082330949512999,7.257832477600478e-05
540,1.7293514131413525,6.884128582827277e-05
541,1.8809554504934811,6.61382462022972e-05
542,1.877989618819106,6.619202704026509e-05
543,1.7575440194930365,6.83462410813635e-05
544,1.5936335155607095,7.11679429750591e-05
545,1.6453627283898464,7.02927533498568e-05
546,1.7613257780817653,6.827955347608448e-05
547,1.8542403463235952,6.662148203229705e-05
548,1.7752798548300375,6.803292309181287e-05
549,1.6022417241930724,7.102335391826152e-05
550,1.4351973063242105,7.374748339895523e-05
551,1.2821436734954703,7.607391009813394e-05
552,0.5854859596129456,8.39407699120668e-05
553,0.6759704196765949,8.32128191819942e-05
554,0.8636297356691829,8.140375999301183e-05
555,1.1006383829071333,7.858683979946792e-05
556,1.3523264237155088,7.502898955644452e-05
557,1.5907130241056775,7.12168999241562e-05
558,1.7745760812209816,6.804538294662828e-05
559,1.822814459556516,6.718634688759946e-05
560,1.7233547731955359,6.894609508940663e-05
561,1.5694300048308525,7.157216006373145e-05
562,1.5610311263289405,7.17116138055201e-05
563,1.6679609223087422,6.990580332112504e-05
564,1.7768465792729329,6.800517728756737e-05
565,1.862075636481876,6.648003652241659e-05
566,1.7755991482937694,6.8027269476412e-05
567,1.5993479085388973,7.107200804536441e-05
568,0.635918413934787,8.35469771051069e-05
569,0.7270413374216648,8.275971184335385e-05
570,0.9221948122999051,8.076053656586264e-05
571,1.1661497486995214,7.771295143383558e-05
572,1.4165638348800023,7.403993824548195e-05
573,1.6343796844994896,7.047982073279317e-05
574,1.746139920059884,6.854694046820816e-05
575,1.6797086229400853,6.970357971103748e-05
576,1.5263091051988762,7.228356001745819e-05
577,1.4886082201510766,7.289596703226894e-05
578,1.5879933029507922,7.126244661275775e-05
579,1.6871267823164675,6.9575515554187e-05
580,1.7875166099536124,6.781592676302467e-05
581,1.86538286346693,6.642026206213384e-05
582,0.6837896428250609,8.314539715994957e-05
583,0.778725581658251,8.227092529045432e-05
584,0.978643312807239,8.01069470311941e-05
585,1.2228659516408547,7.692571821977188e-05
586,1.4631769824606309,7.330381633230428e-05
587,1.6385929694347197,7.040813649450261e-05
588,1.6259161286118038,7.062352240998841e-05
589,1.4791759756600096,7.304773730179238e-05
590,1.4182275531198663,7.401392537937038e-05
591,1.5132651927574667,7.249647572593353e-05
592,1.6042130650646917,7.099018193413945e-05
593,1.6944952280548253,6.944803054002701e-05
594,0.7361519488713365,8.267574082237334e-05
595,0.8331158571781374,8.17244491178315e-05
596,1.032328152185534,7.945572436364553e-05
597,1.2709554433919155,7.623688922219957e-05
598,1.4916596622242704,7.284674210438969e-05
599,1.560991705241086,7.171226734545958e-05
600,1.4326255714142857,7.378799186526161e-05
601,1.3437787932742051,7.515828864106372e-05
602,1.436279148044243,7.37304291032746e-05
603,1.5223286962538427,7.234864655490012e-05
604,0.7907637849424308,8.215278249703235e-05
605,0.8851808302780387,8.117126420182226e-05
606,1.0789628334299632,7.886732212174685e-05
607,1.3088076677610163,7.568145578558181e-05
608,1.4784771390372884,7.305895855672079e-05
609,1.3957442507670645,7.436378999145225e-05
610,1.279466884704794,7.611299488204157e-05
611,1.353095767569569,7.501732465490954e-05
612,0.8394883391347413,8.165830611488746e-05
613,0.9274634597106655,8.070091295181355e-05
614,1.1143871731745936,7.840667126191431e-05
615,1.3372063888358365,7.525733085100023e-05
616,1.381666960718189,7.458098993960324e-05
617,1.3103890646981158,7.565800324810099e-05
618,0.8747426146607056,8.128448898240406e-05
619,0.9548144270303197,8.038680568757263e-05
620,1.1363479432703492,7.811530194596451e-05
621,1.3633796737160526,7.486097115353403e-05
622,0.8927887034606709,8.108801511579782e-05
623,0.9645052109278476,8.027368368675708e-05
624,0.4803468545725221,8.466288662581076e-05
625,0.6576626047107436,8.336789514169183e-05
626,0.8344816125363622,8.171031033949105e-05
627,1.00655711137046,7.977188368588526e-05
628,1.1737759430034276,7.760872405179505e-05
629,1.3378641583902815,7.524743351513355e-05
630,1.5017697598728965,7.268321449441413e-05
631,1.6689886764946043,6.988814049666766e-05
632,1.8417355679096559,6.684672424157367e-05
633,1.9626659309106913,6.464433760414462e-05
634,1.8364187185145204,6.69423052776953e-05
635,0.5721427496165443,8.403986657375548e-05
636,0.7446502056295745,8.259656483134842e-05
637,0.9325150576579252,8.064347656660224e-05
638,1.12796162830049,7.822708674322211e-05
639,1.3279620842100235,7.539607687740266e-05
640,1.5313553625428653,7.220090164897477e-05
641,1.7365757377125428,6.871478930679427e-05
642,1.9330669375804306,6.518811652615304e-05
643,1.9913243312596742,6.411521799402457e-05
644,1.8617857453023308,6.648527397882708e-05
645,1.7683618159890802,6.815530577400051e-05
646,1.8309628568258913,6.704026667004406e-05
647,1.954287335114727,6.479855209813427e-05
648,1.8390706345706904,6.689464596567484e-05
649,1.6514169251292827,7.01893553869788e-05
650,1.4716433692372894,7.316851733400218e-05
651,1.300061745221185,7.581080466254834e-05
652,1.13420180857262,7.814396929194953e-05
653,0.9717478122160829,8.018851983769405e-05
654,0.8118880401587042,8.194159699090003e-05
655,0.6492346347542486,8.343796631788294e-05
656,0.8189339303936163,8.187006689001798e-05
657,1.0224033427216555,7.957824984422085e-05
658,1.244884155025994,7.661271056446556e-05
659,1.4751627354375403,7.311213386666764e-05
660,1.7008006126747457,6.933871941573406e-05
661,1.8920908884249474,6.593603165005454e-05
662,1.9508478471888644,6.486179379100512e-05
663,1.8530312143899372,6.664328843236811e-05
664,1.7351809483546696,6.873923124303265e-05
665,1.7199230170168092,6.900599681787955e-05
666,1.8255777076784776,6.713683939322862e-05
667,1.9451741883268117,6.496603167808106e-05
668,1.8281483671784517,6.709075417432235e-05
669,1.6304843131546347,7.05460090463083e-05
670,1.4459631707214784,7.357740769959012e-05
671,1.276475296508514,7.615660783197816e-05
672,1.1192773071588469,7.834217063023213e-05
673,0.7121259337819037,8.28951422939535e-05
674,0.8852554575533897,8.11704505584624e-05
675,1.104769726760758,7.85328845174891e-05
676,1.3454480781173586,7.513308109435546e-05
677,1.584562269494662,7.131984379925772e-05
678,1.7901271138935895,6.776954872374057e-05
679,1.888008037331779,6.601022729281708e-05
680,1.8241256464143327,6.716285905037191e-05
681,1.6981598899857235,6.938452380384974e-05
682,1.6301103451933021,7.055235892011895e-05
683,1.7117369716456454,6.914865248219757e-05
684,1.8303102244746994,6.705197674695444e-05
685,1.941946064531573,6.502529281372534e-05
686,1.8168425252325158,6.729323444907937e-05
687,1.6164209017351066,7.078426552933103e-05
688,1.4358449864101934,7.373727426219037e-05
689,0.7654331798084176,8.23995021934645e-05
690,0.9456558415061517,8.04928382776941e-05
691,1.1765186811461827,7.75711140024166e-05
692,1.4223070196240153,7.395005851043335e-05
693,1.648817547711377,7.023377371018353e-05
694,1.7974357141902462,6.763954653333536e-05
695,1.7796862551901165,6.79548602918009e-05
696,1.6537727429631266,7.014906759585611e-05
697,1.5489331398326418,7.19117364190515e-05
698,1.6162816220613079,7.07866196029343e-05
699,1.7220216436457152,6.896937184312729e-05
700,1.8386519154224594,6.69021729227518e-05
701,1.9417047665392524,6.50297211339261e-05
702,1.8121274597758041,6.737752095906438e-05
703,0.8161715278618675,8.189817561930228e-05
704,1.0026585165013877,7.98191446001971e-05
705,1.237796616170644,7.671390854717603e-05
706,1.4777787544146057,7.307016931179091e-05
707,1.6732011417818775,6.981568779876608e-05
708,1.7189108472829746,6.902365339596835e-05
709,1.6019471108863657,7.10283094951013e-05
710,1.4798548521838526,7.303683344201413e-05
711,1.5300846806180657,7.222173064398367e-05
712,1.6278526861706104,7.059067688257819e-05
713,1.7315744655132184,6.88023872502161e-05
714,1.842495556636161,6.68330526586482e-05
715,0.8687439060189388,8.13490346198849e-05
716,1.0571639189775288,7.914494778776682e-05
717,1.28970655453062,7.59631707774366e-05
718,1.5147049575515537,7.247302756166218e-05
719,1.6371239199719492,7.043314176557184e-05
720,1.5446196732269333,7.198287256387116e-05
721,1.4063016895114226,7.41999556037397e-05
722,1.4459505933429455,7.357760686000316e-05
723,1.539531459775156,7.206663806534722e-05
724,1.633843068144064,7.048894363902294e-05
725,0.9214384610596241,8.07690723867994e-05
726,1.1065961554651425,7.850898113470462e-05
727,1.3314926164027718,7.53431653539575e-05
728,1.5227012058784317,7.234255962574874e-05
729,1.4869041914655363,7.292342928745349e-05
730,1.3510551696286885,7.504825470009728e-05
731,1.3596744506704426,7.491739573104924e-05
732,1.4507965264980935,7.350079198983614e-05
733,0.968068973399474,8.023184442946945e-05
734,1.1467503921564761,7.797576159456803e-05
735,1.3616231550936606,7.488773290966069e-05
736,1.437480249019472,7.371148526139778e-05
737,1.333153167777578,7.531824574775598e-05
738,1.2675803495560283,7.628585520054831e-05
739,1.0027096915000995,7.981852519990729e-05
740,1.1753028651823798,7.758779413039842e-05
741,1.3834805128327479,7.45530896680596e-05
742,1.3573178983365362,7.495322870476567e-05
743,1.0219720901216558,7.958355208472703e-05
744,1.1883115803489697,7.740865369314845e-05
745,0.8975082843022729,8.103606497091442e-05
746,1.0704119161207748,7.8976760445289e-05
747,1.259132031003439,7.640801650761329e-05
748,1.461728741710895,7.33269118896349e-05
749,1.675560367123053,6.9775069539849e-05
750,1.8933860642954892,6.591248236309774e-05
751,2.023608830296844,6.35162696090943e-05
752,1.901832187942258,6.575876375773852e-05
753,1.7950038521245928,6.768282918768296e-05
754,0.9736434852573331,8.01661418843297e-05
755,1.1645870394175304,7.773424572375658e-05
756,1.3808416514607849,7.459367877306343e-05
757,1.6099344465364307,7.089378169578761e-05
758,1.830655525447682,6.704578128380349e-05
759,1.9699793822500131,6.450954775058415e-05
760,1.9137554030532935,6.554133010109204e-05
761,1.7975616312150227,6.763730474629769e-05
762,1.7346508700843064,6.874851776713979e-05
763,1.797536436987531,6.763775330186634e-05
764,1.9237210537445837,6.535921444969393e-05
765,2.046631641646162,6.30874060666518e-05
766,1.8560170884462959,6.658942855425714e-05
767,1.6296206763629901,7.056067219160394e-05
768,1.4206873174343677,7.397543013906816e-05
769,1.2338914322869279,7.676948893688115e-05
770,1.0445625012046793,7.93033737792631e-05
771,1.2503804482772116,7.653394578905816e-05
772,1.480360382077483,7.302871182422591e-05
773,1.7071962699783878,6.92276393017308e-05
774,1.8779828913396617,6.619214899553847e-05
775,1.884748076181724,6.606942509340855e-05
776,1.7735354800481133,6.806380204299653e-05
777,1.6762608334923914,6.97630041811018e-05
778,1.6941988353958546,6.945316390391248e-05
779,1.8011866874383324,6.757273608312312e-05
780,1.9372075269038542,6.51122197268918e-05
781,2.0555270278662907,6.292133799398892e-05
782,1.832339381562495,6.701556221728046e-05
783,1.6124019927318747,7.085214817343924e-05
784,1.1092607781336588,7.847405273333413e-05
785,1.3221201139026928,7.548341804470514e-05
786,1.5505482225500662,7.188507166066845e-05
787,1.7509141259018988,6.846299342959543e-05
788,1.8251817238138675,6.71439359363923e-05
789,1.7294670710384974,6.883926265287109e-05
790,1.6068654760927343,7.094551438034033e-05
791,1.5910319955989598,7.121155533779808e-05
792,1.6862445371288768,6.959076111332478e-05
793,1.8080597888811076,6.745015941234602e-05
794,1.9445217214967603,6.497801225783394e-05
795,2.055132565522936,6.292870642803536e-05
796,1.167682999197321,7.769203760877463e-05
797,1.379768115878078,7.461017650887264e-05
798,1.595233629119116,7.11410988473409e-05
799,1.7347756220948998,6.874633233787046e-05
800,1.6699833169030065,6.987104147441507e-05
801,1.5312930500403912,7.220192331022077e-05
802,1.4872591397745494,7.291771048883724e-05
803,1.5775056834109544,7.14376746062182e-05
804,1.6896921419568367,6.95311624494101e-05
805,1.811470789663706,6.738925218023664e-05
806,1.2194906844852342,7.697334032520557e-05
807,1.4245333883074305,7.391515365084625e-05
808,1.6096580962594436,7.089844224462387e-05
809,1.5995826350236175,7.106806335288693e-05
810,1.4577810545446965,7.338979478891509e-05
811,1.3797508806709806,7.461044130466877e-05
812,1.4725692040990042,7.315369263660642e-05
813,1.5785086909130248,7.142094432301508e-05
814,1.262543911435408,7.635875148891506e-05
815,1.4544124176248503,7.344337025643714e-05
816,1.5244325675155888,7.231425709831159e-05
817,1.4002828725975258,7.429345631341293e-05
818,1.2969143898539315,7.58572049441436e-05
819,1.3708236481833591,7.474730178208762e-05
820,1.29482655918228,7.588794168267795e-05
821,1.4467325866727279,7.356522207418936e-05
822,1.3730368071656527,7.471342748046813e-05
823,1.3050590699004556,7.573696997008091e-05
824,1.3185880266069956,7.553609659156765e-05
825,1.3850766737781428,7.45285138711958e-05
826,1.346243570651104,7.512106106581437e-05
827,1.557252125258756,7.177422095154875e-05
828,1.7816176943259532,6.792061608614793e-05
829,1.9704651215447802,6.450058950445946e-05
830,1.9563790194050155,6.476007389550295e-05
831,1.8320549987355306,6.702066666052525e-05
832,1.7303132135187973,6.882445933062654e-05
833,1.441605198027483,7.364635013278059e-05
834,1.655868019380481,7.011321039915293e-05
835,1.8543318970215097,6.661983070482388e-05
836,1.925141785358181,6.533322375527662e-05
837,1.8233937612676785,6.717597049017835e-05
838,1.698338035296625,6.938143490692686e-05
839,1.6433427640915634,7.032720757818516e-05
840,1.723858557477751,6.893729664905357e-05
841,1.852320786512711,6.665609815541375e-05
842,1.9816891323851762,6.429338980029252e-05
843,1.9620821696780233,6.465508936376277e-05
844,1.7624987675193964,6.825885562441856e-05
845,1.5125609967511922,7.250793951348383e-05
846,1.7126279337494694,6.913314195587883e-05
847,1.8452536417717684,6.678341758254207e-05
848,1.7813308573297657,6.792570272205185e-05
849,1.6421893952753168,7.034687046005795e-05
850,1.5458181188610918,7.196311970955825e-05
851,1.6043144149324526,7.098847590577577e-05
852,1.7259445440210766,6.890085242106821e-05
853,1.8628207028409172,6.646657394269325e-05
854,1.9901449740327701,6.413704115301563e-05
855,1.561704288872017,7.170045237469758e-05
856,1.7272557467943876,6.887793364148774e-05
857,1.7141501250477384,6.91066334613468e-05
858,1.5702304255974109,7.155884789820673e-05
859,1.44754321802466,7.355237929753307e-05
860,1.482698415301366,7.29911279963046e-05
861,1.5980611758380867,7.109362656729774e-05
862,1.7282719670215236,6.886016520898804e-05
863,1.5878813950624167,7.126431978881575e-05
864,1.6292642043045518,7.056672330096407e-05
865,1.4940900624517712,7.2807491993686e-05
866,1.3646081728964252,7.484224043320629e-05
867,1.3667231250027743,7.480996773999161e-05
868,1.475679079591244,7.310385460480546e-05
869,1.5357281134099463,7.212914643652202e-05
870,1.4282715325530193,7.385646890023314e-05
871,1.3237158483128402,7.545958703801173e-05
872,1.258263339928267,7.642054452723011e-05
873,1.38779493484558,7.448661841950678e-05
874,1.3333209072199905,7.531572733228348e-05
875,1.8419291687570811,6.684324173795752e-05
876,1.9435493166254576,6.499586495175818e-05
877,1.85207314142126,6.666056297807218e-05
878,1.7116424367925478,6.91502979845628e-05
879,1.5945558789348053,7.115247086120914e-05
880,1.8482774901975487,6.672896503936029e-05
881,1.807611037195115,6.745816870724829e-05
882,1.6635062168318853,6.99822968284385e-05
883,1.5243800210787324,7.231511635223662e-05
884,1.4751857328493523,7.311176515509674e-05
885,1.5796447637249857,7.140198730539848e-05
886,1.7199032945362611,6.900634091028463e-05
887,1.8615554242264352,6.648943495277449e-05
888,1.7293985739340894,6.884046086379752e-05
889,1.5906108705054538,7.121861145251391e-05
890,1.4464603741059512,7.356953370617958e-05
891,1.3567650195290257,7.496162956193388e-05
892,1.448047943867518,7.354438068058458e-05
893,1.5787866025000037,7.141630767151704e-05
894,1.5068506267325008,7.260078269777621e-05
895,1.3786904112316365,7.462672978871991e-05
896,1.2848122907939035,7.603488728095231e-05
897,1.3309920979799892,7.535067238649391e-05
898,1.3371920101416577,7.52575471675451e-05
899,1.2858023286005065,7.602039556105922e-05
900,1.6709465846890261,6.985447683470487e-05
901,1.523610644597909,7.232769541383249e-05
902,1.399619695913044,7.430374264417643e-05
903,1.4509007379717311,7.349913832264153e-05
904,1.3327174405363535,7.532478668255402e-05
905,1.2909954133823154,7.594425304102321e-05
906,1.3924999468028463,7.441397464122556e-05
907,1.2917786936389675,7.593274965857334e-05
908,1.2456751367903423,7.660139079347062e-05
909,1.2521364962784367,7.650872804657408e-05
910,0.0,0.0
911,0.43674155684448396,8.49223829628442e-05
912,0.8589589619190492,8.14534966112818e-05
913,1.2539312001505498,7.648292890704051e-05
914,1.6123776595326251,7.085255890256436e-05
915,1.9295245002796293,6.525300370892395e-05
916,2.2050192207714887,6.0104748844528784e-05
917,2.441437304494504,5.559072183544627e-05
918,2.6419185347011998,5.17582817201004e-05
919,2.6162570107897913,5.224730573964395e-05
920,2.411360461180005,5.6166720466470694e-05
921,2.221423161601028,5.979325733526876e-05
922,2.0671711616015154,6.270365642345356e-05
923,0.5524224252997657,8.418238682009023e-05
924,0.8724907011314591,8.130876426651925e-05
925,1.225475526752584,7.688883338622812e-05
926,1.566910998271884,7.161402978599307e-05
927,1.8782850247174296,6.618667177613002e-05
928,2.152980343352677,6.109011754970998e-05
929,2.3903438551841405,5.6569110216520196e-05
930,2.588303768697869,5.278071091951443e-05
931,2.53209816075623,5.385500389364376e-05
932,2.3273775633022304,5.7773598614080746e-05
933,2.137420399594805,6.138382827617447e-05
934,2.039258301893304,6.322490618425355e-05
935,2.125183930950128,6.161447702517684e-05
936,2.0477382746133697,6.306675722153528e-05
937,2.1713515538703905,6.074277238854572e-05
938,2.356340143761549,5.7219826769749324e-05
939,2.56025509411897,5.331656631490624e-05
940,2.526246208569179,5.396696257711147e-05
941,2.311212264169012,5.808243435508709e-05
942,2.059555691475985,6.284606169174342e-05
943,1.76963736328049,6.813275710036462e-05
944,1.4427821725457342,7.362774349626876e-05
945,1.0870842297449328,7.87627447165649e-05
946,0.7241905513753687,8.278579306079165e-05
947,1.0899817258571671,7.872528494103128e-05
948,1.3699177646670007,7.47611566336467e-05
949,1.6590562366652888,7.005860427305785e-05
950,1.9329912785035837,6.518950282111183e-05
951,2.179590788823535,6.0586803062210235e-05
952,2.3930440843148353,5.651741773169415e-05
953,2.559544882692466,5.333014167878599e-05
954,2.5433237297235194,5.3640286374686864e-05
955,2.3550872235283986,5.724379319859718e-05
956,2.1764681927133136,6.06459274547259e-05
957,2.2289612967481607,5.9649990687414426e-05
958,2.387747676780591,5.661880855300174e-05
959,2.1972074218828084,6.025294675717989e-05
960,2.068493630953248,6.267891261204806e-05
961,2.148423234402336,6.117618492231102e-05
962,2.3252850354907433,5.781358704896619e-05
963,2.52584619171831,5.3974616231383747e-05
964,2.436476354200012,5.568573411053559e-05
965,2.2214094281209884,5.979351827729007e-05
966,1.9722925513337568,6.446688062556396e-05
967,1.6914448405422846,6.950084030961731e-05
968,1.3882479396291167,7.44796311959707e-05
969,1.5926025655435903,7.118523072035905e-05
970,1.8330492332988277,6.700281951410441e-05
971,2.0630592917875727,6.278056377542288e-05
972,2.268307670906107,5.890102432669819e-05
973,2.4391727556543255,5.563409265423058e-05
974,2.556382505804219,5.339059298331241e-05
975,2.5637198558497953,5.325034372927244e-05
976,2.4511741938283413,5.5404239753689666e-05
977,2.3530588208350327,5.72825916135082e-05
978,2.425905104626312,5.5888189962777805e-05
979,2.595498515914435,5.264335587489467e-05
980,2.476923007859838,5.4911125589260417e-05
981,2.2635229974434847,5.8992198606917594e-05
982,2.1001481597115723,6.208542904984773e-05
983,2.143329141448651,6.127234820363202e-05
984,2.3107261524516782,5.809171830761433e-05
985,2.5070000723997072,5.433528250510101e-05
986,2.381607133709879,5.673634693494809e-05
987,2.1771355835023787,6.063329219570733e-05
988,1.9440290287225297,6.498705814929219e-05
989,2.029949174891564,6.339830295194106e-05
990,2.2170174583395994,5.987695413793843e-05
991,2.377185255531584,5.6820979002039594e-05
992,2.4987502918400333,5.449320396721038e-05
993,2.5659451204753703,5.320781608445689e-05
994,2.5578971022286034,5.336163949424195e-05
995,2.481273350665861,5.482782176165973e-05
996,2.4087271423789356,5.62171446639896e-05
997,2.45119438899907,5.540385297495633e-05
998,2.5810409747853837,5.291940711656661e-05
999,2.724323597529502,5.019316561002759e-05
1000,2.552168780009796,5.347115138549119e-05
1001,2.3134085482709996,5.8040486485814035e-05
1002,2.123689235259828,6.164263052664524e-05
1003,2.145068416906198,6.123952067292702e-05
1004,2.3051256618916125,5.819866465313447e-05
1005,2.4988180409162086,5.449190699043489e-05
1006,2.363386112937313,5.7085033102018806e-05
1007,2.3606467380568157,5.71374419984426e-05
1008,2.4754578481438765,5.49391824410565e-05
1009,2.549910618057484,5.351432758843622e-05
1010,2.573652902059444,5.306053699385994e-05
1011,2.539297873607021,5.3717283430577254e-05
1012,2.455549000340667,5.532045369813037e-05
1013,2.365471224128452,5.704513892381153e-05
1014,2.361071107205526,5.712932333993646e-05
1015,2.4646418023522068,5.514631312376808e-05
1016,2.590441329400504,5.273989828887774e-05
1017,2.7184517923548492,5.0304384876566643e-05
1018,2.606431101321634,5.2434725578767445e-05
1019,2.3441990694066623,5.7452029910986236e-05
1020,2.135889567774676,6.141269947641216e-05
1021,2.147163093309417,6.11999776528836e-05
1022,2.3037678585509647,5.822458915485458e-05
1023,2.546227465505297,5.358475616773037e-05
1024,2.579154820005505,5.295543331857372e-05
1025,2.5669484857577527,5.31886415936495e-05
1026,2.506413731265412,5.4346505783112533e-05
1027,2.403856474317462,5.6310406822934127e-05
1028,2.2849200442322175,5.858428005954146e-05
1029,2.2234867550438606,5.9754045223021316e-05
1030,2.299371605910057,5.8308515782839004e-05
1031,2.4325128263423275,5.576164286067029e-05
1032,2.594961862953373,5.26535996499462e-05
1033,2.694124636218719,5.076569965808079e-05
1034,2.6381221370408054,5.183058568305493e-05
1035,2.35819052369332,5.718443034053928e-05
1036,2.139394971311769,6.134658153208482e-05
1037,2.576710115727494,5.300213198473102e-05
1038,2.5356022576312407,5.378797207505585e-05
1039,2.452801070881978,5.537308178829826e-05
1040,2.3318502692031506,5.768811438537572e-05
1041,2.1877708563350358,6.043184265634974e-05
1042,2.070138295163325,6.264813457654336e-05
1043,2.1046539841646013,6.20007672703845e-05
1044,2.2485337037340694,5.927765916679123e-05
1045,2.439239689857192,5.5632810727294867e-05
1046,2.5765109158091706,5.30059372911749e-05
1047,2.678071818249981,5.107054996031611e-05
1048,2.6484081013790135,5.1634721558238276e-05
1049,2.472000873864417,5.500538270201582e-05
1050,2.3722437635204345,5.6915546801080603e-05
1051,2.237855344475218,5.9480857007530886e-05
1052,2.0780947133741448,6.24991484284582e-05
1053,1.9207458096468746,6.54136208682797e-05
1054,1.892115699089026,6.593558059219517e-05
1055,2.0461580920284863,6.309624115197542e-05
1056,2.2191183131377086,5.983704678715338e-05
1057,2.4283063166330243,5.584220387797424e-05
1058,2.5695873256437984,5.3138216201879924e-05
1059,2.261072574728368,5.9038882807934095e-05
1060,2.120114263505559,6.17099488804236e-05
1061,1.956250224858868,6.4762443576835e-05
1062,1.785466060849915,6.785233570185053e-05
1063,1.6797601509444609,6.97026911311908e-05
1064,1.8293599803376723,6.70690237149712e-05
1065,2.0260371002354316,6.347110268698628e-05
1066,2.2510454759050993,5.922984254296815e-05
1067,1.9801544872126102,6.432174251321078e-05
1068,1.824675692263856,6.71530037363694e-05
1069,1.666223091978078,6.993565675262162e-05
1070,1.5270664708927644,7.227116447185549e-05
1071,1.600210065189571,7.105751752597239e-05
1072,1.8186880668540164,6.726021820505403e-05
1073,1.6905700326651842,6.95159766701651e-05
1074,1.5661346210425788,7.162692668469746e-05
1075,1.4661289733845349,7.325669613886779e-05
1076,1.4035478885085735,7.424276746847745e-05
1077,1.4935399729937937,7.281637912716612e-05
1078,1.4581204029636528,7.338439344518777e-05
1079,1.1581014471569557,7.782239078895945e-05
1080,1.4700806817595256,7.319352645387251e-05
1081,1.7715097686648353,6.809964405975282e-05
1082,2.0460346387222286,6.309854434445386e-05
1083,2.287344519916962,5.8538029971748615e-05
1084,2.492566733962852,5.4611586680354e-05
1085,2.5545469782117376,5.342568342240355e-05
1086,2.355557271737326,5.7234802000717927e-05
1087,2.161574742110628,6.092769734581394e-05
1088,2.0482208228515275,6.30577522990957e-05
1089,2.217959533053397,5.9859059470776445e-05
1090,1.6254158170904474,7.063200469011598e-05
1091,1.8819237030123186,6.612068132853052e-05
1092,2.1195187279902017,6.17211605477993e-05
1093,2.328162673044953,5.775859427776485e-05
1094,2.497619351138367,5.451485471095443e-05
1095,2.566721529217354,5.319297871363564e-05
1096,2.4305040060731598,5.58001149940691e-05
1097,2.2544415845596726,5.9165178882596785e-05
1098,2.227527371189781,5.967724919193542e-05
1099,2.4041456652152577,5.6304869632804185e-05
1100,2.455685396126897,5.531784146962527e-05
1101,2.264527308106229,5.897306306253612e-05
1102,2.0757680797822156,6.254273074392931e-05
1103,2.1616363493975492,6.0926532589964724e-05
1104,2.3502633931751276,5.73360576308489e-05
1105,2.534116361617744,5.381639584890736e-05
1106,2.42591892564157,5.5887925275568873e-05
1107,2.2264754891145464,5.9697243409311825e-05
1108,1.9949062373948128,6.404891240343078e-05
1109,1.7378787742457236,6.869194685329566e-05
1110,2.046109323770824,6.309715099604688e-05
1111,2.241356369659827,5.941425184643952e-05
1112,2.4058369284011225,5.627248631230113e-05
1113,2.5252809640787657,5.39854310436319e-05
1114,2.5668313493111867,5.3190880056668033e-05
1115,2.4987767211098832,5.4492698009601324e-05
1116,2.386219601524076,5.6648059252770906e-05
1117,2.37857066907176,5.679446385128104e-05
1118,2.517785471315535,5.412885986430385e-05
1119,2.6767266422625178,5.109611058888655e-05
1120,2.5370556335152155,5.376017147910275e-05
1121,2.3052995307091932,5.8195344867469625e-05
1122,2.09893154590404,6.210828092073578e-05
1123,2.1642728767622716,6.08766797531518e-05
1124,2.3456240886544264,5.742478022532327e-05
1125,2.5118668905031076,5.42421305389267e-05
1126,2.392753566064814,5.652297944752032e-05
1127,2.2067480699887145,6.00719384066115e-05
1128,2.3685517380801704,5.6986196065435e-05
1129,2.485907189805816,5.4739093678593195e-05
1130,2.556117059232383,5.3395667490362624e-05
1131,2.5634329583747295,5.325582694817508e-05
1132,2.502730451389271,5.441701093003563e-05
1133,2.4082849319611044,5.622561220285373e-05
1134,2.3729681031312366,5.6901685397080335e-05
1135,2.465323583931226,5.513325632414198e-05
1136,2.5982786233195183,5.2590292333032845e-05
1137,2.714506266512778,5.0379146526088056e-05
1138,2.57980618548335,5.2942991710566324e-05
1139,2.3310427790923303,5.770354849826126e-05
1140,2.111952974685794,6.186353095843497e-05
1141,2.1680818460716207,6.080463624908377e-05
1142,2.343765273510672,5.74603248554646e-05
1143,2.5026802539202198,5.441797183894256e-05
1144,2.5477612576073683,5.355542631111818e-05
1145,2.5753854850516342,5.302743688965311e-05
1146,2.550724480732226,5.3498766129285644e-05
1147,2.474490552146247,5.4957705735376825e-05
1148,2.3666623174408596,5.7022348951025116e-05
1149,2.2869624032225433,5.854531973073583e-05
1150,2.331721196135853,5.7690581477422546e-05
1151,2.4560785820476077,5.531031124733487e-05
1152,2.6039312148417544,5.248242255939312e-05
1153,2.6833781681935207,5.096974279278225e-05
1154,2.5940309625081293,5.2671369497567855e-05
1155,2.3426984149552923,5.748072458998654e-05
1156,2.116943328856022,6.176963710285581e-05
1157,2.169749199410385,6.077309171691391e-05
1158,2.5715248381322633,5.310119552297316e-05
1159,2.519612761048162,5.40938918086225e-05
1160,2.42416150652051,5.5921581551574565e-05
1161,2.2967399709682854,5.835874685675108e-05
1162,2.173693915153796,6.069844295827302e-05
1163,2.160468895368839,6.094860349007382e-05
1164,2.2806087819224703,5.8666508900638423e-05
1165,2.4207950229670443,5.5986051880017286e-05
1166,2.5794575088340244,5.294965167708356e-05
1167,2.657730126297341,5.145731458642653e-05
1168,2.5945209034933945,5.266201698235092e-05
1169,2.345636975430169,5.7424533794620394e-05
1170,2.4619872061267953,5.519715178335827e-05
1171,2.3500419704521005,5.734029242696269e-05
1172,2.206496559023696,6.0076711905887734e-05
1173,2.0522661101950277,6.298223924323343e-05
1174,1.9719673357145922,6.447288032329453e-05
1175,2.082788146490991,6.241119301568737e-05
1176,2.243939236343936,5.9365104314840584e-05
1177,2.434772788337046,5.571836060645674e-05
1178,2.564460445180287,5.3236189752069787e-05
1179,2.6482770691143656,5.163721592798579e-05
1180,2.2489360474302056,5.927000025621304e-05
1181,2.096466601891916,6.215457042787326e-05
1182,1.9277413139732829,6.528565052400986e-05
1183,1.7892772981172034,6.778464977181215e-05
1184,1.869109428712944,6.635285835358753e-05
1185,2.0519593135774272,6.298796763816954e-05
1186,2.2611641572572716,5.9037138145408176e-05
1187,2.4288911155559214,5.5831004189307594e-05
1188,1.9675916124697939,6.455357358936222e-05
1189,1.8015012571833535,6.756713037483351e-05
1190,1.643000544358279,7.03330425704567e-05
1191,1.6450921427048983,7.029736997543956e-05
1192,1.8463418334557202,6.676382593257419e-05
1193,2.043908693147341,6.313820068203165e-05
1194,1.6777981572426495,6.973651521717883e-05
1195,1.541899840822743,7.202766814117689e-05
1196,1.4436411360707846,7.361415821764653e-05
1197,1.628039304890682,7.058751058180876e-05
1198,1.479676487557439,7.30396985639171e-05
1199,1.430918437138341,7.381485617719984e-05
1200,2.100803588415115,6.207311667544684e-05
1201,2.2974184150681483,5.834579771305029e-05
1202,2.459182345353413,5.5250868934747446e-05
1203,2.543949942354158,5.362831046272895e-05
1204,2.441242681872344,5.559444926861744e-05
1205,2.266162645836641,5.8941901920646116e-05
1206,2.18724861644562,6.044173902945609e-05
1207,2.3799662557958983,5.676775323105787e-05
1208,2.5861140783851737,5.2822522662021915e-05
1209,2.395354590736381,5.647318420913782e-05
1210,2.5088863131232553,5.429917841086417e-05
1211,2.5550052298562833,5.341692266483087e-05
1212,2.5010327010479254,5.444951070429865e-05
1213,2.380886440338823,5.675014108555333e-05
1214,2.3114131718198747,5.807859728597416e-05
1215,2.4251788694801375,5.5902098111101784e-05
1216,2.5922602523577725,5.270517235923826e-05
1217,2.7048620069473692,5.056198477119534e-05
1218,2.5753343756247595,5.3028413277568723e-05
1219,2.352068429863611,5.730153456673203e-05
1220,2.143538070508645,6.126840512532104e-05
1221,2.2673136862160703,5.891996724534824e-05
1222,2.4393914074897936,5.5629905023641626e-05
1223,2.5281949335233844,5.3929678045355836e-05
1224,2.4465683118456893,5.54924520743819e-05
1225,2.5524553782735686,5.346567182768409e-05
1226,2.562091357007288,5.328146852098925e-05
1227,2.5064349545770734,5.4346099541160285e-05
1228,2.402899432672816,5.6328731325466596e-05
1229,2.3122833705698227,5.806197727057188e-05
1230,2.3515701061874936,5.731106566940436e-05
1231,2.482900596958966,5.479666294448403e-05
1232,2.598758446825051,5.258113467061251e-05
1233,2.6532065624343555,5.154338991019617e-05
1234,2.5447694566209287,5.361263811418199e-05
1235,2.3269229563058813,5.778228646915362e-05
1236,2.116573570542934,6.177659591156669e-05
1237,2.268029242065563,5.8906330607657856e-05
1238,2.4380111760345646,5.5656339254293695e-05
1239,2.5536295438662293,5.344322312723222e-05
1240,2.4819438608918105,5.481498263772717e-05
1241,2.3701254701152106,5.6956082440228894e-05
1242,2.250724130934151,5.9235960410223176e-05
1243,2.2201792049742717,5.981689198695988e-05
1244,2.328700836386425,5.7748309116105295e-05
1245,2.457771283994158,5.527789305722168e-05
1246,2.5778694751357984,5.297998538128482e-05
1247,2.6100024459347493,5.2366595298383226e-05
1248,2.51923632936831,5.4101095304270487e-05
1249,2.3118284118410495,5.8070666650166125e-05
1250,2.109968638813071,6.190085184584206e-05
1251,2.4307815579699668,5.579479944911215e-05
1252,2.3056063623408813,5.818948627757892e-05
1253,2.162125706284173,6.091728050234515e-05
1254,2.0668154009656727,6.271031209616948e-05
1255,2.148328847563335,6.11779671432809e-05
1256,2.294056935346093,5.840995262056078e-05
1257,2.4497904132178814,5.543074200807671e-05
1258,2.550202616448476,5.3508744388598955e-05
1259,2.586585665622401,5.281351746671483e-05
1260,2.509597008380786,5.4285575493700735e-05
1261,2.2140232143247838,5.993382133692992e-05
1262,2.055741630800006,6.291732911504131e-05
1263,1.9128252092559974,6.555831123058579e-05
1264,1.9510690232217298,6.485772818147664e-05
1265,2.114508092705575,6.18154627376314e-05
1266,2.2712253438862517,5.884541447416854e-05
1267,2.435765093942433,5.569935610403212e-05
1268,2.5402984902835364,5.3698145177276125e-05
1269,1.9341934903803155,6.516747252869603e-05
1270,1.77158319638938,6.809834518569399e-05
1271,1.7451908520778865,6.856361564463826e-05
1272,1.922298824482972,6.538522564256686e-05
1273,2.102337905728498,6.20442905209424e-05
1274,2.2872927563632706,5.853901748936316e-05
1275,1.646821237020736,7.026786201309076e-05
1276,1.54941621933,7.190376252900742e-05
1277,1.719597486270857,6.901167601538921e-05
1278,1.9178082693551837,6.546730800069754e-05
1279,1.4449985386592863,7.359267930584233e-05
1280,1.5136494946492542,7.24902182395735e-05
1281,2.5501456914999796,5.350983282679536e-05
1282,2.4981449332815875,5.450479291094233e-05
1283,2.374530851883654,5.687177892117627e-05
1284,2.2631910559364252,5.899852297920221e-05
1285,2.341983309514289,5.7494397952998376e-05
1286,2.509986427103994,5.427812198330909e-05
1287,2.623821341249008,5.2103085569157336e-05
1288,2.506915721871418,5.433689706868039e-05
1289,2.400636352832762,5.6372061659788795e-05
1290,2.282155662927061,5.86370073055714e-05
1291,2.262957728423655,5.9002968418182677e-05
1292,2.385129070262461,5.666893390708247e-05
1293,2.504190809400599,5.438905628235235e-05
1294,2.5740854549553287,5.305227308965717e-05
1295,2.556296713332145,5.339223306182756e-05
1296,2.4484845532760104,5.545575196894602e-05
1297,2.285439592811546,5.857436946064558e-05
1298,2.2427127167327456,5.9388443917865406e-05
1299,2.3725507972789006,5.6909671243698964e-05
1300,2.3718958539979345,5.692220452889935e-05
1301,2.239835036206701,5.944319631615955e-05
1302,2.1513912417247827,6.112013430525885e-05
1303,2.2302919864527038,5.9624692215653094e-05
1304,2.3607975166752526,5.713455744447523e-05
1305,2.462236188119768,5.519238345249401e-05
1306,2.5283127463784587,5.392742401477697e-05
1307,2.5131226898491787,5.421809570717751e-05
1308,2.416067196466995,5.6076590018194936e-05
1309,2.26550500487939,5.895443353420366e-05
1310,2.1615276990925487,6.092858674305797e-05
1311,2.028846629023295,6.34188243594205e-05
1312,2.0579219659851464,6.287659298954241e-05
1313,2.2013429994170743,6.017450206871372e-05
1314,2.332792127466226,5.767011144107197e-05
1315,2.4464064385361697,5.549555229508471e-05
1316,2.503843744990847,5.4395699837252504e-05
1317,2.498375551977227,5.450037794882684e-05
1318,1.9017765425995046,6.57597773351803e-05
1319,1.8775837434747826,6.619938441696811e-05
1320,2.0304034158315436,6.338984733657807e-05
1321,2.1861367854779714,6.0462806612924685e-05
1322,2.3288945916141452,5.7744606094294824e-05
1323,2.437213200206242,5.567162207411489e-05
1324,1.701626351491341,6.932438945129224e-05
1325,1.8517829001008397,6.666579546679485e-05
1326,2.024419519422021,6.350119219644141e-05
1327,2.1815708975409693,6.054930257804699e-05
1328,1.6733386023146763,6.981332196820289e-05
1329,1.8502198378131849,6.66939687592288e-05
1330,2.274293981696117,5.878691754138939e-05
1331,2.215928989726047,5.989762799274006e-05
1332,2.321192795847481,5.789178101237056e-05
1333,2.4360329166975694,5.569422678946625e-05
1334,2.4987372411346995,5.4493453807853093e-05
1335,2.1301111483544313,6.15216381024313e-05
1336,2.177026150155058,6.0635364074415436e-05
1337,2.3000378985300145,5.829579701290943e-05
1338,2.397494290481451,5.643221929482945e-05
1339,2.45368345294282,5.535618244628944e-05
1340,2.4558635478039963,5.531442954124574e-05
1341,2.40111878966246,5.636282473462268e-05
1342,2.2991283710020793,5.831315876358525e-05
1343,2.0257328405476245,6.347676292780703e-05
1344,2.153630892365664,6.107782790605695e-05
1345,2.2779694932194854,5.871683898342979e-05
1346,2.370886690700975,5.694151595908228e-05
1347,2.4311011028985092,5.5788679665122396e-05
1348,2.441417147520961,5.559110788398716e-05
1349,2.0015759038062293,6.392534921044383e-05
1350,2.143715969129385,6.126504761340382e-05
1351,2.26701527865552,5.892565395496992e-05
1352,2.3660104776812845,5.703482111324512e-05
1353,1.9981641693193433,6.398857154078514e-05
1354,2.1411962869576833,6.131259641572507e-05
1355,2.279612979682984,5.86854992401709e-05
1356,2.3651738096947468,5.705082944538022e-05
1357,2.4099710353437143,5.619332611451969e-05
1358,2.259909249178882,5.9061043531328054e-05
1359,2.341467962625458,5.7504251583776636e-05
1360,2.3884597375875334,5.6605177880659723e-05
1361,2.3968457595531425,5.644463566815535e-05
1362,2.2504125039640273,5.9241893145558086e-05
1363,2.3339186707168147,5.764857758984751e-05
1364,2.375597183636172,5.6851371836331794e-05
1365,3.6546324097367067,3.3761958016416784e-05
1366,3.645407943615395,3.390910983710242e-05
1367,3.615893181447216,3.438246501654788e-05
1368,3.5614065328346394,3.526630901349344e-05
1369,3.4765783869273448,3.666752994485753e-05
1370,3.3579037571741903,3.867721270938491e-05
1371,3.205724204406995,4.133270374903135e-05
1372,3.025000820568151,4.458776485311272e-05
1373,2.824723100195637,4.830026456784625e-05
1374,2.6162570107897913,5.224730573964395e-05
1375,2.411360461180005,5.6166720466470694e-05
1376,2.221423161601028,5.979325733526876e-05
1377,2.0671711616015154,6.270365642345356e-05
1378,3.6783288284671665,3.338568065857755e-05
1379,3.651132266270482,3.381774904962996e-05
1380,3.571606717433169,3.5099872257474525e-05
1381,3.4620716907941196,3.691015697662467e-05
1382,3.323102179740187,3.927699012588757e-05
1383,3.15534271722751,4.222976171814419e-05
1384,2.963576308774906,4.571593108004743e-05
1385,2.7604404154977225,4.9510240473686494e-05
1386,2.7733413448889617,4.9266816117246176e-05
1387,2.697519458901352,5.070127424940355e-05
1388,2.4923319326753086,5.461608210827951e-05
1389,2.297448135662221,5.834523044060066e-05
1390,2.2006618592324756,6.018742390013534e-05
1391,2.3920560536112196,5.653633260159194e-05
1392,2.5934868276731926,5.268175675676665e-05
1393,2.779933770223397,4.914253593640444e-05
1394,2.7046441238302767,5.0566116975499725e-05
1395,2.7685167314933707,4.93578173291415e-05
1396,2.9683739581400386,4.562745498600219e-05
1397,3.1488312094492414,4.2346312168049525e-05
1398,3.302459224987318,3.963490729945489e-05
1399,3.4264556490796902,3.750947358319556e-05
1400,3.5222862191747617,3.590875250353121e-05
1401,3.5939419746536814,3.4736993362046714e-05
1402,3.7452025190329805,3.233741434522006e-05
1403,3.722691322389078,3.2688021717162624e-05
1404,3.6087738020539515,3.449721787821411e-05
1405,3.447982832090741,3.714661848517887e-05
1406,3.259363427750431,4.0387165822325e-05
1407,3.0541682875519105,4.405569157619873e-05
1408,2.8550512650807724,4.7732153997297725e-05
1409,2.808754255557974,4.860012996461576e-05
1410,2.9153267720863107,4.6608924549956964e-05
1411,2.8013975586375155,4.873843886932703e-05
1412,2.592546460691934,5.269970846580795e-05
1413,2.4282113329629875,5.584402294030352e-05
1414,2.628206771353785,5.201949952464431e-05
1415,2.79730818219168,4.881536450048101e-05
1416,2.8461619442555253,4.789847491748413e-05
1417,2.760794269457347,4.950355993828776e-05
1418,2.617367100602363,5.222613750904198e-05
1419,2.732171753773383,5.004459257895639e-05
1420,2.9314495927652184,4.630989227358928e-05
1421,3.113782214515356,4.2975989070242335e-05
1422,3.2734152908872884,4.014114362957443e-05
1423,3.4089917076812695,3.780520462396547e-05
1424,3.844799061137976,3.0814203260436836e-05
1425,3.823528388148707,3.1135646590238036e-05
1426,3.6858218941175145,3.3267220113556734e-05
1427,3.4953909388769007,3.635417765278525e-05
1428,3.2915490135820185,3.982471081204555e-05
1429,3.109997934912329,4.304420730639468e-05
1430,3.0209647180564168,4.466158080380268e-05
1431,3.053401776655837,4.406964308711415e-05
1432,3.127304004156499,4.273260073508193e-05
1433,2.918112543815819,4.655721211104414e-05
1434,2.6988776203406215,5.0675504071937055e-05
1435,2.7584426867365384,4.954796022716698e-05
1436,2.8466821294546256,4.788873763003406e-05
1437,2.8558088919479223,4.771798629079772e-05
1438,2.799118856148248,4.878129992812477e-05
1439,2.6952736473726233,5.074389249488292e-05
1440,2.5547566728070086,5.342167450952921e-05
1441,2.7119007584464643,5.0428529284768675e-05
1442,2.913125802462799,4.6649794230532314e-05
1443,3.101884289124778,4.3190619290462646e-05
1444,3.9651983463756064,2.9034930266356548e-05
1445,3.941185365280238,2.9384301815502768e-05
1446,3.7968025394286125,3.154251792934218e-05
1447,3.61985718676973,3.4318667866108085e-05
1448,3.4660870442759233,3.684291316701651e-05
1449,3.3779266490434217,3.8334234366822854e-05
1450,3.3711963589226315,3.84493466165127e-05
1451,3.421660431602088,3.759055374949431e-05
1452,3.2546017712756785,4.047069403022073e-05
1453,3.0338610096726155,4.4425881556804466e-05
1454,2.7970563990717086,4.882010182592264e-05
1455,2.805308929828799,4.866489083520518e-05
1456,2.833805460051361,4.8129937286762506e-05
1457,2.812974661085358,4.85208308023837e-05
1458,2.7503045167638067,4.9701687719383344e-05
1459,2.6522863508350905,5.1560902764749614e-05
1460,2.522690469098234,5.403499826659422e-05
1461,2.7053844394142663,5.055207698835277e-05
1462,4.096702930373129,2.7170769765855335e-05
1463,4.075891815690488,2.746021805272783e-05
1464,3.9583391630326044,2.9134445390324786e-05
1465,3.8406513941942335,3.087671694299374e-05
1466,3.768400494721116,3.197853426428168e-05
1467,3.756603207775703,3.216073366037521e-05
1468,3.764248775692522,3.2042581242642744e-05
1469,3.583735944294092,3.490254217180721e-05
1470,3.373145505637437,3.841599109519854e-05
1471,3.1352841300876415,4.258923120981701e-05
1472,2.8761084619533235,4.733883820423322e-05
1473,2.7800452439370877,4.914043509241607e-05
1474,2.7986831774492806,4.878949588544623e-05
1475,2.7782793068434737,4.917371867823744e-05
1476,2.723424389608077,5.021019439989013e-05
1477,2.637517555158482,5.1842101617667686e-05
1478,4.232329983903805,2.5335992623586168e-05
1479,4.229141693407723,2.5378095548207404e-05
1480,4.16541462339079,2.6230038144263272e-05
1481,4.118609500571325,2.6868355278908412e-05
1482,4.115039090197725,2.6917484926651694e-05
1483,4.043374886774426,2.791667263401128e-05
1484,3.8891810037939343,3.0150336699782107e-05
1485,3.698234243298253,3.3071543852672094e-05
1486,3.471461786281608,3.675300744528005e-05
1487,3.212602947892503,4.121088855379671e-05
1488,2.930076446888056,4.6335335875973386e-05
1489,2.754146483667507,4.9629100616244945e-05
1490,2.7769178349813872,4.919938282251001e-05
1491,2.7657015718036213,4.941093490359146e-05
1492,4.3660897043181714,2.3614298339495213e-05
1493,4.387344568446944,2.3348741607780537e-05
1494,4.379980125455405,2.34405036466521e-05
1495,4.364912960415433,2.3629064702226338e-05
1496,4.281473339527452,2.4693303298101646e-05
1497,4.157874425595595,2.633214930642296e-05
1498,3.993297609944716,2.8629609652286028e-05
1499,3.7871134904791193,3.169084143982955e-05
1500,3.540879124570455,3.560260470007022e-05
1501,3.260388993555825,4.036918610202022e-05
1502,2.9570858094491257,4.583571952673946e-05
1503,2.744230150318432,4.981650078104378e-05
1504,4.4914815225572005,2.207934977524576e-05
1505,4.528345619138171,2.1642554749934565e-05
1506,4.521384135772397,2.1724538626632856e-05
1507,4.472184181467888,2.2310613787491012e-05
1508,4.381014401810835,2.3427600493111817e-05
1509,4.246667439445194,2.514727239470958e-05
1510,4.067444552494327,2.7578304254317452e-05
1511,3.843018298761413,3.084103306298903e-05
1512,3.5765655812063573,3.501911993723251e-05
1513,3.2764784267107703,4.0087608184111557e-05
1514,4.601514374717396,2.0794927834501322e-05
1515,4.629162586811585,2.048129545550498e-05
1516,4.613201590104166,2.066190769848679e-05
1517,4.554345762698051,2.133841620672448e-05
1518,4.451555284871143,2.2559826328159356e-05
1519,4.302633874113003,2.4420197333328257e-05
1520,4.1058490699807475,2.7044226417467173e-05
1521,3.862045108278458,3.05551355989239e-05
1522,4.689737768251021,1.9806830851234116e-05
1523,4.705387763467244,1.96353952554101e-05
1524,4.677541121764655,1.994123729254765e-05
1525,4.605792769939844,2.0746156966093156e-05
1526,4.488033737884154,2.2120536908714196e-05
1527,4.321718448916643,2.417575709687547e-05
1528,4.751175601313004,1.914042031114551e-05
1529,4.752741507699492,1.9123665990443386e-05
1530,4.710614391108239,1.95783975211773e-05
1531,4.62328832746771,2.0547626748017006e-05
1532,4.782646406379672,1.8805891805024966e-05
1533,4.768785651723831,1.8952661070191603e-05
1534,3.592555117578172,3.47594626155369e-05
1535,3.484581778128069,3.653404217060349e-05
1536,3.3470559201826378,3.886367280527382e-05
1537,3.182276799500497,4.174913911300464e-05
1538,2.993926125098499,4.515724270502772e-05
1539,2.7909423250595826,4.893517442528496e-05
1540,2.690422310270538,5.0835978432943394e-05
1541,2.8139366779135258,4.850275978082809e-05
1542,2.8190972244221495,4.840585182048064e-05
1543,2.643196827415378,5.173393960724177e-05
1544,2.4514408611185905,5.5399132532049994e-05
1545,3.6593634384342097,3.368663363950434e-05
1546,3.5211119533144872,3.592813676895286e-05
1547,3.3457047870256544,3.8886928490886356e-05
1548,3.148650578138129,4.234954727148924e-05
1549,2.9480777701771776,4.6002148031566034e-05
1550,2.8147991146768994,4.8486560832200846e-05
1551,2.8618110418378686,4.7605788294861925e-05
1552,2.923827078441906,4.645119058143215e-05
1553,2.8760917602335954,4.7339149786314735e-05
1554,2.716464598059349,5.0342036315216134e-05
1555,2.66254954487559,5.136563591195781e-05
1556,2.799587927145825,4.877247619002404e-05
1557,2.8702945350652755,4.7447337845682374e-05
1558,2.840147927773022,4.8011090986556436e-05
1559,2.745665557609332,4.9789364457688496e-05
1560,2.630942149853662,5.196737319996141e-05
1561,2.7793951723889303,4.9152686709742143e-05
1562,2.9815500536954884,4.538477365168528e-05
1563,3.1708879518855406,4.195207438919435e-05
1564,3.340205932812248,3.8981646345560866e-05
1565,3.755558411278535,3.21769004772791e-05
1566,3.600745243682076,3.462689085184131e-05
1567,3.4155246186162844,3.7694435342774e-05
1568,3.234688150415726,4.082088609509203e-05
1569,3.106074530015798,4.31149803841678e-05
1570,3.0745795493132744,4.368481201140019e-05
1571,3.095172276357653,4.3311891504009544e-05
1572,3.0775840699627657,4.3630322791897975e-05
1573,2.956992571708814,4.583744109883448e-05
1574,2.7648644931973307,4.942673183864273e-05
1575,2.805369976890321,4.8663743155134434e-05
1576,2.8572090527851253,4.7691806310113025e-05
1577,2.848225571120896,4.785984941326607e-05
1578,2.790026528418438,4.895241643897485e-05
1579,2.6947606432445554,5.0753628615718615e-05
1580,2.601494259817922,5.2528924152071345e-05
1581,2.770660653619081,4.931737401533765e-05
1582,2.975419753836914,4.5497627177508734e-05
1583,3.8746624728991406,3.0366484738356066e-05
1584,3.7305831809887824,3.256484482254576e-05
1585,3.5827862365092233,3.4917970024211805e-05
1586,3.4724423446606454,3.6736617986244855e-05
1587,3.420705766140742,3.760670672645775e-05
1588,3.4090803044634406,3.7803701281125195e-05
1589,3.378683736375314,3.832129645076203e-05
1590,3.267188942612107,4.025006796833115e-05
1591,3.0820413871722385,4.354953571659162e-05
1592,2.8673533453507396,4.7502254375635465e-05
1593,2.8194345103521976,4.8399519848979905e-05
1594,2.834392447354725,4.811893480330453e-05
1595,2.8121273997458087,4.8536747665003616e-05
1596,2.754951769482365,4.961388924004841e-05
1597,2.6684639096735747,5.125316614258607e-05
1598,2.5932960613753036,5.268539844722033e-05
1599,4.024723619261101,2.8180794019928374e-05
1600,3.9210210992581565,2.9679801116895327e-05
1601,3.834284066470462,3.097284202857832e-05
1602,3.7839277289550832,3.1739705091490506e-05
1603,3.7583961104913253,3.213300257486244e-05
1604,3.712493849790779,3.284760366675064e-05
1605,3.5982774221485805,3.466680622812929e-05
1606,3.417364648702106,3.766326719701946e-05
1607,3.1919305972216447,4.157745919016561e-05
1608,2.949582040628855,4.5974341645357496e-05
1609,2.8186353408618023,4.8414523259670776e-05
1610,2.8125064749892648,4.852962609332316e-05
1611,2.7912735885665847,4.892893798937112e-05
1612,2.742723673979244,4.984498419269683e-05
1613,4.200151717608049,2.5763196944221453e-05
1614,4.142691209545768,2.653860372211093e-05
1615,4.102130381312867,2.70956281505051e-05
1616,4.0729323533969355,2.750154972848619e-05
1617,4.020109941869338,2.8246387294180386e-05
1618,3.9095934846821625,2.9848126466766495e-05
1619,3.7394923866326195,3.2426129816683395e-05
1620,3.5206463678101643,3.5935824056496665e-05
1621,3.265605907970644,4.0277783974586774e-05
1622,2.9959801947095372,4.511951861201411e-05
1623,2.819834247090366,4.839201575577751e-05
1624,2.8044825273360914,4.868042782741666e-05
1625,4.374583055602754,2.3507919406197778e-05
1626,4.35009806232646,2.38155459636802e-05
1627,4.326657311688132,2.411278803185106e-05
1628,4.2790033869092685,2.4725323786943296e-05
1629,4.181822514446016,2.600879537821936e-05
1630,4.030258803773368,2.8102234934411815e-05
1631,3.8282626413253578,3.106391948744058e-05
1632,3.582187630895014,3.492769628119104e-05
1633,3.302112649183241,3.964092989165236e-05
1634,3.0110388704248443,4.4843305874872676e-05
1635,4.524981123429943,2.1682148572830786e-05
1636,4.514649271538543,2.1804075628308517e-05
1637,4.481829028315037,2.219480276427789e-05
1638,4.405065721740445,2.3129013852036293e-05
1639,4.277471765680621,2.47451946865194e-05
1640,4.099056964080061,2.7138161243581645e-05
1641,3.8722123669023607,3.0403059309045522e-05
1642,3.60256929620316,3.45974050574986e-05
1643,4.640698983791183,2.0351505320817185e-05
1644,4.627934647538303,2.049514760653063e-05
1645,4.575467485759179,2.1093730575954198e-05
1646,4.474604407715652,2.2281510539943037e-05
1647,4.323428038794204,2.4153946869331163e-05
1648,4.121768468360691,2.682493880895465e-05
1649,4.7183621110337315,1.949414265850315e-05
1650,4.693036988150888,1.9770594115590697e-05
1651,4.619863956078343,2.058636997902902e-05
1652,4.497107823274387,2.2012261343805817e-05
1653,4.757236921827693,1.9075631119803987e-05
1654,4.71421432949843,1.9539213885106458e-05
1655,3.351995440264042,3.87787131166829e-05
1656,3.159038513048375,4.2163671392924644e-05
1657,2.9610119565853266,4.576324587200508e-05
1658,2.807724141104306,4.8619490402618114e-05
1659,2.818023108401364,4.8426017999077035e-05
1660,2.8845120466669028,4.718214159393236e-05
1661,2.919549450346283,4.653054592306458e-05
1662,2.889805229722,4.708352345775887e-05
1663,2.7824078815602435,4.9095913766188444e-05
1664,3.4294770528855443,3.745843330833319e-05
1665,3.2533179033638437,4.049322925492973e-05
1666,3.115771912318112,4.2940139167365944e-05
1667,3.061596742661561,4.392057245897141e-05
1668,3.0721905651808394,4.372815719326455e-05
1669,3.0894034316987855,4.3416232397223955e-05
1670,3.0702920965830143,4.376261465147115e-05
1671,2.9888853522338485,4.5249866988183e-05
1672,2.872708183439241,4.740228533385169e-05
1673,2.8881429645667662,4.711448661634213e-05
1674,2.9148152146766755,4.661842261237408e-05
1675,2.9003726213798795,4.688683010430574e-05
1676,2.8528289814272814,4.7773717902398103e-05
1677,2.7921652414028615,4.891215253700553e-05
1678,2.801794435361357,4.873097483753585e-05
1679,2.961223005589163,4.575935117935014e-05
1680,3.593029864041019,3.47517700403423e-05
1681,3.477449959184452,3.6652980265080534e-05
1682,3.4117163273069933,3.7758986518457914e-05
1683,3.392603782613654,3.8083814445994825e-05
1684,3.391867616199031,3.809635477286138e-05
1685,3.37187154512081,3.843779056705608e-05
1686,3.2988622452875194,3.969743508278201e-05
1687,3.16680835073631,4.202487230582162e-05
1688,3.020438999039945,4.46711989738211e-05
1689,2.9421858128036305,4.6111114878895275e-05
1690,2.9156614574245894,4.6602710797175796e-05
1691,2.884145065607572,4.7188981199866436e-05
1692,2.8363994548490914,4.808132071740062e-05
1693,2.783707773191749,4.9071422946316314e-05
1694,3.832016482545518,3.100712063733977e-05
1695,3.7706783807455255,3.194342787137962e-05
1696,3.7425037732263555,3.2379324848105476e-05
1697,3.7307049759005326,3.256294605567032e-05
1698,3.7035181332962233,3.298845581204099e-05
1699,3.62670175013966,3.420867303364743e-05
1700,3.4869365901026725,3.649481684961665e-05
1701,3.3002828989151944,3.967273357322191e-05
1702,3.104814731106007,4.3137715590063906e-05
1703,2.970582166130362,4.558675210342402e-05
1704,2.914399610190681,4.662613957569193e-05
1705,2.8783400036498543,4.7297212768959784e-05
1706,4.090689622130123,2.7254189282711565e-05
1707,4.061290936436589,2.766454447947716e-05
1708,4.04462782610617,2.789898988674028e-05
1709,4.013491308490424,2.8340664349149216e-05
1710,3.9362708134263054,2.945614420484308e-05
1711,3.79786873271633,3.15262227995772e-05
1712,3.6049567779129323,3.455883334675703e-05
1713,3.3751437086803513,3.838181137080801e-05
1714,3.1435164545331573,4.2441543320546156e-05
1715,2.9796356711949032,4.542000521897026e-05
1716,4.32268639426644,2.41634067083818e-05
1717,4.306277078774474,2.4373397077463e-05
1718,4.277367592404169,2.4746546622119384e-05
1719,4.206630315327185,2.567677999967122e-05
1720,4.078074590720906,2.7429760725729735e-05
1721,3.892640556383472,3.009897865772604e-05
1722,3.660824084515985,3.3663398295304994e-05
1723,3.399161763635305,3.79721956186165e-05
1724,4.503472386476798,2.193655387903521e-05
1725,4.483149134215864,2.217898648794355e-05
1726,4.425551773592667,2.2876904298114125e-05
1727,4.31329317297587,2.4283451326659684e-05
1728,4.144149966458369,2.651871950483296e-05
1729,3.923391556163666,2.964496267058403e-05
1730,4.623953811580557,2.0540103955392105e-05
1731,4.586376708812282,2.0968188463591677e-05
1732,4.495292594303348,2.2033889580927697e-05
1733,4.347000081119736,2.3854676634905026e-05
1734,4.6834346690960835,1.9876203089890758e-05
1735,4.619662695103506,2.0588648775385282e-05
1736,3.1152154222849426,4.295016462989248e-05
1737,3.052717553639991,4.4082098288903704e-05
1738,3.058293125310616,4.398064339713555e-05
1739,3.0867523384736715,4.346421646639367e-05
1740,3.110183517533721,4.304086081956242e-05
1741,3.1158214604349945,4.293924657863932e-05
1742,3.1061763700807834,4.311314272152846e-05
1743,3.4069157669979515,3.784043885348961e-05
1744,3.3840388434356696,3.8229846411779494e-05
1745,3.3936966041149006,3.80652025525849e-05
1746,3.414076498028531,3.7718974435489486e-05
1747,3.422480076375912,3.757668823196891e-05
1748,3.397738964598997,3.799639771645266e-05
1749,3.334331972679666,3.9082952111939836e-05
1750,3.2535635956241427,4.048891626254535e-05
1751,3.1814684117557976,4.176352936809368e-05
1752,3.1268535399633186,4.2740699708525686e-05
1753,3.084201290045785,4.351040978393174e-05
1754,3.0536294302948863,4.4065499312233506e-05
1755,3.736930386753099,3.246598270499579e-05
1756,3.733562943495326,3.25184101014897e-05
1757,3.7444837323381432,3.2348573579182105e-05
1758,3.7446020019679045,3.23467372692598e-05
1759,3.7058110467303598,3.295243944983356e-05
1760,3.6127310464744826,3.443340613675775e-05
1761,3.4778404299218337,3.664646291680509e-05
1762,3.330837692481545,3.914327839782794e-05
1763,3.2101992355616344,4.1253437318109866e-05
1764,3.1316512498073292,4.265447384054869e-05
1765,4.048144141306162,2.784940458930463e-05
1766,4.050547202693314,2.781555219382061e-05
1767,4.043715769606189,2.79118609999483e-05
1768,3.9977247004473973,2.856609604002676e-05
1769,3.8936016389721235,3.0084721157049484e-05
1770,3.7357034358320127,3.248507899833158e-05
1771,3.544123241845925,3.55493376338679e-05
1772,3.354882948607823,3.872909120053712e-05
1773,4.303538020612312,2.440857671679392e-05
1774,4.294949211375963,2.451912601239408e-05
1775,4.24967192030595,2.5107852270170418e-05
1776,4.146188419786392,2.649095082571884e-05
1777,3.9835422538628324,2.876989778049481e-05
1778,3.7746495798714674,3.188228154747973e-05
1779,4.480538975642113,2.2210267103248433e-05
1780,4.444694373105459,2.2643167737965238e-05
1781,4.350749851156453,2.3807319155185435e-05
1782,4.194182219946228,2.584300421383165e-05
1783,4.5696350793906895,2.116108281173075e-05
1784,4.493929830103124,2.205013720132593e-05
1785,3.3937993386306666,3.806345311747396e-05
1786,3.430464703208846,3.744175696900963e-05
1787,3.482939260918174,3.656141599874285e-05
1788,3.5364909347189646,3.5674728057931405e-05
1789,3.5708510227070285,3.511218762053798e-05
1790,3.755549539982007,3.2177037770058464e-05
1791,3.7948669734051017,3.1572113547992605e-05
1792,3.830000926839159,3.103760955079293e-05
1793,3.834658526220568,3.096718370772529e-05
1794,3.791711343094892,3.162040166193014e-05
1795,3.7056817588038884,3.295446963202165e-05
1796,3.599222352102058,3.4651519481140935e-05
1797,3.5011444616893965,3.625863681786084e-05
1798,4.076349026461705,2.745383645669094e-05
1799,4.0981651218494015,2.7150512048424118e-05
1800,4.086195242509052,2.731665198633847e-05
1801,4.019178831339569,2.8259637455288033e-05
1802,3.8995827804095815,2.999609013739698e-05
1803,3.7484060915866984,3.228770729456391e-05
1804,4.311085980394083,2.4311721479808942e-05
1805,4.293950146460142,2.4532008651004238e-05
1806,4.217916616229209,2.5526722697964484e-05
1807,4.080575099496613,2.7394898268104917e-05
1808,4.433494595196698,2.277970456982887e-05
1809,4.360368283057697,2.3686156830790677e-05
1810,3.869097103060367,3.044960402298984e-05
1811,3.9448128804474183,2.9331347571208245e-05
1812,3.99310535395656,2.863237000112436e-05
1813,4.153194286691144,2.6395668080679107e-05
1814,4.177373560828802,2.606865514614168e-05
1815,4.146654011656913,2.648461117116556e-05
1816,4.061477072917183,2.7661933171524186e-05
1817,4.306915554293477,2.4365201947266914e-05
1818,4.25899320992844,2.498583304203256e-05
1819,4.236582955715645,2.527990724807697e-05
1820,3.6546324097367067,3.3761958016416784e-05
1821,3.645407943615395,3.390910983710242e-05
1822,3.615893181447216,3.438246501654788e-05
1823,3.5614065328346394,3.526630901349344e-05
1824,3.4765783869273448,3.666752994485753e-05
1825,3.3579037571741903,3.867721270938491e-05
1826,3.205724204406995,4.133270374903135e-05
1827,3.025000820568151,4.458776485311272e-05
1828,2.824723100195637,4.830026456784625e-05
1829,2.8079849944644844,4.86145876164398e-05
1830,2.9383993862004214,4.6181187008546964e-05
1831,3.0294423973537525,4.450658583277288e-05
1832,3.0765351815920106,4.364934210567017e-05
1833,3.6783288284671665,3.338568065857755e-05
1834,3.6908470252343575,3.318791721512401e-05
1835,3.678086376601508,3.338951787017048e-05
1836,3.634013134056271,3.4091403850944706e-05
1837,3.5538519872213246,3.538986424888758e-05
1838,3.436122440210392,3.734630239038527e-05
1839,3.2836324684590914,3.9962707083045856e-05
1840,3.1032084311949624,4.3166711086840845e-05
1841,2.904373141620987,4.681243415419716e-05
1842,2.907485120504955,4.675458762300814e-05
1843,3.0076331169807196,4.490572174285081e-05
1844,3.0670933321001277,4.3820696774702643e-05
1845,3.0821217874748403,4.354807904026727e-05
1846,3.0531294195763725,4.4074600756011606e-05
1847,2.9818683635816723,4.537891653059641e-05
1848,2.8915191008675314,4.705160554729824e-05
1849,3.025295075776236,4.4582385020783384e-05
1850,3.217267659908319,4.11283738525557e-05
1851,3.390339862435501,3.8122386285861356e-05
1852,3.532961310982632,3.573279942709518e-05
1853,3.637992485098397,3.402767704909233e-05
1854,3.7019703467000067,3.3012781378853786e-05
1855,3.724103927551281,3.266595283490013e-05
1856,3.701966437854604,3.3012842825353395e-05
1857,3.7452025190329805,3.233741434522006e-05
1858,3.774143315955239,3.1890072678934785e-05
1859,3.771469713446524,3.193123757515421e-05
1860,3.7317541746234273,3.254659198055294e-05
1861,3.652291312143549,3.3799268249456494e-05
1862,3.5341720583389615,3.5712873582299035e-05
1863,3.3822048039419066,3.826115401643085e-05
1864,3.20383034811942,4.1366270303471016e-05
1865,3.0075280381126426,4.490764798489007e-05
1866,3.012137547236447,4.482317764498683e-05
1867,3.077909747131265,4.362441801165403e-05
1868,3.106910309917753,4.30999000219378e-05
1869,3.1070179559550626,4.309795787165564e-05
1870,3.0980106694859955,4.326059078102159e-05
1871,3.169278889044684,4.198078055238581e-05
1872,3.3332680218850963,3.910131559300925e-05
1873,3.5092445824898837,3.6124363169220284e-05
1874,3.667720634256526,3.3553819279029494e-05
1875,3.792682928318238,3.160552935036267e-05
1876,3.8698119920506486,3.0438918928072547e-05
1877,3.886314718761815,3.019293036032685e-05
1878,3.8350586863108855,3.0961137763098655e-05
1879,3.844799061137976,3.0814203260436836e-05
1880,3.8839134383184764,3.0228643817374253e-05
1881,3.8857930932104794,3.020068601111915e-05
1882,3.8469559082366147,3.078172708103771e-05
1883,3.767191528308599,3.1997176346543446e-05
1884,3.6495926363650986,3.384230741998805e-05
1885,3.49963694765998,3.628365670715471e-05
1886,3.3237672182191935,3.9265485813287186e-05
1887,3.1281334862973558,4.271768900953635e-05
1888,3.1991792072456016,4.144875854212742e-05
1889,3.2599073525008424,4.037762953038906e-05
1890,3.3224969564634437,3.928746115323846e-05
1891,3.418658069093625,3.76413661084324e-05
1892,3.5518160787808424,3.5423203430786325e-05
1893,3.706343252902312,3.294408311927946e-05
1894,3.859577913815438,3.0592111851067194e-05
1895,3.9914606165352096,2.8655991859001154e-05
1896,4.080174014716077,2.740048821083024e-05
1897,4.100098873506561,2.7123737099373838e-05
1898,4.032740667547492,2.8067058616218715e-05
1899,3.9651983463756064,2.9034930266356548e-05
1900,4.009484705347391,2.839783762787755e-05
1901,4.012760566076261,2.835108610997891e-05
1902,3.973832599122857,2.8909981925343126e-05
1903,3.8944195123514307,3.0072591581843763e-05
1904,3.7783570433412113,3.182526166516475e-05
1905,3.6302981139098285,3.4150960598800065e-05
1906,3.454539912295414,3.703646671935454e-05
1907,3.500831010803626,3.6263838315816845e-05
1908,3.5948420642934917,3.47224149720839e-05
1909,3.698999001898403,3.305951039228995e-05
1910,3.8253826419117924,3.110754094934927e-05
1911,3.9616929110075243,2.9085760082820695e-05
1912,4.099522882218215,2.713171044414134e-05
1913,4.225157921041277,2.543077287650586e-05
1914,4.3176953000257265,2.4227138943946697e-05
1915,4.344763094732603,2.388296112193058e-05
1916,4.272119115972587,2.481472859875496e-05
1917,4.096702930373129,2.7170769765855335e-05
1918,4.142939790468285,2.65352146005709e-05
1919,4.146201526195955,2.6490772350037643e-05
1920,4.107137114118289,2.7026438023119673e-05
1921,4.02833382791977,2.812953874188649e-05
1922,3.9130893723452083,2.9796567272623424e-05
1923,3.7987033460125526,3.15134706911715e-05
1924,3.879372499510353,3.0296254116351635e-05
1925,3.9844669154343064,2.8756580977992254e-05
1926,4.10369694341772,2.707396609736561e-05
1927,4.2300715497965395,2.5365811221454366e-05
1928,4.358187836464096,2.3713584196829748e-05
1929,4.476836114933323,2.2254699324550502e-05
1930,4.569537651100726,2.1162209289867685e-05
1931,4.604168915238577,2.076465755539254e-05
1932,4.5337054578749845,2.1579591909610523e-05
1933,4.232329983903805,2.5335992623586168e-05
1934,4.278169214472238,2.4736144728271087e-05
1935,4.280249006705179,2.4709171840869483e-05
1936,4.24027679393071,2.5231266948782675e-05
1937,4.160677828509698,2.629415262726492e-05
1938,4.157512150747931,2.6337062288028416e-05
1939,4.238297382311927,2.5257323477242123e-05
1940,4.345729650659747,2.387073698502174e-05
1941,4.4678184897591535,2.2363182889336714e-05
1942,4.595418657636405,2.0864565795448682e-05
1943,4.714909453036329,1.953165480098799e-05
1944,4.813777264445642,1.8479498651431924e-05
1945,4.861598663196474,1.7986814059944187e-05
1946,4.800619890286147,1.8616900767015572e-05
1947,4.3660897043181714,2.3614298339495213e-05
1948,4.408977242537374,2.308071974657835e-05
1949,4.40792564057484,2.3093696185735526e-05
1950,4.394002274364387,2.326601254887889e-05
1951,4.443724968304833,2.265496175235724e-05
1952,4.527763748666226,2.164939838325934e-05
1953,4.637720216003034,2.0384957398212328e-05
1954,4.762399462547753,1.9020583993515707e-05
1955,4.897184236288598,1.762698039225409e-05
1956,5.0152483269899095,1.6474066667705155e-05
1957,5.09502732211635,1.5730001508911323e-05
1958,5.058403769133269,1.6068114969120103e-05
1959,4.4914815225572005,2.207934977524576e-05
1960,4.530986765179342,2.161151154373154e-05
1961,4.566620404655829,2.1195959916932196e-05
1962,4.626212740659695,2.051458418586788e-05
1963,4.71557825075509,1.952438413637436e-05
1964,4.829904678336207,1.8312169905730954e-05
1965,4.959482916156072,1.701084224532824e-05
1966,5.093597642811852,1.574309109188266e-05
1967,5.241716737586371,1.4433465875814514e-05
1968,5.296033082452092,1.397631778452302e-05
1969,4.601514374717396,2.0794927834501322e-05
1970,4.648269852335462,2.0266672629061856e-05
1971,4.708273950824997,1.9603904761405754e-05
1972,4.794581451477627,1.868022798382823e-05
1973,4.906020431193841,1.753852312057489e-05
1974,5.033464571522633,1.6301712051206302e-05
1975,5.162792850138175,1.5119671660309455e-05
1976,5.291008218715554,1.4018098389448541e-05
1977,4.689737768251021,1.9806830851234116e-05
1978,4.7340736466918,1.9324147097390383e-05
1979,4.8011669917692235,1.861117145812535e-05
1980,4.8937464767854175,1.7661490795185457e-05
1981,5.002720529996551,1.6593450507726547e-05
1982,5.1074701622010865,1.5616453508333644e-05
1983,4.751175601313004,1.914042031114551e-05
1984,4.786198957977106,1.8768418038020128e-05
1985,4.846778248797173,1.8138380205873005e-05
1986,4.926023076962761,1.7339586553043343e-05
1987,4.782646406379672,1.8805891805024966e-05
1988,4.803670806193099,1.8584968891888548e-05
1989,3.768693124957232,3.1974022960187634e-05
1990,3.805644677179431,3.1407538826757605e-05
1991,3.78779277969173,3.168042847451433e-05
1992,3.720127436523482,3.272810000553165e-05
1993,3.608366713948962,3.450378617744267e-05
1994,3.460268867950895,3.694036969152084e-05
1995,3.286160625631513,3.991861295997171e-05
1996,3.1035293146165754,4.316091814992612e-05
1997,3.0072921752616284,4.4911971789216986e-05
1998,3.055572151924639,4.40301438123947e-05
1999,3.0905749250799515,4.339503546075796e-05
2000,3.86812367482278,3.046415724552399e-05
2001,3.913747750189846,2.978686365808943e-05
2002,3.8968507584874548,3.0036553361601653e-05
2003,3.826960621792263,3.1083635529813814e-05
2004,3.7142077113870138,3.2820750203663725e-05
2005,3.5691412307026886,3.514006072848192e-05
2006,3.4046905835413974,3.7878225076175754e-05
2007,3.2468976359313513,4.0606009445556056e-05
2008,3.170704858447458,4.195534040017645e-05
2009,3.180488286278205,4.178097968099596e-05
2010,3.1978669747398087,4.147204434079963e-05
2011,3.22982870277774,4.0906553711360675e-05
2012,3.3080305217561716,3.953815351221086e-05
2013,3.4483959330694804,3.713967369028563e-05
2014,3.6113434970749703,3.445577298784665e-05
2015,3.766341913067441,3.201028130895738e-05
2016,3.894010508020926,3.00786569771145e-05
2017,3.97607834062341,2.887754176289328e-05
2018,3.9935884783356124,2.8625433796109187e-05
2019,3.9340963956219492,2.9487967215412455e-05
2020,3.988399548134438,2.8699989758769708e-05
2021,4.0378462276148275,2.7994789179071498e-05
2022,4.02071589407572,2.823776653939558e-05
2023,3.9516962967220555,2.9231036469361743e-05
2024,3.843917062640547,3.082749000783707e-05
2025,3.7103279276772847,3.288155921728555e-05
2026,3.5704530430394317,3.5118674380737124e-05
2027,3.4686105986873907,3.680068579277676e-05
2028,3.454535282478119,3.703654443357904e-05
2029,3.5015301179897502,3.625223768340454e-05
2030,3.587134717202413,3.4847361617598286e-05
2031,3.7054077385552686,3.2958772766299374e-05
2032,3.8431263347283333,3.083940491919402e-05
2033,3.984414349739702,2.8757337909323944e-05
2034,4.110897635071411,2.6974549839176718e-05
2035,4.200202465753204,2.5762519227949124e-05
2036,4.22282963223794,2.5461595623554417e-05
2037,4.152500068744872,2.64050990760248e-05
2038,4.119838773563031,2.6851454537622043e-05
2039,4.1709254985770485,2.6155583665130363e-05
2040,4.155730852019209,2.6361228621323947e-05
2041,4.092865739709271,2.722398088004773e-05
2042,3.998384475672436,2.855663858290296e-05
2043,3.8930357906283004,3.00931148944923e-05
2044,3.8182420169251734,3.121586214111104e-05
2045,3.82187303827575,3.1160750912193774e-05
2046,3.89084155485043,3.0125678286237737e-05
2047,3.992416736672735,2.8642258400100973e-05
2048,4.113814819445881,2.693434542274239e-05
2049,4.239751639914286,2.5238178095230876e-05
2050,4.357212525423533,2.3725859915020474e-05
2051,4.446683636415219,2.2618980132842298e-05
2052,4.475501514791828,2.2270730009498704e-05
2053,4.403121978335958,2.3153040173016786e-05
2054,4.255436195626401,2.5032345701771046e-05
2055,4.308052428291422,2.43506145613006e-05
2056,4.299304608942979,2.4463021348372024e-05
2057,4.251278404836728,2.508679254650356e-05
2058,4.189111546642419,2.591093137443493e-05
2059,4.154220172397975,2.6381735651789343e-05
2060,4.184327541630558,2.5975133183601342e-05
2061,4.267753158475097,2.4871548317267292e-05
2062,4.377125964846851,2.3476137823095242e-05
2063,4.494636075388446,2.2041715840068534e-05
2064,4.607208459524845,2.0730038260645364e-05
2065,4.698009329164657,1.97160776237743e-05
2066,4.735315300346529,1.9310761949506226e-05
2067,4.667857355167723,2.0048451979057353e-05
2068,4.3891821682367835,2.3325885953321188e-05
2069,4.444036598458055,2.2651169887649833e-05
2070,4.4492653444513435,2.258761752662117e-05
2071,4.43487422822934,2.276285258885004e-05
2072,4.4407770383784575,2.2690854959288998e-05
2073,4.495284743190005,2.2033983160534495e-05
2074,4.590041506024882,2.0926142042669797e-05
2075,4.704727319791444,1.9642606701803992e-05
2076,4.82475082429294,1.8365513062589265e-05
2077,4.926758918701301,1.7332302698034924e-05
2078,4.983610079782263,1.6776904964037e-05
2079,4.930551530065599,1.7294799611673743e-05
2080,4.514579741518555,2.1804897898810957e-05
2081,4.572605996065496,2.1126754520751272e-05
2082,4.603867725649621,2.076809039298628e-05
2083,4.645722018837426,2.0295191128293708e-05
2084,4.721979507129631,1.945490067146857e-05
2085,4.828666884188848,1.8324970105695105e-05
2086,4.951189348888454,1.7091858108969992e-05
2087,5.085464341388829,1.5817725141491393e-05
2088,5.1888671551268875,1.4890062245497901e-05
2089,5.178117652016924,1.4984372588574111e-05
2090,4.624648349428265,2.053225497865644e-05
2091,4.686419443391785,1.9843329161460105e-05
2092,4.7504290659538375,1.9148411848304528e-05
2093,4.840514604152627,1.8202740158688716e-05
2094,4.956147232267194,1.7043389872878426e-05
2095,5.085630884304379,1.581619400415899e-05
2096,5.234485725324472,1.4495247619127255e-05
2097,5.364979826630557,1.3413427943937269e-05
2098,4.7129316250092295,1.9553168541927282e-05
2099,4.77648122294067,1.8871063711780798e-05
2100,4.8614667253401995,1.7988158934072972e-05
2101,4.970560130434707,1.690311461985428e-05
2102,5.090517498099601,1.577132181058719e-05
2103,5.196503864479574,1.4823358770152516e-05
2104,4.774430384174977,1.8892782174707763e-05
2105,4.83392101221246,1.827068497238585e-05
2106,4.919128405250549,1.7407953356396497e-05
2107,5.015057342649748,1.6475881442671975e-05
2108,4.8059385699631285,1.8561261621690892e-05
2109,4.853524220454505,1.8069265466315962e-05
2110,4.054097519755347,2.776558925443107e-05
2111,4.116996078476577,2.6890548660188783e-05
2112,4.098044439430703,2.7152183632596762e-05
2113,4.016697731509171,2.829496511534668e-05
2114,3.89609862564894,3.004769919528288e-05
2115,3.75677554870583,3.215806739780254e-05
2116,3.6208375764445284,3.430289999328228e-05
2117,3.516161602739205,3.600991872985197e-05
2118,3.4627474244853014,3.689883607295821e-05
2119,4.185398522298963,2.5960750830483262e-05
2120,4.249624968006188,2.5108467966515603e-05
2121,4.232705021386355,2.5331043330638626e-05
2122,4.159890122949853,2.6304825142554115e-05
2123,4.056878916315469,2.7726489752032957e-05
2124,3.9477662295996065,2.9288281113913382e-05
2125,3.8605173608811256,3.0578028829584645e-05
2126,3.8227701946899595,3.1147143439595886e-05
2127,3.843258471528286,3.083741364083072e-05
2128,3.9162641601359174,2.974979408074309e-05
2129,4.021132286378684,2.8231843638957485e-05
2130,4.139201220164913,2.6586217539255394e-05
2131,4.250763904652195,2.5093535860892536e-05
2132,4.332921029543951,2.4033098430744487e-05
2133,4.354759105820837,2.3756760271691384e-05
2134,4.283673231671999,2.4664808930259992e-05
2135,4.32091851707407,2.4185967182560765e-05
2136,4.386579448565073,2.3358262838069098e-05
2137,4.377496049427571,2.3471515083824567e-05
2138,4.3225226238299985,2.4165495997667715e-05
2139,4.251222145155895,2.5087529853066457e-05
2140,4.194964705223939,2.5832533137607557e-05
2141,4.183353801449282,2.598821453121775e-05
2142,4.22511288815013,2.5431368787809855e-05
2143,4.304664519299517,2.439410387771442e-05
2144,4.404114659547011,2.3140767496458608e-05
2145,4.504387583103806,2.192568353586031e-05
2146,4.583933970097818,2.099624978496029e-05
2147,4.609814618534876,2.070039013170151e-05
2148,4.5381092942489305,2.1527962717757553e-05
2149,4.454597612777365,2.2522943270755276e-05
2150,4.522558458928452,2.171069252872905e-05
2151,4.528434408497823,2.164151060260589e-05
2152,4.50424298128871,2.1927400790380412e-05
2153,4.485277374805031,2.2153505618406633e-05
2154,4.5019382999380815,2.1954784208944737e-05
2155,4.562125288147372,2.1248045265141557e-05
2156,4.650986862763356,2.0236294398297516e-05
2157,4.74574794347184,1.9198581782762792e-05
2158,4.82797626155274,1.8332114993531004e-05
2159,4.863994376399902,1.796240782270176e-05
2160,4.7995447636314745,1.8628163649255194e-05
2161,4.579968067648383,2.104186942344989e-05
2162,4.65103918017625,2.0235709793394276e-05
2163,4.680759826770362,1.990569916699331e-05
2164,4.703753874046814,1.9653239585851334e-05
2165,4.750583936445862,1.914675377159545e-05
2166,4.830044023263532,1.83107293620383e-05
2167,4.934955309143765,1.7251334350276044e-05
2168,5.032100475195535,1.631456789807391e-05
2169,5.095814562943761,1.5722797623448917e-05
2170,5.052227194974991,1.6125714717179075e-05
2171,4.690099677042316,1.980285334892648e-05
2172,4.764788152243543,1.8995155885717675e-05
2173,4.826120904845899,1.835132059412891e-05
2174,4.9022682865653735,1.7576041794223273e-05
2175,5.002648846610183,1.65941356160589e-05
2176,5.118853404378946,1.5513160941909277e-05
2177,5.249175266614068,1.4369968399119162e-05
2178,5.284254986409717,1.4074413293791225e-05
2179,4.778531498297865,1.8849370746202437e-05
2180,4.85584390375007,1.8045547696850337e-05
2181,4.945095998441468,1.71515777318912e-05
2182,5.055121510375688,1.6098702932825666e-05
2183,5.175456038650072,1.5007799771593502e-05
2184,5.297926405570608,1.3960602087285068e-05
2185,4.840198161153927,1.8205996438976862e-05
2186,4.915404649089281,1.7444967010354425e-05
2187,5.012123030020304,1.6503784199354407e-05
2188,5.113552242886551,1.5561194607865757e-05
2189,4.871814319247021,1.7882924913087162e-05
2190,4.93610675377675,1.7239984005175145e-05
2191,4.419040940631357,2.295680840056379e-05
2192,4.490854008039127,2.2086841773922354e-05
2193,4.475422919306282,2.2271674335529047e-05
2194,4.408733923277277,2.3083721752598875e-05
2195,4.323131663642277,2.415772687797493e-05
2196,4.245046268096267,2.5168561174157548e-05
2197,4.19826951146231,2.5788341740359594e-05
2198,4.552492213991363,2.1359990785579323e-05
2199,4.625844452938281,2.051874318230086e-05
2200,4.623295841172574,2.054754179953089e-05
2201,4.582302071705727,2.1015012350298103e-05
2202,4.5382365131611415,2.152647262823858e-05
2203,4.519799584384327,2.174323212439205e-05
2204,4.541333307071989,2.1490224486290118e-05
2205,4.594059856394264,2.0880113020779642e-05
2206,4.663880997830075,2.0092604928564882e-05
2207,4.725137365609044,1.9420693965004748e-05
2208,4.74257651066733,1.9232629764227093e-05
2209,4.670964478234377,2.001400291790776e-05
2210,4.677657710718217,1.9939949165762206e-05
2211,4.753467023465324,1.911590725596366e-05
2212,4.771776505738358,1.8920915864428535e-05
2213,4.770364688393124,1.89358958427044e-05
2214,4.783434377728271,1.8797574907884726e-05
2215,4.827452197747676,1.833753819930621e-05
2216,4.891992829636509,1.767911568674306e-05
2217,4.9556807188895515,1.7047945807797263e-05
2218,4.984961992798467,1.67638736362217e-05
2219,4.92293138555939,1.7370216884140623e-05
2220,4.787738797967015,1.875219336084221e-05
2221,4.867004190542801,1.7931782627605848e-05
2222,4.915379222495573,1.7445219962859308e-05
2223,4.965655646722475,1.6950743785990848e-05
2224,5.036457200114777,1.6273536886858537e-05
2225,5.126090714401943,1.5447779327385834e-05
2226,5.192340404590829,1.4859694321290921e-05
2227,5.159822326576077,1.5146013289613105e-05
2228,4.87630095757166,1.783744812995917e-05
2229,4.959211704992198,1.7013486701788133e-05
2230,5.040710614377358,1.6233559382181636e-05
2231,5.137670342638733,1.5343637640548257e-05
2232,5.2593330061808246,1.4283863215662279e-05
2233,5.370889017301343,1.3366078128192435e-05
2234,4.938180093868298,1.7219561139005347e-05
2235,5.021095743261083,1.6418581253038415e-05
2236,5.118622510345256,1.5515250542908844e-05
2237,5.217212765083114,1.464371187609948e-05
2238,4.969949328777208,1.690904046961392e-05
2239,5.043062128661541,1.621149181253141e-05
2240,4.795525924656418,1.867031182940192e-05
2241,4.868030345221484,1.7921350847452863e-05
2242,4.86618870130454,1.794007623449238e-05
2243,4.835258664945763,1.8256884746822327e-05
2244,4.811830949097275,1.8499773582990844e-05
2245,4.905236548535729,1.754635609556524e-05
2246,4.980319221883105,1.680866015154518e-05
2247,5.004361100741491,1.657777710865122e-05
2248,5.018096883752918,1.644701819302044e-05
2249,5.047531993646727,1.6169611711924265e-05
2250,5.079836972741974,1.5869532071773617e-05
2251,5.093298778476615,1.5745828496475197e-05
2252,5.031800660705288,1.6317394580556962e-05
2253,4.993742467558134,1.6679435033533415e-05
2254,5.073467738341984,1.5928335056195327e-05
2255,5.133854551948524,1.537789146813067e-05
2256,5.200240284599665,1.4790812367626524e-05
2257,5.268191996848567,1.4209116386647611e-05
2258,5.247268337339468,1.4386180840030256e-05
2259,5.0557641764443435,1.6092710098845015e-05
2260,5.138821623342126,1.5333315012116358e-05
2261,5.228923451049342,1.4542920152004288e-05
2262,5.330112655078309,1.3695677480559039e-05
2263,5.087675468280809,1.5797406634174058e-05
2264,5.1631201809265335,1.5116771296959822e-05
2265,5.119930226033763,1.5503418692374855e-05
2266,5.185305727458276,1.4921254105176557e-05
2267,5.201746808685335,1.4777706310024244e-05
2268,5.181920497044064,1.4950952543955123e-05
2269,5.256207296999916,1.4310313643176714e-05
2270,5.320670406107518,1.3772958995434018e-05
2271,5.309042857908913,1.3868624976539457e-05
2272,5.2139052929994465,1.4672282770590725e-05
2273,5.287328879515804,1.404875699501909e-05
2274,5.341019010159337,1.3606862929710806e-05
2275,3.6546324097367067,3.3761958016416784e-05
2276,5.528249066649277,1.2155811371667984e-05
2277,5.526887847843551,1.2165869346839824e-05
2278,5.532623729922154,1.2123534933300607e-05
2279,5.553579686743855,1.196992751880239e-05
2280,5.594934728382225,1.1671642932557671e-05
2281,5.656113434915161,1.124200747737629e-05
2282,5.730612243579156,1.0737180239648883e-05
2283,5.808385337338085,1.023110572171493e-05
2284,5.879273795695513,9.787941727361619e-06
2285,5.935742459701741,9.446956155202719e-06
2286,5.973924036126978,9.222310488882201e-06
2287,5.992887848934449,9.112480727760278e-06
2288,5.480998497791988,1.2509091358760717e-05
2289,5.462373802787961,1.2650707452879369e-05
2290,5.471134820855835,1.2583923953047165e-05
2291,5.496720346690368,1.2390591762960245e-05
2292,5.542069523273527,1.2054091340826236e-05
2293,5.60718306043636,1.1584523071538387e-05
2294,5.686514322468443,1.103359483552575e-05
2295,5.770546698434926,1.047469067285286e-05
2296,5.848967236093903,9.975323834571838e-06
2297,5.91355998326885,9.579650176695688e-06
2298,5.959646757069571,9.305760113724936e-06
2299,5.98576534532965,9.153596071172595e-06
2300,5.992133645490124,9.116826774435303e-06
2301,5.979111206074482,9.192154314043983e-06
2302,5.946086195692741,9.385630693992683e-06
2303,5.893185005651412,9.702959656450937e-06
2304,5.822858427905077,1.0139239676906398e-05
2305,5.741198929590787,1.0667047726726334e-05
2306,5.657760857280402,1.1230627806262591e-05
2307,5.583636150267891,1.1752501866210506e-05
2308,5.528327802191174,1.2155229814558213e-05
2309,5.496821690191931,1.238983100008881e-05
2310,5.4889487105515755,1.2449049446728257e-05
2311,5.502987954292996,1.2343616507288361e-05
2312,5.350508741415848,1.352997588891368e-05
2313,5.316253573140919,1.3809233710897202e-05
2314,5.3477672959295415,1.3552150094283265e-05
2315,5.414613545000068,1.3020047702991528e-05
2316,5.5027443453709015,1.2345439520104361e-05
2317,5.6026849072515885,1.1616452859673066e-05
2318,5.704479829529172,1.0911997633818945e-05
2319,5.798249895378856,1.0295867150801603e-05
2320,5.87613134341459,9.80722798658631e-06
2321,5.933513879878702,9.460214538524996e-06
2322,5.968860206485722,9.251833023158137e-06
2323,5.982305604937279,9.173626272905897e-06
2324,5.974684982966241,9.217881234132214e-06
2325,5.945081059015843,9.391574621257595e-06
2326,5.892560121964547,9.706763189426247e-06
2327,5.818062766385183,1.01696000679619e-05
2328,5.726170582441435,1.0766722436116021e-05
2329,5.626279140550836,1.1449803467671352e-05
2330,5.532421927820511,1.212502223667277e-05
2331,5.461382176774181,1.2658285216052382e-05
2332,5.428384038113033,1.2912638949553803e-05
2333,5.440534744525076,1.2818484004226216e-05
2334,5.180394392125744,1.4964356849406367e-05
2335,5.157596067232109,1.5165779677275605e-05
2336,5.231528607383231,1.452057607244683e-05
2337,5.349529532670729,1.353789274707373e-05
2338,5.480667441186411,1.251159687287971e-05
2339,5.609012953943855,1.1571555153644548e-05
2340,5.72432572518619,1.0779013419307277e-05
2341,5.819695226594225,1.0159256456905468e-05
2342,5.891335682508464,9.714219851208159e-06
2343,5.938085559464083,9.43303394818089e-06
2344,5.960090444445275,9.30315689332829e-06
2345,5.957273604079326,9.3196947802784e-06
2346,5.930163682650562,9.480176245831615e-06
2347,5.876229914437045,9.806622522495249e-06
2348,5.795318810411656,1.0314661575562857e-05
2349,5.6912387446442585,1.1001506018399008e-05
2350,5.5748060398561226,1.181602667434158e-05
2351,5.46645223573991,1.2619581274310024e-05
2352,5.394954379471581,1.3174686849283657e-05
2353,5.383477339328009,1.3265675172879493e-05
2354,5.028988986508792,1.6343922605432965e-05
2355,5.047029181801214,1.6174318397139554e-05
2356,5.174191821599061,1.5018937778402701e-05
2357,5.334505239197778,1.365984906071841e-05
2358,5.491302309765514,1.2431321286377628e-05
2359,5.6300083605013,1.142365120669257e-05
2360,5.74413307829064,1.0647680144163558e-05
2361,5.831001455286671,1.0087867590321039e-05
2362,5.890095615628518,9.721776760533582e-06
2363,5.921584096443165,9.531464140113354e-06
2364,5.922796779123603,9.524200199471207e-06
2365,5.8974657643247665,9.676938451459873e-06
2366,5.841285226469764,1.0023312588665187e-05
2367,5.7538170899861845,1.0583973274947835e-05
2368,5.639744019567427,1.1355617476745378e-05
2369,5.514702496583495,1.2256220851597084e-05
2370,5.411134281070828,1.304730412632506e-05
2371,5.368395578188207,1.3386040755752919e-05
2372,4.9545577820899735,1.7058916324981043e-05
2373,5.027148038098949,1.6361310743729147e-05
2374,5.193035028382206,1.485362708023246e-05
2375,5.369711504680229,1.3375502261668266e-05
2376,5.5272047508000375,1.2163527137533607e-05
2377,5.656723240262717,1.1237794059221137e-05
2378,5.756216094513836,1.0568242151350893e-05
2379,5.825805509535606,1.0120621253155935e-05
2380,5.8656581110041435,9.871744296865572e-06
2381,5.874593570847393,9.816677831263617e-06
2382,5.844176065926503,1.000523035411812e-05
2383,5.785038733214794,1.0380813120768753e-05
2384,5.692376038811252,1.099379335854016e-05
2385,5.575150171040272,1.1813545494822807e-05
2386,5.461491992093365,1.2657445845876874e-05
2387,5.399807807869619,1.3136367252981878e-05
2388,4.991580705754853,1.670019208909947e-05
2389,5.104426263435575,1.5644168926711898e-05
2390,5.275623558662707,1.414666357505557e-05
2391,5.438870558369679,1.2831345421289143e-05
2392,5.574735712469868,1.1816533788069296e-05
2393,5.679581210062826,1.10808307108569e-05
2394,5.75369925166632,1.0584746502510576e-05
2395,5.797216024868531,1.0302493054066925e-05
2396,5.808334493699965,1.0231429710678923e-05
2397,5.770909254986839,1.0472333169091454e-05
2398,5.706617566893793,1.0897605555219732e-05
2399,5.610916768556219,1.155807652559484e-05
2400,5.506356113748013,1.2318434698936824e-05
2401,5.4468909186704355,1.2769461073467515e-05
2402,5.127939316572999,1.543111524610933e-05
2403,5.251311117992614,1.4351827638833607e-05
2404,5.397665940434224,1.3153266544199792e-05
2405,5.525566974815897,1.2175635952188108e-05
2406,5.624294459311886,1.1463742474365115e-05
2407,5.692744940870747,1.0991292614079751e-05
2408,5.7308659954457735,1.0735494604280946e-05
2409,5.736482716626935,1.0698241855311196e-05
2410,5.685293062928122,1.1041902822346472e-05
2411,5.608580015893008,1.1574622139569437e-05
2412,5.511890335372874,1.227715288751474e-05
2413,5.464573112425417,1.2633914515952804e-05
2414,5.31617277335941,1.3809898046118465e-05
2415,5.427607813990783,1.2918673565998823e-05
2416,5.535281350091485,1.2103962416202568e-05
2417,5.617983206649214,1.1508164639353986e-05
2418,5.670911776115404,1.1140140207775952e-05
2419,5.693469245467461,1.0986384057418124e-05
2420,5.6837355758381225,1.1052505885095386e-05
2421,5.636344799433716,1.1379332094088076e-05
2422,5.505150752194957,1.2327441500835954e-05
2423,5.41675972712597,1.3003258448524452e-05
2424,5.509452267855989,1.2295324882784578e-05
2425,5.598397912887563,1.1646953566167456e-05
2426,5.666340241361022,1.117152450231487e-05
2427,5.703948995272829,1.0915573946259745e-05
2428,5.709806159784267,1.087616901899473e-05
2429,5.683806137182144,1.1052025328651618e-05
2430,5.625286761734175,1.1456771428535888e-05
2431,5.504845082394353,1.2329726437458974e-05
2432,5.676920034372067,1.1099007530557927e-05
2433,5.738543427773749,1.0684602182403576e-05
2434,5.769397590196506,1.0482165711974022e-05
2435,5.766766534578728,1.0499298274887285e-05
2436,5.7331807719944425,1.0720128406581543e-05
2437,5.676604859838262,1.110116198222953e-05
2438,5.799362159247949,1.0288742952575441e-05
2439,5.830317310256747,1.0092174974915168e-05
2440,5.826227090289714,1.0117960305930446e-05
2441,5.790113781687989,1.0348109874757687e-05
2442,5.86404473188123,9.881715598001524e-06
2443,5.86226969430797,9.892696114979461e-06
2444,5.4171480651871144,1.3000222482839454e-05
2445,5.411279887153614,1.304616249404048e-05
2446,5.441892824795325,1.2807996322780332e-05
2447,5.5030789002021265,1.234293598486293e-05
2448,5.586577148996495,1.1731408642206848e-05
2449,5.681130405180288,1.1070260893192266e-05
2450,5.774597295187328,1.0448377907232582e-05
2451,5.856606388474965,9.927800611372201e-06
2452,5.920323135702289,9.53902238588414e-06
2453,5.962736950824929,9.287642417436182e-06
2454,5.983514221208921,9.166624622829e-06
2455,5.270296332365282,1.4191408980764345e-05
2456,5.293949376599101,1.3993630756702167e-05
2457,5.368353059945159,1.3386381375548556e-05
2458,5.4723651203969235,1.257456948472868e-05
2459,5.58811680436667,1.1720378897758806e-05
2460,5.701031481447628,1.0935247668349192e-05
2461,5.800137299525038,1.0283780596920234e-05
2462,5.878512312504091,9.792612170075796e-06
2463,5.933080833602494,9.462792722618048e-06
2464,5.963422892714161,9.28362494730305e-06
2465,5.9699731228900825,9.245337556605606e-06
2466,5.953857827056885,9.339783518251249e-06
2467,5.913132999204425,9.582220218961755e-06
2468,5.84719466383071,9.986379192983849e-06
2469,5.757723820219328,1.0558365779459633e-05
2470,5.6509218388686895,1.1277933337556232e-05
2471,5.539135966630062,1.2075622041003232e-05
2472,5.441275082390758,1.281276590021782e-05
2473,5.379846343442223,1.3294570555336031e-05
2474,5.370933556812167,1.3365721768626283e-05
2475,5.137060683713725,1.534910627353654e-05
2476,5.2069405533235384,1.4732596425359759e-05
2477,5.328874292747802,1.370579241153825e-05
2478,5.468460971656958,1.2604274566856181e-05
2479,5.60401772326617,1.1606984154482552e-05
2480,5.722795539535129,1.0789217124347737e-05
2481,5.817868181960209,1.0170833603835356e-05
2482,5.88636184543823,9.744561068108201e-06
2483,5.927816710648456,9.494182239934063e-06
2484,5.942364570616163,9.40765515744867e-06
2485,5.929360040906266,9.484970098222303e-06
2486,5.889251271599075,9.726925079413894e-06
2487,5.819686877325909,1.0159309336437672e-05
2488,5.721918626038132,1.0795068372925281e-05
2489,5.603237171721018,1.1612528616428359e-05
2490,5.4814326931668855,1.2505805908529274e-05
2491,5.387238888422064,1.3235796335955087e-05
2492,5.352215503110072,1.3516186039663388e-05
2493,5.071706348305094,1.594462801801934e-05
2494,5.187598609061424,1.4901166332817503e-05
2495,5.3408706236396934,1.3608068065591208e-05
2496,5.49453066433542,1.2407038864896947e-05
2497,5.6304202152968355,1.1420766084846497e-05
2498,5.740586899257127,1.0671091408922291e-05
2499,5.8221567392257745,1.0143677021565702e-05
2500,5.874512740826446,9.817174762784945e-06
2501,5.897254358813858,9.678222083176101e-06
2502,5.885752568485085,9.748283417734826e-06
2503,5.845428402061013,9.99740576453005e-06
2504,5.772024437757589,1.046508462593984e-05
2505,5.667899369338483,1.1160812344661143e-05
2506,5.544924008558165,1.2033172265113432e-05
2507,5.432922401794177,1.2877403669036398e-05
2508,5.375290991562453,1.3330896444479327e-05
2509,5.097382035414888,1.5708461989637233e-05
2510,5.238196254118419,1.4463517641508373e-05
2511,5.3951904158014825,1.3172821090314413e-05
2512,5.538773228641514,1.2078286604932675e-05
2513,5.65726352673113,1.1234062107816743e-05
2514,5.746891042468492,1.0629503141033114e-05
2515,5.806560934676126,1.0242736850185647e-05
2516,5.835118712495438,1.0061978925624004e-05
2517,5.822305160759504,1.0142738292011826e-05
2518,5.779936431049144,1.0413781962754822e-05
2519,5.702713090294645,1.0923904330752571e-05
2520,5.597189885489211,1.1655560645979714e-05
2521,5.488230550927215,1.2454463137097373e-05
2522,5.425233247704643,1.2937148931478044e-05
2523,5.202160466706377,1.4774109351197918e-05
2524,5.3393275289312,1.3620605741258253e-05
2525,5.474553605906699,1.2557944042046103e-05
2526,5.5891416507917215,1.1713042026158649e-05
2527,5.676849412549169,1.1099490251921599e-05
2528,5.735632655751937,1.070387270303461e-05
2529,5.763489572497652,1.0520670550838626e-05
2530,5.756691633568301,1.0565126268456763e-05
2531,5.6946373440736915,1.0978471907484761e-05
2532,5.611760200627838,1.1552109477862796e-05
2533,5.515691323061826,1.224886780740837e-05
2534,5.464224989635293,1.2636571371686405e-05
2535,5.354155487274803,1.350052611492472e-05
2536,5.4670215950417775,1.2615241125346286e-05
2537,5.564995065487825,1.1886950340035215e-05
2538,5.638682838068867,1.136301625539716e-05
2539,5.685017691454035,1.1043776861323208e-05
2540,5.701557816393729,1.0931696174552231e-05
2541,5.683826079296512,1.1051889516579823e-05
2542,5.599923449622737,1.1636092004423352e-05
2543,5.501152388503328,1.235735831213146e-05
2544,5.452364438600001,1.272737234587655e-05
2545,5.519349610837254,1.2221696768902007e-05
2546,5.599468879232024,1.1639327564647519e-05
2547,5.655289432478994,1.1247703027569493e-05
2548,5.682999067240372,1.1057522930407131e-05
2549,5.680835047028448,1.10722753894929e-05
2550,5.645456816221536,1.1315857417109586e-05
2551,5.539826218435152,1.2070553036861916e-05
2552,5.40087335021362,1.3127966930129464e-05
2553,5.669646769655875,1.1148817102701556e-05
2554,5.715709358271444,1.0836578158903122e-05
2555,5.731191195149444,1.07333346847246e-05
2556,5.715756527021928,1.0836262312854136e-05
2557,5.67108453880613,1.1138955648341362e-05
2558,5.6050206699710525,1.1599863275687723e-05
2559,5.783331156647263,1.0391836679962213e-05
2560,5.79565477058103,1.0312505859611272e-05
2561,5.77541691767946,1.0443060568584028e-05
2562,5.728452611269013,1.0751535573290338e-05
2563,5.844538573140383,1.0002964864876786e-05
2564,5.824219312485423,1.0130638496081183e-05
2565,5.282883495743963,1.4085873001283554e-05
2566,5.330544138452975,1.3692154590548977e-05
2567,5.42894347251265,1.290829119598659e-05
2568,5.552300198776054,1.1979258578713813e-05
2569,5.675399159285178,1.1109407149596505e-05
2570,5.7818432536899325,1.0401450341095286e-05
2571,5.863387100473275,9.885782520810508e-06
2572,5.91731201171421,9.55709230941741e-06
2573,5.943705212279297,9.399716088455613e-06
2574,5.234921976981234,1.449151410493225e-05
2575,5.320083928099971,1.3777771069125108e-05
2576,5.444325767523042,1.2789226149530128e-05
2577,5.577963538645363,1.1793277788988932e-05
2578,5.698736503773879,1.0950744826376272e-05
2579,5.79506852334815,1.0316267816240255e-05
2580,5.862476716691746,9.891414913228257e-06
2581,5.899924851434984,9.662018019764038e-06
2582,5.906134717624259,9.624428964589926e-06
2583,5.883108888697221,9.7644491853359e-06
2584,5.82882878818669,1.0101552232691865e-05
2585,5.743490388348744,1.0651919786873055e-05
2586,5.631273260327017,1.1414792321122716e-05
2587,5.5054358257543745,1.2325310847729765e-05
2588,5.393704438618966,1.3184570751735338e-05
2589,5.331546454904283,1.3683973990624023e-05
2590,5.248853880262834,1.4372699720892529e-05
2591,5.354677203544456,1.3496317307663225e-05
2592,5.483395315530721,1.2490964315648294e-05
2593,5.60868150263402,1.1573903132904854e-05
2594,5.713887868144944,1.0848781071099439e-05
2595,5.791406078445609,1.0339796644225892e-05
2596,5.838192446446581,1.0042689335576708e-05
2597,5.852425505894598,9.953785512532638e-06
2598,5.828086465658867,1.0106231470249012e-05
2599,5.772876107689063,1.0459551799086723e-05
2600,5.684905197557158,1.1044542516393481e-05
2601,5.5731183512902795,1.1828201298303527e-05
2602,5.462968531387758,1.2646164517760098e-05
2603,5.396771397344181,1.3160329866030374e-05
2604,5.316757266704816,1.3805092945804403e-05
2605,5.421471867314827,1.2966459882935992e-05
2606,5.5340258276750145,1.211320559217288e-05
2607,5.6354888705159665,1.1385310140129163e-05
2608,5.714269943459077,1.0846220412572111e-05
2609,5.764314356384588,1.0515287796532769e-05
2610,5.781546205312597,1.0403370554261243e-05
2611,5.752919301726852,1.0589865580056932e-05
2612,5.694984831835591,1.0976119133316552e-05
2613,5.606868999987157,1.1586749971656349e-05
2614,5.510757355896386,1.228559465457744e-05
2615,5.454567688913848,1.2710463433938094e-05
2616,5.418538156291067,1.2989359849597213e-05
2617,5.504979008095867,1.2328725274695752e-05
2618,5.586807471663939,1.1729758100367716e-05
2619,5.652695248286882,1.1265650304530668e-05
2620,5.694425680731775,1.0979905252281203e-05
2621,5.70556330386061,1.0904701223959565e-05
2622,5.665049437476766,1.1180399774531016e-05
2623,5.597579253282837,1.1652785845714207e-05
2624,5.512803638056059,1.2270351495494584e-05
2625,5.473354355903458,1.2567052181199957e-05
2626,5.534735528214151,1.2107980030191255e-05
2627,5.5933268862597805,1.1683120541885242e-05
2628,5.636338122883854,1.1379378714586677e-05
2629,5.657659236849237,1.1231329470091713e-05
2630,5.650878911597439,1.127823080352642e-05
2631,5.608341491971346,1.1576312168367218e-05
2632,5.493043162448546,1.2418222286946022e-05
2633,5.424870678420334,1.2939971863320124e-05
2634,5.647814303590733,1.1299484464727736e-05
2635,5.674805420629127,1.1113469352582968e-05
2636,5.677296671361795,1.1096433407635158e-05
2637,5.6523297028051385,1.1268181217622717e-05
2638,5.596757499706016,1.1658642670650374e-05
2639,5.486819588244024,1.2465105166607707e-05
2640,5.73911076421629,1.0680849660546877e-05
2641,5.7341202747643605,1.0713897102736258e-05
2642,5.701730604549246,1.0930530486503065e-05
2643,5.647664624732952,1.1300523394338438e-05
2644,5.79053118303329,1.034542413751669e-05
2645,5.756266637349114,1.0567910941014888e-05
2646,5.346206902670282,1.3564784891103066e-05
2647,5.42416242619118,1.2945487744948627e-05
2648,5.538031308775698,1.2083738078299116e-05
2649,5.654486670861534,1.1253254135452315e-05
2650,5.750973952448989,1.0602642872047078e-05
2651,5.817788658601344,1.0171337766346035e-05
2652,5.851803127306539,9.95765874509337e-06
2653,5.3940537550711625,1.3181807907633087e-05
2654,5.471213187158264,1.258332792708634e-05
2655,5.570989776475731,1.1843571598027472e-05
2656,5.666094980410619,1.1173210395852128e-05
2657,5.738512499193658,1.0684806785311702e-05
2658,5.779811080615965,1.0414593059269871e-05
2659,5.783048764848635,1.039366068375631e-05
2660,5.751265509980788,1.0600727040350915e-05
2661,5.685467752985209,1.1040714111619355e-05
2662,5.593541366644191,1.1681588914178917e-05
2663,5.497301380007311,1.2386230612457522e-05
2664,5.4345622754404665,1.2864691802337002e-05
2665,5.461991913685112,1.2653625302894495e-05
2666,5.524383554363296,1.2184391869238228e-05
2667,5.597206706575147,1.1655440760138585e-05
2668,5.6604645002846254,1.1211973602154873e-05
2669,5.6993446316283345,1.0946636522191148e-05
2670,5.705116818541007,1.0907707469200347e-05
2671,5.664726039407052,1.1182624331746984e-05
2672,5.5995238959127525,1.1638935923813388e-05
2673,5.523692699360971,1.2189505848848663e-05
2674,5.482492832200567,1.2497787157490503e-05
2675,5.538051429143604,1.2083590210472409e-05
2676,5.576601536797316,1.1803086051545118e-05
2677,5.612749267430133,1.1545115453744992e-05
2678,5.633123751667247,1.1401842748701995e-05
2679,5.625571041110426,1.1454774998536118e-05
2680,5.567377401718287,1.186969520216969e-05
2681,5.495934605102521,1.239649148876976e-05
2682,5.4704964312805,1.2588780202463106e-05
2683,5.6129336675302985,1.1543811898321947e-05
2684,5.622762924026909,1.1474508807618441e-05
2685,5.616824222846575,1.1516338174864081e-05
2686,5.585903473178727,1.1736237483635246e-05
2687,5.501231041284655,1.2356769219600832e-05
2688,5.382089708759477,1.327671169054604e-05
2689,5.675681917140173,1.110747304259395e-05
2690,5.656283315309867,1.1240833561787454e-05
2691,5.614441781573851,1.1533155499314811e-05
2692,5.552972208241568,1.1974356972728925e-05
2693,5.71257373692068,1.0857592311708723e-05
2694,5.669297047358573,1.115121692924823e-05
2695,5.480425532039109,1.2513427966072613e-05
2696,5.528614605764823,1.2153111623076214e-05
2697,5.6003370726296895,1.1633148567542327e-05
2698,5.664023398981191,1.1187458889001147e-05
2699,5.700297438159945,1.094020234824758e-05
2700,5.5266080677775395,1.2167937501004596e-05
2701,5.551959180662591,1.1981746600858806e-05
2702,5.589039764571802,1.1713771254034646e-05
2703,5.614063971612192,1.1535824332351528e-05
2704,5.606461837079343,1.1589637574465012e-05
2705,5.5706400255305395,1.1846098751275108e-05
2706,5.522998247456933,1.2194648287233656e-05
2707,5.503749112808333,1.2337921952961883e-05
2708,5.568321667995651,1.1862861827202747e-05
2709,5.565266332355929,1.1884984492764455e-05
2710,5.557888394616766,1.1938550333933537e-05
2711,5.530231701155658,1.2141174399982133e-05
2712,5.46618064578727,1.2621652011431128e-05
2713,5.454679698979697,1.2709604315110516e-05
2714,5.601419135256783,1.1625451362255382e-05
2715,5.5697884558666795,1.1852253753574992e-05
2716,5.519287448099582,1.2222158040680504e-05
2717,5.4323677945639846,1.2881705227614837e-05
2718,5.6207202737830375,1.1488881596769193e-05
2719,5.570696188126858,1.184569291306129e-05
2720,5.515965319437205,1.2246830995357903e-05
2721,5.506880596130577,1.2314517357584613e-05
2722,5.515752873052969,1.2248410237089374e-05
2723,5.519850283640331,1.221798211898565e-05
2724,5.479392251993624,1.252125176449722e-05
2725,5.430571293355099,1.2895647269710167e-05
2726,5.429937982413999,1.2900565207245405e-05
2727,5.5197049592617935,1.2219060227988911e-05
2728,5.462314807233656,1.2651158175423808e-05
2729,5.409395379627397,1.3060944558666499e-05
