Mode_Index,Frequency_THz,Cv_Contribution_eV_K
0,0.0,0.0
1,0.2131995307331324,8.61399265083269e-05
2,0.4212807530879884,8.604298494136396e-05
3,0.6196183804337899,8.589165643967487e-05
4,0.8045821908552391,8.569902761153257e-05
5,0.9741042297457525,8.547917342002266e-05
6,1.128314728343149,8.524353068180588e-05
7,1.2700377677675134,8.499732291013017e-05
8,1.4047059506449366,8.473734040092886e-05
9,1.5393117247311452,8.445241838675498e-05
10,1.6805719366471952,8.412680755832529e-05
11,1.8331978394522916,8.374481976222146e-05
12,1.999110512568715,8.329462569832148e-05
13,0.1783901254224084,8.614994288195004e-05
14,0.32428605753068596,8.609606859995713e-05
15,0.5068893287869043,8.598470301814909e-05
16,0.6868302784367736,8.582738888901877e-05
17,0.8545902554973822,8.563846205710968e-05
18,1.0069968324458265,8.54317492030266e-05
19,1.1444493299892537,8.521692754248698e-05
20,1.270467979494185,8.4996532605165e-05
21,1.3910853119376543,8.476478048551606e-05
22,1.5135506692972007,8.45088717027812e-05
23,1.6446014218604124,8.421228627711703e-05
24,1.789009766615613,8.385860726960957e-05
25,1.9136046896883832,8.353114588100686e-05
26,1.756001559812765,8.394191164124551e-05
27,1.6128332612473681,8.428632486737707e-05
28,1.4815161003389996,8.457780520611798e-05
29,1.3563982321612609,8.483350022030815e-05
30,1.2302912591431958,8.506921996567227e-05
31,1.0961553970292834,8.529545775282968e-05
32,0.948673190362366,8.551478092101062e-05
33,0.7852670993742787,8.572145605886125e-05
34,0.606777017963101,8.590318897671405e-05
35,0.4198717873218691,8.604385458919816e-05
36,0.25454121974924077,8.612571949305866e-05
37,0.3371019462978034,8.608984454811679e-05
38,0.44656277601646793,8.602688700964132e-05
39,0.5932427052152612,8.591508437237618e-05
40,0.7451791976674509,8.576628745935709e-05
41,0.8897459550670888,8.559373196862756e-05
42,1.0225793604492777,8.540874411833453e-05
43,1.1440921057645541,8.521752052307055e-05
44,1.258178809554892,8.501900603948308e-05
45,1.3710065165763519,8.480476263597034e-05
46,1.489373819566791,8.456102687762334e-05
47,1.6189375917938786,8.427220423447605e-05
48,1.7629359008945429,8.392453164896928e-05
49,1.704659001185474,8.406859394920118e-05
50,1.5583798349559224,8.441004826805938e-05
51,1.426255603310008,8.469340262521425e-05
52,1.3032131381901897,8.493562030857185e-05
53,1.1820720535670357,8.515346722949496e-05
54,1.0559257944245077,8.535835263268654e-05
55,0.9201885109760215,8.555356589485703e-05
56,0.7744164770120674,8.57338196143086e-05
57,0.6250790342777558,8.588667973813425e-05
58,0.49243650421459156,8.599529322422406e-05
59,0.46145988018002726,8.601696415661579e-05
60,0.5415068874559859,8.595809860232317e-05
61,0.6559707295741225,8.58577104441007e-05
62,0.7813219811280167,8.572597091066867e-05
63,0.9053720103559262,8.557328081578793e-05
64,1.0235302279962166,8.540732912302899e-05
65,1.1361890197385445,8.523059329437116e-05
66,1.2470119345432913,8.50392437806262e-05
67,1.3612150014463267,8.482405734629788e-05
68,1.4837123685254927,8.457312412235175e-05
69,1.617607487779526,8.427528535519655e-05
70,1.6567382642853625,8.418363995798159e-05
71,1.4998277423446125,8.453857362394412e-05
72,1.360881535871532,8.48247121155064e-05
73,1.237557946144744,8.505624068836624e-05
74,1.123811066646642,8.525089076107409e-05
75,1.0132639388695386,8.542253840770747e-05
76,0.9022405047519905,8.55774073389155e-05
77,0.7924220814100036,8.571321050959284e-05
78,0.693552793679438,8.582060046411467e-05
79,0.5453415134970909,8.595504414584594e-05
80,0.6011888358097147,8.590813274866227e-05
81,0.6912773121679087,8.582290558547314e-05
82,0.7979160498849672,8.570682903902231e-05
83,0.9100488822868594,8.556709172074958e-05
84,1.0229316862031386,8.540821996902316e-05
85,1.1363037429187086,8.523040415774955e-05
86,1.2524715260280121,8.502937117584904e-05
87,1.3744005789758218,8.47980434116549e-05
88,1.504121431879628,8.452930809311273e-05
89,1.6059077102930972,8.43022839841159e-05
90,1.4360278632383983,8.4673266567001e-05
91,1.2882456693981204,8.496364849578686e-05
92,1.1647830562369916,8.518287735661959e-05
93,1.0621311369528348,8.534880101033282e-05
94,0.9749358280107328,8.547799345098381e-05
95,0.8996125318063044,8.558085948431009e-05
96,0.8368814782514113,8.566032102928149e-05
97,0.5932363309006355,8.5915089912047e-05
98,0.6332764121174872,8.587912753888781e-05
99,0.7100545910848917,8.5803659331274e-05
100,0.8089935711734877,8.569382973014235e-05
101,0.9193707800403879,8.555466217283021e-05
102,1.0356458361278142,8.538918712460983e-05
103,1.156107129881977,8.51974771213885e-05
104,1.2809427308794095,8.497721048663539e-05
105,1.410515853141094,8.472555771928719e-05
106,1.5443345471463839,8.444130560855065e-05
107,1.3714741338526788,8.480383784307944e-05
108,1.2169368623049994,8.509287950867241e-05
109,1.0958962321438965,8.529587027478453e-05
110,1.0082056139202993,8.542997700686174e-05
111,0.949500585663609,8.551363698323294e-05
112,0.9145818391562766,8.556106315897083e-05
113,0.6202448819306504,8.589108766213515e-05
114,0.6555579204855482,8.585810669522181e-05
115,0.7302193546253246,8.57824225907772e-05
116,0.8304278162921396,8.566817499821311e-05
117,0.9450921156526498,8.551972074476596e-05
118,1.0677114654463993,8.53401647541605e-05
119,1.1951173108677142,8.513099746362647e-05
120,1.3256175173574165,8.48930818799303e-05
121,1.4576332500546811,8.462828069046029e-05
122,1.3109599493409576,8.49209908302809e-05
123,1.1559916088580833,8.519767080284848e-05
124,1.042991981393856,8.537808526971727e-05
125,0.9745610642746848,8.547852533189517e-05
126,0.946212599556245,8.551817709280032e-05
127,0.6468548925902041,8.586640307998686e-05
128,0.6864127238252612,8.58278083776144e-05
129,0.7648417008342494,8.574458829825527e-05
130,0.8685809542755245,8.56208737415394e-05
131,0.9867579343737461,8.546111209628451e-05
132,1.1125803703437065,8.52691195063867e-05
133,1.2419684331262968,8.504832685806629e-05
134,1.3719499062282896,8.48028966108416e-05
135,1.2598246529439423,8.501600851159365e-05
136,1.1149599679950628,8.526527203568077e-05
137,1.0188160257959165,8.541433174537505e-05
138,0.9741813081663819,8.54790640936474e-05
139,0.6872848028317069,8.582693197222316e-05
140,0.7327396807379264,8.577972692624456e-05
141,0.8132418487102807,8.568879752704722e-05
142,0.9167066119183889,8.555822720353494e-05
143,1.0334612605775253,8.539247375712802e-05
144,1.1568987963308905,8.519614931431738e-05
145,1.2823000090087455,8.497469557748317e-05
146,1.2364056723145056,8.505830374436986e-05
147,1.1050344267367556,8.528126722552984e-05
148,1.0362983176001201,8.538820416807855e-05
149,0.7405722980480931,8.577129076725729e-05
150,0.7869481287381478,8.571952544202872e-05
151,0.8639285581466697,8.562675368437744e-05
152,0.9617903952466185,8.549653014527262e-05
153,1.0721471127554407,8.533326850558957e-05
154,1.188397941481655,8.514260113252792e-05
155,1.223656764860118,8.508100536904922e-05
156,1.137735488054368,8.522804216906322e-05
157,0.7946091182914875,8.571067539030659e-05
158,0.8355541236387009,8.56619412873881e-05
159,0.9041966932772526,8.557483123103847e-05
160,0.9927921991847292,8.545241860678494e-05
161,1.0935966294275021,8.529952646601652e-05
162,1.1996760858519997,8.512308875853326e-05
163,0.8366632796892213,8.566058755120238e-05
164,0.8680493045092534,8.562154724206658e-05
165,0.9259621509733248,8.554579830441392e-05
166,1.0037036976760534,8.543656670949078e-05
167,0.8591108936150489,8.563280972645689e-05
168,0.8793197056733069,8.560718284865212e-05
169,0.38684477349770574,8.606340790161353e-05
170,0.5269436984799354,8.596950363957215e-05
171,0.6896013585734846,8.582459857252134e-05
172,0.8476113467343548,8.56471303746152e-05
173,0.9927208045054273,8.545252176781244e-05
174,1.1241101555495034,8.525040286595467e-05
175,1.245264179469531,8.50423954304562e-05
176,1.3624369865740338,8.482165662430103e-05
177,1.4828895552950614,8.457487862654018e-05
178,1.6125164426430012,8.428705635829217e-05
179,1.7488041785818906,8.395988300133867e-05
180,0.5028798797943347,8.598767145823088e-05
181,0.615402644671591,8.589546891952454e-05
182,0.7499075600421928,8.576112033925482e-05
183,0.8833876345581663,8.560195338408118e-05
184,1.0080816839449873,8.543015879654911e-05
185,1.123867903741609,8.525079805409087e-05
186,1.234799022421741,8.50611772172152e-05
187,1.346855757115763,8.48521122920954e-05
188,1.465344087731972,8.461206986323738e-05
189,1.5893649610475464,8.434014134450631e-05
190,1.6630902176416316,8.416856831408967e-05
191,1.5617679247478429,8.440246790779767e-05
192,1.4315342717526056,8.46825421204056e-05
193,1.3099017725285689,8.492299408029928e-05
194,1.1952809835830207,8.513071402498116e-05
195,1.0813845146722167,8.531881721112014e-05
196,0.9625865743747882,8.549541445616132e-05
197,0.8370587350002656,8.566010446592638e-05
198,0.709738892931324,8.580398713382621e-05
199,0.5964797817943587,8.591226351930149e-05
200,0.5839882086252026,8.592306485279971e-05
201,0.6725761919151392,8.584156607263018e-05
202,0.7833292101660634,8.572367661389046e-05
203,0.8978194637286963,8.558320920224515e-05
204,1.009728567411591,8.542774123888778e-05
205,1.1191440931982395,8.525848747392982e-05
206,1.2293091356344479,8.507096848806134e-05
207,1.3439258669247218,8.485780149247504e-05
208,1.4628704320557275,8.461727924812344e-05
209,1.5602791793833999,8.440580068699464e-05
210,1.5004012750073978,8.453733743633307e-05
211,1.368106046813161,8.48104920343517e-05
212,1.243664650646385,8.504527603908112e-05
213,1.1333307959042929,8.523529945902997e-05
214,1.032900992206007,8.539331557137163e-05
215,0.9377041595872833,8.552985391800059e-05
216,0.8469985125090773,8.56478882149388e-05
217,0.7666930913999084,8.574251637401468e-05
218,0.6312057214782769,8.588104446765159e-05
219,0.7036835999326396,8.581024667171529e-05
220,0.8003901577204049,8.570394104979321e-05
221,0.9064340046587801,8.557187818682705e-05
222,1.0160396741291802,8.541844101946325e-05
223,1.1283110292639615,8.524353673876694e-05
224,1.2442432091039635,8.504423452084218e-05
225,1.3631197093953866,8.48203144389832e-05
226,1.4690878154512739,8.460416976945162e-05
227,1.4394783334919536,8.46661252961547e-05
228,1.3029349421933276,8.49361441115564e-05
229,1.175360832436598,8.516493362251392e-05
230,1.0716039591107278,8.533411446477664e-05
231,0.989922644950924,8.54565592144314e-05
232,0.9260279184113037,8.554570954894353e-05
233,0.8778335368682376,8.560908744589297e-05
234,0.6582337927029072,8.585553376057821e-05
235,0.7252225322390544,8.578773987725305e-05
236,0.8186992094793191,8.568229498061446e-05
237,0.9255797794718422,8.554631420552368e-05
238,1.0396262382291852,8.538318127092682e-05
239,1.158253751912142,8.519387469015664e-05
240,1.2792714271558028,8.498030371924554e-05
241,1.391599695620769,8.476374887534057e-05
242,1.3848001167588848,8.477735602134941e-05
243,1.243754184532861,8.504511489127675e-05
244,1.1156863463806859,8.526409598918202e-05
245,1.0220602988840755,8.540951599587809e-05
246,0.962839838749815,8.549505936586548e-05
247,0.9327649660918219,8.553658485902513e-05
248,0.6846841424658049,8.582954227734855e-05
249,0.7547342300379586,8.575581246883334e-05
250,0.8511131611683265,8.564278961695225e-05
251,0.9618542512337308,8.54964406970215e-05
252,1.0803045520945975,8.532051298775048e-05
253,1.2022346955720775,8.5118637198168e-05
254,1.3194223496046018,8.490491439391776e-05
255,1.3493415832113507,8.484727601090807e-05
256,1.195641613882657,8.513008937395639e-05
257,1.0739956730687468,8.533038624519079e-05
258,0.996101354013609,8.544762910006284e-05
259,0.9616080480860643,8.549678554162979e-05
260,0.724374316288156,8.57886389065163e-05
261,0.799117090858783,8.570542818387172e-05
262,0.8974019750073303,8.558375563669874e-05
263,1.008937428243004,8.542890308115628e-05
264,1.1271963239580403,8.52453611028927e-05
265,1.2455361455053007,8.504190528727135e-05
266,1.303285457400556,8.493548412423804e-05
267,1.1648203034274784,8.518281444859064e-05
268,1.060603432527337,8.535115761549392e-05
269,1.0054873453725799,8.543395934072092e-05
270,0.7766190380258555,8.573132368711838e-05
271,0.8515208015409689,8.56422831708927e-05
272,0.9467477952946483,8.551743913846821e-05
273,1.0540554115811798,8.536122090748824e-05
274,1.167107924641447,8.517894705966075e-05
275,1.2606819964308271,8.501444555423309e-05
276,1.1609957611252577,8.518926363511062e-05
277,1.0869527669661643,8.531004759668047e-05
278,0.8298108553383428,8.566892268750247e-05
279,0.8990269183284089,8.558162740584687e-05
280,0.9866319011658611,8.546129311696568e-05
281,1.086120276637728,8.531136150636561e-05
282,1.1918876956315039,8.513658261023278e-05
283,1.199083382976319,8.512411865095036e-05
284,0.8714187071235308,8.561727197406578e-05
285,0.9311070078285033,8.553883643306033e-05
286,1.0086278284293908,8.542935750700617e-05
287,1.0982413479219022,8.52921340058964e-05
288,0.893717338812764,8.558856747187642e-05
289,0.9423109323601514,8.552354452459145e-05
290,0.6730520254062481,8.58410975582295e-05
291,0.7657297897138856,8.574359503976239e-05
292,0.8715973595020812,8.561704483570782e-05
293,0.9781986335779304,8.54733542640318e-05
294,1.0825559466195747,8.531697593769598e-05
295,1.1874980146573515,8.514415039048104e-05
296,1.297673787478978,8.494602977939036e-05
297,1.4140707874471816,8.471832518152312e-05
298,1.5176547105978027,8.449993880933491e-05
299,0.7189479178400566,8.579436574930425e-05
300,0.7966064809963022,8.570835410763406e-05
301,0.888579841600464,8.559524411712015e-05
302,0.9853394898166811,8.546314809126517e-05
303,1.084995728871816,8.53131348069438e-05
304,1.1893382401854429,8.51409811552367e-05
305,1.2988507113859573,8.494382170206966e-05
306,1.4021322605165363,8.474254501502513e-05
307,1.4383142681902916,8.46685363404813e-05
308,1.353588031580383,8.483899450263567e-05
309,1.2388378625576517,8.505394691589514e-05
310,1.131976658379449,8.523752506365416e-05
311,1.037632847554285,8.538619182692488e-05
312,0.9529955898575657,8.550879407056756e-05
313,0.8762279972403559,8.561114145929235e-05
314,0.8107151511478423,8.56917936042235e-05
315,0.7457670106666601,8.576564686026239e-05
316,0.817990883561426,8.568314138658289e-05
317,0.9063491771431265,8.557199028217772e-05
318,1.0029226540238165,8.543770702595424e-05
319,1.1053135969210244,8.52808192435866e-05
320,1.2123444142727844,8.510095793624383e-05
321,1.316096072886944,8.491124538771963e-05
322,1.3748888119102372,8.479707554286987e-05
323,1.3001319642229223,8.494141569142886e-05
324,1.1848707203483428,8.514866685489657e-05
325,1.0824621434017503,8.531712345059837e-05
326,1.0022780483338696,8.543864748936471e-05
327,0.9424855605059655,8.552330475823747e-05
328,0.9004170454013791,8.557980371472482e-05
329,0.7717357687126077,8.573684792775134e-05
330,0.846811895698865,8.564811888091275e-05
331,0.9381172300082741,8.552928941980102e-05
332,1.038432668306708,8.538498456127166e-05
333,1.1440714673473087,8.52175547766659e-05
334,1.2487642053202521,8.503607969132007e-05
335,1.3210188199472062,8.490187031402121e-05
336,1.2584352853583605,8.5018539176781e-05
337,1.1431222927314997,8.52191294725741e-05
338,1.0482082856086223,8.537015555289154e-05
339,0.9853056663673302,8.546319660544032e-05
340,0.9517942342344273,8.551046071944691e-05
341,0.8100297397220358,8.569260475723686e-05
342,0.8899898076554008,8.559341550803798e-05
343,0.9840329092212274,8.546502097983142e-05
344,1.085750230572503,8.53119452303063e-05
345,1.1895958701805587,8.514053708471309e-05
346,1.2739015385801074,8.499021583299317e-05
347,1.227660074291603,8.507390134849026e-05
348,1.1176444455610397,8.526092200093257e-05
349,1.0364491488988434,8.538797685613544e-05
350,0.9940811703998144,8.545055487038475e-05
351,0.8604512785612602,8.563112814526594e-05
352,0.9413531665605142,8.552485877176228e-05
353,1.0336967315890693,8.539211982403112e-05
354,1.1320930751273626,8.523733382769107e-05
355,1.2252407891270178,8.507819714857169e-05
356,1.2185993564841962,8.508994776629372e-05
357,1.11482155301007,8.526549605246819e-05
358,1.055840609606007,8.535848337356075e-05
359,0.9122663494343076,8.556414630073724e-05
360,0.9885060562996504,8.545859894304117e-05
361,1.0748171409624443,8.532910386310595e-05
362,1.1672029654481089,8.517878622670404e-05
363,1.215044495866847,8.509621189798725e-05
364,1.1445326262751998,8.521678924746046e-05
365,0.9532556974176806,8.550843294984211e-05
366,1.0208650412825817,8.541129196141772e-05
367,1.099189147279848,8.529062174923398e-05
368,1.1873688177675077,8.514437271423142e-05
369,0.9754187925982218,8.547730771102373e-05
370,1.0324077592598995,8.539405629397086e-05
371,0.836264258352522,8.566107476464241e-05
372,0.8959187823996968,8.55856949072186e-05
373,0.968381552116157,8.54872666459483e-05
374,1.0513410323028045,8.536537463025036e-05
375,1.1454765285652093,8.521522142241354e-05
376,1.2481460545241008,8.503719638223212e-05
377,1.3372430194600735,8.487073345110435e-05
378,0.861030844947093,8.563040025017233e-05
379,0.9233342891177889,8.55493396284907e-05
380,0.9986099908322604,8.544398781813517e-05
381,1.0843160879267812,8.53142056642923e-05
382,1.1781233368275104,8.516022145353569e-05
383,1.2663214194730714,8.500413911694907e-05
384,1.287992159765326,8.49641205263751e-05
385,1.2074103514552235,8.510960427013911e-05
386,1.1111153801277596,8.527148420219551e-05
387,1.0298501060610297,8.539789175096162e-05
388,0.9675296152818441,8.54884674874211e-05
389,0.9228224883602456,8.555002818405499e-05
390,0.897974673061594,8.558300599115726e-05
391,0.9656252660680261,8.549114800047742e-05
392,1.0442086031591356,8.537623924515783e-05
393,1.1305461116805113,8.523987343657875e-05
394,1.2162995640551095,8.509400232967108e-05
395,1.2572069295765913,8.502077431621882e-05
396,1.1799869788223787,8.51570364563856e-05
397,1.091460504143299,8.530291602808821e-05
398,1.0259002690298598,8.540379664026048e-05
399,0.9857836443121423,8.54625108732388e-05
400,0.9472266334719278,8.551677854552206e-05
401,1.0168435300960301,8.541725236235306e-05
402,1.0946009607803893,8.529793057803369e-05
403,1.1759241908013363,8.516397354101938e-05
404,1.2303142643535998,8.50691789921536e-05
405,1.1652499609766382,8.51820886441407e-05
406,1.0897773619975601,8.530558225059616e-05
407,1.0438726848475128,8.53767491565428e-05
408,0.9985053467754874,8.544413988813043e-05
409,1.064589483674258,8.534500185908758e-05
410,1.137266752714566,8.522881577325805e-05
411,1.2054297560419733,8.511306539561032e-05
412,1.1664310510825628,8.518009213177424e-05
413,1.112551650038451,8.526916589409784e-05
414,1.0395780496138256,8.538325411534302e-05
415,1.0980809808547638,8.529238975293444e-05
416,1.1659941550074362,8.518083088920142e-05
417,1.2018274594529905,8.511934633799868e-05
418,1.0619939508031575,8.534901276627408e-05
419,1.1107478929557097,8.527207690057504e-05
420,0.9583592939904823,8.550132779895057e-05
421,1.0089717141966195,8.542885274836108e-05
422,1.07451378097753,8.532957754564385e-05
423,1.1538165857874785,8.520131391180646e-05
424,1.2305049221078175,8.506883939185024e-05
425,1.0072764629061906,8.54313394215317e-05
426,1.0607055985416463,8.535100011972201e-05
427,1.125196784331914,8.524862921521787e-05
428,1.193963649683837,8.513299423632873e-05
429,1.2082510872829515,8.510813340261727e-05
430,1.1413672150979626,8.522203782364232e-05
431,1.0784500576892384,8.532342108934916e-05
432,1.0349778795429267,8.539019276699523e-05
433,1.0591175384236995,8.535344654559168e-05
434,1.109725225839294,8.527372529403877e-05
435,1.1679150182973042,8.517758084910787e-05
436,1.2004358810460942,8.512176780063858e-05
437,1.141475426294475,8.522185863195979e-05
438,1.0989792917789298,8.529095669283043e-05
439,1.1011480022870268,8.528749227561926e-05
440,1.1447395385237553,8.521644567312875e-05
441,1.193602075436233,8.51336196686675e-05
442,1.1599160272532918,8.51910806175905e-05
443,1.124270545534954,8.525014117428807e-05
444,1.1597020774914626,8.519144045833202e-05
445,1.088246773047874,8.530800333184403e-05
446,1.1289966052559792,8.524241382979283e-05
447,1.1812139324490991,8.515493690084531e-05
448,1.131933625270161,8.523759574861865e-05
449,1.1650555196319585,8.518241713888051e-05
450,1.1765433891553232,8.51629177806674e-05
451,1.1446360165093312,8.521661757725972e-05
452,1.1561233520678615,8.519744992191706e-05
453,1.1835139166598923,8.51509954708442e-05
454,1.170045917888106,8.517396934957203e-05
455,0.0,0.0
456,0.2131995307331324,8.61399265083269e-05
457,0.4212807530879884,8.604298494136396e-05
458,0.6196183804337899,8.589165643967487e-05
459,0.8045821908552391,8.569902761153257e-05
460,0.9741042297457525,8.547917342002266e-05
461,1.128314728343149,8.524353068180588e-05
462,1.2700377677675134,8.499732291013017e-05
463,1.4047059506449366,8.473734040092886e-05
464,1.5393117247311452,8.445241838675498e-05
465,1.6805719366471952,8.412680755832529e-05
466,1.8331978394522916,8.374481976222146e-05
467,1.999110512568715,8.329462569832148e-05
468,0.1783901254224084,8.614994288195004e-05
469,0.35984512814168645,8.607820690277563e-05
470,0.5753158771028877,8.593043021912738e-05
471,0.7773644889032391,8.573047736146319e-05
472,0.9639735797827048,8.549346867652126e-05
473,1.1366904225853458,8.522976652726684e-05
474,1.2989533112566412,8.494362911846791e-05
475,1.4561822481258373,8.4631322047863e-05
476,1.6148641435747475,8.428163260523602e-05
477,1.7805669120113752,8.38800530717818e-05
478,1.9551753353450598,8.341734693066852e-05
479,2.0709427676964243,8.308859546173697e-05
480,1.94894825654869,8.343453725477383e-05
481,2.0579629993125743,8.312631676100454e-05
482,1.8771933443571254,8.362896064745784e-05
483,1.7085671813201488,8.405907514821003e-05
484,1.5515865024480897,8.44252002158499e-05
485,1.4019940242625446,8.474282430238226e-05
486,1.2532287986162585,8.502799849917052e-05
487,1.0987710512232194,8.529128899720749e-05
488,0.9341714409239269,8.553467172513268e-05
489,0.757970719812781,8.575223446290072e-05
490,0.5719548554287585,8.593325528931163e-05
491,0.3825841200725378,8.606581415439578e-05
492,0.3371019462978034,8.608984454811679e-05
493,0.4784963622773618,8.600521896951112e-05
494,0.6792944422827935,8.583492075991538e-05
495,0.8865453876770069,8.559787760773249e-05
496,1.0888100306675335,8.530711275866307e-05
497,1.285493243971444,8.496876866156393e-05
498,1.4793082603149041,8.458250427717531e-05
499,1.6733692507820679,8.414406339072793e-05
500,1.8671649993506523,8.365559433468194e-05
501,2.035957671880641,8.318977218934748e-05
502,2.017837958004001,8.324155377269094e-05
503,1.8655205404504518,8.365994910752653e-05
504,1.921526560135706,8.350963425441131e-05
505,2.0694403402589883,8.309297284248307e-05
506,1.903283552107752,8.355904922825682e-05
507,1.7177594679035169,8.403660552304065e-05
508,1.5461601598633754,8.443725798447216e-05
509,1.3850784976937907,8.477680018960153e-05
510,1.228160986145405,8.507301087877672e-05
511,1.069584450313892,8.533725616805217e-05
512,0.9062104817271239,8.557217353906495e-05
513,0.7385466118112959,8.577348104617458e-05
514,0.46145988018002726,8.601696415661579e-05
515,0.5734416761324747,8.593200758619384e-05
516,0.7592663096453295,8.575079792093298e-05
517,0.9732774040600507,8.548034563825151e-05
518,1.1973460379090763,8.512713465022653e-05
519,1.4243673285862877,8.469727828464413e-05
520,1.6490805783111766,8.42017373869379e-05
521,1.8593299845304228,8.36763106425249e-05
522,2.0050115513233147,8.327795170526688e-05
523,1.9716132700788933,8.337172592390188e-05
524,1.8264279070182767,8.376242080287417e-05
525,1.7635154604367134,8.392307615518063e-05
526,1.9189876377229338,8.35165375831113e-05
527,2.053024306836874,8.31406124719908e-05
528,1.907304222956204,8.354819590052545e-05
529,1.7104785621585077,8.405441230496952e-05
530,1.5305255671850804,8.447177451836021e-05
531,1.3656574228672111,8.481531980076223e-05
532,1.2096986980974227,8.51055984796131e-05
533,1.0573241961221245,8.535620490522426e-05
534,0.5453415134970909,8.595504414584594e-05
535,0.6375300019279709,8.5875170272926e-05
536,0.8188553740601852,8.568210827631723e-05
537,1.0450776090427853,8.537491938262626e-05
538,1.2895962270508292,8.49611322679194e-05
539,1.535123912544557,8.446165740086836e-05
540,1.7615770805538085,8.392794240494789e-05
541,1.9214940543301289,8.350972269103439e-05
542,1.9191648981323517,8.351605588632864e-05
543,1.7854405546787353,8.386768504590347e-05
544,1.64192918171801,8.421856677507689e-05
545,1.7864408228059254,8.386514271765529e-05
546,1.9338136161790451,8.347610651830677e-05
547,2.045735077288341,8.31616547293974e-05
548,1.8991941279154336,8.357006638185661e-05
549,1.6980644543156478,8.408460918384968e-05
550,1.517766386915736,8.449969541143738e-05
551,1.3571990177109485,8.483193257971769e-05
552,0.5932363309006355,8.5915089912047e-05
553,0.6767285593409713,8.583746650876606e-05
554,0.8644006134585845,8.562615849356346e-05
555,1.10499328916284,8.528133322930594e-05
556,1.361791647179799,8.482292472163304e-05
557,1.6067167824040522,8.430042292895744e-05
558,1.7995135265356947,8.383179417245914e-05
559,1.8510310059947401,8.369816536309804e-05
560,1.7379897227481025,8.398675577567652e-05
561,1.5672345273261166,8.439020419563516e-05
562,1.680966698201843,8.412585978907601e-05
563,1.8185538435327597,8.378281608481357e-05
564,1.9535621456165286,8.342180511854391e-05
565,2.043375961764076,8.316845026253478e-05
566,1.8913756301951983,8.359106874303692e-05
567,1.6922910626000558,8.409858222143135e-05
568,0.6202448819306504,8.589108766213515e-05
569,0.7061883363411007,8.580766388840863e-05
570,0.9059083814535842,8.557257260573797e-05
571,1.1573968519900837,8.519531350714361e-05
572,1.4157465349359546,8.471490980590777e-05
573,1.6420364107693686,8.42183149432489e-05
574,1.7595308779716072,8.393307390060872e-05
575,1.6816730405716802,8.412416343279666e-05
576,1.5114380753896435,8.451346100360788e-05
577,1.5892529164450748,8.434039648634543e-05
578,1.7186871120386245,8.403433169379712e-05
579,1.8450321776684564,8.371390617843734e-05
580,1.9667238710721673,8.33853324896976e-05
581,2.0428158827869405,8.317006253992276e-05
582,0.6468548925902041,8.586640307998686e-05
583,0.7416798787829869,8.577009068408122e-05
584,0.9512182257573475,8.551125908811307e-05
585,1.2058355397130496,8.511235673055572e-05
586,1.4550439073559374,8.463370602645432e-05
587,1.636862756259632,8.423044776382599e-05
588,1.6154112561986698,8.428036757014529e-05
589,1.4524987237877036,8.463902984245093e-05
590,1.4998197180706918,8.453859091619973e-05
591,1.6232769290355868,8.426213570687773e-05
592,1.7413094736356285,8.397852318298088e-05
593,1.8551341811741417,8.368737133125295e-05
594,0.6872848028317069,8.582693197222316e-05
595,0.7892442200190329,8.571688185719476e-05
596,1.0006213313199521,8.544106188042557e-05
597,1.2498261666780328,8.503416000579466e-05
598,1.4773366151390337,8.458669498190545e-05
599,1.539224040225108,8.445261207898523e-05
600,1.3950486812770153,8.475682238086447e-05
601,1.4058070833764662,8.473511085038033e-05
602,1.5242491357140975,8.448553704927944e-05
603,1.635826570044885,8.423287339011856e-05
604,0.7405722980480931,8.577129076725729e-05
605,0.8425191556822399,8.565341105506653e-05
606,1.047788638905383,8.537079492156334e-05
607,1.2858203113583715,8.496816079243799e-05
608,1.4499074217324552,8.4644440961537e-05
609,1.3488904852631871,8.484815427904281e-05
610,1.3051746978764711,8.493192391032802e-05
611,1.4180967357143919,8.471011327727357e-05
612,0.7946091182914875,8.571067539030659e-05
613,0.8898565279638018,8.559358848281796e-05
614,1.085578944362184,8.53122153575971e-05
615,1.311838347912729,8.491932673544686e-05
616,1.3284121775721862,8.488772670341183e-05
617,1.2530742529594736,8.502827870291208e-05
618,0.8366632796892213,8.566058755120238e-05
619,0.9220629301478614,8.555104937077293e-05
620,1.1097178047626075,8.527373725034599e-05
621,1.34139116657428,8.486271369388038e-05
622,0.8591108936150489,8.563280972645689e-05
623,0.9337483189133502,8.553524756752886e-05
624,0.5156920489512771,8.59781035756053e-05
625,0.7028786984769686,8.581107472506401e-05
626,0.8883433871705267,8.559555049962067e-05
627,1.067197670159109,8.534096176426024e-05
628,1.2399230307751492,8.50520003577408e-05
629,1.4099624944814302,8.472668196023781e-05
630,1.5824584437512297,8.435583659291426e-05
631,1.7623307969840065,8.392605081613244e-05
632,1.9513626163452515,8.342787823622159e-05
633,2.0947199925745905,8.301893384813989e-05
634,1.945526613075047,8.344396141919055e-05
635,0.610385371511753,8.589997260618548e-05
636,0.7879554394715695,8.571836661976946e-05
637,0.9801818663477424,8.547052699884403e-05
638,1.179180151910206,8.515841593827636e-05
639,1.3825555409091346,8.478183375081032e-05
640,1.589919839159452,8.43388775549642e-05
641,1.7993561031983838,8.383219711176993e-05
642,1.9956264310193477,8.330444912833304e-05
643,2.0594346143530275,8.312205090154454e-05
644,1.9328654553802234,8.347870080133122e-05
645,1.8451333620150765,8.371364106684405e-05
646,1.9547992808624235,8.34183864928075e-05
647,2.1230971104349,8.293484814024138e-05
648,1.9482232548533247,8.343653538856748e-05
649,1.7416092881258756,8.397777895244047e-05
650,1.5497195797923793,8.442935320134716e-05
651,1.3703188445137338,8.480612207377451e-05
652,1.19880927487417,8.512459477963137e-05
653,1.0308361062658813,8.539641424733501e-05
654,0.8644844494389429,8.56260527555109e-05
655,0.6813933615976402,8.583283121444351e-05
656,0.8519835773239268,8.564170793589316e-05
657,1.0566972069745184,8.535716820651251e-05
658,1.280987835071972,8.497712695414388e-05
659,1.513910841230601,8.450808867227465e-05
660,1.7433518787808877,8.397345093381954e-05
661,1.9408783879197857,8.345673944244177e-05
662,2.0082445739077017,8.326879732979017e-05
663,1.9050348278480085,8.355432447314813e-05
664,1.786116509595288,8.386596715314415e-05
665,1.8242707638914437,8.376801637367316e-05
666,1.9680817412578915,8.338155683399076e-05
667,2.121999226214914,8.293812046749543e-05
668,1.9322697638930213,8.348033008418883e-05
669,1.716213872870866,8.404039150252498e-05
670,1.521275094350293,8.449203951189932e-05
671,1.3452597398872816,8.48552128850148e-05
672,1.1831706757884928,8.515158414764417e-05
673,0.7291398082378818,8.57835744306907e-05
674,0.9017724170136517,8.557802295094315e-05
675,1.1227081467642566,8.525268882933411e-05
676,1.366502009607942,8.481365553287504e-05
677,1.6106183178198528,8.429143601907692e-05
678,1.8246372308803083,8.376706620292137e-05
679,1.932690394492119,8.347917966059591e-05
680,1.862521948322591,8.3667880648341e-05
681,1.7306963042414676,8.400479080764657e-05
682,1.715480927752291,8.404218575282338e-05
683,1.8392910227865873,8.372892632114575e-05
684,1.9859054524051711,8.333177430143377e-05
685,2.108677882675299,8.297770313116003e-05
686,1.9140507261910464,8.352993686568587e-05
687,1.698538290412221,8.408346039388559e-05
688,1.5098679623788547,8.45168678849834e-05
689,0.7622889858949538,8.57474369701678e-05
690,0.9443345152052207,8.552076344722226e-05
691,1.1797248162536387,8.515748479249402e-05
692,1.4317265641872436,8.468214576587562e-05
693,1.6665681955989313,8.41602928576818e-05
694,1.8256988659704556,8.376431260521871e-05
695,1.8045511131183842,8.381888262936954e-05
696,1.6696127262095664,8.415303535295759e-05
697,1.6164837249657933,8.42778866281769e-05
698,1.7285467655378157,8.401009256052465e-05
699,1.8628589684638848,8.366698979181548e-05
700,2.0012390491860765,8.328861650404669e-05
701,2.099721984154258,8.300418694521765e-05
702,1.9062680813048414,8.35509948718339e-05
703,0.7944696765979569,8.571083723098669e-05
704,0.9873292457109907,8.546029124131081e-05
705,1.2306031951922185,8.506866432754844e-05
706,1.4791545446511474,8.458283118963933e-05
707,1.6839140392549292,8.411877699089099e-05
708,1.7295275610577183,8.400767423440545e-05
709,1.6010440020772851,8.431345293110879e-05
710,1.521632805748273,8.449125804961686e-05
711,1.6254922942237018,8.42569855794803e-05
712,1.7514107975497069,8.395338244784485e-05
713,1.8787684371669289,8.362476541556915e-05
714,2.007216724228874,8.327170917738309e-05
715,0.8356016691089352,8.566188329397451e-05
716,1.034222358295674,8.539132947753795e-05
717,1.2766671624079045,8.49851158861534e-05
718,1.5101986662970768,8.451615059373178e-05
719,1.6342001815969232,8.423667770229729e-05
720,1.5273329653407455,8.447878176906692e-05
721,1.4216146932342413,8.470291921518081e-05
722,1.5224554542533386,8.448946021376012e-05
723,1.642626910622327,8.421692785164488e-05
724,1.7609560309095236,8.392950047260439e-05
725,0.8851949740595214,8.559962236547023e-05
726,1.0817397387967465,8.531825907034567e-05
727,1.3156749460427337,8.491204583062296e-05
728,1.509691861094887,8.451724978459514e-05
729,1.4550652073802812,8.463366143509742e-05
730,1.326093455731633,8.489217064670961e-05
731,1.4157110244442068,8.4714982220812e-05
732,1.5310280923925403,8.447067028662007e-05
733,0.9343858261336804,8.553437986256927e-05
734,1.123095399229534,8.525205769531226e-05
735,1.3433699757916036,8.485887956364553e-05
736,1.3948774870582532,8.475716657344964e-05
737,1.2802876687097011,8.497842333444423e-05
738,1.3025810874379284,8.493681021309765e-05
739,0.9733739485626148,8.54802088142392e-05
740,1.1534387965159625,8.52019460190021e-05
741,1.3509222494681061,8.484419629110004e-05
742,1.300989827350696,8.493980346629799e-05
743,0.9957651299653407,8.544811644677495e-05
744,1.167761370751863,8.517784100727522e-05
745,0.9447820047925144,8.552014765652711e-05
746,1.1210742705536874,8.525534934355824e-05
747,1.3128582578289105,8.491739320307538e-05
748,1.5190873116687458,8.449681516857503e-05
749,1.7377157470628661,8.398743454463867e-05
750,1.9601742997977092,8.340351031382173e-05
751,2.104201629210697,8.299095284718579e-05
752,1.989189915458715,8.332255556826935e-05
753,1.8645359443105083,8.366255475871233e-05
754,1.0081885410512441,8.543000205191312e-05
755,1.2008524543082275,8.512104321391387e-05
756,1.419447964364341,8.470735209823151e-05
757,1.6523394046864872,8.419404547223371e-05
758,1.8800987369418614,8.362121964154332e-05
759,2.0361595074048218,8.318919300580806e-05
760,1.982137066014761,8.33423340321231e-05
761,1.854173418486926,8.368990075814188e-05
762,1.796498436406433,8.3839505844214e-05
763,1.884579435604024,8.360925967755915e-05
764,2.0314598592874478,8.320266538591579e-05
765,2.1344554528219137,8.290090353314923e-05
766,1.9226996737141928,8.350644170759579e-05
767,1.6909076942008987,8.41019236604401e-05
768,1.4776575740000903,8.458601315216147e-05
769,1.2875576362129362,8.49649293930115e-05
770,1.0627903708919113,8.534778306619535e-05
771,1.2716296719548006,8.499439726672141e-05
772,1.5062345522717369,8.45247388258712e-05
773,1.7409242359127757,8.397947928342256e-05
774,1.9268156926975017,8.349522599738087e-05
775,1.938629730700675,8.34629108964595e-05
776,1.8155731706599416,8.379051513539869e-05
777,1.7228053512333896,8.402422319024232e-05
778,1.7728543271311192,8.389956095054379e-05
779,1.9053851390185998,8.355337888790624e-05
780,2.059907794731235,8.312067867289966e-05
781,2.1355359987023994,8.289766573848172e-05
782,1.897220458606997,8.357537570860924e-05
783,1.6730640027420633,8.414479314511206e-05
784,1.1125510191482566,8.526916691306949e-05
785,1.33170426080525,8.488140441033999e-05
786,1.5681595867849485,8.438812490081681e-05
787,1.780640502073962,8.387986655465787e-05
788,1.8634595730641799,8.366540182237018e-05
789,1.7547429561565964,8.394505927885561e-05
790,1.6345991352927718,8.42357448343114e-05
791,1.6568091678125099,8.41834720215914e-05
792,1.779027457176429,8.388395323172379e-05
793,1.9223973620828885,8.350726459998976e-05
794,2.0741157395292333,8.307934135585788e-05
795,2.1292459518443447,8.291649263522378e-05
796,1.1607639325337413,8.518965389622567e-05
797,1.382060926498121,8.478281952405745e-05
798,1.6076536193286728,8.429826687533067e-05
799,1.756483051262101,8.394070692152535e-05
800,1.6770041252738168,8.413536387438437e-05
801,1.5362302459821617,8.445921897287659e-05
802,1.5366392689337949,8.445831703734524e-05
803,1.6541017894417716,8.418987968276355e-05
804,1.7888344940514342,8.385905344585778e-05
805,1.928985674853594,8.348930410195141e-05
806,1.207613214324562,8.510924945242854e-05
807,1.4228652119784557,8.470035784433646e-05
808,1.616225844619952,8.427848332513393e-05
809,1.5887546725055839,8.4341530853557e-05
810,1.4380423148869177,8.466909934848754e-05
811,1.4058393071594841,8.473504557908693e-05
812,1.5297914333382354,8.44733870585123e-05
813,1.6579464062752742,8.418077752290066e-05
814,1.2493490687009008,8.50350226413609e-05
815,1.4495542600968334,8.464517771244112e-05
816,1.4988102601779327,8.454076558700577e-05
817,1.359524929057746,8.482737426043753e-05
818,1.2928373859542168,8.495508326503015e-05
819,1.4073982083411518,8.47318862121549e-05
820,1.2814410243160874,8.497628749464309e-05
821,1.416082325127848,8.471422495836814e-05
822,1.320631306467822,8.49026095340682e-05
823,1.2486582391633667,8.50362711574571e-05
824,1.3046269347862967,8.493295666497157e-05
825,1.3293058941706102,8.488601185379315e-05
826,1.3852975136757686,8.477636281395575e-05
827,1.5999701263804644,8.431591463608339e-05
828,1.8305658718766888,8.375166978329921e-05
829,2.0381514970387578,8.318347400867066e-05
830,2.040838054759841,8.317575279916528e-05
831,1.9011884014228029,8.356469643242108e-05
832,1.7849591189336296,8.386890821083612e-05
833,1.4680264719329823,8.460641139648992e-05
834,1.6896415036285932,8.410497980800107e-05
835,1.9026215996430926,8.3560834057076e-05
836,1.991447168636302,8.3316211854965e-05
837,1.8738746598077183,8.363778921235143e-05
838,1.7366878528206546,8.398998023561095e-05
839,1.6875031710244843,8.411013610985439e-05
840,1.7846239067924894,8.386975968901784e-05
841,1.9314258082016396,8.348263760287182e-05
842,2.0771229307986694,8.307055882215701e-05
843,2.0266058547485155,8.321655031051256e-05
844,1.8109089249681087,8.380253919162617e-05
845,1.530818810645192,8.447113019713287e-05
846,1.742623152859854,8.397526134190436e-05
847,1.8919819500494999,8.358944289537057e-05
848,1.8120309975563456,8.379964921381583e-05
849,1.6593061465315797,8.417755355200948e-05
850,1.5694793349054639,8.438515643041653e-05
851,1.6509809185711333,8.419725369478935e-05
852,1.7916482277128938,8.385188582915372e-05
853,1.9465446142459963,8.344115915606859e-05
854,2.0893866372203074,8.303462238226139e-05
855,1.5753003032856592,8.437203520160142e-05
856,1.7541494339512687,8.394654288252054e-05
857,1.7249494659365812,8.401895131402718e-05
858,1.5644398747507842,8.43964787731772e-05
859,1.447345757351555,8.464978110132682e-05
860,1.511853370478429,8.45125593184631e-05
861,1.6465778779719027,8.420763485419951e-05
862,1.7954828607568165,8.384210065362052e-05
863,1.5977230447952904,8.43210606804395e-05
864,1.6219556915431141,8.426520406399214e-05
865,1.4673179013939417,8.460790708168231e-05
866,1.3367641844658928,8.487165765877428e-05
867,1.3775744823425127,8.479174558391136e-05
868,1.5053466050400002,8.452665960766932e-05
869,1.5140513094735146,8.450778323965112e-05
870,1.3856373882609665,8.477568395171135e-05
871,1.273442525538314,8.499106124102516e-05
872,1.2530080347946957,8.502839875154979e-05
873,1.3355674928783619,8.487396601926072e-05
874,1.2779148795476556,8.49828115341684e-05
875,1.8891566744715673,8.359701475590528e-05
876,2.0161238863232422,8.324643018179971e-05
877,1.9071487508584954,8.354861597340154e-05
878,1.7489816824983715,8.39594406187627e-05
879,1.6206688092366572,8.426819036363905e-05
880,1.8969849522630555,8.357600889765755e-05
881,1.8401690249033953,8.372663209457418e-05
882,1.676180135570046,8.413733752769889e-05
883,1.5267730945382751,8.448000915976254e-05
884,1.4837491789948156,8.457304560879008e-05
885,1.6004053514878436,8.431491713403555e-05
886,1.756887252296423,8.393969534793616e-05
887,1.9177874709872202,8.351979789660339e-05
888,1.7411757946242772,8.39788549760988e-05
889,1.5805949925831382,8.436006022549945e-05
890,1.425053861417823,8.469586975432435e-05
891,1.3427286552188367,8.486012277926391e-05
892,1.451420216841194,8.464128308833658e-05
893,1.598227760133922,8.431990542822522e-05
894,1.4782229603171133,8.458481172813099e-05
895,1.338310547261989,8.486867184925697e-05
896,1.245176486050817,8.504255345137028e-05
897,1.318972443249497,8.490577161446725e-05
898,1.2857542447090995,8.496828359225493e-05
899,1.2319490720980513,8.50662654104895e-05
900,1.6820877935787293,8.412316704640033e-05
901,1.5189787447609353,8.449705198602149e-05
902,1.3850051462044637,8.477694665791619e-05
903,1.425400476533171,8.469515837161296e-05
904,1.2971286781383247,8.494705182740298e-05
905,1.2613323191254848,8.501325931450751e-05
906,1.3729453532339433,8.480092627793459e-05
907,1.2430397064806427,8.504640053361407e-05
908,1.195497584547892,8.513033887041938e-05
909,1.2083794823501919,8.510790868798567e-05
910,0.0,0.0
911,0.4377531927726393,8.603260243053191e-05
912,0.8608784698454219,8.563059166947835e-05
913,1.2566630519360427,8.502176329157037e-05
914,1.6159689892319442,8.427907756089241e-05
915,1.934192829887302,8.347506861446347e-05
916,2.211007774054647,8.266785246610293e-05
917,2.448787620893294,8.189725085459157e-05
918,2.6503460388111764,8.119013289409075e-05
919,2.771308719814956,8.074274556406213e-05
920,2.568504284213805,8.148310363442186e-05
921,2.3694978728365665,8.216197826339857e-05
922,2.178971711108995,8.276628420770934e-05
923,0.5585350565723327,8.594437124943167e-05
924,0.8797343154409072,8.560665094048013e-05
925,1.232593949783796,8.506511506758011e-05
926,1.5741011193317194,8.43747420924012e-05
927,1.8860195045432069,8.360541020989971e-05
928,2.161743339716493,8.2818682058401e-05
929,2.4004282466038234,8.20596250670724e-05
930,2.601388983597715,8.136633835418314e-05
931,2.6700628980065337,8.11183716502886e-05
932,2.47914528833023,8.179386670585537e-05
933,2.2836567407305797,8.243985403593579e-05
934,2.168229027788344,8.279900083855923e-05
935,2.2501516251390585,8.254582694605966e-05
936,2.1248601381761545,8.292959008497737e-05
937,2.3131944291683104,8.234526856348224e-05
938,2.5115961010998324,8.168212197606198e-05
939,2.7145369563604542,8.095483597995212e-05
940,2.536019292920174,8.159718463114537e-05
941,2.3196744704227803,8.232437317504132e-05
942,2.0666701466153103,8.310103630408e-05
943,1.7756585194537406,8.389247731614321e-05
944,1.4480261646276407,8.464836358090283e-05
945,1.0916603831757643,8.530259913812753e-05
946,0.7276687390988834,8.578514129882657e-05
947,1.1024568221925297,8.528539827202127e-05
948,1.3845213772478921,8.477791246148825e-05
949,1.674594377787506,8.414113322503297e-05
950,1.9493437263428341,8.343344703496232e-05
951,2.197146664483283,8.271060020533995e-05
952,2.4123562872927335,8.201984005084566e-05
953,2.584816512007387,8.142534361987282e-05
954,2.6350784547260173,8.124538697993997e-05
955,2.4867129849164926,8.176792087620907e-05
956,2.329729088727259,8.229184822629045e-05
957,2.3689915500330097,8.216364398190931e-05
958,2.5372600346170793,8.15928505640151e-05
959,2.3225819001907873,8.231498101933495e-05
960,2.137131846908331,8.289288114980172e-05
961,2.2882095063425236,8.242534597970158e-05
962,2.4823447706019097,8.178290573455493e-05
963,2.6312270674412352,8.125928199126637e-05
964,2.449051923141089,8.189635558882385e-05
965,2.232420042422137,8.260134121282841e-05
966,1.9818251541572895,8.334320724112453e-05
967,1.6996866092421232,8.408067510558185e-05
968,1.3950677228927166,8.475678409445427e-05
969,1.6118321098102442,8.428863592492496e-05
970,1.8550770350002752,8.368752181567501e-05
971,2.0873370128068296,8.304064183741662e-05
972,2.2950401102323945,8.240353082267091e-05
973,2.4689566933946563,8.182868887060683e-05
974,2.5917972801776146,8.140052874818758e-05
975,2.617389294759177,8.130906148693928e-05
976,2.525846379521143,8.163265031399494e-05
977,2.4305216786380406,8.19589168437076e-05
978,2.49154823622848,8.175130700485246e-05
979,2.6489943374710463,8.119503582177869e-05
980,2.6194394141445274,8.130170072537955e-05
981,2.383899488510165,8.211446730867494e-05
982,2.1847800102782555,8.27485342867055e-05
983,2.2889201888676594,8.242307895467135e-05
984,2.472839313245471,8.181543382864196e-05
985,2.57101797261035,8.147422354887868e-05
986,2.3961189243928325,8.207395563234231e-05
987,2.1896720448908393,8.273355132602227e-05
988,1.9545562289826302,8.341905828544148e-05
989,2.0559904170323993,8.313203043246973e-05
990,2.245979602714374,8.255892424642518e-05
991,2.4090370043207403,8.203092873031184e-05
992,2.5338438055946,8.160477943051823e-05
993,2.604515665215326,8.135516948190815e-05
994,2.5995568253153793,8.137287765616269e-05
995,2.5217057313103908,8.16470502464563e-05
996,2.4378833284603285,8.193411270161966e-05
997,2.4690476504446335,8.182837855728528e-05
998,2.596384948468579,8.138418924824981e-05
999,2.738383695343115,8.08662019389521e-05
1000,2.685014019994399,8.106365227305108e-05
1001,2.427208440370786,8.197005882788583e-05
1002,2.2198680650182743,8.26404004073056e-05
1003,2.2999217042807114,8.238790470621886e-05
1004,2.4723023467491707,8.181726808921193e-05
1005,2.539991930806801,8.158330120723428e-05
1006,2.378486560458984,8.213235447008567e-05
1007,2.3921018026996115,8.208729399462979e-05
1008,2.50866275931554,8.169227514919404e-05
1009,2.584784959539919,8.142545564955348e-05
1010,2.6096247012266174,8.133689449896071e-05
1011,2.5740947671110486,8.146334394089167e-05
1012,2.484193310702538,8.177656725904346e-05
1013,2.380467277148301,8.212581331600274e-05
1014,2.3632127947958352,8.218263277703851e-05
1015,2.467746654277823,8.183281614303969e-05
1016,2.5975121108318953,8.138017091199887e-05
1017,2.7293443184628723,8.089987721068494e-05
1018,2.729588869582229,8.089896740527959e-05
1019,2.4522372692707233,8.188555925313346e-05
1020,2.240126525301875,8.257726212447437e-05
1021,2.3083940359719595,8.236071419263185e-05
1022,2.4730045065271034,8.181486946340476e-05
1023,2.578922402859009,8.144625061360613e-05
1024,2.610797911889619,8.133269357249174e-05
1025,2.59707352118902,8.138173466405493e-05
1026,2.533437406630514,8.160619757294792e-05
1027,2.4244059541891545,8.19794727693792e-05
1028,2.2938947071210496,8.240719299398187e-05
1029,2.219184776241944,8.264252097524611e-05
1030,2.2958694523169014,8.240087816683413e-05
1031,2.4343386916382133,8.194606414505937e-05
1032,2.601569267951052,8.136569467200245e-05
1033,2.7050584678091223,8.098988257566695e-05
1034,2.754148134104266,8.0807247185998e-05
1035,2.4629123849518346,8.184928744770691e-05
1036,2.2466994446064845,8.255666599206114e-05
1037,2.604156048255212,8.135645466499994e-05
1038,2.558671187308418,8.151776857591682e-05
1039,2.470916172448367,8.18220016029597e-05
1040,2.343329636191991,8.224765366879722e-05
1041,2.1897652460255137,8.273326558279939e-05
1042,2.060517113064665,8.311891121825669e-05
1043,2.0950669264772896,8.30179120493367e-05
1044,2.2448429006037682,8.256248893225231e-05
1045,2.440451392143181,8.192544441130455e-05
1046,2.582297815004783,8.143428274267951e-05
1047,2.68856775570461,8.105060759885763e-05
1048,2.7590727636491956,8.078877163032984e-05
1049,2.4879519743174745,8.176366641203781e-05
1050,2.3811780376593585,8.21234649126404e-05
1051,2.2393024846685226,8.257984041873283e-05
1052,2.0708231866299323,8.308894397205771e-05
1053,1.903706721228192,8.355790793191731e-05
1054,1.8756401098872064,8.363309446114776e-05
1055,2.036770294738376,8.318743998130699e-05
1056,2.2142881245444612,8.265770040093531e-05
1057,2.4283040407173386,8.196637594930133e-05
1058,2.5748025561993186,8.146083958979565e-05
1059,2.261079216264143,8.251141843615889e-05
1060,2.111348442141503,8.29697860722292e-05
1061,1.9384467709527449,8.346341273997266e-05
1062,1.7584176734967991,8.393586326335723e-05
1063,1.6533881880149797,8.419156694415083e-05
1064,1.8148375787946627,8.379241334978914e-05
1065,2.015889271246982,8.324709734880577e-05
1066,2.245611851345119,8.256007768812196e-05
1067,1.9614139178607162,8.340007413869923e-05
1068,1.796226426284744,8.384020096814826e-05
1069,1.6284754642375772,8.42500400133713e-05
1070,1.4833492059115567,8.457389861721851e-05
1071,1.5815276028299352,8.435794699442757e-05
1072,1.8042900624060767,8.381955254125256e-05
1073,1.6521275726403306,8.419454590218771e-05
1074,1.5190625605286159,8.449686915975911e-05
1075,1.4128578725596816,8.472079482785047e-05
1076,1.3477064148217985,8.485045826757973e-05
1077,1.4400325423573235,8.466497674696123e-05
1078,1.4022837279575668,8.47422389655244e-05
1079,1.167668680186246,8.517799793614233e-05
1080,1.480489156570108,8.457999174154077e-05
1081,1.7825208827125052,8.387509820436793e-05
1082,2.057953096692015,8.312634545688913e-05
1083,2.3005885459852227,8.23857678261933e-05
1084,2.5078680764029904,8.169502400187903e-05
1085,2.650188225544255,8.119070542931467e-05
1086,2.5048419950333582,8.170548442760796e-05
1087,2.308958139977606,8.235890062906227e-05
1088,2.1768076845308735,8.277288646531938e-05
1089,2.358784173222602,8.219715723767248e-05
1090,1.6427813545791035,8.421656498308416e-05
1091,1.901072237412939,8.356500936868071e-05
1092,2.1403926436218375,8.288309471807641e-05
1093,2.351196793944527,8.222198521062265e-05
1094,2.5245696322014624,8.163709265286375e-05
1095,2.622310440402402,8.129138423158972e-05
1096,2.541794088382364,8.1576996864874e-05
1097,2.383617664894685,8.211539949020953e-05
1098,2.3519522865438898,8.221951621652305e-05
1099,2.5193236624602333,8.165532503885728e-05
1100,2.6038653199206654,8.135749354503707e-05
1101,2.3927319241756524,8.208520306147916e-05
1102,2.1681183498493684,8.27993371449761e-05
1103,2.309229685366861,8.23580274845382e-05
1104,2.501175983468543,8.171814216334119e-05
1105,2.5987071464122438,8.137590896256829e-05
1106,2.44409130070578,8.191314444705905e-05
1107,2.242298734035621,8.257046153986862e-05
1108,2.00899068273162,8.326668278290497e-05
1109,1.7503475963749195,8.395603502337384e-05
1110,2.0713112973333514,8.308752129336066e-05
1111,2.2693975830549933,8.248512563234774e-05
1112,2.437115510902172,8.193670284839242e-05
1113,2.5610625810466914,8.1509348728575e-05
1114,2.612198771417022,8.13276753690243e-05
1115,2.559067936708305,8.151637213491802e-05
1116,2.4497481830452816,8.189399675506634e-05
1117,2.4294378096023435,8.196256322557947e-05
1118,2.5602261629334144,8.151229444524338e-05
1119,2.7118038442269676,8.096495234083882e-05
1120,2.6624831183769917,8.11460128563938e-05
1121,2.4191801079989297,8.199700151735965e-05
1122,2.1851076546018517,8.274753174752055e-05
1123,2.3173120524334463,8.233199700664877e-05
1124,2.4997320566135395,8.172312320315958e-05
1125,2.561916170386778,8.15063416774109e-05
1126,2.412319517726231,8.201996296017569e-05
1127,2.223415294474412,8.262938223649e-05
1128,2.4002853572959153,8.206010060726916e-05
1129,2.520405347890111,8.165156834219731e-05
1130,2.59362742514992,8.139401347309124e-05
1131,2.6036277175061238,8.135834251215098e-05
1132,2.5427510170270007,8.157364773857096e-05
1133,2.4399669133555633,8.19270803444185e-05
1134,2.3881577299421703,8.210037055394922e-05
1135,2.475972461328419,8.180472413451706e-05
1136,2.6099902689900536,8.133558568166226e-05
1137,2.7298142473055926,8.089812886948062e-05
1138,2.6759165929402124,8.109697893380508e-05
1139,2.4325504044159407,8.195208790072085e-05
1140,2.2082583198916033,8.267635106218684e-05
1141,2.3274444402093173,8.229924966541701e-05
1142,2.5000557745846894,8.172200670852515e-05
1143,2.5490572292526252,8.155154941546772e-05
1144,2.5816584466265478,8.143655072894652e-05
1145,2.609687852316487,8.133666841472313e-05
1146,2.5843670298002057,8.142693943252644e-05
1147,2.504427528505207,8.17069162788689e-05
1148,2.3870998938805146,8.210387455980802e-05
1149,2.291359709469174,8.241529227653853e-05
1150,2.331133228438039,8.228729611206662e-05
1151,2.4607501854724596,8.185664531554374e-05
1152,2.6131411548914096,8.132429822732551e-05
1153,2.699910349710005,8.100887389538639e-05
1154,2.6662989966024204,8.11321058931869e-05
1155,2.4359843823976735,8.194051727636044e-05
1156,2.221328863888795,8.263586488735268e-05
1157,2.3317515071947645,8.228529092533202e-05
1158,2.6004541074619927,8.136967559201877e-05
1159,2.5452438418020558,8.15649180297589e-05
1160,2.444736737661995,8.191096170683145e-05
1161,2.308843002517125,8.235927082181428e-05
1162,2.1726533999245965,8.278554420780541e-05
1163,2.1527657451936095,8.284583703265346e-05
1164,2.279801635586327,8.245211868880118e-05
1165,2.4257191830048908,8.197506264365812e-05
1166,2.588732385692011,8.141143080119212e-05
1167,2.6739239523625593,8.110426567139442e-05
1168,2.6552694699193835,8.117225634949025e-05
1169,2.436068974841476,8.194023206490029e-05
1170,2.479164051106471,8.179380246333226e-05
1171,2.360759088714243,8.219068313301338e-05
1172,2.209161621278165,8.267355999760476e-05
1173,2.0443928361180284,8.316552199234836e-05
1174,1.9570595977726652,8.341213531295392e-05
1175,2.07653187390341,8.307228592680021e-05
1176,2.2436843974490572,8.256612031878256e-05
1177,2.438818182314358,8.193095810762737e-05
1178,2.573136476100099,8.146673368595822e-05
1179,2.664065786962086,8.114024689358041e-05
1180,2.24976931109251,8.254702805889587e-05
1181,2.0887630426884822,8.303645436055028e-05
1182,1.9105391044703266,8.353944832242804e-05
1183,1.7650136893667505,8.391931145764663e-05
1184,1.8576110299760094,8.368084484208171e-05
1185,2.04660728775677,8.315914047316266e-05
1186,2.2600013457782513,8.25148190507902e-05
1187,2.4323657178368783,8.195270978620392e-05
1188,1.949367703035011,8.343338093014063e-05
1189,1.7737304416703021,8.389734893429795e-05
1190,1.6069341466760303,8.4299922788927e-05
1191,1.6285330735523282,8.424990576589721e-05
1192,1.836711243708374,8.373566140511321e-05
1193,2.0384064982716783,8.3182741531076e-05
1194,1.6396807218510285,8.422384379513235e-05
1195,1.495377736713225,8.454814980422513e-05
1196,1.4061261494077846,8.473446449884861e-05
1197,1.614932532453794,8.428147449849907e-05
1198,1.4262720155268946,8.469336891777689e-05
1199,1.3751062201089796,8.479664444836645e-05
1200,2.122697870260154,8.29360382838195e-05
1201,2.322097563051069,8.231654634861158e-05
1202,2.4881392312488684,8.176302324453615e-05
1203,2.5935032174492325,8.139445577542485e-05
1204,2.5475505428289122,8.155683349262335e-05
1205,2.3911731909024496,8.209037452117478e-05
1206,2.300886786433083,8.238481194205413e-05
1207,2.4761398955116505,8.180415147834725e-05
1208,2.6807875188326937,8.107914726752284e-05
1209,2.426909369134123,8.197106390644012e-05
1210,2.545097794860077,8.156542968158465e-05
1211,2.600487652549349,8.136955586365655e-05
1212,2.562089556964882,8.150573075956179e-05
1213,2.4484575733300575,8.189836869896217e-05
1214,2.3623675785973046,8.2185406681509e-05
1215,2.462236227908504,8.185158898907306e-05
1216,2.621312855627552,8.129496996851437e-05
1217,2.7230134292633212,8.092340595231172e-05
1218,2.6376387166335595,8.123614041471575e-05
1219,2.4306033123914514,8.195864215121201e-05
1220,2.2542029953844835,8.253308753874438e-05
1221,2.3950491310203024,8.207750968327849e-05
1222,2.5451544794846086,8.156523109920577e-05
1223,2.5768214748496256,8.145369282849516e-05
1224,2.476112487438901,8.18042452213955e-05
1225,2.5895984989345697,8.140835110361408e-05
1226,2.6023525490034785,8.136289762031453e-05
1227,2.548793982202103,8.155247284087975e-05
1228,2.4412905572707753,8.192261013766184e-05
1229,2.3337657546474917,8.227875508507234e-05
1230,2.3608204158884645,8.219048201528498e-05
1231,2.495842674269193,8.173652770200821e-05
1232,2.614059547349675,8.132100604997172e-05
1233,2.6752004004709473,8.109959845881163e-05
1234,2.5934585283327616,8.139461490842774e-05
1235,2.3929986805926697,8.208431773652746e-05
1236,2.237284909285935,8.258614949885492e-05
1237,2.3986427398184067,8.20655654947119e-05
1238,2.543834289231661,8.156985510381097e-05
1239,2.5869079846216017,8.14179150335173e-05
1240,2.512743028915532,8.167814930095032e-05
1241,2.39456044258444,8.207913272965372e-05
1242,2.2612683591816127,8.251082155206476e-05
1243,2.2172881808977984,8.264840392735811e-05
1244,2.334112445043128,8.227762963586222e-05
1245,2.4702271286292943,8.182435368688392e-05
1246,2.59410099068309,8.139232694322519e-05
1247,2.6329628255745408,8.125302189714717e-05
1248,2.5614976072103914,8.15078163134338e-05
1249,2.37193764967754,8.215394737759233e-05
1250,2.237084587325263,8.258677563888416e-05
1251,2.4512687557377792,8.18888432138829e-05
1252,2.3189841915613494,8.232660151093317e-05
1253,2.1644330264237577,8.281052651364773e-05
1254,2.0560261011621894,8.313192711630006e-05
1255,2.1479180606974677,8.286045749611445e-05
1256,2.3026434559343607,8.237917943344978e-05
1257,2.462814697239314,8.184961999689774e-05
1258,2.566899415105699,8.148876920439449e-05
1259,2.6092459920395306,8.133825019886752e-05
1260,2.5498694064765197,8.154869991531167e-05
1261,2.216718692680427,8.265016950973775e-05
1262,2.0486771550874594,8.315316989617975e-05
1263,1.894507105559695,8.358266649064842e-05
1264,1.9453848410348396,8.344435156931649e-05
1265,2.1188477132430825,8.294750524660686e-05
1266,2.281127146389022,8.244790379232709e-05
1267,2.4486141849771585,8.189783828450109e-05
1268,2.5568639861127087,8.152412701475318e-05
1269,1.916840670963162,8.35223685949813e-05
1270,1.744280075183648,8.397114394360595e-05
1271,1.734097717530294,8.399638871474129e-05
1272,1.9226735945852176,8.350651269971295e-05
1273,2.1078043241645026,8.298029087742037e-05
1274,2.296237942165093,8.239969927508445e-05
1275,1.609536407981505,8.429393019043775e-05
1276,1.5271795756263122,8.447911808411291e-05
1277,1.7165405065605737,8.40395916708799e-05
1278,1.9191283131855832,8.351615530756298e-05
1279,1.3933008685891655,8.476033451863914e-05
1280,1.5069603279375907,8.452316804657468e-05
1281,2.59589571731436,8.138593288953126e-05
1282,2.560935998754253,8.150979458262063e-05
1283,2.447753487777313,8.190075293723304e-05
1284,2.321218776300392,8.231938575715808e-05
1285,2.3742025279684507,8.21464856420253e-05
1286,2.538051540796965,8.159008476981393e-05
1287,2.644628114184801,8.121085843570067e-05
1288,2.5501880123908975,8.154758188042081e-05
1289,2.4430705811684024,8.191659528456957e-05
1290,2.3115563014517466,8.235054257977117e-05
1291,2.2700211107417423,8.248315129331193e-05
1292,2.399696869161438,8.206205885106779e-05
1293,2.5240253366200327,8.16389858904014e-05
1294,2.5959020723712376,8.138591024164945e-05
1295,2.580357337459728,8.144116456078284e-05
1296,2.4756891718959135,8.180569296002303e-05
1297,2.3130920543427163,8.234559826082827e-05
1298,2.3078751526602934,8.236238202511725e-05
1299,2.4480052677141857,8.189990040641537e-05
1300,2.397659749551839,8.206883426208788e-05
1301,2.2546340251675625,8.253173096913094e-05
1302,2.1467802524600073,8.28638847613088e-05
1303,2.2367803292290045,8.258772655244695e-05
1304,2.377958761287406,8.213409666998446e-05
1305,2.4848411381659985,8.177434494057124e-05
1306,2.552310166895041,8.154013183398787e-05
1307,2.5382604555330146,8.158935462488006e-05
1308,2.4425822269579203,8.191824585894988e-05
1309,2.291169391988225,8.24159000153315e-05
1310,2.1650206933187293,8.280874339538183e-05
1311,2.017261689786054,8.324319363800247e-05
1312,2.058218252010305,8.312557704436099e-05
1313,2.2149891415899026,8.2655529127709e-05
1314,2.3529890043361466,8.221612701563588e-05
1315,2.4693326141871403,8.182740629678551e-05
1316,2.5283353081831916,8.162398466493759e-05
1317,2.5236434491087323,8.164031400741456e-05
1318,1.8829237371817422,8.361368217582057e-05
1319,1.8722963743497565,8.364198277269216e-05
1320,2.0401797151123895,8.317764573906082e-05
1321,2.2023937069288286,8.269444680524434e-05
1322,2.3490363292540315,8.222904184817331e-05
1323,2.4601632729719185,8.185864157397633e-05
1324,1.6897242307764628,8.410478019902106e-05
1325,1.857465191527006,8.368122935030783e-05
1326,2.0362612742585338,8.318890095756129e-05
1327,2.1982037747983982,8.270734861004738e-05
1328,1.6740785454760994,8.414236720002701e-05
1329,1.8573409233474398,8.368155696560642e-05
1330,2.3070384098709327,8.236507084007147e-05
1331,2.2211036676020672,8.263656425672744e-05
1332,2.3365096877255596,8.226984347947944e-05
1333,2.4591048225721823,8.186224061224837e-05
1334,2.5250912720767427,8.163527788555133e-05
1335,2.125464968340189,8.29277853256798e-05
1336,2.1840846257262503,8.275066160221879e-05
1337,2.3205114965079394,8.232167032185529e-05
1338,2.4241572761821226,8.198030765063875e-05
1339,2.4826943560259607,8.178170735465492e-05
1340,2.4841002973706963,8.177688629194528e-05
1341,2.4255307706086104,8.197569550527681e-05
1342,2.3146641598142375,8.234053387317282e-05
1343,2.0262737397625683,8.321749921576915e-05
1344,2.170407908297304,8.279237692177121e-05
1345,2.301897757730196,8.238157087640261e-05
1346,2.399016890807924,8.206432100802908e-05
1347,2.460547496877784,8.185733476505823e-05
1348,2.4700336391903295,8.182501406890524e-05
1349,2.013589999572869,8.325363194023106e-05
1350,2.163286302326385,8.281400468027401e-05
1351,2.291501944650266,8.24148380489899e-05
1352,2.393831199409841,8.208155416910003e-05
1353,2.012358517510553,8.32571290309513e-05
1354,2.1610488575730153,8.282078634430626e-05
1355,2.301194025501425,8.238382710095546e-05
1356,2.3933564593131913,8.20831301850734e-05
1357,2.440957544650949,8.19237349877303e-05
1358,2.2848819202571495,8.243595236226741e-05
1359,2.370657098554719,8.215816341398935e-05
1360,2.4196664075190966,8.199537175831614e-05
1361,2.427985119676173,8.196744815865038e-05
1362,2.2757351074241217,8.246503587025916e-05
1363,2.362944061674425,8.218351482433324e-05
1364,2.406772622593252,8.203848558535538e-05
1365,3.7615520893508605,7.64840867284375e-05
1366,3.7525163236962764,7.652736644529561e-05
1367,3.723722466575228,7.666478336519072e-05
1368,3.6709243405003957,7.691476304641355e-05
1369,3.589372628279766,7.729572832877423e-05
1370,3.4761780581327884,7.781391851686303e-05
1371,3.3319799252264235,7.845568561149922e-05
1372,3.161299675071365,7.918780927734228e-05
1373,2.9715589764104897,7.996533580588167e-05
1374,2.771308719814956,8.074274556406213e-05
1375,2.568504284213805,8.148310363442186e-05
1376,2.3694978728365665,8.216197826339857e-05
1377,2.178971711108995,8.276628420770934e-05
1378,3.7841806914131833,7.637537230292209e-05
1379,3.757828805879773,7.650192965769554e-05
1380,3.6810716028972483,7.686692134077363e-05
1381,3.5756325337609316,7.735929079483814e-05
1382,3.4424517155788195,7.796588544504453e-05
1383,3.28249091371427,7.867108179359671e-05
1384,3.100238646111801,7.944227499247392e-05
1385,2.9052269760596863,8.022784584971719e-05
1386,2.8017687063732564,8.062742262550241e-05
1387,2.8549344119300053,8.042359834799379e-05
1388,2.6518813397021073,8.118456140585486e-05
1389,2.449052211211536,8.18963546130022e-05
1390,2.348288759387736,8.223148226325623e-05
1391,2.5458757728698,8.156270386750522e-05
1392,2.7414675451824406,8.085469175189326e-05
1393,2.8416115516437825,8.047497641004361e-05
1394,2.7158896126302428,8.094982603917439e-05
1395,2.9150705740082183,8.018919947204572e-05
1396,3.1049803159088,7.94226575582986e-05
1397,3.27614743854182,7.869850877865554e-05
1398,3.4224528354158523,7.805546423821778e-05
1399,3.541248628235634,7.75175554611794e-05
1400,3.633559776426225,7.709009258568721e-05
1401,3.7027998129253694,7.676415485228034e-05
1402,3.8486617213673773,7.606304277150524e-05
1403,3.827358270417578,7.61666452040356e-05
1404,3.717925691815397,7.669235560393426e-05
1405,3.563273791148125,7.741630793325896e-05
1406,3.3820525817881357,7.823520302443037e-05
1407,3.185239435343614,7.90869593887516e-05
1408,2.9909185534487484,7.988780024577647e-05
1409,2.887998555329152,8.029522402678945e-05
1410,2.9634792163018724,7.999757300695775e-05
1411,2.95989416049041,8.001185377587615e-05
1412,2.751350806134341,8.081772937130181e-05
1413,2.555036718661774,8.153055209033573e-05
1414,2.7392807944615445,8.086285473245514e-05
1415,2.8655340865765413,8.03825785042659e-05
1416,2.8687820585847326,8.0369983731251e-05
1417,2.7757982690835044,8.072581476835268e-05
1418,2.68207457143494,8.107443094672e-05
1419,2.880414277980918,8.032477949862437e-05
1420,3.069697711757895,7.956804941092443e-05
1421,3.242772685172636,7.884212231824001e-05
1422,3.3948940111039008,7.817824998013998e-05
1423,3.52469398836513,7.759334576905633e-05
1424,3.946391266172994,7.558261190150914e-05
1425,3.927210515628793,7.567756413865723e-05
1426,3.794802733695421,7.632418014036444e-05
1427,3.610671000595331,7.719684342551115e-05
1428,3.4131770068113063,7.809687683501893e-05
1429,3.235324595117656,7.88740136741812e-05
1430,3.136046073236848,7.929353426553977e-05
1431,3.1527356828652913,7.922373877162811e-05
1432,3.223742052753858,7.892349284223336e-05
1433,3.074091421102812,7.955001718850383e-05
1434,2.8523585735281825,8.043354744109688e-05
1435,2.795769117286344,8.065022138488759e-05
1436,2.8701874492533657,8.036453031033967e-05
1437,2.873893437356787,8.035013906479093e-05
1438,2.816643195256022,8.05707214835964e-05
1439,2.7126057846049223,8.096198493241266e-05
1440,2.666564872892603,8.113113627165976e-05
1441,2.862280068272062,8.039518478218863e-05
1442,3.0527790574761995,7.963728982827971e-05
1443,3.2316497679605427,7.888972726894549e-05
1444,4.067089301154302,7.497785994633521e-05
1445,4.045884010607204,7.508500310920298e-05
1446,3.9061308158388384,7.578154659430966e-05
1447,3.733835295800142,7.661660754346158e-05
1448,3.583772662931013,7.732165597285564e-05
1449,3.4973734062705915,7.771783999213514e-05
1450,3.491847810843646,7.774293009658265e-05
1451,3.545825684074993,7.749655384448215e-05
1452,3.403384158599478,7.814050415348326e-05
1453,3.1833744752275073,7.909483760200975e-05
1454,2.9415589571870218,8.008466766226834e-05
1455,2.8200895873233156,8.055754793415121e-05
1456,2.8504482669856896,8.044092108990594e-05
1457,2.831490314263224,8.051387327441221e-05
1458,2.769666423830432,8.074893313503168e-05
1459,2.671156940226194,8.111437644688748e-05
1460,2.6608222028556754,8.115206073030068e-05
1461,2.8567014089955403,8.041676903849448e-05
1462,4.2014896440878555,7.429014138380993e-05
1463,4.183366605464454,7.438373367889541e-05
1464,4.069088645338158,7.496773850246571e-05
1465,3.9548374312000485,7.554069874354084e-05
1466,3.8861482888462744,7.587975671664232e-05
1467,3.878375544989079,7.591786304674077e-05
1468,3.900159467205029,7.581093140093246e-05
1469,3.7243149288086346,7.666196357985804e-05
1470,3.515625525919037,7.763474977179425e-05
1471,3.2758419867834885,7.869982839567926e-05
1472,3.0102673143170753,7.980989573236242e-05
1473,2.794640875852513,8.065450416442758e-05
1474,2.816381759388752,8.057172024849889e-05
1475,2.797933059512346,8.064200303360487e-05
1476,2.7435832746015314,8.084678862927926e-05
1477,2.656793147724821,8.11667182438963e-05
1478,4.341657957919638,7.35575113442322e-05
1479,4.340675475357339,7.356269962685618e-05
1480,4.279478109498874,7.388440679777404e-05
1481,4.2357095850076805,7.411270450608173e-05
1482,4.23544032030876,7.411410432684784e-05
1483,4.172912435041541,7.44376016378407e-05
1484,4.022398911443984,7.520322359190411e-05
1485,3.8334626980486037,7.613699986096501e-05
1486,3.6062874055470475,7.721723116665124e-05
1487,3.344122619778631,7.84024523436684e-05
1488,3.0552572129401496,7.962716727770349e-05
1489,2.769067399638722,8.075118926759968e-05
1490,2.79500272257338,8.065313076090808e-05
1491,2.785617073875001,8.068870588289777e-05
1492,4.479935939154287,7.282006196053896e-05
1493,4.502969732194678,7.269585196247204e-05
1494,4.497592631512737,7.272488234994825e-05
1495,4.486710467983059,7.278357009298456e-05
1496,4.4062559826725,7.321477777851172e-05
1497,4.285257539553007,7.38541489876068e-05
1498,4.122392788639056,7.469666759961061e-05
1499,3.9165428388497223,7.573023452397655e-05
1500,3.6689325116129528,7.692414266974452e-05
1501,3.385262284990261,7.822098324793773e-05
1502,3.0770656482004344,7.953779880616421e-05
1503,2.7618094328956606,8.077849249060469e-05
1504,4.608421672191244,7.21223722278488e-05
1505,4.646529847948275,7.191321947732801e-05
1506,4.641095908261507,7.194310393796776e-05
1507,4.593585060593385,7.220353053542787e-05
1508,4.504071146471302,7.268990297455339e-05
1509,4.371064808261752,7.340188000206446e-05
1510,4.1925695172318225,7.433624030461156e-05
1511,3.9680571240690594,7.547497361219678e-05
1512,3.7006762435337817,7.677421795983653e-05
1513,3.3989144145720482,7.816038494755846e-05
1514,4.7196109935059765,7.150936509134044e-05
1515,4.747572261781679,7.13539074953465e-05
1516,4.732255127988087,7.143913062229998e-05
1517,4.674294957756617,7.176020947911086e-05
1518,4.572515554677534,7.231852022672836e-05
1519,4.424556283296868,7.31171139481414e-05
1520,4.228578856275424,7.414975549489506e-05
1521,3.9854567811944155,7.53882371929359e-05
1522,4.807433101723837,7.101938429094632e-05
1523,4.822883842909056,7.093266664624746e-05
1524,4.795325098174575,7.108723434875018e-05
1525,4.724300240847819,7.148333000738357e-05
1526,4.607620067630219,7.212676101458359e-05
1527,4.442691425653691,7.302008662561917e-05
1528,4.867798179539799,7.06797282712125e-05
1529,4.869154443852147,7.067207074008349e-05
1530,4.827471130819706,7.090689121067445e-05
1531,4.741209226466722,7.138932953231763e-05
1532,4.898447012987374,7.050640578035138e-05
1533,4.884737032175322,7.058400889962346e-05
1534,3.7013900757352407,7.677083574109476e-05
1535,3.5975560746507087,7.725778521266156e-05
1536,3.465657723816933,7.786144276579905e-05
1537,3.30819407892499,7.855952527893857e-05
1538,3.1287808713100738,7.932382429174448e-05
1539,2.9349090164392524,8.011098401054605e-05
1540,2.76370092732388,8.077138285319968e-05
1541,2.840730608343626,8.047836657645369e-05
1542,2.8971496526132476,8.025947670471572e-05
1543,2.777975139465533,8.071759711552896e-05
1544,2.5926544966588545,8.139747757151352e-05
1545,3.7669113535383296,7.645838149181453e-05
1546,3.634265443979104,7.708679352369649e-05
1547,3.4658244624930625,7.786069039840155e-05
1548,3.27659767991808,7.86965634634191e-05
1549,3.0828245202105684,7.951411367476224e-05
1550,2.9310172356299136,8.012636243326435e-05
1551,2.9308582684896547,8.012699023530906e-05
1552,2.9884541346479367,7.989769325435376e-05
1553,2.9703510142656633,7.997016000933385e-05
1554,2.829987673558165,8.051963814633301e-05
1555,2.7333644672831108,8.088491223332316e-05
1556,2.8560851117178556,8.041915138167344e-05
1557,2.904341051209811,8.023131870761788e-05
1558,2.8669271284131392,8.037717811584672e-05
1559,2.774218457329638,8.073177512676808e-05
1560,2.7404874658597818,8.085835099976918e-05
1561,2.924834309597856,8.015075963475318e-05
1562,3.1175016957748527,7.937073746996217e-05
1563,3.2976883964131956,7.860520412610892e-05
1564,3.4592989745445935,7.789011453196283e-05
1565,3.862929834691611,7.599342770267952e-05
1566,3.7139832392552767,7.671109001963766e-05
1567,3.534939796319646,7.754646992614486e-05
1568,3.35905378851128,7.833678863969049e-05
1569,3.229137007437316,7.890046372994837e-05
1570,3.1880173002555496,7.907521795014564e-05
1571,3.2053469960510212,7.90017853201071e-05
1572,3.1968120400727655,7.90379907760908e-05
1573,3.0895608932332825,7.9486362818592e-05
1574,2.901769237836499,8.024139532887743e-05
1575,2.839690915945483,8.048236653041852e-05
1576,2.886072311010658,8.030273661284665e-05
1577,2.8761982730877103,8.034118102482964e-05
1578,2.8183825630234365,8.056407458473994e-05
1579,2.7266863195047772,8.090976131655355e-05
1580,2.7299928955461144,8.089746415265858e-05
1581,2.9174598302956056,8.017980280770255e-05
1582,3.1119984425188187,7.939357752102767e-05
1583,3.983329522591247,7.539885542612884e-05
1584,3.8441472054629062,7.608503157585706e-05
1585,3.7007159049456,7.677403005196392e-05
1586,3.593526917660691,7.727647469142717e-05
1587,3.5442423358982915,7.750382126555458e-05
1588,3.5366560213667855,7.753860799879189e-05
1589,3.5130014922173474,7.764671538166556e-05
1590,3.4076889305706457,7.812133816483497e-05
1591,3.224536971215724,7.892010153637234e-05
1592,3.003992541558909,7.983520510156392e-05
1593,2.868496432757662,8.037109178971294e-05
1594,2.8663937094805205,8.03792462733182e-05
1595,2.842290799476108,8.047236183481364e-05
1596,2.784900286166249,8.06914186292437e-05
1597,2.702297575180318,8.100007129660872e-05
1598,2.7270879247219777,8.090826842155799e-05
1599,4.136079992787203,7.462668495442785e-05
1600,4.036448436594727,7.513255635678982e-05
1601,3.953653912071382,7.554657554883228e-05
1602,3.907417836610096,7.577520910531779e-05
1603,3.886576584347431,7.587765542082111e-05
1604,3.845486269900555,7.607851130859926e-05
1605,3.7345576475657056,7.661316276900393e-05
1606,3.5544316868198442,7.745701061688037e-05
1607,3.3267525495571957,7.847855594361374e-05
1608,3.075338735898866,7.954489427636933e-05
1609,2.8833191580867368,8.031346700020764e-05
1610,2.8476267872531498,8.045180424575344e-05
1611,2.822508360486449,8.054829429583957e-05
1612,2.7731140079682497,8.073594032205867e-05
1613,4.315369406504282,7.369608088250429e-05
1614,4.261475761251919,7.397848966032307e-05
1615,4.224450469361487,7.417118799689459e-05
1616,4.198668638637046,7.430472714378214e-05
1617,4.148720818438046,7.456191631356061e-05
1618,4.040097388341192,7.511417533074423e-05
1619,3.8706295073313344,7.595578524581581e-05
1620,3.650720352587618,7.700973172564026e-05
1621,3.3924411883322425,7.818914133560097e-05
1622,3.114873602030565,7.938164885189382e-05
1623,2.891033802431956,8.028337773408517e-05
1624,2.840587699937125,8.04789164531442e-05
1625,4.493069817269533,7.274928438272224e-05
1626,4.4710891238396915,7.286766625896024e-05
1627,4.449692697755237,7.298256327119039e-05
1628,4.40348903897276,7.322952251336954e-05
1629,4.307363295345581,7.373817633735087e-05
1630,4.156398363766032,7.452251479006176e-05
1631,3.9541940043707644,7.554389385217498e-05
1632,3.706867550665142,7.674486706860342e-05
1633,3.4243505925910824,7.804698096139294e-05
1634,3.1274734962131445,7.93292690000108e-05
1635,4.644535805215574,7.192418824188533e-05
1636,4.635234663017329,7.197531579634898e-05
1637,4.602985085757772,7.2152128827341e-05
1638,4.526769730553652,7.256710885015701e-05
1639,4.3997818428833195,7.324926878451503e-05
1640,4.221799922037827,7.418494116389132e-05
1641,3.9950735149124164,7.53401867863593e-05
1642,3.725266848847212,7.66574322989722e-05
1643,4.759332968554972,7.128836778421726e-05
1644,4.746571713541789,7.135947915001709e-05
1645,4.694316608217292,7.164954993171611e-05
1646,4.5940809507904214,7.220082041695412e-05
1647,4.443810541143085,7.301409114164859e-05
1648,4.243249978563456,7.407348113034746e-05
1649,4.835340825502035,7.086264132244625e-05
1650,4.809880896790844,7.100565611173587e-05
1651,4.7373089817975105,7.141102846968834e-05
1652,4.615754400377273,7.208220491064507e-05
1653,4.873044567858528,7.06501005821491e-05
1654,4.830370389572935,7.089059374718736e-05
1655,3.4722645574483657,7.783161001849819e-05
1656,3.2874115436954794,7.864977805691342e-05
1657,3.096645439975703,7.945712484323111e-05
1658,2.933693908237481,8.011578733782814e-05
1659,2.895516826347838,8.02658619742969e-05
1660,2.9477051216103236,8.006030122049916e-05
1661,2.9831509327891714,7.99189594048455e-05
1662,2.9606973693332614,8.000865549823215e-05
1663,2.862768062792372,8.03932950218775e-05
1664,3.5492310937444405,7.748091509786735e-05
1665,3.3785917766491957,7.825052359249265e-05
1666,3.240992503711615,7.884974999321517e-05
1667,3.177496571235435,7.91196437739459e-05
1668,3.1811670057161194,7.910415793912133e-05
1669,3.199600135464443,7.902617205262943e-05
1670,3.1877621748817733,7.907629665011947e-05
1671,3.118754810177034,7.936553215260919e-05
1672,3.0139155053029127,7.979516085967309e-05
1673,2.9813896541607416,7.9926015377102e-05
1674,2.986078034108145,7.990722538931663e-05
1675,2.964843441544475,7.999213499217502e-05
1676,2.917741835347721,8.017869329404952e-05
1677,2.8740562226241306,8.034950657539791e-05
1678,2.9310271287011758,8.012632336205554e-05
1679,3.0973635836845705,7.945415804055725e-05
1680,3.7117331973881607,7.672177569238198e-05
1681,3.599608559078514,7.724825867391832e-05
1682,3.5353562156789495,7.754456259623565e-05
1683,3.517607619298612,7.762570695456034e-05
1684,3.519554876844242,7.761681933222985e-05
1685,3.503054360795235,7.769201321163551e-05
1686,3.433210982230775,7.800732601406796e-05
1687,3.302671994456089,7.858354952750365e-05
1688,3.148706422424561,7.924061620547566e-05
1689,3.039865034407791,7.968993178574049e-05
1690,2.989971016537304,7.989160477000694e-05
1691,2.9497506621079617,8.00521823767338e-05
1692,2.9020560843819836,8.024027180274499e-05
1693,2.8670199985055325,8.03768180096154e-05
1694,3.952027918327679,7.555464749974408e-05
1695,3.8942861277767244,7.58398033138273e-05
1696,3.869024007969653,7.596363861706665e-05
1697,3.85956372833536,7.600986750063179e-05
1698,3.8338487824757537,7.613512376900834e-05
1699,3.757484171766002,7.650358059083043e-05
1700,3.6171858872330414,7.716650938927737e-05
1701,3.4283099044343244,7.802927062337723e-05
1702,3.2251092191798083,7.891765978471443e-05
1703,3.0683762371245566,7.95734687860118e-05
1704,2.9897072776980074,7.989266355108768e-05
1705,2.94419689466454,8.007421471313222e-05
1706,4.213103971285338,7.423002347431463e-05
1707,4.186263400499164,7.436879156514858e-05
1708,4.171032084642437,7.444728129107294e-05
1709,4.140197799080522,7.460560060361992e-05
1710,4.0625490865011695,7.50008318314594e-05
1711,3.923386319966039,7.56964570839014e-05
1712,3.729246608917543,7.663847898119225e-05
1713,3.4971795603245535,7.771872069693458e-05
1714,3.25964550601382,7.876966218983152e-05
1715,3.077002061026021,7.953806012786965e-05
1716,4.44551897873886,7.300493668007048e-05
1717,4.4297475212447175,7.30893644250083e-05
1718,4.400437624910836,7.324577652868357e-05
1719,4.32895936539065,7.36245130453711e-05
1720,4.199850187427516,7.429861882581095e-05
1721,4.013961496755701,7.524558228134684e-05
1722,3.7816023749688963,7.63877828493192e-05
1723,3.519065188915337,7.76190547014811e-05
1724,4.62418290875494,7.203598930141874e-05
1725,4.603100594049271,7.215149681742453e-05
1726,4.544700603907214,7.246984678178636e-05
1727,4.4322198977926845,7.307614143872188e-05
1728,4.263346691269942,7.396872372673592e-05
1729,4.043194974843657,7.509856291055518e-05
1730,4.741603426204421,7.138713585407731e-05
1731,4.70314660881215,7.16006612739037e-05
1732,4.612125699505766,7.210208689963378e-05
1733,4.464717008735232,7.290191898581274e-05
1734,4.799014831783659,7.106656799224247e-05
1735,4.735232235790179,7.142257833036744e-05
1736,3.2409854881617237,7.884978004672093e-05
1737,3.1690012448380096,7.915543148671884e-05
1738,3.165913928604023,7.916841827786216e-05
1739,3.1937099701755547,7.905113081038662e-05
1740,3.2225955944452402,7.892838273284519e-05
1741,3.2382279728008125,7.886158882919022e-05
1742,3.239525193812373,7.885603459893075e-05
1743,3.5304273016829524,7.756712773868071e-05
1744,3.507562411825918,7.767149618344635e-05
1745,3.5179358318053544,7.762420919490863e-05
1746,3.5398757322317325,7.752385097070763e-05
1747,3.5499063245060016,7.747781288445577e-05
1748,3.526333865194519,7.75858499989131e-05
1749,3.462907744442577,7.787384740600202e-05
1750,3.378536236348705,7.825076936409552e-05
1751,3.298854071089642,7.860014135756316e-05
1752,3.2363637575298383,7.886956764727294e-05
1753,3.189470230505684,7.906907348102865e-05
1754,3.160704039288393,7.91903107378201e-05
1755,3.862910623098431,7.59935215591803e-05
1756,3.860617728762888,7.600472092967322e-05
1757,3.8714962205880283,7.595154472899714e-05
1758,3.8705584255506507,7.595613299388374e-05
1759,3.830270963439553,7.615250426860842e-05
1760,3.735997307476685,7.660629583752912e-05
1761,3.599970205264152,7.724657968772177e-05
1762,3.4506183981596066,7.792919080060204e-05
1763,3.3248175708154246,7.848701459877753e-05
1764,3.2400962242411424,7.885358909690987e-05
1765,4.1739396385513,7.443231260048798e-05
1766,4.175559375914189,7.442397089375399e-05
1767,4.166764018575794,7.446924179442667e-05
1768,4.118575024427552,7.471616039625497e-05
1769,4.012961583544034,7.52505981781067e-05
1770,3.8544558621129004,7.603479465159185e-05
1771,3.6627891276265063,7.695304871456551e-05
1772,3.4728818812754327,7.782882032810228e-05
1773,4.425876086803304,7.311006089156146e-05
1774,4.415039505249327,7.316793354235368e-05
1775,4.367508164790731,7.342073787198576e-05
1776,4.262759670544039,7.397178816980336e-05
1777,4.099961632607584,7.481102493582559e-05
1778,3.8918116965384426,7.585195792140785e-05
1779,4.598224619761994,7.217816792582621e-05
1780,4.560224304901444,7.238545773520733e-05
1781,4.465395159989999,7.289827505433946e-05
1782,4.309222021362568,7.37284077220301e-05
1783,4.68415457942482,7.170574903778116e-05
1784,4.607699455707382,7.212632638452266e-05
1785,3.5168911069279107,7.762897631011684e-05
1786,3.5536301061320614,7.746069678167032e-05
1787,3.606190803271239,7.72176802494888e-05
1788,3.659388159971521,7.69690358010751e-05
1789,3.6932869628218232,7.680920134268878e-05
1790,3.88150110774744,7.590254621476007e-05
1791,3.918479897746599,7.572067791835116e-05
1792,3.9506347475755774,7.556156182167657e-05
1793,3.9527983030550673,7.55508233499272e-05
1794,3.9089678497839664,7.576757467143271e-05
1795,3.8238012179183523,7.618390412603967e-05
1796,3.719228860447181,7.668615981947146e-05
1797,3.622992224021853,7.713944040030808e-05
1798,4.198374058752877,7.430624987543357e-05
1799,4.216421922130457,7.421282936934035e-05
1800,4.20123359402386,7.429146553110696e-05
1801,4.132802206283522,7.464345824943747e-05
1802,4.013886120974653,7.524596042091846e-05
1803,3.8650792030994743,7.598292508597398e-05
1804,4.427303047741374,7.310243373155239e-05
1805,4.40680726674748,7.321183936442676e-05
1806,4.329289917475057,7.36227705154409e-05
1807,4.192560088892995,7.433628899618376e-05
1808,4.545639084902397,7.246474990767491e-05
1809,4.471054956456509,7.286785000159906e-05
1810,3.98848224026822,7.537312890015612e-05
1811,4.060161891270295,7.501290327598559e-05
1812,4.105916987761162,7.478070413135442e-05
1813,4.266574121149628,7.395187064521907e-05
1814,4.287252760032287,7.384369710716053e-05
1815,4.255739443088771,7.400841512638294e-05
1816,4.172641276398798,7.443899768258055e-05
1817,4.41579784831372,7.316388645749029e-05
1818,4.366525257284733,7.342594771128862e-05
1819,4.343256145703234,7.354907007834886e-05
1820,3.7615520893508605,7.64840867284375e-05
1821,3.7525163236962764,7.652736644529561e-05
1822,3.723722466575228,7.666478336519072e-05
1823,3.6709243405003957,7.691476304641355e-05
1824,3.589372628279766,7.729572832877423e-05
1825,3.4761780581327884,7.781391851686303e-05
1826,3.3319799252264235,7.845568561149922e-05
1827,3.161299675071365,7.918780927734228e-05
1828,2.9715589764104897,7.996533580588167e-05
1829,2.8169639004240996,8.0569496185492e-05
1830,2.9473985573589396,8.006151758766348e-05
1831,3.0381600043193484,7.969686849713203e-05
1832,3.0849959283949504,7.95051737897584e-05
1833,3.7841806914131833,7.637537230292209e-05
1834,3.7960507424070284,7.631815873167704e-05
1835,3.783620163619108,7.63780708787582e-05
1836,3.7414044995837163,7.658048740267188e-05
1837,3.6652326605241368,7.694155557256405e-05
1838,3.5540797618181306,7.745862906268121e-05
1839,3.4107630273950593,7.810764008951553e-05
1840,3.2413323663601923,7.884829401390995e-05
1841,3.0535144870034356,7.963428650705757e-05
1842,2.9246549451600905,8.015146675235913e-05
1843,3.02373509313673,7.9755427580461e-05
1844,3.0828257632106735,7.951410855867425e-05
1845,3.097980909103187,7.94516072956155e-05
1846,3.07053659518124,7.956460816374765e-05
1847,3.0050866315250517,7.983079518706942e-05
1848,2.994569634688353,7.987313128397462e-05
1849,3.1680779599567934,7.915931634254989e-05
1850,3.3491753085738707,7.83802572090005e-05
1851,3.511863976824982,7.76519003679883e-05
1852,3.646357781907317,7.703018748474538e-05
1853,3.74589098511961,7.655905305932393e-05
1854,3.806825379265604,7.626611447520158e-05
1855,3.8280088178390157,7.616348749930844e-05
1856,3.8068021315030665,7.626622688088412e-05
1857,3.8486617213673773,7.606304277150524e-05
1858,3.8769954472240027,7.592462346937213e-05
1859,3.8752476283291095,7.59331827569428e-05
1860,3.838453101556864,7.611273980106109e-05
1861,3.764318086078689,7.647082314931525e-05
1862,3.6540985483533466,7.699387929241968e-05
1863,3.512255876773753,7.765011416499135e-05
1864,3.345119095243527,7.839807714625757e-05
1865,3.1591908354697606,7.919666396620648e-05
1866,3.056672523736385,7.962138314782048e-05
1867,3.123666926960337,7.934511146491948e-05
1868,3.1572013461599804,7.920501319073819e-05
1869,3.171263933156903,7.914590707487196e-05
1870,3.2007046134737207,7.902148791175889e-05
1871,3.3093710074474623,7.85544009111053e-05
1872,3.470015121961583,7.78417720478115e-05
1873,3.635150775181041,7.708265385016327e-05
1874,3.7835893989686085,7.637821898221861e-05
1875,3.9007238019853427,7.580815566942702e-05
1876,3.9725904871018916,7.545240010674818e-05
1877,3.986559611950033,7.53827308745504e-05
1878,3.9357083598574185,7.563553597430716e-05
1879,3.946391266172994,7.558261190150914e-05
1880,3.985861739806267,7.538621539816587e-05
1881,3.989955332266545,7.536576985369527e-05
1882,3.9554320929547684,7.553774547240652e-05
1883,3.8822161431602686,7.589904096646381e-05
1884,3.773241587019515,7.642798528298731e-05
1885,3.6333147414758407,7.709123803670889e-05
1886,3.4675441953151482,7.785292892152699e-05
1887,3.2801185533156416,7.868134392737652e-05
1888,3.3011812251182353,7.859002985818322e-05
1889,3.3733504653731505,7.827370320404792e-05
1890,3.4516515938529726,7.792454371125177e-05
1891,3.5583191242907866,7.74391249573547e-05
1892,3.690289402017994,7.682337831135213e-05
1893,3.836343649208729,7.61229972938224e-05
1894,3.979654646096101,7.541718946159168e-05
1895,4.102745909872176,7.479685285201886e-05
1896,4.1846667406030225,7.437702821779409e-05
1897,4.200141366170551,7.429711333121136e-05
1898,4.131198080429,7.465166377743092e-05
1899,4.067089301154302,7.497785994633521e-05
1900,4.113084871214884,7.474417108012067e-05
1901,4.119849352592098,7.470965524509343e-05
1902,4.086190160691719,7.488102784519832e-05
1903,4.013707560269349,7.524685619161689e-05
1904,3.90583089312323,7.57830232511423e-05
1905,3.7663627719142827,7.646101392140832e-05
1906,3.5982661858095986,7.725448971090329e-05
1907,3.6305950747519464,7.710394768818412e-05
1908,3.730191613673843,7.663397631568945e-05
1909,3.837907567749977,7.611539291387163e-05
1910,3.9626051600849865,7.550209775071531e-05
1911,4.093071199191506,7.484606992784401e-05
1912,4.222898460384629,7.417924174288631e-05
1913,4.340519263189146,7.356352448236445e-05
1914,4.426372804606045,7.310740608731138e-05
1915,4.448473664792569,7.298909927598373e-05
1916,4.3726575370308,7.339343201040951e-05
1917,4.2014896440878555,7.429014138380993e-05
1918,4.25044414327293,7.403601690450973e-05
1919,4.25778254851578,7.399775953193205e-05
1920,4.223992763618396,7.417356334056812e-05
1921,4.151398277271033,7.454818091578893e-05
1922,4.042786360442762,7.510062286713699e-05
1923,3.924923027786667,7.568886671170745e-05
1924,4.009577683665145,7.526756663574696e-05
1925,4.116937125894106,7.472451952836472e-05
1926,4.235749389658948,7.411249756960311e-05
1927,4.3592672905416725,7.346439545786909e-05
1928,4.48200230348468,7.280893475388818e-05
1929,4.594482358655492,7.219862653410547e-05
1930,4.681804374985818,7.17187365216257e-05
1931,4.71268100849499,7.154781428257741e-05
1932,4.639293200009841,7.195301364817053e-05
1933,4.341657957919638,7.35575113442322e-05
1934,4.390394897072156,7.329922208223463e-05
1935,4.3962049962838226,7.326831101048656e-05
1936,4.360588911597558,7.345739738620266e-05
1937,4.285679556391659,7.385193852809053e-05
1938,4.281058707478159,7.387613427140574e-05
1939,4.364092795204945,7.343883767918705e-05
1940,4.472088960656986,7.286228903929102e-05
1941,4.59258158708564,7.220901415361983e-05
1942,4.717077740192277,7.152342386830633e-05
1943,4.8321754262614185,7.088044449863554e-05
1944,4.927036449907965,7.034420986155431e-05
1945,4.972908479127072,7.008293331540098e-05
1946,4.910875691465274,7.043595561665864e-05
1947,4.479935939154287,7.282006196053896e-05
1948,4.525092458678834,7.257619512781486e-05
1949,4.526749498777286,7.256721846363891e-05
1950,4.513707271627569,7.263781887664964e-05
1951,4.565125871303571,7.23587767950653e-05
1952,4.649908708981665,7.189462696483279e-05
1953,4.759152176497366,7.12893759793303e-05
1954,4.881377042143534,7.060300990833281e-05
1955,5.0126736345036775,6.98554291803426e-05
1956,5.12699047777412,6.91963303481583e-05
1957,5.205620106831133,6.873878002187381e-05
1958,5.170583976391296,6.894307001206951e-05
1959,4.608421672191244,7.21223722278488e-05
1960,4.648984478720087,7.189971340447923e-05
1961,4.685655192495904,7.169745454775057e-05
1962,4.745849511381873,7.136350039909908e-05
1963,4.8349025143803095,7.08651068956124e-05
1964,4.947604116415006,7.02272171887404e-05
1965,5.073976418230249,6.950290590025344e-05
1966,5.203230229839467,6.875273582240848e-05
1967,5.346976816299039,6.790806075387251e-05
1968,5.407601588827192,6.754872610977517e-05
1969,4.7196109935059765,7.150936509134044e-05
1970,4.76650004986778,7.124838310439172e-05
1971,4.826345418357921,7.091321769115462e-05
1972,4.911740060369656,7.04310525563381e-05
1973,5.021139997884559,6.980687199079145e-05
1974,5.145118801933181,6.909113823198871e-05
1975,5.269318925254118,6.836570328135827e-05
1976,5.390692125743461,6.764913017774306e-05
1977,4.807433101723837,7.101938429094632e-05
1978,4.851232530921881,7.077316620609626e-05
1979,4.917320613590001,7.039938637736673e-05
1980,5.008111628355737,6.988157638673203e-05
1981,5.114384550027649,6.926937125977251e-05
1982,5.215816645189916,6.867920287145866e-05
1983,4.867798179539799,7.06797282712125e-05
1984,4.9021302101029445,7.048553796599658e-05
1985,4.96157079982632,7.014762727154812e-05
1986,5.039235063435162,6.970295203996172e-05
1987,4.898447012987374,7.050640578035138e-05
1988,4.9190869788104115,7.038935940118834e-05
1989,3.871268332991213,7.595265976576498e-05
1990,3.9074976464478586,7.577481606147757e-05
1991,3.891369802838948,7.585412797120253e-05
1992,3.827903540027259,7.616399853509766e-05
1993,3.722930479747414,7.666855226784213e-05
1994,3.584096810620509,7.732015600072494e-05
1995,3.420923782947987,7.806229672741855e-05
1996,3.2468916564801393,7.882446079113625e-05
1997,3.1066717318834103,7.941565391205951e-05
1998,3.1026234842579683,7.943241136302457e-05
1999,3.1287482174903993,7.932396030444959e-05
2000,3.9689920193033745,7.547031982795222e-05
2001,4.014956105333114,7.524059215130247e-05
2002,4.001031446784523,7.531037805433627e-05
2003,3.9365644463385627,7.563129850209756e-05
2004,3.831565154140997,7.614621861311828e-05
2005,3.696119491090513,7.679579719666068e-05
2006,3.5416637839046894,7.751565137593686e-05
2007,3.387878968916678,7.820938300369089e-05
2008,3.288079859174764,7.86468826745114e-05
2009,3.2783852254783175,7.868883811540286e-05
2010,3.2998592380059804,7.859577458457277e-05
2011,3.351197677703344,7.8371366192374e-05
2012,3.4470910821699485,7.79450479135633e-05
2013,3.586246048521319,7.731020799285797e-05
2014,3.739704339636533,7.658860513861036e-05
2015,3.884637329112339,7.588716846656744e-05
2016,4.003849740235103,7.529626700820059e-05
2017,4.079717236846305,7.49138764897287e-05
2018,4.093589520686223,7.48434350944838e-05
2019,4.0334342775218825,7.514773123771454e-05
2020,4.089704090159113,7.48631808499007e-05
2021,4.1408404603745295,7.460230874320615e-05
2022,4.127757830150959,7.46692544575118e-05
2023,4.064813111721586,7.49893788180813e-05
2024,3.964760665507455,7.549137693201549e-05
2025,3.839662979927205,7.610685480829417e-05
2026,3.706813982294396,7.67451211709209e-05
2027,3.605529551088329,7.722075402703648e-05
2028,3.5884326751013598,7.730008237956876e-05
2029,3.638168515240105,7.706853778204488e-05
2030,3.7271344716255173,7.66485397034691e-05
2031,3.8433605996637183,7.608886102509124e-05
2032,3.9741688776021156,7.544453648904726e-05
2033,4.106617826553068,7.477713398749965e-05
2034,4.224696624762671,7.416991046172927e-05
2035,4.307164362807562,7.373922167785738e-05
2036,4.324889345368994,7.364596158915004e-05
2037,4.251986798713782,7.40279780831789e-05
2038,4.224128759925718,7.417285758142831e-05
2039,4.2778098075966495,7.389313623469004e-05
2040,4.266944290082469,7.394993716515908e-05
2041,4.209734489252744,7.424747563507144e-05
2042,4.121602901064942,7.47007016021423e-05
2043,4.022060150147612,7.520492545275349e-05
2044,3.9508094312664666,7.556069495677637e-05
2045,3.956394281670274,7.553296630258044e-05
2046,4.0265845575317964,7.518218781946914e-05
2047,4.127274537067668,7.467172485328502e-05
2048,4.244339246134823,7.406781129960587e-05
2049,4.363793483644318,7.34404234648014e-05
2050,4.474294779731614,7.285042335447834e-05
2051,4.5577856516943696,7.239872587150417e-05
2052,4.5821603712852434,7.226592082519871e-05
2053,4.5065427161037075,7.267655028915621e-05
2054,4.364316562280284,7.343765209224834e-05
2055,4.419561576238946,7.314379406920252e-05
2056,4.414444222790329,7.31711101144007e-05
2057,4.370616296899724,7.340425860507674e-05
2058,4.31248145730131,7.371127117598016e-05
2059,4.280739063873552,7.387780737775809e-05
2060,4.312931332621201,7.370890530431557e-05
2061,4.3965992278525095,7.326621269095354e-05
2062,4.504102641642991,7.268973284915398e-05
2063,4.617595321730775,7.207211485787074e-05
2064,4.725134626552473,7.147869590699045e-05
2065,4.81143170414788,7.099695660936711e-05
2066,4.845948862149282,7.080293246305716e-05
2067,4.776408942723265,7.119304714400519e-05
2068,4.502618582277537,7.269774841903347e-05
2069,4.559384461773792,7.239002759674079e-05
2070,4.566974136066147,7.234871165380677e-05
2071,4.5550717352385695,7.241348671761565e-05
2072,4.563151087910532,7.23695282664373e-05
2073,4.618788116409525,7.206557592701944e-05
2074,4.712809935139741,7.154709925781838e-05
2075,4.824723471924421,7.092233158584118e-05
2076,4.941340255319737,7.026287417279486e-05
2077,5.039780129326516,6.969981879668276e-05
2078,5.095337021720112,6.937956846215297e-05
2079,5.042394422745688,6.968478848297228e-05
2080,4.6311668457000845,7.199765762638845e-05
2081,4.690132747847941,7.167269632811149e-05
2082,4.72263259625551,7.149259057181676e-05
2083,4.7655952126360175,7.125343297338022e-05
2084,4.8418921968189,7.082577434407457e-05
2085,4.946902391130067,7.023121292708047e-05
2086,5.0659650088034915,6.954909784135613e-05
2087,5.196417615232813,6.879250175648215e-05
2088,5.297827893435482,6.819805100713447e-05
2089,5.290377474943685,6.824190447231867e-05
2090,4.742481009743728,7.138225183212453e-05
2091,4.804365775350703,7.103658164387032e-05
2092,4.868494964655303,7.067579433296255e-05
2093,4.957763133995955,7.01693370288685e-05
2094,5.071027738684091,6.951991153792982e-05
2095,5.19636778859478,6.879279250873572e-05
2096,5.339187209975623,6.795410136968311e-05
2097,5.459696948743758,6.723854753004634e-05
2098,4.830474322525422,7.089000941525126e-05
2099,4.8934954162288875,7.053444682587788e-05
2100,4.977311559515038,7.00577883112473e-05
2101,5.084028493238736,6.944489659921328e-05
2102,5.200280724279154,6.876995542000799e-05
2103,5.30172624734397,6.81750939520139e-05
2104,4.891005196820251,7.05485433217726e-05
2105,4.949623276980826,7.021571811087902e-05
2106,5.033134562156582,6.973800834030458e-05
2107,5.126755495049942,6.9197692681679e-05
2108,4.921755481994751,7.037420773889378e-05
2109,4.968639956285743,7.010729891355551e-05
2110,4.154189033733359,7.45338580894331e-05
2111,4.2190051707864304,7.419943652496956e-05
2112,4.2045046084847115,7.427454573227183e-05
2113,4.129689492103717,7.46593786822105e-05
2114,4.017282624333485,7.52289163048723e-05
2115,3.886820845804792,7.587645695703931e-05
2116,3.758091527718983,7.650067104353052e-05
2117,3.6553669702779543,7.698792435143437e-05
2118,3.599518144746893,7.72486784138626e-05
2119,4.288648957911407,7.383638134009769e-05
2120,4.355552291085373,7.348405952768668e-05
2121,4.34311755198724,7.354980217615369e-05
2122,4.276245058266597,7.39013218558037e-05
2123,4.180100319496961,7.440057357603555e-05
2124,4.077683262138381,7.492419125627322e-05
2125,3.9954042929968416,7.533853263217857e-05
2126,3.960082660870792,7.551463878911501e-05
2127,3.981112107487465,7.540991954354485e-05
2128,4.0520353077774205,7.505396154291325e-05
2129,4.151834088068603,7.45459446485753e-05
2130,4.262915898627727,7.397097263373675e-05
2131,4.367286880532504,7.342191083901196e-05
2132,4.44328852407059,7.301688788016856e-05
2133,4.460473928403105,7.292471083295789e-05
2134,4.386353361010664,7.332070905337143e-05
2135,4.4288148605458035,7.309435139014226e-05
2136,4.497075882468858,7.272767112411444e-05
2137,4.491694465504859,7.275670191561845e-05
2138,4.441311490226656,7.302747814133394e-05
2139,4.374940934590889,7.338131730137615e-05
2140,4.323013965378762,7.365584034908543e-05
2141,4.314020646347501,7.370317601188522e-05
2142,4.355828776644062,7.348259640758739e-05
2143,4.433067792568907,7.307160561103038e-05
2144,4.527924848482723,7.256085006705085e-05
2145,4.622746570407623,7.2043868559076e-05
2146,4.697432408411443,7.163230476663926e-05
2147,4.719838077370329,7.150810463824564e-05
2148,4.645477049140569,7.191901101612332e-05
2149,4.567077013821362,7.234815133929448e-05
2150,4.636901588229295,7.196615720564604e-05
2151,4.6453055310414975,7.191995448068709e-05
2152,4.6241635650631565,7.203609542367661e-05
2153,4.608150564478081,7.212385659292939e-05
2154,4.6265275666441745,7.202312426824897e-05
2155,4.68616025956696,7.169466249969098e-05
2156,4.77261363845733,7.12142494377588e-05
2157,4.863614265057767,7.070334363837202e-05
2158,4.9422730290186605,7.025756585974803e-05
2159,4.976421635101444,7.006287139605145e-05
2160,4.910937270104306,7.043560633205387e-05
2161,4.695688181643617,7.16419594193954e-05
2162,4.767704825730645,7.124165846223247e-05
2163,4.798903832351698,7.106718983207061e-05
2164,4.823485550453107,7.092928648119193e-05
2165,4.870910570635069,7.066215386912592e-05
2166,4.949006018407285,7.02192336452323e-05
2167,5.051097653245275,6.963472288444702e-05
2168,5.145026216728136,6.909167592820178e-05
2169,5.207662975117276,6.872684819432874e-05
2170,5.165138151013379,6.897476454040903e-05
2171,4.807259435033034,7.102035813557563e-05
2172,4.8821438777156905,7.059867400673251e-05
2173,4.943916537763851,7.024821155809111e-05
2174,5.0196517591103,6.981541051337784e-05
2175,5.117804745191309,6.924956275492102e-05
2176,5.229875813538661,6.859696695844076e-05
2177,5.356505015305296,6.785170356290107e-05
2178,5.396445688344693,6.761498234637737e-05
2179,4.895672257963027,7.052212115832731e-05
2180,4.972585930944754,7.008477486390369e-05
2181,5.060793303941808,6.957889734657621e-05
2182,5.168129068689884,6.895735947976758e-05
2183,5.283852037924797,6.828029032724773e-05
2184,5.399886172580498,6.759455523422645e-05
2185,4.956638142506061,7.017574961488301e-05
2186,5.030999797806298,6.975027061542541e-05
2187,5.125627958672508,6.920422925172246e-05
2188,5.223973687755799,6.863150275228608e-05
2189,4.987662777379914,6.999862966393658e-05
2190,5.051137504051476,6.963449354168538e-05
2191,4.526216173746084,7.257010785311849e-05
2192,4.600764546442457,7.21642768307382e-05
2193,4.589099179846274,7.222803880552185e-05
2194,4.527306007909048,7.256420325343807e-05
2195,4.4471439061444435,7.299622770574168e-05
2196,4.373818265171615,7.338727418623914e-05
2197,4.3297652146140075,7.36202648043455e-05
2198,4.664067295057163,7.181663358563595e-05
2199,4.7393256356729765,7.139981010080386e-05
2200,4.739407964933489,7.139935205768739e-05
2201,4.701862175900267,7.160777596730444e-05
2202,4.661275967228591,7.183202053541992e-05
2203,4.644979317520839,7.192174881845178e-05
2204,4.666341421841816,7.180409376290729e-05
2205,4.716698830469961,7.152552633537611e-05
2206,4.7827936724485145,7.115735814400406e-05
2207,4.840455115217998,7.083386364422339e-05
2208,4.855483557860316,7.074920478414687e-05
2209,4.7821617429723196,7.116089164049603e-05
2210,4.792410632166534,7.110355222721068e-05
2211,4.8692244911257,7.067167521889058e-05
2212,4.889189253243517,7.055882050867153e-05
2213,4.8897750739411485,7.055550532528508e-05
2214,4.903985681401345,7.047502231294117e-05
2215,4.947150413418734,7.022980068144163e-05
2216,5.009544330012605,6.987336614291673e-05
2217,5.07057914933614,6.952249821281382e-05
2218,5.098608176237314,6.936065798689454e-05
2219,5.036373247473845,6.971940002682928e-05
2220,4.9040594990555,7.047460391697755e-05
2221,4.983652956123931,7.002155385648894e-05
2222,5.032774684182362,6.974007569550594e-05
2223,5.083142948769176,6.945000925795942e-05
2224,5.152279679386308,6.904953666744719e-05
2225,5.239311179058162,6.854171883962081e-05
2226,5.304245455233942,6.816025448596015e-05
2227,5.273254803123539,6.83425822905863e-05
2228,4.992884854781086,6.996876079001675e-05
2229,5.075572312591114,6.949369999898806e-05
2230,5.156305191728129,6.902613793313719e-05
2231,5.2506763062204005,6.847510955974513e-05
2232,5.367624206700171,6.778587982123884e-05
2233,5.481388696374417,6.710902187740954e-05
2234,5.0543798976789125,6.961583041258527e-05
2235,5.136502583032533,6.914115753444287e-05
2236,5.231643876942314,6.858661773034223e-05
2237,5.326357679083403,6.802986512511871e-05
2238,5.085764714512926,6.94348713074964e-05
2239,5.157929106908275,6.901669625281459e-05
2240,4.9095170589273724,7.044366142488645e-05
2241,4.98285881115509,7.00260928666756e-05
2242,4.9825894891603895,7.002763211728648e-05
2243,4.953970433504888,7.01909528513374e-05
2244,4.932224951982343,7.031472077608457e-05
2245,5.020697693565311,6.980940977252937e-05
2246,5.096074248106657,6.937530709472089e-05
2247,5.121024462422454,6.923090942245856e-05
2248,5.1354438891257335,6.914730070931652e-05
2249,5.1643079606330256,6.897959481297198e-05
2250,5.195139973462352,6.879995673267082e-05
2251,5.20768835873915,6.872669992171896e-05
2252,5.146335749966094,6.908407027049896e-05
2253,5.109616556003062,6.929697488290534e-05
2254,5.189232277256483,6.883441652358536e-05
2255,5.249309497893072,6.848312376297089e-05
2256,5.3140002670059205,6.810276337720636e-05
2257,5.380433165224447,6.770997839775439e-05
2258,5.360880783113478,6.782580695654111e-05
2259,5.171508579075442,6.893768726360644e-05
2260,5.253797950584062,6.845680234648219e-05
2261,5.341382789021211,6.794112738772307e-05
2262,5.437672073901714,6.73698399683533e-05
2263,5.203221202571094,6.875278853182634e-05
2264,5.277504606160462,6.831760826745026e-05
2265,5.234834815776649,6.856793566783254e-05
2266,5.30004926194805,6.818497050826095e-05
2267,5.31683402554232,6.808605334701701e-05
2268,5.296832969731281,6.82039087937107e-05
2269,5.370512724086291,6.776877042554688e-05
2270,5.433710745565343,6.73934298407877e-05
2271,5.422704565320909,6.745893342471037e-05
2272,5.328750915835917,6.801573825746428e-05
2273,5.400771083613385,6.75893003561319e-05
2274,5.454698071826328,6.726836608412557e-05
2275,3.7615520893508605,7.64840867284375e-05
2276,5.599340812023967,6.640102118843451e-05
2277,5.597526093940295,6.641195979533739e-05
2278,5.602465508979437,6.638218312366414e-05
2279,5.622208816543238,6.626306001536246e-05
2280,5.66187424702405,6.602324381260899e-05
2281,5.720936861264627,6.566496803522518e-05
2282,5.793114586069558,6.522528236130864e-05
2283,5.868693830797129,6.476279219387949e-05
2284,5.937813751469172,6.433805717719896e-05
2285,5.993082500204498,6.399727845839561e-05
2286,6.0305971473900035,6.376540701761821e-05
2287,6.049286931991107,6.364972423693845e-05
2288,5.553088794012031,6.667937450023817e-05
2289,5.534450235020912,6.67912820869604e-05
2290,5.542342889395331,6.674391251957314e-05
2291,5.566631479105652,6.659796768542234e-05
2292,5.610285650770235,6.633501920474498e-05
2293,5.673329915841864,6.595386291542863e-05
2294,5.750366833636873,6.548593044727007e-05
2295,5.832157641145411,6.498662636836714e-05
2296,5.908685239249284,6.451724941667348e-05
2297,5.9719176095481545,6.412789629515662e-05
2298,6.0171909694910735,6.384831930859145e-05
2299,6.042927904197618,6.368909635384303e-05
2300,6.0492081025477935,6.365021238794465e-05
2301,6.0363421983848795,6.372985880762907e-05
2302,6.003807832453253,6.393103262369103e-05
2303,5.951875106606835,6.425145248861355e-05
2304,5.883078284793213,6.467453750927237e-05
2305,5.803441800185917,6.516221058694343e-05
2306,5.722289269252704,6.565674804429993e-05
2307,5.6504008340216325,6.609267850410559e-05
2308,5.597012948164327,6.641505263897507e-05
2309,5.566963931500079,6.65959682693317e-05
2310,5.560016687727065,6.663774001393372e-05
2311,5.574344802464843,6.655156634432805e-05
2312,5.424797662907092,6.744648068700014e-05
2313,5.390613297891696,6.764959791672071e-05
2314,5.420649851132351,6.74711557926107e-05
2315,5.485508073527025,6.708439994331415e-05
2316,5.571458833149363,6.656893059364243e-05
2317,5.669124700062248,6.59793378676141e-05
2318,5.768709642954992,6.537417278380503e-05
2319,5.8605580752048825,6.481267613662662e-05
2320,5.936984447581851,6.434316284203335e-05
2321,5.993428749740942,6.3995140397246e-05
2322,6.028275762728098,6.377976795629152e-05
2323,6.041524969289757,6.369778099170452e-05
2324,6.033903427403147,6.374495025627348e-05
2325,6.004551953431932,6.392643514072209e-05
2326,5.9526666955472916,6.424657508892957e-05
2327,5.879303371458587,6.469770523038422e-05
2328,5.789059447035081,6.52500375876995e-05
2329,5.691209484007971,6.584546980960714e-05
2330,5.5995528748447905,6.639974284249505e-05
2331,5.530568310677198,6.681457025087079e-05
2332,5.499112034865285,6.70030329412129e-05
2333,5.5119183991639895,6.692636012715797e-05
2334,5.257253395384519,6.843653164817989e-05
2335,5.234163189874549,6.857186829355283e-05
2336,5.3061408967047505,6.81490872264593e-05
2337,5.421912350901526,6.746364610990882e-05
2338,5.550864121442844,6.669273964620884e-05
2339,5.677132046263309,6.593082366510888e-05
2340,5.790604219236676,6.524060801090264e-05
2341,5.884515084689865,6.466571814732991e-05
2342,5.955146795884646,6.423129252882297e-05
2343,6.001296224211814,6.394654906115197e-05
2344,6.022989676391914,6.381246334678941e-05
2345,6.019991254559841,6.383100523072843e-05
2346,5.992825582746063,6.399886487674298e-05
2347,5.939070134913885,6.433032172884187e-05
2348,5.858691767046408,6.482411598832661e-05
2349,5.755578580290689,6.545418980807495e-05
2350,5.640543660156454,6.615228885323202e-05
2351,5.53392202682113,6.679445126772027e-05
2352,5.464221243127932,6.721154993344613e-05
2353,5.454005364260464,6.727249720744178e-05
2354,5.1076269314115805,6.930848979422918e-05
2355,5.125053178553279,6.920756110531333e-05
2356,5.250602329411302,6.847554334335613e-05
2357,5.409182737482579,6.753933067721064e-05
2358,5.5642631516932815,6.6612209757614e-05
2359,5.701380887026592,6.578374948935116e-05
2360,5.814184884577024,6.509655700042644e-05
2361,5.900087635110779,6.457008462968393e-05
2362,5.958562738428228,6.421023990689217e-05
2363,5.989681841310101,6.40182751864496e-05
2364,5.990580205710328,6.401272876629519e-05
2365,5.964873986316252,6.417133324708996e-05
2366,5.908318503288566,6.45195036535097e-05
2367,5.820550536399245,6.505763490906022e-05
2368,5.706333718827437,6.57536806774252e-05
2369,5.58140295972615,6.650908382575189e-05
2370,5.478439408856376,6.71266453142804e-05
2371,5.436852131508147,6.7374723361886e-05
2372,5.033910369292882,6.97335513841026e-05
2373,5.106505301274085,6.931498023430487e-05
2374,5.271997652552001,6.83499681810537e-05
2375,5.447831885665829,6.730930435647867e-05
2376,5.604294789740402,6.637115289835015e-05
2377,5.732846129627999,6.559255842103145e-05
2378,5.831592322787548,6.499008594141235e-05
2379,5.900697196951271,6.456633950307392e-05
2380,5.940260668000892,6.432299122728912e-05
2381,5.948950083851418,6.426947330119551e-05
2382,5.917894854622856,6.446062504910059e-05
2383,5.857831918142409,6.482938616028341e-05
2384,5.763811040017906,6.540403119115233e-05
2385,5.644724332652296,6.612701151627983e-05
2386,5.529042221674373,6.682372362827168e-05
2387,5.46660638844314,6.71973133769782e-05
2388,5.0721452292015154,6.951346732105644e-05
2389,5.186397476255206,6.885094539152191e-05
2390,5.3584327700042005,6.784029590651522e-05
2391,5.5217050228259925,6.686771721183439e-05
2392,5.657257103237627,6.605119228041729e-05
2393,5.761787437437625,6.541636296891572e-05
2394,5.835738592350892,6.496470936325346e-05
2395,5.879230355945345,6.4698153298198e-05
2396,5.890330986690757,6.463001162771978e-05
2397,5.852311149884889,6.486321767813574e-05
2398,5.78668071566408,6.526455605850052e-05
2399,5.688286246971017,6.586320043405473e-05
2400,5.57922709520336,6.652218247612306e-05
2401,5.515723746106833,6.690356300198063e-05
2402,5.212245953112068,6.870007225127865e-05
2403,5.338127553181418,6.79603621768351e-05
2404,5.4859921066808015,6.708150632091007e-05
2405,5.614533308398524,6.630939041496779e-05
2406,5.713554389201134,6.570982633181765e-05
2407,5.782282384459616,6.529139546510043e-05
2408,5.820781183742775,6.505622436176659e-05
2409,5.826813835677564,6.501932415722992e-05
2410,5.775464662570839,6.533298403383497e-05
2411,5.697287420298719,6.580859370634145e-05
2412,5.595720664139102,6.642284102583634e-05
2413,5.54103143515721,6.675178541315671e-05
2414,5.406834614790235,6.755328316101141e-05
2415,5.521262627788427,6.687036903150052e-05
2416,5.630693657813013,6.621181568100841e-05
2417,5.714401438864609,6.570468047269313e-05
2418,5.768081539563629,6.537800176642866e-05
2419,5.791434334814206,6.52355404622476e-05
2420,5.782661666604497,6.528908130382369e-05
2421,5.736410939339151,6.557087324306366e-05
2422,5.604961017106833,6.636713531832695e-05
2423,5.50479296233359,6.696902983743595e-05
2424,5.607569491821286,6.635140351268453e-05
2425,5.699464085370872,6.579538384212034e-05
2426,5.769190177883119,6.537124329247239e-05
2427,5.807997239600905,6.51343764008777e-05
2428,5.8149082246947845,6.509213496477252e-05
2429,5.790113724392209,6.52436021794165e-05
2430,5.733189313840238,6.559047100406835e-05
2431,5.615231704162053,6.630517582713324e-05
2432,5.781929162345116,6.529355057439952e-05
2433,5.845956519542477,6.490214563359527e-05
2434,5.878246708368861,6.47041893785144e-05
2435,5.876526442377718,6.471474484627219e-05
2436,5.843528954660287,6.491701287205564e-05
2437,5.786973388872031,6.52627698562995e-05
2438,5.909498764515547,6.451224870980219e-05
2439,5.941890164744893,6.43129571133948e-05
2440,5.938344144866322,6.433479165375847e-05
2441,5.901959919537367,6.455858097163738e-05
2442,5.976877727462294,6.409729827026086e-05
2443,5.975277473847537,6.410717080723479e-05
2444,5.489688110994644,6.705940754429413e-05
2445,5.483172291708967,6.709836209656382e-05
2446,5.512350568496461,6.692377140735224e-05
2447,5.571614302063972,6.656799526266482e-05
2448,5.652910885727727,6.607749280755581e-05
2449,5.745208655353803,6.551733455611166e-05
2450,5.836629871173052,6.495925362027013e-05
2451,5.917027191211151,6.446596102432574e-05
2452,5.979665025487706,6.408010044214378e-05
2453,6.021487637292538,6.382175213072025e-05
2454,6.042030453346763,6.369465194576742e-05
2455,5.3449442644363065,6.79200770746945e-05
2456,5.367363380396333,6.778742455954436e-05
2457,5.439824937352127,6.735701649852595e-05
2458,5.541680419677107,6.674788953797204e-05
2459,5.655280986126164,6.606315143633918e-05
2460,5.7662313776741305,6.53892796714301e-05
2461,5.863736845052269,6.479318847724904e-05
2462,5.940979371935159,6.431856570228115e-05
2463,5.994871217145117,6.39862328706714e-05
2464,6.024886886074139,6.380072977119777e-05
2465,6.031323008522062,6.376091622913275e-05
2466,6.015233578550215,6.386042033092092e-05
2467,5.974780692382818,6.411023546009258e-05
2468,5.909487941979417,6.451231523698365e-05
2469,5.821128746307498,6.505409877075257e-05
2470,5.715900606808811,6.569557227697326e-05
2471,5.606035179282551,6.6360657355694e-05
2472,5.510226274949882,6.693649524580099e-05
2473,5.450626975917255,6.729264182667814e-05
2474,5.442805837816515,6.733925727542872e-05
2475,5.2135089351207204,6.869269135615341e-05
2476,5.281921262465074,6.829164395261469e-05
2477,5.4020134041273264,6.758192243776196e-05
2478,5.5397475083580465,6.675949232125118e-05
2479,5.673581515933652,6.595233850946179e-05
2480,5.790904149910031,6.52387770747797e-05
2481,5.884893049031819,6.466339800755237e-05
2482,5.952689567704163,6.424643415833856e-05
2483,5.9937571118533315,6.399311275382882e-05
2484,6.008097615211881,6.390452617682655e-05
2485,5.994878438004885,6.398618827872904e-05
2486,5.954636580151181,6.423443668210189e-05
2487,5.885113542289978,6.466204448332983e-05
2488,5.7876654725505166,6.525854590017442e-05
2489,5.66964891028986,6.597616262402315e-05
2490,5.548881147936434,6.670465091358054e-05
2491,5.456076286788427,6.726014611640216e-05
2492,5.422416230676706,6.746064868958555e-05
2493,5.149589540679005,6.906516847666249e-05
2494,5.26459190566963,6.839346126314372e-05
2495,5.416744693350045,6.749437993590641e-05
2496,5.569217080071683,6.65824162511332e-05
2497,5.704009229052591,6.57677939471637e-05
2498,5.81330813182652,6.510191664405943e-05
2499,5.894295450379507,6.460566519734122e-05
2500,5.946311016373804,6.42857299253797e-05
2501,5.968833762891927,6.414691590833699e-05
2502,5.956962846095191,6.422010060239963e-05
2503,5.916098754484427,6.44716704602621e-05
2504,5.841996851192162,6.492639490588204e-05
2505,5.737043755308378,6.556702322920615e-05
2506,5.613173601564757,6.631759520817118e-05
2507,5.500576381299489,6.699426950968389e-05
2508,5.443343732186133,6.733605223634175e-05
2509,5.177318310639191,6.890385427429064e-05
2510,5.318315987245624,6.80773129554895e-05
2511,5.475112305010479,6.714652161802991e-05
2512,5.618272515321668,6.628682314689466e-05
2513,5.736342356291074,6.557129048881651e-05
2514,5.82569172648369,6.502618882123122e-05
2515,5.885240412652864,6.46612656667437e-05
2516,5.913737823002261,6.448618771916117e-05
2517,5.900593343576256,6.456697758364284e-05
2518,5.857416195881757,6.483193410391964e-05
2519,5.778701358451312,6.531324215396355e-05
2520,5.670733232917145,6.596959431637608e-05
2521,5.558455812228327,6.664712221580197e-05
2522,5.493177643600812,6.703853759207808e-05
2523,5.28580572373858,6.826880004922634e-05
2524,5.42413926755541,6.745039798678448e-05
2525,5.5599526246793705,6.663812510872088e-05
2526,5.674805317178413,6.59449233218647e-05
2527,5.762718013206783,6.541069226006375e-05
2528,5.821766507220808,6.505019829648627e-05
2529,5.849914095005289,6.487790354517799e-05
2530,5.8432588496232665,6.491866695661638e-05
2531,5.780252780146429,6.530377802193103e-05
2532,5.695066355772092,6.582207107735626e-05
2533,5.594043363616395,6.643294878485929e-05
2534,5.536991796222641,6.677603132583594e-05
2535,5.443622191266115,6.73343929872514e-05
2536,5.55827947332603,6.664818209731512e-05
2537,5.657353799414851,6.605060704903754e-05
2538,5.731814671906611,6.55988319835724e-05
2539,5.778864333113039,6.531224800289729e-05
2540,5.796159412708387,6.520669070668385e-05
2541,5.7791570858984604,6.531046217563455e-05
2542,5.694961520411078,6.582270716738224e-05
2543,5.592823113118412,6.644030151301286e-05
2544,5.535069320693199,6.678756749620253e-05
2545,5.61611678389918,6.629983436856478e-05
2546,5.69828525176373,6.580253824639657e-05
2547,5.755494166100423,6.545470399139204e-05
2548,5.78433755383131,6.527885535725414e-05
2549,5.783340368535368,6.528494012035962e-05
2550,5.749368636115492,6.549200849018799e-05
2551,5.645847010029316,6.612022231366217e-05
2552,5.511940469179947,6.692622792848685e-05
2553,5.7736146741602274,6.534426606177122e-05
2554,5.821569100978693,6.505140562684472e-05
2555,5.8383820445471875,6.49485272859127e-05
2556,5.8240546523728485,6.503620303284494e-05
2557,5.780440901289164,6.530263036554734e-05
2558,5.715028953382683,6.570086811561571e-05
2559,5.892847843862219,6.461455582242018e-05
2560,5.906368809080757,6.453148717454468e-05
2561,5.886675819943764,6.46524537688872e-05
2562,5.839535378349346,6.494146628056734e-05
2563,5.957015216029216,6.421977784158856e-05
2564,5.936639751397653,6.43452849191986e-05
2565,5.355822654402284,6.7855741057119e-05
2566,5.402106204191544,6.758137128527239e-05
2567,5.498791920162048,6.70049485497649e-05
2568,5.620524782174888,6.627322718911395e-05
2569,5.742275579358266,6.553518718106446e-05
2570,5.847741704834908,6.489121119540863e-05
2571,5.928695134525862,6.439418383570686e-05
2572,5.982350338617135,6.40635294818288e-05
2573,6.008677655401979,6.390094167609677e-05
2574,5.30933285253917,6.813027728648945e-05
2575,5.39341040781935,6.76329989456708e-05
2576,5.51658186658815,6.689842126715554e-05
2577,5.649328449606629,6.609916559075063e-05
2578,5.769439532298659,6.536972311535024e-05
2579,5.865368453782365,6.478318439838973e-05
2580,5.932597271547348,6.437016893833784e-05
2581,5.969992379046647,6.413977051228102e-05
2582,5.976121291074119,6.410196510086266e-05
2583,5.952873577874717,6.424530034281544e-05
2584,5.8983414220892625,6.458081259067005e-05
2585,5.812806416558566,6.510498353315003e-05
2586,5.700523489108717,6.578895379212322e-05
2587,5.574820750547511,6.654870232307204e-05
2588,5.463596241666411,6.721528003546159e-05
2589,5.402395342568209,6.757965402587984e-05
2590,5.325693961590424,6.803378243135173e-05
2591,5.4312015994508736,6.740836810369057e-05
2592,5.559737039759657,6.663942101629118e-05
2593,5.6849283927985645,6.588356295895948e-05
2594,5.7901257756044995,6.524352861527673e-05
2595,5.867721352714552,6.476875612476802e-05
2596,5.9146064365689766,6.44808468757557e-05
2597,5.92883564924202,6.439331915610068e-05
2598,5.904053750827838,6.45457146569572e-05
2599,5.848054980650241,6.488929223167917e-05
2600,5.75886856283766,6.543414775590041e-05
2601,5.6454020143999815,6.612291341207482e-05
2602,5.533417843060008,6.679747618991276e-05
2603,5.466412386525258,6.719847144167762e-05
2604,5.3975116508577425,6.760865403586164e-05
2605,5.502841094069257,6.69807143543985e-05
2606,5.616049502738538,6.63002404221102e-05
2607,5.718108480573754,6.568215672751433e-05
2608,5.797420983012696,6.519898656934692e-05
2609,5.847907695482806,6.489019442793996e-05
2610,5.865385819178206,6.478307791877207e-05
2611,5.836357568206267,6.496092048608357e-05
2612,5.7772162375223886,6.532230098116239e-05
2613,5.686605269969123,6.587339469336237e-05
2614,5.5864245448708605,6.647884625255864e-05
2615,5.526522456742102,6.683883474550979e-05
2616,5.504970741588122,6.696796550793026e-05
2617,5.592864014347238,6.644005506929311e-05
2618,5.675962257431583,6.593791269738292e-05
2619,5.7429353641326,6.553117158786747e-05
2620,5.785589204008015,6.527121733640482e-05
2621,5.797432162055898,6.519891829869561e-05
2622,5.756910422277019,6.544607693707482e-05
2623,5.688052040922959,6.58646208410245e-05
2624,5.598776278299973,6.640442418783824e-05
2625,5.552807339636019,6.668106551078554e-05
2626,5.628445727931991,6.622539501442656e-05
2627,5.689044287641018,6.585860293719018e-05
2628,5.733695195784603,6.558739389504665e-05
2629,5.756425774785162,6.544902922974119e-05
2630,5.7509293015297045,6.548250540115977e-05
2631,5.709566563158288,6.57340487231203e-05
2632,5.593737910266513,6.643478938079152e-05
2633,5.515525233737864,6.690475241275353e-05
2634,5.7493210710691995,6.549229810505127e-05
2635,5.778406379088236,6.531504151278947e-05
2636,5.782604630247542,6.528942931029245e-05
2637,5.759206362838174,6.543208969736082e-05
2638,5.705339800982477,6.575971556746545e-05
2639,5.597737820944189,6.641068363700433e-05
2640,5.847116485331115,6.489504085759481e-05
2641,5.843599999835334,6.491657779721383e-05
2642,5.812150956024035,6.5108990097872e-05
2643,5.758330459975066,6.543742607663731e-05
2644,5.902162248441872,6.455733775340737e-05
2645,5.867896602997038,6.476768138945183e-05
2646,5.419168780696729,6.747996463174836e-05
2647,5.497056999183743,6.701532974045179e-05
2648,5.611479344674412,6.632781766654349e-05
2649,5.72864201360904,6.561812622011626e-05
2650,5.825762265546018,6.502575730192457e-05
2651,5.89307938088188,6.461313386275293e-05
2652,5.927408387501107,6.440210172729095e-05
2653,5.47100439656307,6.717105550026278e-05
2654,5.549161274960221,6.670296835918572e-05
2655,5.650396695993113,6.609270353684921e-05
2656,5.746818510786277,6.550753450769366e-05
2657,5.820208714553319,6.505972531950113e-05
2658,5.862097262659526,6.480324049421474e-05
2659,5.865413844772134,6.47829060736573e-05
2660,5.833056288841437,6.498112668426167e-05
2661,5.76600076216159,6.539068532734561e-05
2662,5.671999816602161,6.596192135447262e-05
2663,5.573029475986957,6.655948082338145e-05
2664,5.5082085706517905,6.694857877516824e-05
2665,5.5448735453003595,6.672871840340748e-05
2666,5.6092100943972145,6.634150750627277e-05
2667,5.6840528384847815,6.58888717054625e-05
2668,5.748934404134959,6.549465241694163e-05
2669,5.788900674063852,6.525100671681458e-05
2670,5.795150656848083,6.521285053416191e-05
2671,5.754096058361985,6.54632197412765e-05
2672,5.686850788750535,6.587190581918882e-05
2673,5.606924559386241,6.635529339126613e-05
2674,5.56110305072072,6.66312094139176e-05
2675,5.62853376926341,6.622486321245969e-05
2676,5.669666570122345,6.59760556530307e-05
2677,5.708042342634494,6.574330530679254e-05
2678,5.730101712718905,6.56092496786115e-05
2679,5.723625954323953,6.564862291326819e-05
2680,5.665205593940731,6.60030731191166e-05
2681,5.590589720449894,6.645375737492105e-05
2682,5.55852124878318,6.664672890722741e-05
2683,5.711834629322708,6.572027306829333e-05
2684,5.724409614165145,6.56438590581937e-05
2685,5.720686537595483,6.566648943399777e-05
2686,5.69159833932268,6.584311098567861e-05
2687,5.608740332667185,6.634434119411898e-05
2688,5.48304503459957,6.709912270551251e-05
2689,5.7820783828366595,6.529264014316494e-05
2690,5.764802616693654,6.539798798063635e-05
2691,5.72451967776604,6.564318996414532e-05
2692,5.663932664748135,6.601078100544898e-05
2693,5.823400660838443,6.504020331704845e-05
2694,5.780469816559226,6.53024539631707e-05
2695,5.560395791618411,6.663546111402264e-05
2696,5.611643364984115,6.63268280874352e-05
2697,5.686451141139134,6.587432934853278e-05
2698,5.752190472355106,6.547482528829485e-05
2699,5.789458236801337,6.524760338633556e-05
2700,5.614701290074761,6.630837671975057e-05
2701,5.643602361923222,6.613379592602916e-05
2702,5.683585207839439,6.589170696301068e-05
2703,5.710297611149941,6.572960874626944e-05
2704,5.703061894267924,6.57735451284193e-05
2705,5.66602066619304,6.599813731798993e-05
2706,5.614954158631443,6.63068507473279e-05
2707,5.590915302125427,6.645179592580861e-05
2708,5.665433868284057,6.600169079437649e-05
2709,5.665899910563068,6.599886859019352e-05
2710,5.6609789240747865,6.602866405691089e-05
2711,5.634604981257813,6.618818307836692e-05
2712,5.569304688501658,6.658188926811464e-05
2713,5.552073668770904,6.668547332771395e-05
2714,5.7068359847714945,6.575063086021202e-05
2715,5.678036880311972,6.592533990496315e-05
2716,5.6295804406058085,6.621854068574946e-05
2717,5.544590933867911,6.673041534851382e-05
2718,5.731298043820488,6.560197407837738e-05
2719,5.682112047404489,6.590063820028594e-05
2720,5.612557657611046,6.632131170383877e-05
2721,5.607696330353183,6.635063847157585e-05
2722,5.618805184634504,6.62836078454287e-05
2723,5.625243350631897,6.624473635115263e-05
2724,5.587969035368206,6.646954390066504e-05
2725,5.540232553737262,6.675658086973963e-05
2726,5.536162460504332,6.678100810848752e-05
2727,5.6307917179480995,6.621122326975359e-05
2728,5.574664514506077,6.654964248542531e-05
2729,5.521562080996954,6.68685740482318e-05
