Mode_Index,Frequency_THz,Cv_Contribution_eV_K
0,0.0,0.0
1,0.204959477882735,8.610388411081905e-05
2,0.40530189983257375,8.590214295679272e-05
3,0.5968863273401476,8.558646452836848e-05
4,0.7764727143134307,8.518300230617213e-05
5,0.9421279523995434,8.472011485084181e-05
6,1.0936548335042755,8.422196343301598e-05
7,1.232967740605677,8.370231427773447e-05
8,1.3641631054882104,8.316018591741395e-05
9,1.4929875380694195,8.257928098369582e-05
10,1.6256278990098643,8.193222814565692e-05
11,1.7670180564806104,8.11894760364711e-05
12,1.9161047098584156,8.034911474609895e-05
13,0.1698143054575843,8.612565206269509e-05
14,0.3104351973785022,8.601411282325995e-05
15,0.487141394748063,8.57818962960981e-05
16,0.6620462513252287,8.545201803259657e-05
17,0.8261650554963702,8.505321215918326e-05
18,0.9763556912749605,8.461377776647388e-05
19,1.1124922565967879,8.41551208731366e-05
20,1.2370065158063706,8.368638216692953e-05
21,1.3545325369084715,8.320169469072966e-05
22,1.4711361534153466,8.268115055716931e-05
23,1.5931140672489956,8.20953552342597e-05
24,1.7255649833550442,8.141279916825516e-05
25,1.8556344640476086,8.069689914846601e-05
26,1.705987677579987,8.151667632505093e-05
27,1.5708718131744086,8.22052686734813e-05
28,1.4456110797211585,8.279843078593637e-05
29,1.3240258347138103,8.333140043270374e-05
30,1.1994925270448638,8.383249736267721e-05
31,1.0661515372378838,8.431761652886014e-05
32,0.9198932301734833,8.478724199003268e-05
33,0.7589435972151097,8.522691949278997e-05
34,0.5843852803138491,8.561069410777618e-05
35,0.40258185750301345,8.590576396840094e-05
36,0.24265602945974396,8.607600754992583e-05
37,0.32225641342876393,8.600177069525648e-05
38,0.4288265343568974,8.586981694396647e-05
39,0.5721709918203509,8.563388027466873e-05
40,0.7213789982957843,8.531774235363926e-05
41,0.8643115880721519,8.494829116196022e-05
42,0.9965128067837582,8.454945721094182e-05
43,1.1176824460318722,8.413651479363354e-05
44,1.230459770805392,8.371218328704521e-05
45,1.3395529732956568,8.326572241643708e-05
46,1.4506581484370475,8.277538807320326e-05
47,1.569194751065806,8.221350056538632e-05
48,1.6990415749479144,8.15532852547514e-05
49,1.6738955841366199,8.16847283694582e-05
50,1.5334230975156276,8.238722239824875e-05
51,1.405036903004025,8.298102822270865e-05
52,1.2832361991276773,8.350057335180848e-05
53,1.1615117642099184,8.397614428581613e-05
54,1.034111734787689,8.442613247685427e-05
55,0.8975169120917379,8.485324022713482e-05
56,0.7519009917790682,8.524428905275935e-05
57,0.6037919719899114,8.557286369690607e-05
58,0.4730662910106407,8.580413189129283e-05
59,0.44465367777830306,8.584705104605378e-05
60,0.5245299702101881,8.571970152635877e-05
61,0.6382025755977577,8.550280020707261e-05
62,0.7628671556961608,8.521717422963333e-05
63,0.8867022129100418,8.48845768522119e-05
64,1.0048789549124684,8.452239274364635e-05
65,1.1169092913718546,8.413929161766153e-05
66,1.225123981494564,8.373311769542798e-05
67,1.33341760419299,8.329175840313885e-05
68,1.4459981916526212,8.279666597364362e-05
69,1.5663033875118388,8.222767454572521e-05
70,1.6401307929314992,8.185852962679494e-05
71,1.489061782613534,8.259768210833982e-05
72,1.3533546154183091,8.320675317041848e-05
73,1.23034421667727,8.371263754868542e-05
74,1.1146843000153168,8.414727267662266e-05
75,1.0011528650622696,8.45344732964155e-05
76,0.8870900263964936,8.488345945396074e-05
77,0.7747155219881647,8.518744873603226e-05
78,0.6738355902319384,8.542623489761696e-05
79,0.5321730140887645,8.570642863763963e-05
80,0.590538841781441,8.559883031035887e-05
81,0.6817356718900874,8.54087082003005e-05
82,0.7886407767311726,8.515194338837512e-05
83,0.9005496182858759,8.484438698521653e-05
84,1.0124376008345826,8.449775502021483e-05
85,1.1231602346561662,8.41167891683113e-05
86,1.233881430990304,8.369871420541625e-05
87,1.346715805171485,8.323518751499419e-05
88,1.4636526630038396,8.271572696947843e-05
89,1.5859602325612554,8.213085629695727e-05
90,1.4361163247388675,8.284158271157588e-05
91,1.2922036064609639,8.346380045230673e-05
92,1.169244346590464,8.394724990589261e-05
93,1.0642165031101927,8.43242594456981e-05
94,0.9728060468017161,8.46249744267756e-05
95,0.8924246357325735,8.486804117932898e-05
96,0.8243997886042213,8.505795651395274e-05
97,0.5892301264407356,8.560136369495067e-05
98,0.6335601818796113,8.551247505021832e-05
99,0.7118321791161148,8.534010764983556e-05
100,0.8101957166826085,8.509577356597318e-05
101,0.9185146047507854,8.47913533818162e-05
102,1.03113804197321,8.443604454268538e-05
103,1.1457026045013077,8.403465827580962e-05
104,1.2616812418283527,8.358799471191269e-05
105,1.379184181484832,8.309490670615134e-05
106,1.4982605662199886,8.25544963378489e-05
107,1.380137493015077,8.309074172761659e-05
108,1.230390868492499,8.371245415776566e-05
109,1.1105632687653848,8.416201519391622e-05
110,1.0205596016200262,8.447108494797617e-05
111,0.9568003137088078,8.467497654112444e-05
112,0.9150929082785465,8.480153208556401e-05
113,0.6287141307906505,8.552250035559495e-05
114,0.6681509469731781,8.54387227875118e-05
115,0.7426897213532434,8.526676920509978e-05
116,0.8398214544095062,8.501617702753731e-05
117,0.9494363488187177,8.46977147562807e-05
118,1.0651665511683295,8.432099938741591e-05
119,1.1834837469305697,8.38935715408454e-05
120,1.3024024638664227,8.342169033364466e-05
121,1.4205451898420176,8.291179266769322e-05
122,1.326758178128922,8.331989396637112e-05
123,1.1772373693241107,8.391719347809507e-05
124,1.0661118726429661,8.43177528111214e-05
125,0.995542853216889,8.455258103984165e-05
126,0.9615629656977291,8.466018095745549e-05
127,0.6668371706644376,8.544159411908714e-05
128,0.7082703023122544,8.534837750441766e-05
129,0.7837459147310247,8.516449392399104e-05
130,0.8815441971241684,8.489939372906205e-05
131,0.9919369918754908,8.456416859707772e-05
132,1.1083550419947776,8.416989367289057e-05
133,1.2265638075633039,8.372747703408584e-05
134,1.3436003294942624,8.324848703875988e-05
135,1.2816789545898122,8.350693506230232e-05
136,1.142247270950156,8.404734706381363e-05
137,1.0480373705476305,8.437935385254366e-05
138,1.0011522639340498,8.453447524191117e-05
139,0.7137882866315108,8.533554878437296e-05
140,0.7581870830001672,8.522879288361913e-05
141,0.8333350748094281,8.503384089580837e-05
142,0.9289867022273336,8.475997465082587e-05
143,1.0364360677949156,8.44183659907416e-05
144,1.1492788401049787,8.402148757660705e-05
145,1.2627988934105805,8.358349553069286e-05
146,1.2628557650421701,8.358326649138662e-05
147,1.1361295460827903,8.406972436915148e-05
148,1.0683726074940885,8.430997755882407e-05
149,0.7677785316132039,8.520490652388765e-05
150,0.8111181850989668,8.509333692555822e-05
151,0.8817125870328332,8.489891132958891e-05
152,0.971263635982012,8.46298275023519e-05
153,1.072082963923233,8.429718285694417e-05
154,1.1777728187554932,8.391517315476674e-05
155,1.2533583614033166,8.36213828010534e-05
156,1.1697392535282631,8.394539446405259e-05
157,0.8188754937914712,8.507274014649874e-05
158,0.8562491939959951,8.49708480831712e-05
159,0.9187417330193676,8.479067643864287e-05
160,0.9995761864326136,8.453957223820501e-05
161,1.0915143284351934,8.422949054631708e-05
162,1.1878818779181157,8.387686893924385e-05
163,0.8571944498987955,8.49682140206205e-05
164,0.8855922033115615,8.488777249455236e-05
165,0.9383605690035847,8.473159695072256e-05
166,1.009418813058528,8.450761599568826e-05
167,0.8772341840215697,8.491171070730765e-05
168,0.8956319777119629,8.485872833762172e-05
169,0.37028266432656753,8.594691077920706e-05
170,0.5070597544464462,8.57493281268682e-05
171,0.6667053281419746,8.544188196264733e-05
172,0.8226873648137426,8.506254945231543e-05
173,0.9669292767886136,8.464342577812129e-05
174,1.09816685003952,8.420605122102784e-05
175,1.218852634228238,8.375761433018632e-05
176,1.3338924399417607,8.328974731467119e-05
177,1.4493773065381454,8.27812427139783e-05
178,1.5706367784065636,8.220642281646609e-05
179,1.6944058975683665,8.157764506137447e-05
180,0.4849202668777687,8.578544804792437e-05
181,0.5966800318169965,8.558686846531425e-05
182,0.7302975092516794,8.52965862792394e-05
183,0.8633817367762934,8.495090311153951e-05
184,0.9882536964021653,8.457596353669911e-05
185,1.104140796082001,8.418488812126859e-05
186,1.2138593426943802,8.377703493138974e-05
187,1.3219945069117454,8.333994063510728e-05
188,1.432908001250944,8.285610573848246e-05
189,1.5459996759765084,8.232655205405899e-05
190,1.6175235988005716,8.197316051315841e-05
191,1.5335659222066282,8.238653588379187e-05
192,1.411714856772483,8.29512996954446e-05
193,1.2940543249152983,8.345618170939194e-05
194,1.1802908194552213,8.390566086199351e-05
195,1.0653790215849626,8.432026992491229e-05
196,0.944970282702868,8.471142288824406e-05
197,0.8181407567473918,8.507469912731698e-05
198,0.6901424137602727,8.538983791932544e-05
199,0.5766528088642987,8.562542852940794e-05
200,0.5697339158387619,8.563844881510002e-05
201,0.6598796332271687,8.545670790047217e-05
202,0.7712097374341376,8.519629056266063e-05
203,0.8860181219927982,8.488654675979968e-05
204,0.9979814771394544,8.45447216902244e-05
205,1.1064004529766935,8.417685487989776e-05
206,1.213309724335034,8.377916804165459e-05
207,1.3213988154245433,8.334244278111704e-05
208,1.430732192750695,8.286593815780788e-05
209,1.5227287793131674,8.243846441291767e-05
210,1.4835230048601176,8.26235698424628e-05
211,1.3611799607799713,8.317307236789995e-05
212,1.2405700215610735,8.367228465959025e-05
213,1.130421412986824,8.409050149821137e-05
214,1.0278006910954571,8.444713643297673e-05
215,0.9292360198780815,8.475922342757216e-05
216,0.8348121991573915,8.50298300112965e-05
217,0.750764460760026,8.524707736152977e-05
218,0.6258259321918819,8.552843939350228e-05
219,0.7011254808872515,8.536484392247248e-05
220,0.7984906617774217,8.512645806536176e-05
221,0.9039875764144252,8.483431593962609e-05
222,1.0118776660518252,8.449958618671824e-05
223,1.120597294489242,8.41260296812442e-05
224,1.230341607331978,8.371264780597797e-05
225,1.340397027981413,8.326213200820293e-05
226,1.4397802373682937,8.282496140055921e-05
227,1.4319217053362083,8.286056446093344e-05
228,1.307160163271825,8.340194178348428e-05
229,1.1837044330845203,8.389273483161712e-05
230,1.079998125034775,8.42697480173617e-05
231,0.9953597830154283,8.455317030931494e-05
232,0.9265477474216415,8.476731329554922e-05
233,0.872301460492855,8.492573577088547e-05
234,0.6648420042978376,8.544594407906971e-05
235,0.7340798177207364,8.528753748764043e-05
236,0.8265300394794749,8.505222999702475e-05
237,0.9304561500549268,8.475554424069733e-05
238,1.0398788287421827,8.440683194936491e-05
239,1.1518891387350796,8.40118499218628e-05
240,1.2642603258769296,8.357760686492702e-05
241,1.3692054621036995,8.313834550404546e-05
242,1.3851730802933715,8.306869787408292e-05
243,1.2573167054253496,8.360552906097985e-05
244,1.1336567573235208,8.407873720611366e-05
245,1.0401941476295211,8.440577374115805e-05
246,0.9775275812702446,8.461007270546728e-05
247,0.9412727813776319,8.472272508370508e-05
248,0.7024107148259628,8.536189392363394e-05
249,0.7723764798810974,8.519335228914874e-05
250,0.8649856442702336,8.49463960426082e-05
251,0.9699248807824179,8.46340338186597e-05
252,1.080988444863937,8.426630201031766e-05
253,1.1940561742508486,8.385332330307924e-05
254,1.3029475954887684,8.341943093669316e-05
255,1.353020611581497,8.320818678655284e-05
256,1.2167189661372013,8.376592198182516e-05
257,1.0994398503743756,8.420155062512639e-05
258,1.0216852645846244,8.44673726150712e-05
259,0.9833462869446139,8.459161329951907e-05
260,0.7485876083625054,8.5252406471475e-05
261,0.8205062441989583,8.506838609546656e-05
262,0.9126612204875559,8.480874355243955e-05
263,1.0163618947706257,8.448489423126237e-05
264,1.125600712415509,8.410797169950653e-05
265,1.234819184488242,8.369501674109853e-05
266,1.309695727196988,8.33913898926794e-05
267,1.1915347310297015,8.386295259728127e-05
268,1.090932506823817,8.423153411971859e-05
269,1.0353816540420013,8.44218912452879e-05
270,0.8018391915392223,8.511772422891923e-05
271,0.8721921412596285,8.49260457305594e-05
272,0.9601740580699327,8.466450298473869e-05
273,1.0588696214956057,8.434255563912333e-05
274,1.1626056227647739,8.397206777888742e-05
275,1.2598304781740146,8.359543696162285e-05
276,1.191182482465988,8.386429630587812e-05
277,1.1190000886916454,8.413177823920779e-05
278,0.8525169841607696,8.498122086929865e-05
279,0.9168358810645768,8.47963517348882e-05
280,0.9972551406115814,8.454706449196426e-05
281,1.088301077191922,8.424076380971655e-05
282,1.1850132983491821,8.38877694008117e-05
283,1.2300551575597671,8.371377371211059e-05
284,0.8907548291795165,8.487287689019604e-05
285,0.9461990543565032,8.470765747975769e-05
286,1.0172945554695396,8.448183072245082e-05
287,1.0991334457554,8.420263434545907e-05
288,0.9108505778845117,8.481410124685457e-05
289,0.9563228232555863,8.46764560244703e-05
290,0.6570423438383566,8.546282672168872e-05
291,0.7519579757740478,8.524414914289855e-05
292,0.8597322037959757,8.496112839323021e-05
293,0.9680340996866534,8.463996512112824e-05
294,1.0734370002255331,8.429250316559507e-05
295,1.1777230912709888,8.391536081955163e-05
296,1.284336559161958,8.349607381523986e-05
297,1.3935531863105906,8.30318506989088e-05
298,1.4875171873922357,8.260491012523905e-05
299,0.7112285072817562,8.534151208815582e-05
300,0.7921728616395455,8.51428398963226e-05
301,0.8860491697799416,8.488645738636789e-05
302,0.9836188962846636,8.459074589919896e-05
303,1.0825940694805585,8.426070858088034e-05
304,1.183933453387066,8.389186636993413e-05
305,1.2876545526606022,8.348248446135459e-05
306,1.3839134058427458,8.307421911309327e-05
307,1.4209821888903922,8.290983171857733e-05
308,1.345784408003664,8.323916647817397e-05
309,1.2379206912952643,8.368276921311697e-05
310,1.1342053567729213,8.407673926232239e-05
311,1.0398420975320215,8.440695519924688e-05
312,0.9529750031656768,8.468680922548913e-05
313,0.8725959337432118,8.492490064591427e-05
314,0.8024537457519698,8.511611745929797e-05
315,0.7490443905294614,8.525128948170246e-05
316,0.8239831577279986,8.505907482266687e-05
317,0.9127173464782372,8.480857731201887e-05
318,1.007925455702144,8.451248372188388e-05
319,1.1070988251852907,8.417436898086859e-05
320,1.2088823742506407,8.37963180531804e-05
321,1.306680652505756,8.340393517486516e-05
322,1.3662991082231075,8.3150943054421e-05
323,1.303510037757654,8.341709887856517e-05
324,1.1950860654101316,8.38493847155582e-05
325,1.0954967150395496,8.421547527650459e-05
326,1.0146849704902037,8.449039568756858e-05
327,0.9514982695430988,8.469136499511736e-05
328,0.9039322286914155,8.483447836603471e-05
329,0.7852978048191395,8.516052306287599e-05
330,0.8609875950687728,8.49576157516806e-05
331,0.950164354881944,8.469547434267296e-05
332,1.0465190085172924,8.438448316869464e-05
333,1.1466936882741965,8.403101213775481e-05
334,1.2455271117115758,8.365261134169884e-05
335,1.3183996205769128,8.335502484916689e-05
336,1.2707183553661496,8.355150945419781e-05
337,1.1622400688478178,8.397343049727771e-05
338,1.069816803002636,8.430500242644094e-05
339,1.0057360427965145,8.451960787870452e-05
340,0.9678283024776293,8.464061003013378e-05
341,0.8299292212568443,8.504306271236557e-05
342,0.9080156143860383,8.482246934951448e-05
343,0.9976657678450407,8.454574021198207e-05
344,1.0935309485698121,8.422239945599224e-05
345,1.1910868365522325,8.38646610984152e-05
346,1.2744901309610728,8.353621044486212e-05
347,1.246688524536956,8.36479914762136e-05
348,1.1432270789136367,8.404375264107375e-05
349,1.0639125445435371,8.432530188705046e-05
350,1.019710241663397,8.447388347941533e-05
351,0.8818986111500376,8.489837830875474e-05
352,0.9592912798724376,8.466724691957155e-05
353,1.0460285505967726,8.438613851973854e-05
354,1.1378859714403855,8.406331131555214e-05
355,1.2272218101205856,8.372489718996861e-05
356,1.2409332567496638,8.367084555548624e-05
357,1.1444005306963774,8.40394440236899e-05
358,1.0860783116172632,8.424854369397555e-05
359,0.9320379983554444,8.475076742615732e-05
360,1.0043462700024475,8.452412241180582e-05
361,1.0848490274847111,8.425283984007748e-05
362,1.17094957641836,8.39408537754772e-05
363,1.237805230431939,8.368322566809832e-05
364,1.1753981913538547,8.39241263922019e-05
365,0.9704130158365433,8.463250076049419e-05
366,1.0345427013862556,8.442469370464824e-05
367,1.1072346647249944,8.417388527963546e-05
368,1.187851706278934,8.387698371828608e-05
369,0.9908089242388574,8.456778543600387e-05
370,1.0451656599235013,8.438904908439006e-05
371,0.8380120879107958,8.502111766882412e-05
372,0.9017815591918928,8.484078242350791e-05
373,0.9764507110731698,8.461347750910392e-05
374,1.0596049170143804,8.434004475613472e-05
375,1.1514929501972124,8.401331403759462e-05
376,1.2494255843496518,8.363708818775378e-05
377,1.3331152292180186,8.329303871961782e-05
378,0.8721917978032613,8.49260467043237e-05
379,0.9367472696172978,8.473650040805195e-05
380,1.011981502397262,8.449924668144902e-05
381,1.0956633276649648,8.421488786300164e-05
382,1.1857579822588946,8.388494200818582e-05
383,1.2703541143183192,8.355298465897772e-05
384,1.294452460395584,8.345454141260085e-05
385,1.2191781917122204,8.375634554639646e-05
386,1.1267978973833632,8.41036396682329e-05
387,1.0469105237885656,8.43831612313178e-05
388,0.9833174771942803,8.459170495421846e-05
389,0.9348656201955482,8.474220925683973e-05
390,0.915178284401289,8.480127855695698e-05
391,0.9828073096847629,8.459332756470969e-05
392,1.0592783851838365,8.434115999927019e-05
393,1.1421491719812626,8.404770678002053e-05
394,1.224752884370095,8.373457050513404e-05
395,1.2688903379771233,8.355890911752962e-05
396,1.1994283271239192,8.383274381971426e-05
397,1.1141734435240507,8.414910300374491e-05
398,1.0491027524634482,8.437575057348823e-05
399,1.00664699698936,8.451664550841929e-05
400,0.9663216076187043,8.464532757907307e-05
401,1.0343242707761586,8.442542300152793e-05
402,1.1088368353610405,8.416817599964319e-05
403,1.1867393302056048,8.38812135189718e-05
404,1.2444287326788717,8.365697679092644e-05
405,1.189950551905042,8.386899278076555e-05
406,1.1169332793640323,8.413920549080798e-05
407,1.0704624139152035,8.430277629127701e-05
408,1.0166122521806167,8.44840721455809e-05
409,1.080545477982661,8.426784376773404e-05
410,1.1498237557540665,8.401947735416028e-05
411,1.2183083843242775,8.375973471099637e-05
412,1.1944948993345812,8.385164588552805e-05
413,1.1416470207879188,8.404954764844614e-05
414,1.0557511895153153,8.435318606485489e-05
415,1.1123078541092988,8.415578042684927e-05
416,1.1765881436844754,8.391964194039381e-05
417,1.2312415919295256,8.37091087808747e-05
418,1.0768110751514748,8.428081767173379e-05
419,1.124062431666578,8.411353162281347e-05
420,0.9759604645104144,8.461502636162686e-05
421,1.0281839016617995,8.444586454784818e-05
422,1.093169162486979,8.422367252390867e-05
423,1.1701752691582445,8.394375920014953e-05
424,1.2443343897666352,8.365735158494906e-05
425,1.0267755382971397,8.445053672195083e-05
426,1.080281114619368,8.426876360611057e-05
427,1.143330724113987,8.404337224948798e-05
428,1.2106741267534893,8.378938447359705e-05
429,1.2280985784682747,8.372145762449112e-05
430,1.163615754519562,8.396830010157307e-05
431,1.1017797052857374,8.419326540063304e-05
432,1.057397213545226,8.434757863877035e-05
433,1.0779701891428572,8.427679527792216e-05
434,1.1280873108900353,8.409896905552187e-05
435,1.1851265356587974,8.388733957207549e-05
436,1.2221296606079108,8.374482848303756e-05
437,1.1673901135175213,8.395419501421219e-05
438,1.1246789142006157,8.411130428391457e-05
439,1.1184924694119218,8.413360361058494e-05
440,1.1617173392386422,8.397537843950962e-05
441,1.2125370227891394,8.378216543081181e-05
442,1.18765094250414,8.387774739500766e-05
443,1.1405401156657586,8.405360283484449e-05
444,1.1755356502951042,8.392360858186913e-05
445,1.1100148163751518,8.416397333537141e-05
446,1.151181261634126,8.401446555096694e-05
447,1.202945761501471,8.381922258921502e-05
448,1.152359578942632,8.401011079455665e-05
449,1.186155286472913,8.38834328560983e-05
450,1.2012860571492716,8.382560720083935e-05
451,1.1689893639786717,8.39482055668179e-05
452,1.1756202413065127,8.39232898977968e-05
453,1.203138168686823,8.381848189775562e-05
454,1.1935278769242987,8.385534242593784e-05
455,0.0,0.0
456,0.204959477882735,8.610388411081905e-05
457,0.40530189983257375,8.590214295679272e-05
458,0.5968863273401476,8.558646452836848e-05
459,0.7764727143134307,8.518300230617213e-05
460,0.9421279523995434,8.472011485084181e-05
461,1.0936548335042755,8.422196343301598e-05
462,1.232967740605677,8.370231427773447e-05
463,1.3641631054882104,8.316018591741395e-05
464,1.4929875380694195,8.257928098369582e-05
465,1.6256278990098643,8.193222814565692e-05
466,1.7670180564806104,8.11894760364711e-05
467,1.9161047098584156,8.034911474609895e-05
468,0.1698143054575843,8.612565206269509e-05
469,0.34612369167514045,8.5975453167495e-05
470,0.5551721045078989,8.566534593749965e-05
471,0.7515000475323464,8.524527317849393e-05
472,0.9336644122681971,8.4745847911194e-05
473,1.1030855292585915,8.418863435854608e-05
474,1.2624808055455423,8.358477639067022e-05
475,1.416137380801537,8.293154123742469e-05
476,1.569555922492249,8.221172840791908e-05
477,1.728291920276739,8.13982486777854e-05
478,1.8964945656439502,8.046292285558941e-05
479,2.0203544682176875,7.972786450632729e-05
480,1.8696446508710678,8.061715564441557e-05
481,1.9533906020526663,8.013004010377522e-05
482,1.8068058659718156,8.097085224277596e-05
483,1.6512039312520417,8.180187329352595e-05
484,1.503429038963088,8.25301270273217e-05
485,1.359948707423308,8.317838355097404e-05
486,1.2151428964343574,8.377204985411752e-05
487,1.0639026987412927,8.432533564900894e-05
488,0.9030108192920486,8.483718097752985e-05
489,0.7316450830675153,8.529336757305634e-05
490,0.5515987311467241,8.567184142643276e-05
491,0.36879274869582795,8.594872638615354e-05
492,0.32225641342876393,8.600177069525648e-05
493,0.46103131395631225,8.582263280599251e-05
494,0.6583231201654219,8.546006783379191e-05
495,0.8621213227326473,8.49544392759683e-05
496,1.0615491105090464,8.433339777079858e-05
497,1.2559027385334534,8.361119752801209e-05
498,1.4473942267162339,8.279029801179147e-05
499,1.6388355263426402,8.186513508490708e-05
500,1.830839315984415,8.083678638366571e-05
501,2.00499786081511,7.982107599594781e-05
502,1.9822160005003369,7.995828397947498e-05
503,1.8290991253859448,8.084654420053085e-05
504,1.8402341479230098,8.078397071642847e-05
505,1.9537539830271844,8.012788782854325e-05
506,1.8311383124182545,8.083510902102185e-05
507,1.6610311330583363,8.175131228921772e-05
508,1.4988202644985005,8.255186100069529e-05
509,1.3436688369437415,8.32481948940315e-05
510,1.1907211767972392,8.386605546846087e-05
511,1.035619670577705,8.442109577529183e-05
512,0.87618817492289,8.491469116797499e-05
513,0.7131866120325331,8.533695233638721e-05
514,0.44465367777830306,8.584705104605378e-05
515,0.5566795305246324,8.566259341761327e-05
516,0.7416523527764243,8.526928399028872e-05
517,0.9543319946569603,8.468261689479881e-05
518,1.1769967073149428,8.391810124823235e-05
519,1.4025719086989386,8.29919693360068e-05
520,1.625721343651602,8.19317551352849e-05
521,1.8344342505431952,8.081660350523368e-05
522,1.978287306885047,7.998181508032666e-05
523,1.943513936481608,8.018841183993108e-05
524,1.8030199836785112,8.099183359517131e-05
525,1.6962008120024694,8.156821991057647e-05
526,1.8340728781040592,8.081863385892415e-05
527,1.9466211391257338,8.017007448735887e-05
528,1.8382846367433852,8.079494926001795e-05
529,1.6569573760786158,8.17723036497037e-05
530,1.4854037930944701,8.261478894037071e-05
531,1.3255970121528584,8.332478654334183e-05
532,1.173107921483323,8.39327455337265e-05
533,1.0238783456933822,8.44601288454941e-05
534,0.5321730140887645,8.570642863763963e-05
535,0.6268514812860072,8.552633361887556e-05
536,0.808778055963638,8.509951298260628e-05
537,1.0343172619107748,8.442544640032712e-05
538,1.277474082266564,8.35240772570647e-05
539,1.5210882731851336,8.244629656471132e-05
540,1.7446887850775077,8.131033958601737e-05
541,1.9000678121586356,8.044225830102651e-05
542,1.897191764562307,8.045889341804623e-05
543,1.77048624640891,8.117058504098068e-05
544,1.5992311620219415,8.206488696829854e-05
545,1.7139619115951368,8.147448898151766e-05
546,1.845291455394698,8.075544493106005e-05
547,1.9466781595671951,8.0169737750872e-05
548,1.835689524677954,8.080954817487819e-05
549,1.6479685483998485,8.181846186508639e-05
550,1.474384044731982,8.266609467736522e-05
551,1.3177812070159505,8.335761591336292e-05
552,0.5892301264407356,8.560136369495067e-05
553,0.6764332191736394,8.542049400466779e-05
554,0.8641173311880513,8.494883705334547e-05
555,1.1028201530332407,8.418957592197362e-05
556,1.3569097852737129,8.319147352984413e-05
557,1.5983549949616274,8.2069257347465e-05
558,1.786322803049425,8.108392120593264e-05
559,1.8358420062542822,8.080869086617975e-05
560,1.7299618598833286,8.138932834999334e-05
561,1.5681573571833507,8.221858872545636e-05
562,1.6188115951916304,8.196666727104485e-05
563,1.7407715840406583,8.13314061098971e-05
564,1.8622983610923378,8.065903244981211e-05
565,1.9499392968722795,8.015046538399483e-05
566,1.8317760621907182,8.08315304846289e-05
567,1.6436188676783887,8.184071876090933e-05
568,0.6287141307906505,8.552250035559495e-05
569,0.717442634367167,8.532699930443402e-05
570,0.9146987526267674,8.480270225533036e-05
571,1.1621441157650223,8.397378812627192e-05
572,1.416238364135464,8.293108941968422e-05
573,1.6379524599155428,8.18696358240282e-05
574,1.7521880959678229,8.126989487383127e-05
575,1.6803429365573275,8.165118950911133e-05
576,1.5190934294256033,8.245581023012303e-05
577,1.5368491349389393,8.23707387531204e-05
578,1.6508924172819281,8.180347173921135e-05
579,1.7633300767589999,8.120952933560764e-05
580,1.8740112911432636,8.059219830813045e-05
581,1.9515869595614845,8.014071802655042e-05
582,0.6668371706644376,8.544159411908714e-05
583,0.7616912080456026,8.522010016003795e-05
584,0.9659666480096902,8.464643795428918e-05
585,1.214946730964179,8.377281204132208e-05
586,1.4593250882673552,8.273564931423674e-05
587,1.6375717628832167,8.187157547192431e-05
588,1.6207163042547745,8.1957056622312e-05
589,1.4664658502863797,8.270274768736319e-05
590,1.4572197653533736,8.27453220839647e-05
591,1.566035457645426,8.222898681044644e-05
592,1.6701947940336397,8.170392890783211e-05
593,1.7719913285507967,8.1162377076547e-05
594,0.7137882866315108,8.533554878437296e-05
595,0.8129573008396398,8.508847099676599e-05
596,1.017645342035946,8.448067780181864e-05
597,1.2610690560003135,8.359045754122399e-05
598,1.4848068552649085,8.261757696894296e-05
599,1.5505712689816007,8.23043889062844e-05
600,1.414872080541983,8.29371999391716e-05
601,1.3733595854860188,8.312029702801794e-05
602,1.4783577099637668,8.264763373526081e-05
603,1.5767902136642857,8.217615574645507e-05
604,0.7677785316132039,8.520490652388765e-05
605,0.8655456716811678,8.494482043191909e-05
606,1.0644879205388733,8.432332836723034e-05
607,1.2980057097282898,8.343988158596754e-05
608,1.465029917147548,8.270937550184583e-05
609,1.3737202028941051,8.311872789146924e-05
610,1.2831215370630114,8.350104201695906e-05
611,1.3841076519043103,8.307336801826314e-05
612,0.8188754937914712,8.507274014649874e-05
613,0.910104557391587,8.481630574558774e-05
614,1.1009757208808484,8.41961141161414e-05
615,1.3253638554133418,8.33257684751462e-05
616,1.3567122768541247,8.319232335767457e-05
617,1.2835739305324119,8.349919269692364e-05
618,0.8571944498987955,8.49682140206205e-05
619,0.9396573314897539,8.472764970518179e-05
620,1.1239362851403734,8.411398724585658e-05
621,1.3530962561752442,8.320786213212724e-05
622,0.8772341840215697,8.491171070730765e-05
623,0.9502559485516934,8.46951923497246e-05
624,0.49732692977070064,8.576540328525815e-05
625,0.6793438470010733,8.541403568029081e-05
626,0.8602605095577375,8.495965077321105e-05
627,1.0355149924617744,8.442144563921098e-05
628,1.2052846302888052,8.3810211371622e-05
629,1.3721597314897684,8.312551518257615e-05
630,1.540265126502243,8.235427076390962e-05
631,1.7140911788314652,8.147380369429923e-05
632,1.8968412862790256,8.046091915033503e-05
633,2.046954399913005,7.956503891468391e-05
634,1.891450291370552,8.049203912727985e-05
635,0.590506715719558,8.55988925655519e-05
636,0.7654028152734449,8.521085018830643e-05
637,0.9553148421615442,8.467957688656809e-05
638,1.1524090479595086,8.400992787832637e-05
639,1.3539621832065198,8.320414452778991e-05
640,1.5592031859709066,8.226238244685292e-05
641,1.7664310596279493,8.11926702237601e-05
642,1.9627109797173334,8.007473171034103e-05
643,2.024190549571592,7.970448971786254e-05
644,1.8961458667129325,8.046493768428304e-05
645,1.8046135464194604,8.098300664360069e-05
646,1.8918782892519654,8.04895711837454e-05
647,2.0412874239670127,7.959987305923086e-05
648,1.8927539931713948,8.048452019702678e-05
649,1.6946061224445232,8.157659410426606e-05
650,1.508769059408078,8.25048698284566e-05
651,1.3334614411938956,8.329157276631639e-05
652,1.164981789353867,8.396320006436915e-05
653,0.9999659979502209,8.453831231040354e-05
654,0.8370583078283984,8.502371790215647e-05
655,0.6646348437675708,8.544639500890268e-05
656,0.8347385194905715,8.503003023906503e-05
657,1.0387881383256246,8.441048994792948e-05
658,1.2621159646427313,8.35862451450528e-05
659,1.4936256699729014,8.257628576655173e-05
660,1.7210213659692288,8.143699903294862e-05
661,1.9151650049617202,8.035459064054042e-05
662,1.9778773587657297,7.998426827180767e-05
663,1.8775273373714014,8.057206693574831e-05
664,1.7586021595406336,8.123518463262564e-05
665,1.7693730610326952,8.117665194878785e-05
666,1.894949462400074,8.047184830985164e-05
667,2.030525253715129,7.966581078141445e-05
668,1.8787157202751283,8.056525559663853e-05
669,1.671347663103365,8.16979515393217e-05
670,1.4817293983613369,8.263193439261621e-05
671,1.3091734565906685,8.339356489215877e-05
672,1.14971962513114,8.401986156668691e-05
673,0.720269520274814,8.53203564618709e-05
674,0.8931657052335286,8.486589226825969e-05
675,1.1133600328493471,8.415201570694394e-05
676,1.355515408604607,8.31974707495223e-05
677,1.596988388761077,8.207606984440208e-05
678,1.8065044806222803,8.097252389333484e-05
679,1.9089218913048338,8.039091392416631e-05
680,1.8419514138434772,8.077429188926431e-05
681,1.7127630897186925,8.148084218866244e-05
682,1.6695409648372757,8.170731726592429e-05
683,1.7730939651373834,8.115636005386234e-05
684,1.90561832806657,8.041009444964548e-05
685,2.023266827014282,7.971012163388745e-05
686,1.863725460495208,8.065090827608575e-05
687,1.6554767289951422,8.177992199114672e-05
688,1.4709861804392317,8.268184504712058e-05
689,0.7640629579258699,8.52141943932776e-05
690,0.9451407938286144,8.471090065980846e-05
691,1.17812842787583,8.391383091789212e-05
692,1.4268305565898154,8.288353561721233e-05
693,1.6572284344537453,8.17709083335085e-05
694,1.810590186955128,8.094984208807048e-05
695,1.7910412664641713,8.105797229305791e-05
696,1.6605033752670437,8.17540342751473e-05
697,1.579249874368919,8.216402798749391e-05
698,1.6700487216268698,8.1704686003604e-05
699,1.7899251526370037,8.10641155775012e-05
700,1.9171799160905603,8.034284650518244e-05
701,2.0196850784425373,7.9731939664069e-05
702,1.857426633058943,8.068672664216158e-05
703,0.8061663661601797,8.510638530289439e-05
704,0.9955821127624761,8.455245465707909e-05
705,1.2344827985793965,8.369634337624411e-05
706,1.4784270028428903,8.264731141598097e-05
707,1.678089932816721,8.166292231987235e-05
708,1.7235375530983803,8.142360432957419e-05
709,1.6008955343886218,8.205657914198443e-05
710,1.4965762853206321,8.25624214376755e-05
711,1.5757007192971249,8.218152231992008e-05
712,1.687289456175351,8.161492828373187e-05
713,1.802572506823613,8.099431103255508e-05
714,1.9220338633337128,8.031451248680327e-05
715,0.8534626713734658,8.497859670001905e-05
716,1.0465245506107208,8.438446445929032e-05
717,1.2835957404891933,8.34991035256975e-05
718,1.5124619961695462,8.248735605881741e-05
719,1.6354265006728856,8.188249816238935e-05
720,1.536054075147484,8.23745669385046e-05
721,1.4089874754901868,8.29634567789549e-05
722,1.4824949419136657,8.26283653656309e-05
723,1.589026169830046,8.211565882832796e-05
724,1.6950318412271514,8.157435919705821e-05
725,0.904715135570571,8.483217991544789e-05
726,1.0950291316632257,8.421712334886095e-05
727,1.3240104097350356,8.333146532856446e-05
728,1.5163775770090748,8.246874451884161e-05
729,1.4717301042249362,8.26783994824415e-05
730,1.3351957798242633,8.328422385317636e-05
731,1.3864229585980947,8.306321504274899e-05
732,1.4892379069749682,8.259685749659074e-05
733,0.952490278165362,8.468830536385576e-05
734,1.135698141330665,8.407129808673976e-05
735,1.3529725599985436,8.320839300757755e-05
736,1.4174883740613253,8.292549422557522e-05
737,1.308191447196015,8.339765231186628e-05
738,1.2843430845146249,8.349604712146225e-05
739,0.98910304107992,8.457324741574931e-05
740,1.1650650702017835,8.396288895710761e-05
741,1.3695931707070437,8.313666313605147e-05
742,1.3309349067652736,8.330226274531576e-05
743,1.0097948743848268,8.450638910872914e-05
744,1.1786788684296121,8.391175254688173e-05
745,0.9201178834235454,8.478657145853807e-05
746,1.0945933471262217,8.421865874248527e-05
747,1.2847195378395484,8.349450692171413e-05
748,1.4889926293132958,8.259800585913852e-05
749,1.705074783925005,8.152149506412773e-05
750,1.9250535641816757,8.029685544718568e-05
751,2.0624754668929275,7.94692327776341e-05
752,1.9438847229356282,8.018622489575998e-05
753,1.8281121514711511,8.085207498809443e-05
754,0.9901429348090662,8.456991890301037e-05
755,1.1818892906937704,8.389961242184008e-05
756,1.3992408167484778,8.300672692201694e-05
757,1.6301262559129632,8.190943064458055e-05
758,1.8541925186716466,8.070507774003135e-05
759,2.001388010255063,7.984290264858728e-05
760,1.9461372237466146,8.017293194000022e-05
761,1.8243720644211723,8.087301063803704e-05
762,1.763870969607746,8.120659049482984e-05
763,1.8391493732956863,8.079008076870919e-05
764,1.9755906985293075,7.999794431601941e-05
765,2.08971518554398,7.929968127440051e-05
766,1.8877073904611794,8.051360169699238e-05
767,1.6587475238221732,8.17630848834613e-05
768,1.4477864685298223,8.278850781529567e-05
769,1.2594603313637107,8.359692417200687e-05
770,1.053286977934239,8.436156527344001e-05
771,1.2605418659147027,8.35925775436645e-05
772,1.4927237269737788,8.258051890512103e-05
773,1.7233059969801265,8.142483770566315e-05
774,1.9011360378549762,8.043607429481943e-05
775,1.9100006912555938,8.03846443921337e-05
776,1.793253634764708,8.10457853656716e-05
777,1.69794410612233,8.155905751791056e-05
778,1.7316728169018518,8.138018120066126e-05
779,1.8512486471963194,8.072175846551212e-05
780,1.9963025307668985,7.987359691418481e-05
781,2.0955092085148452,7.926338631056333e-05
782,1.8632159880153274,8.065380919644884e-05
783,1.6412454536740364,8.1852841536477e-05
784,1.1109188982575546,8.416074500098611e-05
785,1.3267451204207712,8.331994900697087e-05
786,1.5589591552882132,8.226357284981126e-05
787,1.7649730523351308,8.120060013849285e-05
788,1.8429337786311184,8.07687516661382e-05
789,1.7411441132413055,8.132940442168694e-05
790,1.6193691420136216,8.196385507013563e-05
791,1.6222837433033646,8.194914028479304e-05
792,1.7308186816603097,8.138474857023434e-05
793,1.8631446929670197,8.065421509493076e-05
794,2.0070083203801916,7.980890597464745e-05
795,2.092008204020379,7.928532696808889e-05
796,1.1645242088657162,8.396490904818324e-05
797,1.3809027881265399,8.308739628378538e-05
798,1.6010590533602533,8.20557625142594e-05
799,1.7446863563730761,8.131035266011871e-05
800,1.6730371119228786,8.168918562171754e-05
801,1.5328438776101059,8.23900059453719e-05
802,1.5106045387766114,8.249616985377805e-05
803,1.6143193753031373,8.198929437480176e-05
804,1.7374514320826757,8.134922976020963e-05
805,1.8681429428139749,8.062572727004823e-05
806,1.2139675209458196,8.377661497733291e-05
807,1.4237127130053495,8.289756662022883e-05
808,1.6124999923880834,8.199844275665431e-05
809,1.5943350450850675,8.208928198567528e-05
810,1.4478262822529213,8.278832608044745e-05
811,1.3913953893752515,8.304135786284004e-05
812,1.500099188580338,8.254583587626662e-05
813,1.616756549960791,8.197702531282422e-05
814,1.256345826372486,8.360942186506238e-05
815,1.4519868450442381,8.276930975199216e-05
816,1.5124540460618288,8.248739380343479e-05
817,1.3809004838812735,8.308740635920299e-05
818,1.2908633778049063,8.346931140458769e-05
819,1.3884783854824878,8.305418871009934e-05
820,1.2884976626026166,8.347902621136219e-05
821,1.433097668265641,8.285524799673921e-05
822,1.348455369654409,8.322774927069617e-05
823,1.278666533329791,8.351922123154054e-05
824,1.3121249912173505,8.338126270006886e-05
825,1.3589381798501767,8.318273931484534e-05
826,1.3648718506202238,8.315712051802774e-05
827,1.577639404916675,8.217197056444146e-05
828,1.8050486537521817,8.098059537256044e-05
829,2.003088130413511,7.983262702733867e-05
830,1.9965417899843978,7.98721542592588e-05
831,1.8650649307779614,8.06432781871714e-05
832,1.7564103238193054,8.124705820072116e-05
833,1.454255582842519,8.275891944798785e-05
834,1.672085818954777,8.169412247568463e-05
835,1.8775610607122932,8.05718736968549e-05
836,1.9563781949824104,8.01123350128412e-05
837,1.8474077307152434,8.074348841797417e-05
838,1.7166365740757732,8.146030061545584e-05
839,1.6645193239883345,8.173330243256721e-05
840,1.7530436556461055,8.126527124610787e-05
841,1.89029053407489,8.049872422849109e-05
842,2.027175132881362,7.968627846998734e-05
843,1.9935781689721825,7.989001393064258e-05
844,1.7857224785618293,8.108721845903621e-05
845,1.521325863026435,8.244516272402858e-05
846,1.7269893309689484,8.140520155937275e-05
847,1.8671347248973773,8.063147884220685e-05
848,1.7958983824822408,8.103119980136025e-05
849,1.6502900094561275,8.180656207490518e-05
850,1.5570328520823902,8.227296370825712e-05
851,1.62682148787178,8.192618448249322e-05
852,1.7576272559367243,8.124046743239057e-05
853,1.9031552000123462,8.04243773382855e-05
854,2.037486159348459,7.96231950096069e-05
855,1.5681647921065174,8.221855226962895e-05
856,1.7397758725194894,8.133675449241277e-05
857,1.719326232135148,8.144601338369075e-05
858,1.5674363518686065,8.222212331804535e-05
859,1.4470915432989828,8.279167916277696e-05
860,1.4968396526922914,8.256118273474799e-05
861,1.621526722816548,8.195296445132446e-05
862,1.7607338331019236,8.12236247675801e-05
863,1.5923640225233349,8.209908398086214e-05
864,1.626003289816388,8.193032779817868e-05
865,1.481447197071177,8.263324961979016e-05
866,1.350836167174881,8.321755489450993e-05
867,1.3721078051205706,8.31257409158008e-05
868,1.4901090195925994,8.259277767081087e-05
869,1.5259115480876535,8.242324761733853e-05
870,1.4082547111716273,8.296671937393957e-05
871,1.3000255884012135,8.3431531532316e-05
872,1.256020782481505,8.361072452675955e-05
873,1.3633199304518249,8.316383084312914e-05
874,1.3073711159869208,8.340106461083957e-05
875,1.8647850249795457,8.064487300961274e-05
876,1.9778381891426853,7.998450264685532e-05
877,1.8785106252577128,8.056643137834112e-05
878,1.7296394708559533,8.139105103744477e-05
879,1.6072226388836257,8.202492734509954e-05
880,1.8712126549197057,8.06081994226173e-05
881,1.8233064822884362,8.087896871874685e-05
882,1.6697021967523749,8.170648181667626e-05
883,1.525649098085086,8.242450346348468e-05
884,1.479527860554678,8.264218889721491e-05
885,1.5897889800553826,8.211187363775178e-05
886,1.7378317741994793,8.134718944922495e-05
887,1.888663222528258,8.050809862413582e-05
888,1.7352128748362536,8.136123048994393e-05
889,1.5860002286759194,8.213065820847771e-05
890,1.436381163020511,8.284038256087949e-05
891,1.3501235945256416,8.32206077997605e-05
892,1.4499017771432436,8.277884595994275e-05
893,1.5883150596555786,8.211918602676401e-05
894,1.4934302760858873,8.257720301429912e-05
895,1.359718838665761,8.317937463450067e-05
896,1.265489659506669,8.357264852485473e-05
897,1.3255292322006242,8.332507201271932e-05
898,1.313087259192018,8.337724638607849e-05
899,1.2605975707814046,8.359235357515481e-05
900,1.6764775722854433,8.167131047169452e-05
901,1.5215950222056283,8.244387803486836e-05
902,1.3928858879905477,8.303479222179456e-05
903,1.4389627119016914,8.2828673422367e-05
904,1.3160304938884178,8.336494508113318e-05
905,1.2771709957098418,8.35253108500223e-05
906,1.3834178748584147,8.307638980294749e-05
907,1.2689568854334783,8.355863991199458e-05
908,1.2222094955921547,8.374451659484638e-05
909,1.2316743884916281,8.370740602987977e-05
910,0.0,0.0
911,0.4371533362005765,8.585794154382132e-05
912,0.859732966148153,8.496112626163686e-05
913,1.2550218531656965,8.361472592690938e-05
914,1.6138073786258589,8.199186976108921e-05
915,1.9313985688331294,8.025967931531916e-05
916,2.207458933950485,7.854648515333639e-05
917,2.4444724115409584,7.693461070115924e-05
918,2.645426790294873,7.54745601742084e-05
919,2.689572282818077,7.514307940698844e-05
920,2.484976345064803,7.664696787044796e-05
921,2.2884705268153924,7.800958912229118e-05
922,2.1097547552596985,7.917380717958377e-05
923,0.5552283968154957,8.566524328148967e-05
924,0.8757657971208272,8.491589370373913e-05
925,1.228620814697127,8.371940780306714e-05
926,1.570023075195297,8.22094356958335e-05
927,1.8815894394346393,8.054876962216712e-05
928,2.15671074104972,7.887511941352213e-05
929,2.394650213930091,7.72836677186906e-05
930,2.594279595951777,7.585388444806163e-05
931,2.6002518438110154,7.580985771323626e-05
932,2.3989605849721567,7.72536789235905e-05
933,2.202772228313083,7.857708614055014e-05
934,2.0768398116619524,7.938004623273848e-05
935,2.177854658267663,7.87389255970388e-05
936,2.0769567030099068,7.937931842232406e-05
937,2.2355146129384296,7.83622428059834e-05
938,2.4293323503539517,7.704124237107343e-05
939,2.6333657454115706,7.556447028612585e-05
940,2.5303974278512515,7.632035225818847e-05
941,2.31478533402171,7.783200113742556e-05
942,2.062546225589077,7.946879466926966e-05
943,1.7721737678620628,8.11613817375375e-05
944,1.4450177736482432,8.280113479117873e-05
945,1.0890712109319645,8.423806476176006e-05
946,0.7257216663321419,8.53074725649792e-05
947,1.0957083236321659,8.42147292096535e-05
948,1.3765876467333646,8.310623753099228e-05
949,1.6660871816144245,8.172519668108927e-05
950,1.940324775407988,8.020720762353279e-05
951,2.187417214051486,7.867698749373899e-05
952,2.4016489984398763,7.723495442279251e-05
953,2.571371137429071,7.602210504753946e-05
954,2.5907996826703696,7.587950535613938e-05
955,2.419155090433425,7.711264726488582e-05
956,2.250880569102364,7.826057012098437e-05
957,2.2957478611234783,7.796063211258196e-05
958,2.456946746797383,7.684638971161055e-05
959,2.2530452513988513,7.82462037379116e-05
960,2.100692662194428,7.923084783110149e-05
961,2.212477157742798,7.851366334032432e-05
962,2.399556402191764,7.724953046361464e-05
963,2.600052379695487,7.581132928042283e-05
964,2.4419572461865413,7.695235867448626e-05
965,2.2261991292882626,7.842361831822689e-05
966,1.9764426469819312,7.999285050956184e-05
967,1.6950487466652069,8.157427043805642e-05
968,1.391241967034055,8.304203332397759e-05
969,1.6014293448424002,8.205391297464705e-05
970,1.8431370258596445,8.07676051048351e-05
971,2.074131591361565,7.93968994176128e-05
972,2.2804584362054787,7.806335164723537e-05
973,2.4527067142824164,7.687641285221761e-05
974,2.5727106045287256,7.601229796602837e-05
975,2.5896695059124304,7.588782112284619e-05
976,2.4878200682921894,7.662664411274038e-05
977,2.3913728651025035,7.730644261507843e-05
978,2.4585815768235264,7.683480358470358e-05
979,2.6222853289354804,7.564682026014956e-05
980,2.5434822257651466,7.622547742348486e-05
981,2.318812009786165,7.780469062993404e-05
982,2.140010878659843,7.898194553489426e-05
983,2.2111121733311174,7.852259680634609e-05
984,2.3877647063595018,7.733148956329485e-05
985,2.5619556965168955,7.609093983349376e-05
986,2.388017307535881,7.73297369835912e-05
987,2.1826615561265386,7.870781722812971e-05
988,1.9486600094397069,8.01580287819109e-05
989,2.0418988447372404,7.95961185072865e-05
990,2.2302909232976837,7.839668381882806e-05
991,2.3917597293888746,7.730375543034283e-05
992,2.5148022710622207,7.643297287488858e-05
993,2.583636121864902,7.59321713748967e-05
994,2.5771609236953505,7.597968858797776e-05
995,2.500143550127354,7.653837586239605e-05
996,2.422483157166728,7.708932142762789e-05
997,2.4597674227974604,7.68263959175032e-05
998,2.588267358821538,7.589813449983926e-05
999,2.730718562509142,7.48307828622064e-05
1000,2.6145638759417955,7.57040641464936e-05
1001,2.366548946600247,7.747819379695104e-05
1002,2.1689876939372716,7.879616760883116e-05
1003,2.217899991597637,7.847812989807087e-05
1004,2.384790705261898,7.73521131965923e-05
1005,2.530389408033669,7.63204103011508e-05
1006,2.370081393745271,7.745383521419085e-05
1007,2.3750668602671965,7.741941090255205e-05
1008,2.49066548651972,7.660629143768977e-05
1009,2.565872954849524,7.606232301001787e-05
1010,2.5901166421757504,7.588453142696939e-05
1011,2.5552102628032705,7.614014499103022e-05
1012,2.4685706232914515,7.676388884606371e-05
1013,2.3721238609609574,7.743973864859639e-05
1014,2.3618642654137214,7.751045586192906e-05
1015,2.4658461644122203,7.678325120402674e-05
1016,2.593436428077364,7.58600944897009e-05
1017,2.7231887002359505,7.48881715807583e-05
1018,2.664430708556453,7.533232195826292e-05
1019,2.3950128357355305,7.728114637057496e-05
1020,2.1846540025351615,7.869490710693098e-05
1021,2.2233379085664327,7.844242966946931e-05
1022,2.3844829823625284,7.735424605275897e-05
1023,2.561182162113184,7.609658710054445e-05
1024,2.5936045179789606,7.585885659819185e-05
1025,2.580683014628227,7.595385266377407e-05
1026,2.518695008392767,7.640490805559886e-05
1027,2.413098788074092,7.71550341501934e-05
1028,2.288749321712305,7.800771576452191e-05
1029,2.2212327725003536,7.845625806947354e-05
1030,2.2974906745954105,7.794889003621348e-05
1031,2.43306950258678,7.701496673633109e-05
1032,2.5977153357787297,7.582856519655963e-05
1033,2.698866918762248,7.50728130800693e-05
1034,2.692802930810713,7.511867467749513e-05
1035,2.4075419632642134,7.719385625716736e-05
1036,2.189417406531189,7.866400502996225e-05
1037,2.589193387533973,7.589132361060074e-05
1038,2.5460400494189606,7.620689060288228e-05
1039,2.460928020431222,7.68181644019973e-05
1040,2.336880881616234,7.768169831048263e-05
1041,2.188383684034961,7.867071567806197e-05
1042,2.0654135642269194,7.945103109401824e-05
1043,2.0999688891752233,7.923539509249119e-05
1044,2.2465431687763133,7.82893241386397e-05
1045,2.4394915175405476,7.696974481483725e-05
1046,2.578859415698731,7.59672325735587e-05
1047,2.6825931459860164,7.519573295283496e-05
1048,2.7018544098328285,7.50501932572778e-05
1049,2.4791142324261846,7.6688810645882e-05
1050,2.3760842295930216,7.741237940115018e-05
1051,2.238208614336201,7.834445622470907e-05
1052,2.0743979292010826,7.939524278931642e-05
1053,1.9125554830077418,8.036978522814293e-05
1054,1.8842351229832377,8.053357314600362e-05
1055,2.041537357706545,7.959833840119656e-05
1056,2.2165644476673294,7.848688741507179e-05
1057,2.4279667579703887,7.705083634339757e-05
1058,2.5716561568758083,7.602001854188298e-05
1059,2.2607465028556097,7.81950064350467e-05
1060,2.115701331426616,7.913627033207146e-05
1061,1.9476401302404291,8.016405556334487e-05
1062,1.7725898880100732,8.11591111710799e-05
1063,1.6671984062017406,8.171944766407489e-05
1064,1.8223767882376616,8.088416458246878e-05
1065,2.0210353855853658,7.972371804059887e-05
1066,2.2481994401563896,7.827834923864533e-05
1067,1.9710947130348606,8.002479589052557e-05
1068,1.811109380618933,8.094695665999449e-05
1069,1.6483630537150378,8.181644066934859e-05
1070,1.5064103100993371,8.25160361269369e-05
1071,1.591325223302732,8.210424566649816e-05
1072,1.8117547730117638,8.09433688987098e-05
1073,1.6723729201481696,8.169263278627226e-05
1074,1.5439618194795233,8.233641282225534e-05
1075,1.4411159009831183,8.281889263583084e-05
1076,1.377318496417959,8.31030502024024e-05
1077,1.4684095644063573,8.269376678879941e-05
1078,1.4319261783858839,8.286054424601455e-05
1079,1.1624227975027708,8.397274936840237e-05
1080,1.474732636870033,8.266447697098836e-05
1081,1.7763763782752597,8.113842913316552e-05
1082,2.0512626685182727,7.953850420056817e-05
1083,2.293140712169701,7.797818489560084e-05
1084,2.4993581793705246,7.654401053932663e-05
1085,2.6097553722095443,7.573965333476754e-05
1086,2.4268393839309974,7.705875372330947e-05
1087,2.2296424432989568,7.840095503985541e-05
1088,2.0887408787711075,7.930577661469517e-05
1089,2.281575013173531,7.805586787385111e-05
1090,1.6333338534951911,8.18931408445286e-05
1091,1.89060949649634,8.049688600003141e-05
1092,2.128940469846574,7.905239792996066e-05
1093,2.338537423559714,7.767038638275327e-05
1094,2.509914808971152,7.646816514205345e-05
1095,2.5951011840074565,7.58478319877673e-05
1096,2.485612149963862,7.664242530529156e-05
1097,2.3175655162296165,7.78131486888102e-05
1098,2.287837882733503,7.801383951703002e-05
1099,2.4602710192768424,7.682282451687294e-05
1100,2.5248160629406975,7.636071531623158e-05
1101,2.323580408064307,7.77723029510103e-05
1102,2.113741677302468,7.914864966391738e-05
1103,2.230868402684748,7.839287943312478e-05
1104,2.4227939024184666,7.708714226288137e-05
1105,2.5738735624302933,7.600378030504616e-05
1106,2.434052925754793,7.700804743348038e-05
1107,2.2335064165566387,7.837549070637535e-05
1108,2.0011759219694483,7.984418402096511e-05
1109,1.7434480020003174,8.131701687555733e-05
1110,2.057639867031615,7.949914402239773e-05
1111,2.254158513169439,7.823881118784059e-05
1112,2.4201043478098048,7.710599649464756e-05
1113,2.5416831860349185,7.623854247594658e-05
1114,2.588139533528994,7.589907451372408e-05
1115,2.527852624663332,7.633876353767113e-05
1116,2.4172136133953277,7.712624382104393e-05
1117,2.4038073065808927,7.721991080444931e-05
1118,2.539108137041614,7.625723165944878e-05
1119,2.6958290806169702,7.50957967880471e-05
1120,2.597633651095737,7.582916743305289e-05
1121,2.3587094547514686,7.753215515867248e-05
1122,2.1395826643277065,7.898467609556919e-05
1123,2.2368313670361553,7.835355128485208e-05
1124,2.4200769063145167,7.710618878464745e-05
1125,2.5416308622558277,7.623892236533453e-05
1126,2.401555946910848,7.723560277596327e-05
1127,2.2141879062683456,7.850246087313935e-05
1128,2.3830867924411563,7.736392060147564e-05
1129,2.5017006902595766,7.652720032563146e-05
1130,2.5733095682415574,7.600791141297572e-05
1131,2.581930074776374,7.59446990492789e-05
1132,2.521238504918604,7.638655385375112e-05
1133,2.4229504631359857,7.70860442708019e-05
1134,2.380083142369204,7.738471933505532e-05
1135,2.470282442929766,7.675171523079302e-05
1136,2.603554918443604,7.57854774962042e-05
1137,2.7216658500362176,7.489976507505294e-05
1138,2.6280966154430225,7.56036605381918e-05
1139,2.3792363330296924,7.739057952213426e-05
1140,2.156710037584872,7.887512392729561e-05
1141,2.244050692550583,7.830582817832867e-05
1142,2.4195343025501326,7.710999062637627e-05
1143,2.5297000681864024,7.632539886787277e-05
1144,2.5632727179949257,7.608132201364808e-05
1145,2.591075000031776,7.587747920448553e-05
1146,2.566104152869156,7.606063307080879e-05
1147,2.4881297185579196,7.662443006454801e-05
1148,2.375832438515303,7.741411985288554e-05
1149,2.2887205576394405,7.800790905230826e-05
1150,2.3312196702622803,7.772031101623011e-05
1151,2.457947261614735,7.683929967705306e-05
1152,2.607865830612477,7.575362593823192e-05
1153,2.6910376717171562,7.513201212750111e-05
1154,2.6309838930121354,7.558219252215517e-05
1155,2.3872161533833447,7.733529502008603e-05
1156,2.1647496301689517,7.88234621001778e-05
1157,2.2471003956968687,7.828563250040203e-05
1158,2.584701379321554,7.592434614030046e-05
1159,2.531247262726231,7.631420088449226e-05
1160,2.4334287009693933,7.701243967729436e-05
1161,2.3020360983898303,7.79182336345428e-05
1162,2.17289136202931,7.877098953764812e-05
1163,2.1566546691717194,7.887547919438474e-05
1164,2.2799320280481035,7.806687888544217e-05
1165,2.42273362407532,7.708756499320358e-05
1166,2.5833977077601507,7.593392242234403e-05
1167,2.6650996670217073,7.532730233267329e-05
1168,2.625526465238867,7.562275688383949e-05
1169,2.388831283210632,7.732408857698039e-05
1170,2.469674642934493,7.675603830576463e-05
1171,2.3547151622432843,7.755959734232873e-05
1172,2.207414130242455,7.854677793125552e-05
1173,2.0482973397735176,7.955677256912962e-05
1174,1.9648128785718697,8.006222871500007e-05
1175,2.0795909831068324,7.936290764075334e-05
1176,2.2434769151074954,7.830962546547009e-05
1177,2.436271157323433,7.699243256377473e-05
1178,2.5680880717559273,7.604612722673126e-05
1179,2.655407363353628,7.539994573931073e-05
1180,2.248998740153839,7.827305062733806e-05
1181,2.09255487260201,7.928190295592841e-05
1182,1.9194279987603262,8.03297311579998e-05
1183,1.777742982884261,8.113095537153308e-05
1184,1.8634817942773343,8.065229578726729e-05
1185,2.0491446743243413,7.95515546174318e-05
1186,2.260250719292384,7.819830641648597e-05
1187,2.4301017435460444,7.70358352513378e-05
1188,1.958777958679141,8.009809732233384e-05
1189,1.7882638233128356,8.107325376210504e-05
1190,1.6259409965716618,8.193064317307571e-05
1191,1.6370750498551234,8.187410562510763e-05
1192,1.8415759355017345,8.077640880686714e-05
1193,2.0410033037457036,7.960161744595561e-05
1194,1.659758305724904,8.17578757895483e-05
1195,1.5199912702060674,8.245152969469493e-05
1196,1.4245603446984518,8.289375484173717e-05
1197,1.6217181241426597,8.195199771631893e-05
1198,1.4545982844969712,8.275734867798688e-05
1199,1.4047446101763885,8.298232650598162e-05
1200,2.1107241616518735,7.916769370616532e-05
1201,2.308594123974865,7.787392207552992e-05
1202,2.4724151414488893,7.673653996103912e-05
1203,2.5685919960944923,7.604244141872835e-05
1204,2.494164374253443,7.65812416206537e-05
1205,2.327200062568848,7.774768408894718e-05
1206,2.242211915014164,7.831799464547882e-05
1207,2.427003315113931,7.705760262705133e-05
1208,2.635588130924225,7.5547924591357e-05
1209,2.4097671403545697,7.717831825777552e-05
1210,2.525501774055262,7.635575985038102e-05
1211,2.5762872824239835,7.598609325399941e-05
1212,2.530305624096977,7.632101667466584e-05
1213,2.413515778799641,7.715211822653304e-05
1214,2.3362900777773343,7.768573123426232e-05
1215,2.443515177318831,7.694136689000646e-05
1216,2.6065406985985464,7.576342069878443e-05
1217,2.7131500594962086,7.496451587939004e-05
1218,2.6071342605926096,7.575903379245846e-05
1219,2.390438826121782,7.731292917988427e-05
1220,2.1962213280948504,7.861977387493735e-05
1221,2.3295445581200402,7.773172267926401e-05
1222,2.4921553200265087,7.65956282758559e-05
1223,2.5521688150238835,7.616230108039104e-05
1224,2.460085546472361,7.682413991305615e-05
1225,2.569483198522281,7.603592173054424e-05
1226,2.580627517299571,7.595425995062853e-05
1227,2.5260461269324708,7.635182526158388e-05
1228,2.42067681699926,7.710198468141886e-05
1229,2.322159722605643,7.778195773083711e-05
1230,2.355866681679092,7.755168958181148e-05
1231,2.4886978603244727,7.662036724380912e-05
1232,2.6054846546215495,7.577122400447738e-05
1233,2.663402411652235,7.534003625339501e-05
1234,2.5688576798071936,7.604049794735625e-05
1235,2.359059912344607,7.752974572818834e-05
1236,2.1733463366735775,7.876805270119881e-05
1237,2.331582467138157,7.771783865438621e-05
1238,2.4908486070141427,7.660498104030016e-05
1239,2.5688429929890453,7.604060538485319e-05
1240,2.4959970832118823,7.656811046840156e-05
1241,2.3811675238838177,7.737721280441221e-05
1242,2.2552396065429283,7.823162955555671e-05
1243,2.2186225598139226,7.847339011477739e-05
1244,2.3308592909499892,7.772276661528766e-05
1245,2.46315294287367,7.68023762798003e-05
1246,2.5849836024159414,7.592227258942337e-05
1247,2.6204832843599273,7.566019039278836e-05
1248,2.5396784162590524,7.625309384951707e-05
1249,2.3408891622523664,7.765431682886948e-05
1250,2.170061757436925,7.878924361565504e-05
1251,2.440007569485776,7.69661071370575e-05
1252,2.3114910033616947,7.785431780025472e-05
1253,2.162820794807984,7.883587048252574e-05
1254,2.0615559173782256,7.947492514109842e-05
1255,2.147759755641772,7.893245905883674e-05
1256,2.2976459000029577,7.794784388708187e-05
1257,2.4553995108772693,7.685734987902709e-05
1258,2.5574786616015226,7.612360819096884e-05
1259,2.5968028352364576,7.58352920363699e-05
1260,2.528907917428997,7.633113025237444e-05
1261,2.214947172431409,7.849748682181279e-05
1262,2.0521119177030616,7.953326832700882e-05
1263,1.9040440819610638,8.041922477738645e-05
1264,1.948033058330132,8.01617339391765e-05
1265,2.116148821013909,7.913344221185657e-05
1266,2.275393015014792,7.809726700480994e-05
1267,2.4412457806190857,7.69573766217257e-05
1268,2.5474796950059946,7.619642336542989e-05
1269,1.9257933625121004,8.029252612092825e-05
1270,1.7585997881319815,8.123519748585035e-05
1271,1.7395645497691508,8.133788925571309e-05
1272,1.9221461407798661,8.031385638201179e-05
1273,2.1044912370944435,7.920696189718862e-05
1274,2.2909994574808374,7.799258963263278e-05
1275,1.6291889431150626,8.191418547828619e-05
1276,1.5380335741423312,8.236503244138392e-05
1277,1.7179238861005766,8.14534649412218e-05
1278,1.9181043500704658,8.03374548940916e-05
1279,1.420594967301174,8.291156932855986e-05
1280,1.5103770138939112,8.249724881182784e-05
1281,2.5715492158948967,7.602080143021721e-05
1282,2.5282098447500028,7.633617989989176e-05
1283,2.4097069256734,7.717873886542598e-05
1284,2.290848519707457,7.799360463980179e-05
1285,2.3577012050038824,7.753908547806529e-05
1286,2.523316976165517,7.637154550021824e-05
1287,2.6332168607369564,7.556557839075173e-05
1288,2.5269618646862857,7.634520493280868e-05
1289,2.4203014039110444,7.7104615621908e-05
1290,2.2955246367664954,7.796213557920677e-05
1291,2.2662099641927718,7.815860425766877e-05
1292,2.3915620112030718,7.730512883419153e-05
1293,2.512990393894283,7.644602505740696e-05
1294,2.5837673498901297,7.593120751403279e-05
1295,2.5671329065480606,7.605311210630677e-05
1296,2.461086385965796,7.681704097836216e-05
1297,2.2987912251283804,7.794012324795853e-05
1298,2.273355424306561,7.8110893317643e-05
1299,2.40874659429608,7.7185445859321e-05
1300,2.3835569329599506,7.736066335153724e-05
1301,2.2462595960480085,7.829120254144783e-05
1302,2.1489915416900294,7.892457948286877e-05
1303,2.232816471920588,7.838004008256015e-05
1304,2.3683256934975963,7.746594533613438e-05
1305,2.4722960076077873,7.673738791153091e-05
1306,2.5389777429882883,7.625817767477164e-05
1307,2.524334561942065,7.636419443128682e-05
1308,2.4281282111108586,7.704970226071779e-05
1309,2.277838895447833,7.808089790965815e-05
1310,2.1627495809286974,7.883632844122467e-05
1311,2.0231402558626894,7.97108931722565e-05
1312,2.0575209639651804,7.949987879822513e-05
1313,2.207273349737543,7.854769785670987e-05
1314,2.3417779375672723,7.764824061158385e-05
1315,2.4565952785703553,7.684887985179684e-05
1316,2.5146846842071655,7.643382013746055e-05
1317,2.509584538590995,7.647054148912655e-05
1318,1.8927055129841799,8.04847998778694e-05
1319,1.874546771132395,8.058913442668195e-05
1320,2.0346084326674805,7.964082728248464e-05
1321,2.1933556589923606,7.863841620861602e-05
1322,2.337850526740824,7.767507768707028e-05
1323,2.447393396535469,7.691398233322313e-05
1324,1.6953932343564304,8.157246159897736e-05
1325,1.8541707940219145,8.070520091937071e-05
1326,2.0296608163741205,7.967109472608318e-05
1327,2.188974290521731,7.866688192395439e-05
1328,1.6734972622858955,8.168679673454194e-05
1329,1.8533343202044075,8.070994282165742e-05
1330,2.28914716768975,7.800504214300871e-05
1331,2.2182465467115713,7.847585677315382e-05
1332,2.327784587745243,7.774370575775603e-05
1333,2.44626402828464,7.692196021198394e-05
1334,2.5105379069395544,7.64636812436864e-05
1335,2.127616665184869,7.906080321908494e-05
1336,2.1796425937575115,7.872736106841756e-05
1337,2.3090640894232224,7.787074291157843e-05
1338,2.4094966804020266,7.718020739602261e-05
1339,2.4667780038716276,7.677663049673605e-05
1340,2.4685278504004953,7.676419294722364e-05
1341,2.4118929299576135,7.716346435482244e-05
1342,2.3057125059555283,7.789340453035727e-05
1343,2.0253297854288923,7.969754093840244e-05
1344,2.161024406599108,7.884741897199165e-05
1345,2.2887821601517135,7.800749509568411e-05
1346,2.3836500338270112,7.736001826892132e-05
1347,2.4444075368030553,7.6935068650244e-05
1348,2.4542419212719317,7.68655466124587e-05
1349,2.006853508775497,7.980984345838082e-05
1350,2.152578631501665,7.89016129722679e-05
1351,2.2781481637416996,7.807882716667799e-05
1352,2.3786373263450256,7.739472389804962e-05
1353,2.004573727215715,7.982364215196136e-05
1354,2.150222525597374,7.891670146612851e-05
1355,2.2891302097305632,7.800515611185385e-05
1356,2.377907814198573,7.739977015738674e-05
1357,2.42407366254122,7.707816551389248e-05
1358,2.2712431580990318,7.81250091325109e-05
1359,2.3548066238144307,7.755896935983656e-05
1360,2.4027310196866845,7.722741388006963e-05
1361,2.4110407379979266,7.716942018744981e-05
1362,2.261990519961244,7.818672368934749e-05
1363,2.3472125138738127,7.761104871987403e-05
1364,2.389893715667044,7.731671390571437e-05
1365,3.7046154381922167,6.665633375542791e-05
1366,3.6954867021776256,6.673858628773025e-05
1367,3.6663330148288398,6.700071410382405e-05
1368,3.6126810304420665,6.748084027262616e-05
1369,3.529459437502176,6.821947227316387e-05
1370,3.4134629986947465,6.923571834435496e-05
1371,3.26518392296298,7.051020728376788e-05
1372,3.0893718537665267,7.198178079813779e-05
1373,2.8942176700121696,7.355926175928442e-05
1374,2.689572282818077,7.514307940698844e-05
1375,2.484976345064803,7.664696787044796e-05
1376,2.2884705268153924,7.800958912229118e-05
1377,2.1097547552596985,7.917380717958377e-05
1378,3.7277996342453785,6.644707167559131e-05
1379,3.70102236733782,6.668871814769563e-05
1380,3.622856081291983,6.739001581600884e-05
1381,3.515328886569905,6.834411853992025e-05
1382,3.379193858207363,6.95328092077673e-05
1383,3.2152561180896244,7.093266476875956e-05
1384,3.028159395244808,7.248321223852546e-05
1385,2.82874332222715,7.40741837391623e-05
1386,2.7834537284800365,7.44259218309092e-05
1387,2.771879597454981,7.4515216728149e-05
1388,2.5670975104887166,7.605337091347044e-05
1389,2.3668103776928686,7.74763919860496e-05
1390,2.2669197602248743,7.815387004089754e-05
1391,2.464069541655727,7.679586904508959e-05
1392,2.664545922411307,7.533145749593679e-05
1393,2.8184461406485535,7.415447907667766e-05
1394,2.709523496075588,7.499204952289328e-05
1395,2.837943959670382,7.400227963779461e-05
1396,3.032917443677001,7.2444447697772e-05
1397,3.208811695711419,7.098693675944177e-05
1398,3.3588513832124027,6.970845850385601e-05
1399,3.480300737750466,6.865210612445828e-05
1400,3.574405441191946,6.782150128743622e-05
1401,3.6448758790913423,6.719309033424715e-05
1402,3.7935264336011305,6.585104934457604e-05
1403,3.7716148914025127,6.605019223811659e-05
1404,3.6598975465077324,6.705846145990025e-05
1405,3.5021162745043117,6.846045955892673e-05
1406,3.317126793345471,7.006704892486118e-05
1407,3.116045827524469,7.176145823670115e-05
1408,2.9189335541390546,7.336295576166594e-05
1409,2.841782210306161,7.397223894920826e-05
1410,2.935923845652186,7.322740873704219e-05
1411,2.876284624193634,7.370103887824e-05
1412,2.6671556051117777,7.531186992422408e-05
1413,2.489523864929823,7.661445923335087e-05
1414,2.6834497210728356,7.518927558343186e-05
1415,2.833317145629615,7.403845750862128e-05
1416,2.8571286492994243,7.385186824670725e-05
1417,2.767412000427733,7.454961901196553e-05
1418,2.623422705863045,7.563837830252984e-05
1419,2.8024617863616856,7.427874635189444e-05
1420,2.9967991901311937,7.273779975872217e-05
1421,3.1745757772268566,7.127425300306317e-05
1422,3.330525831553655,6.99521443707941e-05
1423,3.463275405093514,6.880128039250424e-05
1424,3.8922294114189824,6.494875947913236e-05
1425,3.871990321883506,6.513444824582158e-05
1426,3.7368943715810268,6.636484044544534e-05
1427,3.5495666512518067,6.804171404966679e-05
1428,3.348845431306423,6.979465985708931e-05
1429,3.168998399147627,7.132089823923267e-05
1430,3.074254691792732,7.210616036911004e-05
1431,3.0986696982743505,7.190510575590544e-05
1432,3.171114445285055,7.130320649826806e-05
1433,2.991845583245776,7.277786853800016e-05
1434,2.7711767533107925,7.452063132899552e-05
1435,2.7770439159357556,7.447540396353456e-05
1436,2.857854933783631,7.384616134436429e-05
1437,2.8639514530055346,7.37982205455857e-05
1438,2.8068966865974243,7.424431402496918e-05
1439,2.7029566692222002,7.504184322724061e-05
1440,2.5829136777894726,7.593747706246354e-05
1441,2.783245572913065,7.442752991345286e-05
1442,2.9791595273516553,7.288030101984099e-05
1443,3.1630536644034013,7.137056549442282e-05
1444,4.012772967429426,6.383614850367811e-05
1445,3.9901487325787417,6.404579920580703e-05
1446,3.8480740035428243,6.535343512912335e-05
1447,3.6734378713335474,6.693691130243325e-05
1448,3.521477433542705,6.828991003327489e-05
1449,3.4340884225306336,6.905620238147018e-05
1450,3.4278003794333127,6.9110986792287e-05
1451,3.479858396825581,6.865598623353623e-05
1452,3.324934193191525,7.000012488033233e-05
1453,3.104537454547251,7.185664883807631e-05
1454,2.865231978663564,7.378814271043381e-05
1455,2.8118952149655296,7.420546337383705e-05
1456,2.8411962670592232,7.39768266117064e-05
1457,2.821220118996778,7.41328667497731e-05
1458,2.7589423950606604,7.461473795490369e-05
1459,2.6607017862257316,7.536028668831054e-05
1460,2.5759502352263497,7.598856373975603e-05
1461,2.7771883697367534,7.447428964073695e-05
1462,4.145663891248894,6.259771199295312e-05
1463,4.126196418300064,6.277983606766812e-05
1464,4.010301163839255,6.385907163297115e-05
1465,3.8943154775397804,6.492960125780094e-05
1466,3.8237851528183966,6.557533385429316e-05
1467,3.8139004276410207,6.566549205837507e-05
1468,3.82827795998863,6.553432684382208e-05
1469,3.6500650480249317,6.714660962237009e-05
1470,3.440440133971389,6.900081404338883e-05
1471,3.2016834402469776,7.104689839937213e-05
1472,2.9394241753296932,7.319942301724049e-05
1473,2.786485583991003,7.44024906491513e-05
1474,2.80655633852627,7.424695772168822e-05
1475,2.7870572956029296,7.439807040294492e-05
1476,2.7324381680072727,7.481766207962745e-05
1477,2.646126128255665,7.546933823038121e-05
1478,4.2834623529639515,6.130250355101967e-05
1479,4.281380829125229,6.132214125168107e-05
1480,4.218927936075646,6.191034223705594e-05
1481,4.173606974480799,6.233590481007735e-05
1482,4.171621454495299,6.235452263297582e-05
1483,4.104281196439163,6.298458278582339e-05
1484,3.9519018437395093,6.439936734658237e-05
1485,3.76197688185172,6.613764778683098e-05
1486,3.5350680067671525,6.816993560887896e-05
1487,3.2746687968106296,7.042955985546917e-05
1488,2.989128784493956,7.279982723092492e-05
1489,2.760728441381335,7.460101681537171e-05
1490,2.784964990608363,7.441424438395055e-05
1491,2.7745999071648453,7.449425138348903e-05
1492,4.419379701927728,6.0016098588458885e-05
1493,4.441513944863566,5.980591491528923e-05
1494,4.435134427462702,5.9866511710446625e-05
1495,4.422036860547723,5.99908758348437e-05
1496,4.34005404692429,6.076783511913333e-05
1497,4.2177386348478985,6.192152401537256e-05
1498,4.054030160608782,6.34529073208834e-05
1499,3.8480617311051626,6.535354737606637e-05
1500,3.601225753145413,6.758296043612683e-05
1501,3.319264471822764,7.00487330745866e-05
1502,3.0136568960274324,7.260114288640993e-05
1503,2.7507679043383653,7.4677462795741e-05
1504,4.546246335813116,5.8809237737212246e-05
1505,4.5837073955292835,5.845199650514736e-05
1506,4.577487091958841,5.851133912452287e-05
1507,4.529114413907677,5.897249337039303e-05
1508,4.4387651846160745,5.98320261638131e-05
1509,4.305097341167255,6.109827193354235e-05
1510,4.1262691759823,6.277915582386162e-05
1511,3.9018555623349656,6.486032448024486e-05
1512,3.635016572549927,6.728132580168165e-05
1513,3.3341837675966586,6.992073414502724e-05
1514,4.656828888456607,5.775378255332866e-05
1515,4.684630338113105,5.7488052583898637e-05
1516,4.668989209418762,5.7637568295261446e-05
1517,4.610581805839456,5.819550960383287e-05
1518,4.508303068450369,5.917070212025602e-05
1519,4.359878353213278,6.0580205554667505e-05
1520,4.163524903540186,6.243041899725362e-05
1521,3.920100941771572,6.469250099429943e-05
1522,4.744860664213399,5.691197653262765e-05
1523,4.760420399478296,5.676308422517639e-05
1524,4.732724031872974,5.702809488040561e-05
1525,4.661341457896124,5.7710659597812555e-05
1526,4.544125508661197,5.8829452041450125e-05
1527,4.37850876506286,6.040372766332406e-05
1528,4.805788493217991,5.632883062255545e-05
1529,4.807259323624574,5.6314749628524595e-05
1530,4.765356300376294,5.671584720048107e-05
1531,4.678557658710128,5.754610680408384e-05
1532,4.8368689262233415,5.603125716956884e-05
1533,4.823084239672552,5.6163241917253405e-05
1534,3.643493019988003,6.720547226009396e-05
1535,3.5375455272028797,6.814804199169004e-05
1536,3.4027749850970466,6.932853498812555e-05
1537,3.2415823319307138,7.071034483469757e-05
1538,3.057625775901836,7.22425677087928e-05
1539,2.85907936050732,7.383653811522091e-05
1540,2.714812663651471,7.495188476661538e-05
1541,2.825639256526953,7.409840849486583e-05
1542,2.8612375206342393,7.381956994005979e-05
1543,2.7087302662476684,7.499806859393857e-05
1544,2.5186029372581884,7.640557220430234e-05
1545,3.7096971059194943,6.661051101230317e-05
1546,3.5741899374412522,6.782341480925116e-05
1547,3.402199124315754,6.933353180803996e-05
1548,3.208990667036475,7.098543034617256e-05
1549,3.0116833413105546,7.261716522163837e-05
1550,2.8672553966241128,7.377221242718893e-05
1551,2.891748247379947,7.357881771908741e-05
1552,2.9528160038189553,7.309216375765213e-05
1553,2.9211073639715286,7.334564051469511e-05
1554,2.7700229133959144,7.452951837203271e-05
1555,2.698180421422265,7.507800851704154e-05
1556,2.827526873940758,7.40836791886027e-05
1557,2.886164698863573,7.362299650824233e-05
1558,2.8519430024647257,7.389258847324818e-05
1559,2.7577666554256126,7.462376726676406e-05
1560,2.6733473865248687,7.526534379472372e-05
1561,2.8482802758579355,7.392132154157766e-05
1562,3.04577832650146,7.233948800766443e-05
1563,3.2306170019855225,7.080306402121134e-05
1564,3.3961596812395425,6.938591174359616e-05
1565,3.8058254246736523,6.573907986502615e-05
1566,3.653895614660058,6.711228045795381e-05
1567,3.471716563106059,6.872736298555307e-05
1568,3.2932873484338523,7.02708929686432e-05
1569,3.163776024126711,7.136453307691507e-05
1570,3.1271370187902066,7.166952822411692e-05
1571,3.145999839828538,7.151275763967183e-05
1572,3.132845526218599,7.162214059492738e-05
1573,3.0185965418412417,7.256101282185265e-05
1574,2.826951993553915,7.408816572067153e-05
1575,2.8195887458159987,7.414557859547489e-05
1576,2.8698130611229833,7.37520658384277e-05
1577,2.860535208067561,7.382509264968254e-05
1578,2.802500706111469,7.42784443349364e-05
1579,2.70826528394058,7.500159635399872e-05
1580,2.6560531950141018,7.539511088912184e-05
1581,2.84021111069388,7.398453856040833e-05
1582,3.0399506152037903,7.238708138686212e-05
1583,3.925570570362779,6.46421391962555e-05
1584,3.7839116638551276,6.593848693782558e-05
1585,3.6382639047552474,6.725227509379116e-05
1586,3.529430616133532,6.82197267402264e-05
1587,3.4788045141727113,6.866522970681974e-05
1588,3.4690542383166107,6.875068558578209e-05
1589,3.4418879298830594,6.898818204218133e-05
1590,3.3334087960238103,6.992739019928149e-05
1591,3.1492805706986657,7.148543692311701e-05
1592,2.931475590725172,7.326294356761719e-05
1593,2.8390064987606056,7.399396610967727e-05
1594,2.8483107651703836,7.392108245877706e-05
1595,2.8254699697801837,7.409972915003605e-05
1596,2.768184939591958,7.454366968418683e-05
1597,2.6826946390932256,7.519496791083869e-05
1598,2.6513915435478412,7.542999104659662e-05
1599,4.076924567341563,6.32397421425387e-05
1600,3.9752264224102256,6.418387576029309e-05
1601,3.890408559503804,6.496547910657924e-05
1602,3.84202989722678,6.540870054083963e-05
1603,3.8187367548404234,6.562139082731122e-05
1604,3.7751420418710304,6.601816536334162e-05
1605,3.662534425604879,6.703480506601042e-05
1606,3.4820484436453487,6.863677340008566e-05
1607,3.2555781168233726,7.059175639039508e-05
1608,3.0085931268650548,7.264224056436547e-05
1609,2.845707447076087,7.394149055681633e-05
1610,2.8278558328841843,7.408111163398507e-05
1611,2.805128545207848,7.425804601884502e-05
1612,2.75616588933194,7.463605655920042e-05
1613,4.254174010984014,6.157862494173713e-05
1614,4.19845093059039,6.21027604782569e-05
1615,4.159596553699573,6.246722938845994e-05
1616,4.132036817429797,6.272522134832277e-05
1617,4.0805999419916805,6.32054893649297e-05
1618,3.971021617250363,6.422275328819157e-05
1619,3.801272181596879,6.578054817807328e-05
1620,3.581970177496267,6.775429948711465e-05
1621,3.325418493725606,6.999597085085732e-05
1622,3.0518173876058077,7.229011195442169e-05
1623,2.850471708917258,7.390413319383925e-05
1624,2.820286369678054,7.414014321197692e-05
1625,4.430131016220944,5.991402735820772e-05
1626,4.4068607173435685,6.013489865937589e-05
1627,4.384408570366651,6.034781230756866e-05
1628,4.337462775267635,6.079234819160058e-05
1629,4.2408150989200815,6.17044271546048e-05
1630,4.089580162571125,6.312176110968353e-05
1631,3.887535858935929,6.499185163761365e-05
1632,3.6409168823748876,6.722853334936036e-05
1633,3.359718225384601,6.970098453684303e-05
1634,3.0657307350125933,7.217613653173882e-05
1635,4.5810157432584715,5.8477676383137605e-05
1636,4.5711900136354,5.857140482477245e-05
1637,4.538657455703927,5.888156436652931e-05
1638,4.462179526674695,5.960952411719428e-05
1639,4.334909718304367,6.0816496924229475e-05
1640,4.156746007499776,6.249393466681886e-05
1641,3.930010036753835,6.460124539978978e-05
1642,3.660345804813401,6.70544404733221e-05
1643,4.696284794637939,5.73766213526374e-05
1644,4.683534561104566,5.7498528529902675e-05
1645,4.631186607969369,5.799875499612036e-05
1646,4.5306499567141225,5.8957863929494267e-05
1647,4.3799420428606215,6.039014505159319e-05
1648,4.178852391954375,6.2286708805062e-05
1649,4.773155381193472,5.6641204717712985e-05
1650,4.747778096869579,5.688406130196746e-05
1651,4.674911409414595,5.758096178829433e-05
1652,4.55275640005605,5.874718082977336e-05
1653,4.811470997911781,5.627442844308872e-05
1654,4.768626866020207,5.668454633859451e-05
1655,3.4085534220243345,6.927837172312617e-05
1656,3.2195708897658664,7.089629460948934e-05
1657,3.025060626221117,7.250843894823397e-05
1658,2.865686133659875,7.378456778871887e-05
1659,2.851779596493104,7.38938708498536e-05
1660,2.9123993126687155,7.341495527738009e-05
1661,2.947717168047966,7.313303721585191e-05
1662,2.9211079464786205,7.334563587372493e-05
1663,2.8154358967873083,7.417791662166462e-05
1664,3.4858175462330023,6.860369455944339e-05
1665,3.3123431321082872,7.010801374900099e-05
1666,3.1745756737761437,7.12742538686742e-05
1667,3.1154495933189112,7.176639488684243e-05
1668,3.122536950737626,7.170767873138256e-05
1669,3.1402808043006596,7.15603453107266e-05
1670,3.124607793688117,7.169050821716642e-05
1671,3.0492327718088736,7.231125111187712e-05
1672,2.9391658811809998,7.320148882472818e-05
1673,2.9291620508104113,7.328141208407412e-05
1674,2.946394241921547,7.314363501339601e-05
1675,2.9290960540301594,7.328193879052518e-05
1676,2.8816211483228344,7.365890682465767e-05
1677,2.827928786326999,7.408054219963643e-05
1678,2.861547446238021,7.38171325329471e-05
1679,3.025515419428749,7.250473749188979e-05
1680,3.648862762936926,6.715738127022722e-05
1681,3.5349396658125927,6.817106955639703e-05
1682,3.4698589957370585,6.874363661065886e-05
1683,3.4513418353618817,6.890563414264529e-05
1684,3.4518732075619316,6.890099118480877e-05
1685,3.433578057191522,6.906065073692766e-05
1686,3.362156670098701,6.967995490229644e-05
1687,3.230931064026275,7.080041077296458e-05
1688,3.0806032455994163,7.205396942552154e-05
1689,2.9865305975550247,7.282081596773648e-05
1690,2.949040552540621,7.312243282285618e-05
1691,2.913560365485615,7.340572091535863e-05
1692,2.8655895775389997,7.378532786897317e-05
1693,2.8201083262263156,7.414153048107051e-05
1694,3.888435770322203,6.4983590818837e-05
1695,3.82882605778165,6.552932301005934e-05
1696,3.802044097394819,6.577351931678598e-05
1697,3.791367138699467,6.587069345137197e-05
1698,3.76490024302953,6.611113021631737e-05
1699,3.6883323246123747,6.680299170847595e-05
1700,3.548355915036323,6.805243048458786e-05
1701,3.3606642169015486,6.969282702970244e-05
1702,3.161287841901346,7.138530861890675e-05
1703,3.015500819043161,7.258616730210461e-05
1704,2.94843753037674,7.31272652534693e-05
1705,2.907925032725408,7.345051972378207e-05
1706,4.148198365281007,6.257398455574486e-05
1707,4.120033563297881,6.283744358120457e-05
1708,4.104064892139106,6.298660215634079e-05
1709,4.073088611720063,6.327548206496002e-05
1710,3.995690981978932,6.399447520771417e-05
1711,3.8569651673823127,6.527208056271926e-05
1712,3.663511670378001,6.702603605061099e-05
1713,3.4326482962956715,6.906875373195686e-05
1714,3.1980541059387972,7.107739966505887e-05
1715,3.0244897422148944,7.251308477234453e-05
1716,4.3803447764863686,6.0386328356207805e-05
1717,4.364254888148286,6.053876120572841e-05
1718,4.335171182819527,6.081402392592413e-05
1719,4.264105206221673,6.148504382436898e-05
1720,4.135321882089026,6.26944929890574e-05
1721,3.94971677846946,6.441953373608938e-05
1722,3.7176906326968453,6.653838029289695e-05
1723,3.455643806206051,6.886803511256302e-05
1724,4.560090025875958,5.867726031879886e-05
1725,4.539421303937803,5.887428512315207e-05
1726,4.4814626600022365,5.9426144030195665e-05
1727,4.3691298899988595,6.049258730817933e-05
1728,4.200157315087398,6.208673460853684e-05
1729,3.9797383233989816,6.414214427184692e-05
1730,4.679097602995413,5.754094522420123e-05
1731,4.641118511446526,5.790388550425628e-05
1732,4.550090925590278,5.8772590680080964e-05
1733,4.402256005149749,6.0178580824713384e-05
1734,4.737585021722357,5.6981588910650614e-05
1735,4.673828294773329,5.759131501376537e-05
1736,3.1742881842446895,7.127665934126209e-05
1737,3.106774504596362,7.183816104830213e-05
1738,3.1080589486490906,7.182754248878625e-05
1739,3.136244195676207,7.159390421450278e-05
1740,3.1623557174568124,7.137639331064913e-05
1741,3.1729670836254678,7.128771165383879e-05
1742,3.1689739258920278,7.132110281565617e-05
1743,3.464991929351947,6.87862560635859e-05
1744,3.4420650311375343,6.898663666049867e-05
1745,3.4520608782961775,6.889935129719665e-05
1746,3.4732246771496116,6.87141477977044e-05
1747,3.4824688625683717,6.863308450160583e-05
1748,3.4583579438872225,6.884430218050856e-05
1749,3.3949814253648447,6.939612537211915e-05
1750,3.3123836609145454,7.010766680946619e-05
1751,3.2364066322799587,7.075412991099024e-05
1752,3.1777989656273102,7.124727577696446e-05
1753,3.1329644674822195,7.16211527153251e-05
1754,3.1031518388802977,7.18680962342886e-05
1755,3.796210837955834,6.58266222159568e-05
1756,3.793361292840629,6.58525518551341e-05
1757,3.804274766922262,6.575320443848352e-05
1758,3.8039090543278276,6.575653531541131e-05
1759,3.764430581567115,6.611539101166982e-05
1760,3.6708116651668847,6.696050102414113e-05
1761,3.5353917852171812,6.816707480404417e-05
1762,3.387203513746647,6.946350363480883e-05
1763,3.2638911598813762,7.052118971431735e-05
1764,3.182134944699719,7.121096086384818e-05
1765,4.107291686990569,6.29564744433723e-05
1766,4.10933366560058,6.293740567113262e-05
1767,4.101581369970474,6.300978567634281e-05
1768,4.054565019893636,6.344793133172759e-05
1769,3.9497633456142593,6.441910399686572e-05
1770,3.791611489283596,6.58684706919442e-05
1771,3.600012696450859,6.759376622209582e-05
1772,3.4104057977590916,6.926228220083654e-05
1773,4.360992431448723,6.056965634748665e-05
1774,4.351349087024238,6.066095210758608e-05
1775,4.305019870907156,6.1099003631097e-05
1776,4.2009660211419835,6.207913891897097e-05
1777,4.038288460314351,6.35992714075729e-05
1778,3.829793035469393,6.552049439443846e-05
1779,4.535748302287886,5.8909286285252755e-05
1780,4.498897039961527,5.926024467922079e-05
1781,4.404561958148372,6.015670661797367e-05
1782,4.248223320661817,6.163467435188108e-05
1783,4.623321001977527,5.807387358279105e-05
1784,4.547285623957704,5.879933150747212e-05
1785,3.4516177750191153,6.890322311411971e-05
1786,3.488365828547978,6.85813205321637e-05
1787,3.5409448746605454,6.811799097135174e-05
1788,3.594378988662621,6.764392995621874e-05
1789,3.6285459819159787,6.733917901190639e-05
1790,3.814833131311769,6.565698857645035e-05
1791,3.8530507276837263,6.530790613459863e-05
1792,3.8867799143365276,6.499879038840566e-05
1793,3.890264000660543,6.496680637502345e-05
1794,3.846910822824336,6.536407331500715e-05
1795,3.7613003157801854,6.614378373145386e-05
1796,3.65572817401285,6.709585191006697e-05
1797,3.558483585459681,6.796273821600174e-05
1798,4.133724268854775,6.270943781049094e-05
1799,4.153758637386953,6.252191668800825e-05
1800,4.140273262396789,6.264816571904291e-05
1801,4.072606757397457,6.327997086158023e-05
1802,3.9533602521027844,6.438590539177456e-05
1803,3.803329994532178,6.576180909518418e-05
1804,4.365656646901118,6.052548534897321e-05
1805,4.346940289790716,6.070267823639564e-05
1806,4.2702290061923724,6.142731531381361e-05
1807,4.133214244107242,6.271420849647285e-05
1808,4.4861035576639186,5.938199204712923e-05
1809,4.412312990088231,6.0083165929725344e-05
1810,3.925276899253335,6.464484378055393e-05
1811,3.999075437308572,6.396312253528847e-05
1812,4.046160752405351,6.352609698025865e-05
1813,4.206474959412585,6.202738729788039e-05
1814,4.228997432184205,6.181563916040425e-05
1815,4.197913082375705,6.210781146256536e-05
1816,4.1137393545380645,6.289625481811969e-05
1817,4.358028149943495,6.05977239967428e-05
1818,4.309485478497614,6.105682200901036e-05
1819,4.286678829800454,6.127215431667294e-05
1820,3.7046154381922167,6.665633375542791e-05
1821,3.6954867021776256,6.673858628773025e-05
1822,3.6663330148288398,6.700071410382405e-05
1823,3.6126810304420665,6.748084027262616e-05
1824,3.529459437502176,6.821947227316387e-05
1825,3.4134629986947465,6.923571834435496e-05
1826,3.26518392296298,7.051020728376788e-05
1827,3.0893718537665267,7.198178079813779e-05
1828,2.8942176700121696,7.355926175928442e-05
1829,2.811730249275465,7.420674627108562e-05
1830,2.9421412812505534,7.317768513412221e-05
1831,3.033045856251285,7.244340100106659e-05
1832,3.0800158269861564,7.205880117064803e-05
1833,3.7277996342453785,6.644707167559131e-05
1834,3.7400120689020997,6.633663323205326e-05
1835,3.7274242084247677,6.645046443420578e-05
1836,3.684264946562773,6.683958452271598e-05
1837,3.606049989343789,6.753997100291336e-05
1838,3.4915222180272663,6.855359670621054e-05
1839,3.3434998417116644,6.984065870731098e-05
1840,3.168428821803488,7.13256592125426e-05
1841,2.974915726047636,7.291450836972365e-05
1842,2.914650284000699,7.339705022967666e-05
1843,3.014418356937161,7.25949592772339e-05
1844,3.0737107670423196,7.211062901910235e-05
1845,3.0887593411933887,7.198682723824555e-05
1846,3.0603387549350223,7.222034260952416e-05
1847,2.990972484692765,7.278492672323931e-05
1848,2.930390311576679,7.327160825258182e-05
1849,3.0927177506281036,7.195420403318756e-05
1850,3.2794655183024433,7.038872753806471e-05
1851,3.4474835805413053,6.893933606279373e-05
1852,3.586149161358162,6.771714841576538e-05
1853,3.6885025026268248,6.680146031551022e-05
1854,3.750991153017473,6.623722724780401e-05
1855,3.7726490881804713,6.604080281436375e-05
1856,3.7509500401125733,6.623759970104162e-05
1857,3.7935264336011305,6.585104934457604e-05
1858,3.822181386654046,6.558996757239909e-05
1859,3.819965338691225,6.561018440765269e-05
1860,3.781671900214237,6.595884350426929e-05
1861,3.704795027038452,6.665471478630794e-05
1862,3.590509869925629,6.767836156245288e-05
1863,3.4434623335519587,6.897444248983676e-05
1864,3.27054908702419,7.046460388784638e-05
1865,3.079253037132653,7.206507461404217e-05
1866,3.0313779936167027,7.24569937800941e-05
1867,3.0976190210020347,7.191377686085435e-05
1868,3.128341853540401,7.165953069628425e-05
1869,3.134029046938814,7.16123097892917e-05
1870,3.142306999514965,7.154349107306552e-05
1871,3.2347049858256063,7.076851717322135e-05
1872,3.3977488290223703,6.937213355535976e-05
1873,3.568500133901772,6.787391777979817e-05
1874,3.7221078746916483,6.64984940925331e-05
1875,3.843272720670341,6.53973391066325e-05
1876,3.9178456191434443,6.471326009282521e-05
1877,3.933110538974856,6.457267624270771e-05
1878,3.8820381808775513,6.504230367260611e-05
1879,3.8922294114189824,6.494875947913236e-05
1880,3.931519381065097,6.458733868662525e-05
1881,3.9344726124426272,6.456012323714646e-05
1882,3.8977232936319672,6.489829662340738e-05
1883,3.821128269536453,6.559957561571287e-05
1884,3.7077091333563224,6.662844009577528e-05
1885,3.562624228895785,6.79260350870309e-05
1886,3.3916661085340327,6.942485455994358e-05
1887,3.2000079095272373,7.106098207378793e-05
1888,3.2455321167590623,7.067690540594061e-05
1889,3.3116848688552083,7.011364838520936e-05
1890,3.382171023305235,6.950705806841786e-05
1891,3.4841066114961716,6.86187123445005e-05
1892,3.6170544475317397,6.744181575229387e-05
1893,3.767550661437686,6.60870816414017e-05
1894,3.915988717042106,6.473034891370526e-05
1895,4.043615552921623,6.35497597070135e-05
1896,4.129038290555463,6.275326374918242e-05
1897,4.14680503855706,6.258702918145332e-05
1898,4.0786760213353555,6.322342050418163e-05
1899,4.012772967429426,6.383614850367811e-05
1900,4.057882114485162,6.341706691803426e-05
1901,4.062840554906201,6.337091664435861e-05
1902,4.026456254774423,6.370917392186352e-05
1903,3.950394071879084,6.441328325345907e-05
1904,3.8382990809522366,6.544279832217037e-05
1905,3.694417865326303,6.674821143773153e-05
1906,3.5223992287336534,6.828177930827584e-05
1907,3.561693123140665,6.793429017271922e-05
1908,3.6584325013833303,6.707160184123979e-05
1909,3.764394953141554,6.611571422641713e-05
1910,3.890025290527597,6.496899805716753e-05
1911,4.023536476174382,6.373627912703037e-05
1912,4.157506260423487,6.248681271715808e-05
1913,4.279269365058614,6.134205930007377e-05
1914,4.368570851895052,6.0497882764921925e-05
1915,4.393229965453736,6.026418214978991e-05
1916,4.319055433394742,6.096639485240353e-05
1917,4.145663891248894,6.259771199295312e-05
1918,4.193204979947754,6.215201891670125e-05
1919,4.19842928392658,6.210296376722149e-05
1920,4.161909729149515,6.244555498441171e-05
1921,4.086109699910239,6.315412458414625e-05
1922,3.9740852782851577,6.41944280487266e-05
1923,3.85810675873277,6.526163009773892e-05
1924,3.9406640468979424,6.45030442382369e-05
1925,4.046827216912647,6.351990013090944e-05
1926,4.1658425894412145,6.240869706066051e-05
1927,4.290832426857377,6.123295558743302e-05
1928,4.4163529202763465,6.004482680899661e-05
1929,4.532029104324189,5.8944723946627055e-05
1930,4.622131046622962,5.808523688980406e-05
1931,4.654932059154696,5.77719079451534e-05
1932,4.583054592882302,5.845822476529546e-05
1933,4.2834623529639515,6.130250355101967e-05
1934,4.330690500072858,6.08563992602785e-05
1935,4.334565558472327,6.08197520308066e-05
1936,4.296696930003241,6.117759672637335e-05
1937,4.21937173485981,6.19061694603538e-05
1938,4.2155895545104825,6.194172770271362e-05
1939,4.297433027981239,6.117064708438091e-05
1940,4.405114349941757,6.015146634708691e-05
1941,4.526419935045076,5.899816266626584e-05
1942,4.652516265372097,5.7794991444869605e-05
1943,4.769893602493967,5.667242281020954e-05
1944,4.866832907993046,5.5744336840337897e-05
1945,4.913691473450851,5.52956188749325e-05
1946,4.852185197397142,5.588459924914233e-05
1947,4.419379701927728,6.0016098588458885e-05
1948,4.463354234985711,5.9598356240835694e-05
1949,4.46360823195094,5.959594144835371e-05
1950,4.4501736990073475,5.972363644204664e-05
1951,4.500709001481585,5.924299739460791e-05
1952,4.585095802773938,5.843874965857085e-05
1953,4.694699221475133,5.7391782607558246e-05
1954,4.818193249116394,5.621006970868877e-05
1955,4.951299353602021,5.493550902571427e-05
1956,5.067568130390322,5.382275251619353e-05
1957,5.146779337074183,5.30655661250268e-05
1958,5.110860498305873,5.340879735282792e-05
1959,4.546246335813116,5.8809237737212246e-05
1960,4.586268472310134,5.842756082596408e-05
1961,4.622414350379413,5.808253154740438e-05
1962,4.682304681732527,5.751028631178777e-05
1963,4.771524245153558,5.665681624198793e-05
1964,4.8850727806686205,5.556967201245545e-05
1965,5.013115964287715,5.4343744635693524e-05
1966,5.144908430929402,5.308343855413309e-05
1967,5.290968802402348,5.169038253615802e-05
1968,5.3481675658367696,5.1146336040344376e-05
1969,4.656828888456607,5.775378255332866e-05
1970,4.7036535109397,5.73061569280477e-05
1971,4.763591329353184,5.673273839905712e-05
1972,4.849470663420162,5.591059228436815e-05
1973,4.959940029842775,5.4852778678900564e-05
1974,5.08572949352402,5.364906426610262e-05
1975,5.2126048172693,5.243718085499823e-05
1976,5.3375440513713075,5.1247308053329365e-05
1977,4.744860664213399,5.691197653262765e-05
1978,4.7889441531538735,5.6490079703255615e-05
1979,4.855563487064286,5.585225013222966e-05
1980,4.947293525543562,5.497386406206415e-05
1981,5.054979136729796,5.394317343845779e-05
1982,5.158143644588464,5.29570186650177e-05
1983,4.805788493217991,5.632883062255545e-05
1984,4.840484369488088,5.5996638939332456e-05
1985,4.9005232767552265,5.542171706717547e-05
1986,4.9790163142654285,5.467014633523034e-05
1987,4.8368689262233415,5.603125716956884e-05
1988,4.857710999725513,5.583168627884339e-05
1989,3.8165937685457783,6.564093471316212e-05
1990,3.853208042795676,6.530646661209453e-05
1991,3.836203752013751,6.546194331889145e-05
1992,3.7705820012866376,6.60595688158181e-05
1993,3.662117309146925,6.70385476403171e-05
1994,3.5185183548125654,6.831600409839719e-05
1995,3.3497150714225206,6.978717306780088e-05
1996,3.1709904206125517,7.130424361926077e-05
1997,3.0480963720926595,7.232054220823935e-05
1998,3.074893754593476,7.210090951844629e-05
1999,3.1066527908536323,7.183916713106826e-05
2000,3.9152080270321528,6.473753268347138e-05
2001,3.9610046900195073,6.431531642920479e-05
2002,3.9455534602286138,6.445794771540329e-05
2003,3.8782921064186135,6.507666705932368e-05
2004,3.76929553914923,6.607124594550264e-05
2005,3.628893184790531,6.733607580267042e-05
2006,3.4692701160814208,6.874879476019674e-05
2007,3.3130215762081496,7.010220576132669e-05
2008,3.223631335026147,7.086204404067815e-05
2009,3.224084920247761,7.085821651643701e-05
2010,3.2433930790985555,7.069501750865003e-05
2011,3.285026568676061,7.034134946085721e-05
2012,3.373053754404294,6.958588259508174e-05
2013,3.5133602576985155,6.836146571074418e-05
2014,3.6717693752622917,6.695189926420481e-05
2015,3.82189432365784,6.55925866686925e-05
2016,3.945466275150788,6.445875201024504e-05
2017,4.024528431638894,6.372707116519854e-05
2018,4.040270905426349,6.358084819509884e-05
2019,3.980450045205895,6.413556004109703e-05
2020,4.035694304770128,6.362337528257716e-05
2021,4.085960154742611,6.315551897949856e-05
2022,4.070790053060096,6.329689331247541e-05
2023,4.004709245364424,6.391091420639181e-05
2024,3.9006696765722966,6.487122320197693e-05
2025,3.771194343563986,6.605401009050582e-05
2026,3.634694907677543,6.728420282443921e-05
2027,3.5329228002610518,6.818888697572935e-05
2028,3.5171952743058514,6.832766817457265e-05
2029,3.5655607442296424,6.789999395594137e-05
2030,3.6529768688778184,6.712051554301432e-05
2031,3.7703985513414824,6.606123407183752e-05
2032,3.904819614657077,6.48330788129364e-05
2033,4.041839985362403,6.356626455254027e-05
2034,4.164258278377107,6.24235459585369e-05
2035,4.2502523631580535,6.161556485350075e-05
2036,4.270503960680508,6.142472291227486e-05
2037,4.198930715898737,6.209825463448329e-05
2038,4.168562859362344,6.23831980603837e-05
2039,4.220901443046041,6.189178572161124e-05
2040,4.2078007407786835,6.201493029238961e-05
2041,4.147671089729192,6.257892115836841e-05
2042,4.056265469502816,6.343211015928526e-05
2043,3.953734796205011,6.438244787167012e-05
2044,3.880654131295238,6.505500114492361e-05
2045,3.885211859358308,6.501318193939817e-05
2046,3.954762924404989,6.43729563887631e-05
2047,4.055918083600079,6.343534243398071e-05
2048,4.175228255646637,6.232070071708479e-05
2049,4.298038840131272,6.116492730688255e-05
2050,4.412141564299027,6.0084792635040695e-05
2051,4.498719318002775,5.9261936285360746e-05
2052,4.525378689294688,5.90080816866177e-05
2053,4.451436757410374,5.9711633672088344e-05
2054,4.306355102893774,6.108639213630549e-05
2055,4.360238753215712,6.05767929829701e-05
2056,4.353249535509556,6.064296319214378e-05
2057,4.307260076998788,6.107784403711219e-05
2058,4.247056095816225,6.1645666318231e-05
2059,4.213699785321846,6.195949154790635e-05
2060,4.244808495385936,6.166683042887797e-05
2061,4.328337249408246,6.0878651238105586e-05
2062,4.436797868772966,5.985071263579126e-05
2063,4.552369090135838,5.875087315189701e-05
2064,4.6625192665454325,5.7699403659213224e-05
2065,4.751147760338808,5.6851817814992635e-05
2066,4.787088247362479,5.650784485795777e-05
2067,4.718617444900484,5.716303914350697e-05
2068,4.4422766821959385,5.9798668993865526e-05
2069,4.498054028058958,5.926826861253337e-05
2070,4.504433317868253,5.9207544151505956e-05
2071,4.491258696087575,5.9332939914477216e-05
2072,4.498221637312627,5.9266673295628186e-05
2073,4.5532702572546135,5.874228204135282e-05
2074,4.647665233847502,5.784134107229538e-05
2075,4.7610141238104005,5.6757402351200126e-05
2076,4.879395790693608,5.5624035150617044e-05
2077,4.979690243139556,5.466369467813243e-05
2078,5.0358966930108435,5.41257429352249e-05
2079,4.982862939634313,5.463332221115534e-05
2080,4.569176253196799,5.8590611384797443e-05
2081,4.6276591917120955,5.803244425846998e-05
2082,4.659530542024043,5.7727965472596223e-05
2083,4.701929915427146,5.732263975144429e-05
2084,4.778210661031185,5.659281942705511e-05
2085,4.884092913022036,5.557905528613813e-05
2086,5.004957401792126,5.442183009156506e-05
2087,5.137403960235832,5.315513366363516e-05
2088,5.239858046583472,5.217728887850012e-05
2089,5.230598434276078,5.226557078549319e-05
2090,4.679837344030058,5.7533873618854734e-05
2091,4.741669235181839,5.694251242216027e-05
2092,4.805748518270934,5.632921332081728e-05
2093,4.895452356761256,5.5470276457370555e-05
2094,5.009956522216619,5.437398292471343e-05
2095,5.137460530268805,5.315459317615781e-05
2096,5.283441217636391,5.176205091695464e-05
2097,5.409139854774714,5.0567524143581706e-05
2098,4.767982503359858,5.6690713271477825e-05
2099,4.831285769228128,5.6084715436142485e-05
2100,4.9157207610457005,5.5276186709129816e-05
2101,5.02368306150895,5.424261590718001e-05
2102,5.141869641037565,5.3112468899802994e-05
2103,5.2456825652329835,5.212176804723696e-05
2104,4.829021659655592,5.61063937204e-05
2105,4.888099837658053,5.554068470615752e-05
2106,4.972500685965684,5.473252322503516e-05
2107,5.067329070116502,5.3825039082612296e-05
2108,4.860170263497718,5.580813706796391e-05
2109,4.907423097129848,5.5355644360800314e-05
2110,4.1008141747081455,6.301694660885282e-05
2111,4.164642306522393,6.241994680158725e-05
2112,4.1478480763921075,6.257726414400447e-05
2113,4.069664063668709,6.330738072191169e-05
2114,3.953030300032513,6.438895118221929e-05
2115,3.817992848720917,6.562817565705534e-05
2116,3.6854974997378562,6.682849740459123e-05
2117,3.581577895575633,6.775778588674191e-05
2118,3.526759139934856,6.82433093878828e-05
2119,4.233627523225251,6.177207557566571e-05
2120,4.299146617422521,6.115446778318811e-05
2121,4.284399847198488,6.129365828324905e-05
2122,4.214462135907707,6.195232567608391e-05
2123,4.114774421893562,6.28865851357557e-05
2124,4.008900275663962,6.387206133136254e-05
2125,3.9240402446553686,6.465623209375635e-05
2126,3.8874392248291314,6.499273865986598e-05
2127,3.908188577844556,6.480210263309478e-05
2128,3.9802073291430315,6.413780548077964e-05
2129,4.0826394998550075,6.318647785228486e-05
2130,4.197336018383043,6.211323054955577e-05
2131,4.30542308836393,6.109519525922757e-05
2132,4.384600382312517,6.034599418099485e-05
2133,4.404182472285163,6.016030654828831e-05
2134,4.33163228512466,6.084749320612389e-05
2135,4.371368490217117,6.0471381026352055e-05
2136,4.438284259758335,5.983659433442295e-05
2137,4.430997100815612,5.990580308968315e-05
2138,4.378248685195706,6.040619225074024e-05
2139,4.309335042062305,6.105824316252741e-05
2140,4.255169913491114,6.156924282182687e-05
2141,4.244817029273985,6.16667500759675e-05
2142,4.286594095708753,6.127295389258823e-05
2143,4.365027165227947,6.053144717929226e-05
2144,4.462263698949447,5.9608723911902214e-05
2145,4.559910293790274,5.867897408952251e-05
2146,4.637107988317245,5.7942196272719765e-05
2147,4.661296681244435,5.771108750917626e-05
2148,4.588307936272044,5.8408100862985296e-05
2149,4.507235670359732,5.918086474271218e-05
2150,4.576097166376028,5.852459797142794e-05
2151,4.583203520528751,5.845680388499632e-05
2152,4.5604918761917705,5.867342859014724e-05
2153,4.5429527659137285,5.884062933081262e-05
2154,4.5604376998491425,5.867394517551812e-05
2155,4.620354096007286,5.810220508920095e-05
2156,4.708052822538614,5.72640842388842e-05
2157,4.801006401248546,5.6374611033573104e-05
2158,4.88151674676103,5.560372479258016e-05
2159,4.916615460107589,5.526761922361399e-05
2160,4.851653877718222,5.588968692032857e-05
2161,4.634151064545034,5.797044050568162e-05
2162,4.705681393196403,5.7286763666213904e-05
2163,4.736123917274346,5.699556784755021e-05
2164,4.759888785362731,5.6768171682670626e-05
2165,4.807007007335543,5.631716518784195e-05
2166,4.88581197580181,5.5562593431338074e-05
2167,4.989368665313499,5.457104452423177e-05
2168,5.08497214517802,5.365630636752124e-05
2169,5.148153406050016,5.305244029356101e-05
2170,5.105037681022704,5.346445848094624e-05
2171,4.744968292743665,5.6910946713518854e-05
2172,4.819756241375874,5.6195105291935164e-05
2173,4.88130951110963,5.560570929063639e-05
2174,4.957266890474943,5.487837233120189e-05
2175,5.056584529457664,5.392781587531625e-05
2176,5.170815308101082,5.283601251816196e-05
2177,5.299395136723493,5.1610175900283734e-05
2178,5.336695122087955,5.125537826370468e-05
2179,4.8333921642098066,5.6064547030092614e-05
2180,4.910519911730838,5.532598943163685e-05
2181,4.999280239929775,5.4476169362540585e-05
2182,5.108023343402988,5.343591746303692e-05
2183,5.2261519921238655,5.2307970760719124e-05
2184,5.345539827008004,5.1171308338782785e-05
2185,4.894727554009569,5.547721721593487e-05
2186,4.969534574178609,5.476091992461842e-05
2187,5.065256035602445,5.38448675674616e-05
2188,5.165210775005462,5.288952835458906e-05
2189,4.926064060952157,5.517714207207878e-05
2190,4.989967154744601,5.456531548300561e-05
2191,4.469147818688933,5.95432704049756e-05
2192,4.542280925152455,5.884703241132772e-05
2193,4.528678461462208,5.8976646663072346e-05
2194,4.464358768465376,5.958880584591439e-05
2195,4.381382543109701,6.037649317470901e-05
2196,4.305591649364159,6.109360318560814e-05
2197,4.260126187813378,6.152254378106927e-05
2198,4.604698453973683,5.8251673362869324e-05
2199,4.678971783055152,5.754214799996879e-05
2200,4.6777027833981,5.755427886220676e-05
2201,4.638375811819266,5.793008564026828e-05
2202,4.595985502290172,5.833483530803032e-05
2203,4.578576739910521,5.850094437988283e-05
2204,4.600026159816378,5.829627077924174e-05
2205,4.651612844619328,5.7803623583251586e-05
2206,4.719642491860763,5.71532343296507e-05
2207,4.779165181661533,5.6583683241307305e-05
2208,4.795428583901673,5.6428007255360384e-05
2209,4.72298774573637,5.712123526812459e-05
2210,4.731378173110804,5.7040970468533045e-05
2211,4.807674183265435,5.6310777945958474e-05
2212,4.826788214465942,5.61277781748016e-05
2213,4.82633993865323,5.6132070230707484e-05
2214,4.8399577194151995,5.600168169690248e-05
2215,4.8835664014139475,5.5584097192394034e-05
2216,4.94707465884892,5.4975959688246936e-05
2217,5.009488216754319,5.4378465041400225e-05
2218,5.038153561033469,5.410414849118808e-05
2219,4.976011405277877,5.469891328570711e-05
2220,4.842206163366686,5.598015242105621e-05
2221,4.921632280153303,5.5219579310097025e-05
2222,4.970370821996097,5.4752913877232976e-05
2223,5.020694545480537,5.4271215414740776e-05
2224,5.090700357579917,5.360153264297107e-05
2225,5.179087835085222,5.2757032201437815e-05
2226,5.244700770220037,5.2131126191948377e-05
2227,5.212876002968384,5.243459393374965e-05
2228,4.930895802897649,5.5130875525072264e-05
2229,5.013703440196756,5.4338122135977175e-05
2230,5.094840545832883,5.3561946654878406e-05
2231,5.1905641287921105,5.264748753022766e-05
2232,5.309979690058885,5.150945441852483e-05
2233,5.423312532428872,5.04331637007624e-05
2234,4.992595714812872,5.4540153892949026e-05
2235,5.075134563286337,5.375038478694831e-05
2236,5.171519672174976,5.282928721228228e-05
2237,5.268251694276171,5.190671323689409e-05
2238,5.024184741762817,5.423781500943928e-05
2239,5.09684313518603,5.3542799989211557e-05
2240,4.848878342834654,5.591626402467103e-05
2241,4.9217901252512135,5.5218067830619796e-05
2242,4.920713839948554,5.522837404178852e-05
2243,4.890895386275715,5.551391432685454e-05
2244,4.868275039580291,5.573052715261631e-05
2245,4.95928849566069,5.485901668215867e-05
2246,5.034513867330043,5.413897452150901e-05
2247,5.058994730535563,5.39047599011437e-05
2248,5.07305915258898,5.377023392781599e-05
2249,5.102220157882049,5.3491393437809465e-05
2250,5.133817713945395,5.318939889378108e-05
2251,5.146834102290101,5.306504297227864e-05
2252,5.085398795017066,5.3652226542410815e-05
2253,5.047993558897188,5.4010002597944944e-05
2254,5.127666432690673,5.324817718507135e-05
2255,5.187905679425527,5.267286080715105e-05
2256,5.253480605176833,5.204744818964775e-05
2257,5.320704368180825,5.1407432401184375e-05
2258,5.300408679964486,5.1600529756280795e-05
2259,5.109958062722202,5.341742351858405e-05
2260,5.192647143912649,5.262760745691687e-05
2261,5.281541278446892,5.178014222989829e-05
2262,5.380379141670565,5.0840396981476765e-05
2263,5.141778268593186,5.311334182979877e-05
2264,5.21666291658572,5.239847116653643e-05
2265,5.1737063210367085,5.280840959551927e-05
2266,5.239003626454583,5.218543412843863e-05
2267,5.255610338639367,5.202715323302948e-05
2268,5.235705226202672,5.221687967243842e-05
2269,5.309697365105333,5.151214057768873e-05
2270,5.373552163330297,5.090521016810354e-05
2271,5.362211477592669,5.1012908758740614e-05
2272,5.267662120704982,5.191232945851669e-05
2273,5.340406182459411,5.122010128553501e-05
2274,5.394200032787808,5.070923339151973e-05
2275,3.7046154381922167,6.665633375542791e-05
2276,5.561332626951481,4.912873075924303e-05
2277,5.559735075787659,4.914378416742624e-05
2278,5.5650600755074295,4.9093612134784694e-05
2279,5.585398964741522,4.8902096090881285e-05
2280,5.625905272857117,4.852124454568755e-05
2281,5.686030394356929,4.795739039875325e-05
2282,5.759378141951352,4.727205364022406e-05
2283,5.836062393082612,4.655872190467575e-05
2284,5.906067829576327,4.59105552853157e-05
2285,5.961929850643719,4.539554111109299e-05
2286,5.999767324532694,4.5047860563914065e-05
2287,6.018586245863071,4.487529552135845e-05
2288,5.514566774022676,4.956985237707332e-05
2289,5.4959234387917135,4.974596246292678e-05
2290,5.504240880892344,4.966737608343309e-05
2291,5.529169149333039,4.943201458783209e-05
2292,5.573666479322737,4.9012549415119e-05
2293,5.637748105172595,4.84100416148077e-05
2294,5.715940425784023,4.767757599799528e-05
2295,5.7988605346983135,4.690436001660417e-05
2296,5.876337824671561,4.618545332819922e-05
2297,5.940245920703865,4.55952153959617e-05
2298,5.985916222624152,4.517502471472413e-05
2299,6.011834824740488,4.493717676520583e-05
2300,6.018156419291363,4.487923423910139e-05
2301,6.005218072573002,4.499785377530537e-05
2302,5.97244899607215,4.5298787475769914e-05
2303,5.920041068579747,4.5781543069690964e-05
2304,5.85048171315208,4.642497285315949e-05
2305,5.769828505388027,4.717464582796884e-05
2306,5.687524138300669,4.7943405125681244e-05
2307,5.614510657467023,4.862830213939082e-05
2308,5.56016243545775,4.913975713166116e-05
2309,5.529392244774518,4.942990939288766e-05
2310,5.52199423759703,4.9499730367472205e-05
2311,5.536191939182891,4.936575557709717e-05
2312,5.385131766102296,5.079528618782772e-05
2313,5.350896157969872,5.112040757845441e-05
2314,5.381665301413579,5.082818831227707e-05
2315,5.447514976343145,5.020388619015057e-05
2316,5.534556919762365,4.9381179877911144e-05
2317,5.6333652024483145,4.845118871969396e-05
2318,5.734061333322736,4.750828041980884e-05
2319,5.826873655654475,4.664401812612042e-05
2320,5.90402480054369,4.592942849485833e-05
2321,5.960930464234914,4.5404737114759876e-05
2322,5.996018657439733,4.5082263592405674e-05
2323,6.009362206277008,4.495984771800877e-05
2324,6.0017459515176075,4.502970572801635e-05
2325,5.972279438761976,4.530034646144133e-05
2326,5.920088702062665,4.578110349042334e-05
2327,5.846166616799754,4.64649853054045e-05
2328,5.755100014109207,4.731194749594566e-05
2329,5.656225016854213,4.823668167250001e-05
2330,5.563462089850612,4.9108667004246965e-05
2331,5.493447147032147,4.97693648148775e-05
2332,5.46122433485937,5.007410957176374e-05
2333,5.473716516159564,4.995591755572399e-05
2334,5.216257408889315,5.240233908501147e-05
2335,5.193301674982313,5.262136087128253e-05
2336,5.266247643880648,5.1925803998710966e-05
2337,5.383125767650268,5.081432573403604e-05
2338,5.513166043410776,4.9583079114244706e-05
2339,5.640471343333412,4.838448029033421e-05
2340,5.75486279207498,4.731415990377921e-05
2341,5.849499665082774,4.643407807707452e-05
2342,5.920629666531135,4.577611137291858e-05
2343,5.967072748460703,4.534822834399014e-05
2344,5.988918916174896,4.514744667141496e-05
2345,5.986016639843946,4.517410234189568e-05
2346,5.958892399244952,4.542349270437675e-05
2347,5.9050656834208075,4.59198126403534e-05
2348,5.824438814208287,4.6666628347989075e-05
2349,5.7208565898775285,4.7631629163825624e-05
2350,5.605132221670665,4.871646283322762e-05
2351,5.497648791374839,4.972965836865944e-05
2352,5.427049379084209,5.039774941671507e-05
2353,5.416204572402773,5.050053999774936e-05
2354,5.065724045036551,5.38403910306219e-05
2355,5.0834421043579585,5.367093753913861e-05
2356,5.2097615667320945,5.246430446040176e-05
2357,5.369178182832125,5.0946743409698875e-05
2358,5.5250974183957435,4.94704403401604e-05
2359,5.662997159950388,4.817318411617448e-05
2360,5.7764528460632,4.7112931880103904e-05
2361,5.862831032200705,4.631052363924259e-05
2362,5.921609749036892,4.576706746915579e-05
2363,5.952911280089187,4.547855051255263e-05
2364,5.953972865841301,4.546877662529207e-05
2365,5.928471330844887,4.5703768023089705e-05
2366,5.872129075652208,4.622441359165505e-05
2367,5.784543392102311,4.703759184909703e-05
2368,5.670435570201729,4.8103465854039484e-05
2369,5.545488319465238,4.927807796884961e-05
2370,5.442250847022909,5.025373665152434e-05
2371,5.400090198076697,5.065335399042027e-05
2372,4.991656471465512,5.454914463455624e-05
2373,5.064197575653412,5.3854991897512805e-05
2374,5.229805210814355,5.227313439246599e-05
2375,5.4060043543817065,5.0597259012671266e-05
2376,5.562947639004111,4.911351396570592e-05
2377,5.691960615761894,4.7901875079615325e-05
2378,5.791065604642051,4.6976883256093365e-05
2379,5.86040317447342,4.6333016908153966e-05
2380,5.900106692323665,4.596563074269232e-05
2381,5.908921864452475,4.588419451377085e-05
2382,5.878206039506254,4.616816280013916e-05
2383,5.818640113673645,4.672048975184464e-05
2384,5.72535079920281,4.758963718738037e-05
2385,5.607270374429689,4.869635979297737e-05
2386,5.492691775390541,4.9776503992623906e-05
2387,5.430678969631848,5.036335643100502e-05
2388,5.029251983686054,5.418932471306198e-05
2389,5.142697829248735,5.31045568408366e-05
2390,5.314201364051166,5.1469290367548146e-05
2391,5.477387959682586,4.992119250679917e-05
2392,5.613050842174052,4.86420222152068e-05
2393,5.717709152863789,4.7661043868264486e-05
2394,5.7917240429655665,4.69707558717143e-05
2395,5.835216069165677,4.6566575982408796e-05
2396,5.8463214506861405,4.6463549389437974e-05
2397,5.808616084949228,4.681364447923308e-05
2398,5.743695165056272,4.741834762593593e-05
2399,5.646728486498532,4.832576211823079e-05
2400,5.540064821934287,4.9329224475923386e-05
2401,5.478713094879616,4.990866047974404e-05
2402,5.167342119116019,5.286917613349659e-05
2403,5.291841826152535,5.168207168537879e-05
2404,5.438838442493712,5.028605706441412e-05
2405,5.566983604642594,4.907549177260049e-05
2406,5.665807274428442,4.814684239186407e-05
2407,5.734361232165102,4.75054800773243e-05
2408,5.772645826401904,4.7148395987963967e-05
2409,5.778453501683786,4.709429812935716e-05
2410,5.727187342203828,4.757248041348135e-05
2411,5.649779730264666,4.829713564572019e-05
2412,5.550789215168878,4.922809994638577e-05
2413,5.50002265737923,4.970722797134083e-05
2414,5.358524174279567,5.1047934742631525e-05
2415,5.4713322255064005,4.997847133842366e-05
2416,5.579787829898862,4.895491332354685e-05
2417,5.662923935944169,4.8173870563266916e-05
2418,5.716177934297148,4.76753559314927e-05
2419,5.739093583440184,4.746129758831736e-05
2420,5.729806940257254,4.754801155223097e-05
2421,5.682953751053425,4.798619926814527e-05
2422,5.551606315055162,4.922039723287847e-05
2423,5.457730508252837,5.010717635719601e-05
2424,5.555280659972798,4.918576317528596e-05
2425,5.6455948799515685,4.833639866869955e-05
2426,5.714351176142032,4.7692431979674284e-05
2427,5.752501399043478,4.733618468925826e-05
2428,5.758840064553549,4.727707069648923e-05
2429,5.733403714647177,4.751442118499786e-05
2430,5.675644321559515,4.8054662173808784e-05
2431,5.556396678306999,4.917524485212256e-05
2432,5.725978113185655,4.758377668947953e-05
2433,5.788724817401032,4.699866846766472e-05
2434,5.820242534978726,4.6705603646483054e-05
2435,5.8180296939880085,4.672616079708479e-05
2436,5.784715328778882,4.703599115724228e-05
2437,5.728146277792297,4.7563522864073224e-05
2438,5.850831713970532,4.6421727901590384e-05
2439,5.882460045825224,4.612879952422129e-05
2440,5.8786192375695085,4.6164338897407486e-05
2441,5.842369289674491,4.6500205869315395e-05
2442,5.916785124500455,4.5811593532519105e-05
2443,5.915089965201584,4.5827241524691455e-05
2444,5.450910141208905,5.017174000889053e-05
2445,5.444705450738382,5.023049066502291e-05
2446,5.474594075825629,4.9947616989696165e-05
2447,5.534818035728199,4.9378716508899996e-05
2448,5.617220214668933,4.860283903076448e-05
2449,5.710653058250546,4.772700638944056e-05
2450,5.80310207600214,4.6864911766167426e-05
2451,5.884304051601523,4.611173998950549e-05
2452,5.947473597078157,4.5528626086809385e-05
2453,5.989581204456486,4.514136473986346e-05
2454,6.010233549350997,4.495185807032014e-05
2455,5.3050655886134415,5.155621252210463e-05
2456,5.3280937412026494,5.133715823221105e-05
2457,5.401522328367318,5.06397693167184e-05
2458,5.5044551066288445,4.966535236777014e-05
2459,5.619132614098928,4.8584869318109666e-05
2460,5.731066217138832,4.753625034280118e-05
2461,5.829369537795987,4.662084469178398e-05
2462,5.90717150862779,4.590036074763412e-05
2463,5.961392392358645,4.5400486532528755e-05
2464,5.991563741878351,4.512316044138493e-05
2465,5.998055937795824,4.5063565474969914e-05
2466,5.981961441922139,4.521135632857506e-05
2467,5.941385552856974,4.558471360573737e-05
2468,5.875783333624477,4.619058561439949e-05
2469,5.786877899089274,4.701585954251854e-05
2470,5.680867045129757,4.8005741379071976e-05
2471,5.570041394451539,4.904668964024514e-05
2472,5.4732051306372655,4.996075473188656e-05
2473,5.412691772935475,5.053384442119597e-05
2474,5.404331909676312,5.061312069672985e-05
2475,5.172695098274786,5.2818064398682094e-05
2476,5.241826837792902,5.215852092106332e-05
2477,5.362823132320663,5.100709902336021e-05
2478,5.501470058586641,4.969355275761784e-05
2479,5.636155879333168,4.842498850573792e-05
2480,5.754198103736848,4.732035916257879e-05
2481,5.8487204631715395,4.644130299029869e-05
2482,5.91685690337979,4.581093098285789e-05
2483,5.958111567587101,4.543067914223025e-05
2484,5.972554826151558,4.529781443637162e-05
2485,5.9594527360530964,4.541833585207947e-05
2486,5.919294919967093,4.5788428991211447e-05
2487,5.849773476838419,4.6431539327132e-05
2488,5.75218917524232,4.7339097039409896e-05
2489,5.633863306490609,4.844651200385319e-05
2490,5.512597113827255,4.958845160081192e-05
2491,5.419108615353592,5.04730104216181e-05
2492,5.384766906578356,5.079874908121435e-05
2493,5.10802842840342,5.3435868854858895e-05
2494,5.223433706864878,5.233389381116127e-05
2495,5.376104098251217,5.0880981100608396e-05
2496,5.529139182048803,4.943229736964215e-05
2497,5.664458539736451,4.8159484799204705e-05
2498,5.774175838574076,4.7134142257267204e-05
2499,5.8554428114606685,4.637898405533308e-05
2500,5.907621014708213,4.589620893890956e-05
2501,5.930251626897467,4.568734935605465e-05
2502,5.9185760521032345,4.5795063483591056e-05
2503,5.878004797630011,4.6170025212207586e-05
2504,5.8042863463421375,4.6853899364537535e-05
2505,5.699793669793224,4.7828574349108506e-05
2506,5.576429312050298,4.898653364178112e-05
2507,5.464187419519427,5.004606956445061e-05
2508,5.406775814996509,5.058994270741121e-05
2509,5.134670852876994,5.318124727204052e-05
2510,5.275500786539606,5.183766652568636e-05
2511,5.432330969293251,5.034770412706158e-05
2512,5.575656850350903,4.899380705849838e-05
2513,5.693906156025688,4.788366599619744e-05
2514,5.783373682848056,4.704848202344006e-05
2515,5.842969404077563,4.649463917954731e-05
2516,5.871490904119145,4.6230322072939115e-05
2517,5.858519995890978,4.635046636952011e-05
2518,5.815773007402019,4.6747128212801356e-05
2519,5.737852604602413,4.747288252597053e-05
2520,5.631188940038167,4.8471623125802155e-05
2521,5.520690561260978,4.951203659454232e-05
2522,5.456638371117846,5.0117513673737275e-05
2523,5.241184606217242,5.2164643038549225e-05
2524,5.378838429511568,5.0855022672772216e-05
2525,5.514281687730861,4.957254430748049e-05
2526,5.628948414045099,4.849266332916757e-05
2527,5.716721593258805,4.7670274293132704e-05
2528,5.775611844287561,4.712076549228776e-05
2529,5.803597870706212,4.686030132662171e-05
2530,5.796865455866931,4.6922918720633135e-05
2531,5.734362524503241,4.7505468010062155e-05
2532,5.650395120359176,4.8291362670312966e-05
2533,5.5519991349195035,4.921669426543161e-05
2534,5.497914739284745,4.972714534293172e-05
2535,5.395903060707067,5.0693075717576934e-05
2536,5.509565851964225,4.9617078506348215e-05
2537,5.608014383999908,4.868936507191058e-05
2538,5.682033787735872,4.7994814499346836e-05
2539,5.728685388105681,4.7558487176573416e-05
2540,5.745572356229756,4.7400829717628276e-05
2541,5.728182818175682,4.756318154505485e-05
2542,5.644137230757372,4.8350076613303215e-05
2543,5.5437597646846575,4.929437779716886e-05
2544,5.490789374074071,4.9794485004187404e-05
2545,5.56451827229241,4.9098716419676245e-05
2546,5.645573061400421,4.83366033968054e-05
2547,5.7020204320668135,4.780774240083702e-05
2548,5.7302449139705,4.754392093309071e-05
2549,5.728621501719974,4.75590839143511e-05
2550,5.693906846758141,4.788365953170534e-05
2551,5.58927114243652,4.88656558992577e-05
2552,5.452759496182843,5.015423172207156e-05
2553,5.718199668398398,4.765645935797957e-05
2554,5.765137986398188,4.721835864370135e-05
2555,5.781233464257872,4.706840979122432e-05
2556,5.7663133615684155,4.720740370449752e-05
2557,5.722141688057074,4.761962065606806e-05
2558,5.656392468544488,4.823511132258162e-05
2559,5.834499843273873,4.6573223052489866e-05
2560,5.847380517015506,4.645372808520547e-05
2561,5.827392578754877,4.663919979606844e-05
2562,5.780338695167809,4.707674183283562e-05
2563,5.897105574406858,4.59933667481616e-05
2564,5.8767538493266045,4.618160279007452e-05
2565,5.316780597227924,5.144475467062551e-05
2566,5.363747006075169,5.099832393766198e-05
2567,5.4612813234698425,5.0073570250382023e-05
2568,5.5838155417619975,4.891699929654093e-05
2569,5.706228523776251,4.77683816541993e-05
2570,5.812170022786217,4.678061054999623e-05
2571,5.893403827782669,4.60275856291234e-05
2572,5.947180249053248,4.5531328072596076e-05
2573,5.973531642797884,4.5288833586500415e-05
2574,5.26951138973525,5.189471380199459e-05
2575,5.354111985454208,5.108985215920314e-05
2576,5.477790761744959,4.991738306693625e-05
2577,5.6109555084609175,4.866171696651513e-05
2578,5.731374150122726,4.7533374485051354e-05
2579,5.827484984114836,4.663834180593383e-05
2580,5.8947879219283665,4.60147900877049e-05
2581,5.932199842555854,4.566938438825253e-05
2582,5.938368895051523,4.561251414662571e-05
2583,5.91524396193297,4.582581990781299e-05
2584,5.860858693427594,4.632879640913726e-05
2585,5.775450096710446,4.7122272155055e-05
2586,5.663234276942353,4.817096125331461e-05
2587,5.537502879350545,4.935338937014589e-05
2588,5.42605864592966,5.040713815487233e-05
2589,5.36439147536933,5.099220283827299e-05
2590,5.284585608522299,5.175115444267617e-05
2591,5.390209176434846,5.074710096844857e-05
2592,5.518787050634555,4.9530006311764996e-05
2593,5.643984512040179,4.835150971932015e-05
2594,5.749155486266407,4.736739735752598e-05
2595,5.826690441258635,4.6645719355182584e-05
2596,5.873512798966889,4.621160330954473e-05
2597,5.887740509217268,4.6079953738557663e-05
2598,5.863194580287914,4.630715579857841e-05
2599,5.807619227512468,4.6822911603925085e-05
2600,5.719087781628741,4.764815910086798e-05
2601,5.6065305760992645,4.870331517940079e-05
2602,5.495548315365494,4.974950743208017e-05
2603,5.428997287573557,5.037929098695866e-05
2604,5.354330544979809,5.1087775618194834e-05
2605,5.459289583709167,5.0092420152581706e-05
2606,5.572108113697453,4.902722502748276e-05
2607,5.673819955503194,4.807175411137131e-05
2608,5.752831960677182,4.7333101346408054e-05
2609,5.803075145394219,4.686516220036471e-05
2610,5.820419938627594,4.6703955701856395e-05
2611,5.791604204068067,4.697187106635235e-05
2612,5.73310210966382,4.751723761443619e-05
2613,5.643813165828447,4.835311763853355e-05
2614,5.545797291730911,4.927516457555945e-05
2615,5.4878704310374795,4.982207691989051e-05
2616,5.458786385117143,5.009718268272807e-05
2617,5.545876824639072,4.9274414642302735e-05
2618,5.628273049593385,4.849900597627204e-05
2619,5.694652288722848,4.787668316279914e-05
2620,5.736808311034864,4.748263198846477e-05
2621,5.748276109050891,4.737560172898112e-05
2622,5.707758755582245,4.775407079592651e-05
2623,5.639630992501492,4.83923677506224e-05
2624,5.552732688009961,4.920977951213589e-05
2625,5.510221365019887,4.961088759218239e-05
2626,5.578415191725969,4.896783604490499e-05
2627,5.637929777357035,4.840833626006653e-05
2628,5.681695947946621,4.79979783946528e-05
2629,5.70367186513662,4.779229447754136e-05
2630,5.697495216175519,4.7850079692642294e-05
2631,5.655513958723413,4.824335007934981e-05
2632,5.539940092205386,4.9330400893335486e-05
2633,5.4670816760327945,5.0018684138065095e-05
2634,5.695175071330619,4.7871790767777556e-05
2635,5.7231422585786556,4.7610271505088255e-05
2636,5.7264316729424785,4.757953957070667e-05
2637,5.702205129786723,4.780601462093806e-05
2638,5.647447632883542,4.8319014744932125e-05
2639,5.538634052418429,4.9342719511488106e-05
2640,5.78954733173848,4.6991013145748214e-05
2641,5.7852485248945795,4.703102732751066e-05
2642,5.753301879970606,4.732871823589961e-05
2643,5.699352796276915,4.7832699143048636e-05
2644,5.842687489743764,4.6497254203582404e-05
2645,5.808418007073253,4.681548583257243e-05
2646,5.380042032402502,5.0843597029161285e-05
2647,5.457928286917518,5.010530438735713e-05
2648,5.572016426126289,4.9028088511661236e-05
2649,5.688773265871526,4.793171096802887e-05
2650,5.785538043651558,4.702833209807775e-05
2651,5.85257736040045,4.640554464360282e-05
2652,5.886734525836073,4.608925804111407e-05
2653,5.429768776836251,5.0371980715102894e-05
2654,5.5073677121156015,4.963783986151065e-05
2655,5.607801646362125,4.8691365074075454e-05
2656,5.70350784005227,4.779382874608896e-05
2657,5.776373610774781,4.711366990978705e-05
2658,5.817946035783722,4.672693803250793e-05
2659,5.8212202556251285,4.669652159599503e-05
2660,5.789167893621754,4.699454461202309e-05
2661,5.722781510026897,4.7613642213215055e-05
2662,5.629887181519179,4.8483847311404575e-05
2663,5.532380409070507,4.94017142164008e-05
2664,5.468678926393775,5.0003572352738916e-05
2665,5.500509802012145,4.9702625277728364e-05
2666,5.563798108907314,4.910550122292666e-05
2667,5.637556277311235,4.841184231815861e-05
2668,5.70157106922584,4.78119461007849e-05
2669,5.740961040697347,4.74438658443016e-05
2670,5.746958993671444,4.7387890879222896e-05
2671,5.70625543210248,4.776812999464551e-05
2672,5.640088098230447,4.838807735312889e-05
2673,5.562329018064258,4.91193425334475e-05
2674,5.518952428535921,4.952844503434609e-05
2675,5.580166188945075,4.8951351406703344e-05
2676,5.619924562729555,4.8577428342480727e-05
2677,5.657117468648305,4.8228312484138574e-05
2678,5.678286654896562,4.802990993672928e-05
2679,5.6712449972282055,4.809588098458732e-05
2680,5.6129441510664,4.8643024991116166e-05
2681,5.539997948210298,4.932985521015576e-05
2682,5.5114397104332005,4.959938154521169e-05
2683,5.659036227909825,4.8210320181392705e-05
2684,5.670160254431871,4.8106045821091946e-05
2685,5.665270021453243,4.815187824048819e-05
2686,5.6352212610284536,4.843376273140701e-05
2687,5.551409203249692,4.9222255358238695e-05
2688,5.428418356693411,5.038477680716194e-05
2689,5.725341970878117,4.7589719664928265e-05
2690,5.7069508834995615,4.7761625931636884e-05
2691,5.665853825657746,4.814640605870726e-05
2692,5.604811831629376,4.871947534353786e-05
2693,5.764341893372842,4.722577896640881e-05
2694,5.721230460754345,4.762813546365058e-05
2695,5.517536753274866,4.954181031903594e-05
2696,5.567160171136461,4.907382853273491e-05
2697,5.640330091729869,4.838580604165025e-05
2698,5.704983230247973,4.7780028650152204e-05
2699,5.7417262942693705,4.7436723145681985e-05
2700,5.567571548467167,4.906995345053713e-05
2701,5.594600509367929,4.881551365557771e-05
2702,5.6330539303937135,4.8454111324455006e-05
2703,5.658879086276763,4.821179363766608e-05
2704,5.651452136772875,4.828144723306256e-05
2705,5.615052570498955,4.86232092250624e-05
2706,5.565790049203216,4.908673531672366e-05
2707,5.544272199038029,4.928954553814447e-05
2708,5.613566294105143,4.8637177624809936e-05
2709,5.6121843103539915,4.865016679069571e-05
2710,5.6059769588128185,4.870852030875295e-05
2711,5.578933463882652,4.896295666439767e-05
2712,5.5142878788581475,4.9572485847336584e-05
2713,5.5000814619476035,4.970667236243145e-05
2714,5.650612420969177,4.828932421750663e-05
2715,5.620334660454518,4.8573575271312795e-05
2716,5.570815374489091,4.903939997864203e-05
2717,5.484827945567864,4.985084025509403e-05
2718,5.6723738864226565,4.808530309379635e-05
2719,5.622755946674203,4.855082771944357e-05
2720,5.560969152075547,4.9132155612087184e-05
2721,5.553897019418688,4.919880455915651e-05
2722,5.5638351808682085,4.910515195496109e-05
2723,5.5690437810288,4.90560859673617e-05
2724,5.530111917962388,4.942311848605105e-05
2725,5.481813237410466,4.987934460360847e-05
2726,5.479547149541988,4.9900773037445823e-05
2727,5.571616084599336,4.903185884401837e-05
2728,5.514839341186664,4.956727869012341e-05
2729,5.461842997179508,5.006825482233768e-05
