Mode_Index,Frequency_THz,Cv_Contribution_eV_K
0,0.0,0.0
1,0.22113256176168472,8.61531154085784e-05
2,0.4366677223199046,8.609452997417729e-05
3,0.6415197701385879,8.600335854779476e-05
4,0.8316897712739447,8.588787914674554e-05
5,1.0049848247806132,8.575691009430262e-05
6,1.1618383016108855,8.561732279946275e-05
7,1.3058813448688695,8.547162658832919e-05
8,1.4436381832691256,8.531670433521752e-05
9,1.582913306987037,8.514468902382916e-05
10,1.7302994593486152,8.494593449806154e-05
11,1.888869199264058,8.471306294950188e-05
12,2.0527912976339895,8.445179594238845e-05
13,0.18666898947891827,8.615892547977289e-05
14,0.33766259282146627,8.612620230397951e-05
15,0.5259604281006677,8.605903496407368e-05
16,0.7107748209967532,8.596473485636968e-05
17,0.8820776443863668,8.585232273778049e-05
18,1.0366641476509026,8.573032557309911e-05
19,1.1754115126225915,8.560430756657123e-05
20,1.3027980554140985,8.547492011691345e-05
21,1.426005528559196,8.533738097532212e-05
22,1.5531097349379963,8.51827941847279e-05
23,1.6908805789732442,8.500076856866239e-05
24,1.8431100045334066,8.478227830956324e-05
25,1.960432791298532,8.460155565936132e-05
26,1.7997385015970517,8.484637565315396e-05
27,1.6511952063780615,8.505473832367427e-05
28,1.5153736535703068,8.523003069190721e-05
29,1.38748478101361,8.538168801815452e-05
30,1.2600818979432507,8.551976300307643e-05
31,1.125213027526251,8.565169957987528e-05
32,0.9765268695782282,8.57800959656047e-05
33,0.8107251234782665,8.590206192576643e-05
34,0.6284275481240622,8.601021765990708e-05
35,0.43659384164039167,8.609455662284595e-05
36,0.26602911107683247,8.614407447150398e-05
37,0.35148126309063493,8.612226720076306e-05
38,0.4637642055010482,8.608445292163119e-05
39,0.6136810882521678,8.601777484158049e-05
40,0.7682663486757529,8.59296845494237e-05
41,0.9144278217347476,8.582840254358585e-05
42,1.0478842696994188,8.572071450940559e-05
43,1.1697056143803364,8.560979702964375e-05
44,1.2849169351689862,8.549386994985153e-05
45,1.4009393717772156,8.53663471347837e-05
46,1.525426178191509,8.521755782003607e-05
47,1.6640588775971235,8.503738040679785e-05
48,1.8192172729552911,8.481777023583855e-05
49,1.7326218896584973,8.494266577989726e-05
50,1.581475064350826,8.51465440382716e-05
51,1.4462678649022804,8.531359942836276e-05
52,1.3223464152021904,8.545390963770274e-05
53,1.2019429927318148,8.557843727736914e-05
54,1.0771002740070177,8.569520913269246e-05
55,0.9422435878558414,8.580715305659226e-05
56,0.7963490669744442,8.591157976746196e-05
57,0.6458245293773601,8.600107250313909e-05
58,0.511277387017257,8.606532276385489e-05
59,0.4778382293721815,8.607898013522537e-05
60,0.5580845005467504,8.604465957322323e-05
61,0.6733094392689513,8.598611799573414e-05
62,0.7993038170084414,8.590963733948924e-05
63,0.9235345256122566,8.582151500883589e-05
64,1.0416428231905615,8.572607349049085e-05
65,1.15485752802939,8.562395864971426e-05
66,1.2680768001376201,8.551148163651775e-05
67,1.3876812227767694,8.538146507714684e-05
68,1.5191164056698077,8.522539617763696e-05
69,1.6650487911037157,8.503603923728511e-05
70,1.6720785041935924,8.502649292574049e-05
71,1.5096019461914776,8.523715576893366e-05
72,1.3676481519939976,8.540404156663995e-05
73,1.244183617514396,8.553607811182796e-05
74,1.1324748505935833,8.564496978105397e-05
75,1.0250005855534645,8.574020815397926e-05
76,0.9170713835887996,8.58264101412155e-05
77,0.8098188390506064,8.590266693371735e-05
78,0.7128940656710722,8.596349091390605e-05
79,0.55828379436649,8.604456774011156e-05
80,0.6116585033085917,8.601879743203513e-05
81,0.7005990701833971,8.597065647534921e-05
82,0.806903984227039,8.590460824853296e-05
83,0.9191940262211536,8.582480622286124e-05
84,1.033008435798229,8.573343495560112e-05
85,1.1489379408802571,8.562955489272993e-05
86,1.2703441580625443,8.550912367976068e-05
87,1.4009032860995034,8.536638847311707e-05
88,1.5425532861373843,8.519612218718672e-05
89,1.6117929433702987,8.510709426558837e-05
90,1.4351938453408182,8.532663740343123e-05
91,1.283589929583066,8.549526602792321e-05
92,1.1597155992954278,8.561934478401772e-05
93,1.0595860837324995,8.57105820109753e-05
94,0.9767678997127796,8.577990235369749e-05
95,0.906618908643495,8.583425470547601e-05
96,0.8491922926263453,8.587576343392213e-05
97,0.5971381066404002,8.60260400445056e-05
98,0.6328127105302253,8.600793591962528e-05
99,0.7080005884780843,8.596635769523019e-05
100,0.8074481965704332,8.590424632657452e-05
101,0.9198430543495045,8.582431506899605e-05
102,1.0397381445260114,8.572770257456949e-05
103,1.1660253032213488,8.561332379116366e-05
104,1.2995088240784596,8.547842521423353e-05
105,1.4406789967910896,8.532019169823975e-05
106,1.565601183170522,8.51669090055943e-05
107,1.362010657113889,8.541033688890536e-05
108,1.2025945353491116,8.557779482705909e-05
109,1.0803519347493253,8.56923276549766e-05
110,0.9951364996119614,8.576500843378834e-05
111,0.9417385677354935,8.580754447794466e-05
112,0.9138245121370395,8.582885644823989e-05
113,0.6113636606596119,8.60189462196145e-05
114,0.6423247709069433,8.600293220836826e-05
115,0.7170789365151573,8.596102368839307e-05
116,0.8204498245674068,8.589552774874027e-05
117,0.9402580024576606,8.580869080912133e-05
118,1.0698126670431298,8.570163595849334e-05
119,1.2062441135294333,8.557418984915838e-05
120,1.3480668076622597,8.54257984801711e-05
121,1.4934213081823087,8.525698930289594e-05
122,1.2941620707427572,8.548410432265999e-05
123,1.1335176340990314,8.564399989276875e-05
124,1.0185504421916745,8.574562594785369e-05
125,0.952418976273392,8.579922226300188e-05
126,0.9300549700997343,8.581654198280772e-05
127,0.625729389599177,8.601161374918341e-05
128,0.6632681495543366,8.599165333218593e-05
129,0.7448833332437363,8.594426691807388e-05
130,0.8548743874961566,8.587177633214231e-05
131,0.9810537551640313,8.57764517704345e-05
132,1.116353510533112,8.565985224241648e-05
133,1.256810473180955,8.552313682074487e-05
134,1.3993977374744786,8.536811224283383e-05
135,1.2366979052998837,8.554368963327886e-05
136,1.0860588802311062,8.568724969594795e-05
137,0.98781750936231,8.577097581522841e-05
138,0.9456122109292076,8.580453685532364e-05
139,0.6590753494518317,8.599394015488802e-05
140,0.705723800941092,8.596768483017648e-05
141,0.7920257300566296,8.591440902379239e-05
142,0.9037077799554554,8.583642364457673e-05
143,1.0299956712409957,8.57359893211297e-05
144,1.1640571362176046,8.561520535274655e-05
145,1.3011609084102935,8.54766657927603e-05
146,1.2084216163932064,8.557203384080514e-05
147,1.07203330280634,8.56996821755378e-05
148,1.002208093211028,8.57592013978698e-05
149,0.7116467238186769,8.596422351747958e-05
150,0.7613562787227963,8.593404048455631e-05
151,0.8451746979246331,8.58785666492796e-05
152,0.9516983922417821,8.579978666657747e-05
153,1.071757850322387,8.569992474421311e-05
154,1.1985411382654862,8.55817860979133e-05
155,1.1922009369102151,8.558800254439516e-05
156,1.1037676718010219,8.567132469621093e-05
157,0.7689196510692554,8.592927070141732e-05
158,0.8137108810332067,8.590006397400413e-05
159,0.888850716310789,8.584738527550099e-05
160,0.9854644025737667,8.577288511749327e-05
161,1.0952406371234389,8.567902451809726e-05
162,1.2109770458792113,8.556949876038134e-05
163,0.8149940158773735,8.589920311132283e-05
164,0.8495531417640285,8.587551101171336e-05
165,0.9128535200841664,8.582958635862013e-05
166,0.9974692243818726,8.576309734471118e-05
167,0.8399985301991902,8.588215880498914e-05
168,0.8621193312268445,8.58666543466821e-05
169,0.40290559616430616,8.610623908893344e-05
170,0.5462512472898328,8.605005368420837e-05
171,0.7118220142082095,8.596412064088071e-05
172,0.8717856779969452,8.585975376327972e-05
173,1.0177212514635183,8.574631997483808e-05
174,1.14921138005418,8.562929701345169e-05
175,1.2706600976541607,8.550879478771726e-05
176,1.3894765061320304,8.537942618703794e-05
177,1.5138447301770999,8.523192070012744e-05
178,1.6499379666797553,8.505642781249246e-05
179,1.7952417823983173,8.48529371617325e-05
180,0.520395459491506,8.606143896555613e-05
181,0.6336861864396066,8.600747953589423e-05
182,0.7690182567874876,8.592920820722561e-05
183,0.9028312073683463,8.583707538218949e-05
184,1.0272908239113172,8.573827634134382e-05
185,1.1428788259347695,8.563525370927035e-05
186,1.2547780141055545,8.552522855722087e-05
187,1.370203459885626,8.540117970488508e-05
188,1.4952220772901483,8.525479229413592e-05
189,1.6284867817455804,8.508506191327781e-05
190,1.7019181795865437,8.498553770780886e-05
191,1.586305539582126,8.514030730880803e-05
192,1.4493056946123464,8.53100057496037e-05
193,1.3245112246634774,8.545156405100723e-05
194,1.2094638942634,8.557100049846265e-05
195,1.096795225046994,8.567762513094103e-05
196,0.9797117528852881,8.577753383601291e-05
197,0.8555442926150126,8.587130452506054e-05
198,0.7289278873832671,8.59539601826627e-05
199,0.6158588212539886,8.601667005264332e-05
200,0.5979996211008786,8.602561516604705e-05
201,0.6850404162171841,8.597954642047267e-05
202,0.7951390668505719,8.591237315042939e-05
203,0.9092253862817221,8.583230688416581e-05
204,1.0209948456668434,8.574357674899452e-05
205,1.1312864029137948,8.56460740785685e-05
206,1.2444689191428475,8.553578712269421e-05
207,1.3651243760388496,8.540686298264643e-05
208,1.4927622793939541,8.525779269899412e-05
209,1.593137695391847,8.513145463174807e-05
210,1.5139235510260465,8.523182330962514e-05
211,1.3733927053113664,8.539760052118475e-05
212,1.2457317617317702,8.553449831828907e-05
213,1.135566856168813,8.564209135819737e-05
214,1.0375667350683897,8.57295562033075e-05
215,0.9458945890405093,8.580431712993602e-05
216,0.8589830541577148,8.586887687319115e-05
217,0.7823873110001678,8.592066150294338e-05
218,0.6364802956599632,8.600601542957331e-05
219,0.7060606627232172,8.596748874200468e-05
220,0.8019947376439797,8.590786213788578e-05
221,0.9084908828770992,8.583285633921219e-05
222,1.0197317220102913,8.574463626016521e-05
223,1.1354501432335502,8.564220014951608e-05
224,1.257347372673024,8.552258370737882e-05
225,1.3845098950145227,8.538506043196172e-05
226,1.495065744959972,8.52549831279471e-05
227,1.4436768194048004,8.531665875683903e-05
228,1.2972999377697685,8.548077418885644e-05
229,1.1660094822650757,8.561333892842394e-05
230,1.0624562171311427,8.570807982495121e-05
231,0.9839872188610097,8.577408139841617e-05
232,0.9252327069451879,8.582022317265244e-05
233,0.8832108089600528,8.585149928582512e-05
234,0.6512912761500123,8.599814745479204e-05
235,0.7158859395504753,8.596172849260733e-05
236,0.810337440817178,8.59023208131294e-05
237,0.9201683748517765,8.582406875262524e-05
238,1.0388275969740455,8.572848033154373e-05
239,1.1639822301027936,8.561527690095094e-05
240,1.2933086932378992,8.548500862123914e-05
241,1.4113787068904184,8.535434454739814e-05
242,1.3808064371563864,8.538924888290217e-05
243,1.228823392997427,8.555164778410441e-05
244,1.0965120635750623,8.567788016906318e-05
245,1.0028605570171352,8.575866356094331e-05
246,0.9473575174041684,8.580317774969042e-05
247,0.9237753491636918,8.58213319531506e-05
248,0.6660172430722793,8.599014609950197e-05
249,0.7361354893854318,8.59496072428416e-05
250,0.8364357403234212,8.588461859120116e-05
251,0.953119851670934,8.579867289084608e-05
252,1.078992943157872,8.569353297546214e-05
253,1.209591532867196,8.557087389391422e-05
254,1.3338014254368493,8.544145537177177e-05
255,1.3402953932263042,8.543434818015151e-05
256,1.1730710237970914,8.560656245662287e-05
257,1.0470062803150064,8.572147027231968e-05
258,0.9690184814448889,8.578610354945145e-05
259,0.9386705027242686,8.580991795117416e-05
260,0.6987208892253222,8.5971740171701e-05
261,0.7765166851636434,8.592443254988049e-05
262,0.8812475343792593,8.585292530011645e-05
263,1.0008135397207802,8.576034979178868e-05
264,1.1280585331298452,8.564906762788446e-05
265,1.2547194072076204,8.552528882410246e-05
266,1.2890730088359783,8.548948839048204e-05
267,1.1363982121999698,8.564131610980073e-05
268,1.028404576834059,8.573733535313354e-05
269,0.9737615311152442,8.57823138933286e-05
270,0.74990608594911,8.594117233384497e-05
271,0.8296945196002953,8.588924442066356e-05
272,0.932486087161099,8.581467894811408e-05
273,1.048539223166301,8.572015032584719e-05
274,1.1706096362613254,8.560892905172535e-05
275,1.2474753490150359,8.55327167759729e-05
276,1.1289263423274778,8.564826364384257e-05
277,1.052916929959155,8.571637038710292e-05
278,0.8058353151250268,8.590531824948987e-05
279,0.8802346376256449,8.585365978254897e-05
280,0.9752577270000382,8.578111464826954e-05
281,1.0832341133123715,8.568976643216288e-05
282,1.196731861052699,8.558356336641057e-05
283,1.1662591500566986,8.561310002634201e-05
284,0.8510443320667074,8.587446676226504e-05
285,0.9151641543071315,8.582784815604262e-05
286,0.9992731831139267,8.576161641518784e-05
287,1.0967394646352169,8.567767535841249e-05
288,0.8756697827633785,8.585695951000449e-05
289,0.9274958186162302,8.581849793169549e-05
290,0.6888006681984528,8.597741607154575e-05
291,0.7792677208493566,8.592266891007815e-05
292,0.8831547923088173,8.585154001681462e-05
293,0.9879301934493433,8.577088427080061e-05
294,1.0910607333459728,8.568277741744801e-05
295,1.1963644308581187,8.558392397364492e-05
296,1.3095994892268445,8.546764476446851e-05
297,1.432351517106508,8.532996803434686e-05
298,1.5444789395135745,8.519369755337069e-05
299,0.7265493605263681,8.59553873222594e-05
300,0.8008607855716353,8.590861092859096e-05
301,0.8907943379617446,8.584596149538215e-05
302,0.9865935629682394,8.577196948278376e-05
303,1.086767223178578,8.568661758132562e-05
304,1.1938883076436366,8.55863512765817e-05
305,1.3088217394453099,8.54684785878542e-05
306,1.4185228569998714,8.534608040779027e-05
307,1.453254279571579,8.530532367161612e-05
308,1.3596033905348313,8.541301730083461e-05
309,1.2385278268186493,8.554183312398633e-05
310,1.1288812373391406,8.564830544648302e-05
311,1.034828920861264,8.573188788978036e-05
312,0.9526455236264318,8.579904473051702e-05
313,0.8796590104838086,8.58540768143402e-05
314,0.8188438660437151,8.589661214660542e-05
315,0.742249384666557,8.594588146916981e-05
316,0.8116180119935217,8.590146520375988e-05
317,0.8994730928184077,8.58395663649766e-05
318,0.9973147105560762,8.57632240672435e-05
319,1.1028225252376673,8.567218105510564e-05
320,1.2149126751486112,8.556558417289827e-05
321,1.324165170410149,8.545193925574561e-05
322,1.3812577767017535,8.538873902449101e-05
323,1.295193071689458,8.548301102151524e-05
324,1.1734700903337945,8.560617829795491e-05
325,1.0684317585427732,8.570284890774186e-05
326,0.9890899302140179,8.576994150197987e-05
327,0.9329466241114724,8.5814325483001e-05
328,0.8966026323563566,8.58416883255742e-05
329,0.7575213919858945,8.59364410330615e-05
330,0.8319053296147837,8.588773145375473e-05
331,0.9253284949843075,8.582015023500705e-05
332,1.0295922401982882,8.573633080972608e-05
333,1.140588706943124,8.563739991993807e-05
334,1.2507296970885577,8.552938503982205e-05
335,1.3211418812548386,8.545521313096154e-05
336,1.2445400836841016,8.553571452927199e-05
337,1.1226682483707278,8.565404782592112e-05
338,1.0253028354326506,8.573995345062778e-05
339,0.9637474242691351,8.579029360443843e-05
340,0.9349318880166682,8.581279980229552e-05
341,0.7890925116174183,8.591631985954514e-05
342,0.8710097933521888,8.586031046487566e-05
343,0.9695412218766006,8.578568678178225e-05
344,1.077093314638821,8.569521529058596e-05
345,1.186887238942108,8.559318754167855e-05
346,1.270436262460506,8.550902780768406e-05
347,1.206782557301915,8.557365707628e-05
348,1.0904733344679254,8.568330367547093e-05
349,1.0073501675603365,8.575495331846591e-05
350,0.9669817396691247,8.57877252710957e-05
351,0.8378683902549319,8.588363072182974e-05
352,0.9224511531399818,8.582233792139557e-05
353,1.0204876051758844,8.574400237924978e-05
354,1.125237029364909,8.565167740675508e-05
355,1.2205004204216787,8.556000485512981e-05
356,1.1935840673727323,8.558664917709739e-05
357,1.083435388133688,8.568958731958117e-05
358,1.0237664570627545,8.574124737345401e-05
359,0.8914718863375874,8.584546443990957e-05
360,0.9717888076646345,8.578389230566805e-05
361,1.0638991279409895,8.570681936988762e-05
362,1.161822423517988,8.561733793768641e-05
363,1.187003593301284,8.559307424948935e-05
364,1.1118027808311999,8.566401519951687e-05
365,0.9352189279354081,8.581257894568231e-05
366,1.006389182851975,8.575574886010683e-05
367,1.090308990755379,8.568345086302134e-05
368,1.1860391904222098,8.559401294155197e-05
369,0.9592308974419581,8.579386588282487e-05
370,1.018893436372912,8.574533870077476e-05
371,0.8342879717410463,8.588609642192223e-05
372,0.8896628737994705,8.58467907126616e-05
373,0.9597346382748735,8.579346827924536e-05
374,1.042338448543996,8.572547778355611e-05
375,1.138577633517427,8.563928112293518e-05
376,1.2458110643427296,8.553441734251374e-05
377,1.3400991375152733,8.543456346366842e-05
378,0.8493294394647514,8.587566750910695e-05
379,0.9092279356256006,8.583230497632925e-05
380,0.9844412511488589,8.577371389427012e-05
381,1.0721033951207426,8.56996204411004e-05
382,1.1695373085054814,8.56099585521723e-05
383,1.261161809750443,8.551864740060402e-05
384,1.2803920761030738,8.549862451936419e-05
385,1.1945728456271154,8.558568072994885e-05
386,1.0943792735418465,8.567979904550206e-05
387,1.0118008613776979,8.575125907031197e-05
388,0.9509116011862404,8.580040244459292e-05
389,0.9101762902751429,8.583159489449742e-05
390,0.8799214390004586,8.585388672300621e-05
391,0.9475466052540273,8.580303035422138e-05
392,1.0282170972449,8.573749382150135e-05
393,1.1179399522044422,8.565839704310426e-05
394,1.2065652689468447,8.557387210428827e-05
395,1.243935917037025,8.5536330697084e-05
396,1.1592854205138292,8.561975410809535e-05
397,1.067419305990605,8.570373723381898e-05
398,1.0014024551862803,8.57598650215278e-05
399,0.9638107878308535,8.579024336990228e-05
400,0.9271709222618815,8.581874586691563e-05
401,0.9984288986084325,8.57623098456243e-05
402,1.0793827887346372,8.569318736567581e-05
403,1.1637979127631985,8.561545293636775e-05
404,1.2139353673501316,8.556655742089967e-05
405,1.1390365910141451,8.563885209184532e-05
406,1.061034097049822,8.570932046613375e-05
407,1.0157567789234683,8.574796199596397e-05
408,0.9794891436621602,8.577771318570123e-05
409,1.0477408117308995,8.572083803908578e-05
410,1.1236030299684134,8.56531858462765e-05
411,1.189533292366794,8.559060842514443e-05
412,1.1366310067028358,8.564109892626689e-05
413,1.0817336940920077,8.569110060666577e-05
414,1.0225850739525797,8.574224101901016e-05
415,1.0829976931007468,8.568997677837123e-05
416,1.1539675278580421,8.562480184444192e-05
417,1.1706852878578902,8.560885638648227e-05
418,1.046411608215215,8.57219818037461e-05
419,1.0966415732043693,8.567776353027565e-05
420,0.9398723003206838,8.58089891467937e-05
421,0.9887391904391649,8.577022673939011e-05
422,1.0547771811579607,8.571475944271432e-05
423,1.1363669102423821,8.564134530933748e-05
424,1.2156015789113341,8.556489766824166e-05
425,0.9867825944772485,8.577181609606208e-05
426,1.0400744147292134,8.572741517450354e-05
427,1.1059385032078903,8.566935505555386e-05
428,1.1759881596293031,8.560375133017378e-05
429,1.1871939578920963,8.559288887128127e-05
430,1.1178285002949784,8.565849934139543e-05
431,1.0538228970318586,8.571558618643982e-05
432,1.0113557640483537,8.57516292426284e-05
433,1.0393026627017092,8.572807463144301e-05
434,1.0903367911450634,8.568342596630635e-05
435,1.149417578492816,8.562910250864455e-05
436,1.1770283385641076,8.560274728977781e-05
437,1.1140759585749278,8.566193781694451e-05
438,1.0718303705454464,8.569986088749635e-05
439,1.0829112213553762,8.569005370212088e-05
440,1.126722203292429,8.565030448268834e-05
441,1.1713956208787706,8.56081738684832e-05
442,1.1305718554700213,8.564673748127411e-05
443,1.107152932454674,8.566825151422128e-05
444,1.142946806899697,8.563518993534343e-05
445,1.0653192625643952,8.570557716236836e-05
446,1.1055692823610455,8.566969032663216e-05
447,1.158183694452672,8.562080174159714e-05
448,1.1104225726125927,8.566527448571239e-05
449,1.1427012669506784,8.563542026229861e-05
450,1.15039416070391,8.562818084216516e-05
451,1.118927588203799,8.565749008306707e-05
452,1.1355871011550391,8.564207248617089e-05
453,1.162757248405818,8.561644632570299e-05
454,1.1452630815738452,8.56330147721715e-05
455,0.0,0.0
456,0.22113256176168472,8.61531154085784e-05
457,0.4366677223199046,8.609452997417729e-05
458,0.6415197701385879,8.600335854779476e-05
459,0.8316897712739447,8.588787914674554e-05
460,1.0049848247806132,8.575691009430262e-05
461,1.1618383016108855,8.561732279946275e-05
462,1.3058813448688695,8.547162658832919e-05
463,1.4436381832691256,8.531670433521752e-05
464,1.582913306987037,8.514468902382916e-05
465,1.7302994593486152,8.494593449806154e-05
466,1.888869199264058,8.471306294950188e-05
467,2.0527912976339895,8.445179594238845e-05
468,0.18666898947891827,8.615892547977289e-05
469,0.3730466819626789,8.611581122955678e-05
470,0.5946660654318987,8.602725580985649e-05
471,0.8022238685592107,8.590771070650712e-05
472,0.9931434211990599,8.576663776254676e-05
473,1.169087133337678,8.561039047119337e-05
474,1.3341422306009996,8.544108322511327e-05
475,1.4946652347287803,8.525547193935548e-05
476,1.657734785905192,8.504593028027604e-05
477,1.8281898063509845,8.480449402404923e-05
478,2.0031493095736357,8.453310793841141e-05
479,2.0996924927433027,8.437323390773583e-05
480,2.009226661765742,8.452325535427953e-05
481,2.111788917770455,8.435269832573823e-05
482,1.9372780150366002,8.463806875501932e-05
483,1.7614115673707402,8.490179427372167e-05
484,1.5974170503186031,8.512589090000336e-05
485,1.4425355076895776,8.531800464056945e-05
486,1.290048188732869,8.548845829230725e-05
487,1.1324356709437775,8.564500620472851e-05
488,0.9642027619458275,8.578993254079198e-05
489,0.7833098454658276,8.59200663408142e-05
490,0.591532817081336,8.602878954303497e-05
491,0.39584326617870225,8.610856952070268e-05
492,0.35148126309063493,8.612226720076306e-05
493,0.49538216236330973,8.607192958691204e-05
494,0.699469815728353,8.5971308393477e-05
495,0.9099676383039044,8.583175118585599e-05
496,1.1149174347914512,8.566116775873712e-05
497,1.3138229333404021,8.54631083443406e-05
498,1.509833078480118,8.523687094885847e-05
499,1.7062372770941392,8.497955167552993e-05
500,1.9013089374189536,8.469396510710161e-05
501,2.065298452231229,8.443101077864225e-05
502,2.0495121010175126,8.445722563451019e-05
503,1.898096226188404,8.469890886532466e-05
504,1.9900113809650881,8.45543097748265e-05
505,2.1716960574771083,8.424934884514948e-05
506,1.9670151819138049,8.459110008311301e-05
507,1.7710173050737223,8.488801287541003e-05
508,1.5916041515714872,8.51334449164843e-05
509,1.42508912235462,8.533844880091888e-05
510,1.2643235508146928,8.55153757709106e-05
511,1.102326903375864,8.567262982882561e-05
512,0.9351080669682479,8.581266425319364e-05
513,0.762937380427476,8.59330472466027e-05
514,0.4778382293721815,8.607898013522537e-05
515,0.5897438531322454,8.602966162636458e-05
516,0.7762354454876494,8.592461249864543e-05
517,0.9913551786993262,8.576809689058302e-05
518,1.2166243622108583,8.556387774119951e-05
519,1.444923506971225,8.531518742215456e-05
520,1.67107329271387,8.502786038284453e-05
521,1.8828376088927385,8.472227953944883e-05
522,2.0305219687571037,8.4488506944703e-05
523,1.9982674513281133,8.454100176810076e-05
524,1.8483529853448044,8.477443046706996e-05
525,1.8248590117019574,8.48094297674386e-05
526,1.9952354891833344,8.454589511467686e-05
527,2.1537560931931967,8.428058537684999e-05
528,1.9702328046658986,8.458597697154913e-05
529,1.7614202253996443,8.490178188454865e-05
530,1.574049088079414,8.515609584040421e-05
531,1.4043788692523744,8.536240220461124e-05
532,1.245010694664908,8.553523436647231e-05
533,1.0895459486412904,8.568413396303232e-05
534,0.55828379436649,8.604456774011156e-05
535,0.6479428024107516,8.599994200748885e-05
536,0.8284405841177627,8.589010077569751e-05
537,1.0550855204644247,8.571449215515207e-05
538,1.300727348381929,8.547712773363779e-05
539,1.5479621434825857,8.518930429876183e-05
540,1.7771017237453024,8.487924615364655e-05
541,1.9416123341229532,8.463126547608945e-05
542,1.940232175878998,8.463343339308032e-05
543,1.7995570474548832,8.484664073286427e-05
544,1.6945911730207186,8.499565898715743e-05
545,1.8540830391693925,8.476582906561566e-05
546,2.016125724562835,8.451203612037932e-05
547,2.1393672799432206,8.43054614284431e-05
548,1.958182120769391,8.460512297520776e-05
549,1.7460992655212206,8.49236134248893e-05
550,1.5596860120935954,8.517444665471683e-05
551,1.3952953881500767,8.537280001041627e-05
552,0.5971381066404002,8.60260400445056e-05
553,0.6767623189691901,8.598419545277772e-05
554,0.864176040104304,8.58651924974986e-05
555,1.106431534186375,8.566890718655799e-05
556,1.3657361327851623,8.540617954696317e-05
557,1.6139582304555697,8.510424897097477e-05
558,1.811535871303035,8.482908609586084e-05
559,1.8654634483892658,8.474867007772464e-05
560,1.7453350257661853,8.492469760665991e-05
561,1.5884230107929143,8.513756757354397e-05
562,1.7400234794137541,8.493222012804067e-05
563,1.8920460067309954,8.470819725275223e-05
564,2.039743081483764,8.447335219044744e-05
565,2.1305559020682536,8.43206169418414e-05
566,1.947187702075251,8.462249281994606e-05
567,1.739064266895684,8.493357626155354e-05
568,0.6113636606596119,8.60189462196145e-05
569,0.6943020179613673,8.597427841783821e-05
570,0.8964189654830144,8.584182387082586e-05
571,1.1518812944653996,8.562677585313057e-05
572,1.4143937612098179,8.535086179444626e-05
573,1.6451960820235831,8.506278877619129e-05
574,1.766166031633614,8.489498205346107e-05
575,1.6823230070775754,8.501251125453039e-05
576,1.5029926074612403,8.524528236532138e-05
577,1.6395341465146387,8.507036069825685e-05
578,1.7833433397541743,8.48702228266361e-05
579,1.9225957630433976,8.466100631302695e-05
580,2.0546891916824706,8.444864963610271e-05
581,2.127378714221002,8.432606713993117e-05
582,0.625729389599177,8.601161374918341e-05
583,0.7205201111651065,8.595898415988101e-05
584,0.9355823862592283,8.581229919429797e-05
585,1.1959520357315516,8.558432858111985e-05
586,1.4500143313598435,8.530916639106352e-05
587,1.635474859902344,8.507577376627979e-05
588,1.609346039570974,8.511030515824663e-05
589,1.4375783228418846,8.532383830814764e-05
590,1.540927130533104,8.519816742512935e-05
591,1.6782169750669451,8.501812508007438e-05
592,1.8091949392310185,8.483252548032907e-05
593,1.9341512570246167,8.464296757526577e-05
594,0.6590753494518317,8.599394015488802e-05
595,0.7641409298423498,8.593228981262505e-05
596,0.982662871003484,8.57751523982564e-05
597,1.2378514778344574,8.554251961411492e-05
598,1.4692012173271003,8.528628797710891e-05
599,1.5269541386973104,8.521565494479835e-05
600,1.37404495584985,8.53968675194549e-05
601,1.43722077680589,8.532425831412681e-05
602,1.568512159547281,8.516318939373453e-05
603,1.6924831689825655,8.499856309073652e-05
604,0.7116467238186769,8.596422351747958e-05
605,0.8181964913760681,8.589704867978878e-05
606,1.0302183729331456,8.573580075625006e-05
607,1.2729312813456066,8.550642813074465e-05
608,1.4335716315270137,8.53285390979804e-05
609,1.322617847273126,8.545361574523725e-05
610,1.3265297877616415,8.544937353628903e-05
611,1.4509976650827785,8.530800099908356e-05
612,0.7689196510692554,8.592927070141732e-05
613,0.8685211810901673,8.58620927426338e-05
614,1.0693840284039158,8.570201262748773e-05
615,1.2972827426697167,8.548079245910391e-05
616,1.2984376629283485,8.54795647981782e-05
617,1.2207762693605952,8.55597287704208e-05
618,0.8149940158773735,8.589920311132283e-05
619,0.9035371421423745,8.583655056404933e-05
620,1.094747477706915,8.567946803444355e-05
621,1.31598351660133,8.54607821169504e-05
622,0.8399985301991902,8.588215880498914e-05
623,0.9163667788726311,8.58269417451869e-05
624,0.5333424301796131,8.605580669412134e-05
625,0.725482668287904,8.595602584235263e-05
626,0.9153291309788867,8.582772388388978e-05
627,1.0976837780224442,8.56768244066491e-05
628,1.2733113708835153,8.550603165831196e-05
629,1.4464092869607679,8.531343229282316e-05
630,1.622894899876387,8.509246654268176e-05
631,1.8076137014488625,8.483484627156752e-05
632,1.9993571581671232,8.453924133558158e-05
633,2.1271864279934065,8.43263967432778e-05
634,1.9920172186706224,8.455108138977912e-05
635,0.6295560009156579,8.600963199905145e-05
636,0.8096268455089514,8.590279501656577e-05
637,1.0040164637181044,8.575770987813293e-05
638,1.2047999452363811,8.557561765300932e-05
639,1.4098989770168817,8.535605115805162e-05
640,1.6192664472865916,8.509725803499952e-05
641,1.8307367087926039,8.480071405305625e-05
642,2.0271189368625055,8.449408324830634e-05
643,2.092465164918336,8.43854499786177e-05
644,1.9669877022213305,8.459114380192678e-05
645,1.8843492959647634,8.471997225675144e-05
646,2.0113455981569364,8.451981344867122e-05
647,2.1746649560672364,8.424415584549148e-05
648,1.9989394496527806,8.453991625618805e-05
649,1.7863662141517027,8.486584178674008e-05
650,1.589139148035414,8.513664018103734e-05
651,1.4058473354122787,8.536071506809951e-05
652,1.2313640548145723,8.554908559468632e-05
653,1.060497244826771,8.570978838336817e-05
654,0.8908182412834926,8.584594396606661e-05
655,0.6976119556734122,8.597237865985813e-05
656,0.8685257945145027,8.586208944329924e-05
657,1.0737242682133064,8.569819173155804e-05
658,1.2987982984800983,8.547918122912803e-05
659,1.5329726579914633,8.520814163233745e-05
660,1.7643317677313812,8.489761229391222e-05
661,1.9652071881264788,8.459397526648684e-05
662,2.037402168510341,8.447720563833592e-05
663,1.9314251031452419,8.464723257219688e-05
664,1.8139122408146806,8.482559026792913e-05
665,1.8768730800482407,8.473136584500704e-05
666,2.035654405319678,8.448007993644766e-05
667,2.2080462873102182,8.4185305959368e-05
668,1.9822443046154166,8.45667815503875e-05
669,1.7591894953933234,8.490497199721432e-05
670,1.5593632196084393,8.517485718824253e-05
671,1.3800053126066698,8.539015347664743e-05
672,1.21533475692248,8.556516360641403e-05
673,0.7376393676793289,8.594869362762875e-05
674,0.9098065967381171,8.583187179023581e-05
675,1.1312681527756252,8.56460910275667e-05
676,1.376488832840467,8.539411805310144e-05
677,1.6230447156074181,8.509226848244217e-05
678,1.8414041372899634,8.47848270809835e-05
679,1.9554721831871675,8.460941303147826e-05
680,1.882434961210661,8.472289379960764e-05
681,1.749245483408096,8.491914524771943e-05
682,1.76106827175004,8.490228546393383e-05
683,1.90202831457863,8.469285702281823e-05
684,2.0612954491730098,8.443767628632e-05
685,2.185396707034847,8.422532862983262e-05
686,1.96146036086466,8.459992565771402e-05
687,1.7398689686119013,8.493243862399874e-05
688,1.5473106269666994,8.519012676763494e-05
689,0.7600850233627368,8.593483759460448e-05
690,0.9429220241571118,8.580662690020399e-05
691,1.1805511589040882,8.559934037259813e-05
692,1.4356905738069408,8.532605467689854e-05
693,1.674833866188124,8.502274053983079e-05
694,1.839932262826953,8.478702441604929e-05
695,1.8175816821685198,8.482018356734666e-05
696,1.6793487370081177,8.501657904413812e-05
697,1.6545232460550237,8.505026006001155e-05
698,1.7845024015427353,8.486854384798306e-05
699,1.9319958486866637,8.46463401321808e-05
700,2.0806365658294195,8.440535706027215e-05
701,2.1697741994688458,8.425270685288827e-05
702,1.9524057114760782,8.461426065980146e-05
703,0.7820304876867701,8.592089151648141e-05
704,0.9783436719550348,8.577863542116293e-05
705,1.2259717691595104,8.55545173764832e-05
706,1.4790850521917251,8.527438805374053e-05
707,1.689010551363749,8.50033395383702e-05
708,1.7350791098812333,8.493920274203447e-05
709,1.6015686133753528,8.512047947029284e-05
710,1.5496148981750395,8.518721636493562e-05
711,1.6733076434951464,8.502481976286209e-05
712,1.812495766595811,8.482767454469673e-05
713,1.9510201324147616,8.46164486645848e-05
714,2.0877410865171977,8.439341328208321e-05
715,0.8167063604086906,8.589805219263167e-05
716,1.0211202917521434,8.574347145377578e-05
717,1.2690556671770774,8.551046416317384e-05
718,1.507332760531187,8.523994978976351e-05
719,1.6324730257882922,8.507976835328334e-05
720,1.5184656806314536,8.522620274618484e-05
721,1.4397338949502743,8.532130401685853e-05
722,1.560890255901486,8.517291434602458e-05
723,1.6938737423259962,8.499664775199119e-05
724,1.823716147111955,8.481112132844592e-05
725,0.8645858228616354,8.586490082319241e-05
726,1.0676895954882042,8.570350016308296e-05
727,1.3067524458681903,8.54706947070153e-05
728,1.50240269998298,8.524600600528931e-05
729,1.4375864696651113,8.532382873696218e-05
730,1.3287432340186074,8.544696778043482e-05
731,1.4438604660654653,8.531644209578264e-05
732,1.571092030298742,8.515988725271705e-05
733,0.9153100236321938,8.582773827803703e-05
734,1.1098116090945165,8.566583142944595e-05
735,1.3331421491625577,8.544217501278513e-05
736,1.3708061643762406,8.540050393364457e-05
737,1.2520656005498814,8.552801490090534e-05
738,1.3199394479935807,8.545651318991448e-05
739,0.9568077257136625,8.579577561037869e-05
740,1.141165674806201,8.563685960762779e-05
741,1.3276631812001356,8.544814216178953e-05
742,1.2693036638417978,8.551020626322992e-05
743,0.9809751138418604,8.577651521987196e-05
744,1.1562432477836762,8.562264453132533e-05
745,0.9684088597621378,8.578658930449517e-05
746,1.1463939936276215,8.563195118146373e-05
747,1.3397467122895728,8.543494998047929e-05
748,1.5478457926248184,8.51894512037853e-05
749,1.7688965256682871,8.489106178394001e-05
750,1.9937706016223256,8.454825678641393e-05
751,2.143505859139713,8.429832264212418e-05
752,2.0317915127240602,8.448642435194459e-05
753,1.8992956624029285,8.46970640961694e-05
754,1.0253482759196078,8.573991515190855e-05
755,1.218761579457126,8.556174377063635e-05
756,1.4384461891761415,8.532281840945718e-05
757,1.6731770680051852,8.502499756492241e-05
758,1.9044001720476387,8.46892007135451e-05
759,2.0692384442559293,8.44244381822934e-05
760,2.016732039642488,8.451104837988524e-05
761,1.882726509193164,8.4722449040458e-05
762,1.828028983464089,8.480473253857998e-05
763,1.927838893460442,8.465283433383451e-05
764,2.084195340385129,8.439937905559762e-05
765,2.1755303865350895,8.424264082907454e-05
766,1.956000227457358,8.460857753912586e-05
767,1.7215493227042005,8.495821189852498e-05
768,1.5061385770664042,8.5241418529496e-05
769,1.3143711942672387,8.546251840494219e-05
770,1.0715063775545546,8.570014614218433e-05
771,1.2817290258489935,8.549722141037706e-05
772,1.5185503372146985,8.522609783405457e-05
773,1.757080496636776,8.4907984439217e-05
774,1.9509630355789274,8.461653879584997e-05
775,1.9663802619162294,8.459211005996207e-05
776,1.837025638382958,8.4791358702939e-05
777,1.7472164807005945,8.492202767356586e-05
778,1.8122927453673041,8.48279731527314e-05
779,1.9566856918817606,8.460749264871845e-05
780,2.1199862329031385,8.433871846805044e-05
781,2.1716356454438093,8.424945444418778e-05
782,1.929447695287192,8.465032257219626e-05
783,1.7033315343685287,8.498358049001348e-05
784,1.1134025974064827,8.566255361560743e-05
785,1.335722192119667,8.543935674880832e-05
786,1.5762458050828467,8.51532748204193e-05
787,1.7950975434564922,8.485314737021161e-05
788,1.8833975685036672,8.472142508218262e-05
789,1.7677074233842176,8.489276973901696e-05
790,1.6500018642063077,8.505634197655185e-05
791,1.6899503453872124,8.50020478254772e-05
792,1.824715710182747,8.480964192479871e-05
793,1.9783191951694448,8.457306647445291e-05
794,2.137305335345598,8.430901327276901e-05
795,2.1630304336990247,8.426446778863681e-05
796,1.1562193463717874,8.562266721088104e-05
797,1.3823774280658414,8.538747350003096e-05
798,1.613378717068333,8.510501084347552e-05
799,1.7678110475761153,8.489262094349753e-05
800,1.6803381746414303,8.501522660313319e-05
801,1.5402889330577856,8.519896952138168e-05
802,1.5616505460674532,8.517194634260796e-05
803,1.6917339311724662,8.499959444031681e-05
804,1.837327077845174,8.479090950996011e-05
805,1.9862973810018314,8.45602792408764e-05
806,1.2005278406130575,8.557983150153291e-05
807,1.4213407703884464,8.534280951987066e-05
808,1.6194842508262128,8.509697071162394e-05
809,1.5822696318760419,8.514551942462038e-05
810,1.4288176184684036,8.533410005406834e-05
811,1.4201535903777793,8.534418830990433e-05
812,1.557741399384809,8.51769185994553e-05
813,1.6968023508422807,8.499260898923108e-05
814,1.2417158485020319,8.553859234103735e-05
815,1.4466021342095376,8.531320435621702e-05
816,1.4837186787006766,8.526878248778248e-05
817,1.337495622068847,8.543741647907391e-05
818,1.2973520029220766,8.548071886681026e-05
819,1.4249675660161292,8.533859039186078e-05
820,1.2737951893372743,8.55055268179277e-05
821,1.3961989297014479,8.537176868590148e-05
822,1.2912251931722494,8.548721398600795e-05
823,1.216888220575517,8.556361448287193e-05
824,1.2958935520644315,8.54822677261476e-05
825,1.2979636971204969,8.548006874551852e-05
826,1.404469405019217,8.53622982369442e-05
827,1.6208317600251418,8.50951922631421e-05
828,1.8542601022266811,8.476556286835611e-05
829,2.07043392069547,8.442244156280722e-05
830,2.0833398459603734,8.440081699553574e-05
831,1.935457976403181,8.464092120544263e-05
832,1.81196506762117,8.482845504037782e-05
833,1.4805457730763238,8.527262277995532e-05
834,1.7055906210110603,8.49804488389037e-05
835,1.9254944758951715,8.465649099309335e-05
836,2.025410574069555,8.449687925931842e-05
837,1.898783942655251,8.469785127325013e-05
838,1.7553762002526212,8.491041626780005e-05
839,1.708979817566455,8.497574305250184e-05
840,1.8142236417847848,8.482513184561811e-05
841,1.9701141275994831,8.458616607175091e-05
842,2.124941756014071,8.433024231028204e-05
843,2.0561681803714373,8.444619586799951e-05
844,1.834185588451658,8.479558735280187e-05
845,1.5391138529608221,8.520044553439333e-05
846,1.756735125635618,8.490847742653659e-05
847,1.915966712973458,8.467130788680068e-05
848,1.8267689744697733,8.480660054472518e-05
849,1.6672663940103305,8.503303194863136e-05
850,1.5809657215822237,8.514720058491745e-05
851,1.6733284466377578,8.502479143439437e-05
852,1.8232880012164445,8.481175476740996e-05
853,1.987019602260341,8.45591192574457e-05
854,2.1389956117708158,8.430610189273754e-05
855,1.5814320937894306,8.514659943558112e-05
856,1.7677595227548386,8.489269492980642e-05
857,1.729154901350018,8.494754385555233e-05
858,1.5605226958364722,8.517338216015338e-05
859,1.4473928102372404,8.531226950333517e-05
860,1.5253604662986056,8.521763961403141e-05
861,1.6696011858846427,8.502986155283678e-05
862,1.8276809386598876,8.480524865064552e-05
863,1.6024702309026166,8.511930243890025e-05
864,1.6162717592294846,8.51012047847531e-05
865,1.4520974543874332,8.5306696677194e-05
866,1.323255282873732,8.545292533088056e-05
867,1.381857630886492,8.538806114339328e-05
868,1.5189733691435776,8.522557349912869e-05
869,1.5001210214554315,8.524880233707186e-05
870,1.3615968229083262,8.54107980099591e-05
871,1.2457906377607133,8.553443820054962e-05
872,1.2489791550525888,8.553117826903089e-05
873,1.306165429757781,8.547132274860788e-05
874,1.2467464746024404,8.553346181447183e-05
875,1.9110990831798482,8.467885050322643e-05
876,2.0530926877581734,8.445129648622311e-05
877,1.933600356513049,8.464382990901237e-05
878,1.7665481658350766,8.489443376090563e-05
879,1.632610655025331,8.507958536353403e-05
880,1.9215933765639148,8.466256621289409e-05
881,1.855031505545705,8.47644028528204e-05
882,1.6811645612186439,8.501409644239809e-05
883,1.5267281803767148,8.521593646319338e-05
884,1.4866306760563957,8.526525093132681e-05
885,1.6094336527755964,8.51101902715553e-05
886,1.7739128268688877,8.48838444831528e-05
887,1.9444045850501943,8.462687497006114e-05
888,1.7453146730320628,8.492472647361944e-05
889,1.5738618087071732,8.51563361674138e-05
890,1.4126947107317427,8.535282529660596e-05
891,1.3345328073355733,8.544065661521135e-05
892,1.4516144963252968,8.530726957181417e-05
893,1.6065013948364668,8.511403202729931e-05
894,1.4616862807636275,8.529528372604842e-05
895,1.3156063375298657,8.546118848289967e-05
896,1.2255676039350505,8.555492355832614e-05
897,1.3112929901312091,8.546582748710543e-05
898,1.2568218462340335,8.552312510664053e-05
899,1.2016377424636415,8.557873815007764e-05
900,1.6860657933953889,8.50073825007779e-05
901,1.5150551106812862,8.523042461805157e-05
902,1.3759622583661761,8.539471087592689e-05
903,1.4105922430574396,8.535525181422515e-05
904,1.2770185389616848,8.550215860991682e-05
905,1.2443278147576264,8.553593104819427e-05
906,1.361278905498232,8.541115216111857e-05
907,1.2156091815838106,8.556489008991124e-05
908,1.1672605357698989,8.561214131457305e-05
909,1.183732996781312,8.55962546087022e-05
910,0.0,0.0
911,0.43832018496303815,8.609393275725759e-05
912,0.8619545838973622,8.586677129492362e-05
913,1.2581925856884562,8.55217124997345e-05
914,1.6179694331764571,8.509896826164174e-05
915,1.9367678168101787,8.463886862056423e-05
916,2.2142699442753115,8.417424027325871e-05
917,2.4527415453417123,8.372823362553046e-05
918,2.6548276685297556,8.33171296168445e-05
919,2.821689010149269,8.295518154041675e-05
920,2.6511234008912696,8.332493526762216e-05
921,2.4536341928963834,8.372648411167149e-05
922,2.269294525454693,8.407512922398391e-05
923,0.5617215648513616,8.604297849873355e-05
924,0.8835838726029985,8.585122795740643e-05
925,1.2364529615452817,8.554393793129108e-05
926,1.57804376733411,8.515096303633145e-05
927,1.8902766239328634,8.471090826171422e-05
928,2.1665535209418447,8.425832794616218e-05
929,2.405920008872966,8.38191677633473e-05
930,2.6078520477944047,8.341537347530259e-05
931,2.72296404348448,8.317176871374697e-05
932,2.556793857670134,8.352031951027925e-05
933,2.3676366401292266,8.389230298353953e-05
934,2.2733516316442675,8.406773082974228e-05
935,2.3334589850862315,8.395666690110939e-05
936,2.2155735808226282,8.4171918678553e-05
937,2.3940692060779387,8.384192428921694e-05
938,2.592468392009249,8.344719505003013e-05
939,2.7217252402947816,8.317444168183305e-05
940,2.541266695055891,8.355185377764174e-05
941,2.3242602320375263,8.397384030274022e-05
942,2.0705518815646413,8.442224449156594e-05
943,1.778952410846113,8.487657384748788e-05
944,1.4508850085295504,8.530813455241485e-05
945,1.09413262316879,8.568002071976189e-05
946,0.7295321975881024,8.595359685202263e-05
947,1.1089644843099078,8.566660315372887e-05
948,1.3921998348520108,8.537632840213993e-05
949,1.6828742147581832,8.501175662502005e-05
950,1.9581651246130183,8.460514989923531e-05
951,2.2066960263223234,8.418770284674513e-05
952,2.4228621751144046,8.378645236901174e-05
953,2.5974167579223906,8.343697815389065e-05
954,2.669475527139757,8.328616545809826e-05
955,2.5476523001333278,8.35389067170949e-05
956,2.4018960530664883,8.382690654033639e-05
957,2.4373876769957055,8.375823308464105e-05
958,2.6146828442617567,8.340118809018356e-05
959,2.3974961048478023,8.38353545687391e-05
960,2.1796538730683284,8.423541445412497e-05
961,2.3657299177560525,8.389591683449562e-05
962,2.5629921851260344,8.350768162801275e-05
963,2.63861515449112,8.335121861328711e-05
964,2.4557897221920935,8.372225701245653e-05
965,2.238333246980587,8.41311792190282e-05
966,1.9869427367890256,8.455924273276381e-05
967,1.7040994378703538,8.498251643654271e-05
968,1.3987137657642874,8.536889475400315e-05
969,1.6218748137756833,8.509381465131134e-05
970,1.8666344643056028,8.474689873967317e-05
971,2.1001858030387126,8.437239862638252e-05
972,2.309310742979378,8.400161412143861e-05
973,2.4849151468060855,8.366480208469337e-05
974,2.6103032503687427,8.34102870456795e-05
975,2.6427700534354774,8.3342500686994e-05
976,2.5598747408613205,8.351404137998117e-05
977,2.4649999853262834,8.37041563120262e-05
978,2.5199042262700946,8.35949481568556e-05
979,2.671491197437675,8.328189227392634e-05
980,2.6951759166882683,8.323145935553464e-05
981,2.4508825869585094,8.373187512430542e-05
982,2.228466304185002,8.41488891171608e-05
983,2.3666267160716394,8.38942174532217e-05
984,2.555114494499364,8.35237387198089e-05
985,2.5796412500327253,8.347359549692627e-05
986,2.403825123976772,8.382319810623179e-05
987,2.196334033667801,8.420605063166161e-05
988,1.9601589206555583,8.460198995403822e-05
989,2.0696105692030207,8.442381679706446e-05
990,2.261175493863868,8.408989744994315e-05
991,2.425843920691539,8.378067244085838e-05
992,2.552452370245144,8.35291545863443e-05
993,2.6249525461478793,8.33797968342436e-05
994,2.6213541245042955,8.338730095391517e-05
995,2.542452870480557,8.354945103668456e-05
996,2.452230955594131,8.372923407182908e-05
997,2.4769380877906957,8.368060085344145e-05
998,2.603310395972137,8.342478609546885e-05
999,2.7451755179480024,8.312365417303774e-05
1000,2.7545857258456494,8.31031620194875e-05
1001,2.4877833305566757,8.36591100341711e-05
1002,2.2698200184711457,8.407417165465775e-05
1003,2.380531391125576,8.386779179473957e-05
1004,2.5566145600774446,8.35206846620848e-05
1005,2.5491215771876665,8.353592344405109e-05
1006,2.38647286001037,8.38564559622753e-05
1007,2.4085800338734864,8.381404542516067e-05
1008,2.5260983042890137,8.358248759134194e-05
1009,2.6031702457207992,8.342507631758514e-05
1010,2.6286667275477713,8.337204136480754e-05
1011,2.592596833231423,8.344693008465355e-05
1012,2.499553236485679,8.36356882106681e-05
1013,2.3885961970357403,8.385239840324117e-05
1014,2.363979081283439,8.389923283165724e-05
1015,2.4690318750066744,8.36962126982412e-05
1016,2.6009889635637475,8.342959144262729e-05
1017,2.734909266541046,8.314593737895938e-05
1018,2.7935526921263083,8.301762458922888e-05
1019,2.5084831991171943,8.361784932520967e-05
1020,2.295690929808785,8.402677109803105e-05
1021,2.3914156013878225,8.384700549232026e-05
1022,2.5581963087469672,8.351746250534074e-05
1023,2.5960752313577724,8.343974978188245e-05
1024,2.627425533850827,8.337463418741654e-05
1025,2.612953934565653,8.340478171796035e-05
1026,2.5477530627193485,8.353870217596712e-05
1027,2.4353926745586967,8.376211817288596e-05
1028,2.2987994200164,8.402104175845031e-05
1029,2.216679387775681,8.416994837985868e-05
1030,2.293711360626608,8.403041589699079e-05
1031,2.4350451326841154,8.376279467622211e-05
1032,2.604834419143801,8.342162922886849e-05
1033,2.7106443941003446,8.319830130766512e-05
1034,2.776794423055415,8.305454541388077e-05
1035,2.5170407105339847,8.360069907406316e-05
1036,2.3045312786580427,8.401045812460136e-05
1037,2.618556669210416,8.339312819111104e-05
1038,2.570772972674053,8.349177718196252e-05
1039,2.480423674945825,8.367370336819534e-05
1040,2.349348299998832,8.392685293286615e-05
1041,2.190742778869083,8.421591707185722e-05
1042,2.0551176463385707,8.444793896622526e-05
1043,2.0896277824238823,8.439023495961059e-05
1044,2.2425770403268586,8.412353947146702e-05
1045,2.4408184273151923,8.375154507312426e-05
1046,2.5851274434704092,8.346231877622792e-05
1047,2.693925921722972,8.323413123287183e-05
1048,2.766760568104812,8.307655444176658e-05
1049,2.496263323966884,8.364224539476803e-05
1050,2.3857558590339933,8.385782534266927e-05
1051,2.239880135942925,8.412839606341979e-05
1052,2.066699085758613,8.442867564151168e-05
1053,1.8942183348309487,8.470486553384659e-05
1054,1.866501902561952,8.474709931285315e-05
1055,2.0314300686651996,8.448701740040045e-05
1056,2.2114085978210767,8.417933140968373e-05
1057,2.4280330014408023,8.377642482361494e-05
1058,2.5773344200903647,8.347833051273592e-05
1059,2.2608633225838393,8.409046428350688e-05
1060,2.1063957965519413,8.436186782838591e-05
1061,1.928562682395141,8.465170455766954e-05
1062,1.7434155312088278,8.492741866013549e-05
1063,1.6390780434618246,8.507096956126371e-05
1064,1.80671870795033,8.48361589927404e-05
1065,2.0101358709837918,8.452177889922666e-05
1066,2.242417775566856,8.41238264288545e-05
1067,1.9510239409925496,8.461644265239425e-05
1068,1.780477700891124,8.487436938460292e-05
1069,1.607513422922402,8.511270686689181e-05
1070,1.459299508089127,8.529813139521077e-05
1071,1.5711511737079895,8.51598114894689e-05
1072,1.796216701917721,8.48515159237194e-05
1073,1.630791112955334,8.508200339101483e-05
1074,1.492812961808117,8.525773092631924e-05
1075,1.3830233168629398,8.538674300586579e-05
1076,1.3294401886341263,8.544620945925882e-05
1077,1.4100702348976208,8.535585373142938e-05
1078,1.370957199074981,8.540033454322579e-05
1079,1.1727533691518084,8.56068681527699e-05
1080,1.4860732191569472,8.526592751555621e-05
1081,1.7884820549792537,8.486277105441751e-05
1082,2.06444053387669,8.443244035709159e-05
1083,2.3078002623018214,8.400441100052489e-05
1084,2.5160061588405034,8.360277531564563e-05
1085,2.67177158070092,8.32812976318367e-05
1086,2.5782340672794333,8.347648435600269e-05
1087,2.387962064855133,8.385361054187914e-05
1088,2.2733994990849515,8.406764346616854e-05
1089,2.4385538307285306,8.375596073175984e-05
1090,1.6519401692863893,8.505373664835644e-05
1091,1.9112569362355054,8.467860619104021e-05
1092,2.1515938348264925,8.42843336728032e-05
1093,2.363620794858649,8.389991112508067e-05
1094,2.538797353592689,8.35568523944236e-05
1095,2.6452476104768414,8.333729619967318e-05
1096,2.590580822341926,8.345108757822535e-05
1097,2.443238448253079,8.374682213651062e-05
1098,2.410270700228315,8.381078700800216e-05
1099,2.571742167390154,8.348979296191774e-05
1100,2.682184797373877,8.325917250676279e-05
1101,2.462417992402812,8.370923699965758e-05
1102,2.246185864337522,8.411703207733812e-05
1103,2.3857900168678796,8.385776011429061e-05
1104,2.5736840677804,8.348581525362774e-05
1105,2.61469639948826,8.340115990629006e-05
1106,2.453766388583665,8.372622496889097e-05
1107,2.2508156179700882,8.410866931760557e-05
1108,2.0165555781908844,8.451133588029415e-05
1109,1.7570274837167814,8.490806011666147e-05
1110,2.0845695932338097,8.439874982413396e-05
1111,2.2842371947235303,8.404781888725056e-05
1112,2.453752889061392,8.372625143255706e-05
1113,2.5799940647105712,8.347287096188412e-05
1114,2.6351470186755015,8.335848588581624e-05
1115,2.587887171085029,8.345663786683567e-05
1116,2.4792100866737603,8.367610591144186e-05
1117,2.4516021837520072,8.373046581687693e-05
1118,2.5778678692624224,8.34772358990303e-05
1119,2.724436802848974,8.316858948945313e-05
1120,2.718968773764945,8.318038531983078e-05
1121,2.478345253036944,8.367781735735842e-05
1122,2.2294183483644354,8.414718353577121e-05
1123,2.394854783736194,8.384041903102189e-05
1124,2.5720625749384878,8.348913684354961e-05
1125,2.576998967625261,8.34790187388985e-05
1126,2.42268048701447,8.378680434574517e-05
1127,2.2323371449784783,8.414195024763459e-05
1128,2.4169702638957906,8.379785397179738e-05
1129,2.538613453239045,8.355722447852035e-05
1130,2.6134695567925346,8.340371019994623e-05
1131,2.6248219674748197,8.33800693077939e-05
1132,2.5637008400171943,8.350623493570585e-05
1133,2.4564270040490244,8.372100660942478e-05
1134,2.3953258791846475,8.38395161360062e-05
1135,2.4806933232081585,8.367316939655338e-05
1136,2.6157037945738013,8.339906496338429e-05
1137,2.737090726951634,8.314120884086791e-05
1138,2.713988317440628,8.319111045810871e-05
1139,2.483427649693861,8.36677516921699e-05
1140,2.261856619724522,8.40886604212254e-05
1141,2.407234136914131,8.381663784304025e-05
1142,2.5719863826925815,8.348929287397479e-05
1143,2.5639888563515103,8.350564685547503e-05
1144,2.5994870947601623,8.343269819216525e-05
1145,2.6277849279940213,8.337388353804614e-05
1146,2.6021836299046277,8.342711898649332e-05
1147,2.520385391451797,8.359398121780175e-05
1148,2.3981701164825,8.383406138532312e-05
1149,2.2936662752143286,8.403049887420621e-05
1150,2.3304889310312165,8.396221872995565e-05
1151,2.4630823926704957,8.370793010694157e-05
1152,2.617964964554538,8.339436000635386e-05
1153,2.7079035088394376,8.320418931369897e-05
1154,2.69427915020367,8.323337631851083e-05
1155,2.481967743682571,8.367064499210366e-05
1156,2.281274979049462,8.405324625063252e-05
1157,2.4125778357481655,8.38063370277785e-05
1158,2.615670755599165,8.339913368185643e-05
1159,2.5587625693020932,8.351630853618223e-05
1160,2.455647542715232,8.37225359398786e-05
1161,2.3153429827028646,8.39904274040701e-05
1162,2.172086181256714,8.424866684959152e-05
1163,2.148356403650182,8.428993912568586e-05
1164,2.279239199524484,8.40569723602652e-05
1165,2.428282960645126,8.377593958406278e-05
1166,2.593626675530138,8.344480515296337e-05
1167,2.6820003734004705,8.325956504249344e-05
1168,2.679287857508169,8.32653356133159e-05
1169,2.4805084122206256,8.367353557281033e-05
1170,2.4881504262075653,8.365838107451057e-05
1171,2.3663331993424905,8.389477371691654e-05
1172,2.2104612900927503,8.418101556609252e-05
1173,2.0400052176327836,8.447292041781431e-05
1174,1.948743627855258,8.462004032803304e-05
1175,2.073052993537583,8.441806349788039e-05
1176,2.243476843487771,8.412191787845066e-05
1177,2.4409484616783463,8.375129140765757e-05
1178,2.5777701194794744,8.347743649285232e-05
1179,2.672034098821803,8.328074082652219e-05
1180,2.250008630788888,8.411012815210475e-05
1181,2.0844018280082968,8.439903190114996e-05
1182,1.9009927267864692,8.469445205136803e-05
1183,1.7516006534813215,8.491579541676965e-05
1184,1.8513423003310325,8.476994638823117e-05
1185,2.043651476477612,8.446690907240981e-05
1186,2.259338603905074,8.40932317744524e-05
1187,2.4342270460371838,8.376438675740004e-05
1188,1.9392585041343484,8.463496192419999e-05
1189,1.758346892518958,8.490617596853967e-05
1190,1.5869532995638902,8.513946956752123e-05
1191,1.6196886312379335,8.50967010617635e-05
1192,1.8314112360893169,8.479971210963618e-05
1193,2.035397287326014,8.448050258368049e-05
1194,1.6185184874906853,8.5098244447707e-05
1195,1.4694388617585474,8.528600277117823e-05
1196,1.3901651008158535,8.537864347118783e-05
1197,1.6076796682182086,8.511248910608613e-05
1198,1.3963607130884248,8.53715839534755e-05
1199,1.3437742108850834,8.543052695274466e-05
1200,2.1343743920262983,8.43140564424044e-05
1201,2.335296914326804,8.395322799676909e-05
1202,2.5034164760390727,8.36279780816989e-05
1203,2.615521606727345,8.339944388983607e-05
1204,2.59353046477549,8.344500370302867e-05
1205,2.4491592667840067,8.373524862576304e-05
1206,2.3545506692434013,8.391705025821776e-05
1207,2.5196937629564484,8.359537104551871e-05
1208,2.71385513340115,8.31913970153874e-05
1209,2.4436362592164365,8.374604534738899e-05
1210,2.5642012756794066,8.350521309229019e-05
1211,2.6236807915187628,8.33824500248088e-05
1212,2.59175556566703,8.344866534131595e-05
1213,2.480822818036055,8.367291294491973e-05
1214,2.385838711914268,8.385766712389505e-05
1215,2.4782768641578974,8.367795267053139e-05
1216,2.6340954198960653,8.336068770999659e-05
1217,2.7322534814282093,8.315168940991334e-05
1218,2.6625542208478175,8.330081594372714e-05
1219,2.4664568164640728,8.370128746253022e-05
1220,2.3087971961329536,8.400256522241199e-05
1221,2.454844590111839,8.37241108885167e-05
1222,2.5906781408149784,8.34508869529953e-05
1223,2.598888584638918,8.343393580231354e-05
1224,2.4916639864354924,8.365139897188456e-05
1225,2.6092091460786553,8.34125579388424e-05
1226,2.6235315455624284,8.338276131063786e-05
1227,2.5709331923637144,8.349144921392523e-05
1228,2.461386501258886,8.371126531959114e-05
1229,2.344932366257662,8.393515780994378e-05
1230,2.3648724068381677,8.389754120461931e-05
1231,2.502488461072948,8.362983119287295e-05
1232,2.622380926943598,8.338516063541278e-05
1233,2.686241666422586,8.325053143104455e-05
1234,2.6149085291541603,8.340071883082971e-05
1235,2.4236330213911277,8.378495876702666e-05
1236,2.298319626750307,8.402192655333287e-05
1237,2.460074497936211,8.371384409468228e-05
1238,2.589286919710929,8.345375433971245e-05
1239,2.60449996298864,8.342232216841528e-05
1240,2.5290986837268856,8.357644156217959e-05
1241,2.407720608321636,8.381570097559541e-05
1242,2.267212939545544,8.40789203027793e-05
1243,2.2153734705380304,8.417227513082061e-05
1244,2.3371287240598146,8.394979801669849e-05
1245,2.477127784567367,8.368022570232491e-05
1246,2.6030522641614855,8.342532062176145e-05
1247,2.6449344221967266,8.33379543472887e-05
1248,2.5812960699197207,8.34701963908471e-05
1249,2.400375240050027,8.382982818173565e-05
1250,2.3007992448481844,8.401735197887823e-05
1251,2.4621127937008396,8.370983722351296e-05
1252,2.326149682916276,8.397031802792158e-05
1253,2.1657979105678242,8.425964557882783e-05
1254,2.0499304954896598,8.445653331698344e-05
1255,2.1479103050770907,8.429071089677047e-05
1256,2.3074769103870407,8.400500951126913e-05
1257,2.470096662956244,8.369411284112326e-05
1258,2.576244100504824,8.348056714829082e-05
1259,2.621388898267812,8.338722848237398e-05
1260,2.569174818312996,8.349504755303311e-05
1261,2.218035165073904,8.4167531424277e-05
1262,2.0447768419816215,8.446505169273622e-05
1263,1.8843207563003683,8.472001583319285e-05
1264,1.9426287755754599,8.46296679329643e-05
1265,2.1213478098074874,8.433639143344887e-05
1266,2.2867196601033393,8.404326542101882e-05
1267,2.455909600878329,8.372202182299986e-05
1268,2.5662264443443292,8.350107600140637e-05
1269,1.907229923062571,8.468483283095466e-05
1270,1.7291398039121164,8.494756507711535e-05
1271,1.7286769319995727,8.49482156215642e-05
1272,1.9229328038748337,8.466048163977997e-05
1273,2.1109011117091523,8.435420932297784e-05
1274,2.3013389440348573,8.401635568967951e-05
1275,1.588829738252803,8.513704091425001e-05
1276,1.517374487603585,8.522755451624868e-05
1277,1.7147927704262516,8.496765094096931e-05
1278,1.919845630880296,8.46652841669652e-05
1279,1.3651003730861073,8.540688979189253e-05
1280,1.5030703376213617,8.524518699304037e-05
1281,2.6192277157885235,8.339173089078492e-05
1282,2.5915614205096995,8.344906572470859e-05
1283,2.483391438761209,8.366782347556509e-05
1284,2.350147152770891,8.392534899754903e-05
1285,2.3886313066161864,8.38523312827673e-05
1286,2.5515731569592197,8.353094212360123e-05
1287,2.6556808345176948,8.33153304014786e-05
1288,2.572779416759921,8.348766864857101e-05
1289,2.4653153492544706,8.370353541865614e-05
1290,2.327615663871744,8.39675833272086e-05
1291,2.272935360299061,8.406849049976294e-05
1292,2.4076591283586692,8.381581938609527e-05
1293,2.5349923679315656,8.356454590474769e-05
1294,2.6080108494135232,8.341504408350833e-05
1295,2.593407813610145,8.344525680829205e-05
1296,2.489699575170095,8.365530375346548e-05
1297,2.325720647344634,8.397111806268174e-05
1298,2.341626995019244,8.394136451334385e-05
1299,2.4848908900012088,8.366485019748388e-05
1300,2.411521673996511,8.380837463537652e-05
1301,2.263072116264354,8.408645202222296e-05
1302,2.1440348758466055,8.429740917972634e-05
1303,2.240864213237754,8.412662457285173e-05
1304,2.387591060358841,8.385431957454096e-05
1305,2.497356240961096,8.364006797175091e-05
1306,2.565683856495439,8.350218471652048e-05
1307,2.5522611965106012,8.352954331205383e-05
1308,2.456900674624457,8.372007703043244e-05
1309,2.3030010452604994,8.401328605808398e-05
1310,2.1670780653948367,8.425741299028877e-05
1311,2.0109186650220927,8.452050721810112e-05
1312,2.0591406917787736,8.444125913738481e-05
1313,2.222632439957233,8.415932544317925e-05
1314,2.3640726007279995,8.38990557685751e-05
1315,2.4820444595482405,8.367049299291005e-05
1316,2.542116900761888,8.355013168915438e-05
1317,2.537900065079877,8.355866763472314e-05
1318,1.8725126340864298,8.473799100073948e-05
1319,1.8703489258181942,8.474127299624571e-05
1320,2.045539644567521,8.44637921579651e-05
1321,2.2111725598996257,8.417975110977519e-05
1322,2.360064168894671,8.390663916632061e-05
1323,2.472928489351635,8.36885241280146e-05
1324,1.6845498696187788,8.500946110523106e-05
1325,1.8604038984244298,8.475631114156789e-05
1326,2.042474597293172,8.446885043232544e-05
1327,2.2071347480638024,8.418692421090529e-05
1328,1.6742065633461247,8.502359535704562e-05
1329,1.8608724330698485,8.475560438558891e-05
1330,2.325113156109951,8.397225063197893e-05
1331,2.223138896450942,8.415842045511894e-05
1332,2.3455141444197385,8.39340645194198e-05
1333,2.4720608243483806,8.369023712954654e-05
1334,2.5396391606923387,8.355514885422792e-05
1335,2.1229804562278116,8.433359925297586e-05
1336,2.189061195486857,8.421887977894433e-05
1337,2.332056379629103,8.395928957376244e-05
1338,2.438691055712014,8.375569327022322e-05
1339,2.498467976435779,8.363785214850062e-05
1340,2.4996754993129624,8.363544437186622e-05
1341,2.4394417084095577,8.375422994495697e-05
1342,2.3241563531977194,8.397403387363208e-05
1343,2.027706565560291,8.44931209800268e-05
1344,2.179710454242147,8.423531520610519e-05
1345,2.314711513184456,8.399159974061462e-05
1346,2.4140622293389997,8.38034718431665e-05
1347,2.476494206245962,8.368147858503946e-05
1348,2.485845926293572,8.366295557620398e-05
1349,2.0200608448547266,8.450562041957737e-05
1350,2.173545689380646,8.424611438027515e-05
1351,2.304399243717254,8.401070220008072e-05
1352,2.4086653250074894,8.381388109489113e-05
1353,2.0196283572123686,8.450632611762541e-05
1354,2.1713450730811075,8.424996232009869e-05
1355,2.313397160734821,8.399403890119125e-05
1356,2.4086106584676363,8.381398642143709e-05
1357,2.4574958966045766,8.371890867011073e-05
1358,2.298141837946478,8.402225437261343e-05
1359,2.3860006934491493,8.385735778342113e-05
1360,2.436089606096749,8.376076129824478e-05
1361,2.4445233172495064,8.374431280132747e-05
1362,2.288905428838237,8.403925232179178e-05
1363,2.378084224720595,8.387245310323142e-05
1364,2.4230406721577302,8.378610655020098e-05
1365,3.8168031925776456,8.039393660327322e-05
1366,3.807861495452176,8.04198818510887e-05
1367,3.7794279062349587,8.050204649183188e-05
1368,3.7274747560346935,8.065084041009042e-05
1369,3.647559621361482,8.087632252194581e-05
1370,3.537087258051291,8.118117026077433e-05
1371,3.3968214061126334,8.15566037937771e-05
1372,3.2310607418823567,8.198320009990608e-05
1373,3.046562159821539,8.243582590466304e-05
1374,2.850894130009465,8.2889765079708e-05
1375,2.6511234008912696,8.332493526762216e-05
1376,2.4536341928963834,8.372648411167149e-05
1377,2.269294525454693,8.407512922398391e-05
1378,3.8389027906654714,8.032959459473114e-05
1379,3.8129744848722544,8.040505221201657e-05
1380,3.7375985192041985,8.062198178101925e-05
1381,3.6341974020578327,8.091362002440099e-05
1382,3.503878934597647,8.127123815221664e-05
1383,3.3477360226770077,8.168487156050843e-05
1384,3.170101010269423,8.213536070316363e-05
1385,2.979567303005999,8.259430177186221e-05
1386,2.8342323470312714,8.292716070855276e-05
1387,2.935577682059411,8.269663599655748e-05
1388,2.7357894952355077,8.314402980834549e-05
1389,2.5333433571999926,8.356787680982502e-05
1390,2.4327110076690146,8.376733580633668e-05
1391,2.626054539748496,8.337749684876295e-05
1392,2.811315427831791,8.297826993838477e-05
1393,2.8544279840841855,8.288180814812552e-05
1394,2.7932424991422224,8.301830982669721e-05
1395,2.98970290730327,8.257052904717353e-05
1396,3.1747908210197644,8.212374553327471e-05
1397,3.341459349608821,8.170115611828786e-05
1398,3.4841806265024564,8.13243186033902e-05
1399,3.6004083110760012,8.100741458243009e-05
1400,3.6909735900197527,8.075434178838699e-05
1401,3.759013768543773,8.056071895156013e-05
1402,3.902207336139484,8.014357782205234e-05
1403,3.881522350157694,8.020463715032244e-05
1404,3.77433953012683,8.05166959756947e-05
1405,3.622741863747073,8.094550281754236e-05
1406,3.4451605549919355,8.14287022981398e-05
1407,3.2524407638668276,8.192922863280099e-05
1408,3.0612880680156316,8.240056913964477e-05
1409,2.941387891087989,8.268319813559407e-05
1410,2.994848618979648,8.255843220314662e-05
1411,3.0415864494976246,8.2447704392293e-05
1412,2.8344310615270185,8.292671588737106e-05
1413,2.618376147716214,8.33935040293246e-05
1414,2.786562664321492,8.303304921627843e-05
1415,2.889785690269637,8.280170402759337e-05
1416,2.8787867340680693,8.28267182456859e-05
1417,2.783640520678996,8.303948696067143e-05
1418,2.761306991881165,8.308848623625467e-05
1419,2.955740259447546,8.264990135447656e-05
1420,3.1402739622296565,8.220887657163182e-05
1421,3.308892014730733,8.178522182160617e-05
1422,3.457346286632305,8.139621295178692e-05
1423,3.5843003554687787,8.105186541307349e-05
1424,3.9990534850672717,7.985414406345134e-05
1425,3.980953385445819,7.990868105835246e-05
1426,3.8512153242321006,8.029361297636728e-05
1427,3.670221068229411,8.08128029279504e-05
1428,3.4758815126850724,8.134660475333322e-05
1429,3.300207570880629,8.180751719909674e-05
1430,3.1979899123840507,8.20660653869224e-05
1431,3.208353576165476,8.204017819125717e-05
1432,3.2782114808015925,8.186375745504476e-05
1433,3.1544421676299135,8.217403248156051e-05
1434,2.932171997051912,8.270450153296747e-05
1435,2.811457927210088,8.297795330264162e-05
1436,2.8810200153281276,8.282164622376478e-05
1437,2.8830971480819696,8.28169256361058e-05
1438,2.8258460433614134,8.294590756715154e-05
1439,2.7217720175241054,8.317434077073986e-05
1440,2.747193978232074,8.311926406777776e-05
1441,2.9386039671473703,8.26896397883473e-05
1442,3.1240361823438048,8.224863911834392e-05
1443,3.2981475998043006,8.181279818549693e-05
1444,4.119998651069564,7.948455636640602e-05
1445,4.100250155054619,7.954551503725912e-05
1446,3.962832229625395,7.996307804587538e-05
1447,3.7928694531368934,8.046326863574687e-05
1448,3.6447389294459103,8.088420550311293e-05
1449,3.5595158898853656,8.111992685948122e-05
1450,3.555012898390324,8.113224929211109e-05
1451,3.6110394235984464,8.097798431206562e-05
1452,3.4799467325936453,8.133569388062928e-05
1453,3.2603943729929017,8.190907072755137e-05
1454,3.016385989498606,8.250759835862299e-05
1455,2.827599424721567,8.294199220792043e-05
1456,2.8590991593822404,8.287127667217744e-05
1457,2.841191629284182,8.291156552668949e-05
1458,2.77984625251174,8.30478368855381e-05
1459,2.681098612633758,8.326148403127173e-05
1460,2.7425575353172493,8.312934383260736e-05
1461,2.933475232528772,8.27014926422898e-05
1462,4.255994434772395,7.905838738873699e-05
1463,4.239265712816687,7.911140690546139e-05
1464,4.126642300422433,7.946399586454677e-05
1465,4.014144687278298,7.980851825539626e-05
1466,3.94731446829364,8.000949780635369e-05
1467,3.9416695368988153,8.002634682794323e-05
1468,3.9704946982056204,7.994010134277865e-05
1469,3.79691111493079,8.04515862108057e-05
1470,3.589095897622465,8.103864962386538e-05
1471,3.3483225134169494,8.16833485732647e-05
1472,3.079608340993809,8.23564948680557e-05
1473,2.8021996327056224,8.299849501939853e-05
1474,2.825610903073841,8.294643247543261e-05
1475,2.808222523667752,8.29851388195347e-05
1476,2.7541633111196395,8.310408326479413e-05
1477,2.66693121892371,8.329155511463406e-05
1478,4.398610101220443,7.859969174686793e-05
1479,4.398775641459852,7.859915241933376e-05
1480,4.3388792685850985,7.879325448628712e-05
1481,4.296692742636688,7.892870700027294e-05
1482,4.29816067164866,7.892401134010388e-05
1483,4.240210308544783,7.910841756244194e-05
1484,4.091482832859449,7.957250154862654e-05
1485,3.903459373062701,8.01398733517983e-05
1486,3.6759716737318002,8.079663106119674e-05
1487,3.412052395701727,8.151647294533173e-05
1488,3.119947467982532,8.225862255894255e-05
1489,2.8142025382882134,8.297185188735531e-05
1490,2.8044317234867067,8.299354823937037e-05
1491,2.796039504027614,8.301212854701537e-05
1492,4.539321087253236,7.813557879957378e-05
1493,4.563301035740166,7.805536170804821e-05
1494,4.558978350880153,7.806984577027084e-05
1495,4.550235240926477,7.80991092428943e-05
1496,4.471277993010658,7.836142195481774e-05
1497,4.35154826306932,7.875237324178487e-05
1498,4.1894682749403165,7.926824618546713e-05
1499,3.9836779509588616,7.990048470360355e-05
1500,3.7352480123708056,8.06286879698162e-05
1501,3.4498515021085714,8.141620713358317e-05
1502,3.139091275481343,8.221177887705027e-05
1503,2.8204610931576783,8.295791854008031e-05
1504,4.669496857982995,7.769625115815792e-05
1505,4.708278318036635,7.756355180597602e-05
1506,4.703639325459623,7.75794686066381e-05
1507,4.656981607173801,7.773889818117334e-05
1508,4.568277664388102,7.803867345928019e-05
1509,4.435892633653846,7.847782605754678e-05
1510,4.257678276563263,7.905304146572853e-05
1511,4.0330075146828275,7.975129207630665e-05
1512,3.7650229148850176,8.054347570003334e-05
1513,3.462278659065215,8.138303417845263e-05
1514,4.781361238171951,7.731125019534002e-05
1515,4.809505975491402,7.721331616217102e-05
1516,4.794519139134308,7.726551827556235e-05
1517,4.736995803066691,7.746475781038807e-05
1518,4.635689153830569,7.781125542726108e-05
1519,4.488152745992852,7.830565820633364e-05
1520,4.292492032533512,7.894213735481951e-05
1521,4.049594307034934,7.970079012794917e-05
1522,4.869033586363011,7.700478297946858e-05
1523,4.884392961470049,7.695067111919132e-05
1524,4.856971814141619,7.704718952746089e-05
1525,4.786287417886026,7.729413957390421e-05
1526,4.67010812118983,7.769416600151956e-05
1527,4.505812812436095,7.824712553374145e-05
1528,4.928880726247669,7.679323596170202e-05
1529,4.9301307546355035,7.678879728566018e-05
1530,4.8886571489307284,7.693562603132878e-05
1531,4.802903405620895,7.723632909327417e-05
1532,4.959122048238106,7.668562404015655e-05
1533,4.945483454784228,7.673421529137833e-05
1534,3.7576037337339008,8.056476169784976e-05
1535,3.6558293774580637,8.085318122245506e-05
1536,3.5267161076213425,8.120937734647687e-05
1537,3.37283802783668,8.161947918049405e-05
1538,3.1977495120256094,8.206666500033398e-05
1539,3.0083715656772267,8.252655266764977e-05
1540,2.828480754768235,8.294002333498358e-05
1541,2.8575355464184824,8.287480368050663e-05
1542,2.9241460185816646,8.272300520457326e-05
1543,2.8398083722934846,8.291466805769213e-05
1544,2.662997190434728,8.329987934677399e-05
1545,3.822529612894883,8.03772941244846e-05
1546,3.6926848016861844,8.074950875693667e-05
1547,3.5276916892253096,8.120672702396116e-05
1548,3.3422989110322243,8.16989794576617e-05
1549,3.1520461456658952,8.217993483064909e-05
1550,2.9964471409886237,8.255467050094972e-05
1551,2.974468962206883,8.260623233448442e-05
1552,3.0264939374414164,8.248362838046652e-05
1553,3.018519506074137,8.250254492169947e-05
1554,2.8898601715999046,8.280153434526707e-05
1555,2.7633995308334987,8.308391054358942e-05
1556,2.881805667789207,8.281986107589285e-05
1557,2.922024672584632,8.272788826228614e-05
1558,2.882489349678247,8.281830726550651e-05
1559,2.793496504065199,8.30177487176304e-05
1560,2.813340978468576,8.297376776348016e-05
1561,2.9989287389739934,8.254882714160076e-05
1562,3.187005364479482,8.209342267630607e-05
1563,3.3627659024884613,8.164576886873667e-05
1564,3.5205983778201735,8.122598277867201e-05
1565,3.918549413442643,8.009514833694013e-05
1566,3.772543507974323,8.052186278970815e-05
1567,3.5965732881024683,8.10180129746054e-05
1568,3.4232440407928957,8.148688575529115e-05
1569,3.293497841986938,8.182470778288372e-05
1570,3.249068845172055,8.193776147077723e-05
1571,3.2653108904103814,8.189658849057192e-05
1572,3.2610991078978135,8.190728253530369e-05
1573,3.1605689358403013,8.21589217488273e-05
1574,2.9770295933538935,8.260024252978982e-05
1575,2.866394237874932,8.285479820429058e-05
1576,2.9034607890928115,8.277048331481838e-05
1577,2.8924207406764872,8.279569848666774e-05
1578,2.8349333974992508,8.292559128506474e-05
1579,2.749004189047757,8.311532439247514e-05
1580,2.8058499802409393,8.299040322311895e-05
1581,2.9922072071497223,8.256464412378234e-05
1582,3.1818115259398616,8.210632907688757e-05
1583,4.039721096717691,7.97308715325604e-05
1584,3.9030009001927843,8.014122997471428e-05
1585,3.761780288891364,8.055278329076437e-05
1586,3.656294420244031,8.085187857039993e-05
1587,3.6084738109017174,8.098509350669089e-05
1588,3.60310391516405,8.099995930074564e-05
1589,3.5828431455422254,8.105587827378043e-05
1590,3.480509466275232,8.133418266136684e-05
1591,3.2982243299939147,8.181260153012493e-05
1592,3.075363390591101,8.23667281092213e-05
1593,2.9061289500940224,8.276437627901875e-05
1594,2.8858829993889494,8.28105895475307e-05
1595,2.859616231510654,8.287010993872286e-05
1596,2.802256793203434,8.299836838451364e-05
1597,2.726861502942188,8.31633518973345e-05
1598,2.8038662061851656,8.299480188310262e-05
1599,4.193966262603946,7.925414049810181e-05
1600,4.0963998452488015,7.955737235940507e-05
1601,4.015624124784205,7.980403785004726e-05
1602,3.971518505348894,7.993702858949314e-05
1603,3.9530896425445947,7.999223948728428e-05
1604,3.9144220578527373,8.010739548062992e-05
1605,3.8050778643566527,8.042794846308549e-05
1606,3.625248703706417,8.093853315626018e-05
1607,3.3963648478766824,8.155780433344575e-05
1608,3.141063345282601,8.22069388908543e-05
1609,2.9265864622818496,8.27173836705945e-05
1610,2.868798526346694,8.284935894595063e-05
1611,2.8403364229298727,8.291348384566904e-05
1612,2.7906992811375364,8.302392535482294e-05
1613,4.3753718545570575,7.867524392263564e-05
1614,4.323311779291375,7.884336020281616e-05
1615,4.28811072772486,7.895613401418584e-05
1616,4.2640837378114,7.903268980894675e-05
1617,4.215576758453057,7.918620105945469e-05
1618,4.107847739347645,7.952209124067394e-05
1619,3.938603408962403,8.00354902956715e-05
1620,3.7180455927833247,8.067765970827375e-05
1621,3.4580466638748755,8.139434260728983e-05
1622,3.1768850151835055,8.211855397128984e-05
1623,2.935667671447334,8.269642805159278e-05
1624,2.862268642538697,8.286412197022897e-05
1625,4.554889090617427,7.808353801586584e-05
1626,4.534208726495184,7.815263858397543e-05
1627,4.51386690244394,7.822037212021846e-05
1628,4.468384925384716,7.837096595605833e-05
1629,4.372745560855176,7.868376280473789e-05
1630,4.2220040127875516,7.916594108993697e-05
1631,4.01958717517706,7.979202929335515e-05
1632,3.7715041784494496,8.052485180097894e-05
1633,3.487647299684148,8.131499575409704e-05
1634,3.1881667531133107,8.209053414316229e-05
1635,4.707008137449906,7.756791108112722e-05
1636,4.698245532607249,7.759796037313899e-05
1637,4.6662786368083164,7.770722583847191e-05
1638,4.590308127160198,7.796463122737728e-05
1639,4.463567399158741,7.838684796921301e-05
1640,4.2857170676201966,7.896377609464119e-05
1641,4.05893619608171,7.967227248328444e-05
1642,3.788912870800925,8.047469505148048e-05
1643,4.821399318811168,7.717180349517592e-05
1644,4.808640704178492,7.721633335531572e-05
1645,4.756472551565604,7.739749823069035e-05
1646,4.656512017331109,7.774049667402023e-05
1647,4.506634110829778,7.824439909898599e-05
1648,4.306536853064137,7.889719305435042e-05
1649,4.896597460661307,7.69075850941627e-05
1650,4.871060542337945,7.699764906846848e-05
1651,4.798764224818717,7.725074405940599e-05
1652,4.677770175967203,7.76680115404022e-05
1653,4.933719299123319,7.677605031851919e-05
1654,4.891206322513385,7.692662734023154e-05
1655,3.534209014116748,8.11890055322457e-05
1656,3.353335493053888,8.167032147411493e-05
1657,3.1662530113933793,8.214487961608932e-05
1658,3.0019282096371405,8.254175856555695e-05
1659,2.9437713366284037,8.267767877181367e-05
1660,2.9858936801629135,8.257947196995115e-05
1661,3.0212670105891277,8.249603247963797e-05
1662,3.003856222167052,8.25372116487296e-05
1663,2.919546652402383,8.27335882861745e-05
1664,3.6110404262745877,8.097798153285466e-05
1665,3.4432246451937476,8.143385464794197e-05
1666,3.306227523842509,8.179206776518285e-05
1667,3.2394325926918333,8.196210363354006e-05
1668,3.2402368249009688,8.196007449478758e-05
1669,3.2594588124909247,8.191144409114187e-05
1670,3.2513689555927177,8.193194175057398e-05
1671,3.188195518777725,8.209046258719127e-05
1672,3.087358968680112,8.233777806960737e-05
1673,3.0375096653908864,8.245742393237637e-05
1674,3.0286439822577873,8.247852050275078e-05
1675,3.002807168275156,8.25396860035525e-05
1676,2.9564986964133566,8.264813775810806e-05
1677,2.924695297304362,8.272174031640891e-05
1678,3.000360905870252,8.254545287688141e-05
1679,3.1672210474614944,8.21424859195512e-05
1680,3.7731915152828686,8.051999883376478e-05
1681,3.6629119220312996,8.083332676580975e-05
1682,3.599626422629327,8.10095761754129e-05
1683,3.5827622725494424,8.105610094078215e-05
1684,3.5861382305966707,8.104680229032129e-05
1685,3.571347816904143,8.108748518656689e-05
1686,3.5029261567139267,8.127381150402578e-05
1687,3.372904172631029,8.161930630682846e-05
1688,3.215895069481908,8.202129396638774e-05
1689,3.094847238992025,8.231965500639406e-05
1690,3.032883249237477,8.246843972962246e-05
1691,2.987760282758033,8.257509102651792e-05
1692,2.941051531439709,8.268397672187494e-05
1693,2.9184691304658164,8.273606547586249e-05
1694,4.014327347814936,7.980796514978506e-05
1695,3.9584534410563923,7.997619190973995e-05
1696,3.934716041519636,8.004707434001861e-05
1697,3.9264648444809684,8.007163097686338e-05
1698,3.9014758425139897,8.014574167721369e-05
1699,3.8252738913391773,8.036931115291042e-05
1700,3.6846117053950347,8.077229325566334e-05
1701,3.494565387863138,8.129636721306738e-05
1702,3.2879910936883534,8.183879336988232e-05
1703,3.1220016171710423,8.225360838223177e-05
1704,3.0325231452632377,8.246929653014787e-05
1705,2.982160785324813,8.258822575034001e-05
1706,4.2768091368074534,7.899218613032231e-05
1707,4.251293204654886,7.907330412156293e-05
1708,4.236802973100524,7.911919819174455e-05
1709,4.206108110451857,7.92160031446727e-05
1710,4.1281920430329,7.945919593464149e-05
1711,3.988561445317199,7.988578209779734e-05
1712,3.7937009740525713,8.046086597486377e-05
1713,3.5604352786535753,8.111740931119925e-05
1714,3.3202785339088714,8.175591177463175e-05
1715,3.1300293049653787,8.223398467445535e-05
1716,4.50959139270061,7.823457874302502e-05
1717,4.494153640150297,7.828578870364178e-05
1718,4.464629419403851,7.838334793190696e-05
1719,4.3927343314961576,7.861882463283378e-05
1720,4.263272090573466,7.903526994862505e-05
1721,4.077054003282131,7.961681262465056e-05
1722,3.8443068585609703,8.031381378980678e-05
1723,3.5812493217871695,8.10602657451977e-05
1724,4.687267089886297,7.76355489332535e-05
1725,4.66579501904894,7.770887456337651e-05
1726,4.606958778841672,7.790848977314497e-05
1727,4.494307246952073,7.828527982841737e-05
1728,4.325485689391463,7.883637175964328e-05
1729,4.105531656136893,7.952923557980969e-05
1730,4.803178310770998,7.723537139211246e-05
1731,4.764261385987546,7.737054321907542e-05
1732,4.673229479074593,7.76835151351167e-05
1733,4.5262003776179816,7.817933248466072e-05
1734,4.859560378572691,7.703809521432052e-05
1735,4.795748176576698,7.726124184091033e-05
1736,3.3064747073846257,8.17914328734725e-05
1737,3.2310713766156542,8.198317333164498e-05
1738,3.224115586222196,8.200066488834287e-05
1739,3.2514872188562807,8.193164242392172e-05
1740,3.282929906019153,8.185172103640995e-05
1741,3.3030707269265664,8.180017235300085e-05
1742,3.3088147927523446,8.178542029791667e-05
1743,3.5946411502764315,8.102334894150502e-05
1744,3.571979539478911,8.108575049225775e-05
1745,3.582764580296117,8.105609458694013e-05
1746,3.605425159769606,8.099353558011422e-05
1747,3.616139636059693,8.09638390760548e-05
1748,3.592991108220827,8.102790391025335e-05
1749,3.52946474054488,8.120190863686697e-05
1750,3.443543868629305,8.143300521950329e-05
1751,3.3606743614376215,8.165121950087262e-05
1752,3.2948001495904786,8.182137361864336e-05
1753,3.246179032264698,8.194506811486394e-05
1754,3.218584336020123,8.201455046523458e-05
1755,3.928334747949608,8.006606962807337e-05
1756,3.926621508649201,8.00711651200669e-05
1757,3.937483782585641,8.003882765978218e-05
1758,3.9359874125853396,8.004328679374386e-05
1759,3.89489324818039,8.016519875611801e-05
1760,3.799950692639596,8.044279345321039e-05
1761,3.6633212749111297,8.083217823326505e-05
1762,3.512936249831526,8.124674524521835e-05
1763,3.385039943943212,8.158753876733275e-05
1764,3.297865193681729,8.181352194275621e-05
1765,4.239408598941496,7.911095475070201e-05
1766,4.240642590877264,7.910704935024839e-05
1767,4.230842337185934,7.913804070955217e-05
1768,4.1815023122075585,7.929319765813297e-05
1769,4.075068109282516,7.962290137653456e-05
1770,3.916174390381816,8.010219706941817e-05
1771,3.7244095034504685,8.065956516480057e-05
1772,3.5342776417282087,8.118881877509035e-05
1773,4.48971560297063,7.830048542149021e-05
1774,4.477733075586952,7.834010990272846e-05
1775,4.429027849648396,7.850032524591088e-05
1776,4.323575505398276,7.884251255334157e-05
1777,4.1606127229971275,7.935844815666915e-05
1778,3.9527406268952405,7.999328306255342e-05
1779,4.659773767382725,7.772939109809864e-05
1780,4.620663003019432,7.786216682836962e-05
1781,4.525333053206306,7.81822213235387e-05
1782,4.369277681279016,7.869500538382978e-05
1783,4.744132953700902,7.744013482232804e-05
1784,4.6672644759483655,7.770386456658594e-05
1785,3.581135301594389,8.1060579555588e-05
1786,3.617824566470372,8.095916225264488e-05
1787,3.670298140602153,8.08125863266167e-05
1788,3.723209868292265,8.066297808909727e-05
1789,3.756820271244839,8.056700743233132e-05
1790,3.9469617586580563,8.001055115770173e-05
1791,3.9827543207114187,7.99032637909743e-05
1792,4.013389003693004,7.981080628594134e-05
1793,4.014268922035327,7.980814206832476e-05
1794,3.969961545061757,7.994170123807582e-05
1795,3.8852085934988754,8.019377554232881e-05
1796,3.781604709771912,8.049577440202785e-05
1797,3.6863838829539675,8.07672952956826e-05
1798,4.261955618179989,7.903945404334674e-05
1799,4.278093260958746,7.898809356954787e-05
1800,4.261253572993615,7.904168490724037e-05
1801,4.192060187991391,7.926011942836512e-05
1802,4.073429384734915,7.962792389236699e-05
1803,3.9257718886333945,8.007369136735939e-05
1804,4.488038569828227,7.830603605502102e-05
1805,4.465825389223714,7.837940567207552e-05
1806,4.387507509686132,7.863582757404817e-05
1807,4.25101207177186,7.907419572430736e-05
1808,4.604364889086204,7.791724584282744e-05
1809,4.529003713687009,7.816999236695718e-05
1810,4.050625051742177,7.969764623698693e-05
1811,4.1202735737267115,7.948370607754429e-05
1812,4.164754200405133,7.93455327538854e-05
1813,4.325790471107483,7.88353917599378e-05
1814,4.344699034868008,7.877448648363559e-05
1815,4.312762136592749,7.887723462720931e-05
1816,4.230676018678853,7.913856616534586e-05
1817,4.472811438154953,7.835636130015172e-05
1818,4.422825774093586,7.852062908275693e-05
1819,4.399110818586904,7.85980603688603e-05
1820,3.8168031925776456,8.039393660327322e-05
1821,3.807861495452176,8.04198818510887e-05
1822,3.7794279062349587,8.050204649183188e-05
1823,3.7274747560346935,8.065084041009042e-05
1824,3.647559621361482,8.087632252194581e-05
1825,3.537087258051291,8.118117026077433e-05
1826,3.3968214061126334,8.15566037937771e-05
1827,3.2310607418823567,8.198320009990608e-05
1828,3.046562159821539,8.243582590466304e-05
1829,2.850894130009465,8.2889765079708e-05
1830,2.9520882025881408,8.265838779181653e-05
1831,3.0426641465046287,8.244513308508691e-05
1832,3.08934384886274,8.233297808636006e-05
1833,3.8389027906654714,8.032959459473114e-05
1834,3.850455029928104,8.029583760543845e-05
1835,3.8381996377606935,8.033164656241401e-05
1836,3.796928464411136,8.045153603968811e-05
1837,3.722768023930802,8.066423488892836e-05
1838,3.614905454729542,8.096726358825295e-05
1839,3.4761423246649654,8.134590507561808e-05
1840,3.312155555275458,8.177683014723605e-05
1841,3.1299113918426906,8.223427323746352e-05
1842,2.936021789604164,8.269560970943483e-05
1843,3.03337811765978,8.246726213355909e-05
1844,3.092200054612313,8.232606617520403e-05
1845,3.1075967085816716,8.22887088698275e-05
1846,3.0817458380344664,8.235133726885333e-05
1847,3.0241146378872683,8.248927711363446e-05
1848,3.0664787839352674,8.238810533050644e-05
1849,3.241413696127662,8.195710436028059e-05
1850,3.4169524740051345,8.150352901966528e-05
1851,3.574487409170737,8.107886135727688e-05
1852,3.704926134105923,8.071487996474552e-05
1853,3.801693474280539,8.043774935652184e-05
1854,3.8610835482249772,8.026470531556362e-05
1855,3.8817744038410686,8.020389474015632e-05
1856,3.8610211372055936,8.026488833364985e-05
1857,3.902207336139484,8.014357782205234e-05
1858,3.9302569895212836,8.006035034103414e-05
1859,3.9290007445413715,8.006408833534766e-05
1860,3.8937046408681932,8.01687091863558e-05
1861,3.822272697027997,8.037804123546758e-05
1862,3.7160250268793567,8.068339933801037e-05
1863,3.5792319708130513,8.106581670894904e-05
1864,3.417687133222447,8.1501586973255e-05
1865,3.2370224218533736,8.1968182020611e-05
1866,3.0847426715002064,8.234410079057857e-05
1867,3.1527352690624397,8.217823765478363e-05
1868,3.190164025099808,8.208556447709027e-05
1869,3.2147638598083885,8.202412905832983e-05
1870,3.264555598346247,8.189850712860886e-05
1871,3.3832160123798842,8.15923195705791e-05
1872,3.5405486902607066,8.11717401641667e-05
1873,3.7001679790399185,8.07283515337721e-05
1874,3.843565810864242,8.03159788697193e-05
1875,3.956742557249143,7.998131252913433e-05
1876,4.025920190686651,7.977281934607953e-05
1877,4.038567557605655,7.973438219606804e-05
1878,3.9878767527942705,7.988784437358347e-05
1879,3.9990534850672717,7.985414406345134e-05
1880,4.038743836029074,7.973384576589795e-05
1881,4.043998059545652,7.971784795547692e-05
1882,4.011693101140548,7.981593979400139e-05
1883,3.941808062178184,8.002593359472511e-05
1884,3.837177562223201,8.033462866393868e-05
1885,3.7022563624566875,8.072244057974401e-05
1886,3.5415035849051706,8.116913732030916e-05
1887,3.3582126482708414,8.165763102842748e-05
1888,3.3587852957138336,8.165613993468998e-05
1889,3.436738594248627,8.145109875921315e-05
1890,3.521742197339835,8.122287997700461e-05
1891,3.6316938963945473,8.092059503370618e-05
1892,3.7620755817896785,8.055193596454684e-05
1893,3.903674190855589,8.013923765979499e-05
1894,4.04196508751387,7.972403986318549e-05
1895,4.160601672869428,7.935848260321728e-05
1896,4.239048135277084,7.911209539349106e-05
1897,4.252206469140885,7.907040741254523e-05
1898,4.182382844887962,7.929044147281412e-05
1899,4.119998651069564,7.948455636640602e-05
1900,4.166916449222541,7.9338785568905e-05
1901,4.1755006588810355,7.931197123029438e-05
1902,4.1445510098586205,7.940843956515528e-05
1903,4.0755943057638175,7.962128829248293e-05
1904,3.9718376905872645,7.993607048548803e-05
1905,3.8366458892203084,8.033617966033756e-05
1906,3.672328414957649,8.080687913149796e-05
1907,3.698703350901467,8.073249533211048e-05
1908,3.800980937600317,8.043981187034837e-05
1909,3.9102053558608794,8.011989672640012e-05
1910,4.033868832586951,7.974867377531576e-05
1911,4.161317044099188,7.935625242563217e-05
1912,4.287085165102564,7.895940867425881e-05
1913,4.400637814772906,7.859308439445358e-05
1914,4.483080107125495,7.832243816433687e-05
1915,4.502610634079679,7.825775202942659e-05
1916,4.425091346300049,7.851321481166172e-05
1917,4.255994434772395,7.905838738873699e-05
1918,4.306392943573044,7.889765416256014e-05
1919,4.31585343806651,7.886731536748374e-05
1920,4.2847743562866265,7.896678489853185e-05
1921,4.215334386164871,7.918696458198474e-05
1922,4.110050384872707,7.951529379409296e-05
1923,3.990562772571646,7.987975248880244e-05
1924,4.077311595557525,7.961602267012903e-05
1925,4.185871081972893,7.927951824808984e-05
1926,4.304505579215598,7.890370044134632e-05
1927,4.426592955681077,7.850829904134482e-05
1928,4.546606766054989,7.811124121914414e-05
1929,4.655943372634936,7.774243218834668e-05
1930,4.740513654111884,7.745262477635881e-05
1931,4.769467539936662,7.735250783587792e-05
1932,4.694523282051743,7.76107122190223e-05
1933,4.398610101220443,7.859969174686793e-05
1934,4.448882898306192,7.84351765697466e-05
1935,4.456634229457344,7.840968133418325e-05
1936,4.42325399638347,7.851922791694652e-05
1937,4.3507190053369325,7.875505201971942e-05
1938,4.345451076988205,7.877205979919473e-05
1939,4.429707837551207,7.849809781017552e-05
1940,4.53806642268191,7.813976694239657e-05
1941,4.657806045694511,7.773609148183509e-05
1942,4.7807560690078885,7.731335129053836e-05
1943,4.893613125633249,7.691812807380225e-05
1944,4.986404457019544,7.658813250236767e-05
1945,5.0312862878447095,7.642691320635316e-05
1946,4.968705039516621,7.665142402971364e-05
1947,4.539321087253236,7.813557879957378e-05
1948,4.585685919063484,7.798018856433481e-05
1949,4.58875360353524,7.796986474698048e-05
1950,4.576217527301742,7.801201972402989e-05
1951,4.628571294367011,7.783538769963785e-05
1952,4.713810013872549,7.754455666572834e-05
1953,4.822761946138142,7.71670425256919e-05
1954,4.943788922555832,7.674024575094352e-05
1955,5.073330618400764,7.627494875546096e-05
1956,5.185707208534621,7.586438623851753e-05
1957,5.263718619313786,7.557568024784007e-05
1958,5.22958409207727,7.570237426004783e-05
1959,4.669496857982995,7.769625115815792e-05
1960,4.710645302181287,7.755542593210164e-05
1961,4.747898112429066,7.74271339624284e-05
1962,4.808463614064863,7.721695081738251e-05
1963,4.897428225591006,7.690464935388267e-05
1964,5.009369966223151,7.650576818215871e-05
1965,5.134161171904137,7.605349466057518e-05
1966,5.260956057149629,7.558595499460517e-05
1967,5.402350841254571,7.505533571361255e-05
1968,5.466439737302229,7.481169579496913e-05
1969,4.781361238171951,7.731125019534002e-05
1970,4.828356422232908,7.71474852194572e-05
1971,4.8881694361146675,7.693734728712505e-05
1972,4.97315895558496,7.66355125337151e-05
1973,5.081586857468028,7.624500167654687e-05
1974,5.203866281428688,7.57974506430739e-05
1975,5.325514582828714,7.534487491457081e-05
1976,5.443465332928853,7.489925649106077e-05
1977,4.869033586363011,7.700478297946858e-05
1978,4.912586441582371,7.685101971313766e-05
1979,4.978205531238836,7.661747132944362e-05
1980,5.0681449763407125,7.62937404280466e-05
1981,5.17311199191582,7.591071698783763e-05
1982,5.272921644081164,7.554142476110097e-05
1983,4.928880726247669,7.679323596170202e-05
1984,4.962879863557196,7.6672218752856e-05
1985,5.021780929164335,7.646114383686563e-05
1986,5.098696249399722,7.618283230870969e-05
1987,4.959122048238106,7.668562404015655e-05
1988,4.9795804516936135,7.661255378101982e-05
1989,3.9243774175854074,8.007783668830421e-05
1990,3.9602719072389743,7.997074730363151e-05
1991,3.945042397790851,8.001628188313118e-05
1992,3.8837179132877897,8.019816889825968e-05
1993,3.782172800608883,8.049413704684798e-05
1994,3.647979884312661,8.08751475708687e-05
1995,3.4902795250907586,8.130791163096103e-05
1996,3.3211731120130024,8.175360530885794e-05
1997,3.172879543632119,8.212848099483842e-05
1998,3.136724577815589,8.221758382289993e-05
1999,3.1542963053076694,8.21743919117874e-05
2000,4.0212988372519805,7.978683974204009e-05
2001,4.06748257938488,7.964613642990913e-05
2002,4.055104488305641,7.968397586839478e-05
2003,3.993412464109398,7.987116264513488e-05
2004,3.892341292569328,8.017273460350557e-05
2005,3.7617328511690267,8.055291940541166e-05
2006,3.612342717962635,8.097437129462414e-05
2007,3.461590508105373,8.138487381868728e-05
2008,3.3550172164924636,8.166594741599304e-05
2009,3.336227113347631,8.17147105394518e-05
2010,3.359735740386088,8.165366462074325e-05
2011,3.419258318778397,8.149743238312644e-05
2012,3.5204000643948836,8.122652064890776e-05
2013,3.657564080394096,8.084832135314883e-05
2014,3.806094421992268,8.042500317867509e-05
2015,3.9459525858118,8.00135645784583e-05
2016,4.060882037148347,7.966632575615982e-05
2017,4.133576694025343,7.94425070527912e-05
2018,4.145553649394462,7.940532344887619e-05
2019,4.085001020210463,7.959242296977061e-05
2020,4.1423281245994445,7.941534593256211e-05
2021,4.194384822597234,7.925282727728196e-05
2022,4.183406448312907,7.928723687166484e-05
2023,4.12357592261276,7.947348889378626e-05
2024,4.027446152365521,7.976818695130516e-05
2025,3.9066345460083727,8.013047438546753e-05
2026,3.7774272474312727,8.050780838135641e-05
2027,3.6770604129087565,8.079356689264044e-05
2028,3.6590760316633264,8.084408394050975e-05
2029,3.710054298949825,8.070034443903224e-05
2030,3.800153984431506,8.044220516964771e-05
2031,3.914950945644126,8.010582670233005e-05
2032,4.042151103036708,7.972347341342979e-05
2033,4.170119458367759,7.932878557283094e-05
2034,4.283935803905563,7.896946082262985e-05
2035,4.362908738132571,7.871563473724116e-05
2036,4.378087353012993,7.86664314713322e-05
2037,4.303791231352124,7.890598834844548e-05
2038,4.278394242054727,7.898713418840208e-05
2039,4.33346465508307,7.881069812946247e-05
2040,4.324851222985475,7.883841165772992e-05
2041,4.2705457149798285,7.901213395587681e-05
2042,4.185645794967848,7.928022394273273e-05
2043,4.089053797385585,7.957997002873295e-05
2044,4.019668310775499,7.979178334084409e-05
2045,4.0263431926944,7.977153537336457e-05
2046,4.0971789850896085,7.955497366725497e-05
2047,4.19739285738787,7.924338655996016e-05
2048,4.312258129493614,7.887885133516138e-05
2049,4.428426498611418,7.85022948690341e-05
2050,4.535388233327734,7.814870391799822e-05
2051,4.61582544236922,7.787853067097663e-05
2052,4.637909769540256,7.780372093416043e-05
2053,4.560560847577909,7.80645445028585e-05
2054,4.421054728126299,7.85264229150986e-05
2055,4.477707313176315,7.834019500701989e-05
2056,4.4744851115365085,7.835083633227146e-05
2057,4.432821492336726,7.848789501325197e-05
2058,4.376753273308162,7.867076141923553e-05
2059,4.3466411660329225,7.876821895256473e-05
2060,4.37995130408676,7.86603800176122e-05
2061,4.463801969671617,7.838607496460144e-05
2062,4.570396772666635,7.803156317803434e-05
2063,4.681865601892426,7.765401852835815e-05
2064,4.786835157580424,7.72922362432189e-05
2065,4.870817737148313,7.699850374090714e-05
2066,4.903911704592247,7.688172566789648e-05
2067,4.8332657506216075,7.713030928308635e-05
2068,4.561809222345885,7.806036152944441e-05
2069,4.619612032902022,7.786572301471665e-05
2070,4.628448385370659,7.783580416114932e-05
2071,4.6178518094708645,7.78716777372531e-05
2072,4.627092409128757,7.784039815718981e-05
2073,4.683372304231633,7.76488681941066e-05
2074,4.7770819564564695,7.73261032492839e-05
2075,4.887622243913274,7.693927831037696e-05
2076,5.0025128694014525,7.653038924163942e-05
2077,5.0991034855188095,7.618135075326929e-05
2078,5.153995603630605,7.598088455068551e-05
2079,5.101133934944744,7.617396257507636e-05
2080,4.692076636083426,7.761908990333307e-05
2081,4.75157774765701,7.741442097045789e-05
2082,4.784761629686043,7.729944065466665e-05
2083,4.82835406673975,7.714749345737044e-05
2084,4.904741840859919,7.687878894941421e-05
2085,5.008958614357235,7.65072458638439e-05
2086,5.126293679926221,7.608224141462425e-05
2087,5.254785569076375,7.560889132164461e-05
2088,5.355092058410668,7.523375267882288e-05
2089,5.34949764916098,7.525480294830153e-05
2090,4.8041115301037625,7.723211998519976e-05
2091,4.86610404519876,7.701508970584378e-05
2092,4.9303529397107075,7.678800825183534e-05
2093,5.0192715252188576,7.64701729390003e-05
2094,5.131394632457953,7.606360676668377e-05
2095,5.254673762728853,7.560930674554094e-05
2096,5.394419123890919,7.508535449411108e-05
2097,5.509953636166168,7.464518216181259e-05
2098,4.892012257680412,7.69237816408789e-05
2099,4.954805911012452,7.670101195965329e-05
2100,5.038084110590952,7.640240450082494e-05
2101,5.143659672598013,7.60187470291765e-05
2102,5.258097027991366,7.559658460674681e-05
2103,5.357293733090579,7.522546426296397e-05
2104,4.952079142794996,7.671072844633541e-05
2105,5.010291053174603,7.650245908470658e-05
2106,5.0929978753665575,7.620355461774464e-05
2107,5.185509822982649,7.586511291729603e-05
2108,4.982454918881357,7.660226977824275e-05
2109,5.029017970215478,7.643508607021313e-05
2110,4.20623498718094,7.921560416097622e-05
2111,4.272100154252667,7.900718552302851e-05
2112,4.259915797711006,7.904593509914245e-05
2113,4.188445686923907,7.927145132828267e-05
2114,4.080194552069933,7.960717878456041e-05
2115,3.95421652956986,7.998886951772179e-05
2116,3.8292584594803385,8.035771173376114e-05
2117,3.728065044211578,8.064915955420135e-05
2118,3.6716640656195465,8.080874694247456e-05
2119,4.342425223210142,7.878182159298112e-05
2120,4.410770810520659,7.85600301418935e-05
2121,4.400669820831961,7.859298008287369e-05
2122,4.336843280567145,7.879981560987945e-05
2123,4.244187361389532,7.90958256430594e-05
2124,4.145167369206733,7.940652404594904e-05
2125,4.065458443635538,7.965233056416178e-05
2126,4.031455623480628,7.975600848400672e-05
2127,4.0527616750221975,7.969112721299412e-05
2128,4.122574885767195,7.947658671425198e-05
2129,4.2197733496263075,7.917297537276489e-05
2130,4.327310967405608,7.883050191971657e-05
2131,4.42802894070442,7.850359688801618e-05
2132,4.500883548299223,7.826348097991642e-05
2133,4.515656128680378,7.821442381771807e-05
2134,4.439904791304392,7.846466373858621e-05
2135,4.485092325352698,7.831578363377216e-05
2136,4.55475497711308,7.808398691441588e-05
2137,4.551304560017276,7.809553250835052e-05
2138,4.503281012207026,7.825552784796476e-05
2139,4.439428247982236,7.846622757514092e-05
2140,4.389719637662704,7.862863341740182e-05
2141,4.382090645733209,7.865343200062448e-05
2142,4.423955960400821,7.851693082513087e-05
2143,4.500036501818847,7.826629011464587e-05
2144,4.592564339464458,7.795703297021485e-05
2145,4.684604332195404,7.764465584675816e-05
2146,4.756799812325787,7.739636633299005e-05
2147,4.777416194569358,7.732494349075484e-05
2148,4.701632793838536,7.758634954559573e-05
2149,4.625820718161618,7.784470566943723e-05
2150,4.696665711304087,7.760337352109827e-05
2151,4.706401830328,7.756999162311967e-05
2152,4.686846723484406,7.76369868899219e-05
2153,4.672374489171007,7.768643311187465e-05
2154,4.691670275316526,7.762048102562233e-05
2155,4.751061351937105,7.741620554034349e-05
2156,4.836312089232396,7.711964478992666e-05
2157,4.925391368711938,7.680562184898524e-05
2158,5.002205456854223,7.653149246756337e-05
2159,5.035395592080969,7.641210045219799e-05
2160,4.9693554421070605,7.66491011265169e-05
2161,4.756196987514036,7.739845127980371e-05
2162,4.8287601919573335,7.714607306370367e-05
2163,4.8607656414496825,7.703385959131403e-05
2164,4.886211314652622,7.694425670329782e-05
2165,4.9339956939636895,7.677506824916775e-05
2166,5.011440974694782,7.649832726249182e-05
2167,5.112117182553427,7.613396182680621e-05
2168,5.204384235275485,7.579553903525423e-05
2169,5.26645101525003,7.556551403570208e-05
2170,5.224512245801531,7.572115020369572e-05
2171,4.868588396564645,7.700634954180453e-05
2172,4.943631701345298,7.674080518987751e-05
2173,5.0056891978120115,7.651898734685152e-05
2174,5.081276868202269,7.624612669700638e-05
2175,5.178348211825234,7.589146544322955e-05
2176,5.288336035868931,7.548395701426663e-05
2177,5.412987794763428,7.501503190014711e-05
2178,5.455596350282885,7.485305311281982e-05
2179,4.95704783597747,7.669302024610261e-05
2180,5.033809931382945,7.641781728817862e-05
2181,5.121547015847107,7.609957003608719e-05
2182,5.22758050800573,7.570979302759508e-05
2183,5.341017953370515,7.528668122849524e-05
2184,5.453836005893971,7.485976199692607e-05
2185,5.017687233253344,7.647587172213794e-05
2186,5.091667882760665,7.620838880995884e-05
2187,5.1853009719085765,7.586588178556318e-05
2188,5.2821462582165735,7.550704753956761e-05
2189,5.048423106947746,7.636508316051651e-05
2190,5.111529614334521,7.613610327893661e-05
2191,4.5821902016962275,7.799194643583189e-05
2192,4.658211112531724,7.773471234411581e-05
2193,4.648500232298686,7.776775015817996e-05
2194,4.589216588447793,7.796830618539744e-05
2195,4.511829569566718,7.822714304441946e-05
2196,4.440929257349129,7.846130138305044e-05
2197,4.398267940374487,7.860080645130547e-05
2198,4.722412290800182,7.751498431163257e-05
2199,4.798712817772099,7.72509230298748e-05
2200,4.800171708374851,7.724584343993909e-05
2201,4.764409463746599,7.737003044440057e-05
2202,4.725619963185234,7.750394684015395e-05
2203,4.710434846825388,7.755614855103382e-05
2204,4.731724147309197,7.748292708874456e-05
2205,4.7808759779335634,7.731293499278004e-05
2206,4.845057952566589,7.708900012462226e-05
2207,4.900864361713767,7.689250294040797e-05
2208,4.9146438614049615,7.68437312600825e-05
2209,4.8403922362830825,7.710535342337271e-05
2210,4.852487353056602,7.706293619558913e-05
2211,4.929879038360608,7.678969116078925e-05
2212,4.950733288807475,7.671552279419998e-05
2213,4.952379183285262,7.670965948059259e-05
2214,4.9672077480092,7.665677074837081e-05
2215,5.009961032667706,7.650364476681006e-05
2216,5.0712649193380335,7.628243605244067e-05
2217,5.130924353474358,7.606532532293569e-05
2218,5.158300025460899,7.596510088171888e-05
2219,5.095936233714656,7.619287124108459e-05
2220,4.965021501809472,7.6664575580386e-05
2221,5.044844780207278,7.637800626615116e-05
2222,5.094403009795731,7.619844633063538e-05
2223,5.144867512193533,7.601432524227542e-05
2224,5.213189983840116,7.576301945582688e-05
2225,5.298898116526359,7.544451302142487e-05
2226,5.363131523670793,7.520347613669145e-05
2227,5.3329676385179186,7.53169134174932e-05
2228,5.05403839891752,7.634479037392257e-05
2229,5.13666815510293,7.604432795255216e-05
2230,5.217068228521545,7.574868498202518e-05
2231,5.3101739529908745,7.540234393311343e-05
2232,5.424734336746786,7.497046184965477e-05
2233,5.534014923969862,7.455273231605326e-05
2234,5.115370101097251,7.612210308480746e-05
2235,5.197142354322523,7.582225454188537e-05
2236,5.2911381050646105,7.547349798150743e-05
2237,5.38394491745222,7.51249500626384e-05
2238,5.146572994282014,7.600808038911291e-05
2239,5.218307560105654,7.574410269523563e-05
2240,4.969279393100603,7.664937274576468e-05
2241,5.04310338321434,7.638429294172665e-05
2242,5.0436664940931415,7.63822602060455e-05
2243,5.01625508227258,7.648102213469208e-05
2244,4.9953835619228375,7.655596196652952e-05
2245,5.081293418724801,7.624606663268674e-05
2246,5.156877780283792,7.597031706516303e-05
2247,5.182334186896093,7.587680142491737e-05
2248,5.197132606082258,7.5822290485934e-05
2249,5.225719025425129,7.571668386006587e-05
2250,5.255789055316514,7.560516252849326e-05
2251,5.267848949509578,7.556031144333462e-05
2252,5.206535503993369,7.578759794726345e-05
2253,5.170480263072632,7.592038767977246e-05
2254,5.250095751959836,7.562631139906114e-05
2255,5.310061925417981,7.54027631931142e-05
2256,5.373918288136034,7.51628048829964e-05
2257,5.439564171527167,7.49141002093964e-05
2258,5.420738377886348,7.498563105461643e-05
2259,5.232339987240861,7.569216665038348e-05
2260,5.314289691861483,7.538693669919526e-05
2261,5.4006511173919325,7.506177107961123e-05
2262,5.494506749713671,7.470439273323526e-05
2263,5.263966571574278,7.557475786144819e-05
2264,5.337710759807998,7.529910484092861e-05
2265,5.295278888557064,7.545803508172741e-05
2266,5.360458333373381,7.521354676672157e-05
2267,5.377444356350938,7.514949791130006e-05
2268,5.357315325641708,7.522538296426665e-05
2269,5.430730879608086,7.494768407322774e-05
2270,5.4933112669079325,7.470897063019693e-05
2271,5.48262113654949,7.474987725249731e-05
2272,5.389215231533545,7.510503323176456e-05
2273,5.46056805945153,7.483409752376314e-05
2274,5.514639940733113,7.462719700132209e-05
2275,3.8168031925776456,8.039393660327322e-05
2276,5.636534372069532,7.415587285727597e-05
2277,5.634529455871118,7.416367940287501e-05
2278,5.63912938068425,7.414576600293841e-05
2279,5.6583426386255775,7.407084221991805e-05
2280,5.697250792380116,7.391861517528682e-05
2281,5.7553486682429975,7.36900718174054e-05
2282,5.8264615287039865,7.340834261072423e-05
2283,5.901039594938092,7.31105760485646e-05
2284,5.969367805711923,7.283572727454526e-05
2285,6.024119905670984,7.261410817943513e-05
2286,6.061365865890013,7.246265709042062e-05
2287,6.079954545721967,7.238686380330656e-05
2288,5.590799044214146,7.433350427467725e-05
2289,5.572185934098427,7.440552586330203e-05
2290,5.579692846228824,7.43764974823941e-05
2291,5.603399992002449,7.42846572901058e-05
2292,5.6462879360667575,7.411786980006022e-05
2293,5.708387684987762,7.387491957243292e-05
2294,5.784372128651148,7.357535130457325e-05
2295,5.865138225016336,7.325421106840726e-05
2296,5.9408132523717585,7.295082170711302e-05
2297,6.003451723268085,7.269790930096461e-05
2298,6.048388984576831,7.251548729619494e-05
2299,6.07398036572172,7.241123783663574e-05
2300,6.080228438646633,7.23857460092114e-05
2301,6.067416862023544,7.243799990701039e-05
2302,6.035072681474263,7.256962928275441e-05
2303,5.983546840014508,7.277845195739641e-05
2304,5.915424804920156,7.305287233853176e-05
2305,5.836704354094869,7.336758530034766e-05
2306,5.756598526335043,7.368513902473455e-05
2307,5.685734719486751,7.396374113474064e-05
2308,5.633219117309149,7.416878050005491e-05
2309,5.603820301108562,7.428302674824893e-05
2310,5.597271891665188,7.430842152756105e-05
2311,5.611697625678863,7.425245285098582e-05
2312,5.463688333491132,7.482219499868682e-05
2313,5.429587984778644,7.495202664449643e-05
2314,5.4589405425950215,7.484030401120465e-05
2315,5.522874138432309,7.459557122165398e-05
2316,5.6078183353494575,7.426751284957642e-05
2317,5.704439432821516,7.389041677193985e-05
2318,5.803015586431416,7.350146843568174e-05
2319,5.893997614185202,7.313879227928268e-05
2320,5.969783252634524,7.283405027068937e-05
2321,6.025830835633166,7.260716332472766e-05
2322,6.06047856434988,7.246627152608e-05
2323,6.073650983426145,7.241258127007107e-05
2324,6.06601681736945,7.244370624058865e-05
2325,6.036747911391162,7.256282197250757e-05
2326,5.98511139199243,7.277212702444961e-05
2327,5.9122284723248,7.306570129319395e-05
2328,5.822712659484248,7.3423248622171e-05
2329,5.725785357450978,7.380655101932116e-05
2330,5.635134817612664,7.416132249404465e-05
2331,5.567091024679885,7.442521273995481e-05
2332,5.536327141307048,7.454383417602496e-05
2333,5.549391105838891,7.449351399866775e-05
2334,5.297539565157479,7.544958954724428e-05
2335,5.274357646611551,7.553607595362027e-05
2336,5.3454181896596475,7.527014342753812e-05
2337,5.460152981768397,7.483568052755035e-05
2338,5.588103344633132,7.43439447240255e-05
2339,5.713429355486292,7.38551206844523e-05
2340,5.826075872403634,7.340987630821867e-05
2341,5.9193434431261425,7.303713851637196e-05
2342,5.989542443861645,7.275420843320566e-05
2343,6.03544358888604,7.256812219462238e-05
2344,6.057008614167911,7.248040340357259e-05
2345,6.053917220384282,7.249298950763343e-05
2346,6.026691066509029,7.260367110677589e-05
2347,5.972964751989184,7.28212054080763e-05
2348,5.89277009348942,7.314370866458974e-05
2349,5.790042058512884,7.355289750258461e-05
2350,5.675601453175594,7.40034001707075e-05
2351,5.5697461397504116,7.441495476934767e-05
2352,5.500856918943028,7.468006477361094e-05
2353,5.491194275390143,7.471707566547586e-05
2354,5.148916596973976,7.599949659612486e-05
2355,5.166094869573492,7.593649481877876e-05
2356,5.2909183216374975,7.547431848502857e-05
2357,5.448728847911008,7.487921780058101e-05
2358,5.603050728071383,7.428601215969836e-05
2359,5.739469502641118,7.375268284960265e-05
2360,5.851698212368053,7.330784292422388e-05
2361,5.937188679979475,7.296540723201016e-05
2362,5.99540671941594,7.273048179687187e-05
2363,6.026372595876352,7.260496401402544e-05
2364,6.027120275559559,7.260192856600331e-05
2365,6.001203844316646,7.270701312339534e-05
2366,5.944409873972935,7.293634330441445e-05
2367,5.856413168007854,7.328903674739513e-05
2368,5.742020484223928,7.374263179530688e-05
2369,5.617024288567789,7.423176291587398e-05
2370,5.514248782446377,7.46286985803461e-05
2371,5.47315360422444,7.478606126744608e-05
2372,5.0756661201061215,7.626648092308436e-05
2373,5.148348251489096,7.600157849834392e-05
2374,5.313756833154264,7.538893191181462e-05
2375,5.4892779352837575,7.472441070598583e-05
2376,5.645322920759463,7.412163170408333e-05
2377,5.773475606162504,7.361846440193076e-05
2378,5.87191912163438,7.322712329222994e-05
2379,5.940836143627223,7.295072957393323e-05
2380,5.98029144820287,7.279160916372359e-05
2381,5.988874085410526,7.2756911698608e-05
2382,5.957487086562242,7.288365538573268e-05
2383,5.896920236884077,7.312708425073331e-05
2384,5.802144946822275,7.350492204227175e-05
2385,5.682008432761887,7.397833014710691e-05
2386,5.565154271360498,7.443269331802577e-05
2387,5.502223160678759,7.467482816784173e-05
2388,5.114638408528077,7.612477098620586e-05
2389,5.229715527003924,7.570188752061803e-05
2390,5.402297610292305,7.505553727336937e-05
2391,5.5656870107015095,7.443063581846688e-05
2392,5.701169744121339,7.390324537763627e-05
2393,5.805615224863428,7.349115439959568e-05
2394,5.879541406774575,7.319665134914818e-05
2395,5.923063796554727,7.302219493949763e-05
2396,5.9341817911044314,7.297750304241828e-05
2397,5.895864581245142,7.313131361925462e-05
2398,5.829537336444037,7.339610831992833e-05
2399,5.729722483095153,7.379106073417081e-05
2400,5.618241677459895,7.422703252060283e-05
2401,5.5525280911475186,7.448141925976302e-05
2402,5.256805289867596,7.560138586316871e-05
2403,5.384074140125165,7.512446188004e-05
2404,5.532811005952142,7.455736440227085e-05
2405,5.661765176550001,7.40574785086566e-05
2406,5.761008743230657,7.366772789675894e-05
2407,5.829937405816038,7.339451671400718e-05
2408,5.868673583105268,7.324009071853395e-05
2409,5.874948955877571,7.321501371081893e-05
2410,5.8235362194696725,7.341997454867083e-05
2411,5.744625868149387,7.373236347190927e-05
2412,5.6405310296201705,7.414030571070528e-05
2413,5.581865249131601,7.436809228242457e-05
2414,5.4548225484988695,7.485600234261093e-05
2415,5.5708717933248675,7.441060486878788e-05
2416,5.68128161988327,7.39811750223485e-05
2417,5.765570707998312,7.364970882988255e-05
2418,5.819688013692202,7.343527066368944e-05
2419,5.84348512179741,7.334057941094343e-05
2420,5.835226637053898,7.33734680452791e-05
2421,5.789575004008436,7.355474763276312e-05
2422,5.658107991718329,7.407175823651725e-05
2423,5.551622639577675,7.44849107155934e-05
2424,5.659545506220675,7.406614607122664e-05
2425,5.75302466070763,7.369924213739529e-05
2426,5.823725123654728,7.341922351691675e-05
2427,5.86318983428751,7.32619907646244e-05
2428,5.87066373927426,7.323213964986352e-05
2429,5.846485502826831,7.332862352479893e-05
2430,5.790346537834513,7.355169132658753e-05
2431,5.6735842693141665,7.401128950233566e-05
2432,5.8375792176762,7.336410205963324e-05
2433,5.902893215264504,7.31031454138477e-05
2434,5.935954724649343,7.29703715150988e-05
2435,5.934712009431144,7.297537040450864e-05
2436,5.901999062104071,7.310672999733328e-05
2437,5.845413704102018,7.333289485412679e-05
2438,5.967880571205354,7.284173010526286e-05
2439,6.001037852077199,7.270768530430933e-05
2440,5.997775790081896,7.272089266520064e-05
2441,5.961232790190162,7.286855105394486e-05
2442,6.03669693247134,7.256302914237923e-05
2443,6.0351878603150295,7.256916128868108e-05
2444,5.527701570461942,7.457701561386558e-05
2445,5.520919039322632,7.460308315714426e-05
2446,5.549449716238234,7.449328806570191e-05
2447,5.607833747914148,7.426745302902913e-05
2448,5.688119844111816,7.395439977332683e-05
2449,5.779385470058698,7.35950878236246e-05
2450,5.869880357954219,7.323526961230136e-05
2451,5.949563778945783,7.29155866838864e-05
2452,6.011742758380558,7.266431323931664e-05
2453,6.053330828320404,7.249537647637216e-05
2454,6.07378979836751,7.24120150984654e-05
2455,5.384119023410666,7.5124292316309e-05
2456,5.405981924675576,7.504158340716126e-05
2457,5.4775455055692035,7.476928100905113e-05
2458,5.578409196359262,7.438146302156821e-05
2459,5.691029420880006,7.394300099576224e-05
2460,5.801094990521852,7.350908652123919e-05
2461,5.897892874121597,7.312318707477227e-05
2462,5.974650309470339,7.281439852705558e-05
2463,6.0282669726005915,7.259727274054615e-05
2464,6.058158472026113,7.247572097208359e-05
2465,6.064547309540442,7.244969485444637e-05
2466,6.04844877908895,7.251524402095503e-05
2467,6.008081320928807,7.267915316144646e-05
2468,5.943037531828235,7.294186837384288e-05
2469,5.85514386595641,7.329410043665597e-05
2470,5.750603729403468,7.370879242005047e-05
2471,5.641599298288346,7.413614355294686e-05
2472,5.546724243542016,7.450379263371648e-05
2473,5.487957916918149,7.472946225883547e-05
2474,5.4806092111673825,7.47575701221686e-05
2475,5.2537029143928935,7.56129137399929e-05
2476,5.3214504690469955,7.536011092345323e-05
2477,5.440707895553863,7.490974913672894e-05
2478,5.5776126895310645,7.438454377141224e-05
2479,5.710684020253175,7.386590313215851e-05
2480,5.827371786753111,7.340472239967666e-05
2481,5.920899351399106,7.30308895836486e-05
2482,5.9884106055260995,7.275878619846306e-05
2483,6.029326503662391,7.259297035659649e-05
2484,6.043580565196699,7.253504576776344e-05
2485,6.030241778275322,7.258925338395854e-05
2486,5.989892753440687,7.275279148655068e-05
2487,5.920323401491045,7.303320286543626e-05
2488,5.8229458039688335,7.34223217825116e-05
2489,5.705156128220401,7.388760419434075e-05
2490,5.584796805197432,7.435674647233501e-05
2491,5.492588673226856,7.471173735863765e-05
2492,5.459530701856402,7.483805359901018e-05
2493,5.190630058727287,7.584625641599861e-05
2494,5.305278423335739,7.542065965923423e-05
2495,5.456974414047789,7.484780013694594e-05
2496,5.608954628431861,7.426310228655914e-05
2497,5.743291275965639,7.373762372706063e-05
2498,5.852236510991227,7.330569632892309e-05
2499,5.932996424186876,7.298227039129474e-05
2500,5.984886698635322,7.27730354419162e-05
2501,6.0073237815968765,7.268222281528955e-05
2502,5.995265587178604,7.273105297663934e-05
2503,5.954100490598618,7.289730668075855e-05
2504,5.8795893983561145,7.319645941389387e-05
2505,5.774130999851959,7.361587272177968e-05
2506,5.6496909966092455,7.410460039262567e-05
2507,5.536661118405829,7.454254872475325e-05
2508,5.479531143329361,7.476169148820422e-05
2509,5.2195411637033615,7.573954083539261e-05
2510,5.360740484848043,7.521248398681666e-05
2511,5.517545089810786,7.46160425079893e-05
2512,5.660589282534659,7.406207051467966e-05
2513,5.778530241422698,7.359847162767873e-05
2514,5.867806791862653,7.324355320097791e-05
2515,5.92734458546752,7.300499316206361e-05
2516,5.955843321577594,7.289028195490444e-05
2517,5.942541385391739,7.294386567564793e-05
2518,5.898940344421809,7.311898961537752e-05
2519,5.819427695092634,7.34363051683898e-05
2520,5.710137052460252,7.386805098228205e-05
2521,5.596031684728892,7.431322888222977e-05
2522,5.529465128189157,7.457023421191826e-05
2523,5.330066826412445,7.53277995160399e-05
2524,5.469096197232023,7.480155554838962e-05
2525,5.605302980600659,7.427727422504807e-05
2526,5.720372142920899,7.382783780169527e-05
2527,5.808457006400508,7.347987635798128e-05
2528,5.8676934194304895,7.324400605488967e-05
2529,5.896026063033502,7.313066669031058e-05
2530,5.889465374786269,7.315694137829528e-05
2531,5.825976080662765,7.341027315476494e-05
2532,5.739595825511,7.375218519484172e-05
2533,5.635951016681969,7.415814445432161e-05
2534,5.575884371891349,7.439122761469039e-05
2535,5.491010314557621,7.471777987318622e-05
2536,5.606669040899754,7.427197328719381e-05
2537,5.706381382549795,7.388279532150795e-05
2538,5.781300014897326,7.35875115798066e-05
2539,5.828763838645964,7.339918535260286e-05
2540,5.846479187558689,7.332864869381119e-05
2541,5.829872500838696,7.339477493171156e-05
2542,5.745554518143734,7.372870276923027e-05
2543,5.641745744709232,7.413557293293167e-05
2544,5.579151195802551,7.437859283823121e-05
2545,5.6673993283805295,7.403546796659602e-05
2546,5.750686733480939,7.370846502102872e-05
2547,5.808662125291165,7.347906217898102e-05
2548,5.838125058652126,7.336192864727304e-05
2549,5.837745883141056,7.336343844974306e-05
2550,5.804496604345906,7.349559286811597e-05
2551,5.7020645593663355,7.389973504151213e-05
2552,5.5705829589341445,7.441172107598911e-05
2553,5.8287266123047745,7.339933343538859e-05
2554,5.877698628082886,7.320402054040508e-05
2555,5.895221044598947,7.313389165006092e-05
2556,5.881463350726507,7.318896406293269e-05
2557,5.838365264841537,7.336097216183645e-05
2558,5.77323501481813,7.361941574669636e-05
2559,5.950904570214564,7.291018504609118e-05
2560,5.965058690402358,7.28531173963348e-05
2561,5.945638757035031,7.293139514505567e-05
2562,5.898378502007904,7.312124110672406e-05
2563,6.0166413247120065,7.26444507205856e-05
2564,5.996227729739176,7.272715890531448e-05
2565,5.394272311413664,7.508590984748657e-05
2566,5.439944255812963,7.49126543216081e-05
2567,5.535863508633876,7.454561857665336e-05
2568,5.6568852106567515,7.407653134390388e-05
2569,5.778063301509809,7.360031899273847e-05
2570,5.88313288448799,7.3182285097036e-05
2571,5.9638672389913285,7.285792434690286e-05
2572,6.017442017315208,7.264120318154911e-05
2573,6.043765297930695,7.253429452970642e-05
2574,5.348652128976507,7.525798311321898e-05
2575,5.432275452866002,7.494181430048105e-05
2576,5.555013881274089,7.447183203675884e-05
2577,5.687418957573428,7.39571450617808e-05
2578,5.807293415062268,7.348449466418824e-05
2579,5.903098572887576,7.310232210568366e-05
2580,5.970294997846992,7.283198444962334e-05
2581,6.007697897572305,7.268070687478894e-05
2582,6.0137949197238285,7.265599339411054e-05
2583,5.990416083541462,7.27506746063709e-05
2584,5.935711055248371,7.297135173874279e-05
2585,5.85000512685809,7.331459371226849e-05
2586,5.737593100876152,7.376007420330039e-05
2587,5.611844331522306,7.425188318372841e-05
2588,5.5007610233151665,7.468043229523749e-05
2589,5.439950520151523,7.491263049072005e-05
2590,5.366387782876872,7.519120432494155e-05
2591,5.471834629915258,7.479109895907152e-05
2592,5.6003838132533765,7.42963558821817e-05
2593,5.725624628465498,7.380718325010196e-05
2594,5.830898079376485,7.339069456487825e-05
2595,5.908593693326018,7.308028485893186e-05
2596,5.9555686344697625,7.289138920280199e-05
2597,5.969813929749805,7.2833926435849e-05
2598,5.944799224259517,7.293477563323665e-05
2599,5.888367121326815,7.3161337980583e-05
2600,5.798502133681965,7.351936863963633e-05
2601,5.68408612255803,7.397019641273541e-05
2602,5.571041033916703,7.440995081700324e-05
2603,5.503517984816876,7.466986450025952e-05
2604,5.4403403192550455,7.491114757513209e-05
2605,5.546074211782594,7.450629749753414e-05
2606,5.659707175811867,7.406551484352578e-05
2607,5.762148404031655,7.366322725308641e-05
2608,5.841793567358,7.334731821946444e-05
2609,5.892549592273514,7.314459173490649e-05
2610,5.910178796981741,7.307392573538074e-05
2611,5.8809499694012235,7.319101760897703e-05
2612,5.821176694917204,7.34293540981253e-05
2613,5.729246059139205,7.379293554323132e-05
2614,5.626877937150977,7.419345562228906e-05
2615,5.564956518160607,7.443345703041244e-05
2616,5.550830230989262,7.448796596662214e-05
2617,5.639543186719387,7.414415406288341e-05
2618,5.723361029780331,7.381608596423237e-05
2619,5.790946626772793,7.354931399487923e-05
2620,5.834115380635594,7.337789131183842e-05
2621,5.846346832716464,7.332917617990679e-05
2622,5.805834836403203,7.349028296091459e-05
2623,5.736273260764079,7.376527228131793e-05
2624,5.644653429125148,7.412424132904371e-05
2625,5.5951973101650845,7.431646273797223e-05
2626,5.6781617676042675,7.399338403079983e-05
2627,5.7398508983636445,7.375118030243968e-05
2628,5.785390473596775,7.357131951825858e-05
2629,5.8088763128304794,7.347821198458457e-05
2630,5.8040558947591885,7.34973413710516e-05
2631,5.763306350144065,7.365865382350293e-05
2632,5.647294847321271,7.41139441315123e-05
2633,5.563713042181781,7.443825886148861e-05
2634,5.8031589898097895,7.350089955972894e-05
2635,5.833357655092379,7.338090707681007e-05
2636,5.838450280637488,7.336063362860213e-05
2637,5.815852508479192,7.345051001905968e-05
2638,5.762829198850027,7.366053845279334e-05
2639,5.656351962019922,7.407861266391255e-05
2640,5.904377459249693,7.30971944715467e-05
2641,5.901624611903261,7.310823103718007e-05
2642,5.87064086075119,7.323223106355936e-05
2643,5.816908374202652,7.344631544409614e-05
2644,5.961325213057165,7.286817829137891e-05
2645,5.9270398817374215,7.300621782399465e-05
2646,5.457927123494885,7.484416803103312e-05
2647,5.535879376381702,7.454555750747745e-05
2648,5.650696399074899,7.410067908359528e-05
2649,5.768317423104786,7.363885538573231e-05
2650,5.865833550681012,7.32514343275516e-05
2651,5.933455285394853,7.298042499657871e-05
2652,5.967969292128381,7.284137203198665e-05
2653,5.511925882629413,7.463761428092453e-05
2654,5.590681062654833,7.433396128616147e-05
2655,5.692755752266031,7.393623602708587e-05
2656,5.78992477564377,7.355336210079796e-05
2657,5.8638636008235965,7.325930067442988e-05
2658,5.906083985394599,7.30903511753663e-05
2659,5.909449902356468,7.307685004675556e-05
2660,5.876785535484225,7.320767143006281e-05
2661,5.809051305281959,7.347751735632701e-05
2662,5.713924734795961,7.385317470473604e-05
2663,5.613455842166188,7.424562495847111e-05
2664,5.547473449521127,7.4500905367864e-05
2665,5.588941850859262,7.434069753968451e-05
2666,5.654345802821403,7.408644176166786e-05
2667,5.7302905596081795,7.378882512738256e-05
2668,5.796054467530462,7.352907235398335e-05
2669,5.83660982401642,7.33679616493339e-05
2670,5.8431207747523874,7.334203099775413e-05
2671,5.801723988363995,7.350659176141776e-05
2672,5.733412184873248,7.377653778126558e-05
2673,5.651319840817978,7.40982472864169e-05
2674,5.603034554746067,7.428607489816062e-05
2675,5.676601664007005,7.399948761663009e-05
2676,5.719112098912497,7.383279092844628e-05
2677,5.758670884440591,7.367695859526597e-05
2678,5.7816199449808305,7.358624539749544e-05
2679,5.775710202042393,7.36096271849349e-05
2680,5.717183890622004,7.384036920850144e-05
2681,5.640943490796039,7.413869875161984e-05
2682,5.605360610605552,7.427705061127341e-05
2683,5.764321411723216,7.365464425458976e-05
2684,5.778334676603274,7.359924535667439e-05
2685,5.775759102398657,7.360943377330556e-05
2686,5.747605581317898,7.372061622983466e-05
2687,5.665678546727369,7.404219191519089e-05
2688,5.542227739202455,7.452111573120358e-05
2689,5.838482843738846,7.336050396139291e-05
2690,5.8222923535612345,7.34249194426174e-05
2691,5.782782263079527,7.358164493866004e-05
2692,5.722601558307391,7.381907245763804e-05
2693,5.882106640682538,7.318639072124266e-05
2694,5.839326003655511,7.335714631781336e-05
2695,5.602998730559927,7.428621386448473e-05
2696,5.65588855216367,7.408042129393363e-05
2697,5.732346742796862,7.378073205336929e-05
2698,5.79917782917596,7.35166894088312e-05
2699,5.836973240005025,7.336651477443922e-05
2700,5.661555037912438,7.405829917006372e-05
2701,5.69232461744069,7.393792563653004e-05
2702,5.733830580936945,7.377489056733323e-05
2703,5.761426219378783,7.366607930352927e-05
2704,5.754382631160968,7.369388399510631e-05
2705,5.716710044976134,7.384223127652316e-05
2706,5.663856098488112,7.404931169448096e-05
2707,5.637305509599802,7.415286979977991e-05
2708,5.716990464845016,7.384112932433108e-05
2709,5.719281519349417,7.383212499138694e-05
2710,5.715623187010606,7.384650192379327e-05
2711,5.689903945559085,7.394741068515386e-05
2712,5.623976405665161,7.420474020877283e-05
2713,5.60374854132782,7.428330513786938e-05
2714,5.762701788951884,7.366104167364573e-05
2715,5.735340407487684,7.376894578719738e-05
2716,5.687900114797383,7.395526044998114e-05
2717,5.6038411551807545,7.42829458451528e-05
2718,5.78982160663501,7.355377078422232e-05
2719,5.7410316450132015,7.374652823006887e-05
2720,5.66383632826108,7.404938892297759e-05
2721,5.661150580638658,7.405987865535035e-05
2722,5.673405138834167,7.401199000578444e-05
2723,5.681058592878417,7.398204794306187e-05
2724,5.645391594525857,7.412136400792927e-05
2725,5.598192821053247,7.430485132441655e-05
2726,5.5923621669806804,7.432744879396667e-05
2727,5.689515634554281,7.394893198479409e-05
2728,5.633996169037103,7.416575556040608e-05
2729,5.580774784715063,7.437231164324214e-05
