Mode_Index,Frequency_THz,Cv_Anharmonic_eV_K
0,0.0,0.0
1,0.2347182861716365,8.580861450255223e-05
2,0.44434062016439624,8.487484518222966e-05
3,0.6307010075720396,8.358126182636313e-05
4,0.8016912855083532,8.203193732482377e-05
5,0.9606005837681223,8.030262204556842e-05
6,1.108193041679613,7.8466801903516e-05
7,1.2444900730629536,7.659282313206095e-05
8,1.3689486036917478,7.474666604571946e-05
9,1.4798390285219454,7.300444844044207e-05
10,1.5733515597103251,7.147162290886759e-05
11,1.6430616805465688,7.029490991467601e-05
12,1.6809447284534982,6.964419860776103e-05
13,0.2392756970389047,8.579435183971062e-05
14,0.3895463528989378,8.517323885081293e-05
15,0.5566904095607674,8.414574395826854e-05
16,0.7147907011222634,8.286122039883538e-05
17,0.8628060574316357,8.13986260421551e-05
18,1.0020619580972105,7.980833622130085e-05
19,1.1339121445071785,7.812575141617016e-05
20,1.2592213294997543,7.638078374410354e-05
21,1.3775640876148696,7.461445414756848e-05
22,1.4862339398663693,7.290140174906831e-05
23,1.5794542344088074,7.136977326746192e-05
24,1.6485669884929177,7.02007642185368e-05
25,1.6618371127887468,6.997335529452339e-05
26,1.611588297169823,7.082962018859179e-05
27,1.5306768396613057,7.217793294929526e-05
28,1.430224631403371,7.379458305631093e-05
29,1.3189542967211956,7.550281322894391e-05
30,1.2013368119789334,7.720363090447149e-05
31,1.0781686478766106,7.885718821305597e-05
32,0.9481240918030639,8.044793889820784e-05
33,0.8091477402696773,8.195686921094037e-05
34,0.6592689982048948,8.334591043209882e-05
35,0.4976946849596745,8.4548072843082e-05
36,0.33426955649391443,8.543556795377407e-05
37,0.42620032166488203,8.497783156199992e-05
38,0.5253762172552855,8.436460711644531e-05
39,0.6459770267100275,8.345662234461178e-05
40,0.7707741298774302,8.233670027842563e-05
41,0.8954668710106191,8.104372452516267e-05
42,1.0197369072783373,7.959246713956045e-05
43,1.1438689832667348,7.799211715258246e-05
44,1.2671605577034806,7.626571083018572e-05
45,1.3868839158766728,7.447077475247997e-05
46,1.4976158572384834,7.271738024140599e-05
47,1.591147773021467,7.117390365740828e-05
48,1.6182942731899561,7.071615235948713e-05
49,1.5541711642408023,7.179044965492753e-05
50,1.4596455500875247,7.332810407989355e-05
51,1.3510894718161086,7.501896982736693e-05
52,1.2403030315045995,7.66528106085234e-05
53,1.1327197049031072,7.81417273126755e-05
54,1.0283794547037568,7.948578664084604e-05
55,0.9243442577387604,8.07205421444129e-05
56,0.8171907303343272,8.187519221880634e-05
57,0.7053946174300412,8.294576755942045e-05
58,0.5931256403884194,8.387606949229643e-05
59,0.544163123773086,8.423474117378995e-05
60,0.6045317217780785,8.378837323711913e-05
61,0.6915217482182421,8.306871674595298e-05
62,0.7946785389720302,8.210201223160865e-05
63,0.9086383365896201,8.089740550168939e-05
64,1.0302587214168535,7.946249337605085e-05
65,1.1564902990680346,7.782147637929984e-05
66,1.283263780997625,7.603085040490721e-05
67,1.4049772297679721,7.419016387443565e-05
68,1.5143408492389456,7.244532898196411e-05
69,1.55576242321395,7.176408323882829e-05
70,1.4818064065946366,7.297282335625264e-05
71,1.3772563839732483,7.461914226015793e-05
72,1.2645045204892145,7.630429063088436e-05
73,1.15736514737049,7.780959348975334e-05
74,1.062160233341221,7.906187923367531e-05
75,0.9789815847021601,8.008562758912425e-05
76,0.9043121246969134,8.094566493743433e-05
77,0.8340885583959444,8.170127081151759e-05
78,0.7666444275478888,8.237661761850277e-05
79,0.6005875633952781,8.38188678418245e-05
80,0.6378515590524585,8.35232573982865e-05
81,0.7110288545676199,8.289520017254481e-05
82,0.8105567128794592,8.194261232489235e-05
83,0.9272322791980774,8.068774567907276e-05
84,1.0533850635341173,7.917302206843606e-05
85,1.1823967288551684,7.746669582338137e-05
86,1.3080703772350302,7.566489236385063e-05
87,1.4241775982279234,7.388977352428546e-05
88,1.4818898916383452,7.29714787479568e-05
89,1.4041941549803516,7.420231483296701e-05
90,1.297279593311703,7.5824705657202e-05
91,1.1870066279085838,7.740295375084027e-05
92,1.0873608574289857,7.873853136617577e-05
93,1.0052654725593737,7.976946008446174e-05
94,0.941914766422286,8.051968064476777e-05
95,0.8947034233697356,8.105214967431135e-05
96,0.8597225559824804,8.143156707913032e-05
97,0.6250444349480573,8.362672878128468e-05
98,0.6608181037181251,8.333288597866986e-05
99,0.7388101295843763,8.2640531185109e-05
100,0.8447204049409871,8.159028144197205e-05
101,0.9649985724711492,8.025101251324299e-05
102,1.0896815193682952,7.87084575929721e-05
103,1.2117373642156037,7.705789572333608e-05
104,1.3259261819765844,7.539854682108825e-05
105,1.4027912431499574,7.422415271351237e-05
106,1.3376004598171858,7.522304714878045e-05
107,1.2285292226189268,7.682060525883593e-05
108,1.1287331742223428,7.819493768360694e-05
109,1.0409835618768348,7.932890522875561e-05
110,0.9721268075637578,8.01669488936821e-05
111,0.9252596439193062,8.071017874290214e-05
112,0.9003185386775217,8.09900186353227e-05
113,0.6588797777887461,8.334919353638348e-05
114,0.706999952066356,8.293138312720044e-05
115,0.7920496032980933,8.212813518396868e-05
116,0.8968647544997411,8.102826086293787e-05
117,1.0084434991531752,7.973076763080991e-05
118,1.118825058202135,7.832652972192156e-05
119,1.2234669939172433,7.689239210798833e-05
120,1.3198562048653855,7.548934090263942e-05
121,1.2675785194333375,7.625967862563521e-05
122,1.1744151577971425,7.757662013158834e-05
123,1.0927229633279638,7.866896701094334e-05
124,1.021503554998772,7.9570719528325e-05
125,0.9667268407728324,8.023065385263518e-05
126,0.9334866584784555,8.061644819976973e-05
127,0.7212280910801534,8.280272042894016e-05
128,0.7744953500638353,8.230058213543882e-05
129,0.85192840355727,8.151432716461416e-05
130,0.9400852865584876,8.054074291448831e-05
131,1.0306194333629757,7.945801847395229e-05
132,1.1194184686806927,7.831870293324168e-05
133,1.2050989696814907,7.715100867211009e-05
134,1.202400630834055,7.718876332351248e-05
135,1.133594860215448,7.813002687119113e-05
136,1.0755012630740568,7.889143364268624e-05
137,1.0248826326420402,7.952901106784495e-05
138,0.9864965936811322,7.999593229353447e-05
139,0.7899777272728669,8.214865197059001e-05
140,0.830017318292494,8.174347286376867e-05
141,0.884956889246347,8.115914854230465e-05
142,0.9480605511018938,8.0448675035786e-05
143,1.016076518498506,7.963742974067251e-05
144,1.0882775736673909,7.872668720769482e-05
145,1.1415445406017521,7.802342635573294e-05
146,1.1119720470469812,7.841707401564651e-05
147,1.070470540366598,7.89559223382108e-05
148,1.0433882560345473,7.929877230684265e-05
149,0.8284053987795635,8.176012465800125e-05
150,0.8436455873652132,8.16015592940456e-05
151,0.8734193921877825,8.128455475416855e-05
152,0.9169778391569128,8.080380409258222e-05
153,0.97450498969105,8.013878894885732e-05
154,1.046347943691499,7.926167003752945e-05
155,1.0822734467547415,7.880428353371877e-05
156,1.0721382893645506,7.893457963568636e-05
157,0.8180884286711175,8.186601407675276e-05
158,0.8117824589976262,8.193017398419808e-05
159,0.8286092923363135,8.175801991631286e-05
160,0.8708580335435276,8.131219882417821e-05
161,0.9379649120432275,8.056511120151537e-05
162,1.0267392847109629,7.950606139101659e-05
163,0.7713464685598325,8.233115524297887e-05
164,0.7613155200968001,8.24278071327715e-05
165,0.7874604335393961,8.217355275656566e-05
166,0.8486659949225004,8.154877418936511e-05
167,0.7276169655184308,8.274420706791435e-05
168,0.7365284372103478,8.266179272411141e-05
169,0.4828165655935019,8.46427557781575e-05
170,0.6093097336514026,8.375117004126181e-05
171,0.7395964224849462,8.263321059184246e-05
172,0.8650629985063795,8.137448489906373e-05
173,0.9854764321409853,8.000814154537378e-05
174,1.1026981295749918,7.853887453782192e-05
175,1.2186045797902734,7.696114173594196e-05
176,1.3335011119958555,7.528479200783981e-05
177,1.4443252026373221,7.357173363013123e-05
178,1.543131213545613,7.197300218643012e-05
179,1.6154278799324757,7.076468387423802e-05
180,0.5893692539624087,8.390461217053136e-05
181,0.6801020574893993,8.316823961983613e-05
182,0.7823931744274263,8.222341347485582e-05
183,0.8896423611146301,8.110782571004356e-05
184,1.0005175341266312,7.982708048731106e-05
185,1.1149133481699773,7.837827863566493e-05
186,1.232066158888275,7.677028409294089e-05
187,1.3490765380282814,7.504951142779122e-05
188,1.459160064963202,7.333580325689766e-05
189,1.5468044655462547,7.191236264589622e-05
190,1.5526831794778322,7.181514244513585e-05
191,1.4716029496113219,7.31368120072141e-05
192,1.365369972965338,7.480137876248667e-05
193,1.2535856680845896,7.64621279632756e-05
194,1.1459516859661198,7.796405167389135e-05
195,1.0456038688677536,7.927101254009333e-05
196,0.951377275499022,8.041021829360308e-05
197,0.8604019954373572,8.142432173841229e-05
198,0.7706374708489246,8.233802374094088e-05
199,0.6838331919146744,8.313589784695662e-05
200,0.6427469379878614,8.348320938529826e-05
201,0.7115839198457384,8.289019870061948e-05
202,0.8015745755970346,8.203312502213006e-05
203,0.9054831507991664,8.093262131480117e-05
204,1.018522546786489,7.960737183442481e-05
205,1.1366735879712402,7.808881060289766e-05
206,1.255672017342031,7.643204435903076e-05
207,1.3695466379397123,7.473750644328953e-05
208,1.4646848262590901,7.324755658637042e-05
209,1.4794540540413683,7.301069135208415e-05
210,1.391162884056917,7.44046592153748e-05
211,1.2825506511469298,7.604125833351315e-05
212,1.174454908335729,7.75760740588535e-05
213,1.0771663069154418,7.887007563631281e-05
214,0.9941432957360756,7.990406113184827e-05
215,0.9243700513437676,8.072027198850427e-05
216,0.8649276493230555,8.137593537000235e-05
217,0.8135366402705239,8.191238768378029e-05
218,0.66672837170872,8.328288984329564e-05
219,0.7336096195878524,8.268887116215704e-05
220,0.8273555139397097,8.177095518459133e-05
221,0.9367669620175615,8.057885816149862e-05
222,1.0531010715916924,7.9176635709419e-05
223,1.1697448877724035,7.764071477645541e-05
224,1.2809500682405959,7.606472938832821e-05
225,1.3764768331943775,7.463112594547524e-05
226,1.399507372948577,7.427525886930421e-05
227,1.3130003268522419,7.559163241554947e-05
228,1.2098456421958157,7.708447818008778e-05
229,1.1112785093289355,7.842621011232876e-05
230,1.0268649241695187,7.950453406096128e-05
231,0.9605654160961221,8.030303394165871e-05
232,0.9127344879430731,8.085153226234751e-05
233,0.8816514565741214,8.119523585025119e-05
234,0.699488077962298,8.29983863263657e-05
235,0.7764106184208339,8.22819322140519e-05
236,0.8756849343139609,8.12600248344846e-05
237,0.9841627116956299,8.00238487851296e-05
238,1.092838796454701,7.866746131128532e-05
239,1.195814212643792,7.728069116218287e-05
240,1.286294529585963,7.598640708555195e-05
241,1.3198884467920668,7.548889974077962e-05
242,1.243272444324349,7.661027234311502e-05
243,1.1539690430131002,7.785568400030498e-05
244,1.07089029115717,7.895052424984736e-05
245,1.001729132325287,7.981237209452564e-05
246,0.9508547028166202,8.041628855105497e-05
247,0.920951614683073,8.075895880115598e-05
248,0.7593745701798743,8.244639411735361e-05
249,0.8390928742744003,8.164919148295771e-05
250,0.9305359576645204,8.065012329638782e-05
251,1.0239063505971686,7.954106520614149e-05
252,1.1132841643245952,7.839974633622029e-05
253,1.1945405986074757,7.729838268861103e-05
254,1.2416555563124052,7.663346095684203e-05
255,1.1976841079955296,7.725464060120987e-05
256,1.1154804506547518,7.837075856440012e-05
257,1.0527776507628213,7.91807181375567e-05
258,1.0013350422453446,7.981717518898583e-05
259,0.9656544197521918,8.024329950372106e-05
260,0.8259540230446477,8.178539413032946e-05
261,0.8914787008747859,8.108766891687232e-05
262,0.9614429353368327,8.029275238257788e-05
263,1.0317595759259865,7.944386584475346e-05
264,1.1000991024571158,7.857286680500376e-05
265,1.1594765091004777,7.77808872723178e-05
266,1.1451066316281662,7.797544390258152e-05
267,1.090618409132357,7.86963318516237e-05
268,1.0512665005204194,7.91997795902492e-05
269,1.020041373549261,7.958869472645805e-05
270,0.8640491350456408,8.13853253803131e-05
271,0.9052860130514409,8.0934818163126e-05
272,0.9516367249534472,8.040720346819499e-05
273,1.003972710751009,7.978517094859611e-05
274,1.0625507688546645,7.905688606012203e-05
275,1.0985336606439067,7.859331077564597e-05
276,1.0747363131696654,7.890127958201505e-05
277,1.059921801349739,7.909030724174293e-05
278,0.8556038842045798,8.147536189584946e-05
279,0.876912215640709,8.124672473939385e-05
280,0.9115140168563398,8.08651969267803e-05
281,0.9625734822891695,8.027947066220811e-05
282,1.0304855452220294,7.945967960415951e-05
283,1.0701832028281146,7.895959683046976e-05
284,0.8123536544700722,8.19243803367781e-05
285,0.8317426958629458,8.172561766911072e-05
286,0.87493192485002,8.12681773011857e-05
287,0.9427296316140145,8.051028829387814e-05
288,0.7717696118971716,8.232705331181294e-05
289,0.8097782217541997,8.195049229334025e-05
290,0.7328071918774618,8.269630252669251e-05
291,0.8016241171885653,8.20326282312461e-05
292,0.8807488806157902,8.120506402040675e-05
293,0.9680792217045694,8.021472091376879e-05
294,1.0633799885490203,7.904633978282957e-05
295,1.1663924849750626,7.768658049123165e-05
296,1.2748728015146937,7.615347318374186e-05
297,1.3819454006995788,7.45470093493916e-05
298,1.4690052659203208,7.317840325374662e-05
299,0.7562763857322891,8.247595005813284e-05
300,0.823510142075157,8.181052111511103e-05
301,0.9060339763487559,8.092648091282046e-05
302,0.9982769957194775,7.985416834648555e-05
303,1.0963720697730341,7.862147276203158e-05
304,1.197248914559984,7.726067145742548e-05
305,1.296427463104134,7.583724401032085e-05
306,1.3801378931306039,7.457485073384887e-05
307,1.3852531782015813,7.449595337611309e-05
308,1.300762665818731,7.577319451940837e-05
309,1.2017370078791128,7.719807401035893e-05
310,1.106609480235288,7.84876008704557e-05
311,1.0213050208255758,7.95731650248694e-05
312,0.9476040775363723,8.045396220309362e-05
313,0.885878145061194,8.114907578988486e-05
314,0.83669322230444,8.167418848661301e-05
315,0.7871663139313226,8.217645559406266e-05
316,0.8636466430170975,8.138963376799782e-05
317,0.9519712633917132,8.040329152213557e-05
318,1.043996256883358,7.929117931885654e-05
319,1.1347650490035455,7.811437113638531e-05
320,1.220981005324459,7.692756646255048e-05
321,1.2944542301985515,7.5866347746405e-05
322,1.3099016864257447,7.563768606454885e-05
323,1.2272275212365635,7.683908513953504e-05
324,1.1421013483081877,7.801593855470354e-05
325,1.064306105114984,7.903455341687181e-05
326,0.9982158041452674,7.985493375292989e-05
327,0.9455639476701796,8.047758955000066e-05
328,0.907678939929281,8.090810291224558e-05
329,0.842534069932802,8.161320909694778e-05
330,0.9225039201655891,8.074141833842163e-05
331,1.0050470163253309,7.977211612942241e-05
332,1.0836316272926048,7.87867534719034e-05
333,1.1551820444808896,7.78392006520478e-05
334,1.2157661919140441,7.700118110462369e-05
335,1.2344566950997151,7.673627474079818e-05
336,1.1662989322671187,7.768782570064583e-05
337,1.09985731554081,7.857602591750726e-05
338,1.041976283672398,7.931648371712271e-05
339,0.9954066560560282,7.988883066437205e-05
340,0.9622971266009144,8.02827366538476e-05
341,0.9051305075311941,8.093655078658472e-05
342,0.973443130033278,8.015136941188769e-05
343,1.0372659919090497,7.937530977802046e-05
344,1.0941339554548186,7.865064715121558e-05
345,1.1428750447316316,7.800552946511472e-05
346,1.1665512520575583,7.768441056433494e-05
347,1.118622834339893,7.832920682307394e-05
348,1.073520347759371,7.891687309466119e-05
349,1.0366551477571806,7.93829537136108e-05
350,1.0096830793373057,7.9715622662971e-05
351,0.9428953965802029,8.050839998391305e-05
352,0.9901006541843493,7.995271590809871e-05
353,1.0325069748598736,7.943458151148663e-05
354,1.0716619661536817,7.894067797371231e-05
355,1.1036547838365065,7.852631648118379e-05
356,1.0926641226314182,7.866976170768507e-05
357,1.059235868850649,7.90990090110712e-05
358,1.043492576051856,7.929749265460854e-05
359,0.9385321568125211,8.055861967991373e-05
360,0.9683660967387883,8.021136303469118e-05
361,0.9997379375111372,7.983652027189417e-05
362,1.0371810733567683,7.937639619260706e-05
363,1.0626992368616377,7.905499827761207e-05
364,1.0540464198043598,7.91646971719712e-05
365,0.9024126632905527,8.09667703573475e-05
366,0.930591051057931,8.064951757852757e-05
367,0.9689231697565138,8.020479297811833e-05
368,1.0221837531452627,7.956233809150884e-05
369,0.8679855336700357,8.13431177734809e-05
370,0.9120108182154265,8.085964944415501e-05
371,0.8656941447810992,8.136771862771534e-05
372,0.9231535526052589,8.073406102243116e-05
373,0.9904647925772415,7.994834231421456e-05
374,1.0640433627447863,7.903789807618915e-05
375,1.1420782904174975,7.801624868637791e-05
376,1.222405115797498,7.690738710719782e-05
377,1.2942602034524984,7.586920782791727e-05
378,0.9171171500250802,8.080225676542102e-05
379,0.9787042565772027,8.008892681629076e-05
380,1.0414346806742958,7.932326174620297e-05
381,1.102210988761796,7.85452505371428e-05
382,1.1607610120405356,7.776340372330546e-05
383,1.2135603301858915,7.703225057153542e-05
384,1.215327401576785,7.700736474298315e-05
385,1.157865135648157,7.780279919356942e-05
386,1.0988877614528478,7.858868836587916e-05
387,1.045235891975944,7.927563084085959e-05
388,0.9969246420032358,7.987053514123367e-05
389,0.9550428653032383,8.036753653133955e-05
390,0.9764673801661345,8.01154849077716e-05
391,1.0284429207612586,7.948497359153165e-05
392,1.074005335047032,7.891065530102407e-05
393,1.113131459453882,7.840179099900783e-05
394,1.1467474498590433,7.795335047024705e-05
395,1.1562218632480576,7.782512112468726e-05
396,1.1062673478780671,7.849209150096613e-05
397,1.0686732193506006,7.897889376415423e-05
398,1.0383576934369614,7.93617157829148e-05
399,1.014088897667758,7.966178980904394e-05
400,1.014309582389314,7.965908703291589e-05
401,1.04726713287941,7.925009366959324e-05
402,1.0722047141124447,7.893372903325073e-05
403,1.0919863266104837,7.867853953041073e-05
404,1.1003099746398104,7.857011117253116e-05
405,1.0678266910787186,7.898967384235337e-05
406,1.0496547091272181,7.922008640741916e-05
407,1.0402777112957717,7.933770396978988e-05
408,1.0138964992359278,7.96641457666018e-05
409,1.0305975221836503,7.945826328162228e-05
410,1.044093613235287,7.92899310710464e-05
411,1.056547147895579,7.913307499166872e-05
412,1.0419524295295275,7.931678230541282e-05
413,1.0405082314745009,7.933484947418466e-05
414,0.9841443568335078,8.002404314054335e-05
415,0.9985782373520993,7.985055142469192e-05
416,1.0184988898365928,7.960766256694938e-05
417,1.0368679347329957,7.93802735582307e-05
418,0.9549348022799778,8.03688197655244e-05
419,0.9826946426273087,8.004138105168844e-05
420,1.0114087204683433,7.96945763858586e-05
421,1.0444879035321477,7.928501446922161e-05
422,1.0760981138458643,7.888379933039186e-05
423,1.1082371685016699,7.846619139700193e-05
424,1.1417794006174697,7.80202683610591e-05
425,1.048937940835369,7.92290810238461e-05
426,1.06370265880318,7.904223419473223e-05
427,1.0746237263263023,7.890272397901896e-05
428,1.0864247685325976,7.875067761869193e-05
429,1.0830474603739868,7.87942954452378e-05
430,1.0656017901221884,7.901805001275829e-05
431,1.055607193443933,7.914496790133428e-05
432,1.049556324475202,7.922132514045549e-05
433,1.0509869749431628,7.920327511703805e-05
434,1.0493762928599148,7.922356372416924e-05
435,1.0476072315547678,7.92458464684095e-05
436,1.0465581786178015,7.925902939211198e-05
437,1.0339751949662357,7.941632722810709e-05
438,1.0406204820234692,7.933341841557218e-05
439,1.025251291353626,7.952445682851166e-05
440,1.0202329294148225,7.958636413680168e-05
441,1.0208538834069865,7.95787205964005e-05
442,1.0156137848916078,7.964310441363099e-05
443,0.9992438570649576,7.984249975451713e-05
444,1.0064621590539464,7.975490212081655e-05
445,1.0518914278157379,7.919189949003009e-05
446,1.0413274842497005,7.932460294799354e-05
447,1.0383176966856777,7.93621876310277e-05
448,1.0277688192040182,7.949334799798276e-05
449,1.0129062129884587,7.967624001516206e-05
450,1.0054874633063926,7.976673465698333e-05
451,1.0163755526520672,7.963376145826552e-05
452,1.0032021614574098,7.979450171848512e-05
453,0.9990566843265288,7.984473869336053e-05
454,0.9922276808987658,7.992714994883298e-05
455,0.0,0.0
456,0.2347182861716365,8.580861450255223e-05
457,0.44434062016439624,8.487484518222966e-05
458,0.6307010075720396,8.358126182636313e-05
459,0.8016912855083532,8.203193732482377e-05
460,0.9606005837681223,8.030262204556842e-05
461,1.108193041679613,7.8466801903516e-05
462,1.2444900730629536,7.659282313206095e-05
463,1.3689486036917478,7.474666604571946e-05
464,1.4798390285219454,7.300444844044207e-05
465,1.5733515597103251,7.147162290886759e-05
466,1.6430616805465688,7.029490991467601e-05
467,1.6809447284534982,6.964419860776103e-05
468,0.2392756970389047,8.579435183971062e-05
469,0.40306218887196915,8.510317037352845e-05
470,0.5879128563626842,8.391563286624385e-05
471,0.7643459556273651,8.239874264950201e-05
472,0.9313550442819593,8.064080076331514e-05
473,1.087949665624054,7.873090568418913e-05
474,1.2326247349652835,7.676233317240687e-05
475,1.3637322008009167,7.482644871335134e-05
476,1.4788002862788125,7.30211610736093e-05
477,1.573337358155598,7.147191223550677e-05
478,1.6403293976103355,7.03414902544746e-05
479,1.6716872488223413,6.980391005355557e-05
480,1.6843320581214107,6.958564936748712e-05
481,1.681180941445387,6.964006035827791e-05
482,1.6399821835949364,7.034741376394002e-05
483,1.566340717622051,7.158846897035304e-05
484,1.466876253429679,7.321249607800886e-05
485,1.3470463534361727,7.508028372796322e-05
486,1.2108682754122286,7.707007653740808e-05
487,1.0614354544627758,7.907106066909855e-05
488,0.9014822121397138,8.097710559434825e-05
489,0.7336578185482832,8.268843926088334e-05
490,0.5603389938184694,8.41194553971557e-05
491,0.3848750959543969,8.519691707749179e-05
492,0.42620032166488203,8.497783156199992e-05
493,0.5387876117757864,8.427234323342036e-05
494,0.6886804466924697,8.309362335346978e-05
495,0.8481823477194603,8.155387114724693e-05
496,1.0063890747857687,7.9755791612508e-05
497,1.1576285255646854,7.780598184493011e-05
498,1.2981314480220651,7.581208662091588e-05
499,1.4240202000370932,7.389220111496332e-05
500,1.5289233908194562,7.220671477976456e-05
501,1.602786148690006,7.097811595596863e-05
502,1.6345450878656471,7.04401405782695e-05
503,1.657568941679842,7.004656266442746e-05
504,1.6880479392960948,6.952135361343519e-05
505,1.6782500060838343,6.969073412908221e-05
506,1.6295830569090917,7.052457327005343e-05
507,1.5473574013312346,7.190322738388793e-05
508,1.4381871476358357,7.366895665984328e-05
509,1.3085462194796609,7.565786571897503e-05
510,1.1644358126187737,7.77132715395821e-05
511,1.0115419331557112,7.969294846304093e-05
512,0.8555400425414124,8.147605909546579e-05
513,0.7025301365783568,8.297133620003687e-05
514,0.544163123773086,8.423474117378995e-05
515,0.6191589424482985,8.36736100036579e-05
516,0.7421540078838104,8.26093018114559e-05
517,0.8888022028601907,8.111704553867498e-05
518,1.042699312164779,7.93074307861102e-05
519,1.1933955158750316,7.731434261781598e-05
520,1.3329618530317553,7.529290480245518e-05
521,1.4522779190633206,7.344548895950906e-05
522,1.5380374473370262,7.205690374344738e-05
523,1.5749692231251518,7.144463265758469e-05
524,1.6026517343828175,7.098043476071968e-05
525,1.6608787071862385,6.998981483145833e-05
526,1.6817935113143039,6.962953311746302e-05
527,1.6623357770564424,6.996478937638043e-05
528,1.604511300737903,7.094903609390461e-05
529,1.5142477364352642,7.244684825978699e-05
530,1.3994462265743706,7.427620891252539e-05
531,1.268477934415344,7.624657301308292e-05
532,1.1293783880433275,7.818633544272363e-05
533,0.9895149033557379,7.99597232575361e-05
534,0.6005875633952781,8.38188678418245e-05
535,0.6540547849677706,8.338958389119586e-05
536,0.7675117771060457,8.236825313300897e-05
537,0.9143869528143759,8.083295466781087e-05
538,1.0721194624488675,7.8934820716267e-05
539,1.2246084433014919,7.687622421110263e-05
540,1.3581307611999256,7.49118519507802e-05
541,1.456404964301087,7.337973315388427e-05
542,1.5005419439446945,7.266992285270157e-05
543,1.5241472827575613,7.228506420583805e-05
544,1.6009761718320885,7.100860735785111e-05
545,1.647698352644511,7.02156765671902e-05
546,1.658775813613308,7.002585632689994e-05
547,1.6321003963200313,7.048175578459705e-05
548,1.5702842156709924,7.152281029245894e-05
549,1.4801182314921326,7.299995504226014e-05
550,1.3706392714789706,7.472072163611141e-05
551,1.2510708256555523,7.649834247500906e-05
552,0.6250444349480573,8.362672878128468e-05
553,0.6781431730385562,8.318517403173634e-05
554,0.7981517779317444,8.20673652095089e-05
555,0.9519058873157393,8.040407505288856e-05
556,1.1114134163798275,7.842440255624988e-05
557,1.2557971268146264,7.64302392357942e-05
558,1.3651255685868382,7.480515756907617e-05
559,1.4173570489515823,7.399678044069864e-05
560,1.4279250006757065,7.3830841658207e-05
561,1.5136002303056344,7.245741178512474e-05
562,1.5783919568101548,7.138752693392251e-05
563,1.617171767700274,7.073516323591183e-05
564,1.6252045436781413,7.05989092584247e-05
565,1.6003084850148295,7.101990433708046e-05
566,1.5448149791012638,7.194516505121737e-05
567,1.465382525401433,7.32364450952706e-05
568,0.6588797777887461,8.334919353638348e-05
569,0.7244606786940809,8.277317966721173e-05
570,0.851191824931344,8.152209524242256e-05
571,1.0027871781531579,7.979953834926812e-05
572,1.1496133051728161,7.791464777162589e-05
573,1.2667284321386183,7.627202338237242e-05
574,1.3281815109709092,7.536468317450998e-05
575,1.3218168301529962,7.546003210445181e-05
576,1.4064626545236825,7.416701795147864e-05
577,1.481622550486067,7.297578437636628e-05
578,1.5423473332748254,7.198593205557796e-05
579,1.5836911018094202,7.129884424550144e-05
580,1.5997329743744113,7.102959339367822e-05
581,1.5864993465352024,7.125186165228343e-05
582,0.7212280910801534,8.280272042894016e-05
583,0.7914675636444449,8.213389147030982e-05
584,0.9097067984718963,8.088545655869365e-05
585,1.042905829231611,7.930481648305331e-05
586,1.1610302025732528,7.775973787878542e-05
587,1.2331052608215796,7.675549114762258e-05
588,1.2400292094038836,7.665672614158185e-05
589,1.2878380700874532,7.596374411534517e-05
590,1.3680850674860274,7.475984458092033e-05
591,1.444901633034156,7.356264081351115e-05
592,1.5143421960080743,7.244530700696071e-05
593,1.5689590078993092,7.154488517287375e-05
594,0.7899777272728669,8.214865197059001e-05
595,0.8466710663333855,8.156978165769067e-05
596,0.9422922396120852,8.051535378260305e-05
597,1.0485204366759735,7.923433420860787e-05
598,1.13127334090846,7.816104936282223e-05
599,1.1580655343215118,7.780004245086804e-05
600,1.1654249873281202,7.769979881902649e-05
601,1.2485619434199786,7.653441915740832e-05
602,1.3373942559672818,7.522611468481462e-05
603,1.4285252735971004,7.382134687211512e-05
604,0.8284053987795635,8.176012465800125e-05
605,0.8608620606524794,8.141941293031706e-05
606,0.9340231148831629,8.061028930644595e-05
607,1.0214437165598882,7.957145664445805e-05
608,1.0775711249934783,7.88648427083072e-05
609,1.0861499739951792,7.875420338530083e-05
610,1.1322949679473229,7.81473716434188e-05
611,1.2306922290138633,7.678982984551994e-05
612,0.8180884286711175,8.186601407675276e-05
613,0.831804571803411,8.1724976740053e-05
614,0.9026445327848894,8.096421484161201e-05
615,0.9976438369305024,7.986182141698372e-05
616,1.0405286940255343,7.933456612306596e-05
617,1.0584931325199747,7.910842634050892e-05
618,0.7713464685598325,8.233115524297887e-05
619,0.7882555891421268,8.216568330452196e-05
620,0.8902710659525228,8.110094240905148e-05
621,1.0102134520443133,7.970914919503341e-05
622,0.7276169655184308,8.274420706791435e-05
623,0.7692388124343847,8.235157295715508e-05
624,0.5308662834101996,8.432710923752272e-05
625,0.6864341763200404,8.311324771711273e-05
626,0.8480106139654412,8.155566119518842e-05
627,1.00820821355714,7.973363564296486e-05
628,1.1619255840915363,7.774753992630593e-05
629,1.3049538871042001,7.571117085919025e-05
630,1.433045445868249,7.375011251568105e-05
631,1.54081674273359,7.201116776465125e-05
632,1.6211694167862079,7.066742641654149e-05
633,1.6664155500930118,6.989465889757714e-05
634,1.6733059484950024,6.977601607110711e-05
635,0.6308202394525866,8.358031067905508e-05
636,0.7601823445414232,8.243867038559568e-05
637,0.9075958846039185,8.090903041766958e-05
638,1.0608936810097296,7.907797026189982e-05
639,1.211322491842347,7.70637281175834e-05
640,1.3517696300147082,7.50086430878274e-05
641,1.4743156421656105,7.30932815193242e-05
642,1.5684347131604233,7.155361581126354e-05
643,1.6226367871643288,7.064254063350089e-05
644,1.6343339672420862,7.044368051258491e-05
645,1.6501236113715754,7.017413064621353e-05
646,1.67279502611359,6.978476502839497e-05
647,1.6577687559362457,7.004313497998626e-05
648,1.601571481347427,7.099863439808708e-05
649,1.5099085801527263,7.251758688063302e-05
650,1.3914458924217934,7.440027878572062e-05
651,1.2550420636153,7.64411315966333e-05
652,1.1087280822419467,7.84597386750534e-05
653,0.9599661719522804,8.031002665545938e-05
654,0.8163511073179612,8.188375180177653e-05
655,0.6816642022488074,8.31547131204097e-05
656,0.7936148133817054,8.211257437993256e-05
657,0.9353261853163466,8.05953721136276e-05
658,1.0891963998228766,7.871477820386385e-05
659,1.2413433348985694,7.663789220433818e-05
660,1.3795035249232162,7.458461634451127e-05
661,1.4895380001455207,7.28481037129026e-05
662,1.5552877206778668,7.177195044641073e-05
663,1.571508973914428,7.150239936183792e-05
664,1.5944345503470383,7.111870590030222e-05
665,1.6421845283171568,7.030983040526635e-05
666,1.6587519642450856,7.002632187132358e-05
667,1.6341880142015237,7.044616578367999e-05
668,1.5695105149503652,7.153569962011321e-05
669,1.4719221054060285,7.313169307365611e-05
670,1.351769954849947,7.500859606913304e-05
671,1.2199449483435258,7.69422102483741e-05
672,1.086459564100341,7.875019777930718e-05
673,0.704158943385679,8.295680890491339e-05
674,0.81527638093797,8.189469688774459e-05
675,0.9621722679565095,8.028420113183255e-05
676,1.1204625668059707,7.83048381150752e-05
677,1.2706572978004018,7.621492018848722e-05
678,1.3944313027006479,7.435399083024577e-05
679,1.4713613065710849,7.314068726256379e-05
680,1.4913359015995955,7.281904522500119e-05
681,1.5125937202807314,7.247382685444605e-05
682,1.5757752884809213,7.143123045594339e-05
683,1.6193874130010886,7.06976320339556e-05
684,1.6292991786032962,7.052939956890829e-05
685,1.6009740932685317,7.100869606449202e-05
686,1.5365830359909916,7.20808958426258e-05
687,1.4441630769080622,7.357435017718405e-05
688,1.334858774325224,7.526435699645555e-05
689,0.7339546353551771,8.268568840182491e-05
690,0.8531713793121115,8.150117272026895e-05
691,1.0040669188590083,7.978402659991534e-05
692,1.1576859787484373,7.780523399613594e-05
693,1.290052909586791,7.593119155296975e-05
694,1.3764890349672447,7.463093840756413e-05
695,1.4004914607476324,7.425996520083578e-05
696,1.4132702979256881,7.40607395545265e-05
697,1.4816391086480363,7.297551771474453e-05
698,1.5442179749040912,7.195501901332551e-05
699,1.5855105339033517,7.126842861431316e-05
700,1.5975715261063679,7.106591208767753e-05
701,1.5759890604666793,7.142766156053425e-05
702,1.522372201098382,7.231412813713175e-05
703,0.7887042851238892,8.21612490321034e-05
704,0.9075282837009951,8.090980694196622e-05
705,1.048249320686755,7.923774458989748e-05
706,1.1802190311857452,7.749674290799714e-05
707,1.2739498005658958,7.61669311784278e-05
708,1.3046559412521401,7.571558739519064e-05
709,1.3059475073294173,7.56963971827857e-05
710,1.366670449491259,7.478153434619029e-05
711,1.4443562082484056,7.357128855806022e-05
712,1.5101440699445536,7.251380045987597e-05
713,1.5596348337526298,7.169985510123363e-05
714,1.5836833153129843,7.129897459831632e-05
715,0.8494200154977947,8.15408036139821e-05
716,0.9515610784498405,8.040805900843244e-05
717,1.0681216363826367,7.898593737275047e-05
718,1.1651542343713266,7.770349647010679e-05
719,1.2079385596550052,7.71112455671715e-05
720,1.2027582749094943,7.71837628253163e-05
721,1.249925504668158,7.651481816398745e-05
722,1.3328339733082206,7.529478715423439e-05
723,1.4159975674812142,7.401806994965023e-05
724,1.4951895851718964,7.275668913480821e-05
725,0.8825720407551084,8.118520269475702e-05
726,0.9600930735095349,8.030856496814097e-05
727,1.0509142412933248,7.920421979913473e-05
728,1.1122976751957583,7.841275214420812e-05
729,1.1204188019022543,7.830544933982478e-05
730,1.1369041977542025,7.808571988268705e-05
731,1.2212560822027463,7.69236769587453e-05
732,1.3162623920306442,7.554302653578865e-05
733,0.8718114209906804,8.130189717236655e-05
734,0.9343662905010357,8.060638522633074e-05
735,1.0159062967164463,7.963951747720917e-05
736,1.05603294437586,7.913955386624005e-05
737,1.06248258353479,7.90577529716575e-05
738,1.1156137150674763,7.836899824534295e-05
739,0.8325494672300432,8.171725762890636e-05
740,0.909144388829774,8.089172592193982e-05
741,1.0066408198677088,7.975272745973319e-05
742,1.0333934314464135,7.94235627547514e-05
743,0.8038334238254613,8.201044632433816e-05
744,0.9154612445422177,8.082089806803528e-05
745,0.8716002344769732,8.130419563593259e-05
746,1.0060377591883316,7.97600666581294e-05
747,1.1517014153205476,7.788640208655907e-05
748,1.2970469118088463,7.582814070833124e-05
749,1.4302264261936641,7.379460057763118e-05
750,1.5380182634368058,7.205727044576897e-05
751,1.6067897804102507,7.09106570539322e-05
752,1.628143812392514,7.05489827716052e-05
753,1.6103880460819897,7.08498480260674e-05
754,0.8958252874649972,8.103976704774831e-05
755,1.030189330816595,7.946332703897313e-05
756,1.1789362657402012,7.751445655553123e-05
757,1.3244314251707856,7.542094171214712e-05
758,1.4484635486718227,7.350606952333801e-05
759,1.5314033054229927,7.216600280978757e-05
760,1.559327780418106,7.170500303095414e-05
761,1.5424526231823577,7.198414451896633e-05
762,1.5476947612683316,7.189765281205381e-05
763,1.5911771033676194,7.117341136394333e-05
764,1.6070215402468315,7.09067461223792e-05
765,1.5770699093781764,7.140961279051245e-05
766,1.5010067085278216,7.266233074839416e-05
767,1.3900961036466146,7.442116571117954e-05
768,1.260329721447393,7.636471698391996e-05
769,1.1276104866594057,7.820986527986573e-05
770,0.920598584350279,8.076294949268558e-05
771,1.0599405574414724,7.909006923819907e-05
772,1.208838641177913,7.70986160936329e-05
773,1.343479549513584,7.513422979932032e-05
774,1.438619835017647,7.366211495816838e-05
775,1.4731249607461956,7.311234657586297e-05
776,1.4558983247791932,7.338785288656288e-05
777,1.4538242993664603,7.342083493069136e-05
778,1.5153206438334113,7.24293387878999e-05
779,1.5620831704239073,7.165925196780463e-05
780,1.5754329113433982,7.143694583404394e-05
781,1.5453937030799827,7.193566189238439e-05
782,1.473846553183525,7.310081248399622e-05
783,1.3731580252998894,7.46820943460113e-05
784,0.9616719799900845,8.029006746920053e-05
785,1.0975317086574188,7.860638389126342e-05
786,1.231918404372912,7.677242322943132e-05
787,1.3344741183136886,7.527014812589301e-05
788,1.3760112658337178,7.463832400483276e-05
789,1.3602242676551577,7.487998698633611e-05
790,1.350296548998074,7.503096223022709e-05
791,1.4147867130136074,7.403697586319693e-05
792,1.4812078426790214,7.298246246484162e-05
793,1.5314535509568366,7.216517754754116e-05
794,1.5512318051264216,7.183916440598443e-05
795,1.5315382586288182,7.216383675149961e-05
796,1.0053957165295881,7.976787632197343e-05
797,1.1219243401822079,7.828545373287957e-05
798,1.2238120997662658,7.688746905162223e-05
799,1.273452722754673,7.617417606213843e-05
800,1.2631363752603642,7.63241213243643e-05
801,1.246694963468489,7.656123178128607e-05
802,1.3045232730338325,7.57175139073757e-05
803,1.3806756982142991,7.45665693240728e-05
804,1.4564030423459944,7.337981081105094e-05
805,1.518134830290684,7.238342738910757e-05
806,1.024677836358453,7.953156724066441e-05
807,1.1115995399688714,7.842198166772469e-05
808,1.1698879696577926,7.763872153237275e-05
809,1.1713818167339363,7.761828324703253e-05
810,1.1523224845408906,7.787796077360863e-05
811,1.18427835870086,7.74407346162564e-05
812,1.275915513718727,7.613829991170763e-05
813,1.3662903615449,7.478734802892511e-05
814,1.0072615448359097,7.974516954399763e-05
815,1.0684416059365671,7.898182300295769e-05
816,1.0911297484997204,7.868966431722001e-05
817,1.0805444893121547,7.882660350601244e-05
818,1.0944685029649164,7.864626372745462e-05
819,1.1791880127320005,7.751098799196184e-05
820,0.9739168582227998,8.01457337545951e-05
821,1.0259898011656314,7.951532963670892e-05
822,1.036278246570247,7.938765147325389e-05
823,1.043841322411047,7.929309393767603e-05
824,0.9745498530821836,8.013825717675438e-05
825,1.0126655415891492,7.96792104919001e-05
826,1.1538307793844584,7.785752555962643e-05
827,1.2874430588187002,7.596950663684317e-05
828,1.4097232549991434,7.411615589053927e-05
829,1.4977726059179908,7.271479042208931e-05
830,1.5331081843142391,7.213804267417074e-05
831,1.5156816032654699,7.242349620491155e-05
832,1.4703960740172926,7.31561152217778e-05
833,1.1835436891384767,7.745088796292648e-05
834,1.3077054628026354,7.567031046068766e-05
835,1.403720893114813,7.420968325746032e-05
836,1.444259241985242,7.357277929080778e-05
837,1.4257845899855055,7.386446834911232e-05
838,1.3781649366771576,7.460521317838523e-05
839,1.3728755774787227,7.468647135385476e-05
840,1.4327026140250532,7.375556618367094e-05
841,1.485418724852076,7.291460138702e-05
842,1.5039713699358999,7.261418219819275e-05
843,1.472008804265503,7.31302546339148e-05
844,1.3931262700461706,7.437425777395321e-05
845,1.2071032836375999,7.712292430473671e-05
846,1.30207827829805,7.575372788438497e-05
847,1.3470075742202037,7.50808712158698e-05
848,1.3301827909563384,7.533467852824312e-05
849,1.2831818047427768,7.603201266514299e-05
850,1.259903750245025,7.637087837990033e-05
851,1.3305066041021445,7.532981415831302e-05
852,1.4026922121697174,7.422569370703458e-05
853,1.4631738512462806,7.327175910677334e-05
854,1.4910605839198794,7.282344775312988e-05
855,1.2007640704753704,7.721163132403018e-05
856,1.2471492101380466,7.655471077546911e-05
857,1.2358502866574868,7.671636871344666e-05
858,1.1935304302470509,7.731243229385897e-05
859,1.1664861226717462,7.768530073802621e-05
860,1.2263550355892383,7.685146358646411e-05
861,1.3054962990868784,7.570312873751001e-05
862,1.3902828084695107,7.441827738905911e-05
863,1.150888926152965,7.789739718636663e-05
864,1.1492313877403861,7.79198097204368e-05
865,1.1162327128862348,7.83608506037535e-05
866,1.0900213207422194,7.870407960038981e-05
867,1.1329561236823373,7.813856718093174e-05
868,1.211227446897657,7.706506407999033e-05
869,1.0766586979807895,7.88765985217738e-05
870,1.0584274110777743,7.910925938496588e-05
871,1.0402947569493317,7.933751837109566e-05
872,1.0547188768135733,7.91561996994709e-05
873,1.0241736255409906,7.953779285427043e-05
874,1.0218083161838056,7.956696480381886e-05
875,1.3881772372738173,7.445083586346021e-05
876,1.4214405450997356,7.393275426254085e-05
877,1.3987684316675209,7.428673814089364e-05
878,1.3414859729457105,7.516440449287087e-05
879,1.2801578286747324,7.607632001617936e-05
880,1.3337452034757373,7.528107784921838e-05
881,1.3095549159751723,7.564287985648505e-05
882,1.2513283840309437,7.649463595122674e-05
883,1.191337203670675,7.734294018858766e-05
884,1.181113299415202,7.748444312778477e-05
885,1.2434503324408626,7.660776083058818e-05
886,1.319369756694502,7.549660804731874e-05
887,1.3872799721567823,7.446465670687669e-05
888,1.2242501651527593,7.68813001745141e-05
889,1.1697015250532286,7.764130867344287e-05
890,1.1147213609945201,7.838081334337723e-05
891,1.0874565085948542,7.873732244649484e-05
892,1.1501138439674314,7.790788057667788e-05
893,1.2300240101416293,7.679936661954492e-05
894,1.1036366059546814,7.852658499365947e-05
895,1.0579601811845791,7.911515222287813e-05
896,1.0341910197324493,7.941364213192139e-05
897,1.0751961267608225,7.889535022936856e-05
898,1.0271883892434641,7.950050506519748e-05
899,1.0143693944084773,7.965835441916948e-05
900,1.2392809357544294,7.666738618841176e-05
901,1.163591017703377,7.772479934361099e-05
902,1.1036841277108291,7.8525962469744e-05
903,1.0994302928017332,7.858160394007473e-05
904,1.0454221327030258,7.927329358592257e-05
905,1.03459000955647,7.940864984084685e-05
906,1.0865364943477183,7.874923188478793e-05
907,1.0148847694677328,7.965204034008716e-05
908,1.0004572427327794,7.98278107432928e-05
909,1.0008885026539063,7.98225607625699e-05
910,0.0,0.0
911,0.3236511921232561,8.54814713189023e-05
912,0.6348141544452457,8.354798164093959e-05
913,0.9230398570885624,8.073534897983608e-05
914,1.181721539633047,7.747605029563592e-05
915,1.4093733187975983,7.412161817543455e-05
916,1.6100577295468992,7.08554824428374e-05
917,1.7926237758943229,6.768437262293863e-05
918,1.9684225763431709,6.449398764593161e-05
919,2.1474466915025126,6.11477111577265e-05
920,2.333412768082307,5.760970099364015e-05
921,2.517401487733634,5.4087195313203625e-05
922,2.6601233264442183,5.1363189957529527e-05
923,0.4115796968529685,8.505782086580797e-05
924,0.6476997075591235,8.344239255884617e-05
925,0.9051190938936052,8.093665639161441e-05
926,1.1531755015598024,7.786640611875405e-05
927,1.3792358207385127,7.458873655764936e-05
928,1.5809698031107393,7.134437952186302e-05
929,1.7628761509458075,6.821214589467718e-05
930,1.9333692110145484,6.513887807947645e-05
931,2.1013462303766857,6.201659353845262e-05
932,2.2717705418762084,5.878688798675532e-05
933,2.43931831080753,5.5582267414630645e-05
934,2.575891063010058,5.296885574658944e-05
935,2.6198394214460996,5.213021628869891e-05
936,2.5399516120850674,5.365570364797055e-05
937,2.3888742104818825,5.6548354094384464e-05
938,2.217077179640445,5.982815945387965e-05
939,2.0444538322499684,6.308251888554818e-05
940,1.873328931831801,6.62340131080715e-05
941,1.6975698564567483,6.935627609541903e-05
942,1.5079962136678051,7.254877423493113e-05
943,1.2966558041333824,7.583391361990051e-05
944,1.060060240685438,7.908855045078284e-05
945,0.8016462663045305,8.203240611660316e-05
946,0.535980824272663,8.429183650626403e-05
947,0.8136395568595446,8.191132429641605e-05
948,1.0205556690605373,7.958239189162013e-05
949,1.2318390454211028,7.677351613864485e-05
950,1.434439212018993,7.372811914064697e-05
951,1.6207503077083663,7.067447747371327e-05
952,1.7886598405999838,6.775497870069354e-05
953,1.940502441662511,6.50080192447451e-05
954,2.0808355477054707,6.240174408062986e-05
955,2.213642047785375,5.9893432404692236e-05
956,2.3378745575456814,5.752438234081916e-05
957,2.4405439375594895,5.555887418829386e-05
958,2.4961107150666013,5.449463558994425e-05
959,2.4797905884131937,5.480720387182399e-05
960,2.401928258069223,5.629839000043746e-05
961,2.280468031656998,5.8620992877293035e-05
962,2.1352829805400697,6.137737337232902e-05
963,1.9791214602234837,6.429630160961056e-05
964,1.8149484715928115,6.728587673476692e-05
965,1.63983655045581,7.034989808592469e-05
966,1.4494535823403971,7.349034302092922e-05
967,1.241872692992815,7.663035311245802e-05
968,1.0208476594937819,7.957879722742399e-05
969,1.1969314069738684,7.726509578253577e-05
970,1.379123087154292,7.459042809002533e-05
971,1.5492815454410995,7.187142327446983e-05
972,1.705225610289925,6.92232208335506e-05
973,1.8441289972396513,6.676174059140284e-05
974,1.9637533459185206,6.458012246546592e-05
975,2.0642285904220734,6.271281638717651e-05
976,2.148330639647994,6.113101066523743e-05
977,2.2211593622828527,5.975049325470643e-05
978,2.286650029815737,5.8503033232151154e-05
979,2.3400193741221718,5.7483364653646354e-05
980,2.366277049478568,5.698100622453527e-05
981,2.348130428867249,5.732822373018507e-05
982,2.295079626813215,5.834205067940556e-05
983,2.206832325024038,6.002277891309332e-05
984,2.0873431132157987,6.227964604145306e-05
985,1.9451327157317406,6.492294411418094e-05
986,1.7867702114676978,6.778852157473536e-05
987,1.615002495375228,7.077188221497232e-05
988,1.431656097858725,7.377206858219859e-05
989,1.5490259098165757,7.187559863781544e-05
990,1.695707928242307,6.938859159544751e-05
991,1.807826763762729,6.741324843624422e-05
992,1.901097164260126,6.572906893509097e-05
993,1.976121717405384,6.435181340878302e-05
994,2.029735862704437,6.335698687490061e-05
995,2.064359775475466,6.2710361077494e-05
996,2.090635570622134,6.221783511964135e-05
997,2.1243426840758777,6.158362027214232e-05
998,2.1716697841791026,6.068948399363017e-05
999,2.230419140111388,5.9574412067321063e-05
1000,2.2510195527479686,5.91823698101432e-05
1001,2.24636111143691,5.927108611276531e-05
1002,2.221551739696453,5.974303423273108e-05
1003,2.1716309105842524,6.069022005535256e-05
1004,2.0782375708510643,6.245046163277396e-05
1005,1.9410728673024968,6.499754219723485e-05
1006,1.7817809857060158,6.787717368863033e-05
1007,1.8473687679936253,6.67034085800083e-05
1008,1.9042701074450452,6.567126842925752e-05
1009,1.9339181555118656,6.512880844904293e-05
1010,1.9605536296890744,6.463910970033539e-05
1011,1.968902778637468,6.448512539373037e-05
1012,1.9600779840007982,6.464780697835777e-05
1013,1.9492852066618087,6.484658867096515e-05
1014,1.9591995505740947,6.466406273389947e-05
1015,2.00131569661512,6.388534402522495e-05
1016,2.0616696367681637,6.276077466034184e-05
1017,2.140279750246054,6.128306332497205e-05
1018,2.16848513196502,6.0749776161366736e-05
1019,2.1806329481232964,6.0519778003254324e-05
1020,2.1922505937013423,6.0299522357109254e-05
1021,2.1965176236693056,6.021857227926409e-05
1022,2.094727240490699,6.214098670380155e-05
1023,1.9332968018816392,6.51402738472053e-05
1024,1.9251986848418858,6.528870369524867e-05
1025,1.9189933625262368,6.540222409411074e-05
1026,1.8890118402902547,6.594914791174263e-05
1027,1.8422464266290908,6.679571857214494e-05
1028,1.8015991120085642,6.752445470514107e-05
1029,1.7939328253012536,6.76610611492191e-05
1030,1.833340539365817,6.695596357885744e-05
1031,1.90380133884186,6.567981988224183e-05
1032,2.0272661901989535,6.340291616635652e-05
1033,2.094732772716521,6.214088277439946e-05
1034,2.1317634026637444,6.144369944299326e-05
1035,2.16085631988061,6.089421070604032e-05
1036,2.2017309682387505,6.0119555736531614e-05
1037,1.906541079778727,6.562976297700878e-05
1038,1.8838225790467988,6.604355026602311e-05
1039,1.8085811152211502,6.739970426749032e-05
1040,1.7205246195185975,6.895645851705171e-05
1041,1.651991668642875,7.014220728375363e-05
1042,1.6285689056962158,7.054181310759906e-05
1043,1.6663634745956322,6.989555461683699e-05
1044,1.74691551233701,6.849363553397946e-05
1045,1.9041395462790294,6.567365025290056e-05
1046,2.030059832140397,6.33508802922618e-05
1047,2.1109877047305896,6.183515621410428e-05
1048,2.1334356532001078,6.141215359490784e-05
1049,1.8948072288105315,6.584374291605748e-05
1050,1.7341351937447438,6.871818064392258e-05
1051,1.5998502461026791,7.102756555960115e-05
1052,1.5039242939727475,7.261499644311493e-05
1053,1.4623169798129572,7.3285450587419e-05
1054,1.495122045543626,7.275773398076486e-05
1055,1.585346268654192,7.1271180226369e-05
1056,1.7057462602214593,6.921416144502272e-05
1057,1.92651177996747,6.526458364795229e-05
1058,2.10498936819308,6.194808644670175e-05
1059,1.6172667975252446,7.073355407430872e-05
1060,1.4736828823780777,7.310343978337169e-05
1061,1.3602841021151681,7.48790745605905e-05
1062,1.2986205052199307,7.580486199987562e-05
1063,1.3157444957979354,7.555074891169765e-05
1064,1.4131259835444197,7.40629509682334e-05
1065,1.5482080918231882,7.188911784954377e-05
1066,1.7573627022241192,6.830945564651627e-05
1067,1.341485476063978,7.51644119994895e-05
1068,1.2270505913919625,7.684159586121685e-05
1069,1.152115930231802,7.7880757706097e-05
1070,1.1369271316631921,7.808541248745749e-05
1071,1.2310957195805194,7.678412772233724e-05
1072,1.384452477163168,7.45083091079527e-05
1073,1.11729545935535,7.834680075149719e-05
1074,1.0442945009917817,7.928743985754237e-05
1075,1.0113853627297402,7.969486181063437e-05
1076,1.051782405565635,7.919327448929262e-05
1077,0.9846174654328361,8.001841356328154e-05
1078,0.9721497546826077,8.016667744987193e-05
1079,0.8582150922460254,8.14476245517904e-05
1080,1.0859879612659293,7.875629921617841e-05
1081,1.3064742823389366,7.568858279217033e-05
1082,1.5098566561708524,7.251843263709354e-05
1083,1.694120470684975,6.941607177356267e-05
1084,1.862502558475874,6.643008280839375e-05
1085,2.0206951139085847,6.352530139789735e-05
1086,2.1733153889948933,6.0658398335115903e-05
1087,2.319206772932362,5.788118207259843e-05
1088,2.4451242401596875,5.5471142773194544e-05
1089,2.523147770587769,5.397715471120742e-05
1090,1.2122634379884436,7.705046245127393e-05
1091,1.4032705640441796,7.421673766600424e-05
1092,1.5829552062765104,7.131116221491294e-05
1093,1.746401400490538,6.850268307732127e-05
1094,1.8920459430690184,6.589401097464973e-05
1095,2.0209130431806113,6.352117592553218e-05
1096,2.13525109703032,6.13779003993232e-05
1097,2.2365887607902026,5.9457108332861274e-05
1098,2.322773567305654,5.781301243727609e-05
1099,2.3855757720327864,5.661158775258375e-05
1100,2.413097984341629,5.608455923478624e-05
1101,2.388842339704529,5.654904577441663e-05
1102,2.325770120658694,5.775581445867044e-05
1103,2.229506061836672,5.9591779888197044e-05
1104,2.1092142889461996,6.186860403627713e-05
1105,1.9725879699644757,6.441709082367122e-05
1106,1.8223191550496691,6.715382961594178e-05
1107,1.657692514352307,7.004449911844835e-05
1108,1.47777152623371,7.303770605110319e-05
1109,1.2844310639347716,7.601374192553368e-05
1110,1.5456108177970105,7.193202578384437e-05
1111,1.6945856758089843,6.940806090032818e-05
1112,1.8238608412369175,6.712611837285154e-05
1113,1.932613155006687,6.515274524970844e-05
1114,2.0196991063592216,6.35438309869151e-05
1115,2.086320066833153,6.229877424090233e-05
1116,2.1380622078183174,6.132492352345871e-05
1117,2.1843774612722426,6.044881014120747e-05
1118,2.2309926501741715,5.956350268276768e-05
1119,2.27127800984847,5.879628021926249e-05
1120,2.2907907989842458,5.8424002632040136e-05
1121,2.2766402947967594,5.869401204658467e-05
1122,2.2381455221336606,5.942748233254958e-05
1123,2.1737003895768807,6.065110726509383e-05
1124,2.0791306433494334,6.243371638480681e-05
1125,1.9556031820292772,6.473030885825315e-05
1126,1.8098793229933574,6.737649752009644e-05
1127,1.6485947864952784,7.020028871341358e-05
1128,1.8160012385695299,6.726696702766299e-05
1129,1.89867797888569,6.577316520035074e-05
1130,1.9584825304991251,6.467727368938899e-05
1131,1.9974875793745674,6.395634077844674e-05
1132,2.016067247853644,6.361137478689055e-05
1133,2.022952892297484,6.348328808821756e-05
1134,2.0357957890218246,6.324404629371221e-05
1135,2.0694641593877714,6.261486603753298e-05
1136,2.1179338009964646,6.170444846934264e-05
1137,2.175877988888549,6.060986366947453e-05
1138,2.1954618359317672,6.023860427020727e-05
1139,2.196550573517174,6.021787061754899e-05
1140,2.188248902079854,6.0375413250784995e-05
1141,2.1649994763732656,6.0815747246159385e-05
1142,2.0896569634826982,6.223620951527521e-05
1143,1.9588106904847369,6.467115905605825e-05
1144,1.9385140521133877,6.504453182202081e-05
1145,1.953049464572995,6.477732428264362e-05
1146,1.9493528936675564,6.484534359275545e-05
1147,1.925712723477084,6.527928845015819e-05
1148,1.8950292197167056,6.583963434039807e-05
1149,1.8812817292676656,6.608970483467084e-05
1150,1.905731423569131,6.564460558753614e-05
1151,1.9616844176019952,6.461826710053338e-05
1152,2.0543530246116717,6.289760355725683e-05
1153,2.1087429834132214,6.187739870214552e-05
1154,2.139034862562881,6.130656401795288e-05
1155,2.160758963210371,6.089605232220575e-05
1156,2.1912931732679315,6.0317681808521085e-05
1157,2.218736850570106,5.979661724323361e-05
1158,1.9216756023737138,6.535320921378724e-05
1159,1.8873940732655603,6.597863400876583e-05
1160,1.8241060035112564,6.712172082894772e-05
1161,1.7598909214669687,6.826482313691034e-05
1162,1.723519313941902,6.890404836896046e-05
1163,1.7404403682801395,6.860743753669759e-05
1164,1.804020667200103,6.748123289765705e-05
1165,1.8876113850164074,6.597468259988746e-05
1166,2.0237646111551424,6.346810918210578e-05
1167,2.0956824693605434,6.2123040607707e-05
1168,2.1337952064982444,6.140544471568232e-05
1169,2.1631966726286334,6.084993521041018e-05
1170,1.824243093213038,6.711926170540815e-05
1171,1.7186154127367617,6.898981114423663e-05
1172,1.6222905057968966,7.064841445522301e-05
1173,1.5641618033722426,7.162470766850022e-05
1174,1.5712736676282497,7.150626914608623e-05
1175,1.6412973238615396,7.032497386140231e-05
1176,1.7430777327998623,6.856114449163485e-05
1177,1.9208378362180691,6.536854201216836e-05
1178,2.06498116411978,6.269880267478015e-05
1179,2.1309662990045104,6.145880880512652e-05
1180,1.603899151038036,7.095935668367241e-05
1181,1.4845898256957755,7.292796887099893e-05
1182,1.4062412459654452,7.417046894619378e-05
1183,1.3964254019333544,7.432311049492908e-05
1184,1.4681410973920115,7.319229281422671e-05
1185,1.585565306122087,7.126751108817697e-05
1186,1.7717687726445746,6.805474589074345e-05
1187,1.9469697664370271,6.488910340611957e-05
1188,1.3494346883755948,7.504403759165999e-05
1189,1.2578954161942082,7.639994522152616e-05
1190,1.222599640061903,7.690467026434032e-05
1191,1.2831372268756112,7.603270460973068e-05
1192,1.4147412075914336,7.403773293272795e-05
1193,1.5694672421537328,7.153642041006219e-05
1194,1.1330150207197327,7.813777984496862e-05
1195,1.078381724036957,7.885444740523564e-05
1196,1.0955432127927935,7.863230147647771e-05
1197,1.241036370054194,7.664232112231284e-05
1198,0.9968761638850347,7.987109504761093e-05
1199,0.9908711307441396,7.994346030848461e-05
1200,1.5741267124014984,7.145874412708037e-05
1201,1.7320525064833883,6.875463995139373e-05
1202,1.8713614727492436,6.62696122242772e-05
1203,1.9898136691454829,6.409846570611948e-05
1204,2.087254623067439,6.228123392746249e-05
1205,2.1652610109166,6.081079804661808e-05
1206,2.2264782202133695,5.964944256271665e-05
1207,2.2720961219601925,5.8780679271689044e-05
1208,2.2993785784881138,5.825996836571689e-05
1209,1.8242517703405352,6.711916937352239e-05
1210,1.929288392330003,6.52137711283935e-05
1211,2.0051792083234665,6.381364871320072e-05
1212,2.0542495197859814,6.289953827317688e-05
1213,2.084914981742011,6.232521499801898e-05
1214,2.1099423129939345,6.185490410996304e-05
1215,2.139983123629317,6.128866323683867e-05
1216,2.172390283381128,6.06759168062355e-05
1217,2.1995538448003615,6.016095517813269e-05
1218,2.2008851074626996,6.0135611432170424e-05
1219,2.186462411716889,6.040928544768931e-05
1220,2.163196034417312,6.084994728557881e-05
1221,2.130445701594107,6.1468627585478e-05
1222,2.076665508351377,6.247986088556818e-05
1223,1.989303964299385,6.410790431281464e-05
1224,1.8707400204429527,6.628087435474628e-05
1225,1.9652691280472314,6.455216770999293e-05
1226,1.998671731939907,6.39343837954068e-05
1227,2.0014849324323074,6.388220439409736e-05
1228,1.9886129008040845,6.412076970747258e-05
1229,1.9804358540534033,6.427199989205513e-05
1230,1.9972373130012038,6.396091084576289e-05
1231,2.0369994078282536,6.322153136230897e-05
1232,2.0786662737888753,6.244242361509027e-05
1233,2.122382148233345,6.162056882853278e-05
1234,2.135047458280634,6.138181749309206e-05
1235,2.140711122212261,6.127484453909356e-05
1236,2.149589916529572,6.110714155076872e-05
1237,2.1524096121352,6.105392791942305e-05
1238,2.094245475294861,6.215003697523333e-05
1239,1.9589290428750685,6.466897842118837e-05
1240,1.9274516042303727,6.524743213258135e-05
1241,1.8777962439717002,6.61529799722728e-05
1242,1.8405211408910414,6.682678664624971e-05
1243,1.8452891492395724,6.674083382546005e-05
1244,1.8929285559045275,6.587794636064194e-05
1245,1.9550004065555582,6.474140816617907e-05
1246,2.038676299322757,6.319025647806533e-05
1247,2.086361386639479,6.229807178679762e-05
1248,2.1197482023617997,6.167019644274643e-05
1249,2.1543318171012382,6.101751726997914e-05
1250,2.1952512357448706,6.024259989128762e-05
1251,1.8310900630057068,6.699634272257464e-05
1252,1.7534068153952527,6.837923296045024e-05
1253,1.6919515389515072,6.945373402694692e-05
1254,1.6839241392276176,6.959264588013736e-05
1255,1.7375072779606573,6.865900928132932e-05
1256,1.8201587333310087,6.719255723691596e-05
1257,1.9409404328828008,6.499997472405503e-05
1258,2.039671681393194,6.317176010764739e-05
1259,2.1166513463805243,6.172860206249077e-05
1260,2.1518072377319375,6.106531324091252e-05
1261,1.6193446878566156,7.06983014938181e-05
1262,1.5388282253830472,7.204393196074304e-05
1263,1.5144057855698116,7.244431914952468e-05
1264,1.5680965076331135,7.155924679180024e-05
1265,1.6685159512995338,6.985851929918103e-05
1266,1.7861852295166163,6.779892159885863e-05
1267,1.9597593335230363,6.465374772262011e-05
1268,2.0986728077130556,6.206684760245301e-05
1269,1.3901260656787362,7.44207022158519e-05
1270,1.3443130563646417,7.512166403610353e-05
1271,1.385859299271359,7.448664082337641e-05
1272,1.4980756579380903,7.270987755990792e-05
1273,1.63796057840919,7.038194488163809e-05
1274,1.816050745306128,6.72660806384068e-05
1275,1.1917380616554176,7.733737366347329e-05
1276,1.2013344174928147,7.720366435805315e-05
1277,1.3162072161949732,7.554380896821742e-05
1278,1.4741362976222125,7.309616097007855e-05
1279,1.045848280249071,7.926794433094109e-05
1280,1.1428120324248725,7.800634520910547e-05
1281,2.0137301020777234,6.365475048215537e-05
1282,2.0626031139319356,6.274330822260581e-05
1283,2.0746408505738225,6.251788205086878e-05
1284,2.074714953115326,6.251642067120616e-05
1285,2.082865788638429,6.236366203301338e-05
1286,2.1009951266144777,6.202319434165427e-05
1287,2.115192901411612,6.175606615444891e-05
1288,2.015606505434239,6.361994091430509e-05
1289,1.997277601483498,6.39601638955336e-05
1290,1.968853704802315,6.448603109592146e-05
1291,1.9634319245531993,6.458604935272035e-05
1292,1.9879878738777719,6.413227188731952e-05
1293,2.021220608516587,6.351552408776619e-05
1294,2.0521925074000458,6.293798252890467e-05
1295,2.066159065078955,6.267675307126788e-05
1296,2.069399851241466,6.261599798367695e-05
1297,2.078013655761628,6.245465978763739e-05
1298,2.099505146685141,6.205120323738567e-05
1299,2.1038047699938995,6.197029164143323e-05
1300,1.885582141984942,6.601157389482382e-05
1301,1.8375865067686112,6.687954095371111e-05
1302,1.8222932016530993,6.715429496940791e-05
1303,1.8552627799597095,6.656094852092048e-05
1304,1.9105180084826197,6.555715152292712e-05
1305,1.9626909261945038,6.459971185822898e-05
1306,2.026457270876744,6.3418050653268e-05
1307,2.0657131893227842,6.268509998949478e-05
1308,2.102919115707428,6.198701981691039e-05
1309,2.1337973280336358,6.140540468955082e-05
1310,1.6878368123063363,6.952500862403083e-05
1311,1.6616763822117184,6.9976116000239e-05
1312,1.6996159985600712,6.93206852303068e-05
1313,1.7765864023212627,6.796941950377427e-05
1314,1.8618591029987006,6.644172201494815e-05
1315,1.9677502008212886,6.450639531422609e-05
1316,2.0552482138707844,6.288086954546666e-05
1317,2.122720632600115,6.161426444870304e-05
1318,1.4959315438715186,7.27446724612706e-05
1319,1.5270802102615366,7.223699906806461e-05
1320,1.6181289366688747,7.071889848652834e-05
1321,1.7327703080091281,6.874205599732714e-05
1322,1.867108766726159,6.634671686734022e-05
1323,1.9882223839117694,6.412799990064657e-05
1324,1.353150373153079,7.498762658974552e-05
1325,1.4439031819789514,7.35784233200797e-05
1326,1.5774625014917945,7.140305530356566e-05
1327,1.7218691143229043,6.8932960425179e-05
1328,1.274272083755234,7.616223284885349e-05
1329,1.4147219310630361,7.403798947031784e-05
1330,1.9871742387945988,6.414740348984967e-05
1331,1.9765659188515536,6.43435359951939e-05
1332,1.981138344873618,6.425900948462884e-05
1333,1.995657875261454,6.399025991467399e-05
1334,2.0043887541577545,6.382832062091602e-05
1335,1.8244697473590443,6.71152591307911e-05
1336,1.8497547281821414,6.66603757872912e-05
1337,1.8944900155019058,6.584951904694961e-05
1338,1.936051614791617,6.50897313155724e-05
1339,1.9724189728797028,6.44202116872323e-05
1340,2.000374825112692,6.39027974151125e-05
1341,2.0128691963849024,6.367082099289878e-05
1342,2.0029815141086833,6.385436640873105e-05
1343,1.689147927544428,6.95023070487142e-05
1344,1.7573746149716094,6.830930596122885e-05
1345,1.83622169265272,6.690409349186365e-05
1346,1.9082880678848166,6.559787296779408e-05
1347,1.9815801956012777,6.425083806143672e-05
1348,2.0211808150061654,6.351626450867094e-05
1349,1.5994653250981632,7.103409877711573e-05
1350,1.703551513556222,6.925228299442864e-05
1351,1.814174838513035,6.729966052438206e-05
1352,1.9167098408252923,6.54440576259218e-05
1353,1.5539453666666996,7.179418976896638e-05
1354,1.6867597901162907,6.954359287856323e-05
1355,1.8982254122557116,6.578141215223442e-05
1356,1.9365932668094417,6.507979068311942e-05
1357,1.9521074519296249,6.479466206194002e-05
1358,1.8306494234471637,6.70042589644193e-05
1359,1.897079994820422,6.580228139973387e-05
1360,1.9421975532148996,6.497681397527748e-05
1361,1.9577942649477245,6.468995333148402e-05
1362,1.8027533514023495,6.750385605120603e-05
1363,1.8905028817830616,6.592208978519128e-05
1364,1.938292605517119,6.504852963572616e-05
1365,1.1557491378938323,7.783150528581898e-05
1366,1.2480742027518021,7.654138946397333e-05
1367,1.4846178411037882,7.292751714621557e-05
1368,1.7851563437391087,6.781720987470707e-05
1369,2.086297215366424,6.229927612371488e-05
1370,2.3517260764401744,5.725935713553942e-05
1371,2.563423014373885,5.320706554645774e-05
1372,2.7151677892590906,5.03182636872588e-05
1373,2.809238988993501,4.8543553060403754e-05
1374,2.8544814696943606,4.7695818090054714e-05
1375,2.8647311355646976,4.750435481092752e-05
1376,2.856875470390602,4.76509899778652e-05
1377,2.8475124089617476,4.7826127826988136e-05
1378,1.2592620921046238,7.638019443369714e-05
1379,1.4243168572115794,7.388758529199139e-05
1380,1.6804903490487182,6.965204796965333e-05
1381,1.961805663429192,6.461596340981764e-05
1382,2.2244050567838087,5.9688864258754246e-05
1383,2.444534009278583,5.548244806602429e-05
1384,2.612052980714502,5.2278586407411626e-05
1385,2.7262324143817276,5.010884092291547e-05
1386,2.7932030796459175,4.884499565704311e-05
1387,2.824070556971214,4.8265190339541715e-05
1388,2.8330978030616936,4.809597844025673e-05
1389,2.835283353754319,4.805503602256173e-05
1390,2.8424477851373253,4.792089181358946e-05
1391,2.852805975580258,4.772713763304406e-05
1392,2.8352289386792764,4.8056055274193705e-05
1393,2.8148518013292603,4.843815968451601e-05
1394,2.7712372130905742,4.925867932320933e-05
1395,2.6886076526657443,5.082191114902516e-05
1396,2.5563382623215887,5.334238855840923e-05
1397,2.369993891949108,5.690986924991903e-05
1398,2.1330875733818186,6.141872032512661e-05
1399,1.8600373232102039,6.647466685471952e-05
1400,1.5817952691357622,7.133057165865886e-05
1401,1.3543782872798806,7.496896168491579e-05
1402,1.4924454880050821,7.280110104570161e-05
1403,1.660547808144056,6.999549652104452e-05
1404,1.8794874307631924,6.612228395659794e-05
1405,2.1058482605758706,6.193193136151298e-05
1406,2.3110969213986543,5.803614518166591e-05
1407,2.4801236344555586,5.480082626804005e-05
1408,2.6077796752671327,5.236017144797195e-05
1409,2.695986771334586,5.0681971382254376e-05
1410,2.7514855228359205,4.963129921144872e-05
1411,2.7839530198182074,4.901909604829043e-05
1412,2.8041846418037544,4.863851195089321e-05
1413,2.8218115085258684,4.8307472922896946e-05
1414,2.842122318053351,4.792698344296053e-05
1415,2.820798434791957,4.8326565180453597e-05
1416,2.7636311904024655,4.9402123250439726e-05
1417,2.704333138254574,5.0523681737289204e-05
1418,2.6256099197248264,5.202023539815403e-05
1419,2.5145104381923695,5.4142437830622924e-05
1420,2.364612634140053,5.701277877831765e-05
1421,2.177420061822309,6.0580652179540454e-05
1422,1.964786678485138,6.456106603916942e-05
1423,1.7526148253843397,6.839325444481956e-05
1424,1.724835074912783,6.888103343108562e-05
1425,1.8516836797262175,6.662556923442161e-05
1426,2.011167958958754,6.37024325676062e-05
1427,2.1767996408400494,6.059232941045482e-05
1428,2.3303560684847233,5.7668064050040314e-05
1429,2.461869137032263,5.515033716080489e-05
1430,2.567826163198477,5.312292768463168e-05
1431,2.649134852187203,5.157223569299972e-05
1432,2.709387081190765,5.0427881479289304e-05
1433,2.753542286940146,4.9592457995523765e-05
1434,2.7868648963753246,4.8964185554703365e-05
1435,2.8136598899604452,4.846053542648215e-05
1436,2.8289403114833136,4.817388846080415e-05
1437,2.731116803190845,5.001632699271413e-05
1438,2.633101533882093,5.18775028463983e-05
1439,2.5414156545333286,5.3627704344086324e-05
1440,2.44784992612353,5.541885237439033e-05
1441,2.3427375973107325,5.743137714647681e-05
1442,2.2224420015185267,5.9726186961890025e-05
1443,2.0918445004290134,6.219513323691343e-05
1444,1.8794704091420287,6.612252743553271e-05
1445,1.9533565906413277,6.477167100607858e-05
1446,2.0582086756573794,6.282544274863124e-05
1447,2.1785539866791583,6.055916975623879e-05
1448,2.3017148871090334,5.821535329093292e-05
1449,2.4186350150512355,5.597842923434362e-05
1450,2.523407540102785,5.397226849850976e-05
1451,2.6124875055401313,5.2270385835641295e-05
1452,2.6841434854275206,5.090674581132962e-05
1453,2.7382761129677826,4.988091940376074e-05
1454,2.7763623714976013,4.916199216745194e-05
1455,2.7935915020591815,4.883768839291958e-05
1456,2.709195611428028,5.043151022014592e-05
1457,2.5873818509576134,5.2749422538735276e-05
1458,2.4628887615836317,5.513080872113683e-05
1459,2.3690590189964853,5.692768140637695e-05
1460,2.310582919369093,5.80460446369319e-05
1461,2.266103403592174,5.889486262740146e-05
1462,1.9401642644647807,6.501423006752854e-05
1463,1.972381821341337,6.442089775182612e-05
1464,2.04420855697562,6.308709746176198e-05
1465,2.145213964101656,6.118981292598732e-05
1466,2.262839858272801,5.89571503925909e-05
1467,2.3845547580587643,5.6631135483203046e-05
1468,2.4993183842685536,5.443331086752267e-05
1469,2.5984925036897923,5.2537267196776954e-05
1470,2.6764701911280655,5.105247783723787e-05
1471,2.7311484877569163,5.001581462990977e-05
1472,2.6726375172814922,5.1125210592048915e-05
1473,2.62521540486034,5.202775344071222e-05
1474,2.545676684359937,5.35462207623459e-05
1475,2.427314805210804,5.5812182395582436e-05
1476,2.300578692702696,5.823713041220669e-05
1477,2.278688263998829,5.865494609806275e-05
1478,1.9332968018816392,6.51402738472053e-05
1479,1.9478896422193626,6.487225630633934e-05
1480,2.013512764862085,6.365886043298194e-05
1481,2.118556547232443,6.169264446943724e-05
1482,2.246125585994376,5.927557082898786e-05
1483,2.3785798395795807,5.6745520740084896e-05
1484,2.5008624736954426,5.4403751697429075e-05
1485,2.602213363231096,5.2466270945924824e-05
1486,2.622694778899826,5.2075791325311476e-05
1487,2.517152427754739,5.409187740993607e-05
1488,2.468596102406291,5.502158437679445e-05
1489,2.4448197751620033,5.547697449979701e-05
1490,2.4109751677529223,5.6125215239681834e-05
1491,2.3402197406462277,5.747945236137466e-05
1492,1.906541079778727,6.562976297700878e-05
1493,1.9276452098524464,6.524381726355605e-05
1494,2.005649374307052,6.380492095861491e-05
1495,2.1239277735054345,6.159144037958183e-05
1496,2.261117330689915,5.898998039919433e-05
1497,2.3972672479973833,5.6387727539072275e-05
1498,2.517210350604728,5.409085302497501e-05
1499,2.5007505209253726,5.440589482950543e-05
1500,2.3756699938395376,5.6801222927762845e-05
1501,2.2980534432910846,5.828527161730682e-05
1502,2.2879625042370426,5.847790608586651e-05
1503,2.3553567333259315,5.718989443289963e-05
1504,1.902735325399228,6.569919718387475e-05
1505,1.94181459936548,6.498391716645763e-05
1506,2.0339646636550692,6.32781836203058e-05
1507,2.1590790429973006,6.0927827381068966e-05
1508,2.295360347484939,5.8336691209758455e-05
1509,2.42462889206724,5.586370955701216e-05
1510,2.394807627718105,5.643474417922418e-05
1511,2.3248555542852603,5.7773216730131126e-05
1512,2.1948755298115596,6.0249727820968355e-05
1513,2.136356006349494,6.135712487074328e-05
1514,1.9369774954899552,6.507267083122246e-05
1515,1.9889770473138788,6.41139576933119e-05
1516,2.0843787648654932,6.233527643651156e-05
1517,2.2040994118342296,6.007467023113313e-05
1518,2.329498883834472,5.768445207951409e-05
1519,2.3191498925472502,5.788234891445218e-05
1520,2.2684402899455374,5.885031014391778e-05
1521,2.195747164139094,6.023319076124679e-05
1522,1.9944232291988695,6.40131424022483e-05
1523,2.0463268376484485,6.304747862766767e-05
1524,2.132900257563096,6.142232857335095e-05
1525,2.2388492750525737,5.941408855138082e-05
1526,2.2797684740623847,5.8634260153124054e-05
1527,2.256999021466975,5.906838073621884e-05
1528,2.0490478922034474,6.299666130723626e-05
1529,2.0900976109989884,6.22279361502436e-05
1530,2.1613379004567137,6.088502539357545e-05
1531,2.2515942310080344,5.917134574353452e-05
1532,2.080962698181056,6.239928650325581e-05
1533,2.106122081880812,6.192678067152573e-05
1534,1.570832700369679,7.151367074954712e-05
1535,1.7904815201208666,6.772256771192493e-05
1536,2.0320278132511675,6.331421126455577e-05
1537,2.256970811253312,5.90689964185647e-05
1538,2.4450478792095414,5.547260539155779e-05
1539,2.5885569189588016,5.27269889508719e-05
1540,2.6885641126479625,5.082282419733497e-05
1541,2.752559506758103,4.9611103844416074e-05
1542,2.792557408731936,4.88571430720302e-05
1543,2.819592392055745,4.8349192146794556e-05
1544,2.8287338954798704,4.817775753918293e-05
1545,1.7886053730038096,6.775594755577322e-05
1546,1.960260970805069,6.464450331751343e-05
1547,2.1434455441909295,6.122321225303052e-05
1548,2.3129074998622565,5.800163258391828e-05
1549,2.4559088735402392,5.526457700196084e-05
1550,2.5687334211769244,5.3105508072953034e-05
1551,2.6537516490158524,5.148438798204817e-05
1552,2.7167495188300212,5.0288389126306234e-05
1553,2.762942388498906,4.941511847533806e-05
1554,2.792367395236928,4.886063041751436e-05
1555,2.8076605014087614,4.8573115977431886e-05
1556,2.8086448062951592,4.855471376587597e-05
1557,2.7641613323348055,4.93921219253638e-05
1558,2.6936385356422305,5.0726436793241965e-05
1559,2.6160751842250556,5.220197754139133e-05
1560,2.5241038779928995,5.395886086640252e-05
1561,2.4091845823332716,5.61595077978868e-05
1562,2.268211713207818,5.885466818756869e-05
1563,2.106150510136747,6.192617224834889e-05
1564,1.938291294080388,6.504862149682089e-05
1565,1.9332365044398996,6.514137984308033e-05
1566,2.0480893815586763,6.301463591972499e-05
1567,2.1782339547364904,6.056515711829376e-05
1568,2.3068346947268736,5.811764708838135e-05
1569,2.424633139912671,5.5863545947890815e-05
1570,2.5275462211584405,5.3892999902880714e-05
1571,2.6143946576316517,5.223401953259164e-05
1572,2.6848940251250544,5.089249564942187e-05
1573,2.737742920035183,4.989108829810327e-05
1574,2.7706017933464775,4.927057155582825e-05
1575,2.778989998917906,4.911257186653105e-05
1576,2.7409684527879485,4.983010608649832e-05
1577,2.6470773671110863,5.161139315278707e-05
1578,2.540140965087062,5.365216673490991e-05
1579,2.44228320505929,5.552547747864512e-05
1580,2.355598599501399,5.7185347437551354e-05
1581,2.2727490853536665,5.8768148529732944e-05
1582,2.1888373758903867,6.0364254580522855e-05
1583,1.9877438622936716,6.413678923453651e-05
1584,2.0594935892171904,6.28014107217324e-05
1585,2.1587606853646335,6.093384843790885e-05
1586,2.270659096063522,5.880808210797245e-05
1587,2.3846810284075146,5.6628718003909374e-05
1588,2.492899356653068,5.4556201664012384e-05
1589,2.5889139703412325,5.272017260028536e-05
1590,2.6672028661721288,5.1228585042691204e-05
1591,2.7207801591441085,5.0212056755047933e-05
1592,2.7237354229302624,5.015610547122971e-05
1593,2.6826964534595774,5.09342220738279e-05
1594,2.6013469682842882,5.248280117248904e-05
1595,2.486326536024523,5.468204995599063e-05
1596,2.3672820126765792,5.69616917591544e-05
1597,2.295072165629483,5.8342272312694995e-05
1598,2.276442395174321,5.869770815540469e-05
1599,1.9772137303995194,6.433156426939471e-05
1600,2.03161820094878,6.332191549570809e-05
1601,2.124429531745224,6.158205760436619e-05
1602,2.239469501865803,5.940220623715345e-05
1603,2.3626666100452316,5.705002012179346e-05
1604,2.4809317054819213,5.478526898018075e-05
1605,2.583538816124245,5.2822799060056976e-05
1606,2.6594581335849177,5.137575431184909e-05
1607,2.616875876828257,5.218671199911026e-05
1608,2.5611856746627777,5.3249823131449914e-05
1609,2.507833196005662,5.4270318951585636e-05
1610,2.4383711638256957,5.560040918744087e-05
1611,2.340751063508246,5.746929078711793e-05
1612,2.239281812032964,5.940585623133135e-05
1613,1.9479828990582673,6.487054129369721e-05
1614,2.006556861468617,6.378800311800144e-05
1615,2.109566861708532,6.186196947498283e-05
1616,2.236663514275423,5.9455608191807584e-05
1617,2.3688808705024846,5.693109107355596e-05
1618,2.4905647525815886,5.460090035035166e-05
1619,2.585079238621245,5.279330053842518e-05
1620,2.525537337227296,5.3931518572039865e-05
1621,2.406069746618075,5.6219160476897306e-05
1622,2.3597927237730305,5.710509570554338e-05
1623,2.3539658193909223,5.721650657023448e-05
1624,2.353976719912975,5.721637866921152e-05
1625,1.941740020950697,6.498521928001139e-05
1626,2.0146585276636015,6.363756389858324e-05
1627,2.129485040766055,6.148674483929936e-05
1628,2.2622951457054206,5.896745421202501e-05
1629,2.3933844021465496,5.646207780288342e-05
1630,2.4811708310092686,5.4780773342158344e-05
1631,2.4069769170613036,5.620178731028313e-05
1632,2.2772465191580955,5.868236975266669e-05
1633,2.204029700377606,6.007599373862228e-05
1634,2.237209670378138,5.944521482657518e-05
1635,1.9731263147425828,6.44070795746826e-05
1636,2.055734231686702,6.28717834583802e-05
1637,2.1717048778440544,6.0688819501755565e-05
1638,2.2985075107521764,5.827668071376973e-05
1639,2.3855872439210843,5.6611286727748245e-05
1640,2.318345795619817,5.789771573624851e-05
1641,2.2212381949092648,5.9748994677735276e-05
1642,2.166190284798325,6.079328735674291e-05
1643,2.0276640170778046,6.339557831566008e-05
1644,2.107732779242934,6.189640587898936e-05
1645,2.2137263378347862,5.989175399638571e-05
1646,2.318250320161005,5.789954030382483e-05
1647,2.2706852213474304,5.880758394042887e-05
1648,2.2476529737015367,5.924648617703116e-05
1649,2.079968549561428,6.241793103992142e-05
1650,2.1478828572156052,6.113939583745614e-05
1651,2.238639516795326,5.941808072136541e-05
1652,2.2622574387163032,5.896817289049915e-05
1653,2.1106148572200567,6.18421734061418e-05
1654,2.1626469164411066,6.0860261072535284e-05
1655,2.0598705333759586,6.279435988818992e-05
1656,2.1743985927629286,6.0637884194341234e-05
1657,2.2901303855478865,5.843660831337817e-05
1658,2.3991524844532406,5.635162691314219e-05
1659,2.4993570827929665,5.44325700348386e-05
1660,2.5914558387120015,5.2671649726676416e-05
1661,2.6741016599973673,5.1097476699841705e-05
1662,2.7372975185607427,4.9899510404275334e-05
1663,2.7672480278645137,4.9333899880162604e-05
1664,2.0996640772197632,6.204814240589553e-05
1665,2.1739109292848995,6.064704421205145e-05
1666,2.265305018735648,5.8910082425379825e-05
1667,2.3654740332131974,5.699637444328349e-05
1668,2.466660902439149,5.505864689245158e-05
1669,2.562621483024134,5.3222383135595576e-05
1670,2.645943047549978,5.163289718885471e-05
1671,2.7047994240406465,5.051484149509049e-05
1672,2.7228640639407793,5.0172601317859106e-05
1673,2.6938601811821785,5.072223127810407e-05
1674,2.6244642731064185,5.2042067768471804e-05
1675,2.527893786906264,5.388635039520536e-05
1676,2.4240328265659215,5.5875044030414666e-05
1677,2.3312370658975605,5.765130035715011e-05
1678,2.261698820781545,5.897881971958244e-05
1679,2.2123420049566738,5.991805407060641e-05
1680,2.0802945625468574,6.241188997027198e-05
1681,2.1394201798632055,6.129929040238356e-05
1682,2.2285072865828486,5.961077652978897e-05
1683,2.332367398627344,5.762960867859433e-05
1684,2.4404522436221265,5.55606305033512e-05
1685,2.5428070698064085,5.36010951613967e-05
1686,2.6272370100460867,5.198914475388124e-05
1687,2.6674994020705483,5.122294828645473e-05
1688,2.619698020236909,5.213282598628759e-05
1689,2.548335299247661,5.3495385649333406e-05
1690,2.4576869430151653,5.523052125321782e-05
1691,2.3562772536857866,5.7172362434261464e-05
1692,2.265081665463161,5.891434013989479e-05
1693,2.2399792210358456,5.9392582212692774e-05
1694,2.0451620844791227,6.306922538920238e-05
1695,2.108758661766666,6.187717744563573e-05
1696,2.2064703430214694,6.002957593497097e-05
1697,2.3206536950833945,5.785360900098468e-05
1698,2.4365440443888584,5.563548854449669e-05
1699,2.540609218028231,5.364312700980912e-05
1700,2.5951623456605377,5.260090442040545e-05
1701,2.508224793560041,5.426273968387768e-05
1702,2.434141407945405,5.568142633422249e-05
1703,2.3651006604913523,5.700351999730692e-05
1704,2.2974427498589467,5.829701145594863e-05
1705,2.2341819306139987,5.950290563059421e-05
1706,2.033265131525247,6.329122256038166e-05
1707,2.1096943177616088,6.185957099832176e-05
1708,2.2173474008605734,5.982302413023559e-05
1709,2.3363639575019177,5.75532695277715e-05
1710,2.450831813348564,5.536182060127322e-05
1711,2.4970156732561204,5.447739417942068e-05
1712,2.384237084792353,5.66371360408877e-05
1713,2.301038645713583,5.8228346877214275e-05
1714,2.2478192635607273,5.924331950453352e-05
1715,2.250238074921047,5.919725420180695e-05
1716,2.0580550338415162,6.282838814773853e-05
1717,2.1429812780810846,6.123205450666531e-05
1718,2.2510194827197934,5.9182293134411056e-05
1719,2.3640226833716484,5.702406893157484e-05
1720,2.390980651618495,5.6508022221539857e-05
1721,2.3232546067549515,5.780389788113742e-05
1722,2.208947354161379,5.9982612296004415e-05
1723,2.1569897142001695,6.09673393260128e-05
1724,2.1057820807674346,6.193310255169407e-05
1725,2.1878606595116756,6.038277482956577e-05
1726,2.286242554964235,5.851073047521583e-05
1727,2.311516197589186,5.8028214479455254e-05
1728,2.2620225546681896,5.897272795140334e-05
1729,2.2033404082768224,6.00890032583166e-05
1730,2.152556824091362,6.105114540516715e-05
1731,2.2230407344566916,5.971480406217534e-05
1732,2.2696614714999366,5.882710469164834e-05
1733,2.2474430960780816,5.925040493767472e-05
1734,2.180140287180054,6.0529037505173706e-05
1735,2.236046454645562,5.946742799889963e-05
1736,2.183188532467061,6.047134573859838e-05
1737,2.222871409512736,5.971794603512558e-05
1738,2.298444144803134,5.8277811388253926e-05
1739,2.3937400768387236,5.6455267368965307e-05
1740,2.494640871420665,5.452285944751108e-05
1741,2.586505209615569,5.276615951693142e-05
1742,2.649641943709135,5.1562499497219274e-05
1743,2.1419084321167454,6.125223824800913e-05
1744,2.188225017697544,6.037586613622448e-05
1745,2.2697652914524142,5.882504659467619e-05
1746,2.370256986210885,5.6904833645739045e-05
1747,2.4745952665495046,5.490661068977262e-05
1748,2.5629508414464675,5.321608890831477e-05
1749,2.5753637890497916,5.2978927299596145e-05
1750,2.502759108828324,5.436736094728334e-05
1751,2.4087770294958477,5.616731300441949e-05
1752,2.311470760444483,5.802908256575812e-05
1753,2.229092551829728,5.9599644979196235e-05
1754,2.1951518355251625,6.0244485742832344e-05
1755,2.1245118021184073,6.15804326887385e-05
1756,2.182919777063958,6.047636350383895e-05
1757,2.27153220257428,5.8791432977353996e-05
1758,2.3742687555233704,5.682796409188181e-05
1759,2.4740097609786607,5.491790671207447e-05
1760,2.5034027202773417,5.4355124505580044e-05
1761,2.399139715452156,5.635178973781992e-05
1762,2.310546780056165,5.804673506013166e-05
1763,2.228004194624636,5.962034481550895e-05
1764,2.1773870037490797,6.058127843955685e-05
1765,2.142815099630354,6.123511776136772e-05
1766,2.2095514999591583,5.99710609192435e-05
1767,2.2975095360477167,5.829573625668826e-05
1768,2.3929039849930795,5.647119518782675e-05
1769,2.403832722033755,5.6262000900548575e-05
1770,2.297413385771946,5.829757212547511e-05
1771,2.2202452383601607,5.9767946921990674e-05
1772,2.1720241538007428,6.068284970740039e-05
1773,2.1835168722977585,6.0465046358922294e-05
1774,2.248104531289176,5.923780912090535e-05
1775,2.3267918587877072,5.773628294594026e-05
1776,2.3114184637217323,5.8030002097811655e-05
1777,2.236709513237076,5.945481045725149e-05
1778,2.1947377812083135,6.0252341147170854e-05
1779,2.224316450452341,5.9690549002464664e-05
1780,2.278631479106683,5.865602935147554e-05
1781,2.2566530202122426,5.907497328920876e-05
1782,2.2379201141708585,5.943177215303541e-05
1783,2.248485252194744,5.9230636698226335e-05
1784,2.244960143684146,5.9297761422224145e-05
1785,2.1752585912725735,6.062151999169352e-05
1786,2.213854845902036,5.988931241592275e-05
1787,2.29400246297527,5.836269421860039e-05
1788,2.3915823703033916,5.6496582446878694e-05
1789,2.481558946253492,5.4773257929437925e-05
1790,2.1901285076338244,6.0339770183362364e-05
1791,2.234935456058265,5.9488568290270755e-05
1792,2.3094867205999545,5.806698650306946e-05
1793,2.395867687174316,5.641444571199331e-05
1794,2.393072872260942,5.64679613689729e-05
1795,2.307285332398942,5.8108959631896055e-05
1796,2.2305931044219345,5.957110293984943e-05
1797,2.1930912389699078,6.028357662481492e-05
1798,2.2262623408570104,5.965347050633248e-05
1799,2.26891177691515,5.8841320601892075e-05
1800,2.3320216743022124,5.763629901866736e-05
1801,2.323701868750677,5.7795348900355226e-05
1802,2.243182085350066,5.933153560103818e-05
1803,2.2081939417171226,5.9996921122859926e-05
1804,2.2626117335351204,5.896149845366807e-05
1805,2.295884516332265,5.83267628937287e-05
1806,2.2563103659859634,5.9081580091786956e-05
1807,2.226538197753674,5.964830199114496e-05
1808,2.2538645396656034,5.9128176918829766e-05
1809,2.233944644917794,5.950742032068684e-05
1810,2.2279892786233693,5.96207058644572e-05
1811,2.2593787714296116,5.902311267252796e-05
1812,2.3210541655258505,5.7845875289726115e-05
1813,2.261971683973729,5.8973697507469534e-05
1814,2.2830770745545976,5.857121376149272e-05
1815,2.2645050407381415,5.892533191300681e-05
1816,2.241183540124024,5.936958086342359e-05
1817,2.253113452475065,5.914240687874848e-05
1818,2.240246542452911,5.938741632509842e-05
1819,2.2595793114325557,5.901929108772385e-05
1820,1.1557491378938323,7.783150528581898e-05
1821,1.2480742027518021,7.654138946397333e-05
1822,1.4846178411037882,7.292751714621557e-05
1823,1.7851563437391087,6.781720987470707e-05
1824,2.086297215366424,6.229927612371488e-05
1825,2.3517260764401744,5.725935713553942e-05
1826,2.563423014373885,5.320706554645774e-05
1827,2.7151677892590906,5.03182636872588e-05
1828,2.809238988993501,4.8543553060403754e-05
1829,2.8544814696943606,4.7695818090054714e-05
1830,2.8647311355646976,4.750435481092752e-05
1831,2.856875470390602,4.76509899778652e-05
1832,2.8475124089617476,4.7826127826988136e-05
1833,1.2592620921046238,7.638019443369714e-05
1834,1.4413388733978265,7.361904526644278e-05
1835,1.7223630867028776,6.892432493778675e-05
1836,2.023035998234118,6.348174137037611e-05
1837,2.2990545660803194,5.826623476046993e-05
1838,2.5270954752610115,5.390170774840245e-05
1839,2.6967416018493857,5.0667565220602304e-05
1840,2.80686160089022,4.8588212304109646e-05
1841,2.863969198781689,4.7518491813669734e-05
1842,2.881184188426576,4.7197491929932284e-05
1843,2.8774836752531967,4.726636903545188e-05
1844,2.8762733019109827,4.728893302963762e-05
1845,2.8768451058327758,4.727836116706351e-05
1846,2.8582448522533603,4.762540394014705e-05
1847,2.8756759854518115,4.730006950955971e-05
1848,2.879998014593459,4.721959494966668e-05
1849,2.8542923044951993,4.769935380335116e-05
1850,2.783780067733099,4.902235276048196e-05
1851,2.6582644412722893,5.139845724827722e-05
1852,2.4737079809248663,5.492368599380706e-05
1853,2.233813068343241,5.9509846185785615e-05
1854,1.952387949784429,6.478949978295507e-05
1855,1.657717595579789,7.004406886248029e-05
1856,1.399458142027495,7.427597943573354e-05
1857,1.4924454880050821,7.280110104570161e-05
1858,1.6810390213910824,6.964256957290956e-05
1859,1.9403655795522978,6.501046498036232e-05
1860,2.205826266840018,6.004180601870698e-05
1861,2.441633542539336,5.553792118385177e-05
1862,2.6294309864013994,5.1947342033023576e-05
1863,2.7616152527242424,4.944015906416987e-05
1864,2.8397935072218,4.797048921554307e-05
1865,2.874891119216152,4.7314703906972445e-05
1866,2.886356194091102,4.71011543939898e-05
1867,2.8981135220049525,4.688229200215345e-05
1868,2.913850148439799,4.659006378772549e-05
1869,2.883720780810981,4.7150147729801646e-05
1870,2.8630616766060366,4.7535436646388905e-05
1871,2.875075140527552,4.731136077845628e-05
1872,2.8644648916265973,4.750932536705071e-05
1873,2.817667234765512,4.838531660519939e-05
1874,2.72436594547676,5.014416966267653e-05
1875,2.579445958959804,5.290095866073822e-05
1876,2.384516280759722,5.663187214026144e-05
1877,2.1496262516030797,6.110645495452487e-05
1878,1.8957084802814264,6.582733007532588e-05
1879,1.724835074912783,6.888103343108562e-05
1880,1.8750334542159748,6.620303799220968e-05
1881,2.0883968335306258,6.225979357667752e-05
1882,2.313068367312536,5.799847934453205e-05
1883,2.5155433139843,5.412267106265268e-05
1884,2.6764501949010153,5.1052857708057225e-05
1885,2.7864358735360777,4.8972261948638e-05
1886,2.8480474146691486,4.7816120488200625e-05
1887,2.8765158349456614,4.7284411424687826e-05
1888,2.8921683320775893,4.699296565512263e-05
1889,2.906073045328712,4.673445507176427e-05
1890,2.8933057217375495,4.6971802998085514e-05
1891,2.8354678573051975,4.805158012190634e-05
1892,2.84939164527625,4.779089111046683e-05
1893,2.8481018822653223,4.7815013652221235e-05
1894,2.821969355215328,4.830459990988591e-05
1895,2.7620093060393933,4.943272369524343e-05
1896,2.6623709205083097,5.132044928487009e-05
1897,2.5221536840385688,5.3996259853465916e-05
1898,2.346845465969406,5.7352803820539545e-05
1899,1.8794704091420287,6.612252743553271e-05
1900,1.9853696175005167,6.418080364362098e-05
1901,2.167855656658048,6.076169142574949e-05
1902,2.370406668251764,5.6901968730127267e-05
1903,2.5576736279983594,5.331694844202925e-05
1904,2.7068547350602414,5.047587888139762e-05
1905,2.80239652806037,4.867211793803409e-05
1906,2.8463817372319347,4.784719110052745e-05
1907,2.858612313960619,4.761853883365704e-05
1908,2.856473448187451,4.765859037055112e-05
1909,2.826905991409164,4.82120236637859e-05
1910,2.8010028352800544,4.869822762886719e-05
1911,2.8145948154341993,4.844289602571718e-05
1912,2.8174133014622593,4.8390082060578285e-05
1913,2.806446247869035,4.859601582521131e-05
1914,2.7761317766752036,4.916633745290362e-05
1915,2.7205630399707426,5.0216167940945034e-05
1916,2.6358870541467914,5.182444745280278e-05
1917,1.9401642644647807,6.501423006752854e-05
1918,2.0517399216714742,6.294636780535424e-05
1919,2.2290493205725364,5.960054463569563e-05
1920,2.4133768779146068,5.607913582945583e-05
1921,2.5882273584096906,5.2733280577540597e-05
1922,2.7262038253793,5.010929498912879e-05
1923,2.7933476559962225,4.88421881031607e-05
1924,2.799402541876562,4.872840077117661e-05
1925,2.7775593917400894,4.913943726185566e-05
1926,2.7429928081711115,4.979184197890823e-05
1927,2.7641038312454156,4.939311928056363e-05
1928,2.780042140415698,4.909275165170213e-05
1929,2.78499003045556,4.899948254427778e-05
1930,2.783321816088553,4.903089439520067e-05
1931,2.7751875963415085,4.918421789330035e-05
1932,2.756364532207962,4.953917245164299e-05
1933,2.0482425363604135,6.301177548308847e-05
1934,2.132132150342944,6.143681823645992e-05
1935,2.250046543087882,5.920090209846364e-05
1936,2.407435046156543,5.619301364754315e-05
1937,2.5788451458665334,5.291243325808817e-05
1938,2.706599808630144,5.048071120176353e-05
1939,2.7185269596429222,5.02547249007315e-05
1940,2.6786538271867255,5.10109981470506e-05
1941,2.6768674561899672,5.104484458015977e-05
1942,2.724252475960083,5.0146317598842e-05
1943,2.7487409165324435,4.968322824677055e-05
1944,2.758542139477378,4.949815452783406e-05
1945,2.763046253014768,4.941307148060891e-05
1946,2.7686410187715302,4.93076303266715e-05
1947,2.074662427209457,6.251740505630475e-05
1948,2.073684431225004,6.253573245104462e-05
1949,2.1870075205800776,6.039895061151962e-05
1950,2.364650783579912,5.701204868996939e-05
1951,2.550427028101334,5.345547761382373e-05
1952,2.622226911113619,5.208470862430524e-05
1953,2.5708371184823173,5.3065315724287366e-05
1954,2.611682889767583,5.2285729608022204e-05
1955,2.677421603462374,5.10343178590412e-05
1956,2.716847200176344,5.0286452016701236e-05
1957,2.7373048890261575,4.989937103341521e-05
1958,2.749317027186997,4.9672345295639623e-05
1959,1.902735325399228,6.569919718387475e-05
1960,1.995221201844093,6.399835356485604e-05
1961,2.1561654348344024,6.098292540520426e-05
1962,2.3519955066602356,5.725420255811249e-05
1963,2.5113382525849794,5.42032326659008e-05
1964,2.4677712389418827,5.5037298768227215e-05
1965,2.534489097719817,5.376026738771228e-05
1966,2.6186924777149057,5.215199438403497e-05
1967,2.6767938358879415,5.104624311986764e-05
1968,2.7134647263257454,5.035061454441323e-05
1969,1.9369774954899552,6.507267083122246e-05
1970,2.019679180160346,6.354420166383121e-05
1971,2.1778511361687727,6.057240973557141e-05
1972,2.3633074537897887,5.703775639194478e-05
1973,2.3824956496022276,5.667055692000849e-05
1974,2.4460121990097354,5.545405212089687e-05
1975,2.5444455938187804,5.3569846313988855e-05
1976,2.6210114209399844,5.2107790491610295e-05
1977,1.9944232291988695,6.40131424022483e-05
1978,2.0700995202445394,6.260289362662338e-05
1979,2.2129060628073867,5.990733821278623e-05
1980,2.3224836458866696,5.781863372392077e-05
1981,2.34958854279388,5.730024978851006e-05
1982,2.4538065035870713,5.53047616848775e-05
1983,2.0490478922034474,6.299666130723626e-05
1984,2.1113131765892126,6.182910425499387e-05
1985,2.2375248751513817,5.9439293937604906e-05
1986,2.2742156217598857,5.874025840550713e-05
1987,2.080962698181056,6.239928650325581e-05
1988,2.1268943022784605,6.15355949721789e-05
1989,1.6357283125576685,7.041998713744873e-05
1990,1.8979073220033493,6.578720815456016e-05
1991,2.167379576476777,6.077070264473133e-05
1992,2.4095042848252075,5.615330310583059e-05
1993,2.6052034803582376,5.240931230638536e-05
1994,2.746205888641129,4.9731122372577175e-05
1995,2.832776338724538,4.810191337812689e-05
1996,2.8727138732284567,4.735530737304062e-05
1997,2.8807471171218566,4.7205635896758325e-05
1998,2.880575874360837,4.7208826786673575e-05
1999,2.9018941426358382,4.6812100245941e-05
2000,1.8559709000902609,6.654815750862805e-05
2001,2.0809702850971936,6.239914420745426e-05
2002,2.308579360762344,5.808424052781088e-05
2003,2.5106818021067028,5.421571270954392e-05
2004,2.670700195778959,5.116202602981186e-05
2005,2.7812116475431736,4.907063528336586e-05
2006,2.8443510745383773,4.7885185137161745e-05
2007,2.8726387632361634,4.735679647763112e-05
2008,2.887229899024446,4.708479783306131e-05
2009,2.9089093678512445,4.668177876433514e-05
2010,2.918287227506708,4.650766007905401e-05
2011,2.8868612261480706,4.709175053907885e-05
2012,2.8679911842499712,4.744350489093268e-05
2013,2.8631475391062846,4.753383338518709e-05
2014,2.8385421833127285,4.799391778983209e-05
2015,2.7783768624573915,4.91240355009197e-05
2016,2.6741399431273787,5.1096749315298964e-05
2017,2.5240814976248016,5.395928907997085e-05
2018,2.3337191652210003,5.760384244534729e-05
2019,2.1168606255813938,6.172458674034917e-05
2020,2.005099466922329,6.381512890203352e-05
2021,2.186956786758868,6.039991250468285e-05
2022,2.380740436368679,5.6704159183508264e-05
2023,2.5585266666623436,5.330064365265213e-05
2024,2.700783362319347,5.059090481382363e-05
2025,2.7964484892595256,4.8783949445208e-05
2026,2.8477744273361085,4.782122667028397e-05
2027,2.8706447666583954,4.7393903846819e-05
2028,2.8832291448255725,4.715939387789176e-05
2029,2.890800056341686,4.701833989859239e-05
2030,2.873970640236582,4.7331956840299706e-05
2031,2.8497232812058186,4.778477712047131e-05
2032,2.8401159105731204,4.79644533714356e-05
2033,2.8250350486587457,4.824710354054804e-05
2034,2.7887809579605594,4.892811962573802e-05
2035,2.722532808391524,5.017878568591031e-05
2036,2.6225140616450435,5.207923566903861e-05
2037,2.490382574284429,5.460438843251706e-05
2038,2.081473919773762,6.238977089098104e-05
2039,2.243937175287423,5.931723790482226e-05
2040,2.423804147969039,5.587950624063685e-05
2041,2.5921790658297517,5.265784471856146e-05
2042,2.7254612163725804,5.01233505790609e-05
2043,2.803510962802888,4.865117242751041e-05
2044,2.8298307626997703,4.815711082827924e-05
2045,2.827872919758875,4.819380874981773e-05
2046,2.8159266287726403,4.8417896508086694e-05
2047,2.8003418775337887,4.871074072719009e-05
2048,2.812639558761129,4.8479604489302724e-05
2049,2.8119747972117235,4.849208657744274e-05
2050,2.8027588267812744,4.866530836937213e-05
2051,2.784514149217968,4.900844269526144e-05
2052,2.751652226497964,4.962823809807639e-05
2053,2.698644122532062,5.063156382587729e-05
2054,2.1491598607747444,6.111526780455807e-05
2055,2.289473194999124,5.844915208477734e-05
2056,2.4472922456113864,5.542961686842949e-05
2057,2.6053364240737515,5.2406690751364276e-05
2058,2.727039966562976,5.009355713975026e-05
2059,2.765427680470505,4.9368233752239115e-05
2060,2.748047901797541,4.9696320284394946e-05
2061,2.7133097714816015,5.035346343214417e-05
2062,2.7269942747703637,5.009442187867576e-05
2063,2.760818890727043,4.9455099010001464e-05
2064,2.776981387141713,4.9150415536038665e-05
2065,2.77968384921626,4.9099413370467114e-05
2066,2.7751723429317625,4.918450535440713e-05
2067,2.766986509236674,4.933874464632931e-05
2068,2.1690165423622565,6.073979227214971e-05
2069,2.2669733079054777,5.887835711207826e-05
2070,2.4185515175934413,5.5980028449932944e-05
2071,2.5833080525976078,5.2827120326821357e-05
2072,2.677862524725167,5.102602877446144e-05
2073,2.6515740831267216,5.152581928242561e-05
2074,2.599967666293927,5.250911871493344e-05
2075,2.6666983656926697,5.1238175182735986e-05
2076,2.7143736474733475,5.033339480988372e-05
2077,2.7415955646440158,4.981825179152813e-05
2078,2.7565819824236093,4.9535154757568345e-05
2079,2.7663925079749667,4.935003526815704e-05
2080,2.087916583489846,6.226888174220725e-05
2081,2.2163713051861405,5.984149648507838e-05
2082,2.3913379321840442,5.650126278824294e-05
2083,2.5549892220521073,5.3368260734350134e-05
2084,2.5494622467518053,5.3473838709294636e-05
2085,2.5086585958222285,5.425452047266452e-05
2086,2.600002158353194,5.250854600068536e-05
2087,2.6651903980716654,5.126675596673726e-05
2088,2.7071126249553794,5.047099048174942e-05
2089,2.7342179102006505,4.995775139767331e-05
2090,2.0663290743891656,6.267357032473263e-05
2091,2.2163813287644563,5.984130600678203e-05
2092,2.3938404033402003,5.645334631800434e-05
2093,2.4537434718634095,5.5305968964125e-05
2094,2.4194219200617164,5.596343984385927e-05
2095,2.523023274816634,5.3979620973170324e-05
2096,2.6048354759326227,5.2416246986550536e-05
2097,2.6644049556951113,5.128177500061524e-05
2098,2.101457142273427,6.201450832323232e-05
2099,2.2454077574122957,5.9289238828737685e-05
2100,2.3716004799305996,5.687903776838563e-05
2101,2.327869200879188,5.77156877429632e-05
2102,2.434713246881286,5.567055575972976e-05
2103,2.5282433436824245,5.387966285740469e-05
2104,2.144814297391662,6.119743664845317e-05
2105,2.2731334445412332,5.876081850948671e-05
2106,2.284744792358181,5.853931229632672e-05
2107,2.33777393660756,5.752622629524642e-05
2108,2.172332304826909,6.067701468269604e-05
2109,2.280202540521778,5.862605793571043e-05
2110,2.258689414075301,5.903624905259621e-05
2111,2.4348212351017233,5.5668487348452904e-05
2112,2.5896358287264722,5.2706392165500865e-05
2113,2.7108373137646136,5.0400311497092645e-05
2114,2.7929446358915775,4.8849857830044025e-05
2115,2.839242482569377,4.7980893659194346e-05
2116,2.8627171061542422,4.754187077333922e-05
2117,2.882879935007187,4.716589907860274e-05
2118,2.906477352996846,4.672694509462997e-05
2119,2.329274263688638,5.7688746385092336e-05
2120,2.480316775345198,5.4797127764155955e-05
2121,2.619288455681005,5.214071899634211e-05
2122,2.7298499871396134,5.00403823649409e-05
2123,2.801768181161944,4.868392859273862e-05
2124,2.8378752079180654,4.800649488888866e-05
2125,2.8525739897436573,4.7731386474076e-05
2126,2.859589616029521,4.760028179068516e-05
2127,2.8558242122027444,4.7670722892408405e-05
2128,2.857316471230866,4.7642749716432845e-05
2129,2.845008260312491,4.7872888139599426e-05
2130,2.825826215838603,4.823218052789466e-05
2131,2.794053952211126,4.882890117498614e-05
2132,2.740447876067688,4.9839947028420516e-05
2133,2.6605232462105715,5.135558455950524e-05
2134,2.5562984640365194,5.3343234040409795e-05
2135,2.3704963536537456,5.6900171104175554e-05
2136,2.5105138856839937,5.421892654065013e-05
2137,2.6422912835356684,5.170241311159353e-05
2138,2.7428284536360286,4.979494834059254e-05
2139,2.790993281697712,4.8886573178731155e-05
2140,2.795666968460769,4.879856039962957e-05
2141,2.780416940757383,4.9085604106095614e-05
2142,2.7719319005439287,4.924558305473654e-05
2143,2.787431403620612,4.8953609123690286e-05
2144,2.806539051116352,4.8594272238508635e-05
2145,2.8050236063961207,4.862274646387629e-05
2146,2.788593072367141,4.89317435039214e-05
2147,2.7600440369288526,4.946972151157439e-05
2148,2.717765891845903,5.026905179084013e-05
2149,2.389401110428032,5.653834717760634e-05
2150,2.5132254864353727,5.41671133619012e-05
2151,2.6394268574332846,5.1757037498087466e-05
2152,2.7193054564977595,5.0239894925076276e-05
2153,2.716920285717761,5.028515464480396e-05
2154,2.6793636232188276,5.099742991076168e-05
2155,2.65713116099296,5.142001278482405e-05
2156,2.7063928451336965,5.0484634417901825e-05
2157,2.7484378982531923,4.968895259748285e-05
2158,2.7713214522104033,4.92570037337344e-05
2159,2.777677395581096,4.913730142930859e-05
2160,2.772403312710719,4.9236696460903124e-05
2161,2.3549041205410197,5.7198554309514545e-05
2162,2.4868152212772867,5.467269278815537e-05
2163,2.613227724039606,5.225618502820257e-05
2164,2.624593285694838,5.2039609132666244e-05
2165,2.5692842293786247,5.309506920141184e-05
2166,2.5541564581363234,5.3384179940188776e-05
2167,2.632978465730798,5.187976119944114e-05
2168,2.689562193986234,5.080388016602413e-05
2169,2.7294817789956713,5.004726230637816e-05
2170,2.7581435009083166,4.950567876602243e-05
2171,2.331626245888353,5.76438594712237e-05
2172,2.4752466527174923,5.489421963420695e-05
2173,2.52881262658992,5.386885603721827e-05
2174,2.4644622055482244,5.5100756560734875e-05
2175,2.468982326889791,5.501410440975209e-05
2176,2.558378657339916,5.3303387861628056e-05
2177,2.6294508489382977,5.1946963607083416e-05
2178,2.6839521095661993,5.091037949927357e-05
2179,2.3424331784679815,5.7437199538837695e-05
2180,2.4381912439371787,5.56039379288635e-05
2181,2.3777527702276613,5.676127215516738e-05
2182,2.38685155964816,5.6587161809625986e-05
2183,2.4798040465551816,5.480686278895881e-05
2184,2.561270825740431,5.324819575392761e-05
2185,2.353110835853534,5.723286434626161e-05
2186,2.3175223295358087,5.791337246560236e-05
2187,2.3075408827164163,5.810415760934763e-05
2188,2.3952886544350074,5.642553331228562e-05
2189,2.285978362533351,5.8515851164127656e-05
2190,2.263663297300469,5.894145516452234e-05
2191,2.585150751711825,5.279193509032186e-05
2192,2.6800429235722842,5.0984528012431485e-05
2193,2.7530010105279867,4.960276641147312e-05
2194,2.796996550446908,4.877355466004135e-05
2195,2.814999753355908,4.843529455424836e-05
2196,2.814833913905206,4.84384076442084e-05
2197,2.803336361872569,4.8654453850671324e-05
2198,2.60562225043605,5.2401238346920734e-05
2199,2.69212748041533,5.0755109441935824e-05
2200,2.748491729229594,4.9687848405750486e-05
2201,2.760893189029127,4.945378432924473e-05
2202,2.7430810850518466,4.97901735311562e-05
2203,2.71253931354294,5.0368061085961e-05
2204,2.705733778148155,5.049712815384095e-05
2205,2.7472198695582155,4.9711964029508896e-05
2206,2.7738393932270275,4.9209539818436746e-05
2207,2.7798340755670443,4.909667101476855e-05
2208,2.765502556505032,4.936673397643716e-05
2209,2.731065321341403,5.001730098643517e-05
2210,2.5990144539172118,5.252730732264053e-05
2211,2.67543850422356,5.107207759519707e-05
2212,2.6879560245822427,5.083436664213312e-05
2213,2.6502821365099756,5.155031689348321e-05
2214,2.5974954823234415,5.25562930686951e-05
2215,2.5945194090284787,5.2613175164525326e-05
2216,2.6620804261315296,5.1325973035047244e-05
2217,2.7146587449060067,5.0327993820628814e-05
2218,2.7484902697787663,4.9687963230598636e-05
2219,2.764730355819743,4.938138762279983e-05
2220,2.578020621402154,5.29281808555096e-05
2221,2.6041030289690195,5.24302197782268e-05
2222,2.549223686224506,5.347839985800026e-05
2223,2.4795697195493687,5.4811433373735316e-05
2224,2.4911945541561944,5.458884191157831e-05
2225,2.576754359210124,5.295228116537851e-05
2226,2.646036317121278,5.163120795963335e-05
2227,2.7034290665580873,5.054082278242533e-05
2228,2.5181267345276117,5.407323263433418e-05
2229,2.453470382671206,5.5311282433998524e-05
2230,2.3781469365428216,5.675372663402466e-05
2231,2.4107980744561948,5.61286068823653e-05
2232,2.4959123889089154,5.4498432510223124e-05
2233,2.5728809321488226,5.302627062466797e-05
2234,2.3741510365697125,5.683021741876757e-05
2235,2.3061607276555605,5.813044124376684e-05
2236,2.3445430621260126,5.7396844268013746e-05
2237,2.4170871807085357,5.6008074555968214e-05
2238,2.2686639472039656,5.884604584220876e-05
2239,2.2899548265048097,5.8439880187298034e-05
2240,2.728107385343755,5.007326959858239e-05
2241,2.735280758051464,4.99376493161195e-05
2242,2.7134745891575687,5.035034079072007e-05
2243,2.671959569745052,5.113817967871583e-05
2244,2.6201055253278507,5.212514382953599e-05
2245,2.6748556278923754,5.108306510994061e-05
2246,2.6319719650960365,5.189893406265397e-05
2247,2.5713812103454194,5.30549210671689e-05
2248,2.506789844635377,5.42902056162985e-05
2249,2.5150319141380586,5.413254199826684e-05
2250,2.5871916719414645,5.275296818116904e-05
2251,2.6511772430085174,5.1533370329126586e-05
2252,2.7016762883951686,5.0573971712113814e-05
2253,2.541235858785667,5.3631142808784365e-05
2254,2.4654270553343784,5.508227756820132e-05
2255,2.3923628693274135,5.648155630693046e-05
2256,2.41506878886109,5.604681392770195e-05
2257,2.4991019033065096,5.44374551221922e-05
2258,2.577955840565667,5.292941812755445e-05
2259,2.372879259658904,5.6854641992107555e-05
2260,2.3033822022506114,5.8183510790536206e-05
2261,2.347797901669999,5.733450423398808e-05
2262,2.418463566980339,5.598171295528615e-05
2263,2.2840402882279367,5.85528345260536e-05
2264,2.3059137414655737,5.813523837432817e-05
2265,2.5622458646260418,5.3229561509513556e-05
2266,2.487428599653315,5.466094813436168e-05
2267,2.4155293450692117,5.6037911113587014e-05
2268,2.3848986918907857,5.662455076669622e-05
2269,2.3185460395945667,5.789380920022796e-05
2270,2.3396940789255356,5.748958580960753e-05
2271,2.406827392583818,5.620465085549354e-05
2272,2.281605617077538,5.859921033770017e-05
2273,2.292647802944748,5.838847572775922e-05
2274,2.271205651645143,5.879766001733495e-05
2275,1.1557491378938323,7.783150528581898e-05
2276,3.2892952506723336,3.982427670508079e-05
2277,3.3090480709270826,3.948114175090064e-05
2278,3.3419805167939205,3.891253680378905e-05
2279,3.385794943162251,3.816235993610605e-05
2280,3.43433110198786,3.7340056580009556e-05
2281,3.4774176841535422,3.6618205289639665e-05
2282,3.502505530889477,3.620136797261721e-05
2283,3.497455511122633,3.628497821173737e-05
2284,3.453641694317734,3.701556034956585e-05
2285,3.369091170335422,3.8447392062404805e-05
2286,3.2533616327760075,4.045191048934185e-05
2287,3.145161120334784,4.2369453631544065e-05
2288,3.3013582802177766,3.961451850575813e-05
2289,3.3170779343694914,3.9342189497093585e-05
2290,3.3387368976734217,3.896827950229491e-05
2291,3.3701339201000224,3.8429648482907375e-05
2292,3.408486468722875,3.777679135210816e-05
2293,3.446440670030212,3.713638965974383e-05
2294,3.4733201923971584,3.668653349550279e-05
2295,3.477419600379057,3.6618173351613365e-05
2296,3.4488842188433373,3.709545086823351e-05
2297,3.3828209516139442,3.821304363917289e-05
2298,3.283176366997827,3.993074752729201e-05
2299,3.1724530545395657,4.188197983490184e-05
2300,3.1258856566839492,4.271504892265536e-05
2301,3.2043759806023715,4.1315132326539334e-05
2302,3.3168286961370597,3.934641396482531e-05
2303,3.4082667378168927,3.778051518401788e-05
2304,3.463493108365521,3.6850688025496196e-05
2305,3.4815934308038945,3.6548557565497505e-05
2306,3.469211781020129,3.675502721154274e-05
2307,3.437075079629312,3.7293940912494216e-05
2308,3.39685231877723,3.797422164369055e-05
2309,3.3582661895852475,3.8632831883490165e-05
2310,3.3270343429332363,3.9170126844229266e-05
2311,3.3040893869989807,3.956712322843481e-05
2312,3.339026440303642,3.8963294187000464e-05
2313,3.3505503340709106,3.876513685209721e-05
2314,3.358329154463833,3.863175244585493e-05
2315,3.3693399486100675,3.844313765157627e-05
2316,3.3839187228339207,3.819433103720953e-05
2317,3.3973270270428917,3.7966068557849206e-05
2318,3.4018125974378624,3.78899806163058e-05
2319,3.3885458138042885,3.8115422706448935e-05
2320,3.349870712224469,3.877689635925638e-05
2321,3.282897440002311,3.993569602554789e-05
2322,3.19538540381078,4.147436327506326e-05
2323,3.123391945415861,4.275985756764986e-05
2324,3.146763627583535,4.2340679868393704e-05
2325,3.2351792070771412,4.077130463429217e-05
2326,3.3216444509685186,3.926322647357808e-05
2327,3.383246221579633,3.820570695001362e-05
2328,3.4154142335224043,3.7659483516974295e-05
2329,3.4220776387783594,3.7546746381508e-05
2330,3.41129137883429,3.7729186054078005e-05
2331,3.3918078535179,3.8059905238801266e-05
2332,3.3701927835557246,3.842864206253617e-05
2333,3.3489357978915613,3.879286874775081e-05
2334,3.3537027637752144,3.8711105597182646e-05
2335,3.340383557686486,3.8939931735513485e-05
2336,3.3193918164673804,3.9302081126503306e-05
2337,3.2998273624539776,3.964109795947414e-05
2338,3.286018181957446,3.988124107325525e-05
2339,3.2781706766572825,4.001802206542156e-05
2340,3.2733558433329444,4.010205517515959e-05
2341,3.2644136289539096,4.0258434357136874e-05
2342,3.240673031994347,4.067476412779061e-05
2343,3.195241634376037,4.147700150321829e-05
2344,3.135713003321242,4.25387460325039e-05
2345,3.1071220464709435,4.305268709177747e-05
2346,3.1424365723287844,4.241824282156663e-05
2347,3.2086582416983886,4.123934499721584e-05
2348,3.2700049808371427,4.01605873551451e-05
2349,3.3151596748544923,3.937529532699212e-05
2350,3.3438890423926,3.88797054876795e-05
2351,3.3604491731086408,3.859541686196515e-05
2352,3.369455420295929,3.844125013357823e-05
2353,3.373113668282621,3.837871904058001e-05
2354,3.3047712195075816,3.955529511605444e-05
2355,3.254443106529811,4.0433038265241525e-05
2356,3.200947098761917,4.13758619145006e-05
2357,3.1555581636824237,4.2183492705148266e-05
2358,3.125891652050655,4.271502975725986e-05
2359,3.1165871182605733,4.288223126956584e-05
2360,3.1284234284064825,4.2669468853030945e-05
2361,3.1491869271132495,4.2297406516581666e-05
2362,3.1559822543099836,4.2175914933519574e-05
2363,3.1364053623377792,4.252633050498027e-05
2364,3.1094079141157493,4.301158398133199e-05
2365,3.086132773745005,4.343167224465663e-05
2366,3.102502795473072,4.313597631599116e-05
2367,3.1468724895646094,4.233881999445991e-05
2368,3.1980690553626023,4.142686652387128e-05
2369,3.2474548819505,4.055554026896058e-05
2370,3.2932934138287338,3.975463640944851e-05
2371,3.3348766900216944,3.9034774633966414e-05
2372,3.175750321608281,4.18232631103635e-05
2373,3.093938247816247,4.3290665984662364e-05
2374,3.0234625991840143,4.4571182937760735e-05
2375,2.9754193623157543,4.5452109551775405e-05
2376,2.954024534146928,4.584642620961976e-05
2377,2.9628825587441656,4.5683025129453365e-05
2378,3.010577324272977,4.480685270918041e-05
2379,3.0700735020433254,4.3722635485548115e-05
2380,3.102724394858086,4.3132067758970675e-05
2381,3.0993102634977574,4.319366776141367e-05
2382,3.0865783932617177,4.342361204649352e-05
2383,3.0565843455317143,4.396746534153965e-05
2384,3.054903274628405,4.399802564371429e-05
2385,3.0898197030439913,4.3365002651846335e-05
2386,3.148836090731346,4.230368310113057e-05
2387,3.219712835284962,4.104399347104463e-05
2388,2.9911039912391426,4.516379710034687e-05
2389,2.90888300860957,4.668217985545404e-05
2390,2.857794838468669,4.763389982774739e-05
2391,2.8336468271364827,4.808569253174971e-05
2392,2.8250335907994675,4.8247130877907125e-05
2393,2.8460389111183177,4.785369286400738e-05
2394,2.939013388463826,4.612378642321454e-05
2395,3.026005513202759,4.4524728359472943e-05
2396,3.0711770633201314,4.3702622367486305e-05
2397,3.0903364775526616,4.335574990255205e-05
2398,3.0635313457976663,4.384126351785105e-05
2399,3.0299973451755227,4.4451841438958066e-05
2400,3.024446138535136,4.455321323802218e-05
2401,3.0673444754172277,4.3772142062680955e-05
2402,2.8285811306077444,4.8180533112940365e-05
2403,2.7839200397309,4.901962948851977e-05
2404,2.7592116724919764,4.948551780626659e-05
2405,2.7371322600255836,4.990254822010772e-05
2406,2.7134311319003577,5.0351251022436676e-05
2407,2.773507813001689,4.921587704897801e-05
2408,2.906962818545111,4.67178397668595e-05
2409,3.0035008960242036,4.493638673992598e-05
2410,3.065213511686984,4.381072609993268e-05
2411,3.0715882480733567,4.3695166449410794e-05
2412,3.047637108222676,4.413021278191248e-05
2413,3.0191787258484237,4.4649394264153516e-05
2414,2.739758265657018,4.985289687208074e-05
2415,2.7051272195614393,5.050862705546499e-05
2416,2.6663319862390242,5.124505361399424e-05
2417,2.6185371440819973,5.215504125648579e-05
2418,2.5994997459865883,5.2518132597787196e-05
2419,2.7530748616046807,4.960137182675988e-05
2420,2.895119991004282,4.693796393412289e-05
2421,2.992588343449692,4.513663462863339e-05
2422,3.0527436725577015,4.403738598710325e-05
2423,3.0638747910240123,4.3835028058982644e-05
2424,2.654274444356019,5.147435569722965e-05
2425,2.5984333187411046,5.253848198461759e-05
2426,2.5353300979039055,5.374418084637629e-05
2427,2.472755892182049,5.494183599126172e-05
2428,2.577761165422376,5.293305123135478e-05
2429,2.751031213459316,4.963987962060448e-05
2430,2.8914943459076823,4.7005507468728465e-05
2431,2.995249266084091,4.508779789057106e-05
2432,2.5297527771204553,5.3850870166065235e-05
2433,2.460195312453512,5.518247849336856e-05
2434,2.3930304717925526,5.646885480216776e-05
2435,2.4006937520629883,5.6322112360012665e-05
2436,2.5817757867914413,5.285646526265965e-05
2437,2.751633390510449,4.962850655148247e-05
2438,2.3939703390272897,5.6450858306590965e-05
2439,2.338370088052547,5.751490601266042e-05
2440,2.2970604214884536,5.830423222880733e-05
2441,2.403764013253273,5.626331670051838e-05
2442,2.304195343953461,5.8168059942772814e-05
2443,2.2893790962305705,5.845094811226958e-05
2444,3.3359427973657425,3.901649182472176e-05
2445,3.3540983784003573,3.870431668209056e-05
2446,3.3755472985596917,3.833714941828266e-05
2447,3.400042028935404,3.791995240560639e-05
2448,3.42235644004147,3.754203688807048e-05
2449,3.4338507930597513,3.734814697702544e-05
2450,3.424800993122286,3.750075700815639e-05
2451,3.3871901542807237,3.8138507325371965e-05
2452,3.3180686229606566,3.9324964574732185e-05
2453,3.2243831463716757,4.096150117337242e-05
2454,3.13660213673477,4.252271367513346e-05
2455,3.353767277231397,3.8709998477779574e-05
2456,3.3492088345626327,3.8788265546974596e-05
2457,3.3440541624629585,3.887686567180869e-05
2458,3.3411569424845506,3.892670859380362e-05
2459,3.338850970387334,3.896631537190182e-05
2460,3.332317574029742,3.90789760605639e-05
2461,3.3145897234962365,3.9385247932863296e-05
2462,3.2783295562623227,4.0015338411555786e-05
2463,3.220446784671228,4.10310384553596e-05
2464,3.1502145444258605,4.227902439164304e-05
2465,3.111222955283955,4.29788882695521e-05
2466,3.15095337827733,4.2265810180555385e-05
2467,3.2241774704387183,4.096512857044462e-05
2468,3.28894332407907,3.983040168252094e-05
2469,3.3333958503607395,3.906029829540991e-05
2470,3.3577608885564247,3.8641495059325285e-05
2471,3.367420046616056,3.847597653820908e-05
2472,3.3688503498079307,3.845159772701052e-05
2473,3.3668577728922546,3.8485596635058865e-05
2474,3.362763169798088,3.855568928595997e-05
2475,3.310497977233298,3.945601830238575e-05
2476,3.272789568453874,4.0111943888663535e-05
2477,3.2372001836008626,4.073574614737869e-05
2478,3.2103383369818963,4.120962794618579e-05
2479,3.1953981314315785,4.147422583311694e-05
2480,3.191765722249898,4.153867257757488e-05
2481,3.1913076647743828,4.154680268018821e-05
2482,3.1795955400474694,4.1754922864222725e-05
2483,3.147936617021166,4.231977682651951e-05
2484,3.1058355302208556,4.307587746983367e-05
2485,3.09500985237203,4.3271309785855015e-05
2486,3.1238111022401855,4.2752324502993005e-05
2487,3.1723306023179005,4.188424951584196e-05
2488,3.218830134914234,4.1059488403084205e-05
2489,3.2579095775847255,4.0372204948564215e-05
2490,3.2910131977759574,3.979438386173179e-05
2491,3.320549076621985,3.9282160259019875e-05
2492,3.3468053896120686,3.882956405826834e-05
2493,3.1872385980908353,4.161905607805452e-05
2494,3.121467176463689,4.279445655873924e-05
2495,3.0691666069381487,4.37390847768967e-05
2496,3.038432974145344,4.4297875569257396e-05
2497,3.034470324822946,4.437022297703484e-05
2498,3.0589719561569906,4.392416370982531e-05
2499,3.094421265561488,4.3281940886361005e-05
2500,3.1124055847364898,4.295750164040994e-05
2501,3.102334810613738,4.3139006480654624e-05
2502,3.087354160609281,4.340958170001012e-05
2503,3.0658870760962915,4.379858945033905e-05
2504,3.0728863444371037,4.367154305427847e-05
2505,3.1056017554826956,4.30801805643299e-05
2506,3.151914373330763,4.2248625228586026e-05
2507,3.20577673986216,4.1290334799665875e-05
2508,3.2636755892856066,4.0271258742023413e-05
2509,3.0064975655603523,4.4881566974747065e-05
2510,2.939545932044257,4.611402546185961e-05
2511,2.9002096435350544,4.68433219118042e-05
2512,2.8861619184267173,4.7104772021614445e-05
2513,2.9020034979972364,4.681006787272517e-05
2514,2.966393421295807,4.5618405831802763e-05
2515,3.0356896044757753,4.4347984673129825e-05
2516,3.0722243410428627,4.368363331840482e-05
2517,3.087478374676167,4.340742397805782e-05
2518,3.0627892031149293,4.385482740540974e-05
2519,3.033654596852271,4.4385103317212366e-05
2520,3.029154643625093,4.446713593809559e-05
2521,3.0620280668812847,4.386856057668677e-05
2522,3.1251039353499643,4.272918182411897e-05
2523,2.842673700804396,4.7916663575148016e-05
2524,2.807028380946635,4.858499122468597e-05
2525,2.787586481014062,4.895069002202339e-05
2526,2.773947628137627,4.9207587298544424e-05
2527,2.808763185741831,4.855249015626391e-05
2528,2.9186844623291712,4.650038140696697e-05
2529,3.0048241850238933,4.491213689397885e-05
2530,3.0478646409039682,4.412607114291106e-05
2531,3.065543750236152,4.3804732056559404e-05
2532,3.040934574723962,4.425228216141628e-05
2533,3.0123321061966295,4.477464218964361e-05
2534,3.0123155493078997,4.477494522935191e-05
2535,2.7491808383021934,4.967491790654003e-05
2536,2.7198787692084134,5.022903821895878e-05
2537,2.684934894522891,5.0891633134403986e-05
2538,2.6578829373244015,5.1405799697516716e-05
2539,2.7694474027554965,4.929242477204763e-05
2540,2.8995612940433815,4.6855374626611855e-05
2541,2.989047900360327,4.5201554466970557e-05
2542,3.0444987414491433,4.4187442523583826e-05
2543,3.050812348013424,4.407251807319679e-05
2544,3.0318926004350475,4.441725176325757e-05
2545,2.6599845178690513,5.136582976840194e-05
2546,2.6068255588903404,5.2378370475046514e-05
2547,2.548322455443754,5.3495715829625415e-05
2548,2.6022451273746383,5.2465750380654226e-05
2549,2.7621538951220934,4.942999551882567e-05
2550,2.892804214962571,4.6981133837236395e-05
2551,2.988408057700362,4.5213395240838236e-05
2552,3.037548015365974,4.431409750577896e-05
2553,2.532089782840026,5.380616326253798e-05
2554,2.462601356404297,5.513631325736701e-05
2555,2.4388558574724866,5.559120785188656e-05
2556,2.6034869799730465,5.244205792162951e-05
2557,2.7623679935346392,4.9425955872543216e-05
2558,2.8911430065961587,4.701204574824367e-05
2559,2.392818606323858,5.6472911550345044e-05
2560,2.3359473025932984,5.7561236967088035e-05
2561,2.439210970347711,5.558432342743705e-05
2562,2.606381336754028,5.238684395639625e-05
2563,2.2999278858587013,5.8249478988429125e-05
2564,2.2888588585103387,5.846087754633656e-05
2565,3.3282230632454426,3.91495213685274e-05
2566,3.3025811376737266,3.9593293770639723e-05
2567,3.278010751404266,4.002089970985862e-05
2568,3.2568100874913637,4.039146740052923e-05
2569,3.2377004394179894,4.072694651703214e-05
2570,3.2156268456563155,4.111614987956061e-05
2571,3.1838037320245203,4.1680091646048844e-05
2572,3.140599203313612,4.245115861511976e-05
2573,3.101047235983278,4.3162323657699435e-05
2574,3.2181561200964373,4.1071389219298e-05
2575,3.166558502940447,4.1987038319487675e-05
2576,3.127158563594853,4.2692272642527835e-05
2577,3.1058363880659985,4.3075862004844576e-05
2578,3.10280546042835,4.313060555903564e-05
2579,3.1076608209673973,4.304297682550301e-05
2580,3.1044565608643255,4.3100828681474715e-05
2581,3.0874379700107637,4.340815466692164e-05
2582,3.0746311393880776,4.364000613017548e-05
2583,3.072134287992962,4.3685266015039145e-05
2584,3.0886868604407556,4.338548308202916e-05
2585,3.111112353739353,4.2980880324415414e-05
2586,3.1354167698172146,4.254405862404962e-05
2587,3.165917805618437,4.19984643978572e-05
2588,3.2059209708462384,4.12877818726718e-05
2589,3.2535701480331505,4.044834249816084e-05
2590,3.0479730349695107,4.4124098164532695e-05
2591,2.992940687028906,4.513007825092825e-05
2592,2.9636975434612562,4.566800150305263e-05
2593,2.9646029727494074,4.5651401164276616e-05
2594,2.9963402604865905,4.506778006804536e-05
2595,3.0353501508554017,4.435408685752827e-05
2596,3.0555097297644087,4.398699989912176e-05
2597,3.0520548754287904,4.404991441902286e-05
2598,3.046311156560789,4.415443990764243e-05
2599,3.0302555358735033,4.4447040041999525e-05
2600,3.0295519739405217,4.445997124202281e-05
2601,3.046952181741981,4.414276963451581e-05
2602,3.0828650044534425,4.3490796854359894e-05
2603,3.137465426568638,4.2507235685489196e-05
2604,2.881661899946013,4.718859120274644e-05
2605,2.8498435275399725,4.7782440348431734e-05
2606,2.8377670191623996,4.8008432828436014e-05
2607,2.8615783891420565,4.756313574064527e-05
2608,2.933259432749884,4.623033963938129e-05
2609,2.995234089068718,4.5088076384761254e-05
2610,3.0252425244055763,4.4538664912032307e-05
2611,3.0380318750408635,4.430518755083535e-05
2612,3.01727812775746,4.4684238195636746e-05
2613,2.99545426720009,4.508394762359652e-05
2614,2.993219607658224,4.512504711065158e-05
2615,3.0223862963743113,4.4590850585981876e-05
2616,2.7753939041195905,4.918032992032106e-05
2617,2.7484260921395136,4.9689175631095054e-05
2618,2.731507487195851,5.000902279599506e-05
2619,2.804909633949823,4.862488810972932e-05
2620,2.904984193151747,4.675459395834695e-05
2621,2.9737851975572727,4.548218599395853e-05
2622,3.016565509908216,4.469718344839309e-05
2623,3.0163970921474363,4.4700264041815466e-05
2624,2.9978927930832104,4.503921078286107e-05
2625,2.98195624257505,4.533195871002014e-05
2626,2.676447594309245,5.105282064673578e-05
2627,2.6283039975169706,5.1968900216043786e-05
2628,2.662304057925167,5.1321720667677856e-05
2629,2.78925449484584,4.8919207301327055e-05
2630,2.8937259624070366,4.696398460894179e-05
2631,2.962312936836642,4.569361524262059e-05
2632,3.002653811346641,4.4951912452651336e-05
2633,3.007526293774466,4.486272313471582e-05
2634,2.540990114004236,5.3635927013006983e-05
2635,2.5217787452320835,5.400334995298819e-05
2636,2.6567952071897847,5.1426489300936904e-05
2637,2.787131374271192,4.89592568554319e-05
2638,2.88962783562243,4.704024568531047e-05
2639,2.963515855361322,4.567143918673003e-05
2640,2.4063248719918517,5.62142746023398e-05
2641,2.5195083490392958,5.404687827403528e-05
2642,2.6604046487216277,5.1357839944487135e-05
2643,2.7873077211312363,4.89559372944042e-05
2644,2.391514530508899,5.6497799877722927e-05
2645,2.5238471594781426,5.396377279082864e-05
2646,3.1009860058935717,4.3163428411466906e-05
2647,3.052180109678861,4.404754780392334e-05
2648,3.0271537285819483,4.45037584578992e-05
2649,3.0242225958682667,4.4557208581429235e-05
2650,3.0311671451480944,4.443040195737908e-05
2651,3.0357390459588465,4.434708300513338e-05
2652,3.036585463777198,4.433155925961795e-05
2653,2.9390932492311705,4.612239782582028e-05
2654,2.9131370531257264,4.6603297291918575e-05
2655,2.918473220747854,4.6504210619192396e-05
2656,2.950146306972543,4.5918118136257e-05
2657,2.9825271615953595,4.532137400325032e-05
2658,2.9994960801911823,4.5009805911166336e-05
2659,3.0066466412208976,4.487874745839191e-05
2660,2.9951976855585847,4.5088744382018474e-05
2661,2.980893459977763,4.535149984431669e-05
2662,2.9707912575283983,4.553730696453542e-05
2663,2.9733498037456543,4.549028907618792e-05
2664,2.998958583708922,4.5019751631005656e-05
2665,2.819134606735183,4.835769370888738e-05
2666,2.8094370238976407,4.853983346464743e-05
2667,2.849851251329361,4.778238396608394e-05
2668,2.9108338216766287,4.6646048533099665e-05
2669,2.954024131484922,4.5846522166738174e-05
2670,2.9720258240135116,4.551457470782333e-05
2671,2.9764462570649233,4.543321337257936e-05
2672,2.960893593054149,4.5719697398123355e-05
2673,2.947537159032681,4.59662235468172e-05
2674,2.948510374002644,4.594833366119115e-05
2675,2.713019000175221,5.0358972493084896e-05
2676,2.738309675562182,4.988037196247155e-05
2677,2.822494816400792,4.8294743679124333e-05
2678,2.8930689755766017,4.697611943737268e-05
2679,2.936550610550477,4.6169433354897036e-05
2680,2.9596500486386956,4.574271940723464e-05
2681,2.9565619207144995,4.579959933778692e-05
2682,2.9474452725178364,4.596800961395522e-05
2683,2.625458224373917,5.2023126150115974e-05
2684,2.722554870449735,5.017836799969029e-05
2685,2.8152889187889127,4.842995437695378e-05
2686,2.884812887706533,4.7129894821350835e-05
2687,2.9314390153277,4.626403960650111e-05
2688,2.9511029937016664,4.5900451360395014e-05
2689,2.6184017493803595,5.2157536651028664e-05
2690,2.7234223842557936,5.016203152699428e-05
2691,2.813772369533376,4.8458423730092134e-05
2692,2.8821836878353904,4.717886982980689e-05
2693,2.623296655148117,5.206432022693113e-05
2694,2.7248194336138587,5.013549848088101e-05
2695,2.8914976117671154,4.700544669375746e-05
2696,2.8990912283274097,4.6864202008067755e-05
2697,2.9224627529316898,4.6430328590578095e-05
2698,2.9443200487595047,4.6025759325058614e-05
2699,2.956954371339373,4.579244675417017e-05
2700,2.8195632746589063,4.834973846342719e-05
2701,2.8586546778233717,4.761783550081149e-05
2702,2.895009962417474,4.694009887971659e-05
2703,2.917372936471326,4.652470627231626e-05
2704,2.9273839526875953,4.633913701491196e-05
2705,2.921478990763648,4.644847667151268e-05
2706,2.910074749682596,4.6660052369919406e-05
2707,2.8998549460542313,4.684991556104014e-05
2708,2.791306605259529,4.8880677422432554e-05
2709,2.8429696844351624,4.791103608997197e-05
2710,2.879792276590073,4.7223340738317686e-05
2711,2.8995256735755675,4.6856125159244514e-05
2712,2.9078738851013464,4.670100759937371e-05
2713,2.907605050120772,4.670600025768025e-05
2714,2.7855979116198535,4.898812521449797e-05
2715,2.836852519634042,4.802564650069208e-05
2716,2.872215299679079,4.736469493563749e-05
2717,2.894763307269769,4.694459870722054e-05
2718,2.7851076093528677,4.899735635344595e-05
2719,2.835149345292236,4.805754615301185e-05
2720,2.8724352263456407,4.736059280589083e-05
2721,2.8834795003257043,4.7154730338523825e-05
2722,2.8895117702886304,4.704231779853623e-05
2723,2.8580988228184254,4.7628132216755656e-05
2724,2.8666956868864446,4.746759485736193e-05
2725,2.8717368130750685,4.737362016149797e-05
2726,2.875994430619697,4.729422046877187e-05
2727,2.8512121040787193,4.775684888814131e-05
2728,2.8607858802860298,4.757802522220492e-05
2729,2.8583300542605947,4.762381212711497e-05
