Mode_Index,Frequency_THz,Cv_Anharmonic_eV_K
0,0.0,0.0
1,0.24572969004045808,8.615672828613156e-05
2,0.4676603632304767,8.611321270789682e-05
3,0.6629246646984094,8.605258055438647e-05
4,0.8391656042636747,8.597994964394281e-05
5,1.0021060564305326,8.589773433034902e-05
6,1.154097879894463,8.580804370226928e-05
7,1.295584895084701,8.57133212270424e-05
8,1.425769045958834,8.561664138077992e-05
9,1.5423979106467258,8.552231040445084e-05
10,1.641096527619137,8.543680787847899e-05
11,1.7148656076859574,8.53695182094618e-05
12,1.7550417998016907,8.533165698175185e-05
13,0.24276694883676814,8.615712619666166e-05
14,0.40031124915668664,8.612927613882417e-05
15,0.5767627597834942,8.60819086782156e-05
16,0.7417698672159803,8.60221846000194e-05
17,0.8951397003321337,8.595333610482328e-05
18,1.0397227553570991,8.587670311988889e-05
19,1.1775581763513514,8.579308518069557e-05
20,1.3094263741670742,8.570347493889148e-05
21,1.4344263465700131,8.560988944316009e-05
22,1.549298271034069,8.551650146761273e-05
23,1.6477709575380002,8.543083861166016e-05
24,1.720693404927296,8.536407922896896e-05
25,1.7350513500760594,8.535060242782917e-05
26,1.6818725954055262,8.539997041863693e-05
27,1.5959180988251245,8.54765900029661e-05
28,1.4890050360777296,8.5566398408762e-05
29,1.3704693191462294,8.565882166466227e-05
30,1.245388403404023,8.574816312980484e-05
31,1.1151379738862341,8.583222712553304e-05
32,0.9787437881185876,8.59104091669556e-05
33,0.8339687984392962,8.59823339022849e-05
34,0.6779191018181211,8.604706169335451e-05
35,0.5088236610412965,8.610216975128643e-05
36,0.3391905495075487,8.614169908612242e-05
37,0.4327191932240571,8.612185719115673e-05
38,0.5357376474562393,8.6094444301395e-05
39,0.662541266170079,8.605272005589257e-05
40,0.7935134297730965,8.600039092287819e-05
41,0.924431831950422,8.59387286800849e-05
42,1.0553902079607194,8.586771703000436e-05
43,1.1866856015658314,8.578718504248411e-05
44,1.3172650778805746,8.569785304657777e-05
45,1.4439263288372548,8.560243406036197e-05
46,1.5608239411296576,8.550674213554176e-05
47,1.6593887479470446,8.542039177785951e-05
48,1.6891568147564504,8.53932968331704e-05
49,1.6209295989348582,8.545470020384675e-05
50,1.5198373813817327,8.554112511502634e-05
51,1.4031714129019575,8.56340761864786e-05
52,1.28338392722332,8.572191496030366e-05
53,1.1665366218985693,8.580014969944865e-05
54,1.0533724353851575,8.586888179673162e-05
55,0.9415916693145691,8.592995450215312e-05
56,0.8282118179856611,8.598495797304728e-05
57,0.712129803316035,8.603400985811042e-05
58,0.5987656723574761,8.607480564340845e-05
59,0.5507428577740489,8.608996627319574e-05
60,0.6130164306309406,8.607006372836958e-05
61,0.7050581917324599,8.603676022879821e-05
62,0.8146258510235761,8.599107889350678e-05
63,0.9356881978766639,8.593299114461783e-05
64,1.064835523051488,8.586223532580104e-05
65,1.1987389683372143,8.577932454274398e-05
66,1.3329845512322742,8.5686479453035e-05
67,1.461632579816814,8.558840953173732e-05
68,1.5771015995146702,8.54928383659592e-05
69,1.6229110684270556,8.545295180688367e-05
70,1.5432330394458087,8.5521608719042e-05
71,1.430558652588072,8.561291087163442e-05
72,1.3082922350876718,8.570428560084258e-05
73,1.1908711734874409,8.578446435400944e-05
74,1.0853181876090563,8.585018177577077e-05
75,0.9926851030277479,8.59028812001804e-05
76,0.9105237847215514,8.594572259056507e-05
77,0.8358253933715944,8.598148380001103e-05
78,0.7680780067851123,8.601128664312685e-05
79,0.6054809902953041,8.6072584985456e-05
80,0.6441174611507166,8.605932887372976e-05
81,0.7222214141630916,8.603003758515248e-05
82,0.8285084734094428,8.598482319712857e-05
83,0.9527376695638338,8.592416951351743e-05
84,1.086752043298416,8.584932946964263e-05
85,1.2236476007184949,8.576283195457573e-05
86,1.3569688495829535,8.566886988445202e-05
87,1.4802228391024235,8.557350415776137e-05
88,1.5440304669853522,8.552093836322166e-05
89,1.4587110544912718,8.559073514138193e-05
90,1.342258409498625,8.567970714787066e-05
91,1.2214486377205054,8.576430142087224e-05
92,1.110906546560731,8.583480421527924e-05
93,1.018453825591921,8.588868879762666e-05
94,0.9465276747773654,8.592740095580962e-05
95,0.8938401360823462,8.595397335095409e-05
96,0.8576188445122973,8.597136447223902e-05
97,0.6279000164919436,8.606499255125322e-05
98,0.6649896263962882,8.605182782482732e-05
99,0.7479393093229489,8.601966287982856e-05
100,0.8607590827888056,8.596988503126282e-05
101,0.9888273969734154,8.59049748343835e-05
102,1.1216917599018952,8.582821649927912e-05
103,1.2520502802950593,8.574361722697731e-05
104,1.3744043028831803,8.565587447836259e-05
105,1.4587427559277664,8.559070993074841e-05
106,1.3849103765978248,8.564796499699559e-05
107,1.264329498434916,8.57351754745275e-05
108,1.1535221661723374,8.58084070414959e-05
109,1.0551576894325247,8.586785136476606e-05
110,0.9772115778574961,8.591123008117059e-05
111,0.924131846846076,8.593888064376736e-05
112,0.8970021693550715,8.5952421232872e-05
113,0.6598076710013397,8.605371235799174e-05
114,0.7093506404955392,8.603509402146613e-05
115,0.7994367110676133,8.599780289206698e-05
116,0.9113579445853407,8.594530608617029e-05
117,1.0311189892166626,8.588158117064136e-05
118,1.1502691274665324,8.581045670115475e-05
119,1.2639516284718437,8.573543646602554e-05
120,1.3692994357764676,8.565969626860178e-05
121,1.3066243619488633,8.570547650825376e-05
122,1.2010495995362354,8.577780871911184e-05
123,1.108684970510117,8.583615335225811e-05
124,1.0282512865914653,8.588319813651573e-05
125,0.9668816935986575,8.59167312369622e-05
126,0.9308127885894355,8.593548467565754e-05
127,0.7208241524923322,8.603059089645364e-05
128,0.7758906468076672,8.600797753480597e-05
129,0.8586355724437017,8.597088605580314e-05
130,0.9542814941568974,8.592336291174178e-05
131,1.0535952460984435,8.586875328688266e-05
132,1.1519537209461974,8.580939599487868e-05
133,1.2475123713195881,8.574671638505147e-05
134,1.2330950344798661,8.575648897364605e-05
135,1.152026491519982,8.580935014021168e-05
136,1.084624212055762,8.585059388549852e-05
137,1.0273468488386097,8.588370718158303e-05
138,0.9857624461469621,8.590663246469559e-05
139,0.7895020733085338,8.600213271237277e-05
140,0.8319317321466031,8.598326447688849e-05
141,0.8926081268988586,8.595457662202583e-05
142,0.963716951349646,8.591840500580184e-05
143,1.0411987070514415,8.587586226759402e-05
144,1.1236477846567208,8.582701499276478e-05
145,1.1645271026208914,8.580143066811596e-05
146,1.1244491442782885,8.582652215198295e-05
147,1.0755989246851665,8.585592968083004e-05
148,1.0452954090809978,8.587352217579231e-05
149,0.829423746430824,8.59844070696214e-05
150,0.8476642423571563,8.597601880096392e-05
151,0.8836500697593238,8.595893820831686e-05
152,0.9357106291743432,8.593297964223188e-05
153,1.0030701545278906,8.589720490360134e-05
154,1.0850862301020359,8.585031955021803e-05
155,1.0905505559688489,8.584706618923842e-05
156,1.076737074150825,8.58552592340354e-05
157,0.8220030281612669,8.59877677252101e-05
158,0.8191682308205538,8.598904360574967e-05
159,0.8424623556703744,8.597842948434954e-05
160,0.8931200231493678,8.595432606500715e-05
161,0.9693806135305684,8.591540576134508e-05
162,1.0664183937633602,8.586131195425614e-05
163,0.7789728692876999,8.60066628681998e-05
164,0.7723031648382522,8.600950117994521e-05
165,0.8042521948582039,8.599568477789154e-05
166,0.8725857688353064,8.596426497199654e-05
167,0.7381885257625797,8.602363891313316e-05
168,0.7491955178563786,8.601914686510167e-05
169,0.4892726662839666,8.610753058564547e-05
170,0.6187853104630509,8.606811253042403e-05
171,0.7545933557907853,8.601691977871266e-05
172,0.886200945663252,8.595770066352288e-05
173,1.0134157911472217,8.589149190824962e-05
174,1.1382222761802099,8.581799726751428e-05
175,1.2622458923720739,8.573661364509977e-05
176,1.3852795307587484,8.564768600193207e-05
177,1.5036891372922163,8.555442522539063e-05
178,1.6089831710753728,8.546519714135041e-05
179,1.6860341470265046,8.539616117704279e-05
180,0.595131021478422,8.60759972706708e-05
181,0.6873406892941989,8.604353107738554e-05
182,0.7947686299008069,8.599984409296024e-05
183,0.908746549536837,8.59466087187903e-05
184,1.0272968256442212,8.588373532320028e-05
185,1.149989176468113,8.581063282387526e-05
186,1.275661436698561,8.572731283988589e-05
187,1.400960342350827,8.563576738555522e-05
188,1.5186838658246284,8.554207980194157e-05
189,1.6129549304267137,8.546171571557062e-05
190,1.6197595761453665,8.54557316203089e-05
191,1.5323628844748964,8.553071283689386e-05
192,1.4179042982896009,8.562274036203356e-05
193,1.296853059655766,8.571242339716567e-05
194,1.1794657075499468,8.579185583863456e-05
195,1.0695528598083925,8.585947944700412e-05
196,0.9667280097658894,8.591681264304672e-05
197,0.868885916473251,8.596603133885474e-05
198,0.7748164381587057,8.600843450056441e-05
199,0.6876035106052485,8.604343189267955e-05
200,0.6466231833648951,8.605844095508697e-05
201,0.7167674994168811,8.603219127344544e-05
202,0.8122196084474222,8.599215248993765e-05
203,0.9233811223696532,8.593926072422101e-05
204,1.0445227681731364,8.587396421548986e-05
205,1.1712098633460957,8.579716229730395e-05
206,1.2988641466096333,8.571099782043758e-05
207,1.4212388696854272,8.562015850753225e-05
208,1.524646578711226,8.5537137206938e-05
209,1.5417280908349194,8.552287292617145e-05
210,1.4451324193199502,8.560148408670924e-05
211,1.3267985048084028,8.569097114049235e-05
212,1.2082167936898984,8.577308854075142e-05
213,1.1002826416881937,8.584123181299459e-05
214,1.0073533239211678,8.589484673229124e-05
215,0.9295419624702576,8.593613251567531e-05
216,0.8651155240939382,8.596782370973264e-05
217,0.8129939095004949,8.599180736364939e-05
218,0.668611572572855,8.605050190275958e-05
219,0.7370913427792729,8.602408305575826e-05
220,0.8366479702569354,8.598110655568294e-05
221,0.953566848991989,8.59237364533957e-05
222,1.0781895565389492,8.585440260407448e-05
223,1.2035809959892136,8.57761447583903e-05
224,1.3238235349346605,8.569312393472358e-05
225,1.4287637123708683,8.561431034815918e-05
226,1.4556609244914291,8.55931582466138e-05
227,1.3588672476751396,8.566746284976229e-05
228,1.2448787394607455,8.574850992634642e-05
229,1.1352428741596123,8.581985007216008e-05
230,1.040294750423979,8.587637739356479e-05
231,0.9651539667420908,8.59176456719739e-05
232,0.9114734606754312,8.594524837796973e-05
233,0.8786665753262978,8.596134570042843e-05
234,0.6995966104926408,8.603886570080927e-05
235,0.7785463206711983,8.600684511401617e-05
236,0.8839331954213933,8.595880102615406e-05
237,1.0001446990301839,8.589880983582357e-05
238,1.117408507111428,8.583084029286682e-05
239,1.2296094571923435,8.575883478818811e-05
240,1.3299925170838436,8.568865453906952e-05
241,1.3688566551064754,8.566002709929964e-05
242,1.2803378279815658,8.57240479656807e-05
243,1.179660882598914,8.579172994372624e-05
244,1.0858206988108814,8.584988320211264e-05
245,1.0074373013902704,8.589480039749057e-05
246,0.950131733848188,8.59255280959927e-05
247,0.9177032895100627,8.594212539361663e-05
248,0.7583016462296135,8.601538055974459e-05
249,0.840686018597004,8.59792493043856e-05
250,0.938649347053458,8.593147035100339e-05
251,1.0401097219800988,8.587648277864497e-05
252,1.1385582315749343,8.581778804511412e-05
253,1.229674012347121,8.57587914017699e-05
254,1.282948282742666,8.572222032304978e-05
255,1.2272961598297158,8.576038803152251e-05
256,1.1327292358968741,8.58214094954043e-05
257,1.0606877800316825,8.586464847738208e-05
258,1.0025312977483316,8.58975008747129e-05
259,0.9637652682438896,8.591837949289293e-05
260,0.8248668397664155,8.598647433575854e-05
261,0.8938926580093414,8.595394761446584e-05
262,0.9708752625884703,8.591461134817521e-05
263,1.0497378518286444,8.587097430183679e-05
264,1.1276349866530353,8.582455940229098e-05
265,1.19439292128226,8.578216782875373e-05
266,1.1667796777572363,8.579999461539693e-05
267,1.1012826333632475,8.584062941177553e-05
268,1.055143486604558,8.586785956932728e-05
269,1.0206277046567949,8.588747501771246e-05
270,0.8644016099276833,8.596816221840456e-05
271,0.9100267201201888,8.594597059981836e-05
272,0.9638975522621646,8.591830963608686e-05
273,1.02520382052706,8.588491157064272e-05
274,1.093147146742856,8.584551455485699e-05
275,1.1140641648753349,8.583288203149531e-05
276,1.0814749264573587,8.585246077411365e-05
277,1.0632947941812225,8.586313280897327e-05
278,0.8586947849261946,8.597085817629465e-05
279,0.8850648163512862,8.595825228873703e-05
280,0.9274211139915768,8.593721172203972e-05
281,0.9874424671051119,8.590572448395111e-05
282,1.0635304162308075,8.586299564118992e-05
283,1.0763532253731605,8.585548542533016e-05
284,0.8188967171031324,8.598916557816261e-05
285,0.8431193178317934,8.597812584560731e-05
286,0.8935331241281077,8.595412376110791e-05
287,0.9693038640832061,8.591544652126779e-05
288,0.7809994864217592,8.60057956252861e-05
289,0.8225216614405172,8.598753382539786e-05
290,0.7344672334789853,8.602514263497991e-05
291,0.8038842749438638,8.599584705566322e-05
292,0.8878001587229907,8.595692300590681e-05
293,0.9825574938790431,8.590836035326569e-05
294,1.0868956373444119,8.584924405373021e-05
295,1.199753653992389,8.57786592423456e-05
296,1.318211810582092,8.569717181475064e-05
297,1.434893561184334,8.560952391399987e-05
298,1.5305801240671777,8.553219993584256e-05
299,0.7561407982940154,8.601627838688665e-05
300,0.8243992979295318,8.598668579819178e-05
301,0.9121368706810596,8.594491681858754e-05
302,1.0120933515574637,8.589222541653298e-05
303,1.1194265652109576,8.582960532788348e-05
304,1.2304239432769977,8.575828722117069e-05
305,1.34015443717349,8.568124764591667e-05
306,1.4344568548218994,8.56098655783514e-05
307,1.4406515408127019,8.560500950630616e-05
308,1.3458026844023991,8.567710669894375e-05
309,1.2357448439612093,8.575470124934385e-05
310,1.1296887683527814,8.582329118561011e-05
311,1.0342697641870233,8.587979944738932e-05
312,0.9522561531271718,8.59244208261678e-05
313,0.8851484783752915,8.595821169226682e-05
314,0.8347508654578172,8.598197603660096e-05
315,0.7856165065447932,8.600381150943713e-05
316,0.8635631380790209,8.596855943257205e-05
317,0.9574296445030918,8.592171408216056e-05
318,1.0574050581332162,8.586655174675783e-05
319,1.1577441626125329,8.580573832998935e-05
320,1.2547569136615093,8.574176344828098e-05
321,1.340011847076875,8.568135196218904e-05
322,1.3590110475084767,8.566735619080495e-05
323,1.2635547710057509,8.573571048915185e-05
324,1.1667300755276724,8.580002626715506e-05
325,1.0780911991024282,8.585446064839929e-05
326,1.0029613574820326,8.589726467389776e-05
327,0.9442182915122531,8.592859731991978e-05
328,0.9042442330179091,8.594884587539505e-05
329,0.8401278628482006,8.597950655080576e-05
330,0.9221053334810395,8.593990593339741e-05
331,1.0105935660920833,8.589305614282338e-05
332,1.0975101473006583,8.584289914782503e-05
333,1.1792543862320026,8.579199212525008e-05
334,1.2517177161738624,8.57438447282817e-05
335,1.2757547565628231,8.572724780282787e-05
336,1.193832764796667,8.578253355392016e-05
337,1.1160105037786339,8.583169451799816e-05
338,1.0486084339214738,8.587162307178238e-05
339,0.9953645458862552,8.590142226893743e-05
340,0.9593977365448575,8.59206805652963e-05
341,0.9028452351258756,8.594953877638235e-05
342,0.973816195904393,8.591304468272763e-05
343,1.0440826936146415,8.587421584411233e-05
344,1.1097924032309137,8.583548115552061e-05
345,1.1694071057563973,8.579831612157113e-05
346,1.1996545200389008,8.577872426616095e-05
347,1.1381275524101946,8.581805624744591e-05
348,1.0830896556916543,8.585150423815826e-05
349,1.0392536119440228,8.587697014415058e-05
350,1.0089191806513136,8.589398213645578e-05
351,0.9419617470516276,8.592976350917943e-05
352,0.992472917020998,8.590299656679047e-05
353,1.0418304017740951,8.587550202878892e-05
354,1.0901702690788109,8.584729312904422e-05
355,1.1295365169145013,8.582338527970901e-05
356,1.1067476264075817,8.583732769660912e-05
357,1.064933662445737,8.586217811544797e-05
358,1.045720756395989,8.587327868985129e-05
359,0.9400509703654328,8.593074883895359e-05
360,0.9736919008276415,8.591311099113791e-05
361,1.0123227207276446,8.589209826201395e-05
362,1.0582116216439579,8.586608465577698e-05
363,1.0724288338751373,8.585779337621291e-05
364,1.0592848654956544,8.5865462579798e-05
365,0.9069254781469919,8.594751492020573e-05
366,0.9388472508139247,8.593136854110047e-05
367,0.9842069123655802,8.590747179799107e-05
368,1.0458307205250446,8.587321572598533e-05
369,0.874750111495145,8.59632282239376e-05
370,0.921529245267333,8.5940196990225e-05
371,0.8627977789872708,8.596892167617135e-05
372,0.9218740872374599,8.594002278754631e-05
373,0.9948426136433445,8.590170676196261e-05
374,1.0769581736301628,8.585512891007475e-05
375,1.1654730525983987,8.58008279440256e-05
376,1.2574778066742405,8.573989592131464e-05
377,1.3414628795634678,8.568028990322747e-05
378,0.9137417289666298,8.594411375101082e-05
379,0.9773865298836196,8.591113641142816e-05
380,1.0461166156422788,8.587305199588627e-05
381,1.1158520819032098,8.583179125211697e-05
382,1.1856613951028059,8.578784935133778e-05
383,1.2513078193024367,8.57441250495045e-05
384,1.2544325108466392,8.574198584080552e-05
385,1.1842587081583464,8.578875822597318e-05
386,1.1136808909653249,8.583311563542043e-05
387,1.0505870056796225,8.587048606787485e-05
388,0.9958817634822867,8.590114019977286e-05
389,0.9515311071867322,8.592479900366866e-05
390,0.9734016919748298,8.591326577783438e-05
391,1.0279550838043416,8.588336489734418e-05
392,1.0799905089932833,8.585333886903443e-05
393,1.1287632315882752,8.582386299010355e-05
394,1.1746032483821278,8.579498565275852e-05
395,1.1891049158557712,8.578561360412234e-05
396,1.1247176467841864,8.582635694363863e-05
397,1.0769343576844785,8.585514294932073e-05
398,1.0395498627959392,8.587680153974621e-05
399,1.0120258456700415,8.589226283407503e-05
400,1.0125771224238946,8.589195719689471e-05
401,1.0486134910697904,8.58716201683537e-05
402,1.080556030751163,8.585300448012987e-05
403,1.1105995244205762,8.583499082538381e-05
404,1.1250664852940893,8.582614224663346e-05
405,1.0798849491589677,8.58534012665987e-05
406,1.054218016525973,8.58683939506824e-05
407,1.041167947653055,8.587587980333778e-05
408,1.0144263548485255,8.589093074589644e-05
409,1.0345371962167742,8.587964796991889e-05
410,1.0552679013658268,8.586778769481281e-05
411,1.0743251454460192,8.585667918997768e-05
412,1.0500213532555345,8.587081134186177e-05
413,1.0448283211540117,8.587378944266507e-05
414,0.9873527729496082,8.59057729986258e-05
415,1.0050711407132946,8.589610446688327e-05
416,1.0314777441936045,8.588137857106209e-05
417,1.0442191977853872,8.58741378041328e-05
418,0.9601065341980018,8.59203078340018e-05
419,0.9903674492760179,8.590413999477968e-05
420,1.0084482553394944,8.589424230029248e-05
421,1.044458154290185,8.58740011674069e-05
422,1.0829272111750436,8.585160053124035e-05
423,1.1252455296712645,8.582603202595872e-05
424,1.1713116122152991,8.579709712229132e-05
425,1.0473855825134115,8.587232473237897e-05
426,1.0655543713392888,8.586181615226748e-05
427,1.083942958393689,8.585099818659451e-05
428,1.1066248585816643,8.58374020453061e-05
429,1.1046821679871257,8.583857745998188e-05
430,1.0764140723769189,8.585544957522804e-05
431,1.05876536243464,8.586576377332065e-05
432,1.049034513190048,8.587137840094935e-05
433,1.0516419427339898,8.58698789709059e-05
434,1.0537831558834136,8.586864488580293e-05
435,1.059860321545927,8.586512877541628e-05
436,1.0633962363588505,8.586307375792463e-05
437,1.041053223995426,8.587594520206157e-05
438,1.0437318912918956,8.587441635282618e-05
439,1.028451270666193,8.588308551945685e-05
440,1.0270628494159026,8.588386693349428e-05
441,1.0321745950401007,8.588098483909931e-05
442,1.0222784536786562,8.588655161239917e-05
443,1.0042820530519243,8.589653868310597e-05
444,1.0142133937572027,8.589104904853124e-05
445,1.0535979374085311,8.586875173445917e-05
446,1.047065644949625,8.587250817564582e-05
447,1.0520787958372817,8.586962739318574e-05
448,1.0319906039681392,8.588108882262776e-05
449,1.0211035687056529,8.588720897794793e-05
450,1.0149605889727624,8.589063386357616e-05
451,1.0219636560237566,8.588672781984213e-05
452,1.0092306349383238,8.589381000661274e-05
453,1.007387641387462,8.589482779799718e-05
454,0.9995994263965587,8.589910846353057e-05
455,0.0,0.0
456,0.24572969004045808,8.615672828613156e-05
457,0.4676603632304767,8.611321270789682e-05
458,0.6629246646984094,8.605258055438647e-05
459,0.8391656042636747,8.597994964394281e-05
460,1.0021060564305326,8.589773433034902e-05
461,1.154097879894463,8.580804370226928e-05
462,1.295584895084701,8.57133212270424e-05
463,1.425769045958834,8.561664138077992e-05
464,1.5423979106467258,8.552231040445084e-05
465,1.641096527619137,8.543680787847899e-05
466,1.7148656076859574,8.53695182094618e-05
467,1.7550417998016907,8.533165698175185e-05
468,0.24276694883676814,8.615712619666166e-05
469,0.4162852475497172,8.612569134634964e-05
470,0.6135264773418562,8.60698919503342e-05
471,0.7981661486681758,8.599835964562728e-05
472,0.9705806137902113,8.591476805152619e-05
473,1.1319521822590608,8.582189087578317e-05
474,1.281813129846276,8.572301552225643e-05
475,1.418683014300795,8.562213796022193e-05
476,1.539763968594899,8.552452103577293e-05
477,1.6399407587463486,8.543783913289505e-05
478,1.711394659602494,8.53727490304556e-05
479,1.7451692070056262,8.534103992223511e-05
480,1.7582881436548146,8.532856037869045e-05
481,1.7546865548278636,8.533199550222052e-05
482,1.7110272551910148,8.537309064330628e-05
483,1.6335641220499553,8.544351602421933e-05
484,1.529568562464381,8.553304298045807e-05
485,1.4050532803659792,8.563263472106463e-05
486,1.2645146082069725,8.573504759272728e-05
487,1.1113594090597487,8.583452886924826e-05
488,0.9481928604258048,8.592653651516138e-05
489,0.7766265240377588,8.600766413085412e-05
490,0.5967761843209357,8.607545879698168e-05
491,0.4099947900719094,8.61271197307199e-05
492,0.4327191932240571,8.612185719115673e-05
493,0.550392774831646,8.609007215467591e-05
494,0.7081415510562512,8.603556437466305e-05
495,0.8746909483506847,8.596325659777268e-05
496,1.0392984646717751,8.587694462030468e-05
497,1.1970420658142509,8.578043591045522e-05
498,1.3445804552901646,8.567800421641323e-05
499,1.4780481723797363,8.557525732435388e-05
500,1.5905466998690192,8.548124753784283e-05
501,1.6707655936877424,8.541009210612031e-05
502,1.7059536072813195,8.537780080614623e-05
503,1.7293099469124793,8.535600458599009e-05
504,1.7613584923803178,8.532562652243563e-05
505,1.7511178410459578,8.5335392500188e-05
506,1.700396155400965,8.538294444775393e-05
507,1.615123556582691,8.545981127275873e-05
508,1.5024629655937312,8.555542943832327e-05
509,1.369294725426772,8.565969978856957e-05
510,1.22187299572837,8.576401804509798e-05
511,1.06586438193181,8.586163529296668e-05
512,0.9063725235817286,8.594778972411195e-05
513,0.7480572198991583,8.601961448217114e-05
514,0.5507428577740489,8.608996627319574e-05
515,0.6282244006856854,8.606488067606244e-05
516,0.7569640127540583,8.601593664391108e-05
517,0.9102673886547095,8.594585053559435e-05
518,1.071271823434638,8.585847222519356e-05
519,1.2296856795185342,8.575878356022358e-05
520,1.3778004037391614,8.565332421285509e-05
521,1.5063859523902268,8.555221375355195e-05
522,1.6008480839338883,8.547230169079077e-05
523,1.6428968358142615,8.543520010804947e-05
524,1.6704010429243925,8.541042320691818e-05
525,1.7321666396761783,8.535331887038734e-05
526,1.754890161746561,8.53318014890385e-05
527,1.73551780934102,8.535016276362402e-05
528,1.6764079181245992,8.540495850372903e-05
529,1.5839596776857472,8.548693815312951e-05
530,1.4664358137697446,8.558457609982075e-05
531,1.3323878814196368,8.568691359190329e-05
532,1.1898328636682882,8.578514015482593e-05
533,1.0458417061949916,8.587320943538978e-05
534,0.6054809902953041,8.6072584985456e-05
535,0.6606222069014909,8.60534171068895e-05
536,0.7793220649412951,8.600651359803444e-05
537,0.9330164794441648,8.593435919820481e-05
538,1.0985021823426422,8.584230303188444e-05
539,1.2598099944553736,8.57382920109415e-05
540,1.4034893256965584,8.563383280628388e-05
541,1.5124314256880769,8.554724215271509e-05
542,1.5636441202480027,8.550434336377667e-05
543,1.5865731215358332,8.548468313149317e-05
544,1.6687372466986063,8.5411933442606e-05
545,1.7194443044127794,8.536524650802361e-05
546,1.732895591597231,8.535263285505621e-05
547,1.7069243298848737,8.537690068369889e-05
548,1.6443436879371187,8.543390674362319e-05
549,1.5522424157784334,8.55140152610377e-05
550,1.4398515545391382,8.560563777941998e-05
551,1.3164253504585661,8.569845687792666e-05
552,0.6279000164919436,8.606499255125322e-05
553,0.6825508982043816,8.604533205423606e-05
554,0.8078455270450171,8.599409599054413e-05
555,0.9688274240526091,8.59156994763256e-05
556,1.1370165963172678,8.581874762389398e-05
557,1.291873273851224,8.571594398800836e-05
558,1.4132195332284199,8.562635755493658e-05
559,1.474419218929335,8.557817726829556e-05
560,1.484132052311834,8.557034627649013e-05
561,1.5767783833590556,8.549311581999097e-05
562,1.6474529468631094,8.543112356136428e-05
563,1.6906811275901108,8.539189674023793e-05
564,1.701402008275108,8.538201470513697e-05
565,1.6772674121130748,8.540417501965106e-05
566,1.6207071050990638,8.545489639612635e-05
567,1.5386261425320849,8.552547485194538e-05
568,0.6598076710013397,8.605371235799174e-05
569,0.7271026563198294,8.602809625526836e-05
570,0.8594888800795395,8.597048410120158e-05
571,1.0191774408885772,8.588828505371067e-05
572,1.1763353714165328,8.57938722043462e-05
573,1.3061305568407353,8.570582881138582e-05
574,1.378199325763176,8.565302424008902e-05
575,1.3706637111528768,8.56586762661072e-05
576,1.4643475868022848,8.558624421888138e-05
577,1.5469765717228408,8.551845878285829e-05
578,1.613780896834878,8.546099066405185e-05
579,1.6594392541766854,8.542034620556811e-05
580,1.6777051216291157,8.5403775868534e-05
581,1.6644617751524617,8.541580756483463e-05
582,0.7208241524923322,8.603059089645364e-05
583,0.793278569916534,8.600049314446219e-05
584,0.9179567580808814,8.594199788379607e-05
585,1.060693052834947,8.586464541559433e-05
586,1.191295715319265,8.578418786627902e-05
587,1.2752523149117083,8.572759791218751e-05
588,1.2813273299134755,8.572335562350092e-05
589,1.3398687109196505,8.568145666695215e-05
590,1.4288275997115043,8.561426056620864e-05
591,1.5128959302120268,8.554685935117309e-05
592,1.5877617447635244,8.54836563184934e-05
593,1.6457555705358802,8.543264356610077e-05
594,0.7895020733085338,8.600213271237277e-05
595,0.8491835328974324,8.59753119408983e-05
596,0.9523174212549095,8.592438885615935e-05
597,1.069655187205814,8.585941953340401e-05
598,1.16473083288467,8.580130089966354e-05
599,1.1919730095246637,8.578374656906219e-05
600,1.2110665936121672,8.577120400809499e-05
601,1.3036758706830032,8.570757814838457e-05
602,1.4004913351743822,8.563612578153584e-05
603,1.4977438930930174,8.555928677488545e-05
604,0.829423746430824,8.59844070696214e-05
605,0.8656553486947063,8.596756756276962e-05
606,0.9471032420769432,8.592710233458012e-05
607,1.0454469382741463,8.587343544563224e-05
608,1.1047987179477265,8.583850699968602e-05
609,1.102919957029039,8.583964190819998e-05
610,1.1806010094153634,8.579112323976257e-05
611,1.2872346755010056,8.571921135198451e-05
612,0.8220030281612669,8.59877677252101e-05
613,0.8398375756911568,8.597964027308669e-05
614,0.9179400339203063,8.594200629812443e-05
615,1.0188553894288364,8.588846477865678e-05
616,1.0534588920108088,8.586883193460691e-05
617,1.0670513534495016,8.586094233540809e-05
618,0.7789728692876999,8.60066628681998e-05
619,0.7990422967890517,8.599797581654361e-05
620,0.904589499454269,8.594867470659115e-05
621,1.0226097479025622,8.588636611293189e-05
622,0.7381885257625797,8.602363891313316e-05
623,0.78095782713794,8.600581347496033e-05
624,0.5553192389556039,8.608857598461594e-05
625,0.7205256836571291,8.603070895090543e-05
626,0.8882198063811598,8.595671871096536e-05
627,1.0530472724462792,8.586906929163489e-05
628,1.2113228133353322,8.577103435871755e-05
629,1.3593371975263122,8.566711423820595e-05
630,1.4927783745741938,8.556333269707023e-05
631,1.605841143738149,8.546794531952356e-05
632,1.690722915311969,8.539185834053466e-05
633,1.7388389830737374,8.534702903899326e-05
634,1.7461330159184525,8.534012618776524e-05
635,0.6503449513626142,8.605711578225601e-05
636,0.787389338389697,8.600304656220352e-05
637,0.9409642892824227,8.593027811576421e-05
638,1.1001314069316899,8.584132287059641e-05
639,1.2567782457373735,8.57403764570234e-05
640,1.4039578288292984,8.56334740418337e-05
641,1.533543532925854,8.552972705856091e-05
642,1.6341568214242272,8.544298927678682e-05
643,1.6925819787374345,8.539014906667371e-05
644,1.7044517512101294,8.53791924484303e-05
645,1.7202599082425987,8.536448442343827e-05
646,1.7450802791811737,8.5341124205059e-05
647,1.7298443987606784,8.535550245056611e-05
648,1.6713416804690544,8.540956873525854e-05
649,1.5760602606586407,8.549373206892419e-05
650,1.4533928129678495,8.559495686521779e-05
651,1.3126488299773245,8.570116780763165e-05
652,1.1619754833042242,8.580305405195492e-05
653,1.0085266439236158,8.589419900268288e-05
654,0.8589758684711891,8.597072580531627e-05
655,0.6973111219549094,8.603974193081504e-05
656,0.8163407000170776,8.599031184965212e-05
657,0.9645045249700429,8.591798898276933e-05
658,1.1250970907896458,8.582612340695654e-05
659,1.2846435458105605,8.572103146193679e-05
660,1.431014967794425,8.561255481707032e-05
661,1.5495063673954013,8.551632589089935e-05
662,1.6214338702311986,8.545425544621473e-05
663,1.6377239309243068,8.543981514737728e-05
664,1.6597062716078095,8.542010525046476e-05
665,1.7121191472273933,8.537207519172442e-05
666,1.7313953986951967,8.535404437746309e-05
667,1.707229569967131,8.537661754031182e-05
668,1.6410022490054976,8.543689202678032e-05
669,1.5405380189789366,8.552387177022071e-05
670,1.416659177921901,8.56237028908e-05
671,1.2804120869723787,8.572399602589969e-05
672,1.14163496416436,8.581586911238391e-05
673,0.7170347983930995,8.60320860989562e-05
674,0.8351301162491757,8.598180237533782e-05
675,0.9887761167732865,8.590500261045426e-05
676,1.1545642831368839,8.580774921862947e-05
677,1.3134958167745974,8.570056047611089e-05
678,1.447179303085308,8.559987008094938e-05
679,1.5324525978881485,8.553063795712338e-05
680,1.5528374168514925,8.551351224575565e-05
681,1.571556830055111,8.54975903688683e-05
682,1.6415848324915867,8.543637196672278e-05
683,1.6905266533938954,8.539203868210378e-05
684,1.703603014504257,8.53799783715701e-05
685,1.6760711287579728,8.540526540195432e-05
686,1.6103469634165295,8.546400266276407e-05
687,1.5148917524561474,8.554521326749979e-05
688,1.401136607405231,8.563563266053716e-05
689,0.7445737929540719,8.602104109041012e-05
690,0.8707584456801417,8.596513829649201e-05
691,1.028931813711223,8.58828148224391e-05
692,1.191348709777286,8.578415334619451e-05
693,1.3344655322228185,8.56854010589978e-05
694,1.4312719711965298,8.561235423279276e-05
695,1.4566501945345867,8.559237288983568e-05
696,1.4652795360786033,8.558550004691342e-05
697,1.5423150311875755,8.552238002047612e-05
698,1.612230366407442,8.546235145481085e-05
699,1.6589403384441799,8.542079632294272e-05
700,1.6740217574008547,8.540713158678124e-05
701,1.6528553579556506,8.542627549467052e-05
702,1.5972082835966506,8.547546899567631e-05
703,0.7975660111876386,8.599862231633076e-05
704,0.9236498949614896,8.593912468396541e-05
705,1.0727685185884883,8.585759393628924e-05
706,1.215581618653301,8.576820930764941e-05
707,1.3211366875515806,8.569506414071937e-05
708,1.3547282172743833,8.567052808050707e-05
709,1.3507819217590074,8.567344200319646e-05
710,1.4208477319296793,8.562046166198235e-05
711,1.5081271512352612,8.55507838511699e-05
712,1.580830589486242,8.5489633312451e-05
713,1.6349860202692856,8.54422520325439e-05
714,1.661141234856418,8.541880969850493e-05
715,0.8577989808515368,8.597127975101446e-05
716,0.967854063455873,8.591621587657051e-05
717,1.0943695393072173,8.584478282987166e-05
718,1.2035225805546759,8.577618319557241e-05
719,1.251006141903581,8.574433130345712e-05
720,1.2392330328221928,8.575234212651111e-05
721,1.2978533497463383,8.571171460495353e-05
722,1.3913065657972867,8.564312061047534e-05
723,1.4822561305581765,8.557186267554779e-05
724,1.567101998686694,8.550139639188254e-05
725,0.8922794897667276,8.595473740429359e-05
726,0.978343822515611,8.591062358008404e-05
727,1.0798233292988058,8.585343768797528e-05
728,1.147702076645738,8.581207009562125e-05
729,1.1473139690409513,8.581231371147035e-05
730,1.1777021741734381,8.579299244739538e-05
731,1.273118654141799,8.572908316547661e-05
732,1.3762920154716418,8.565445768550992e-05
733,0.8843423487209247,8.595860270300165e-05
734,0.9550147555163445,8.592297935083087e-05
735,1.0435932207040644,8.587449559461013e-05
736,1.0763681003124517,8.585547666143418e-05
737,1.0743278486927277,8.585667760028163e-05
738,1.1590675482192725,8.580489983724045e-05
739,0.8480001531884966,8.597586262454447e-05
740,0.9299469467060546,8.593592615875256e-05
741,1.0237973754569292,8.588570064256554e-05
742,1.0435081238982469,8.58745442170793e-05
743,0.8205002397604202,8.598844464340442e-05
744,0.9347766675429245,8.593345833021837e-05
745,0.9079921235939026,8.594698435520026e-05
746,1.0495456948348627,8.587108473115955e-05
747,1.2012707919620598,8.577766346088427e-05
748,1.3524065914927386,8.567224336983882e-05
749,1.4913503243796935,8.55644938359289e-05
750,1.6044749768052413,8.546913859941731e-05
751,1.6768010881298154,8.540460015264038e-05
752,1.698133029405978,8.538503436693621e-05
753,1.676389026432854,8.540497572031654e-05
754,0.9285169583226571,8.59366544007148e-05
755,1.0707269994587973,8.585879163665357e-05
756,1.2263713153892122,8.576100820209404e-05
757,1.3787603042840504,8.565260226298041e-05
758,1.509781146858807,8.554942406070394e-05
759,1.5980889149531183,8.547470332932074e-05
760,1.626037535185493,8.545018884538957e-05
761,1.6027460941654779,8.547064726896758e-05
762,1.6067731375778516,8.546713069829683e-05
763,1.6576530853067053,8.54219570605422e-05
764,1.6780614934199398,8.540345081487635e-05
765,1.6486170825112563,8.543008018958635e-05
766,1.5697038036949469,8.54991748031604e-05
767,1.4541111595992695,8.559438751252125e-05
768,1.3187008941996783,8.569681970035119e-05
769,1.1793375537616,8.579193849122693e-05
770,0.9509107420678576,8.592512235364203e-05
771,1.0985871597822523,8.584225194397119e-05
772,1.255281964704685,8.57414033822367e-05
773,1.3981884740788377,8.5637883820416e-05
774,1.5006703609753174,8.555689610317846e-05
775,1.53579179782803,8.552784781922766e-05
776,1.5100512025577948,8.554920190240947e-05
777,1.5038690127765042,8.55542778429433e-05
778,1.576054462644064,8.549373704330631e-05
779,1.6306722130719986,8.544608345932305e-05
780,1.6485660080984683,8.543012598080511e-05
781,1.6190561447194383,8.545635136931795e-05
782,1.5445713385073359,8.552048348749675e-05
783,1.4385814353862172,8.560663456917697e-05
784,0.9901993678096328,8.590423117190324e-05
785,1.1352189504660315,8.58198649301766e-05
786,1.278855576616266,8.572508409144527e-05
787,1.3905048049461075,8.564372905722797e-05
788,1.4339141219828564,8.561029005178831e-05
789,1.4084480498908611,8.563002960334532e-05
790,1.3921123800065565,8.564250873998118e-05
791,1.469142731386923,8.55824102833102e-05
792,1.5452266871559417,8.551993212669398e-05
793,1.6026142565768182,8.547076224867835e-05
794,1.6261424692225726,8.545009602152189e-05
795,1.6062138225444424,8.546761963030591e-05
796,1.0333902913193862,8.588029732017519e-05
797,1.1603674944409235,8.58040752734481e-05
798,1.2724963922143124,8.572951586340015e-05
799,1.3257405387171584,8.569173726805188e-05
800,1.3055938144345953,8.570621159905296e-05
801,1.280965972434904,8.572360852197953e-05
802,1.3522298647298447,8.567237382240259e-05
803,1.4389452801382396,8.560634911210001e-05
804,1.523003807649197,8.553850082373664e-05
805,1.5904682558989778,8.548131544265098e-05
806,1.0541057981263033,8.5868458715816e-05
807,1.1520816240655087,8.580931539782605e-05
808,1.2156239928611245,8.57681811497874e-05
809,1.2077496863460093,8.577339701393336e-05
810,1.1789146959482286,8.579221114976737e-05
811,1.2232268373841748,8.576311333338617e-05
812,1.3271668023974226,8.569070429599707e-05
813,1.426267174192681,8.561625397374533e-05
814,1.0391653883801935,8.587702034537348e-05
815,1.1071607388454776,8.583707745407631e-05
816,1.1210814153373927,8.582859098512521e-05
817,1.098571731142914,8.584226121986475e-05
818,1.1257084386669098,8.582574697627353e-05
819,1.2217986972671315,8.576406766679147e-05
820,1.005504622596582,8.589586578817503e-05
821,1.0509604746902081,8.587027121232258e-05
822,1.0490634407150397,8.587136178610035e-05
823,1.0522125840289238,8.586955032569212e-05
824,0.9989649916624048,8.589945571909087e-05
825,1.0244170937701151,8.588535308813877e-05
826,1.2035420485464698,8.577617038589669e-05
827,1.3447176501933635,8.567790351032751e-05
828,1.4735977967131062,8.55788372263006e-05
829,1.5663653844100611,8.550202470487983e-05
830,1.601518786737319,8.547171728439568e-05
831,1.5775210335869057,8.549247823386675e-05
832,1.5217724755108373,8.553952197166792e-05
833,1.2322020331237564,8.575709059363552e-05
834,1.364960269944633,8.566293380443733e-05
835,1.4677933215596637,8.558349044228403e-05
836,1.5090480756895168,8.555002691696068e-05
837,1.4824806330885072,8.557168129838378e-05
838,1.4222970157809123,8.56193379717483e-05
839,1.4154247156832753,8.562465635955345e-05
840,1.4873206300825876,8.556776447376576e-05
841,1.550108171387348,8.55158180020026e-05
842,1.5745392840308976,8.549503637012744e-05
843,1.5423832427680155,8.552232272525479e-05
844,1.458311209686897,8.559105307259573e-05
845,1.2560030141053484,8.574090866347277e-05
846,1.360031924450093,8.566659866828219e-05
847,1.4071191091399877,8.563105015782549e-05
848,1.3813729876918182,8.565063473381149e-05
849,1.32082399074193,8.569528969063583e-05
850,1.2921220546723489,8.571576842280332e-05
851,1.3777266164835997,8.565337968843523e-05
852,1.4610349259491637,8.558888565151662e-05
853,1.5301319381770082,8.553257352545564e-05
854,1.5626346483496085,8.55052024820884e-05
855,1.2510196988807885,8.574432203573462e-05
856,1.3014894037353706,8.570913360661167e-05
857,1.28102749743872,8.572356546825855e-05
858,1.2250050655365792,8.576192352001713e-05
859,1.1912510889098418,8.578421693431944e-05
860,1.2659344515768323,8.573406608956697e-05
861,1.3562691011615635,8.566938802806229e-05
862,1.4502392534226043,8.559745306754312e-05
863,1.1983862310086706,8.577955569225661e-05
864,1.187851747818374,8.578642798015358e-05
865,1.1414233194435714,8.581600127751109e-05
866,1.1076789562528617,8.583676341358882e-05
867,1.1641418004402868,8.580167602963199e-05
868,1.2530379621310397,8.574294121947135e-05
869,1.108622280014653,8.583619138467949e-05
870,1.077310349937532,8.58549212700116e-05
871,1.0514585593156012,8.586998454805645e-05
872,1.0766599069217373,8.58553047129288e-05
873,1.0380078802621868,8.587767860271547e-05
874,1.0317839462083378,8.588120559444685e-05
875,1.4533310285414762,8.559500582188542e-05
876,1.4880161373430543,8.556720059648964e-05
877,1.4584518572974314,8.559094124830284e-05
878,1.3897196590752126,8.564432456063838e-05
879,1.3152853355378198,8.56992760327386e-05
880,1.394913050548597,8.564037942512046e-05
881,1.3631377426053684,8.566429061061549e-05
882,1.2927813207607237,8.571530301597042e-05
883,1.219823067328951,8.576538603711391e-05
884,1.208332676472978,8.577301199463768e-05
885,1.2833070253055225,8.572196887173705e-05
886,1.3707166252376515,8.565863668467155e-05
887,1.4482856314299546,8.559899678608053e-05
888,1.2707173140153571,8.57307518172942e-05
889,1.2037785258947191,8.577601477064634e-05
890,1.136905147272593,8.58188169446277e-05
891,1.1052857712257038,8.583821247193481e-05
892,1.1814412556824865,8.579058058871068e-05
893,1.2719466333211515,8.572989797176424e-05
894,1.1299062919388578,8.582315673039295e-05
895,1.0742996612382214,8.58566941762597e-05
896,1.046224301150014,8.587299031366565e-05
897,1.0974705248818009,8.584292294594707e-05
898,1.0388861995747964,8.58771791823509e-05
899,1.0233732717786634,8.588593837097613e-05
900,1.2824216573387934,8.572258932188981e-05
901,1.1956871718259623,8.578132216656393e-05
902,1.1244246060874723,8.582653724827133e-05
903,1.1234355052260194,8.582714548759237e-05
904,1.0605158971494817,8.586474827730502e-05
905,1.0487008599715755,8.587157000561273e-05
906,1.1095591123237802,8.583562281518084e-05
907,1.025683932103039,8.588464196301896e-05
908,1.0093339998668192,8.589375286880591e-05
909,1.0109158799983256,8.589287771723965e-05
910,0.0,0.0
911,0.32741176432427016,8.614385739775256e-05
912,0.6422272036747149,8.605999642517802e-05
913,0.9339303632020476,8.593389168095269e-05
914,1.1959186176498406,8.57811708446772e-05
915,1.4267889592172691,8.561584802555818e-05
916,1.6307466657543768,8.544601741606517e-05
917,1.8167975130315106,8.527179478533243e-05
918,1.9964004954090198,8.508628314168019e-05
919,2.1795487257636252,8.487968886389872e-05
920,2.369814467032464,8.464670513776964e-05
921,2.557925452498616,8.439812360616358e-05
922,2.703680049128695,8.419318161407233e-05
923,0.4272766520083898,8.612314338784344e-05
924,0.6679893539355131,8.605073019500555e-05
925,0.9267970558414027,8.593752881171447e-05
926,1.1757760310774878,8.579423193844534e-05
927,1.4031757205896471,8.563407288906298e-05
928,1.6066769952598285,8.546721475412406e-05
929,1.7906872995045373,8.529735029960361e-05
930,1.9635487983941096,8.512148099721916e-05
931,2.1340897656922704,8.493262977002323e-05
932,2.3071449147673,8.472550411215115e-05
933,2.476965782342343,8.45073179737176e-05
934,2.614486840174691,8.431986578292332e-05
935,2.65877953510476,8.425745556951319e-05
936,2.579514104331788,8.436844459973923e-05
937,2.426737656866021,8.457338706319523e-05
938,2.251933662346716,8.479325171072367e-05
939,2.07603467704429,8.499862065734197e-05
940,1.9017482464421722,8.518616189728557e-05
941,1.7230617609875567,8.536186374040164e-05
942,1.5307844183760744,8.553202960878186e-05
943,1.3168700755244984,8.569813713221481e-05
944,1.0776621541406444,8.58547137822117e-05
945,0.8162710571562344,8.599034303182284e-05
946,0.5465082978018008,8.609124249590634e-05
947,0.843622864973143,8.597789295386431e-05
948,1.056041107432891,8.58673408247824e-05
949,1.2701484511177572,8.573114665544298e-05
950,1.473376942173226,8.557901460660227e-05
951,1.6594743573909336,8.542031453077762e-05
952,1.8269663791203385,8.526174459700971e-05
953,1.9782403991486694,8.51058100148399e-05
954,2.1176385351544913,8.495150776254552e-05
955,2.248909616568806,8.479691701154867e-05
956,2.3710191728671544,8.464517063367664e-05
957,2.4717481756035222,8.451424095678099e-05
958,2.5279509235308337,8.443893966158759e-05
959,2.5157194650837646,8.44554642074185e-05
960,2.441039179995909,8.455470613624255e-05
961,2.3196456968006185,8.470994701957153e-05
962,2.1727372347908704,8.488768311056635e-05
963,2.014331857368257,8.506683294537191e-05
964,1.8478471256821318,8.52409366002431e-05
965,1.6703867746837444,8.541043616451726e-05
966,1.4774320143626276,8.557575359676278e-05
967,1.2667129621189948,8.573352746288447e-05
968,1.041512308497789,8.587568345604005e-05
969,1.2386681677376083,8.575272460006815e-05
970,1.4261753814200975,8.561632537332509e-05
971,1.600141350042891,8.547291723307511e-05
972,1.7565915010318733,8.533017945757934e-05
973,1.8936599269807155,8.519447877389099e-05
974,2.0100246726081523,8.507152030072889e-05
975,2.1059047032848888,8.49648865304066e-05
976,2.1838527242417696,8.487462512022635e-05
977,2.249733030131683,8.479591945900869e-05
978,2.310571550931508,8.472124769324798e-05
979,2.3650674496293775,8.465274445130971e-05
980,2.3984172761513745,8.461007140328664e-05
981,2.388628992503314,8.462265512312937e-05
982,2.340680481474083,8.46835882003703e-05
983,2.2527362886824753,8.479227809340824e-05
984,2.1307010832073416,8.493652982441485e-05
985,1.9853548304147537,8.509818069687884e-05
986,1.8239101410720897,8.526477090021605e-05
987,1.6488892533794377,8.542983614899219e-05
988,1.4616545182116347,8.558839205091916e-05
989,1.5994200853055893,8.547354515697074e-05
990,1.752861510771484,8.533373357262466e-05
991,1.8713357915076263,8.521725521842957e-05
992,1.9629589096961324,8.512210784837635e-05
993,2.0315329289133706,8.50480169754179e-05
994,2.076346288098919,8.49982711330965e-05
995,2.100452433723325,8.497107877251318e-05
996,2.115596263699384,8.495384148049822e-05
997,2.141920537441717,8.492359447612771e-05
998,2.190594093138148,8.486667447627568e-05
999,2.2589808745225852,8.478469181329807e-05
1000,2.2924973076221096,8.474363063488081e-05
1001,2.299931250394198,8.473444487244444e-05
1002,2.281925742921622,8.475664440780423e-05
1003,2.2290059365265993,8.482092351438033e-05
1004,2.1262311004474976,8.494166522957547e-05
1005,1.9829715726771713,8.510073938743608e-05
1006,1.8199058806898196,8.526872848349648e-05
1007,1.9033670018190634,8.518449327004855e-05
1008,1.9881874573595077,8.50951356922723e-05
1009,2.01615968981924,8.506484085008079e-05
1010,2.0283296428385507,8.505153270858305e-05
1011,2.021338997512555,8.505918660821167e-05
1012,1.9976213443295878,8.508496421790845e-05
1013,1.9722768109098847,8.511218478317193e-05
1014,1.9720426160026747,8.511243474538065e-05
1015,2.015278934321916,8.506580097489244e-05
1016,2.085897642557847,8.498753314672407e-05
1017,2.181401268611072,8.487751048503531e-05
1018,2.2283389356671446,8.482172446352813e-05
1019,2.2575839317983317,8.478639064589462e-05
1020,2.278021992069014,8.476143543858934e-05
1021,2.2609518636617802,8.478229316661913e-05
1022,2.139573038636749,8.492630640687992e-05
1023,2.0858812495987085,8.49875516169971e-05
1024,2.044329377859119,8.50339189198132e-05
1025,2.003656596856148,8.50784326808793e-05
1026,1.9479591977041422,8.51379861636218e-05
1027,1.8821423405238416,8.520626245532329e-05
1028,1.8245284452936064,8.526415904962092e-05
1029,1.8041047010100553,8.528426290251138e-05
1030,1.8439187456020796,8.524486884499297e-05
1031,1.924992782908909,8.516206918344994e-05
1032,2.065570919127605,8.501032814764434e-05
1033,2.156135865437525,8.490706641899093e-05
1034,2.220730991978873,8.483084398183251e-05
1035,2.2715863868746555,8.476931664444164e-05
1036,2.3240708074158074,8.470442076478293e-05
1037,2.0551861927810107,8.502189078476896e-05
1038,1.9828047544235696,8.510091837392879e-05
1039,1.8705122888179815,8.521809039138933e-05
1040,1.7623493226193825,8.532467867526399e-05
1041,1.6764679879747701,8.540490375894322e-05
1042,1.6383035875509921,8.543929871100068e-05
1043,1.675238374391486,8.540602398813197e-05
1044,1.7659928678724313,8.532118872442622e-05
1045,1.937172375943123,8.514933189561292e-05
1046,2.0824499454200196,8.499141465550076e-05
1047,2.204008808108226,8.485078342181168e-05
1048,2.2521735024797573,8.47929608100315e-05
1049,1.9445987540807663,8.514152727055924e-05
1050,1.7864600694131934,8.530145386068854e-05
1051,1.6408960353626758,8.543698682202138e-05
1052,1.5305800215713943,8.553220002129114e-05
1053,1.473750614265519,8.557871447492482e-05
1054,1.5036846554890186,8.555442889737194e-05
1055,1.60339153907944,8.54700842225548e-05
1056,1.7343581889186088,8.535125555852663e-05
1057,1.9631581525862905,8.512189614130721e-05
1058,2.144889294383946,8.492016074477047e-05
1059,1.6595376087484173,8.542025745533474e-05
1060,1.5113062505333794,8.55481689397338e-05
1061,1.3883508539899683,8.564536195605647e-05
1062,1.3134913139629472,8.5700563705871e-05
1063,1.3248628646186884,8.56923723799158e-05
1064,1.4309469613647068,8.561260788834439e-05
1065,1.5743501549599084,8.549519847001457e-05
1066,1.7882703900457877,8.529969765742677e-05
1067,1.3751709633848999,8.565529930425352e-05
1068,1.2545531428132204,8.574190314886734e-05
1069,1.1705629526151078,8.579757654361925e-05
1070,1.147465067719979,8.581221887624208e-05
1071,1.248715389156952,8.574589586775491e-05
1072,1.4077266064225586,8.56305837504011e-05
1073,1.1415933201594155,8.581589511960277e-05
1074,1.0634877450398603,8.586302048452997e-05
1075,1.025871157999219,8.5884536792029e-05
1076,1.0681311180383715,8.58603113020256e-05
1077,1.002093568656233,8.589774118459834e-05
1078,0.9880890996332591,8.590537459751296e-05
1079,0.8843184797766444,8.595861427516556e-05
1080,1.1148700698029221,8.583239057615777e-05
1081,1.3369076134682127,8.56836202518595e-05
1082,1.541433280176083,8.552312043535453e-05
1083,1.7267982861499092,8.535836234897234e-05
1084,1.8963352992923983,8.519173160807297e-05
1085,2.0556956095566616,8.502132489785786e-05
1086,2.2093610981260894,8.484441711700065e-05
1087,2.3558339180425074,8.466445856998664e-05
1088,2.481154121331793,8.450175064725084e-05
1089,2.5574879435178035,8.439872263274273e-05
1090,1.2529177487419587,8.574302352626574e-05
1091,1.446839501074764,8.560013817651733e-05
1092,1.627521352635433,8.544887572724693e-05
1093,1.7906865912650405,8.529735098791386e-05
1094,1.93524033997625,8.515135759306957e-05
1095,2.062258015085731,8.501402293279258e-05
1096,2.17377042093494,8.488647206758344e-05
1097,2.2712644116501326,8.476971038285314e-05
1098,2.3534249822464064,8.466750747515263e-05
1099,2.4140423222387177,8.458988244779845e-05
1100,2.44325324170504,8.455180475524138e-05
1101,2.4237151151023237,8.457732179915755e-05
1102,2.3647646398431013,8.465312930412956e-05
1103,2.2702366813375123,8.477096682052115e-05
1104,2.1499669482235593,8.491427721239049e-05
1105,2.0126383453230465,8.506867709084729e-05
1106,1.861322485051726,8.522738620819062e-05
1107,1.6953025797008452,8.538764436633168e-05
1108,1.513475012130213,8.554638196408614e-05
1109,1.3174337722526457,8.569773169602222e-05
1110,1.5973915186826322,8.547530971566898e-05
1111,1.7496494154705642,8.533678831234453e-05
1112,1.879199075428848,8.520926252630707e-05
1113,1.9854016808553518,8.509813036795713e-05
1114,2.0677086230696884,8.500794099198569e-05
1115,2.1274701710175004,8.494024274513336e-05
1116,2.1707462685232186,8.48900152494914e-05
1117,2.2095143165898037,8.484423465245147e-05
1118,2.253616534883981,8.479120993798153e-05
1119,2.297592064251907,8.473733835803002e-05
1120,2.325411921769123,8.470274394073779e-05
1121,2.3198952692584305,8.47096356113016e-05
1122,2.2872493691342344,8.475009812816666e-05
1123,2.2237269150783376,8.482725638794442e-05
1124,2.126369800797303,8.494150603770501e-05
1125,1.9996380236698457,8.508278382441658e-05
1126,1.851416735506367,8.523735642741133e-05
1127,1.6876702375597974,8.539466107806668e-05
1128,1.8805606380092517,8.520787525165589e-05
1129,1.967064588382789,8.511774112609312e-05
1130,2.02261497929696,8.505779146912965e-05
1131,2.0526397805366168,8.502471744399994e-05
1132,2.0599155694502054,8.501663194081917e-05
1133,2.054291412550102,8.502288442599895e-05
1134,2.056329413878086,8.50206206457844e-05
1135,2.0869707431700943,8.498632375853448e-05
1136,2.141092513160139,8.492455137170044e-05
1137,2.210328284306808,8.484326511233787e-05
1138,2.2431938055200753,8.480383198082262e-05
1139,2.25700941110166,8.47870890327345e-05
1140,2.255983253239877,8.478833600565458e-05
1141,2.2263122279739225,8.48241567678222e-05
1142,2.137246688340618,8.492899108327729e-05
1143,2.00262225843029,8.507955342653685e-05
1144,2.0315048189673215,8.504804785050015e-05
1145,2.033515359701424,8.504583849506981e-05
1146,2.012550496569108,8.506877271261958e-05
1147,1.972399306103385,8.511205402947976e-05
1148,1.9261005379184655,8.516091392378751e-05
1149,1.8988107984603484,8.518918632740408e-05
1150,1.9193315604141092,8.516796312086769e-05
1151,1.9823271797773832,8.510143070379835e-05
1152,2.0877858488449417,8.498540473086887e-05
1153,2.1587501413496537,8.490402354252603e-05
1154,2.2090925973708955,8.484473683944897e-05
1155,2.2495102068451565,8.479618944043605e-05
1156,2.290352958961152,8.474627501639756e-05
1157,2.265631692214091,8.47765899016599e-05
1158,2.0198817350648697,8.506077891633181e-05
1159,1.9566291839192158,8.512882271881654e-05
1160,1.8727473542049522,8.521582282152052e-05
1161,1.7916614280238738,8.529640333110703e-05
1162,1.7400172835118195,8.53459158388613e-05
1163,1.7516252970327095,8.533490987249929e-05
1164,1.8228544742923083,8.526581508226368e-05
1165,1.918445309296601,8.516888427953769e-05
1166,2.0709608731627505,8.50043046640886e-05
1167,2.16854067385706,8.489259639673347e-05
1168,2.2383389033472647,8.48096921787722e-05
1169,2.28372615456746,8.475443213714594e-05
1170,1.8903181379082197,8.519790495362968e-05
1171,1.7661398538285742,8.532104778735429e-05
1172,1.6549671339659553,8.542437619230508e-05
1173,1.5815896769183047,8.548897997152995e-05
1174,1.581565657254293,8.548900064978213e-05
1175,1.6591327806436194,8.542062271895544e-05
1176,1.772023827990176,8.531539657227864e-05
1177,1.960186538812833,8.512505149391195e-05
1178,2.1197898372949124,8.494904710962572e-05
1179,2.24637691393121,8.479998314741526e-05
1180,1.6467192155191153,8.543178080754826e-05
1181,1.5173006228395667,8.554322368128555e-05
1182,1.425938723590143,8.561650943309768e-05
1183,1.4071769536857446,8.563100575607267e-05
1184,1.4857637972785604,8.556902572632757e-05
1185,1.6131890553057493,8.546151023247213e-05
1186,1.8057587107983908,8.528264299170342e-05
1187,1.9849166354761365,8.509865137063514e-05
1188,1.3805892298111822,8.56512253419535e-05
1189,1.2796660636146648,8.572451769018818e-05
1190,1.235090978159208,8.575514273950217e-05
1191,1.3009644486626257,8.570950667780403e-05
1192,1.441397202570385,8.56044235884113e-05
1193,1.6013314422707068,8.54718805481797e-05
1194,1.1547016870105231,8.580766244037783e-05
1195,1.0936036758534526,8.584524137095605e-05
1196,1.1130455827888432,8.583350267801387e-05
1197,1.2656747186674535,8.573424571782188e-05
1198,1.0130242063252386,8.589170920481583e-05
1199,1.0049907302247767,8.589614873034194e-05
1200,1.6203327503912197,8.545522643797055e-05
1201,1.7794706877774458,8.53082180527266e-05
1202,1.919069454504529,8.516823559352643e-05
1203,2.036881965804197,8.504213425228948e-05
1204,2.1323735040394944,8.493460577098591e-05
1205,2.2067248285923746,8.484755469136029e-05
1206,2.262994795609901,8.477980485275417e-05
1207,2.303918543267985,8.472950625076031e-05
1208,2.3283230455233594,8.46991009202861e-05
1209,1.880611456182581,8.520782345493967e-05
1210,1.985004484230075,8.509855701862479e-05
1211,2.0588504313597604,8.501781734179413e-05
1212,2.1032497792002944,8.496790370796578e-05
1213,2.1261961468388955,8.494170534563578e-05
1214,2.142707843522655,8.492268430590358e-05
1215,2.1677292780839363,8.489354531655667e-05
1216,2.2001954302069535,8.485531021920762e-05
1217,2.230710150150183,8.481887601366193e-05
1218,2.237255476762309,8.481099828749368e-05
1219,2.2291543485110323,8.482074526677665e-05
1220,2.21204422287505,8.484122008645485e-05
1221,2.1824039192877605,8.48763307408017e-05
1222,2.127250037449512,8.494049552232273e-05
1223,2.0379535639937814,8.504095394215171e-05
1224,1.9190121571334666,8.516829515230396e-05
1225,2.0303959466900645,8.504926547181659e-05
1226,2.057933827803055,8.501883696386855e-05
1227,2.0526540408195175,8.502470162370967e-05
1228,2.02861918706032,8.505121514264104e-05
1229,2.0091494541112986,8.507247158429415e-05
1230,2.0206926119928794,8.505989303171665e-05
1231,2.063427068621619,8.501271977479075e-05
1232,2.111658711519962,8.495833482831286e-05
1233,2.1637552857887434,8.489818793386007e-05
1234,2.1861732940303673,8.487189094018607e-05
1235,2.201772155946473,8.485343942675183e-05
1236,2.2158474466909532,8.483668204265122e-05
1237,2.207538043506498,8.484658722146417e-05
1238,2.141097760498613,8.492454530880233e-05
1239,2.023211800784258,8.505713862162519e-05
1240,1.9782658718973114,8.510578274584204e-05
1241,1.9157521068566437,8.517168103022736e-05
1242,1.8658993753699442,8.522276207662292e-05
1243,1.8650253059717798,8.522364601991338e-05
1244,1.9178053950169114,8.516954914225662e-05
1245,1.9888217136809705,8.509445330686071e-05
1246,2.0825531112456814,8.499129859852404e-05
1247,2.143342394280762,8.492195049525871e-05
1248,2.193066294615677,8.486375291090256e-05
1249,2.244009950476701,8.480284564342324e-05
1250,2.276849064701811,8.47628734256678e-05
1251,1.881115746577515,8.520730938041124e-05
1252,1.7897156171966762,8.529829439067285e-05
1253,1.7156067524672007,8.536882751115194e-05
1254,1.7011934962010646,8.53822074837365e-05
1255,1.761088266385541,8.532588493566487e-05
1256,1.8537556017472223,8.523500699998366e-05
1257,1.9837818161685075,8.509986983507641e-05
1258,2.094306619440898,8.497804014229483e-05
1259,2.1928268507784434,8.486403601604947e-05
1260,2.268980036878693,8.477250237421584e-05
1261,1.654484862657398,8.542481014931839e-05
1262,1.562317322836748,8.550547243195827e-05
1263,1.5306974776010862,8.553210209696491e-05
1264,1.5910465132354037,8.548081479877207e-05
1265,1.7017155053158128,8.53817248199133e-05
1266,1.827772487766253,8.526094556286021e-05
1267,2.0052451080192033,8.507671037829302e-05
1268,2.143954811360934,8.492124208235068e-05
1269,1.4135520309820055,8.56261012154251e-05
1270,1.360624975397634,8.566615834880412e-05
1271,1.4088072425438969,8.562975360019641e-05
1272,1.5313704638004857,8.553154087924938e-05
1273,1.677953022960025,8.540354976003522e-05
1274,1.8582813333005328,8.52304526502261e-05
1275,1.2079234922973876,8.57732822479253e-05
1276,1.2240013860823389,8.576259529226485e-05
1277,1.3498457227273983,8.567413205880274e-05
1278,1.5121886731787317,8.554744216093752e-05
1279,1.0640753595728554,8.586267828615088e-05
1280,1.175589756450403,8.579435170155466e-05
1281,2.06628951642806,8.50095259619703e-05
1282,2.1130712211891987,8.495672386649029e-05
1283,2.1238168456931987,8.494443456383218e-05
1284,2.118587547432258,8.495042258169642e-05
1285,2.1214014004599253,8.494720223255373e-05
1286,2.1372822133154656,8.492895010754415e-05
1287,2.151052230555151,8.491301794849767e-05
1288,2.064462616625044,8.501156484192894e-05
1289,2.0390154680557826,8.503978371827156e-05
1290,2.0040825527796415,8.507797097853802e-05
1291,1.9951165224549225,8.508766941924689e-05
1292,2.022068181799825,8.505838943335069e-05
1293,2.0597344940968014,8.501683350281027e-05
1294,2.094632309341793,8.497767172626484e-05
1295,2.111846293127439,8.495812095195259e-05
1296,2.117869677469893,8.495124349801234e-05
1297,2.1277682379864724,8.493990043766937e-05
1298,2.145653037575559,8.491927664227143e-05
1299,2.145847318014591,8.491905169661535e-05
1300,1.9233902836179053,8.516373926383931e-05
1301,1.8661481043065575,8.522251046441586e-05
1302,1.847629745494659,8.524115440682459e-05
1303,1.8862918918621108,8.520202507517211e-05
1304,1.9495922404202743,8.513626318756964e-05
1305,2.008770937501693,8.507288287366467e-05
1306,2.077828991464257,8.49966073387316e-05
1307,2.1215629188539222,8.494701725592709e-05
1308,2.1569675280011023,8.490609879303967e-05
1309,2.169892717380318,8.489101443620887e-05
1310,1.713605197621185,8.537069216032743e-05
1311,1.6833092074993454,8.539865646662551e-05
1312,1.7284898310400232,8.535677481809956e-05
1313,1.8153721659245639,8.527319913823031e-05
1314,1.9087413586697861,8.5178943461058e-05
1315,2.019546530881477,8.50611450271893e-05
1316,2.108901675215429,8.496147622869172e-05
1317,2.167833515022365,8.489342343153197e-05
1318,1.51521723911618,8.554494461571641e-05
1319,1.554868405176064,8.551179382059475e-05
1320,1.6569774487000388,8.542256594098941e-05
1321,1.7793351195969203,8.530834899781749e-05
1322,1.917364381444252,8.51700072245247e-05
1323,2.038816890433287,8.504000259660388e-05
1324,1.37951814075826,8.565203193776341e-05
1325,1.4831874965316283,8.557111004234234e-05
1326,1.6236559262931212,8.545229402344266e-05
1327,1.7713596775957525,8.531603536669515e-05
1328,1.3128610519530917,8.570101567020875e-05
1329,1.4593301782015904,8.559024268457792e-05
1330,2.019286462155168,8.506142903446604e-05
1331,2.009212525623697,8.507240304463798e-05
1332,2.020942254478866,8.505962022765392e-05
1333,2.041321939899521,8.503723994652655e-05
1334,2.0527644434204415,8.502457913999902e-05
1335,1.8503637664028711,8.52384132104729e-05
1336,1.883227490756831,8.520515521153299e-05
1337,1.9379040414559556,8.514856424905166e-05
1338,1.9867524718292073,8.509667879141399e-05
1339,2.0267135899125934,8.505330435685848e-05
1340,2.0538159753548015,8.502341222262655e-05
1341,2.0595010217530323,8.501709336468858e-05
1342,2.039337440097207,8.503942878709246e-05
1343,1.7199339398205533,8.536478904437472e-05
1344,1.799564351075222,8.528870222409329e-05
1345,1.8871060028185638,8.520119267013088e-05
1346,1.9646813306452064,8.512027698937851e-05
1347,2.0379594622759725,8.504094744383937e-05
1348,2.0726846198725,8.500237511479984e-05
1349,1.640949645113707,8.543693897628819e-05
1350,1.754091928087231,8.533256198521645e-05
1351,1.8698671638054551,8.52187444094519e-05
1352,1.9738655990025413,8.511048827058585e-05
1353,1.6032004942604006,8.547025090141028e-05
1354,1.740617339027561,8.534534865349875e-05
1355,1.9418831505825689,8.51443845428003e-05
1356,1.9892804953114767,8.509395958042257e-05
1357,2.010464764673691,8.507104180904678e-05
1358,1.8828947693905502,8.520549477292158e-05
1359,1.956004257260517,8.512948453144939e-05
1360,2.0036651100540537,8.507842345417881e-05
1361,2.01656890264272,8.506439462309681e-05
1362,1.8602723855118541,8.522844559089421e-05
1363,1.9514017302640656,8.513435241415973e-05
1364,2.001055074029609,8.508125046533836e-05
1365,1.4293794828456907,8.561383043970583e-05
1366,1.5022511684025073,8.555560281506245e-05
1367,1.6965675957096706,8.538647840167403e-05
1368,1.956144144906198,8.512933640478993e-05
1369,2.2257673976318846,8.48248102708197e-05
1370,2.467855380977196,8.451939708278378e-05
1371,2.661737063665754,8.425325310920793e-05
1372,2.799272322893674,8.405297999393751e-05
1373,2.8816216846749922,8.392855032593746e-05
1374,2.917090842292443,8.387392066630601e-05
1375,2.919398617615165,8.387034468027379e-05
1376,2.905685778380335,8.389155461898553e-05
1377,2.8931187560597014,8.391091067614393e-05
1378,1.5128191360421257,8.554692264576058e-05
1379,1.6489306607209817,8.542979901786389e-05
1380,1.8678048101796287,8.522083372306061e-05
1381,2.116709367906578,8.495256979732505e-05
1382,2.354143394927128,8.466659851699502e-05
1383,2.5547756313438295,8.440243410065334e-05
1384,2.706656517127917,8.4188885107024e-05
1385,2.8078209279998485,8.404021987335774e-05
1386,2.8637175748166603,8.395588976972287e-05
1387,2.885190215428714,8.392308222706572e-05
1388,2.8865849172513682,8.392094339660352e-05
1389,2.883320299227679,8.392594830652127e-05
1390,2.887862716585223,8.391898299553116e-05
1391,2.904297445938503,8.389369680207366e-05
1392,2.891776226818942,8.391297385651665e-05
1393,2.879475483450497,8.393183593702959e-05
1394,2.8460215202576853,8.398275533068345e-05
1395,2.7754051372754738,8.408841269942331e-05
1396,2.6573033109371553,8.425955154408911e-05
1397,2.488103824048679,8.449249309723007e-05
1398,2.272764773256407,8.476787515875209e-05
1399,2.0275866741416597,8.505234738051883e-05
1400,1.7840837365071847,8.53037565275036e-05
1401,1.591469805064305,8.548044820805474e-05
1402,1.7081989747677566,8.53757179842965e-05
1403,1.8531392885540439,8.523562637577256e-05
1404,2.0456688895221573,8.503243821653012e-05
1405,2.2482958816857055,8.479766031407858e-05
1406,2.4336946982173324,8.456431268147484e-05
1407,2.586156735093021,8.435926520655806e-05
1408,2.6996939642409266,8.419892853532687e-05
1409,2.775629158998722,8.408808144238895e-05
1410,2.820414814083326,8.402135526874701e-05
1411,2.8437246884288507,8.398623090933171e-05
1412,2.8566260618623813,8.396667452397406e-05
1413,2.8692834921484383,8.394740767066825e-05
1414,2.887587157308303,8.39194058272121e-05
1415,2.8807600420947854,8.392986968527052e-05
1416,2.8311712786305,8.40051805022472e-05
1417,2.7827327136159954,8.407756455477016e-05
1418,2.716776756606982,8.417424340137262e-05
1419,2.620012384672054,8.43121340453099e-05
1420,2.486267663019524,8.449494139662643e-05
1421,2.3176006465002055,8.471249755982242e-05
1422,2.12617107675226,8.49417341180428e-05
1423,1.9364467376279852,8.515009294117129e-05
1424,1.9105189299897403,8.517710451904472e-05
1425,2.0223024085380237,8.505813330790607e-05
1426,2.163681367866974,8.489827421091526e-05
1427,2.311402981128868,8.472021401636995e-05
1428,2.4484853474591763,8.454493849102096e-05
1429,2.5651473244921337,8.438822159128129e-05
1430,2.657741941960316,8.425892888088328e-05
1431,2.7270695439176005,8.415929942032833e-05
1432,2.776758547939693,8.408641105320734e-05
1433,2.8119742863243564,8.403400720746534e-05
1434,2.8383615711002093,8.399433620774281e-05
1435,2.860739516859557,8.396042183021575e-05
1436,2.881108128279272,8.392933673503253e-05
1437,2.8014922653779517,8.404966988352235e-05
1438,2.7143398031746995,8.417777381596339e-05
1439,2.636857195834803,8.428846857437604e-05
1440,2.5581318541781144,8.439784097238586e-05
1441,2.467468040817545,8.451990970452443e-05
1442,2.36096485059087,8.465795460946549e-05
1443,2.243014125955522,8.480404908316356e-05
1444,2.046886195653692,8.50310917878542e-05
1445,2.1113621358328065,8.495867293995655e-05
1446,2.2030659901408445,8.485190332551386e-05
1447,2.3087189141826445,8.472354970816332e-05
1448,2.4170523703393827,8.458597885969175e-05
1449,2.5197613162720436,8.445001211925293e-05
1450,2.6113341892450155,8.432427029617489e-05
1451,2.688492427670045,8.421503562546599e-05
1452,2.749756490590511,8.412617324006116e-05
1453,2.7953120402052787,8.405887899316286e-05
1454,2.826979320457644,8.401149089618865e-05
1455,2.8477522920666236,8.398013458672466e-05
1456,2.783622453409856,8.407624551182985e-05
1457,2.6670718721046676,8.424566156093793e-05
1458,2.5569976921804005,8.439939375768914e-05
1459,2.4822430833256695,8.450030168807987e-05
1460,2.4369950847229327,8.455999919823476e-05
1461,2.400235745517055,8.460772819781841e-05
1462,2.0978063984423025,8.497407834875185e-05
1463,2.12382903537029,8.494442058895068e-05
1464,2.184896538752939,8.487339560498916e-05
1465,2.2724271005798466,8.476828829704406e-05
1466,2.3755870406916486,8.463934551888308e-05
1467,2.4830907330032805,8.449917339835377e-05
1468,2.584664807107181,8.436132883134884e-05
1469,2.6721143113215717,8.423847290621514e-05
1470,2.740106719489423,8.414029475245824e-05
1471,2.7867533144362726,8.407160085864108e-05
1472,2.7528398040776785,8.412165129247875e-05
1473,2.7038852762447134,8.419288551302293e-05
1474,2.6212970197107146,8.431033428550104e-05
1475,2.504389207178009,8.447070346071758e-05
1476,2.405212175221312,8.460130712610136e-05
1477,2.4047004618398327,8.460196797246054e-05
1478,2.0858812495987085,8.49875516169971e-05
1479,2.095443635086742,8.497675372544871e-05
1480,2.1507572384596796,8.491336029124801e-05
1481,2.242259491201303,8.480496070753618e-05
1482,2.3552175889338347,8.466523891935835e-05
1483,2.473530905135182,8.451187710047415e-05
1484,2.5829727370057545,8.436366792953315e-05
1485,2.673156268494555,8.423698586707939e-05
1486,2.7051025346297655,8.419112882220791e-05
1487,2.6034563840267864,8.433525431091225e-05
1488,2.5503129904015096,8.44085325699001e-05
1489,2.514827113557288,8.445666679024938e-05
1490,2.4695723699680627,8.451712382947565e-05
1491,2.3902993093071183,8.4620511249959e-05
1492,2.0551861927810107,8.502189078476896e-05
1493,2.0707890765425288,8.500449688710408e-05
1494,2.137913904059246,8.492822138419496e-05
1495,2.2424300766524077,8.480475466024448e-05
1496,2.365294399803578,8.46524559806294e-05
1497,2.4879637326846704,8.449267995261562e-05
1498,2.5959018638782623,8.43457581370289e-05
1499,2.587805099655525,8.435698389142823e-05
1500,2.4692278393050042,8.45175801004421e-05
1501,2.3896378613636284,8.462136039770379e-05
1502,2.353250268316078,8.466772848865355e-05
1503,2.4041631054139216,8.460266179110305e-05
1504,2.045691454509989,8.503241326505401e-05
1505,2.078236713005921,8.499614961907815e-05
1506,2.159270229464239,8.490341776517007e-05
1507,2.2712256574214895,8.476975777118384e-05
1508,2.3942701678414817,8.461540886980016e-05
1509,2.511276707368486,8.446144751072821e-05
1510,2.485488843080152,8.449597934106767e-05
1511,2.4215998249508757,8.458007270223916e-05
1512,2.2995341126562505,8.473493631538305e-05
1513,2.248600254373523,8.479729170854112e-05
1514,2.071877750465958,8.500327851118315e-05
1515,2.1170734905431305,8.495215365995513e-05
1516,2.2022077837158585,8.48529223255548e-05
1517,2.3102533890594215,8.472164315444439e-05
1518,2.424029941086803,8.457691217730358e-05
1519,2.4117712703275647,8.459282460222475e-05
1520,2.3664259325616324,8.465101732373929e-05
1521,2.2997168145731726,8.473471023874693e-05
1522,2.1206690871864744,8.49480407337405e-05
1523,2.1666490330062933,8.489480812345493e-05
1524,2.2446293958391594,8.480209679427066e-05
1525,2.340796742568463,8.46834418814613e-05
1526,2.372437127226995,8.464336354974515e-05
1527,2.353310078743692,8.466765283009534e-05
1528,2.1682952203291754,8.489288348836247e-05
1529,2.2050553441689225,8.484953978047868e-05
1530,2.269686914009139,8.47716387075545e-05
1531,2.3520345903396107,8.466926589041485e-05
1532,2.19636555430428,8.485984902681575e-05
1533,2.2191795846077005,8.483269995645391e-05
1534,1.7761086828440784,8.531146254112022e-05
1535,1.9685478201425384,8.511616141731132e-05
1536,2.1838942827805097,8.487457617896706e-05
1537,2.386842764746005,8.462494618936282e-05
1538,2.5567836033171503,8.439968679443503e-05
1539,2.6850078925290894,8.422003331986332e-05
1540,2.771822166393766,8.409370737272938e-05
1541,2.8243622545593627,8.401542608539555e-05
1542,2.854608176127655,8.396973876030794e-05
1543,2.8728984483990594,8.394189048538392e-05
1544,2.876010053268911,8.393713633479413e-05
1545,1.9676630969124838,8.511710382618804e-05
1546,2.120734253177923,8.494796612975673e-05
1547,2.284587079358874,8.475337367865689e-05
1548,2.4362836732681576,8.456092945674187e-05
1549,2.563430096768853,8.439057850039361e-05
1550,2.662084608723434,8.42527589808695e-05
1551,2.734418454978243,8.414859716043945e-05
1552,2.786145223187454,8.407250334853877e-05
1553,2.8223754597427693,8.401841128416103e-05
1554,2.8442062912866466,8.398550236225679e-05
1555,2.856263745634433,8.396722486376173e-05
1556,2.8598901912803956,8.396171354263854e-05
1557,2.827474984654662,8.401074519995874e-05
1558,2.768080245878843,8.409923009072411e-05
1559,2.703100254037209,8.419401802650766e-05
1560,2.6250726603834305,8.430503983624478e-05
1561,2.52507835824466,8.444282728391467e-05
1562,2.399967757240778,8.460807362285262e-05
1563,2.2545542360199424,8.479007162275667e-05
1564,2.1030602495363135,8.496811895795039e-05
1565,2.0959208007047248,8.497621366095105e-05
1566,2.197969823398251,8.485794872239316e-05
1567,2.312836847799919,8.471843052430231e-05
1568,2.4259446594043186,8.457441983642141e-05
1569,2.528978365773007,8.443754814305875e-05
1570,2.6182092276034483,8.431465884476613e-05
1571,2.692627403598625,8.420909712783168e-05
1572,2.752107606987336,8.412272555347237e-05
1573,2.7958798381971546,8.405803371524708e-05
1574,2.823067121660656,8.401737227109801e-05
1575,2.8317850103305013,8.400425588387192e-05
1576,2.8045305443824216,8.404513558986854e-05
1577,2.722288685398964,8.416624729398936e-05
1578,2.6286517558422746,8.430001435941717e-05
1579,2.546801656751237,8.441332392683192e-05
1580,2.4751987677697644,8.450966408971168e-05
1581,2.4047598982533303,8.460189122086131e-05
1582,2.330508421145548,8.469636325026018e-05
1583,2.1415195147316086,8.492405795729595e-05
1584,2.203362618349131,8.4851551032401e-05
1585,2.2889329960659297,8.474802479241302e-05
1586,2.3863294677728417,8.462560425647072e-05
1587,2.486197018914934,8.449503555775888e-05
1588,2.581110854946247,8.436624010099862e-05
1589,2.665042420580227,8.424855120111823e-05
1590,2.7328579662260175,8.415087196951435e-05
1591,2.778858490779978,8.408330350332542e-05
1592,2.7869245842536325,8.407134663772327e-05
1593,2.753150870822402,8.412119482214388e-05
1594,2.6763632008091216,8.42324056392267e-05
1595,2.5683002443936624,8.438389029665562e-05
1596,2.467176228637837,8.452029585017172e-05
1597,2.4168217102634584,8.458627815556449e-05
1598,2.4061623222738233,8.460007971450606e-05
1599,2.1263203465818363,8.494156279940846e-05
1600,2.171053830676095,8.488965511756407e-05
1601,2.2510552846242424,8.479431683650618e-05
1602,2.3522350253002924,8.466901246342255e-05
1603,2.4614815135768127,8.452782279921742e-05
1604,2.5666187628705996,8.438620084253507e-05
1605,2.6574895731501544,8.425928714546231e-05
1606,2.7243833713514793,8.416320456063274e-05
1607,2.6972811116416757,8.420240338298296e-05
1608,2.6423028079450974,8.428078738614513e-05
1609,2.5842835450748067,8.436185600991584e-05
1610,2.5087091768546927,8.446490077239943e-05
1611,2.409228986562394,8.459611501097056e-05
1612,2.363316234367999,8.465496948928598e-05
1613,2.0933893171939926,8.497907748551894e-05
1614,2.1425913739353,8.492281897159441e-05
1615,2.232815787554333,8.481634415648246e-05
1616,2.3458215410514747,8.467711135610434e-05
1617,2.4641931509338284,8.45242407724327e-05
1618,2.573182121737778,8.437717393737603e-05
1619,2.659168533658918,8.42569030785608e-05
1620,2.612409027829242,8.432276922153977e-05
1621,2.4954488803765997,8.448268219922571e-05
1622,2.4387989786789244,8.45576392259094e-05
1623,2.4125998405105973,8.459175149255e-05
1624,2.4020368415291475,8.46054057116872e-05
1625,2.0817541231919208,8.49921972798647e-05
1626,2.145350616127344,8.491962675892596e-05
1627,2.247378004889456,8.479877160417595e-05
1628,2.3665553525867065,8.465085273430729e-05
1629,2.484616729696239,8.449714125273233e-05
1630,2.5667703818271366,8.438599255963207e-05
1631,2.4989503225471594,8.447799561600357e-05
1632,2.375855788137004,8.463900246920175e-05
1633,2.3004811402718772,8.473376427052586e-05
1634,2.2820499697209033,8.475649181672732e-05
1635,2.1054793235022893,8.496537019818157e-05
1636,2.1790885674428613,8.488022968187119e-05
1637,2.283305046503533,8.4754949726738e-05
1638,2.3978170089595583,8.461084451176424e-05
1639,2.4742709676628123,8.451089532010223e-05
1640,2.413295221879504,8.459085060946053e-05
1641,2.3233956339500255,8.47052645989032e-05
1642,2.274016324757047,8.47663433886327e-05
1643,2.151750421008803,8.49122075081018e-05
1644,2.224020820145548,8.482690418911645e-05
1645,2.319987065054957,8.470952106348586e-05
1646,2.408874379799889,8.459657370629943e-05
1647,2.3661382058893135,8.46513832082981e-05
1648,2.3467947401059437,8.46758837670097e-05
1649,2.197338067400944,8.485869721514809e-05
1650,2.2592239088953345,8.478439615457198e-05
1651,2.3418773346038817,8.46820815842761e-05
1652,2.3560427134123496,8.466419416487865e-05
1653,2.2242820268297,8.482659113667065e-05
1654,2.2722243515062925,8.476853632976176e-05
1655,2.2120120926751388,8.484125839266043e-05
1656,2.31457837848301,8.471626292759034e-05
1657,2.4163243574324937,8.458692340945789e-05
1658,2.5105175828533217,8.446246886211976e-05
1659,2.5959466532623474,8.434569594668806e-05
1660,2.67417274496115,8.423553466721084e-05
1661,2.7443314810876,8.413411795076057e-05
1662,2.796657607713902,8.405687559308293e-05
1663,2.820503611400725,8.402122197750817e-05
1664,2.2446843536325587,8.480203034608141e-05
1665,2.309163215896428,8.472299779690031e-05
1666,2.386851943211573,8.462493442097805e-05
1667,2.472150498609516,8.45137076275909e-05
1668,2.559240376314497,8.439632266120411e-05
1669,2.642437039224101,8.428059786054822e-05
1670,2.7146042916337776,8.41773907954828e-05
1671,2.76502742966187,8.410373057843482e-05
1672,2.781004257511479,8.408012586958654e-05
1673,2.756950941778883,8.411561456005323e-05
1674,2.696058147551914,8.420416350812041e-05
1675,2.6103453516258384,8.432565075054635e-05
1676,2.5207586877792694,8.44486654802785e-05
1677,2.444930082269962,8.454960570270818e-05
1678,2.3895216336917873,8.462150958429746e-05
1679,2.3484961430532327,8.467373645713165e-05
1680,2.221478915169142,8.482994878432176e-05
1681,2.2705857335925033,8.47705401525019e-05
1682,2.346005643531896,8.467687916730338e-05
1683,2.4363445054705064,8.456084992120896e-05
1684,2.5314481767432913,8.443420095824733e-05
1685,2.6217783535966563,8.430965972758164e-05
1686,2.6958242327574036,8.420450007953214e-05
1687,2.7319848119687764,8.415214428206758e-05
1688,2.692900219044326,8.420870501870866e-05
1689,2.6250816430884187,8.430502723153967e-05
1690,2.5378396164409414,8.442552466355252e-05
1691,2.4448361108253622,8.454972897725403e-05
1692,2.376549054336717,8.463811736067547e-05
1693,2.367280502296169,8.464993036907556e-05
1694,2.183172548536126,8.48754259994942e-05
1695,2.236952238849236,8.481136374285266e-05
1696,2.3219889318446616,8.470702194759037e-05
1697,2.422947052445555,8.457832091738048e-05
1698,2.5259885940120923,8.444159585811755e-05
1699,2.618266160509691,8.431457915178638e-05
1700,2.6693756462721203,8.424237881620013e-05
1701,2.5928913367212187,8.434993594940835e-05
1702,2.5183701429144776,8.445188962123977e-05
1703,2.4432770592422735,8.455177353034286e-05
1704,2.3671783120903087,8.465006036778012e-05
1705,2.3173366482383515,8.471282665578707e-05
1706,2.1665305389680625,8.489494660620848e-05
1707,2.233598615015172,8.481540228631268e-05
1708,2.329079873432695,8.469815310233751e-05
1709,2.4353364403426543,8.456216768008032e-05
1710,2.53753561935879,8.44259378048359e-05
1711,2.582552969026449,8.436424798784538e-05
1712,2.4768314030492427,8.450749644880943e-05
1713,2.3945107178055696,8.461509951438137e-05
1714,2.3287109538661577,8.469861515771456e-05
1715,2.2938700794851554,8.474193650858372e-05
1716,2.1845178757207853,8.487384169962437e-05
1717,2.2605606226144737,8.478276945700561e-05
1718,2.357526591341168,8.466231443267052e-05
1719,2.4589832998153844,8.453111958102803e-05
1720,2.4814447875959114,8.450136394940963e-05
1721,2.4194851364051124,8.45828205382596e-05
1722,2.3124826230092768,8.471887121945084e-05
1723,2.2676019778884373,8.477418535429808e-05
1724,2.224830232848081,8.482593400500162e-05
1725,2.2991724234987774,8.473538382142833e-05
1726,2.3880625202721144,8.462338187327522e-05
1727,2.4044746655389693,8.46022595319188e-05
1728,2.3600053993403853,8.46591718342194e-05
1729,2.3065262986020953,8.472627188680708e-05
1730,2.2655150746126393,8.477673215967889e-05
1731,2.329896577023171,8.469712996865447e-05
1732,2.3631760936659583,8.46551474796331e-05
1733,2.3441926077159727,8.467916499799025e-05
1734,2.289715613442244,8.474706052582268e-05
1735,2.34130583307648,8.468280109042102e-05
1736,2.316309503615922,8.471410673680359e-05
1737,2.34635379337836,8.467644003552995e-05
1738,2.406278868255551,8.459992912719694e-05
1739,2.4877088890151433,8.449301984027365e-05
1740,2.577331794033804,8.43714554459049e-05
1741,2.659927796638883,8.425582448527927e-05
1742,2.7156677442733748,8.417585039659444e-05
1743,2.272383360026837,8.476834180876379e-05
1744,2.3091194578363745,8.472305215763755e-05
1745,2.3778122591622903,8.463650396574718e-05
1746,2.4658968791348364,8.452198826016012e-05
1747,2.5590220443804643,8.439662175344438e-05
1748,2.637693403863555,8.428729005034385e-05
1749,2.650154080442764,8.42696866601151e-05
1750,2.5842662560733385,8.436187991401874e-05
1751,2.4959127995286687,8.448206161453952e-05
1752,2.4065849232111165,8.459953364512862e-05
1753,2.3391308900608117,8.468553775619867e-05
1754,2.320221401610067,8.470922862587524e-05
1755,2.25086645683356,8.479454575815823e-05
1756,2.3008441233590373,8.473331491898565e-05
1757,2.378140049908434,8.463608517013362e-05
1758,2.4690951406881028,8.45177558205635e-05
1759,2.557713370579199,8.439841399563846e-05
1760,2.585776846567806,8.435979077259862e-05
1761,2.4892041544801398,8.449102511737732e-05
1762,2.403491633892116,8.460352856763208e-05
1763,2.326834486847665,8.470096426711174e-05
1764,2.2960349479929265,8.473926289136877e-05
1765,2.263182740090649,8.4779575826176e-05
1766,2.322127087884562,8.470684939862683e-05
1767,2.4001196801832556,8.460787780540935e-05
1768,2.4848829656765923,8.449678658909804e-05
1769,2.494405914161277,8.448407697564496e-05
1770,2.394578969811365,8.461501173459305e-05
1771,2.322426303952223,8.470647566130722e-05
1772,2.284214581989216,8.475383169002201e-05
1773,2.297291296423551,8.473771019225637e-05
1774,2.3551130320939704,8.466537128200421e-05
1775,2.4253481594100057,8.457519648631658e-05
1776,2.406141640088969,8.460010643692036e-05
1777,2.337351751064668,8.468777458785912e-05
1778,2.3002285725180367,8.473407689443222e-05
1779,2.3326190130430757,8.469371693492305e-05
1780,2.381590425623953,8.463167352501702e-05
1781,2.3528511300004955,8.466823334074433e-05
1782,2.337070713674607,8.468812777493412e-05
1783,2.353724776046511,8.466712819886138e-05
1784,2.3403299984161534,8.4684029254341e-05
1785,2.296648698791521,8.473850446895177e-05
1786,2.3265202067646404,8.470135753084946e-05
1787,2.3948804984003496,8.46146239062462e-05
1788,2.4825950767640093,8.449983320096561e-05
1789,2.564202757411927,8.43895182020632e-05
1790,2.306085418719588,8.472681894991887e-05
1791,2.344001699770185,8.467940559183519e-05
1792,2.409151638851601,8.459621506822053e-05
1793,2.486046603169767,8.449523603760684e-05
1794,2.4833207835157722,8.449886711958327e-05
1795,2.404404806068248,8.460234973267461e-05
1796,2.3363108236241663,8.46890825456688e-05
1797,2.3066047906369294,8.472617447995985e-05
1798,2.336198366332927,8.468922381846478e-05
1799,2.3731197093553775,8.46424932791215e-05
1800,2.428511648791305,8.457107551306293e-05
1801,2.418652276996363,8.458390213253129e-05
1802,2.3446138033151183,8.467863411543103e-05
1803,2.3149483484721722,8.471580224350836e-05
1804,2.367522174302606,8.464962291080559e-05
1805,2.3958580901312474,8.461336620048322e-05
1806,2.3541605757032347,8.466657677609941e-05
1807,2.327833316214169,8.469971407890715e-05
1808,2.3493915821856057,8.46726057430456e-05
1809,2.3317088552615655,8.46948583951392e-05
1810,2.3358239893433907,8.468969407718685e-05
1811,2.361927219151461,8.465673320948852e-05
1812,2.416605347076072,8.458655887562015e-05
1813,2.365071500122679,8.465273930306055e-05
1814,2.382352504054861,8.463069831072337e-05
1815,2.3632189143033973,8.465509309493047e-05
1816,2.343440719976071,8.468011246457172e-05
1817,2.3503226529266383,8.467142959895202e-05
1818,2.3393181581330516,8.468530221792387e-05
1819,2.359311197309607,8.466005225156911e-05
1820,1.4293794828456907,8.561383043970583e-05
1821,1.5022511684025073,8.555560281506245e-05
1822,1.6965675957096706,8.538647840167403e-05
1823,1.956144144906198,8.512933640478993e-05
1824,2.2257673976318846,8.48248102708197e-05
1825,2.467855380977196,8.451939708278378e-05
1826,2.661737063665754,8.425325310920793e-05
1827,2.799272322893674,8.405297999393751e-05
1828,2.8816216846749922,8.392855032593746e-05
1829,2.917090842292443,8.387392066630601e-05
1830,2.919398617615165,8.387034468027379e-05
1831,2.905685778380335,8.389155461898553e-05
1832,2.8931187560597014,8.391091067614393e-05
1833,1.5128191360421257,8.554692264576058e-05
1834,1.6614338873742258,8.541854534381312e-05
1835,1.9006868437182418,8.518725525299005e-05
1836,2.1673306808951605,8.489401134725017e-05
1837,2.417910178877011,8.458486556092934e-05
1838,2.626646578629754,8.430283066286364e-05
1839,2.7810750130245294,8.408002104969348e-05
1840,2.8788650001028846,8.39327701068798e-05
1841,2.9260001625278393,8.386010081424953e-05
1842,2.935597979089304,8.384516915469783e-05
1843,2.927229546928005,8.385819075603492e-05
1844,2.925406242435154,8.386102330311577e-05
1845,2.9274352069454688,8.385787115531554e-05
1846,2.904441126246478,8.389347514899582e-05
1847,2.9254417069311227,8.386096822382131e-05
1848,2.9359928822918504,8.384455381659674e-05
1849,2.9185950395328457,8.3871590153675e-05
1850,2.8583735783628823,8.396401922142709e-05
1851,2.7454238585465545,8.413251939067355e-05
1852,2.5764697774394802,8.43726440720499e-05
1853,2.3565989360652146,8.4663489690955e-05
1854,2.1016882702648845,8.496967656582686e-05
1855,1.8418591342159227,8.524692723295835e-05
1856,1.623805172249456,8.545216218894498e-05
1857,1.7081989747677566,8.53757179842965e-05
1858,1.8691916656635892,8.521942898456095e-05
1859,2.095856285656993,8.497628668715238e-05
1860,2.3338319424136755,8.469219509716758e-05
1861,2.54788358091353,8.44118482634881e-05
1862,2.7181788034302605,8.417221090755991e-05
1863,2.8361238748820288,8.399771382187726e-05
1864,2.903185323717308,8.389541210819929e-05
1865,2.930766931059363,8.385269066630682e-05
1866,2.939088614639228,8.38397273824674e-05
1867,2.9523004357047538,8.381907625027662e-05
1868,2.971243835299223,8.378931620159718e-05
1869,2.941250648597462,8.383635383808766e-05
1870,2.9097326349915744,8.388530492378608e-05
1871,2.925883544926387,8.38602819608361e-05
1872,2.921850679626196,8.386654223483776e-05
1873,2.8837531004052748,8.392528509249666e-05
1874,2.8012796073176403,8.404998707987874e-05
1875,2.6696726994241047,8.424195533847174e-05
1876,2.4912801683747317,8.448825377538422e-05
1877,2.2772389974954845,8.476239545398932e-05
1878,2.049454787730956,8.502824820224798e-05
1879,1.9105189299897403,8.517710451904472e-05
1880,2.041283782501915,8.503728205231123e-05
1881,2.229020889133502,8.482090555633018e-05
1882,2.4303567734268547,8.456866957061859e-05
1883,2.613076356547879,8.432183696480906e-05
1884,2.7572426902966143,8.411518584000214e-05
1885,2.8539137544630555,8.397079279880264e-05
1886,2.907219888792292,8.388918639387632e-05
1887,2.933248252115132,8.384882890841627e-05
1888,2.9511497120436614,8.382087834282635e-05
1889,2.9692343020159098,8.379248154846328e-05
1890,2.9589138583508308,8.380870664492909e-05
1891,2.8944684313574065,8.390883561491752e-05
1892,2.896689994039005,8.390541810609927e-05
1893,2.8998754802249893,8.390051349977769e-05
1894,2.8806207480970416,8.393008293969197e-05
1895,2.8296736306160053,8.400743600019467e-05
1896,2.7411665991005485,8.413874599713599e-05
1897,2.6144177939857287,8.431996229985761e-05
1898,2.4552874769381785,8.45359909609164e-05
1899,2.046886195653692,8.50310917878542e-05
1900,2.1367106624500316,8.492960927450651e-05
1901,2.2950604486425723,8.474046669867633e-05
1902,2.4776482466960683,8.450641142068782e-05
1903,2.6481572636394035,8.427251285431922e-05
1904,2.782390146924935,8.407807230604255e-05
1905,2.8670230940691757,8.395085422356188e-05
1906,2.9075172713950086,8.38887271860939e-05
1907,2.922072538433767,8.386619804895949e-05
1908,2.924498261893265,8.386243326056298e-05
1909,2.8995035430807303,8.390108642003958e-05
1910,2.867703300014258,8.394981734265438e-05
1911,2.860364902729156,8.396099161310286e-05
1912,2.8651781747435026,8.395366539595706e-05
1913,2.8589386404812864,8.396316030120549e-05
1914,2.8356856099152368,8.399837505463698e-05
1915,2.789186319234417,8.406798810500216e-05
1916,2.7154263619289347,8.417620008585606e-05
1917,2.0978063984423025,8.497407834875185e-05
1918,2.1741935980131273,8.488597588339006e-05
1919,2.3363989286175633,8.468897186054709e-05
1920,2.5126775875860314,8.445956195134329e-05
1921,2.6768651404855457,8.423168828762675e-05
1922,2.8010632218485623,8.405030981283966e-05
1923,2.8594330775936934,8.396240860429777e-05
1924,2.8669835886292017,8.395091443715358e-05
1925,2.850069427291549,8.397662364008666e-05
1926,2.8204166666468637,8.40213524879543e-05
1927,2.813860694160595,8.403118265025847e-05
1928,2.826422021917364,8.401232917161645e-05
1929,2.830752462397754,8.400581136297898e-05
1930,2.8313258817422198,8.400494760234623e-05
1931,2.82805295742205,8.400987552131097e-05
1932,2.816248163137971,8.402760530507016e-05
1933,2.106848520745314,8.496381304954576e-05
1934,2.216266862937835,8.483618113320495e-05
1935,2.350279143148296,8.467148457113615e-05
1936,2.5089841743146635,8.446453106811378e-05
1937,2.6711002476439147,8.423991961294147e-05
1938,2.781445520957399,8.407947212445442e-05
1939,2.789916687634464,8.406690300960968e-05
1940,2.7553814432653296,8.411792018465058e-05
1941,2.738483318379743,8.414266586733184e-05
1942,2.778493675819423,8.408384352387126e-05
1943,2.797706373535351,8.40553134720623e-05
1944,2.804565598258638,8.404508324902958e-05
1945,2.8087384896693113,8.403884810757422e-05
1946,2.816709155430637,8.402691423493321e-05
1947,2.1311717298388557,8.493598851114741e-05
1948,2.16888251480158,8.489219651473818e-05
1949,2.298744182110301,8.473591358331339e-05
1950,2.470422456307852,8.45159977793035e-05
1951,2.64220737704967,8.428092212267447e-05
1952,2.6975075397876633,8.420207741874278e-05
1953,2.651421954874367,8.426789113258261e-05
1954,2.6800732346311964,8.42271004212079e-05
1955,2.737294894095731,8.414440082579111e-05
1956,2.7700425037778595,8.409633485674288e-05
1957,2.785763131957826,8.407307032942839e-05
1958,2.7951856886875075,8.405906707015785e-05
1959,2.045691454509989,8.503241326505401e-05
1960,2.1229889901158603,8.494538347993709e-05
1961,2.2735678293105126,8.476689239366802e-05
1962,2.456079067470184,8.4534948169384e-05
1963,2.5935658974404703,8.434900023629154e-05
1964,2.5516529890786743,8.440670244045157e-05
1965,2.6102875481420575,8.432573143110942e-05
1966,2.6852054627007953,8.42197501178893e-05
1967,2.7356308511797836,8.41468289435423e-05
1968,2.7662592586819623,8.410191516560699e-05
1969,2.071877750465958,8.500327851118315e-05
1970,2.145687282944664,8.491923699303702e-05
1971,2.29127601465925,8.474513700688578e-05
1972,2.4610531241742395,8.452838835162212e-05
1973,2.4688874100648297,8.45180308804057e-05
1974,2.529753265726131,8.443649830138621e-05
1975,2.6185733215921116,8.431414916868285e-05
1976,2.686828098275199,8.421742345036605e-05
1977,2.1206690871864744,8.49480407337405e-05
1978,2.189224798810608,8.486829130095446e-05
1979,2.320978312279973,8.470828385510163e-05
1980,2.4107214588581396,8.459418374511644e-05
1981,2.4416459677657434,8.455391122990429e-05
1982,2.5364895321150334,8.442735911112735e-05
1983,2.1682952203291754,8.489288348836247e-05
1984,2.2252944703100366,8.482537740455158e-05
1985,2.3425283053774675,8.468126182409798e-05
1986,2.3652388674608344,8.465252656883865e-05
1987,2.19636555430428,8.485984902681575e-05
1988,2.23907811121285,8.480880068991225e-05
1989,1.8252752034696924,8.526341981698073e-05
1990,2.0540040980890857,8.502320339621541e-05
1991,2.2959546575072354,8.473936209336316e-05
1992,2.5166281538651503,8.445423919204738e-05
1993,2.695395466157615,8.420511694476709e-05
1994,2.8227250754062596,8.401788612199019e-05
1995,2.8982393642269058,8.390303320988441e-05
1996,2.929642262654005,8.385444002263904e-05
1997,2.932171427277216,8.385050517778934e-05
1998,2.931634697921781,8.385134047886928e-05
1999,2.956711475431424,8.381216229296965e-05
2000,2.021015877963991,8.50595397672393e-05
2001,2.2200347113845376,8.483167710785977e-05
2002,2.42495462334842,8.457570877533399e-05
2003,2.60812859860662,8.4328743627615e-05
2004,2.7523130346385827,8.412242418227797e-05
2005,2.8498987606714237,8.397688232678558e-05
2006,2.9036805136325956,8.389464841667694e-05
2007,2.927213139644922,8.385821625245686e-05
2008,2.942360249804358,8.383462156944767e-05
2009,2.9681147695405645,8.379424413538998e-05
2010,2.9798775978492484,8.37756940036214e-05
2011,2.9446677800284684,8.383101719459954e-05
2012,2.918771746083062,8.387131630184356e-05
2013,2.9156220777170203,8.387619520340377e-05
2014,2.8972878166108953,8.390449803752352e-05
2015,2.8462883228296367,8.398235143375297e-05
2016,2.7537046695454834,8.412038203863754e-05
2017,2.6178556728551166,8.431515370352566e-05
2018,2.444732450027828,8.454986495735713e-05
2019,2.2487387287233096,8.479712399563302e-05
2020,2.1541784872290637,8.49093871059562e-05
2021,2.3144625630224716,8.47164071257418e-05
2022,2.4883490133793575,8.449216603700597e-05
2023,2.6487977938487233,8.427160649869018e-05
2024,2.7761226761955577,8.408735159872423e-05
2025,2.8605451775331963,8.396071742631886e-05
2026,2.9065737101740425,8.389018404955451e-05
2027,2.9301148382434286,8.385370503480275e-05
2028,2.9467832547996498,8.3827710505599e-05
2029,2.95808265256194,8.381001112862622e-05
2030,2.939583414624905,8.3838955521313e-05
2031,2.904419339526318,8.389350875964099e-05
2032,2.8904498120161706,8.391501139658833e-05
2033,2.878442142926133,8.393341706042463e-05
2034,2.848971546254662,8.39782874927173e-05
2035,2.7921799711928443,8.40635388006342e-05
2036,2.703841682114251,8.419294841226665e-05
2037,2.5854999965442973,8.436017374155699e-05
2038,2.2158087545327385,8.483672824817106e-05
2039,2.358364838144741,8.466125206756845e-05
2040,2.5230438392268315,8.444557819245681e-05
2041,2.6779329125902986,8.423016185046803e-05
2042,2.7982339737632502,8.40545274122247e-05
2043,2.867674053701916,8.394986192937495e-05
2044,2.893516718220255,8.39102989220449e-05
2045,2.8956421926965112,8.390703028033242e-05
2046,2.887929432745818,8.391888061732818e-05
2047,2.8654915508264502,8.395318801209968e-05
2048,2.8683166131367592,8.3948882234078e-05
2049,2.8624326357920586,8.395784575173938e-05
2050,2.852958598804485,8.397224220545466e-05
2051,2.838566758427491,8.399402637023395e-05
2052,2.812670135608796,8.403296550418444e-05
2053,2.7689353567401853,8.409796864476035e-05
2054,2.253482287689483,8.479137286922831e-05
2055,2.390667943986308,8.462003791024454e-05
2056,2.544116526649993,8.441698367949596e-05
2057,2.6926832447019584,8.420901687219757e-05
2058,2.8004551465152385,8.405121661557677e-05
2059,2.8332286538897065,8.400208022254437e-05
2060,2.819826370512233,8.402223846628009e-05
2061,2.7897313437454856,8.406717839692018e-05
2062,2.7851645581746047,8.407395840000009e-05
2063,2.813211063471629,8.403215555555921e-05
2064,2.826602562510159,8.401205762358903e-05
2065,2.8284950421074764,8.40092102020809e-05
2066,2.825301739822237,8.40140138065358e-05
2067,2.821263982099094,8.402008044514777e-05
2068,2.2628380805120867,8.477999580970677e-05
2069,2.371165830964115,8.464498377592717e-05
2070,2.519344112278871,8.445057527324307e-05
2071,2.6725685363460574,8.423782472171631e-05
2072,2.7507350229271226,8.41247386519773e-05
2073,2.7271041298782834,8.415924911592298e-05
2074,2.679111435845301,8.422847642363482e-05
2075,2.7293369416312596,8.415600028031411e-05
2076,2.76950466829557,8.409712860296971e-05
2077,2.791926757269935,8.406391531184944e-05
2078,2.804797819644554,8.404473649126194e-05
2079,2.814761032082116,8.402983393149126e-05
2080,2.2021310662586395,8.485301339824345e-05
2081,2.328251185475004,8.469919089935094e-05
2082,2.492443115135454,8.448670036004314e-05
2083,2.63867992736986,8.428589922370316e-05
2084,2.628449745247656,8.430029817833782e-05
2085,2.588184440687736,8.435645869397324e-05
2086,2.6693234211690946,8.424245326350339e-05
2087,2.725965202781573,8.416090534169908e-05
2088,2.7613170568397667,8.410919417603298e-05
2089,2.7840651015037814,8.407558913712564e-05
2090,2.188658024185017,8.486896024857865e-05
2091,2.3268591351737014,8.470093342211784e-05
2092,2.4902292078066175,8.448965701258898e-05
2093,2.535910945009565,8.442814499218701e-05
2094,2.5070199333450556,8.446717093435874e-05
2095,2.6001184083067272,8.433989899593526e-05
2096,2.6727278775004324,8.42375973154306e-05
2097,2.7246286832314643,8.416284807772823e-05
2098,2.218743445950948,8.48332214923809e-05
2099,2.3506707964069045,8.467098970405833e-05
2100,2.4576325470387155,8.453290078472945e-05
2101,2.42325213178132,8.457792409738747e-05
2102,2.520239153523886,8.444936701217654e-05
2103,2.604448146913818,8.43338732208591e-05
2104,2.256328735649495,8.478791624083712e-05
2105,2.3732805847634046,8.4642288133305e-05
2106,2.375250157423606,8.463977549005358e-05
2107,2.432153417875189,8.456632517345713e-05
2108,2.280615372528664,8.475825348639483e-05
2109,2.369562193715268,8.464702637883606e-05
2110,2.3780971783414135,8.463613994730419e-05
2111,2.5362723699698324,8.442765409719016e-05
2112,2.675445368576255,8.423371704003318e-05
2113,2.783358017471909,8.407663758043925e-05
2114,2.855104149085263,8.396898579373366e-05
2115,2.895248401987017,8.39076360364905e-05
2116,2.9179765268183533,8.387254857530106e-05
2117,2.942707869664862,8.383407875323508e-05
2118,2.97142185328617,8.378903569808367e-05
2119,2.439695449135329,8.455646578683535e-05
2120,2.5747658311962,8.437499252083875e-05
2121,2.6996597459281615,8.419897783493429e-05
2122,2.798456768401887,8.405419543380562e-05
2123,2.86285876678599,8.395719717001157e-05
2124,2.897582318509142,8.390404472443787e-05
2125,2.9157916207032475,8.387593270257857e-05
2126,2.927997991556637,8.385699646749328e-05
2127,2.925534740953107,8.386082373134239e-05
2128,2.9218926010382056,8.386647720093141e-05
2129,2.902976725699595,8.389573377583006e-05
2130,2.8808744601749234,8.392969450785336e-05
2131,2.851308719086923,8.39747447588623e-05
2132,2.80463833365918,8.404497464191624e-05
2133,2.735088927007006,8.414761940271736e-05
2134,2.6435095334560152,8.427908324447336e-05
2135,2.471644330186254,8.451437860341538e-05
2136,2.6004574576735453,8.43394274764648e-05
2137,2.7213707576731316,8.416757998001738e-05
2138,2.8115663769798602,8.403461774562182e-05
2139,2.8552007243047313,8.396883916284978e-05
2140,2.8625657593526586,8.395764314411615e-05
2141,2.852634102565663,8.3972734511182e-05
2142,2.8455632702046896,8.398344896636566e-05
2143,2.85083767775115,8.397545899098662e-05
2144,2.865064560395827,8.395383845921852e-05
2145,2.8604849548942797,8.396080902300622e-05
2146,2.8434406095878266,8.398666059698139e-05
2147,2.8180440070369417,8.40249125724347e-05
2148,2.7826879624290966,8.40776308881622e-05
2149,2.48733422395516,8.449351947497709e-05
2150,2.604805051873701,8.43333760875116e-05
2151,2.720555196815147,8.416876369145187e-05
2152,2.7890106153603424,8.406824910545403e-05
2153,2.7874852154984207,8.407051437368802e-05
2154,2.7555929999734343,8.411760947540532e-05
2155,2.732613602909493,8.415122808080575e-05
2156,2.7680978436409003,8.40992041344641e-05
2157,2.805150265082932,8.404421016115229e-05
2158,2.82586758657451,8.401316298706075e-05
2159,2.831668204926217,8.400443187164578e-05
2160,2.8271526704301104,8.401123011572985e-05
2161,2.45699762863269,8.453373771437248e-05
2162,2.5797812506784163,8.436807586314848e-05
2163,2.692101391737058,8.420985304281276e-05
2164,2.698755788823234,8.420027998713852e-05
2165,2.649503671486127,8.427060743668979e-05
2166,2.630815796744341,8.4296972655417e-05
2167,2.6991385198557336,8.419972871228039e-05
2168,2.748549163473908,8.412794259560483e-05
2169,2.7841071311411527,8.407552680896991e-05
2170,2.811542944597589,8.403465281551572e-05
2171,2.434125463803206,8.456375000223103e-05
2172,2.5646768640719038,8.438886745052354e-05
2173,2.606593794279111,8.433088357723663e-05
2174,2.5483735823776725,8.441117974310303e-05
2175,2.552872860787892,8.440503558571446e-05
2176,2.632186342029733,8.429504504170366e-05
2177,2.6944232093004095,8.420651538605561e-05
2178,2.742281802561441,8.413711579284758e-05
2179,2.4406185478052618,8.455525706411926e-05
2180,2.5201524522770877,8.444948407232796e-05
2181,2.4646810579189204,8.45235958579276e-05
2182,2.4786647740922447,8.450506067470366e-05
2183,2.561861502255376,8.439273010456836e-05
2184,2.634169877353092,8.429225360717797e-05
2185,2.442648831710055,8.455259704261652e-05
2186,2.406414468267065,8.459975391172176e-05
2187,2.406648241413676,8.459945181981211e-05
2188,2.4859391592592353,8.449537923590495e-05
2189,2.3756629289516136,8.4639248653084e-05
2190,2.3559443174603323,8.46643187700078e-05
2191,2.6670779947953287,8.424565283999458e-05
2192,2.751179042936657,8.412408753369172e-05
2193,2.816165911863381,8.402772859623174e-05
2194,2.856910813928814,8.39662419544699e-05
2195,2.87672410987884,8.393604466719599e-05
2196,2.8815560921482963,8.392865077507272e-05
2197,2.875984072816,8.393717604959768e-05
2198,2.686501101712221,8.421789243113265e-05
2199,2.763964163233556,8.410529696218284e-05
2200,2.813717448345614,8.40313971972931e-05
2201,2.8264480023702743,8.401229009585838e-05
2202,2.813384607613126,8.403189567150079e-05
2203,2.7889854672877843,8.406828646056132e-05
2204,2.780236021375823,8.408126380289931e-05
2205,2.8146956130343077,8.402993194372718e-05
2206,2.8367292047925847,8.399680037276747e-05
2207,2.839889243694718,8.399202888576213e-05
2208,2.8255578599144076,8.401362871851982e-05
2209,2.795021771828518,8.405931105212983e-05
2210,2.6818780421365616,8.422451710990271e-05
2211,2.747573427489646,8.41293720184919e-05
2212,2.757357754545821,8.411501674312734e-05
2213,2.7247185357461365,8.416271749809536e-05
2214,2.678224599037602,8.42297447695274e-05
2215,2.672994049818809,8.423721741487392e-05
2216,2.7303502891116733,8.415452499342308e-05
2217,2.7779863789876145,8.408459434409677e-05
2218,2.80896178405447,8.40385142163603e-05
2219,2.824060616153468,8.401587942949253e-05
2220,2.6589027687771964,8.425728055013635e-05
2221,2.677446224732071,8.423085766775543e-05
2222,2.6279318343726925,8.430102573384861e-05
2223,2.5647175695401483,8.438881157351729e-05
2224,2.5736098665628315,8.437658488264268e-05
2225,2.6496782246699624,8.427036034463429e-05
2226,2.7122821350703976,8.418075244250618e-05
2227,2.7655224365489732,8.410300115116647e-05
2228,2.5956403038701366,8.43461212945028e-05
2229,2.5362374513753183,8.442770152725202e-05
2230,2.4671743585672554,8.452029832463577e-05
2231,2.5002408542764614,8.4476266703112e-05
2232,2.5761345207349557,8.437310625268437e-05
2233,2.6451460091442707,8.427677103670427e-05
2234,2.460406772077102,8.452924147767854e-05
2235,2.3978840768525775,8.461075814144993e-05
2236,2.440669095415188,8.45551908635747e-05
2237,2.5054837905244756,8.446923408670502e-05
2238,2.3614375821521376,8.465735469666829e-05
2239,2.3914777800409897,8.46189978084435e-05
2240,2.7938256062480744,8.40610910788727e-05
2241,2.7997853126977965,8.405221530352033e-05
2242,2.781449472774636,8.407946626927885e-05
2243,2.7452406091366286,8.413278759530705e-05
2244,2.6998590779450873,8.419869064156156e-05
2245,2.743772659434515,8.413493548681096e-05
2246,2.705097717009638,8.419113577623803e-05
2247,2.650278086016674,8.426951108266313e-05
2248,2.591853656041556,8.435137491346173e-05
2249,2.5979972055491434,8.434284765675029e-05
2250,2.6636686444494897,8.425050608063455e-05
2251,2.722406826113221,8.4166075741684e-05
2252,2.7686723022671442,8.409835673741876e-05
2253,2.6193328392199855,8.431308574454882e-05
2254,2.5494558137090055,8.440970279863122e-05
2255,2.4823148860782456,8.450020612703007e-05
2256,2.5037295242628383,8.447158872822712e-05
2257,2.5803077463710102,8.436734904635183e-05
2258,2.653506735023224,8.426493696762329e-05
2259,2.461322450943588,8.452803280191609e-05
2260,2.3975957724478145,8.461112940475912e-05
2261,2.44227699642496,8.455308436817265e-05
2262,2.5059626909313377,8.446859101700995e-05
2263,2.3861242756709107,8.462586728315942e-05
2264,2.4051029105782313,8.460144824591045e-05
2265,2.6404336238568007,8.42834256061972e-05
2266,2.5710666437834973,8.438008583730653e-05
2267,2.5047824615353456,8.447017562423013e-05
2268,2.474226666884403,8.451095409816518e-05
2269,2.412770088553223,8.459153095501137e-05
2270,2.4334727852970808,8.456460251398415e-05
2271,2.4954149151201945,8.448272763025273e-05
2272,2.382040477605831,8.463109763976946e-05
2273,2.390755046303563,8.461992605768966e-05
2274,2.368877957967026,8.464789751021071e-05
2275,1.4293794828456907,8.561383043970583e-05
2276,3.394489095463884,8.307885606557991e-05
2277,3.411818215118462,8.304793265093461e-05
2278,3.4409600167760974,8.299560865720854e-05
2279,3.479971740609853,8.292493439206908e-05
2280,3.523120912048456,8.284592892652692e-05
2281,3.5606443286713265,8.27765130988159e-05
2282,3.58029606325552,8.273989558437272e-05
2283,3.5700984824318596,8.27589195073106e-05
2284,3.5214677298658246,8.284897201013441e-05
2285,3.432428531967151,8.301096855364193e-05
2286,3.3126491297680736,8.322296590690269e-05
2287,3.201519711190821,8.341351591307226e-05
2288,3.404161638454229,8.306161321536555e-05
2289,3.4172263844368445,8.303825271898899e-05
2290,3.435788253027085,8.300492389882787e-05
2291,3.463176816564016,8.295544846511127e-05
2292,3.496883068989518,8.289407443676264e-05
2293,3.529933918176269,8.283337438888754e-05
2294,3.551958786652115,8.279263947861839e-05
2295,3.5514051677741194,8.279366618080208e-05
2296,3.5184365555380133,8.285454828792182e-05
2297,3.4481279893565877,8.298267697240566e-05
2298,3.3444522726376085,8.31673440814646e-05
2299,3.2302282214736366,8.336485956863755e-05
2300,3.1823450101260073,8.344579230494139e-05
2301,3.263140227071133,8.330859042991233e-05
2302,3.379206993264816,8.310600823707979e-05
2303,3.474687416118888,8.293454963503302e-05
2304,3.5342397501193576,8.282542866141853e-05
2305,3.556954326090389,8.27833686144011e-05
2306,3.549479830638801,8.279723565603562e-05
2307,3.5224589595837963,8.284714756502976e-05
2308,3.487344163630239,8.291149769164326e-05
2309,3.4535382069990876,8.297290034904509e-05
2310,3.4264476037973166,8.302171593465052e-05
2311,3.4069016801939385,8.305672057944462e-05
2312,3.4333679710750915,8.30092788965098e-05
2313,3.440627963860578,8.299620712225545e-05
2314,3.4449487659176143,8.298841558449353e-05
2315,3.4526040422859614,8.297458943521529e-05
2316,3.463916683331066,8.295410703204656e-05
2317,3.4743164975662655,8.293522405571996e-05
2318,3.476040589642242,8.293208868417479e-05
2319,3.459963075600985,8.296127221432966e-05
2320,3.4180889246509305,8.303670759970182e-05
2321,3.3474463686383276,8.31620827042844e-05
2322,3.256031305749178,8.332078856127702e-05
2323,3.181041828761828,8.344797947257943e-05
2324,3.205633640469727,8.340656787156865e-05
2325,3.2970413647244508,8.325008600957578e-05
2326,3.38660327679427,8.309288090277195e-05
2327,3.4515116345875674,8.29765641211772e-05
2328,3.4872753434412966,8.291162323917963e-05
2329,3.4978984281884125,8.28922173125225e-05
2330,3.491457469021768,8.290398980380665e-05
2331,3.476627115396272,8.293102172998823e-05
2332,3.4598336205618234,8.296150670279845e-05
2333,3.4434748272149918,8.299107447459559e-05
2334,3.4370082313701147,8.300272764762624e-05
2335,3.4189892832625945,8.303509435779215e-05
2336,3.3948149668014143,8.307827587132614e-05
2337,3.373142032876579,8.311675324478804e-05
2338,3.358305075912493,8.314296535997831e-05
2339,3.350491255756035,8.315672768812548e-05
2340,3.3459781038094265,8.316466334810052e-05
2341,3.336068221010195,8.318205419691337e-05
2342,3.3093787503354437,8.32286581872401e-05
2343,3.2597016893002806,8.331449361772689e-05
2344,3.195791944422765,8.342317596129093e-05
2345,3.164932580816468,8.34749482173707e-05
2346,3.202455680721002,8.341193586635217e-05
2347,3.271041835502651,8.329500363846207e-05
2348,3.3346974751895746,8.318445602691712e-05
2349,3.382509705024135,8.310014961618045e-05
2350,3.4144474675107355,8.304322835786881e-05
2351,3.4348695072448456,8.30065773946685e-05
2352,3.448393342027007,8.298219778520629e-05
2353,3.457160193123545,8.296634744730064e-05
2354,3.3769563004539833,8.310999772731088e-05
2355,3.3224373402048597,8.320589839747668e-05
2356,3.266715706529669,8.330244611906665e-05
2357,3.221027827537468,8.33804960545596e-05
2358,3.1932958967601124,8.342738066054796e-05
2359,3.187972120941854,8.343633872792253e-05
2360,3.2030504538841824,8.341093158669491e-05
2361,3.222621945729168,8.3377789701122e-05
2362,3.224852656636896,8.337400053983992e-05
2363,3.1999548886494953,8.341615660607409e-05
2364,3.1679025330123194,8.346998562092988e-05
2365,3.142336191714627,8.351256530549311e-05
2366,3.1598979306424786,8.348335102752778e-05
2367,3.206293931356781,8.340545194097299e-05
2368,3.259861054327897,8.331422014977492e-05
2369,3.312301186823035,8.322357176458117e-05
2370,3.3620481805401927,8.313636239279929e-05
2371,3.4083757366712186,8.305408702068538e-05
2372,3.2383559843046394,8.335101213591514e-05
2373,3.1535126343256317,8.349399039023343e-05
2374,3.082378343651555,8.361117715239949e-05
2375,3.036210053872081,8.36859152797302e-05
2376,3.0197138716121747,8.371236685325248e-05
2377,3.036758293313,8.368503389198122e-05
2378,3.088731692796675,8.360081078006301e-05
2379,3.143880779296488,8.35100018557445e-05
2380,3.1702392506614427,8.346607811526585e-05
2381,3.1610941232792626,8.348135569941495e-05
2382,3.1431296921059495,8.351124853004167e-05
2383,3.110272752527214,8.35655171703532e-05
2384,3.108592026990131,8.356827905444719e-05
2385,3.145611140485673,8.350712871489948e-05
2386,3.2079895697120313,8.340258524769982e-05
2387,3.283265859822328,8.327392540526358e-05
2388,3.046964137461306,8.36685994188843e-05
2389,2.9638722446591896,8.380091795108623e-05
2390,2.914504972354557,8.387792444564897e-05
2391,2.894096195001855,8.390940800051568e-05
2392,2.891935106423982,8.391272973906181e-05
2393,2.9256333453980994,8.38606705826956e-05
2394,3.0183219152122884,8.371459275212162e-05
2395,3.0979191362951246,8.35857853954606e-05
2396,3.1364088080422974,8.352239184323609e-05
2397,3.1495664193426567,8.350055580234512e-05
2398,3.118360390805514,8.355220778843995e-05
2399,3.081947875685425,8.36118788088154e-05
2400,3.0760500518606757,8.362148307242212e-05
2401,3.1216685599878318,8.35467545492622e-05
2402,2.8832195159515157,8.392610273105609e-05
2403,2.8408142506324188,8.399063123706646e-05
2404,2.8196839745846485,8.402245216306891e-05
2405,2.802361851381369,8.404837259269175e-05
2406,2.7870307087696857,8.407118910658753e-05
2407,2.858672899472806,8.396356425939971e-05
2408,2.9838802364426487,8.376936627865464e-05
2409,3.072667135559335,8.362698429670618e-05
2410,3.127787539155304,8.35366539058075e-05
2411,3.12922513641822,8.353427821402504e-05
2412,3.1014652516666605,8.35799749879891e-05
2413,3.070534261969774,8.363044985836385e-05
2414,2.7990338292114503,8.405333546091132e-05
2415,2.7677505691466235,8.409971632710081e-05
2416,2.7332959192491213,8.415023366466479e-05
2417,2.6914953137982702,8.421072384602681e-05
2418,2.6880299281800677,8.421569931621865e-05
2419,2.83584000612553,8.39981421200697e-05
2420,2.96899839937616,8.379285300380066e-05
2421,3.0595184146540966,8.364831340361154e-05
2422,3.1139814064759324,8.355941799208695e-05
2423,3.120920285065138,8.354798848329571e-05
2424,2.7199287581844893,8.416967268315222e-05
2425,2.668095623543711,8.424420310383623e-05
2426,2.6102592710833177,8.432577089886059e-05
2427,2.556401354524129,8.440020994441331e-05
2428,2.6673764898910974,8.424522765131672e-05
2429,2.8307855125132364,8.400576158292886e-05
2430,2.96346579954017,8.380155685537795e-05
2431,3.061094487858349,8.364576124085441e-05
2432,2.602955733505401,8.433595130853856e-05
2433,2.537890439388919,8.442545558904756e-05
2434,2.476276407480989,8.450823346562094e-05
2435,2.4977355756271096,8.447962222718064e-05
2436,2.668892819512812,8.424306703736077e-05
2437,2.8302192853806485,8.400661435862874e-05
2438,2.4749934865410657,8.450993654443199e-05
2439,2.423082521950016,8.457814471659823e-05
2440,2.3857232163551654,8.462638132113897e-05
2441,2.4997246590917843,8.447695834640775e-05
2442,2.3904881275485037,8.462026880947639e-05
2443,2.376903190000591,8.463766513272122e-05
2444,3.4319400265594733,8.301184700492351e-05
2445,3.446101897592995,8.298633469304649e-05
2446,3.463425438866818,8.295499772336132e-05
2447,3.4836738198678723,8.291819032442951e-05
2448,3.501819638338278,8.288504073848468e-05
2449,3.509372660838788,8.287119685404405e-05
2450,3.4965994469231814,8.289459310380731e-05
2451,3.4553683647037885,8.29695900003481e-05
2452,3.3826417861198577,8.309991521200465e-05
2453,3.285391219707025,8.327025326974426e-05
2454,3.1944636515916653,8.342541390228916e-05
2455,3.4388953092486636,8.299932907092145e-05
2456,3.4304686407021383,8.301449223095373e-05
2457,3.4221325297266825,8.30294593481078e-05
2458,3.416687773869982,8.303921738502086e-05
2459,3.4125055575711927,8.304670316532908e-05
2460,3.4044818725236747,8.306104158729643e-05
2461,3.3849523721188746,8.309581327544286e-05
2462,3.346020088883414,8.316458956880372e-05
2463,3.284637425290905,8.327155590195116e-05
2464,3.2105794296643406,8.339820407978121e-05
2465,3.1693099369909823,8.34676324487345e-05
2466,3.2113201924737202,8.339695036401762e-05
2467,3.287490201251454,8.326662458362944e-05
2468,3.354986803574388,8.314881332414489e-05
2469,3.402086117939961,8.306531690561506e-05
2470,3.429193906692487,8.301678309152089e-05
2471,3.441942583690517,8.299383745327443e-05
2472,3.446985505146899,8.298473974754892e-05
2473,3.4491427564990933,8.298084427505389e-05
2474,3.449681908192762,8.297987035420042e-05
2475,3.384368830520028,8.30968494646721e-05
2476,3.3435710364923574,8.316889181947317e-05
2477,3.3063791539398917,8.323387465344889e-05
2478,3.2795267149696117,8.3280380532172e-05
2479,3.2660781811656756,8.330354212947705e-05
2480,3.2639486195904808,8.330720177878345e-05
2481,3.262708877386618,8.330933127096453e-05
2482,3.247647002656955,8.333514387903882e-05
2483,3.211520506476645,8.339661129391879e-05
2484,3.165300203270219,8.347433417592532e-05
2485,3.1527491203171367,8.349526125593953e-05
2486,3.1836275490940675,8.344363897992468e-05
2487,3.2344527984520797,8.335766604325654e-05
2488,3.2830830846941312,8.327424109767931e-05
2489,3.3244372223324237,8.320240560560076e-05
2490,3.360313036744968,8.313942407717811e-05
2491,3.3933807277077968,8.308082906983527e-05
2492,3.4239926992790024,8.302612235024265e-05
2493,3.251427475273743,8.332867526839736e-05
2494,3.1839178954567497,8.344315139104152e-05
2495,3.1321187547202665,8.352949334004317e-05
2496,3.1045300761240893,8.357494825607644e-05
2497,3.10598998054383,8.357255220498751e-05
2498,3.1339255914511566,8.352650350043277e-05
2499,3.1669007608709174,8.347165999435637e-05
2500,3.179687574576411,8.345025148668052e-05
2501,3.164418628124939,8.347580656512717e-05
2502,3.1448310679968987,8.350842414925389e-05
2503,3.1212655510240332,8.354741916031558e-05
2504,3.129160942863474,8.353438431807376e-05
2505,3.1640356790501682,8.347644604172734e-05
2506,3.212928287652523,8.339422780642845e-05
2507,3.269944517874262,8.32968922658959e-05
2508,3.331785412421174,8.318955558438257e-05
2509,3.0638300764427506,8.364132857402367e-05
2510,2.997116035791901,8.374838590995078e-05
2511,2.960480877230371,8.380624646051364e-05
2512,2.95204661858461,8.381947379703607e-05
2513,2.9772865903898005,8.377978589856434e-05
2514,3.043724479707342,8.367382176042819e-05
2515,3.1071285208940287,8.357068286892987e-05
2516,3.1374935969935653,8.352059473306221e-05
2517,3.1472049753815745,8.350448098085537e-05
2518,3.1183947587239254,8.355215116316425e-05
2519,3.0868110220842877,8.360394669660283e-05
2520,3.0823918813710147,8.361115508465151e-05
2521,3.1176965284815377,8.355330146869421e-05
2522,3.1845996706695714,8.344200630160745e-05
2523,2.8982670349053117,8.390299060649811e-05
2524,2.8653618793365663,8.39533855540624e-05
2525,2.850165690567329,8.397647772334394e-05
2526,2.843704897511677,8.398626084567468e-05
2527,2.890408124561927,8.391507541965343e-05
2528,2.9948400246127216,8.375199979251564e-05
2529,3.073700842140069,8.362530389822952e-05
2530,3.110791927092426,8.356466374903555e-05
2531,3.1233979694304566,8.354390164530647e-05
2532,3.095190273598618,8.359025254203934e-05
2533,3.0643444620357245,8.364049467059011e-05
2534,3.0645159132897204,8.364021669126784e-05
2535,2.8090202289326713,8.403842681986607e-05
2536,2.7836418162002325,8.407621680202296e-05
2537,2.7540192201919114,8.411992031966684e-05
2538,2.7386473132246545,8.414242639883278e-05
2539,2.8510115004137973,8.397519543940122e-05
2540,2.972660942954766,8.378708282868503e-05
2541,3.0553517477932473,8.365505471454905e-05
2542,3.105290343371745,8.357370060578811e-05
2543,3.107576452932064,8.356994724950163e-05
2544,3.0856568606764245,8.360583025346808e-05
2545,2.726277122596792,8.41604518130369e-05
2546,2.6779498944227265,8.423013756940587e-05
2547,2.6267759843308833,8.430264897167162e-05
2548,2.689906326761935,8.421300600214369e-05
2549,2.8403834118352713,8.399128227022828e-05
2550,2.9633573354464526,8.380172733986837e-05
2551,3.052964159449663,8.365891380492515e-05
2552,3.0976653319073755,8.358620102607919e-05
2553,2.6061316640286023,8.43315276840709e-05
2554,2.5423244801879648,8.441942415223499e-05
2555,2.532094765981294,8.443332416398606e-05
2556,2.688017017531084,8.421571784156999e-05
2557,2.838450575319034,8.399420181192624e-05
2558,2.9607319377869006,8.380585218873039e-05
2559,2.474872064051882,8.451009768949857e-05
2560,2.424015736508132,8.457693066005111e-05
2561,2.53125215992383,8.443446672099803e-05
2562,2.689611248722794,8.421342966351951e-05
2563,2.387239977286776,8.462443685453807e-05
2564,2.389187974902892,8.462193782098546e-05
2565,3.4050663340380924,8.305999817927253e-05
2566,3.376043787179315,8.311161452597753e-05
2567,3.3491796996587504,8.315903485249395e-05
2568,3.3267219185968484,8.319841304650112e-05
2569,3.306836554105492,8.323307948725583e-05
2570,3.2834648878533126,8.327358162232262e-05
2571,3.249263327737865,8.333237909329231e-05
2572,3.2028648091923624,8.341124506771093e-05
2573,3.160201688992215,8.348284440427686e-05
2574,3.2858114158131277,8.326952701051095e-05
2575,3.2327691253654507,8.336053399866537e-05
2576,3.193821216297677,8.342649598743036e-05
2577,3.174441802187311,8.345904387184764e-05
2578,3.172705654124395,8.346195087825669e-05
2579,3.1760140556729297,8.345641003157318e-05
2580,3.169172002176453,8.346786311743293e-05
2581,3.1482064403539365,8.35028166819001e-05
2582,3.132658094216768,8.352860104102846e-05
2583,3.130161435399134,8.353273039944744e-05
2584,3.149156717913501,8.350123699963374e-05
2585,3.1741725454461376,8.345949481094881e-05
2586,3.200250865914065,8.341565722474338e-05
2587,3.231863579894191,8.336207593291152e-05
2588,3.273283185918324,8.329114418405739e-05
2589,3.323398771342837,8.320421949773013e-05
2590,3.1090801790738354,8.356747703092502e-05
2591,3.0549924905233046,8.365563556485483e-05
2592,3.0292528676897716,8.369708735467339e-05
2593,3.035222183914958,8.368750307664137e-05
2594,3.0681727989100986,8.363428424934054e-05
2595,3.103196015517852,8.357713686025897e-05
2596,3.1184369475162406,8.355208165127431e-05
2597,3.1109035201723243,8.356448029474078e-05
2598,3.1024303879317126,8.357839252562374e-05
2599,3.0856704206775762,8.36058081277222e-05
2600,3.08654147090647,8.360438665417689e-05
2601,3.106466579570215,8.357176976777889e-05
2602,3.1447706464143033,8.350852447657496e-05
2603,3.201792345199887,8.34130557126251e-05
2604,2.940209762537245,8.383797827940649e-05
2605,2.9115462835540282,8.388250141969999e-05
2606,2.905392228228648,8.389200764336854e-05
2607,2.9365592765371282,8.384367112692017e-05
2608,3.0049905703760493,8.373586299686029e-05
2609,3.06088140485434,8.36461063608063e-05
2610,3.0858621323558273,8.36054953037108e-05
2611,3.094985983905215,8.359058681819834e-05
2612,3.0718530755324642,8.362830726963036e-05
2613,3.0491840767624856,8.366501790417743e-05
2614,3.0481517341396143,8.366668372255612e-05
2615,3.0804040249909503,8.361439451936344e-05
2616,2.836946107515228,8.399647302000785e-05
2617,2.8147160421628032,8.402990133659257e-05
2618,2.8067495160215468,8.404182111674685e-05
2619,2.881333429608262,8.392899174710573e-05
2620,2.9740272340285294,8.378492860792624e-05
2621,3.0368124059936514,8.368494688870645e-05
2622,3.0751743527158943,8.362290765082629e-05
2623,3.0719786121769266,8.362810327433995e-05
2624,3.0516588581416424,8.366102240254902e-05
2625,3.0351677099525856,8.368759061838883e-05
2626,2.744585661081014,8.413374604286693e-05
2627,2.7032169034696496,8.419384976157659e-05
2628,2.7441641392142353,8.413436278230523e-05
2629,2.8625647312117266,8.395764470893081e-05
2630,2.959974302962004,8.380704190295838e-05
2631,3.023400393474507,8.370646709244173e-05
2632,3.0600746166168182,8.364741287465033e-05
2633,3.062611183536433,8.364330408350219e-05
2634,2.617786964074635,8.43152498655911e-05
2635,2.6091462719183864,8.432732404872348e-05
2636,2.73545234617871,8.414708932999301e-05
2637,2.8577386965624934,8.396498408180912e-05
2638,2.9542324557561326,8.381604914045944e-05
2639,3.0238228209329114,8.370579063137452e-05
2640,2.4959589942509015,8.448199981386491e-05
2641,2.604677422341737,8.43335538702271e-05
2642,2.736823158844407,8.414508930737099e-05
2643,2.85691454611223,8.39662362846084e-05
2644,2.484140003345899,8.449777622892596e-05
2645,2.607680906892549,8.432936795882703e-05
2646,3.1657523290410055,8.347357889843848e-05
2647,3.1171492933083096,8.355420285035925e-05
2648,3.093041931740138,8.359376682420924e-05
2649,3.0894965548475377,8.35995614742756e-05
2650,3.093537094599086,8.359295703055601e-05
2651,3.094639801213847,8.359115322532131e-05
2652,3.0933047251990726,8.359333706437326e-05
2653,3.002209143576488,8.374028979022522e-05
2654,2.979167198619912,8.377681624270876e-05
2655,2.986753915813424,8.376481845697969e-05
2656,3.015724665695972,8.371874351469675e-05
2657,3.0432247697916703,8.367462683788941e-05
2658,3.056178247370471,8.36537181833201e-05
2659,3.061400676504067,8.364526528349006e-05
2660,3.0496936654254747,8.366419542485329e-05
2661,3.037244263382435,8.368425248980709e-05
2662,3.030346597965743,8.369533257702602e-05
2663,3.0357740552716783,8.368661611630787e-05
2664,3.062882967658103,8.364286365474268e-05
2665,2.8843632463444084,8.392434996213095e-05
2666,2.8802705435602625,8.393061904860245e-05
2667,2.919832835271754,8.386967154944666e-05
2668,2.9743983387924353,8.378434333132365e-05
2669,3.0121579986466345,8.37244381514928e-05
2670,3.026527008247041,8.370145816623933e-05
2671,3.0295199583321697,8.36966588892864e-05
2672,3.0141228444050254,8.372130179728038e-05
2673,3.0027300083671955,8.373946109419983e-05
2674,3.0070564222275253,8.373257262383999e-05
2675,2.7855255406841306,8.40734228517469e-05
2676,2.813660819425313,8.403148201068512e-05
2677,2.8899953546254684,8.391570930008588e-05
2678,2.953872748077701,8.381661287360596e-05
2679,2.9925863030833213,8.375557577707154e-05
2680,3.0129651481658764,8.372314998081376e-05
2681,3.008783086247382,8.372982088408427e-05
2682,3.0003098059926736,8.374331050895865e-05
2683,2.706769351616371,8.418872214397262e-05
2684,2.795035167900078,8.405929111325586e-05
2685,2.8799397575180894,8.393112537502607e-05
2686,2.9436474281390095,8.383261131352486e-05
2687,2.9864092371362685,8.376536415200766e-05
2688,3.0038766369716026,8.373763633868323e-05
2689,2.696839515561925,8.420303902734279e-05
2690,2.7931831789118333,8.40620467875239e-05
2691,2.876791130025376,8.39359421921547e-05
2692,2.9403145326447335,8.383781479587734e-05
2693,2.6994897238855553,8.419922278336185e-05
2694,2.79359195405922,8.406143869594159e-05
2695,2.9579848343423665,8.381016462091316e-05
2696,2.962820812992444,8.380257056380929e-05
2697,2.9809359575306673,8.377402162082982e-05
2698,2.9982982036951005,8.374650784365632e-05
2699,3.0085225798449797,8.373023614006402e-05
2700,2.8887021952480554,8.391769462661274e-05
2701,2.920680855780383,8.386835666667415e-05
2702,2.9506960933995092,8.382158855374508e-05
2703,2.96870779677402,8.379331055276792e-05
2704,2.9768350232528644,8.378049870632823e-05
2705,2.971284122189968,8.378925272277848e-05
2706,2.9627805085946552,8.380263390237652e-05
2707,2.957634395847821,8.381071447576922e-05
2708,2.858122737440174,8.396440046032461e-05
2709,2.902165407912393,8.389698466020152e-05
2710,2.933284450315389,8.384877254954224e-05
2711,2.949343819101584,8.382370514906619e-05
2712,2.95627422269007,8.381284808005078e-05
2713,2.956875502107324,8.381190500929317e-05
2714,2.8495617978259093,8.397739303333849e-05
2715,2.8941034126785237,8.390939690258964e-05
2716,2.9245877642670624,8.3862294294895e-05
2717,2.9441541727031653,8.383181967912704e-05
2718,2.8474605769714305,8.398057640748871e-05
2719,2.8917171357716707,8.391306464633047e-05
2720,2.927293415806668,8.385809150446299e-05
2721,2.9332138014361506,8.384888254588262e-05
2722,2.9366027131041967,8.38436034272405e-05
2723,2.910724862611039,8.388377135822154e-05
2724,2.9148179521416973,8.387744002542358e-05
2725,2.9177140293876134,8.387295527331833e-05
2726,2.922429698041559,8.386564390995397e-05
2727,2.9027264609177807,8.389611966711821e-05
2728,2.90841883958424,8.388733474900814e-05
2729,2.9036063633446094,8.389476278041101e-05
