Mode_Index,Frequency_THz,Cv_Anharmonic_eV_K
0,0.0,0.0
1,0.237475594153657,8.607919561400385e-05
2,0.450230078646182,8.583554311659199e-05
3,0.6387095284957344,8.549517079901048e-05
4,0.810884542459409,8.508348789338171e-05
5,0.9707285448084064,8.461668672092123e-05
6,1.1193830890143082,8.411092222308531e-05
7,1.2569499884040694,8.358279726821999e-05
8,1.3828128013464727,8.305014808919242e-05
9,1.4951119030765678,8.253594382759229e-05
10,1.58989938695349,8.207409388640184e-05
11,1.6606086467126024,8.171325820650473e-05
12,1.699056287230854,8.151126876378714e-05
13,0.2401481697946797,8.607706628628412e-05
14,0.39225754573619737,8.591678654913013e-05
15,0.5616794333548263,8.56483115831689e-05
16,0.7214050023036264,8.530934958320327e-05
17,0.8706843970921637,8.49183002608241e-05
18,1.011230574361667,8.448565195769162e-05
19,1.144548172689196,8.401860798095224e-05
20,1.2714685038608335,8.352374292275571e-05
21,1.3914459627682785,8.301191104208049e-05
22,1.5016391151505355,8.250494882378965e-05
23,1.5961500735208785,8.204275206562914e-05
24,1.6661978579618508,8.168415086806678e-05
25,1.679737791266506,8.161324080335345e-05
26,1.6287751020658374,8.187741083218121e-05
27,1.5466290349412175,8.22880733345279e-05
28,1.4445932364319125,8.277176581888686e-05
29,1.3315423652140383,8.327275063617858e-05
30,1.2120957026840598,8.376124228299881e-05
31,1.0871918231019564,8.422623984685961e-05
32,0.9555965834939186,8.46643076168138e-05
33,0.8152227524066556,8.507188676196731e-05
34,0.6638796613611919,8.544095846048057e-05
35,0.500494312559373,8.575614570764878e-05
36,0.3355167963279912,8.598554473873772e-05
37,0.42784415922418456,8.586823105728309e-05
38,0.5279437364690777,8.570928931558469e-05
39,0.6500265184496594,8.547105389089084e-05
40,0.7763038980286733,8.517381516492423e-05
41,0.9025099114171202,8.482575417802091e-05
42,1.0284204506297732,8.442852193668715e-05
43,1.1543127728084848,8.398226093141212e-05
44,1.279393653536604,8.349121556453716e-05
45,1.4008192059754625,8.29701511384727e-05
46,1.5130638151220572,8.245044405189969e-05
47,1.6078296001323484,8.198385787870501e-05
48,1.6356302094507467,8.184229660653318e-05
49,1.5705178775682984,8.217058494857235e-05
50,1.474391501141066,8.263356938058206e-05
51,1.3638478486713002,8.313335337458878e-05
52,1.2508524324468668,8.360738587903919e-05
53,1.1409957294762774,8.403173749833812e-05
54,1.0344897556296473,8.440812593610506e-05
55,0.928552488390463,8.474767459761642e-05
56,0.819871152950664,8.505938958548722e-05
57,0.7070303536844306,8.534322853467243e-05
58,0.5945145715711474,8.558540239692257e-05
59,0.5457821711992976,8.567751282198785e-05
60,0.6065972266717778,8.556136651936574e-05
61,0.6948071596760916,8.537152899424837e-05
62,0.7995266620991951,8.511357665006508e-05
63,0.9152272496927708,8.478789944587599e-05
64,1.0386950513050441,8.439392712678359e-05
65,1.166808056675139,8.393532734415887e-05
66,1.29541210422355,8.342495614956963e-05
67,1.4188239012803634,8.288922251184442e-05
68,1.5296827201670322,8.237044723227133e-05
69,1.5722042704537498,8.216219121268836e-05
70,1.4968787561068795,8.252760194959881e-05
71,1.3903508976597994,8.301674147907342e-05
72,1.275262693883012,8.350820664615577e-05
73,1.1655943665439112,8.393990684180821e-05
74,1.0678475967171137,8.42939753318269e-05
75,0.9823494529036311,8.457961774078853e-05
76,0.9058394078392767,8.481590310602375e-05
77,0.8345079889667711,8.501957731275116e-05
78,0.766975864056314,8.519752597322242e-05
79,0.6017772812906677,8.557100539332012e-05
80,0.6393785156088786,8.54937634582042e-05
81,0.7137601585417984,8.532744597883708e-05
82,0.8149415198926342,8.507264064463698e-05
83,0.9334653759611553,8.473270332081802e-05
84,1.061540786228058,8.431581690321038e-05
85,1.192479455036682,8.383739642021118e-05
86,1.3200223661273822,8.332170748697194e-05
87,1.4378774664940466,8.280256040082976e-05
88,1.497122447948699,8.252640947153436e-05
89,1.4176092496941244,8.2894711676097e-05
90,1.308372725949436,8.337081782528957e-05
91,1.1955092082700058,8.382573395294747e-05
92,1.0931817508472028,8.420502659885284e-05
93,1.0085445311885148,8.449451632244292e-05
94,0.9430938696379011,8.470312699125106e-05
95,0.8945354514019515,8.484925403229245e-05
96,0.8592300346181234,8.495080711062175e-05
97,0.6257621494160434,8.552226084170618e-05
98,0.6618703924342394,8.544536206262392e-05
99,0.7410735231188229,8.526190428640602e-05
100,0.8486658914717874,8.498043109871872e-05
101,0.9708400361882961,8.461633308223942e-05
102,1.0975153912968783,8.41896104852199e-05
103,1.221595473593537,8.372394648397285e-05
104,1.337778078006916,8.324605830742445e-05
105,1.4165251142330524,8.289957463246528e-05
106,1.349284702985394,8.319658809829243e-05
107,1.237408433603879,8.366126517162316e-05
108,1.1349060575774907,8.405421466696178e-05
109,1.04454760668933,8.437407550048247e-05
110,0.9734644286252275,8.460799758266482e-05
111,0.9250757642558048,8.475820885611235e-05
112,0.8995836297461037,8.483440978657252e-05
113,0.6591728577967312,8.54512535410831e-05
114,0.7076501456863551,8.534178987528356e-05
115,0.793919480824477,8.512827915583003e-05
116,0.9004529716058383,8.483184536250931e-05
117,1.0140140200416816,8.447647808202354e-05
118,1.1265259916673172,8.408493089746357e-05
119,1.2333711678286656,8.367736516545013e-05
120,1.3319498862204733,8.327101163681058e-05
121,1.277268420975861,8.349994929580954e-05
122,1.1810768756923906,8.388113048756123e-05
123,1.096765328268399,8.419226243389236e-05
124,1.0232862113191583,8.444568657783663e-05
125,0.9668953029378414,8.462882173974829e-05
126,0.9329534790740263,8.47342667849864e-05
127,0.7212336271256939,8.530974842466098e-05
128,0.7749397014339612,8.517728973414773e-05
129,0.8536498878795038,8.49665116768866e-05
130,0.9436104810127544,8.470153267627147e-05
131,1.036268376894761,8.440210895463294e-05
132,1.127391319321077,8.408176904108434e-05
133,1.2154834604787688,8.374797313922152e-05
134,1.2100665218821771,8.376919816598181e-05
135,1.1382658394346132,8.404183967855396e-05
136,1.0778903769177703,8.425896252342235e-05
137,1.0256411974092696,8.443782359374952e-05
138,0.9864675633420473,8.456638051191e-05
139,0.7899832914888325,8.513854019716624e-05
140,0.8305979869854627,8.503028809255759e-05
141,0.886912963339205,8.487151570690469e-05
142,0.9519442990429446,8.46757136780204e-05
143,1.0222544788963388,8.444912598085127e-05
144,1.0969538213562355,8.419161141068309e-05
145,1.147334726824404,8.40082650473851e-05
146,1.1151971548560482,8.41261150616523e-05
147,1.0718892454603048,8.427993354119455e-05
148,1.0440188637289396,8.43758547642484e-05
149,0.8287772479111387,8.503525348471656e-05
150,0.8447369758353518,8.49913706115741e-05
151,0.87600222274372,8.490306147687852e-05
152,0.9216150305774342,8.476867170885672e-05
153,0.9815341207512998,8.458223227060891e-05
154,1.0558632393699003,8.433539337192985e-05
155,1.0844632545237847,8.423584659360861e-05
156,1.0734252205315753,8.427455703927892e-05
157,0.8191598640451956,8.506130633768304e-05
158,0.8136891140482597,8.507599483198894e-05
159,0.8320758818025055,8.50262379268265e-05
160,0.8763645830575878,8.490201984044837e-05
161,0.9457022999481248,8.469508392457542e-05
162,1.0366480255734771,8.4400827249098e-05
163,0.7733177252384867,8.51814359939981e-05
164,0.7640999429881653,8.520478003716461e-05
165,0.7916486931105294,8.513420479120324e-05
166,0.8545828533601338,8.496389498026545e-05
167,0.7303071842806699,8.52880201325951e-05
168,0.7397244519732825,8.526519830231382e-05
169,0.48443666232825333,8.578241723000991e-05
170,0.6116532933715296,8.555116093606678e-05
171,0.7432751949339441,8.525651592627193e-05
172,0.870231143549451,8.491958187788026e-05
173,0.9923050149222338,8.454752611841983e-05
174,1.1113839494787339,8.413988919836154e-05
175,1.229278661760029,8.3693609742068e-05
176,1.3461681915278019,8.321003317135341e-05
177,1.4588501648242111,8.270596297953754e-05
178,1.5592435739250403,8.222619337365003e-05
179,1.632698927131418,8.185732745268079e-05
180,0.5907786258919427,8.559273802837416e-05
181,0.6818776756598919,8.540092248076635e-05
182,0.7854375974493196,8.515032852592521e-05
183,0.8943343729778349,8.484982984290376e-05
184,1.0070854817491286,8.449931253706901e-05
185,1.123508807377314,8.409591632235529e-05
186,1.2427441871048448,8.3639945791938e-05
187,1.3617817802099472,8.314238845093327e-05
188,1.4737339762077684,8.263664619069401e-05
189,1.5629962450380597,8.220774946015252e-05
190,1.5691079654668874,8.217752394701733e-05
191,1.4865008906115722,8.257664886716784e-05
192,1.3782563306074531,8.307024174428396e-05
193,1.2641974194082077,8.35533700272901e-05
194,1.1541694289540594,8.398279659844344e-05
195,1.0514757911804444,8.43504386287417e-05
196,0.9551400214382487,8.466574945475396e-05
197,0.8624759218557154,8.494163393982082e-05
198,0.7716460198078037,8.51856897888301e-05
199,0.6847386659253643,8.539446304960317e-05
200,0.6436850713886485,8.548462292370464e-05
201,0.7128755600892192,8.532952884619826e-05
202,0.8042270001532476,8.51011746451557e-05
203,0.9099106350511766,8.480379282674118e-05
204,1.024923699869471,8.44402210423253e-05
205,1.1451535906124353,8.401634073248817e-05
206,1.266262815758236,8.354498930099502e-05
207,1.3822135597491096,8.305276278787313e-05
208,1.4793732373894355,8.261018241008473e-05
209,1.49472158926596,8.253779343407986e-05
210,1.4044352078740598,8.295397296794207e-05
211,1.2934431022929747,8.343316954045198e-05
212,1.1827679413669712,8.387466927341675e-05
213,1.0828631638836899,8.4241501208918e-05
214,0.9974115402642983,8.453092854267436e-05
215,0.925668099642722,8.475642901798295e-05
216,0.8649947457048093,8.493450545552827e-05
217,0.8134035152775296,8.507675902145572e-05
218,0.6672077618353424,8.543363569621952e-05
219,0.7345274460911405,8.527783313063602e-05
220,0.8297160465795879,8.50326945753303e-05
221,0.9409542637942475,8.470973633940247e-05
222,1.0592971193121878,8.432357663972909e-05
223,1.1780638646041506,8.389264448739283e-05
224,1.2914691076718343,8.34413643381378e-05
225,1.3892953484955208,8.302142490633888e-05
226,1.413293493962869,8.29141806598062e-05
227,1.3243252400166985,8.330343814087098e-05
228,1.2185165572391372,8.373606388593116e-05
229,1.1172257934170398,8.411876906939588e-05
230,1.0302255298126266,8.442244975505251e-05
231,0.9617622068371826,8.464499984773223e-05
232,0.9124968589496557,8.479607273375452e-05
233,0.8809736352475509,8.488873449458805e-05
234,0.6995790994700269,8.536053268525335e-05
235,0.7770442825267534,8.517191075006022e-05
236,0.8778225744349123,8.489782452052003e-05
237,0.9881691429513235,8.456089553659814e-05
238,1.098917156893372,8.41845911954777e-05
239,1.2041263956284833,8.37923446760323e-05
240,1.2970160465724228,8.341830756835382e-05
241,1.331927180857982,8.32711085394028e-05
242,1.252473626236641,8.360087832497038e-05
243,1.16038393435077,8.39595161423917e-05
244,1.0746606795576092,8.427024288805822e-05
245,1.0032391570239314,8.451192454965342e-05
246,0.9507909400943045,8.467928646299596e-05
247,0.9202584419073118,8.477277739806277e-05
248,0.7592135995971916,8.521704430430912e-05
249,0.8396268472253758,8.500549728851414e-05
250,0.932660808094245,8.473516030753979e-05
251,1.027975817873708,8.443001164942597e-05
252,1.1195365511442406,8.411036498692697e-05
253,1.2031764239647191,8.379603652483144e-05
254,1.2518224304179655,8.360350367576934e-05
255,1.205097268315149,8.378854446556575e-05
256,1.1198519940132796,8.410924055345859e-05
257,1.0548582171254053,8.433884499570812e-05
258,1.001771298995065,8.451672550235829e-05
259,0.965329034314703,8.463375093672638e-05
260,0.8258068443518685,8.504333152671756e-05
261,0.8922344973009352,8.485599335183805e-05
262,0.9639011206751437,8.463826858741153e-05
263,1.0362670379242247,8.440211347424959e-05
264,1.1069065615576974,8.415600577229529e-05
265,1.1681099385392077,8.393038717334916e-05
266,1.1506006932087716,8.399609032643986e-05
267,1.0933907706255148,8.420428437138104e-05
268,1.0523751097145555,8.434735956128097e-05
269,1.0203422780917133,8.445549180589095e-05
270,0.864255061329324,8.493660468701938e-05
271,0.9066257725187259,8.481356805214367e-05
272,0.9547932482820424,8.466683223528076e-05
273,1.0092834288611163,8.449208488218966e-05
274,1.0701472627771753,8.428600017729073e-05
275,1.1026092896040678,8.417141633766709e-05
276,1.076548629764401,8.426364121013564e-05
277,1.0609093615913427,8.431801602287984e-05
278,0.8564710493021577,8.495857800196774e-05
279,0.8790872783408945,8.48941799352238e-05
280,0.9155563945291704,8.478691258290493e-05
281,0.9687783019935083,8.462286640332353e-05
282,1.0388933001134275,8.439325640736366e-05
283,1.0718499466034466,8.428007050648077e-05
284,0.8140567080132763,8.50749993576476e-05
285,0.8346781047516386,8.501912280257e-05
286,0.879615182236425,8.489265714205086e-05
287,0.9493446736616376,8.468378021756067e-05
288,0.7741271447846824,8.517937314350993e-05
289,0.8130319064699186,8.507775296272724e-05
290,0.7332024108434158,8.52810406341817e-05
291,0.8021895103492509,8.510655928845068e-05
292,0.8825047686662976,8.488430622672049e-05
293,0.9716570324647126,8.461374047351001e-05
294,1.0691685900659036,8.428940441076049e-05
295,1.1745921818614697,8.390582705643772e-05
296,1.2855200873624557,8.346599116457944e-05
297,1.3949478230388737,8.29963392853521e-05
298,1.4841010933331487,8.258795536527405e-05
299,0.7562652335862717,8.522440740111932e-05
300,0.8237801250403357,8.504882709797613e-05
301,0.9075943799530866,8.481067496839903e-05
302,1.0017211183964376,8.451688951065081e-05
303,1.102069206535672,8.417334914654721e-05
304,1.2054209087778418,8.378730947369242e-05
305,1.3071854838683414,8.337577199952222e-05
306,1.3934747049391378,8.300289415042844e-05
307,1.3988617615585444,8.29788609887845e-05
308,1.3118675240377415,8.335609865315968e-05
309,1.2101329722540168,8.37689386329635e-05
310,1.1123202000765442,8.41365113709742e-05
311,1.0245379380493906,8.444150936883068e-05
312,0.9488043771664633,8.468547277515177e-05
313,0.8857550504901781,8.487486782774637e-05
314,0.836251539166935,8.501479082247038e-05
315,0.7868518080074336,8.514666813683961e-05
316,0.863717663841438,8.493812873959326e-05
317,0.9534045408711646,8.46711646280784e-05
318,1.0473620043452123,8.436447282678019e-05
319,1.1404590176278862,8.403374307518195e-05
320,1.2293133432136782,8.369344704060413e-05
321,1.3056597847951268,8.33821970550668e-05
322,1.3219842874136942,8.331336855284721e-05
323,1.2362340442393687,8.366594609547972e-05
324,1.1482339853571015,8.400492220706885e-05
325,1.0677755090771894,8.429422567567741e-05
326,0.9994732891013409,8.452422819729563e-05
327,0.9453317417222932,8.46962146551168e-05
328,0.9069226373904126,8.481268602658951e-05
329,0.8420437437925751,8.499883268052291e-05
330,0.9225247829913045,8.476593954575885e-05
331,1.006520762132162,8.450116711897789e-05
332,1.0871229446623047,8.422648313881185e-05
333,1.1611502159045703,8.395663742640289e-05
334,1.2246280769735818,8.37120086231096e-05
335,1.244639113550257,8.363235400294106e-05
336,1.1731803949148292,8.39112100436293e-05
337,1.1039438392934455,8.4166636522103e-05
338,1.0437270749450078,8.437684653988702e-05
339,0.9955243495448951,8.453706564524623e-05
340,0.9617088776763162,8.464516749431316e-05
341,0.9046859121765404,8.481931069632265e-05
342,0.9736664365142116,8.460735508138512e-05
343,1.0390581618753139,8.439269855114277e-05
344,1.0980613866531,8.418766412711022e-05
345,1.1494374784311254,8.400044458240992e-05
346,1.1747385027091057,8.390527120429859e-05
347,1.123558161166012,8.409573650031051e-05
348,1.076014450548619,8.426552986399179e-05
349,1.0374396003491435,8.439817177263262e-05
350,1.009640680778776,8.449089127673284e-05
351,0.942782580235412,8.470410253078072e-05
352,0.990819278222835,8.455233496872138e-05
353,1.034915721261592,8.440669019046028e-05
354,1.076283522192594,8.426458854846934e-05
355,1.1100983576005554,8.414452302185445e-05
356,1.0963219354884954,8.419386172298564e-05
357,1.0607887245318033,8.431841324662263e-05
358,1.0441935786141978,8.43752793566651e-05
359,0.9390115595123838,8.471569598376792e-05
360,0.9698124959066776,8.461957473652784e-05
361,1.0029548190786606,8.451285506248689e-05
362,1.0424652318491276,8.438115096080183e-05
363,1.0653324816556584,8.430271957828112e-05
364,1.055485112371595,8.433669236754684e-05
365,0.9036160404997781,8.482249469599253e-05
366,0.9327487499538252,8.473489184988532e-05
367,0.9728067053848708,8.46100724194487e-05
368,1.0281033958394705,8.442958427049089e-05
369,0.8697357965482343,8.492100917100759e-05
370,0.9144674403338864,8.479017625293517e-05
371,0.8650568032410647,8.49343292568529e-05
372,0.9229279813494852,8.476472135093163e-05
373,0.9916235440136634,8.454973267304991e-05
374,1.0672856393933394,8.429594581033441e-05
375,1.1478869895431296,8.40062123959954e-05
376,1.2310815029060729,8.368643450338887e-05
377,1.3058826655365876,8.338126301771638e-05
378,0.9163917852972896,8.47844063308552e-05
379,0.9784905695801844,8.459197373097614e-05
380,1.0426837811888123,8.438040900657808e-05
381,1.1056453187942625,8.416053460819248e-05
382,1.166954064146692,8.393477612786551e-05
383,1.2228825699633925,8.371889755380995e-05
384,1.2249914165678144,8.371057349488062e-05
385,1.1644481499916521,8.394422765094671e-05
386,1.102620976669849,8.417137450300047e-05
387,1.0466569721388665,8.436689467537573e-05
388,0.9967842242124392,8.453296979005413e-05
389,0.9542919797620131,8.466839675408804e-05
390,0.9758320318826074,8.46004592413555e-05
391,1.0284404436737244,8.442843690077548e-05
392,1.0755785819778052,8.426705422668351e-05
393,1.1170601347663534,8.411934831761611e-05
394,1.153656635706291,8.398471236415639e-05
395,1.1643728537880753,8.39445113502366e-05
396,1.1109291107527879,8.414152920941761e-05
397,1.0708310131028407,8.428362005860957e-05
398,1.0387833706801493,8.43936283378777e-05
399,1.0137147861486668,8.447744980211537e-05
400,1.0140015166701972,8.447651942373145e-05
401,1.0477115321551738,8.43632995285529e-05
402,1.0743551073189859,8.42713103654597e-05
403,1.0966376914153073,8.41927373857425e-05
404,1.1064877779517144,8.415751006864214e-05
405,1.0709365193019404,8.428323318694407e-05
406,1.0509188685641402,8.435234415713544e-05
407,1.040639043787017,8.438734492593951e-05
408,1.0141352744632455,8.447607713580186e-05
409,1.0316709455621227,8.44176127738854e-05
410,1.046929419936649,8.436596619062054e-05
411,1.061033886965297,8.43175862021624e-05
412,1.0440866306304686,8.437564295221507e-05
413,1.0417151221882501,8.438369638912686e-05
414,0.9850309728933005,8.457100428208417e-05
415,1.0002753531426867,8.45216114308331e-05
416,1.021793195668437,8.445066265621996e-05
417,1.0388193755071504,8.439350652480993e-05
418,0.9562978800154401,8.466213137779621e-05
419,0.9846832989201164,8.457212232936562e-05
420,1.0108046216212725,8.448707385882373e-05
421,1.0446022772080568,8.43738895613875e-05
422,1.0778885079612734,8.425896907174481e-05
423,1.1125252460742372,8.4135771243469e-05
424,1.1491144782487688,8.400164674427142e-05
425,1.0486790286880316,8.43599981735108e-05
426,1.0642759739011578,8.430637876920662e-05
427,1.0770275290571787,8.426198456944877e-05
428,1.0914845478397068,8.421104839281856e-05
429,1.0884690854470331,8.422170558392272e-05
430,1.0683901240871252,8.42921101366835e-05
431,1.0565131094279,8.433315981587991e-05
432,1.0495591846486843,8.435699233751995e-05
433,1.0512622042918855,8.435116953620255e-05
434,1.050570923072623,8.435351539614313e-05
435,1.0507258093209861,8.435298570506574e-05
436,1.0508380541403766,8.43526017959309e-05
437,1.0358537085581416,8.440350837822753e-05
438,1.0415194776322005,8.438436000508032e-05
439,1.026142807157497,8.443614656612908e-05
440,1.0220177341677852,8.444989691009125e-05
441,1.0237856691334,8.44440203906671e-05
442,1.017390232577664,8.446529707258986e-05
443,1.0005819127785769,8.452061073919154e-05
444,1.008470580480827,8.449475957366167e-05
445,1.0524338156068644,8.434713963348553e-05
446,1.042863165043481,8.437978138456277e-05
447,1.041820021211242,8.438332204310718e-05
448,1.0289211535131348,8.442684363183322e-05
449,1.0150437744868683,8.447307159055213e-05
450,1.0079486576280579,8.449647588793844e-05
451,1.0178757969611485,8.44636861196785e-05
452,1.0047941783263965,8.450683120529908e-05
453,1.0012391857695995,8.451844710431724e-05
454,0.994162843464496,8.454148635166112e-05
455,0.0,0.0
456,0.237475594153657,8.607919561400385e-05
457,0.450230078646182,8.583554311659199e-05
458,0.6387095284957344,8.549517079901048e-05
459,0.810884542459409,8.508348789338171e-05
460,0.9707285448084064,8.461668672092123e-05
461,1.1193830890143082,8.411092222308531e-05
462,1.2569499884040694,8.358279726821999e-05
463,1.3828128013464727,8.305014808919242e-05
464,1.4951119030765678,8.253594382759229e-05
465,1.58989938695349,8.207409388640184e-05
466,1.6606086467126024,8.171325820650473e-05
467,1.699056287230854,8.151126876378714e-05
468,0.2401481697946797,8.607706628628412e-05
469,0.40648387022448856,8.589787730204238e-05
470,0.5944271522172455,8.558557456680206e-05
471,0.7727775364912088,8.518281152802584e-05
472,0.941027650456817,8.470951040625225e-05
473,1.098748594142439,8.418521307953987e-05
474,1.2446715617417448,8.363222390984314e-05
475,1.377175655015689,8.307496742185133e-05
476,1.4937049090810384,8.254260921458009e-05
477,1.5896157031350353,8.207551374418318e-05
478,1.6576978874231856,8.17283830231408e-05
479,1.6896492401503769,8.156109478228631e-05
480,1.7024092155578168,8.149351311346707e-05
481,1.6991433242945826,8.151085243124354e-05
482,1.6573365961530706,8.173021530368041e-05
483,1.582754594335532,8.210978597439841e-05
484,1.4821783201839636,8.259703816586163e-05
485,1.3612018406057727,8.314491374226175e-05
486,1.2239607043281802,8.371464359785412e-05
487,1.0736317999871448,8.427385557467106e-05
488,0.9129363443165515,8.479475874057699e-05
489,0.7442936985570486,8.52540179788765e-05
490,0.5695008574570003,8.56336498636941e-05
491,0.3912586843795494,8.59180890882924e-05
492,0.42784415922418456,8.586823105728309e-05
493,0.5417158041018947,8.5684842899092e-05
494,0.6935577056784467,8.537439381443153e-05
495,0.8547734353565986,8.49633474690595e-05
496,1.014528862727652,8.44747753618314e-05
497,1.1673451321925752,8.393329942592512e-05
498,1.3095560275132947,8.33658477501198e-05
499,1.4372830815097721,8.280527965906062e-05
500,1.5440230293565516,8.230079330369836e-05
501,1.6194181744684892,8.192513154762799e-05
502,1.6520059830384568,8.175784908236129e-05
503,1.675105858802769,8.163758410235507e-05
504,1.7059641497047497,8.14746064699038e-05
505,1.6960523108912682,8.15271915032404e-05
506,1.6468782892931861,8.178440055198217e-05
507,1.5639054816307592,8.220326530340096e-05
508,1.453883403305282,8.272895317750364e-05
509,1.3233862783735877,8.33074521386803e-05
510,1.1784800164239946,8.389105906287628e-05
511,1.0248548080608042,8.444043323715832e-05
512,0.868061569148323,8.492578329843373e-05
513,0.7138496972029227,8.532723501142882e-05
514,0.5457821711992976,8.567751282198785e-05
515,0.6213944888015072,8.5531276559557e-05
516,0.7458191475978477,8.525027048349235e-05
517,0.8941136483083881,8.485049071193824e-05
518,1.049761879450403,8.435629977220558e-05
519,1.2023556616048843,8.379919981869493e-05
520,1.3440181107424138,8.321929233832633e-05
521,1.4655901540063871,8.267465196141971e-05
522,1.5534397229772843,8.225470154911008e-05
523,1.591588993654707,8.206563265506127e-05
524,1.6192139818596014,8.19261285563474e-05
525,1.678303950060246,8.162076894061747e-05
526,1.6996572069579365,8.150812602814669e-05
527,1.6802174938142815,8.161076545662617e-05
528,1.6220783570324033,8.191158904315679e-05
529,1.5312836094466318,8.236270006024297e-05
530,1.4158234521326265,8.290277418601682e-05
531,1.2841136414965504,8.347179801984636e-05
532,1.144186654304977,8.401994810946879e-05
533,1.0033410241452574,8.451157391621585e-05
534,0.6017772812906677,8.557100539332012e-05
535,0.6556708846852813,8.545885922941331e-05
536,0.7704362571431065,8.518876255113449e-05
537,0.9190045018092857,8.477655376264977e-05
538,1.0786592063830542,8.425626784063091e-05
539,1.233332161657748,8.367752023118118e-05
540,1.3693511978977646,8.310933810965165e-05
541,1.4701951841917837,8.265314928524898e-05
542,1.515995840217505,8.243635001977518e-05
543,1.539408639746417,8.232326946328902e-05
544,1.617543160534627,8.193462356264143e-05
545,1.6652397436128883,8.168914655892081e-05
546,1.676897483504198,8.162819226708265e-05
547,1.6503954225495854,8.17662260272634e-05
548,1.5883954968821272,8.208161841520704e-05
549,1.497761401887462,8.252337703783975e-05
550,1.3875769166059406,8.30290741727093e-05
551,1.2670718036762258,8.354169280539376e-05
552,0.6257621494160434,8.552226084170618e-05
553,0.6792629404265975,8.540681087405893e-05
554,0.800586245204661,8.511077592067308e-05
555,0.9561355012298209,8.466263903199171e-05
556,1.117804494318292,8.411667120599247e-05
557,1.2647855279581461,8.355100398629366e-05
558,1.377028369052478,8.307561547534014e-05
559,1.4313525002554806,8.283232247047888e-05
560,1.4416674845877016,8.27851636700852e-05
561,1.5290507470823833,8.237350354790561e-05
562,1.5952854276868949,8.204705337465003e-05
563,1.6351567505513886,8.184472597782455e-05
564,1.6438494975148736,8.180002446119111e-05
565,1.6191416379802188,8.192653822507512e-05
566,1.5633885132713683,8.220581516206727e-05
567,1.4833082602785026,8.259172279596054e-05
568,0.6591728577967312,8.54512535410831e-05
569,0.7251906950433932,8.530031426115382e-05
570,0.8533223150164772,8.496742976872111e-05
571,1.0069318897487625,8.449981704288824e-05
572,1.1563345388998787,8.397469907559114e-05
573,1.2765522289840605,8.350291657879131e-05
574,1.340478045964349,8.323447820592157e-05
575,1.333826834523514,8.326299590612493e-05
576,1.4206246896459511,8.288107668476339e-05
577,1.497618207320373,8.252409300052094e-05
578,1.559836800420484,8.222331318513229e-05
579,1.6022397809112172,8.201207230102399e-05
580,1.6188254559956243,8.192814631164672e-05
581,1.6055857844066064,8.199523492223008e-05
582,0.7212336271256939,8.530974842466098e-05
583,0.7920250466453039,8.513321292558065e-05
584,0.9118602492040495,8.479797502019079e-05
585,1.0474395051630607,8.436422723635413e-05
586,1.1686457352466761,8.39283619526698e-05
587,1.2435073185048564,8.36368896904505e-05
588,1.250205639172227,8.360999038141676e-05
589,1.30057786241994,8.340342626488328e-05
590,1.382962787214138,8.304945425021e-05
591,1.4615603255416645,8.269338838413852e-05
592,1.5323315354074458,8.235762493166848e-05
593,1.5877720161460867,8.208473608201036e-05
594,0.7899832914888325,8.513854019716624e-05
595,0.8474151569134704,8.498392740937894e-05
596,0.9449050688057812,8.469754911170582e-05
597,1.0538951708830662,8.434214953534755e-05
598,1.1395865195664754,8.403694394199195e-05
599,1.1664462513345577,8.393669297546843e-05
600,1.1766149028825224,8.38981372870068e-05
601,1.262074124558897,8.356202639465913e-05
602,1.352863443210405,8.318111382769407e-05
603,1.4454920714533064,8.276763446104317e-05
604,0.8287772479111387,8.503525348471656e-05
605,0.862165659798384,8.494251221126952e-05
606,0.9373874819941957,8.47206969171307e-05
607,1.027469852054688,8.443168810607329e-05
608,1.0843278300601726,8.42363437389153e-05
609,1.0904245954947727,8.421480469643307e-05
610,1.14415214839923,8.402007600016662e-05
611,1.244563262055084,8.363268393479086e-05
612,0.8191598640451956,8.506130633768304e-05
613,0.8338907253002723,8.502126954315837e-05
614,0.9065188415645755,8.48138856904212e-05
615,1.0029304427484216,8.451291763113572e-05
616,1.0438624663043916,8.437640493843578e-05
617,1.0605908540347198,8.431911518901772e-05
618,0.7733177252384867,8.51814359939981e-05
619,0.7909968802481394,8.51358917786921e-05
620,0.893852604758053,8.485125578133111e-05
621,1.0134115237257326,8.447846965129987e-05
622,0.7303071842806699,8.52880201325951e-05
623,0.7721961974376198,8.518429080337582e-05
624,0.5370767294009315,8.569315036997634e-05
625,0.6949547922787686,8.537119016082074e-05
626,0.8579420189693167,8.495445064240218e-05
627,1.019219884647111,8.445922303778857e-05
628,1.1740276358825463,8.390799424678005e-05
629,1.3182624064159656,8.332912369955569e-05
630,1.4476527217184654,8.27576597643442e-05
631,1.5567103250676793,8.223864813975788e-05
632,1.638165915342119,8.182927513625657e-05
633,1.6841139299057055,8.159027479626607e-05
634,1.6911081227953828,8.155339029135487e-05
635,0.6356788529595154,8.55015678240903e-05
636,0.766897000076378,8.519771500431376e-05
637,0.9157919497336794,8.478620611706521e-05
638,1.0705197463003535,8.428468428472172e-05
639,1.2224721158905112,8.372049116347729e-05
640,1.364567615760587,8.313021348016157e-05
641,1.4888291401036386,8.256569969376718e-05
642,1.584518864121962,8.210098569083493e-05
643,1.6397364913346373,8.182115836350123e-05
644,1.6514791610782296,8.17605758972115e-05
645,1.667278451588819,8.16785135577413e-05
646,1.6904625505574662,8.155680032767343e-05
647,1.6753804551922833,8.163614521310555e-05
648,1.618622345640349,8.192913751034244e-05
649,1.5260824548725882,8.238780607610671e-05
650,1.4066023744200535,8.29442588136616e-05
651,1.2691514456669004,8.353320966404811e-05
652,1.1217932908879813,8.410216224060436e-05
653,0.9719226267323355,8.461289720315098e-05
654,0.8269106874920787,8.50403328917517e-05
655,0.685509607854208,8.539271792356798e-05
656,0.7991804749514893,8.511447618976577e-05
657,0.9424662456212269,8.470506277691523e-05
658,1.0979975394195094,8.418789177616344e-05
659,1.2519779240015914,8.360287690525772e-05
660,1.3921622435685368,8.300872884441302e-05
661,1.5042515722399745,8.249254606329434e-05
662,1.5714730758803936,8.216585399658707e-05
663,1.587709085963278,8.208505069947408e-05
664,1.6104227450426825,8.197078101606571e-05
665,1.6592901641921947,8.172011213915506e-05
666,1.6765103470628742,8.16302224053004e-05
667,1.6520430311261096,8.175770048869923e-05
668,1.586993301089822,8.208862846894466e-05
669,1.4887130752473043,8.256624766666904e-05
670,1.3676642823474803,8.311668741122081e-05
671,1.2347755117352377,8.367177928160433e-05
672,1.1000156882373568,8.418066947822894e-05
673,0.7073272938364054,8.534253523697068e-05
674,0.8201391827663813,8.505866689182147e-05
675,0.9686896135380902,8.462314714568593e-05
676,1.1288453235487672,8.407645105452308e-05
677,1.2812150932109874,8.34837196144568e-05
678,1.4074188413471294,8.294059553952858e-05
679,1.4863329681409754,8.257747633556563e-05
680,1.5063970212982087,8.248227940100079e-05
681,1.5270704188902828,8.238307342144813e-05
682,1.5918897869478543,8.206412550795505e-05
683,1.6367940697608419,8.183632209078303e-05
684,1.6474753542875473,8.17813176495332e-05
685,1.6193467791525678,8.192549473935497e-05
686,1.5546375962902679,8.224886417278974e-05
687,1.4614859554607018,8.269369902112564e-05
688,1.3511036275342119,8.318872785578927e-05
689,0.7366021353391411,8.52727996082263e-05
690,0.8575026251165131,8.495568803738058e-05
691,1.0101886595238985,8.448908635954786e-05
692,1.1660055896534776,8.393833284288542e-05
693,1.3010330777064811,8.340155328482897e-05
694,1.3899456582986285,8.301853989172327e-05
695,1.414263745626947,8.290977570979081e-05
696,1.42608074868671,8.285633921456901e-05
697,1.4965139062913917,8.252933271518291e-05
698,1.5608777205398578,8.221818859653804e-05
699,1.60349076582026,8.200580648603458e-05
700,1.6162883049773686,8.194104015753967e-05
701,1.5948080647167828,8.204949022532705e-05
702,1.5406972534995,8.231696062961301e-05
703,0.7909570466306725,8.513600637465417e-05
704,0.9115279949575267,8.479896733961664e-05
705,1.0543252683364885,8.434067407801312e-05
706,1.1889944639168148,8.385082830319673e-05
707,1.2855736555740467,8.346576987919413e-05
708,1.3169533309076242,8.333465546598227e-05
709,1.317035057289212,8.333431026220956e-05
710,1.379971427723511,8.306268539900525e-05
711,1.4599943661565806,8.270065668076125e-05
712,1.5274707452975151,8.238110216860903e-05
713,1.5780977106739014,8.213293335418609e-05
714,1.6026542378900723,8.201002425219394e-05
715,0.8515808346263481,8.497230491995933e-05
716,0.9556213031213697,8.46642460550167e-05
717,1.074646153804263,8.427031324554958e-05
718,1.174630686535162,8.390570397846658e-05
719,1.2185183372280208,8.373608172620909e-05
720,1.2118063628172373,8.376237396897111e-05
721,1.2617011298300413,8.356351448032782e-05
722,1.3471914236442657,8.320562193950263e-05
723,1.432255587260334,8.282820589583783e-05
724,1.5128233902537545,8.24515956386799e-05
725,0.8850717485039874,8.487686551627664e-05
726,0.9646295585257305,8.463597289556448e-05
727,1.0580591991141137,8.432782174732299e-05
728,1.1209861469391622,8.410511905168718e-05
729,1.1271331464484504,8.408271262854993e-05
730,1.1468670175565203,8.400998053510347e-05
731,1.2340123365676168,8.367481560069515e-05
732,1.331008215601076,8.327502925415005e-05
733,0.8750008577206622,8.490593782897483e-05
734,0.9394619966492237,8.471432687104612e-05
735,1.0226989477228126,8.444764469551205e-05
736,1.0611619797973006,8.431714401789781e-05
737,1.0653225874703114,8.430273457679338e-05
738,1.126331092593021,8.408564273219364e-05
739,0.8364339851627088,8.501430152820976e-05
740,0.9142566838568353,8.479080747352559e-05
741,1.011003722545221,8.448641746059141e-05
742,1.0360291095603593,8.440291649945225e-05
743,0.8079888960459234,8.509119797617612e-05
744,0.9201843280658073,8.47730007367008e-05
745,0.8805747288207205,8.488988697537476e-05
746,1.0167372381489763,8.446746235376416e-05
747,1.1638682861452307,8.394638921293338e-05
748,1.3106222475390428,8.336136589910904e-05
749,1.4452040611668786,8.276895850879453e-05
750,1.554284918167363,8.225059463480069e-05
751,1.6239076584835106,8.19022231809314e-05
752,1.6452582097471686,8.179271791507837e-05
753,1.626561267948275,8.188872324927713e-05
754,0.9038719326820702,8.482173684872238e-05
755,1.0401554844375056,8.438898331020177e-05
756,1.1905877225126675,8.384470300324502e-05
757,1.3377732603867885,8.324610848205061e-05
758,1.4635062430026742,8.268434676509819e-05
759,1.5477265663146944,8.228271055747826e-05
760,1.5756534015776138,8.214511954547399e-05
761,1.5572688871390525,8.223594240290501e-05
762,1.5622261394684418,8.221154564571797e-05
763,1.6074641103548344,8.198570531712572e-05
764,1.6243998992577031,8.189975456035048e-05
765,1.5945745907814646,8.205062140114854e-05
766,1.5178336481820107,8.242756373720908e-05
767,1.4057967074291065,8.294787174031714e-05
768,1.2746643395744572,8.351063259189508e-05
769,1.1403287204999208,8.403422450481256e-05
770,0.9280736459159998,8.47491297435694e-05
771,1.0694596987807636,8.42883921207165e-05
772,1.2202712640416569,8.372918644135247e-05
773,1.356936689143603,8.316345574623513e-05
774,1.453834027234892,8.272918137532909e-05
775,1.4884784541231564,8.256735525812854e-05
776,1.469250742207362,8.265759207440118e-05
777,1.4662006562934384,8.26717745142613e-05
778,1.530234387487116,8.236777836760882e-05
779,1.5788920093864187,8.212898267511727e-05
780,1.5933371833806171,8.205682919000514e-05
781,1.5634314555031839,8.220560338524207e-05
782,1.4911836608246964,8.255453912151656e-05
783,1.3892143055252588,8.302181600386397e-05
784,0.9687374862308876,8.462297951900019e-05
785,1.1068443630101623,8.415622922720918e-05
786,1.2434969143870716,8.363693136737398e-05
787,1.3482405034784175,8.32010960920916e-05
788,1.390216643462484,8.301733733889097e-05
789,1.3721622795604074,8.309699058547738e-05
790,1.3606918605807783,8.314710312221519e-05
791,1.428156644647489,8.284690468092812e-05
792,1.4969260030024407,8.252734155359608e-05
793,1.5489023755004523,8.227696154917174e-05
794,1.5695835812340342,8.217520991358785e-05
795,1.5498318048765567,8.227241444824687e-05
796,1.012363283274751,8.448193195578334e-05
797,1.1314440899708464,8.406693007652402e-05
798,1.2357977710966892,8.366770945598674e-05
799,1.2862940217225396,8.346279328612794e-05
800,1.2736969678190746,8.351462309369353e-05
801,1.2552652208088968,8.358958319293057e-05
802,1.3162774398122037,8.333750960548218e-05
803,1.3950068074523327,8.299604480552011e-05
804,1.472761911450579,8.264119259343574e-05
805,1.5358768729887753,8.234043186728664e-05
806,1.0320182687578123,8.441644516954008e-05
807,1.121592119358223,8.410291534407228e-05
808,1.1811178475860107,8.388097404450302e-05
809,1.1804674333772605,8.388348032958623e-05
810,1.1590168368389102,8.39646475424975e-05
811,1.193865961653007,8.383207569479053e-05
812,1.2885466794602998,8.34534752540535e-05
813,1.3810465179317022,8.305791311300983e-05
814,1.015190515344399,8.447256829897938e-05
815,1.0779496067481518,8.425873527086664e-05
816,1.0986344945313422,8.418562013622074e-05
817,1.0851353668033914,8.423349737561036e-05
818,1.1021397962092718,8.417309657623225e-05
819,1.1897206877629882,8.384803727749676e-05
820,0.9817228547997202,8.458162724051044e-05
821,1.0322992584013906,8.44154821217773e-05
822,1.0395829877142448,8.439092209552703e-05
823,1.046046613568729,8.436897390655633e-05
824,0.9807446692617292,8.458476183379486e-05
825,1.0157043520119744,8.447086701404253e-05
826,1.1660659084219798,8.393810527601396e-05
827,1.301526657292055,8.339949136586983e-05
828,1.425403944041916,8.28594124725096e-05
829,1.5145758537673515,8.244316093326282e-05
830,1.549859845908515,8.22722772238508e-05
831,1.5308672492929671,8.236471564339102e-05
832,1.48308904742186,8.259275428294517e-05
833,1.1955438410222423,8.382557623882046e-05
834,1.3218007454769825,8.331417534786025e-05
835,1.41944325449211,8.288642193688783e-05
836,1.4601430302424434,8.269996696763808e-05
837,1.4397467709034801,8.279400188104834e-05
838,1.389110615443215,8.302227586913608e-05
839,1.38342427877586,8.304741552233601e-05
840,1.446152281012184,8.276459843159991e-05
841,1.501304838362996,8.250657553110781e-05
842,1.5212644823761525,8.241102939720042e-05
843,1.4892614486966855,8.25636583135265e-05
844,1.4091376045973012,8.293284511330576e-05
845,1.2191837516310025,8.373346534859097e-05
846,1.3163302534702093,8.333731529830203e-05
847,1.361763356115425,8.314246869199232e-05
848,1.3428350596884355,8.32243515463422e-05
849,1.2925613406181007,8.34368314920856e-05
850,1.267936123401731,8.353816869033623e-05
851,1.3421523153811652,8.322731627001061e-05
852,1.4170569312711687,8.289720626418972e-05
853,1.4796226588092065,8.260904688487293e-05
854,1.5086067498548592,8.247176591996468e-05
855,1.2131586961616463,8.375710710393961e-05
856,1.2605050887087628,8.35683683923879e-05
857,1.2470670767972694,8.362263692419383e-05
858,1.201426497699225,8.380283010524819e-05
859,1.1726942513665068,8.3913054274731e-05
860,1.2361359615042795,8.366636236179387e-05
861,1.3180240546999518,8.33301600123449e-05
862,1.405048906469833,8.295122349185663e-05
863,1.1625812986373563,8.395123371776974e-05
864,1.158872423940732,8.39651892652975e-05
865,1.1226105890813247,8.40991877099489e-05
866,1.0944868033960478,8.420039017583146e-05
867,1.1406932286097458,8.403287756856354e-05
868,1.2215695233800659,8.372404873264226e-05
869,1.0847002936889831,8.423503114731831e-05
870,1.063258369026017,8.430988075597076e-05
871,1.0431904425149334,8.437868837189467e-05
872,1.060203394986326,8.432043277437846e-05
873,1.0277527903913894,8.443075865774142e-05
874,1.0244079727594815,8.444194330931812e-05
875,1.4041732509335063,8.295511397635045e-05
876,1.437772219240039,8.280304197161934e-05
877,1.413464268808356,8.291341129281289e-05
878,1.3534037724914973,8.317877421773596e-05
879,1.2888906506937332,8.345202353672814e-05
880,1.3487659648230363,8.31988279817008e-05
881,1.3227936420246733,8.330996598826464e-05
882,1.2616213308148148,8.356386496087744e-05
883,1.1984503176112955,8.381436308561212e-05
884,1.1878963629277965,8.38550218231906e-05
885,1.2533159362659112,8.359748060487998e-05
886,1.3320580316859945,8.32705500697264e-05
887,1.4023028252774983,8.296351793412164e-05
888,1.2357818049911082,8.366774754673157e-05
889,1.1782231301599277,8.389203779105737e-05
890,1.1203047662714445,8.410759565388264e-05
891,1.0919171056693946,8.420951448630503e-05
892,1.1578929497251669,8.396886180733069e-05
893,1.2404097966192993,8.364930916315521e-05
894,1.1102697549010248,8.414390552452275e-05
895,1.0621258721073172,8.43138149813926e-05
896,1.0372386735996877,8.439885064812865e-05
897,1.0807627346658981,8.424888586801132e-05
898,1.0302155740343164,8.442250126939176e-05
899,1.0167255606324919,8.446750106350662e-05
900,1.2499938528035393,8.361086897610759e-05
901,1.1715844594919886,8.391723861782575e-05
902,1.1088811627183257,8.414890565627833e-05
903,1.1054653597536295,8.41611804034315e-05
904,1.0492498835688993,8.435804890955754e-05
905,1.0381618873386445,8.439571197306271e-05
906,1.0923017358978295,8.420812983360405e-05
907,1.0176776337781246,8.446432597416067e-05
908,1.0027514208120933,8.451352054123481e-05
909,1.0034785150766505,8.451112383080331e-05
910,0.0,0.0
911,0.3245446548695458,8.599761292462221e-05
912,0.636575834621597,8.549967262098605e-05
913,0.9256284582844264,8.475653440809064e-05
914,1.1850972209098294,8.386575543354037e-05
915,1.413516541657865,8.291317577872493e-05
916,1.6149835734440439,8.194766391075135e-05
917,1.7983852102990403,8.097120104899517e-05
918,1.9750985691635754,7.994653189674157e-05
919,2.1551162520270024,7.882264767454167e-05
920,2.3421199806385697,7.757435581461379e-05
921,2.5271053380928348,7.62638816313737e-05
922,2.670562486964449,7.519920778438275e-05
923,0.41540169776905794,8.588568319703028e-05
924,0.6526016503626895,8.54655065630715e-05
925,0.9102903485059548,8.480264639230224e-05
926,1.1585363477474058,8.396642711556773e-05
927,1.384909587189307,8.304084968248114e-05
928,1.587067836055306,8.208821574427446e-05
929,1.7694832853800828,8.11310196327285e-05
930,1.9405522651174456,8.015316263376915e-05
931,2.109155232913016,7.91170480924065e-05
932,2.2802235792137053,7.799623867248189e-05
933,2.4483302159530456,7.683070685920163e-05
934,2.585139706358774,7.583811965223402e-05
935,2.629166548871903,7.551064867989016e-05
936,2.5494241975795604,7.610085764123389e-05
937,2.397931689645353,7.718665123848987e-05
938,2.2254057180237083,7.836281867639726e-05
939,2.0519904474673947,7.947615325821571e-05
940,1.88010338267465,8.050729826856061e-05
941,1.7036412849018732,8.148696430971766e-05
942,1.5134218136355548,8.244872900813508e-05
943,1.3014711774704424,8.339972316764714e-05
944,1.0642618406239013,8.430640844690289e-05
945,0.8051504979837779,8.509872967925954e-05
946,0.5385113339142984,8.569058534080058e-05
947,0.8209336753296191,8.505651164985605e-05
948,1.0291972636253128,8.442589974547431e-05
949,1.2411187935344323,8.36464748845687e-05
950,1.4437982753165224,8.277541780358445e-05
951,1.6300078891986867,8.187110559836839e-05
952,1.7977902620654225,8.097451414712863e-05
953,1.9494855827351614,8.010003282782625e-05
954,2.0895971928438204,7.924079767224436e-05
955,2.2220525796122206,7.838501475061757e-05
956,2.3458013060920098,7.754899228278315e-05
957,2.4480155188840698,7.683294566124567e-05
958,2.5037227331214162,7.643349469341337e-05
959,2.4883812295229384,7.654416821701136e-05
960,2.4112868170047377,7.709287872866061e-05
961,2.2898459470166914,7.793120223246687e-05
962,2.1442477742308808,7.889265000071341e-05
963,1.9875482926996002,7.987141397147493e-05
964,1.8228237748953353,8.083430643977394e-05
965,1.647155314387132,8.17829273040023e-05
966,1.4561653344117251,8.271836484494943e-05
967,1.2478409333305862,8.361952789732838e-05
968,1.0258164796818998,8.443723766260733e-05
969,1.2070700910784433,8.378088743035591e-05
970,1.390606267973033,8.301560792567423e-05
971,1.5616992816983521,8.221414180192592e-05
972,1.7176821186011741,8.141204413090035e-05
973,1.8560548336325993,8.06456048620602e-05
974,1.9748326148874709,7.994819226772041e-05
975,2.074168263843552,7.933770791922769e-05
976,2.156787514211169,7.88118482950708e-05
977,2.227974935579898,7.834579428264432e-05
978,2.292371307836763,7.791417370034602e-05
979,2.345997665094599,7.754756135516725e-05
980,2.3739549083417906,7.735396062676023e-05
981,2.3578424231848882,7.746574617524384e-05
982,2.3060618558302632,7.782120650311537e-05
983,2.21792151730369,7.841225396017289e-05
984,2.097816853330514,7.918890128297799e-05
985,1.954831371273599,8.006814326272347e-05
986,1.7957114645508758,8.098608306616109e-05
987,1.623154637560414,8.190610435386475e-05
988,1.4388718589390472,8.279800887340015e-05
989,1.5612448155541279,8.221638061609677e-05
990,1.7098235997789488,8.145404168575276e-05
991,1.8235856909882016,8.083001335801574e-05
992,1.916237710869709,8.029669246250584e-05
993,1.9895221752756607,7.985945938644296e-05
994,2.0409093800475873,7.95447845901142e-05
995,2.0729514765571317,7.934539475253251e-05
996,2.09656192933663,7.919677030922752e-05
997,2.1285402683759718,7.899342387494279e-05
998,2.1761799997170113,7.868605801153776e-05
999,2.2372407963103584,7.828427022212066e-05
1000,2.2610078352721668,7.812556403750052e-05
1001,2.259368128738567,7.813655456222975e-05
1002,2.236362456785071,7.829003901562973e-05
1003,2.185843375382634,7.862304749628514e-05
1004,2.089983571707615,7.923836183646222e-05
1005,1.9511788051183758,8.008993992443438e-05
1006,1.7909537169215262,8.101246832711959e-05
1007,1.860918233087822,8.061780828113787e-05
1008,1.9268478961086872,8.023427580840082e-05
1009,1.9547543546050874,8.00685455586269e-05
1010,1.9772408074299876,7.993368236782394e-05
1011,1.9815923072924473,7.990742689223694e-05
1012,1.9690411081562562,7.998302804502925e-05
1013,1.9547181261653916,8.006876191109385e-05
1014,1.9622606460312066,8.002370566745468e-05
1015,2.0046411372918613,7.976757225300198e-05
1016,2.067442915483746,7.93798614586193e-05
1017,2.1502358802886485,7.885407867972566e-05
1018,2.1831429918716445,7.864060839439463e-05
1019,2.1996520991044792,7.853262965207687e-05
1020,2.2138785695378536,7.843894356904779e-05
1021,2.2137089772135936,7.844006231294707e-05
1022,2.1055173647167873,7.91401354309234e-05
1023,1.9708485337604358,7.997216542768639e-05
1024,1.9559386615507217,8.006152888908703e-05
1025,1.940407932274204,8.015396244063216e-05
1026,1.9034905394774408,8.037142438352049e-05
1027,1.8518355294574214,8.066971657501778e-05
1028,1.8070104930736983,8.092301426077409e-05
1029,1.796353704084284,8.098246012668876e-05
1030,1.8358634667068088,8.076062423206028e-05
1031,1.9088451881715605,8.034005054125364e-05
1032,2.0365790828066466,7.957154739601151e-05
1033,2.109950947149597,7.911199395651769e-05
1034,2.1538710062452076,7.883068994056567e-05
1035,2.188123215829745,7.860814993847917e-05
1036,2.2314932338504807,7.832245642653204e-05
1037,1.9430777071065382,8.013816328620426e-05
1038,1.9099817868314535,8.033344875542323e-05
1039,1.824085060312295,8.082714750344607e-05
1040,1.7306655141261769,8.134224761133687e-05
1041,1.6577955321638715,8.172787601893002e-05
1042,1.630887369864916,8.186660483722252e-05
1043,1.6684925523398004,8.167217596356218e-05
1044,1.7514562903986404,8.122961363524562e-05
1045,1.9121499816775345,8.032074027013689e-05
1046,2.043213661919309,7.953058660684735e-05
1047,2.1346250658363166,7.895452192998491e-05
1048,2.1622503819003933,7.877643446467433e-05
1049,1.9068365445643791,8.03518074327239e-05
1050,1.7472215068136974,8.125269684095988e-05
1051,1.609853872754941,8.197366038276839e-05
1052,1.5103071841851645,8.246363795179152e-05
1053,1.465051714849399,8.267715808572513e-05
1054,1.497199220314373,8.25260451761299e-05
1055,1.5896561321511444,8.207527105455759e-05
1056,1.7126358342008445,8.143903162613132e-05
1057,1.9354381281902278,8.018348766689551e-05
1058,2.11460215964314,7.908242058001472e-05
1059,1.6275129763107783,8.188386179054085e-05
1060,1.4828431595601357,8.259387549664499e-05
1061,1.3670873385167994,8.31192095910049e-05
1062,1.3022147614603437,8.339661562272428e-05
1063,1.317991116947859,8.333029923502263e-05
1064,1.4174160271579987,8.289555165160521e-05
1065,1.554524410865164,8.224938079150542e-05
1066,1.7648268828438456,8.115656936447197e-05
1067,1.3497147751331808,8.319473047255765e-05
1068,1.2338007087172522,8.367563183923518e-05
1069,1.1566607645163123,8.397347775694053e-05
1070,1.1395721634722986,8.403701885637345e-05
1071,1.2353831944333171,8.366936034822678e-05
1072,1.3901066756728644,8.301782536945939e-05
1073,1.1233263659970336,8.409660230940124e-05
1074,1.0491116172346235,8.435852113164244e-05
1075,1.0150714921159825,8.447296226148805e-05
1076,1.0558073277609274,8.433556651522992e-05
1077,0.9890566797224621,8.455803101751194e-05
1078,0.9762234879482417,8.459919484967153e-05
1079,0.864518401326333,8.493585752416002e-05
1080,1.0929251125465376,8.420593773610864e-05
1081,1.3137520218555077,8.334819053688964e-05
1082,1.5173880972610787,8.242966657783926e-05
1083,1.7019060472052319,8.149614091503885e-05
1084,1.870563181794134,8.056239735180157e-05
1085,2.0290403635608727,7.961802975227292e-05
1086,2.1819212150777583,7.8648648408231e-05
1087,2.327964923028161,7.76716031356664e-05
1088,2.4537487764976627,7.679220833628996e-05
1089,2.531362745552938,7.623279240960694e-05
1090,1.2221546870860922,8.372176756387695e-05
1091,1.4138321285621276,8.29117210637754e-05
1092,1.5937049904541025,8.205498443005966e-05
1093,1.7570361083231476,8.119923671800183e-05
1094,1.9023846147497296,8.037788363447587e-05
1095,2.03078847689241,7.960726362643791e-05
1096,2.1444462929660477,7.889143971281228e-05
1097,2.244877093451742,7.823341860730707e-05
1098,2.330111054224482,7.765681090981277e-05
1099,2.392377548187815,7.722553659336797e-05
1100,2.4202927188258,7.702942859035845e-05
1101,2.397185265694647,7.719188092421167e-05
1102,2.335122486875373,7.762248483677925e-05
1103,2.239283203047167,7.827068248169539e-05
1104,2.118994565509073,7.90544453206386e-05
1105,1.9821956127521267,7.99037830233986e-05
1106,1.8316745547595634,8.078434248760377e-05
1107,1.6667161714988206,8.168140342275074e-05
1108,1.4863423036924723,8.257743232455892e-05
1109,1.2923590895403636,8.34376711152234e-05
1110,1.558275379179447,8.223099458728179e-05
1111,1.7080415784867857,8.146354204052401e-05
1112,1.837312193674896,8.075241068347563e-05
1113,1.9453662230895967,8.012455721354249e-05
1114,2.031235447634589,7.960450965810206e-05
1115,2.0961664627255847,7.919926970936455e-05
1116,2.1458691286079925,7.88822146954741e-05
1117,2.1903908825152585,7.859331992670726e-05
1118,2.2363908245621276,7.828985041114138e-05
1119,2.277535967886899,7.801444048091001e-05
1120,2.299073935236893,7.786871110643995e-05
1121,2.2870708132035795,7.79499803771008e-05
1122,2.2500711691322266,7.81987542054824e-05
1123,2.185904489289232,7.862264830697158e-05
1124,2.0906206530293177,7.923428033648614e-05
1125,1.9662367439462964,7.999986606933543e-05
1126,1.819866211320254,8.085090561808244e-05
1127,1.6579801152922211,8.172687406234085e-05
1128,1.8321825661970668,8.078141680457445e-05
1129,1.915701513091784,8.029989774207691e-05
1130,1.974239375977942,7.995170583499018e-05
1131,2.0108831336810473,7.972947065897716e-05
1132,2.0266139016224383,7.963302238734218e-05
1133,2.0304332494256263,7.960951336386198e-05
1134,2.0406981750719067,7.954609097825931e-05
1135,2.073634900615164,7.934111348687967e-05
1136,2.123420960504653,7.902620704706393e-05
1137,2.1841283821947544,7.863417702421269e-05
1138,2.2070401384078813,7.84840719953035e-05
1139,2.2113923210450466,7.845540831540752e-05
1140,2.2051423780495525,7.849655702538985e-05
1141,2.1805611644693137,7.865744852703213e-05
1142,2.101259374749592,7.916711803796145e-05
1143,1.9693394791111694,7.998123540073174e-05
1144,1.9626711989393075,8.002124593934606e-05
1145,1.9733801700599134,7.995693656872205e-05
1146,1.9649490149355422,8.000759127995774e-05
1147,1.9370240180713705,8.017409096830568e-05
1148,1.902447883614257,8.037751419132607e-05
1149,1.8854533362979482,8.047632738171015e-05
1150,1.9089692796891398,8.033937928140491e-05
1151,1.966558620494755,7.999793445180294e-05
1152,2.0623695572360474,7.941154001730884e-05
1153,2.120955346450218,7.904187633893773e-05
1154,2.1563845020642716,7.881445308481879e-05
1155,2.1829495294890195,7.8641939814607e-05
1156,2.216780401826512,7.841986158691166e-05
1157,2.230017089260347,7.833225156307073e-05
1158,1.9469200766722443,8.011531145268794e-05
1159,1.9047634193320044,8.036398615083526e-05
1160,1.8359767388713566,8.075998223314424e-05
1161,1.7674945297745908,8.114198758726674e-05
1162,1.7274360597956142,8.135968607792242e-05
1163,1.74310945397157,8.127497138370933e-05
1164,1.8084602784221568,8.091495453034404e-05
1165,1.8949691021200514,8.042111384027456e-05
1166,2.035348858068381,7.957920388315639e-05
1167,2.114022997988328,7.908610582774508e-05
1168,2.1597502710120433,7.879268736749727e-05
1169,2.1924852819888767,7.857954292665185e-05
1170,1.8410994144612713,8.073091325725954e-05
1171,1.7302617332609045,8.134447047762337e-05
1172,1.6301481301683416,8.187038805474596e-05
1173,1.5683083043468726,8.218151887283774e-05
1174,1.5737477191228377,8.215457778921361e-05
1175,1.6455081800923381,8.179147132210398e-05
1176,1.7499835978792224,8.123767769479176e-05
1177,1.9304105301717667,8.021317862835122e-05
1178,2.079142158209566,7.930657238350113e-05
1179,2.1589225936882412,7.879804225286276e-05
1180,1.6143579449120462,8.195083838327276e-05
1181,1.4925040999959747,8.254829339045296e-05
1182,1.410971507854433,8.292460064299004e-05
1183,1.3990406642878201,8.297809452417194e-05
1184,1.4723240574218497,8.264323958129167e-05
1185,1.5921733660423567,8.20626639171527e-05
1186,1.7799548960016602,8.107340099123943e-05
1187,1.9561044230155011,8.006048073831979e-05
1188,1.3570243621904845,8.316307513812802e-05
1189,1.263202196333559,8.355744321117821e-05
1190,1.2256821057306888,8.37078443015306e-05
1191,1.287403172520947,8.345820720586213e-05
1192,1.4211545664261562,8.287867801685779e-05
1193,1.577147365632641,8.213769765725348e-05
1194,1.1383834259713586,8.4041405953123e-05
1195,1.082200434106288,8.424381281877995e-05
1196,1.0997719542194773,8.418156040315948e-05
1197,1.2469948271376134,8.362290117128864e-05
1198,1.0009833040915337,8.451930005012756e-05
1199,0.9944947047574643,8.454042627253532e-05
1200,1.5852934401947765,8.209707916791258e-05
1201,1.7434852856372862,8.127298052083319e-05
1202,1.882857317049342,8.049136492276197e-05
1203,2.0011599077990745,7.978872010961799e-05
1204,2.098136046526632,7.918688272053703e-05
1205,2.175262138836255,7.869203162784264e-05
1206,2.235275925087176,7.8297333129119e-05
1207,2.2797238661149346,7.799968436840034e-05
1208,2.3062653656644456,7.781982138949858e-05
1209,1.8379569796873936,8.074870135669559e-05
1210,1.9428033924212733,8.013973624181221e-05
1211,2.0182319396994273,7.968448966139221e-05
1212,2.066168499783981,7.938782491450312e-05
1213,2.094930764648826,7.920714165843147e-05
1214,2.117872079117984,7.906159882177486e-05
1215,2.1466476318290275,7.88772019126527e-05
1216,2.178988740687906,7.86677659495576e-05
1217,2.206942568470019,7.848464387687359e-05
1218,2.2096079840484615,7.846709498494633e-05
1219,2.1968468706831787,7.855103379901146e-05
1220,2.1752119095362152,7.869235847300067e-05
1221,2.143298785826355,7.889882198467183e-05
1222,2.089070108277937,7.924411997472218e-05
1223,2.0010420853947037,7.978949729889621e-05
1224,1.8823514701190645,8.049434715302686e-05
1225,1.9812417128260573,7.990954401002324e-05
1226,2.0132162719355007,7.971520429164284e-05
1227,2.0140321702019643,7.97102121722006e-05
1228,1.998348734940649,7.980588390880644e-05
1229,1.9873930131793724,7.987235399208822e-05
1230,2.0028763492969364,7.97783271647979e-05
1231,2.0432586136414357,7.953030829707021e-05
1232,2.086479118325532,7.926044168808905e-05
1233,2.1323236917254054,7.89692707122063e-05
1234,2.1475671367803457,7.887134661003375e-05
1235,2.155990079509653,7.881693433040428e-05
1236,2.1666660132471716,7.87478129732907e-05
1237,2.1667770270030773,7.874716100662802e-05
1238,2.1054966968558775,7.914026650675519e-05
1239,1.9747269869348398,7.994876973804934e-05
1240,1.9398617125095126,8.015726122679317e-05
1241,1.8869914733299655,8.04674638346621e-05
1242,1.846643102622147,8.069937834718185e-05
1243,1.850030718768957,8.06800162912904e-05
1244,1.8988122022069467,8.039867236775197e-05
1245,1.963021624701458,8.001914611403208e-05
1246,2.0492481664176365,7.949318099744199e-05
1247,2.1004061435081267,7.917251968076936e-05
1248,2.138323936530683,7.893079071745877e-05
1249,2.1778951822992734,7.867488999291542e-05
1250,2.2249522680837956,7.83658217956973e-05
1251,1.8432861906469584,8.071843124282083e-05
1252,1.7621504998982744,8.117127698845536e-05
1253,1.697626630208048,8.151889508588776e-05
1254,1.6880729011573692,8.156941308992142e-05
1255,1.7430819010678218,8.127516823757257e-05
1256,1.8281423956849872,8.080430656115458e-05
1257,1.9512604643365774,8.008939551540268e-05
1258,2.0531872273859193,7.946871630413252e-05
1259,2.136654440966385,7.894150588122087e-05
1260,2.1802337318217915,7.865965198992309e-05
1261,1.6278196280973805,8.188229483958428e-05
1262,1.5444697347874408,8.229861427854759e-05
1263,1.5183388385981478,8.242513663511846e-05
1264,1.5735309537509101,8.21556133653387e-05
1265,1.6764253806049552,8.163066791373069e-05
1266,1.7961756924635346,8.098350053275413e-05
1267,1.9707744248527344,7.997255254720442e-05
1268,2.109553465636972,7.911451882804281e-05
1269,1.3957911764879507,8.299258382103571e-05
1270,1.3482945830548405,8.32008626994037e-05
1271,1.3913178279193696,8.301248014560784e-05
1272,1.506043190893516,8.248400409922689e-05
1273,1.6475854592687276,8.178074902372085e-05
1274,1.8262134902958445,8.081514376665963e-05
1275,1.195743926319514,8.382482744700949e-05
1276,1.2067612123958773,8.378209085043872e-05
1277,1.3243127761156404,8.33034910559293e-05
1278,1.4833176329131013,8.259164304279503e-05
1279,1.050262282008387,8.435457068817845e-05
1280,1.1507836133271208,8.399543104270965e-05
1281,2.0263882803920126,7.96344100201529e-05
1282,2.0749749422641632,7.93327156011065e-05
1283,2.0869367810967883,7.925755985807291e-05
1284,2.085633735014311,7.926576360520673e-05
1285,2.0923186182298363,7.922363342962158e-05
1286,2.109721835651269,7.911338402004096e-05
1287,2.1237046732893075,7.90243294658994e-05
1288,2.0273690027006412,7.962831616291789e-05
1289,2.007486101927804,7.975021833486705e-05
1290,1.9775538031326216,7.993179543505162e-05
1291,1.9712010746917796,7.997004570610181e-05
1292,1.9961842213484016,7.981903998360034e-05
1293,2.0303901359430925,7.96097789378712e-05
1294,2.0623128726115154,7.941189360870524e-05
1295,2.0771836993390407,7.93188640937329e-05
1296,2.0813770612584945,7.92925343272383e-05
1297,2.090735769799656,7.923361874734811e-05
1298,2.111538678453431,7.910183921359503e-05
1299,2.1138967355973244,7.908690913816253e-05
1300,1.8946526607128997,8.042290076326419e-05
1301,1.844476004353624,8.071171524976437e-05
1302,1.8284378525128924,8.08025863591208e-05
1303,1.8626945009287923,8.06076215412426e-05
1304,1.9198439024576142,8.02754912295635e-05
1305,1.9737229898073332,7.995481455095513e-05
1306,2.038893749538405,7.955724762879522e-05
1307,2.079587344824833,7.930371317012076e-05
1308,2.1171458328309636,7.906622552046113e-05
1309,2.142488863828004,7.89040305915358e-05
1310,1.694017806197384,8.153800678164635e-05
1311,1.6668968696550093,8.16805045823236e-05
1312,1.706507444201587,8.14716682765851e-05
1313,1.7858596955875656,8.104075523446712e-05
1314,1.8731225810818846,8.054759946542188e-05
1315,1.9802760418003964,7.991537377585517e-05
1316,2.0684313138352803,7.937368252981062e-05
1317,2.1335521196043636,7.896133313653801e-05
1318,1.500606820592457,8.25098952041991e-05
1319,1.5337174996237246,8.235087007346444e-05
1320,1.6274444712486233,8.188421180718497e-05
1321,1.743991474750691,8.127023463881252e-05
1322,1.8792345717558057,8.051237482958125e-05
1323,2.000401192312114,7.979333828806771e-05
1324,1.3594623937383516,8.315245168709149e-05
1325,1.4533737138972136,8.273130843621992e-05
1326,1.5886408934325422,8.208035072530814e-05
1327,1.733837979846267,8.13251825314764e-05
1328,1.28364132166912,8.347371942934817e-05
1329,1.4255650279429182,8.285868113687948e-05
1330,1.9948874125481442,7.98268568886709e-05
1331,1.9845814392504908,7.988936412401778e-05
1332,1.9908824773489153,7.985121523801065e-05
1333,2.006685918620421,7.975510137414196e-05
1334,2.0159874889454628,7.969824175860003e-05
1335,1.8307045817757912,8.07897764906738e-05
1336,1.8577938703577321,8.063565351457373e-05
1337,1.9049314742195143,8.036300379200556e-05
1338,1.9482520237008378,8.0107323912412e-05
1339,1.9855018036385015,7.98837980507006e-05
1340,2.0133114800140075,7.971456130309269e-05
1341,2.0241875988389473,7.96479382543064e-05
1342,2.0117066634270326,7.97244365826257e-05
1343,1.6965160565644493,8.152478024004895e-05
1344,1.7675095428603727,8.114185660595117e-05
1345,1.8484968216246236,8.068876331408339e-05
1346,1.9219192542676427,8.02633310413832e-05
1347,1.9952046178990228,7.982499026449955e-05
1348,2.033571113269539,7.959017224078168e-05
1349,1.609450979974251,8.197565784880074e-05
1350,1.7157824388342315,8.142216549531653e-05
1351,1.8276683288137463,8.080698355134536e-05
1352,1.930533192477957,8.021251007076542e-05
1353,1.5659089183248218,8.219333735113485e-05
1354,1.6998397322128722,8.150711206093798e-05
1355,1.9087091616247984,8.034090244079772e-05
1356,1.9493039439732591,8.010111510536884e-05
1357,1.9662148012542924,7.999999774045943e-05
1358,1.8432702831103966,8.07185739237493e-05
1359,1.9113534191451067,8.032541057026951e-05
1360,1.9570915608598862,8.00546387964725e-05
1361,1.972002750872529,7.996522431337487e-05
1362,1.8167134298835257,8.086868080244854e-05
1363,1.9052793296293336,8.036097018664804e-05
1364,1.9535155323167959,8.007599938910925e-05
1365,1.2268936144842666,8.370302852773399e-05
1366,1.3134573916783767,8.33494320687261e-05
1367,1.5380066575400455,8.233008650725139e-05
1368,1.8275235646606087,8.080780089763387e-05
1369,2.1205084250460713,7.904479287706988e-05
1370,2.3800288768998072,7.731167400201351e-05
1371,2.587272576765236,7.582234355690457e-05
1372,2.735494573168211,7.470436216515717e-05
1373,2.8266766586854652,7.399620940413542e-05
1374,2.8695196430698986,7.36583538589844e-05
1375,2.8778238100567264,7.35924983743537e-05
1376,2.868535204493349,7.366605000367424e-05
1377,2.8583891182515258,7.374643631790038e-05
1378,1.3244437529943676,8.330296396677455e-05
1379,1.4812116117863838,8.260154723285437e-05
1380,1.727175505646729,8.136108802366672e-05
1381,1.9999739249518893,7.979599824432328e-05
1382,2.256133683308989,7.815814362505242e-05
1383,2.4713519100346626,7.666636278064874e-05
1384,2.6349720453226153,7.54670924403539e-05
1385,2.745930219547298,7.462398549551956e-05
1386,2.810174345777151,7.412538243145427e-05
1387,2.8387366404137477,7.390132933475272e-05
1388,2.8458953533596487,7.384494813618917e-05
1389,2.846749736882902,7.38383150347006e-05
1390,2.853276490113169,7.378682340021963e-05
1391,2.865148618079021,7.369286720477907e-05
1392,2.848778733224205,7.382231561382917e-05
1393,2.830382505140987,7.396711273762345e-05
1394,2.7892643481283668,7.428848643375821e-05
1395,2.7095974028565117,7.490271099486994e-05
1396,2.5808423366840096,7.586978934781185e-05
1397,2.3987862259573514,7.718058273419536e-05
1398,2.1673403018114703,7.874350653091957e-05
1399,1.9014869506312524,8.038312422412151e-05
1400,1.6325104256083696,8.185829323106827e-05
1401,1.4147963810397803,8.290740702959266e-05
1402,1.5468585080395758,8.228695235846136e-05
1403,1.7086386753121354,8.146035973716478e-05
1404,1.9205800816046328,8.027121505258184e-05
1405,2.1408057716569173,7.891478269605651e-05
1406,2.3410115683190984,7.758198669965537e-05
1407,2.5058800274454454,7.641789304899016e-05
1408,2.630022671958684,7.55042431812409e-05
1409,2.7151960122051495,7.485993675760152e-05
1410,2.7680589207080177,7.445318774593559e-05
1411,2.798280768499618,7.421835157329393e-05
1412,2.8167199954738114,7.40741637576392e-05
1413,2.833136340839614,7.394537385061215e-05
1414,2.8529626301991935,7.378930124432965e-05
1415,2.835188502182885,7.392934206399596e-05
1416,2.7798805090216914,7.436142726288546e-05
1417,2.7232503632271023,7.479829747367162e-05
1418,2.647676529767597,7.537184001822163e-05
1419,2.5401349267485207,7.616879621121032e-05
1420,2.3942812959551025,7.721213600980076e-05
1421,2.2117827122049567,7.845283504258049e-05
1422,2.00461085328929,7.976775687378046e-05
1423,1.7983476688310638,8.097136007504952e-05
1424,1.7710708845853145,8.112234406829568e-05
1425,1.8939331848771583,8.04271417275555e-05
1426,2.0487062326955625,7.949654387388973e-05
1427,2.209748621313925,7.846616858398769e-05
1428,2.3591363878863127,7.745686766539706e-05
1429,2.486928816526369,7.65546206916579e-05
1430,2.5895646546359212,7.580537979319232e-05
1431,2.667913847908557,7.521922760050139e-05
1432,2.7255689642690535,7.478043488985468e-05
1433,2.7675343444240372,7.445715116408668e-05
1434,2.7991642168985784,7.421146202934253e-05
1435,2.8248864886602156,7.401015544129561e-05
1436,2.8446875503697657,7.38545687869463e-05
1437,2.7480405997687516,7.460772618352031e-05
1438,2.652670692515613,7.533427458535461e-05
1439,2.5644912464364236,7.599038044774745e-05
1440,2.4746296408341135,7.664287395961464e-05
1441,2.37315499718936,7.735952359679274e-05
1442,2.256364360891957,7.815659950413747e-05
1443,2.1290146567401975,7.89904552406055e-05
1444,1.920878142207407,8.026946069674466e-05
1445,1.9923124081182233,7.98424846451582e-05
1446,2.093772637099781,7.92144555147117e-05
1447,2.21036883221166,7.84621529963652e-05
1448,2.329785206760193,7.765912228868739e-05
1449,2.4431491495976094,7.686753915461449e-05
1450,2.544643959765202,7.613592765709748e-05
1451,2.6307819126569565,7.549856136104362e-05
1452,2.6998859608065255,7.497676838740434e-05
1453,2.751920810013728,7.457790729719888e-05
1454,2.7884433393966797,7.429487450593946e-05
1455,2.8113519284264394,7.411627390298076e-05
1456,2.7270252399560917,7.47692708596684e-05
1457,2.606398993403415,7.568037934515045e-05
1458,2.485342137236709,7.656603443103234e-05
1459,2.3964114018402034,7.719730159702189e-05
1460,2.341396944506752,7.7579256887822e-05
1461,2.2988979019120865,7.786983154316158e-05
1462,1.9790246940180838,7.99229247150131e-05
1463,2.009639554251507,7.97370692414238e-05
1464,2.078701289467905,7.930927639050592e-05
1465,2.176274790809567,7.868544098054456e-05
1466,2.290251871699047,7.792852847693758e-05
1467,2.408414753056635,7.711307709194462e-05
1468,2.5199075653408003,7.631621218581143e-05
1469,2.6161927137843315,7.560754363304797e-05
1470,2.6917223371837444,7.503888499849251e-05
1471,2.744439439068598,7.463546618864732e-05
1472,2.691798284331039,7.503821325269054e-05
1473,2.643918666702024,7.540007441675977e-05
1474,2.563522023072433,7.599750650918309e-05
1475,2.445127908681126,7.68535610097287e-05
1476,2.3244063760640206,7.769598128928664e-05
1477,2.309404983395831,7.779836568289635e-05
1478,1.9708485337604358,7.997216542768639e-05
1479,1.9841442820021025,7.989194807924675e-05
1480,2.047122792208994,7.950636553392933e-05
1481,2.1487229931883527,7.886383166578403e-05
1482,2.2726132163702983,7.804760214839452e-05
1483,2.401540090303868,7.71612727161277e-05
1484,2.5206448426569263,7.631085676245824e-05
1485,2.619249327438246,7.558474497020198e-05
1486,2.642436856195917,7.541110834670525e-05
1487,2.5377629562795025,7.618611599375001e-05
1488,2.487865965394678,7.654779253448878e-05
1489,2.4611355728009587,7.673951392443475e-05
1490,2.424720773807436,7.699816775139521e-05
1491,2.3522690780919167,7.75043587020811e-05
1492,1.9430777071065382,8.013816328620426e-05
1493,1.9627657210600098,8.002067957312994e-05
1494,2.037985436362685,7.956286065628538e-05
1495,2.152774404814063,7.88377691802557e-05
1496,2.2863682205242015,7.795473177891369e-05
1497,2.419164789335657,7.703738478316734e-05
1498,2.536143775958913,7.619801921483539e-05
1499,2.521616707992972,7.630379564476481e-05
1500,2.3980804167565735,7.718560906542907e-05
1501,2.3196128631358586,7.772877536674158e-05
1502,2.3025936356625243,7.784479744620612e-05
1503,2.3671040376614663,7.740163813068683e-05
1504,1.9378070285603939,8.01694491379799e-05
1505,1.9752095574546897,7.994592206053676e-05
1506,2.064527290827719,7.939807454906949e-05
1507,2.1863203070428505,7.861993200015237e-05
1508,2.319291429038142,7.773097258616678e-05
1509,2.4455183937424523,7.68507031817765e-05
1510,2.416550747381295,7.705581328862685e-05
1511,2.3480893780327774,7.75332129672917e-05
1512,2.2200189661860175,7.839839276933431e-05
1513,2.163492732653773,7.876845438557629e-05
1514,1.9699814433065264,7.99773776564351e-05
1515,2.0202453054337703,7.967208201211279e-05
1516,2.1130462784265176,7.909225344559472e-05
1517,2.229833683878576,7.833346822279095e-05
1518,2.3523361523511332,7.750381780784258e-05
1519,2.3413539710805678,7.757955272334555e-05
1520,2.291974399281933,7.791678819871654e-05
1521,2.220779782518227,7.839343325231971e-05
1522,2.0252194608138905,7.964153545177857e-05
1523,2.075621375530322,7.932859928972244e-05
1524,2.160029024528671,7.879088353259188e-05
1525,2.2635290755707613,7.81086529301875e-05
1526,2.3019679243699565,7.784905069595886e-05
1527,2.2801054989783265,7.799710937044066e-05
1528,2.078069422062138,7.931324249792191e-05
1529,2.118036626230548,7.906055036632842e-05
1530,2.18761660654729,7.861146140956723e-05
1531,2.275896856592786,7.802548827434561e-05
1532,2.109013053436154,7.911795101389682e-05
1533,2.133582096437895,7.896120754953125e-05
1534,1.6223571185067782,8.191016879034504e-05
1535,1.834689215170479,8.076727763385932e-05
1536,2.06939740662154,7.936764075380283e-05
1537,2.2887229338227404,7.793887759975725e-05
1538,2.4722340438137933,7.666012701629451e-05
1539,2.611932961971916,7.56392857220647e-05
1540,2.7086749328486035,7.490975317090724e-05
1541,2.769849520451613,7.443922195523408e-05
1542,2.807458423969067,7.414661166434669e-05
1543,2.8323849528462337,7.39512790660094e-05
1544,2.8400217672411823,7.389121444989713e-05
1545,1.8330745882728117,8.077636864771815e-05
1546,1.9998514154344444,7.97967436703312e-05
1547,2.178053963228249,7.867378701494628e-05
1548,2.3430063097420004,7.756817485192714e-05
1549,2.4820287493638076,7.658985235815368e-05
1550,2.5913279513490295,7.579232246999832e-05
1551,2.6732115366400935,7.517926499534317e-05
1552,2.7334411083459567,7.472013539053445e-05
1553,2.777203193428153,7.438230748312466e-05
1554,2.8047648284164,7.416775328659369e-05
1555,2.819272848718752,7.405416741821352e-05
1556,2.8209824720188523,7.404076957420586e-05
1557,2.779418757559947,7.436511105976322e-05
1558,2.7115725968693027,7.488753149836607e-05
1559,2.637101894968257,7.545113015526571e-05
1560,2.5485843035223263,7.610709489156559e-05
1561,2.437391700432667,7.690840246150892e-05
1562,2.3004201234497947,7.78595680600574e-05
1563,2.142611704387731,7.89032407039317e-05
1564,1.9789952917338969,7.992310208862243e-05
1565,1.9734035769773937,7.995679569148238e-05
1566,2.0849312807997333,7.927018443408779e-05
1567,2.2111563881658576,7.845696330214307e-05
1568,2.335834409217515,7.761751642796228e-05
1569,2.4499365858922655,7.681927565209788e-05
1570,2.5494548142159625,7.610072085378185e-05
1571,2.633240788091101,7.548006095865253e-05
1572,2.7010408384116324,7.496787593055305e-05
1573,2.751670548415012,7.457983762672602e-05
1574,2.7831562790322435,7.433598270391892e-05
1575,2.791743628817765,7.426928766561594e-05
1576,2.756393367900551,7.454338996300496e-05
1577,2.6651470506313646,7.524021932882763e-05
1578,2.5614087334986197,7.60130376009512e-05
1579,2.467538376161546,7.669374636918756e-05
1580,2.3846849643092574,7.727928362746589e-05
1581,2.3050023900219903,7.782841586938007e-05
1582,2.2235626019235406,7.837495131478864e-05
1583,2.0255975429305018,7.963927228578436e-05
1584,2.0947562862678133,7.920817914757638e-05
1585,2.1904974144679668,7.859262293831964e-05
1586,2.29875036687139,7.787083327533359e-05
1587,2.4092562641280906,7.710708042260116e-05
1588,2.5141899876722014,7.63577056786298e-05
1589,2.607236247080143,7.567415231631038e-05
1590,2.6829618459187325,7.510540290348384e-05
1591,2.7347047460729756,7.47104299679471e-05
1592,2.739229659569878,7.467555516872725e-05
1593,2.6997562686264986,7.497766135494123e-05
1594,2.619256067650086,7.55846946761161e-05
1595,2.5056597442718105,7.641948658528799e-05
1596,2.3907953459267035,7.723652218285263e-05
1597,2.3245851564031446,7.769468106475591e-05
1598,2.308108270088539,7.780719883486584e-05
1599,2.0138621195114688,7.971119220792272e-05
1600,2.0656190253007036,7.93912572060131e-05
1601,2.1552256010222033,7.882194128312857e-05
1602,2.266833870668285,7.808646435844755e-05
1603,2.386575575427542,7.726608603023334e-05
1604,2.5016007759694023,7.644883143006794e-05
1605,2.6013250765218654,7.571808679408247e-05
1606,2.6750635113043937,7.516515592544721e-05
1607,2.6362072866246873,7.545783592357192e-05
1608,2.5805409386020792,7.587210435926986e-05
1609,2.5258654049030405,7.627290395693222e-05
1610,2.4546950895075947,7.678546412272809e-05
1611,2.355888161230212,7.747934370622541e-05
1612,2.2694872111611955,7.806855843680763e-05
1613,1.9836795272865821,7.989481655583547e-05
1614,2.039771560669281,7.955188302311169e-05
1615,2.139574127256559,7.892269558109916e-05
1616,2.26315051758087,7.811111996351549e-05
1617,2.3919273863890265,7.722868533040137e-05
1618,2.510476584539981,7.638461863383099e-05
1619,2.603088029460297,7.570508102228591e-05
1620,2.5463710025738235,7.612320692401212e-05
1621,2.4273406440158145,7.697965254548121e-05
1622,2.3781090974551016,7.732504804531341e-05
1623,2.3675009700895377,7.739888308701544e-05
1624,2.36554970502244,7.741242319917806e-05
1625,1.9760512770191212,7.994085136556985e-05
1626,2.0465755761343587,7.950969615767648e-05
1627,2.1581671138212735,7.880286086443727e-05
1628,2.287564371780701,7.794671621750726e-05
1629,2.415417847482279,7.706379549011985e-05
1630,2.501680382088838,7.644817119577552e-05
1631,2.429044068230881,7.696752484179418e-05
1632,2.300873923530582,7.785648502629664e-05
1633,2.226373222514313,7.835640948521031e-05
1634,2.247999477885889,7.821251541618813e-05
1635,2.00547581743316,7.976242273835266e-05
1636,2.0857948284646093,7.926474961115229e-05
1637,2.1988057799621927,7.853811417826894e-05
1638,2.3225393978632347,7.770868394635831e-05
1639,2.4068326956265222,7.712419568137398e-05
1640,2.3411353844986262,7.758113441894891e-05
1641,2.2458167219540646,7.822715223771283e-05
1642,2.192203679598767,7.858145605268661e-05
1643,2.057909077617855,7.943927728656178e-05
1644,2.1360067058127914,7.894566139937576e-05
1645,2.2394861065010154,7.826933208318015e-05
1646,2.339989812683042,7.758901860129472e-05
1647,2.293583358672077,7.790596004900799e-05
1648,2.271474216062314,7.805526713019332e-05
1649,2.108513233703572,7.912112477294124e-05
1650,2.174910387313429,7.869425176597099e-05
1651,2.263641884594425,7.810789593201689e-05
1652,2.2847309824837696,7.796587370919512e-05
1653,2.1382256535786754,7.893142170046016e-05
1654,2.189231064740718,7.86008370333787e-05
1655,2.0972944176805184,7.91922046129698e-05
1656,2.2087426236087837,7.847286455929972e-05
1657,2.3209061450625774,7.771993259462965e-05
1658,2.426184531368349,7.698782485031796e-05
1659,2.5227028322542133,7.62959020918516e-05
1660,2.611384950122565,7.564336671820346e-05
1661,2.691002065573288,7.504426505592588e-05
1662,2.751575378533692,7.45805716653261e-05
1663,2.780014067075286,7.436048896166643e-05
1664,2.135251975565606,7.895050208551995e-05
1665,2.2069657223311396,7.84844915043381e-05
1666,2.2948168349458298,7.789759782640312e-05
1667,2.391241648218122,7.723348100864316e-05
1668,2.488961616670813,7.653999016451693e-05
1669,2.5818234823447868,7.586263064361117e-05
1670,2.6624547553745828,7.526054096674427e-05
1671,2.7192660338183554,7.482880435427776e-05
1672,2.7368579198755274,7.469378896778887e-05
1673,2.709092399447433,7.490656641053548e-05
1674,2.6416700938350335,7.541686383768258e-05
1675,2.547608846059215,7.61142355505479e-05
1676,2.447163118431408,7.683909102459543e-05
1677,2.3586674123817013,7.746003629789604e-05
1678,2.2928497992154213,7.791093152217873e-05
1679,2.245652782813383,7.822824569058732e-05
1680,2.1148965039779934,7.908054733861536e-05
1681,2.1713112669796453,7.871772216733659e-05
1682,2.25690688348732,7.8152967463434e-05
1683,2.3574579287156197,7.746848461021361e-05
1684,2.462385860611351,7.673058355004095e-05
1685,2.561823796857808,7.600998790432479e-05
1686,2.6437355287005575,7.540135762227444e-05
1687,2.6830564428422576,7.510468541198748e-05
1688,2.637372270568681,7.54491949551081e-05
1689,2.5666861872706916,7.597414725264725e-05
1690,2.4765716701398635,7.662903023565305e-05
1691,2.3767189538300166,7.733472742086037e-05
1692,2.291135207097998,7.792247248224853e-05
1693,2.271023848953649,7.805829709869585e-05
1694,2.078950250770735,7.930777724567283e-05
1695,2.1399471530206284,7.892029939996546e-05
1696,2.234479203399805,7.830255579421073e-05
1697,2.345396656240748,7.755178168865955e-05
1698,2.4581323556304517,7.676095147664685e-05
1699,2.55931808689856,7.602839345957246e-05
1700,2.6131250706928606,7.563040615707308e-05
1701,2.528533721876096,7.625339778975093e-05
1702,2.454126400248038,7.678951730110023e-05
1703,2.3831515828269394,7.72899027808603e-05
1704,2.3125140592936364,7.777724708679655e-05
1705,2.2444539036411593,7.823616809172878e-05
1706,2.065839757291278,7.93898784920324e-05
1707,2.139872466380484,7.892084603446615e-05
1708,2.244464239163164,7.823617129014236e-05
1709,2.360309300929571,7.744874605158896e-05
1710,2.4717540372800766,7.666356580928419e-05
1711,2.5175652438461307,7.633321892748594e-05
1712,2.406439828015697,7.71269558962424e-05
1713,2.3232009938208216,7.770423251678342e-05
1714,2.2657558537598455,7.809363176103128e-05
1715,2.2607364012913718,7.812738380974197e-05
1716,2.0888964590941774,7.924515007039097e-05
1717,2.17157224288913,7.871602629876538e-05
1718,2.2768363020669242,7.801908331153244e-05
1719,2.3869730553486175,7.72633103997133e-05
1720,2.412678669953911,7.708300331929735e-05
1721,2.3463708309150184,7.754506572171117e-05
1722,2.2338303748517525,7.830693783143175e-05
1723,2.1837265064141507,7.863686927937392e-05
1724,2.134744374747856,7.895375697415991e-05
1725,2.214874066199849,7.843244588859278e-05
1726,2.3108866458878414,7.778826808257129e-05
1727,2.3338092214539996,7.763150550226815e-05
1728,2.2855628885544097,7.79601766087455e-05
1729,2.2281862726541815,7.834439322633265e-05
1730,2.179983276054046,7.866121571025707e-05
1731,2.248935490387905,7.82063387879081e-05
1732,2.2920752016566897,7.791617980968178e-05
1733,2.2706638420639247,7.80607188144778e-05
1734,2.2067162485493927,7.848620339897462e-05
1735,2.26154112847238,7.812191523294204e-05
1736,2.2157214723703973,7.84268529367636e-05
1737,2.2527433360633555,7.81808966718433e-05
1738,2.324201718722698,7.769730633850777e-05
1739,2.416174314109894,7.705846587130842e-05
1740,2.5144581096386305,7.63557613653002e-05
1741,2.60417904296139,7.569688342634664e-05
1742,2.6655565276520505,7.523703418792782e-05
1743,2.173763698230144,7.870177953561565e-05
1744,2.2174832236890083,7.841521993285042e-05
1745,2.295776739787902,7.789108789547572e-05
1746,2.3932634953193817,7.721933840222907e-05
1747,2.494924020796821,7.649702802350131e-05
1748,2.580965783624069,7.586887754935214e-05
1749,2.5934148498501797,7.577686089494638e-05
1750,2.522347846702943,7.629839619203451e-05
1751,2.429530098779194,7.696416798988057e-05
1752,2.3338251528638034,7.763131948670626e-05
1753,2.2549436356445574,7.816618033724204e-05
1754,2.22562326850697,7.836130655319456e-05
1755,2.15531669812853,7.882135277690014e-05
1756,2.2115590469887816,7.845430938033746e-05
1757,2.2973269757786934,7.788057007277025e-05
1758,2.3971596719882484,7.719198042511955e-05
1759,2.49419430811514,7.650220525887237e-05
1760,2.5232625404003315,7.62918333975497e-05
1761,2.420731903708163,7.702632993294146e-05
1762,2.3325622233762817,7.76399909201432e-05
1763,2.250756167232646,7.819417805498499e-05
1764,2.206209314590854,7.848953886359261e-05
1765,2.17210101449741,7.871258975650851e-05
1766,2.236867549320918,7.828675233186041e-05
1767,2.32233625886007,7.771014992216413e-05
1768,2.4151081876672524,7.706597681845354e-05
1769,2.4255926962054177,7.699200730243608e-05
1770,2.320742885513503,7.772097313257479e-05
1771,2.244639880966811,7.823500025577768e-05
1772,2.199186131628293,7.853561814299012e-05
1773,2.211138628065758,7.845700992221641e-05
1774,2.274025850180391,7.803801806770316e-05
1775,2.3506106644863056,7.751573457322344e-05
1776,2.33416655613223,7.762905138912501e-05
1777,2.26092742064562,7.812610317792727e-05
1778,2.220185133495902,7.83972942038764e-05
1779,2.250563166399356,7.819546751094985e-05
1780,2.303540672827448,7.783835833308664e-05
1781,2.2797470756802856,7.799945389273633e-05
1782,2.2617568184343573,7.812054177045022e-05
1783,2.2739643749920724,7.803850563453848e-05
1784,2.267835612570248,7.8079660445272e-05
1785,2.2047921687381247,7.849886007992612e-05
1786,2.2410529200706795,7.82588292501696e-05
1787,2.3182334354130925,7.773820306923289e-05
1788,2.4134704196408596,7.707742968116265e-05
1789,2.5014774515786486,7.644963746133862e-05
1790,2.2182861221797205,7.840991594914692e-05
1791,2.26133976722993,7.812333844220091e-05
1792,2.3335414623608406,7.76333442410887e-05
1793,2.417607192428748,7.704836730482505e-05
1794,2.4147918608516594,7.706812421750434e-05
1795,2.330631899916596,7.765331440902198e-05
1796,2.2560473449354603,7.815879421882296e-05
1797,2.2206126348138926,7.839446761477041e-05
1798,2.2529037005840147,7.817982447254251e-05
1799,2.2941123133085415,7.790237447399347e-05
1800,2.3553081019415205,7.748327729828277e-05
1801,2.3465362613375165,7.754392503628788e-05
1802,2.2676110290300513,7.808124288567585e-05
1803,2.2339872904847953,7.830589546481107e-05
1804,2.2879929983241394,7.794381656026222e-05
1805,2.320139325405915,7.772517614609152e-05
1806,2.2798374597724678,7.799891795024488e-05
1807,2.2509350478393846,7.819291043049373e-05
1808,2.276790798077145,7.801946375955981e-05
1809,2.2574340603630705,7.814951027652007e-05
1810,2.2540813277966874,7.81718764602442e-05
1811,2.284130042066544,7.796993454960929e-05
1812,2.344072606480431,7.756090635552481e-05
1813,2.2868775402153374,7.795136177089572e-05
1814,2.3070224100245036,7.781466803955133e-05
1815,2.2882752293762736,7.794190704288784e-05
1816,2.265850455458019,7.809306964484275e-05
1817,2.2764805668958723,7.802148097783165e-05
1818,2.2640879592942746,7.81049022922171e-05
1819,2.2836154511636932,7.797333716241936e-05
1820,1.2268936144842666,8.370302852773399e-05
1821,1.3134573916783767,8.33494320687261e-05
1822,1.5380066575400455,8.233008650725139e-05
1823,1.8275235646606087,8.080780089763387e-05
1824,2.1205084250460713,7.904479287706988e-05
1825,2.3800288768998072,7.731167400201351e-05
1826,2.587272576765236,7.582234355690457e-05
1827,2.735494573168211,7.470436216515717e-05
1828,2.8266766586854652,7.399620940413542e-05
1829,2.8695196430698986,7.36583538589844e-05
1830,2.8778238100567264,7.35924983743537e-05
1831,2.868535204493349,7.366605000367424e-05
1832,2.8583891182515258,7.374643631790038e-05
1833,1.3244437529943676,8.330296396677455e-05
1834,1.4969726700965442,8.252715638159106e-05
1835,1.7666579843373593,8.114652895623874e-05
1836,2.0584819558355143,7.943570949215536e-05
1837,2.3280509717396933,7.767101330421386e-05
1838,2.551265812848615,7.608745549131825e-05
1839,2.717139711046253,7.484497719597535e-05
1840,2.8242198618148775,7.40153848423466e-05
1841,2.878876483132028,7.358414174705616e-05
1842,2.894220674857495,7.346211613203061e-05
1843,2.889368884163822,7.350074390839716e-05
1844,2.887995677807781,7.351166944794495e-05
1845,2.8889237978161684,7.350418154472446e-05
1846,2.869232379538464,7.36606298459337e-05
1847,2.887573221701486,7.35150299543607e-05
1848,2.893420472451519,7.346838561781736e-05
1849,2.869751071864198,7.365641712742101e-05
1850,2.8017676145703465,7.419115137459875e-05
1851,2.6793533227109108,7.513275985536031e-05
1852,2.4986722852277756,7.646998225757175e-05
1853,2.2637979423823245,7.81067755888653e-05
1854,1.989124203565811,7.986187043490822e-05
1855,1.7035733432482165,8.148732554595163e-05
1856,1.4563072840688491,8.27177078337358e-05
1857,1.5468585080395758,8.228695235846136e-05
1858,1.7279255790202797,8.135705166311914e-05
1859,1.9786678049736945,7.992507755490238e-05
1860,2.2371241325539732,7.828497433986654e-05
1861,2.4674871839741006,7.669402930726543e-05
1862,2.6509483925242963,7.534714248862102e-05
1863,2.779620663112303,7.436344478534726e-05
1864,2.8550565299262898,7.377266486581613e-05
1865,2.8882906141990228,7.350932313980521e-05
1866,2.8989593652739596,7.342435001064301e-05
1867,2.9110528889064984,7.332768972013718e-05
1868,2.9275745104925086,7.319548556213968e-05
1869,2.897502819023518,7.343596237809726e-05
1870,2.8742017188900064,7.362123769422084e-05
1871,2.8872298703765567,7.351776098166801e-05
1872,2.878231049358912,7.358926573839245e-05
1873,2.8335673419748035,7.39420874300809e-05
1874,2.742929443813618,7.464709067951703e-05
1875,2.6012993618577105,7.571827776659046e-05
1876,2.4104840872182653,7.709844539853714e-05
1877,2.1808342090981325,7.86557372159824e-05
1878,1.9335936735969885,8.01944084096728e-05
1879,1.7710708845853145,8.112234406829568e-05
1880,1.9160997235340484,8.029755880175604e-05
1881,2.122831528581363,7.902997003331549e-05
1882,2.3416454967813785,7.757754573693232e-05
1883,2.53924476678561,7.617538427906112e-05
1884,2.6960423737055046,7.50060297263783e-05
1885,2.8027401085684174,7.41835612534917e-05
1886,2.8622638694819535,7.371579750674486e-05
1887,2.890084409773875,7.349504974585477e-05
1888,2.906262495415221,7.336607112458981e-05
1889,2.921185454935906,7.324670515976577e-05
1890,2.9090366456507852,7.334390970982696e-05
1891,2.84635039962364,7.384146311473696e-05
1892,2.8606853198267865,7.37281801297379e-05
1893,2.860493598599239,7.372979880370745e-05
1894,2.8360470348755045,7.392259050826315e-05
1895,2.7782992155353052,7.437380166055876e-05
1896,2.681401035673522,7.511723876290103e-05
1897,2.5445147116274667,7.613687287567891e-05
1898,2.373234315238349,7.7359050634526e-05
1899,1.920878142207407,8.026946069674466e-05
1900,2.0224024246873618,7.965890349093828e-05
1901,2.1986678578800585,7.853908900164736e-05
1902,2.3963898538524577,7.719745251545336e-05
1903,2.5796398255959847,7.587866969589137e-05
1904,2.7251880221381146,7.47834506754497e-05
1905,2.817982253327473,7.406437857348243e-05
1906,2.861019511784741,7.37255372529168e-05
1907,2.8737833721643424,7.36245555898419e-05
1908,2.872752899612052,7.363262378770457e-05
1909,2.8442943373927143,7.38575653584917e-05
1910,2.812146931240425,7.411005557374009e-05
1911,2.82550787571298,7.400528021831237e-05
1912,2.828820200430861,7.397938222234239e-05
1913,2.8190134961896876,7.405630004304527e-05
1914,2.790430898157,7.427940769711915e-05
1915,2.7370893741346176,7.469210667399194e-05
1916,2.6551014086656766,7.531597366599406e-05
1917,1.9790246940180838,7.99229247150131e-05
1918,2.0796691504655826,7.930319944650087e-05
1919,2.2544497905885383,7.816948429488862e-05
1920,2.4372984006219274,7.690906407654785e-05
1921,2.6097399103068226,7.565552323095461e-05
1922,2.7443840802047426,7.46359894445566e-05
1923,2.8092082880049785,7.41330353477072e-05
1924,2.8155620095726652,7.40832303687595e-05
1925,2.7949130419460464,7.424460182511504e-05
1926,2.761535843956936,7.450355932486572e-05
1927,2.7759723479856095,7.439175848488846e-05
1928,2.791094203438676,7.427424439522503e-05
1929,2.795899670494613,7.423691351093714e-05
1930,2.794785980597229,7.42455918249113e-05
1931,2.7878454706698563,7.429952561405775e-05
1932,2.770744413682532,7.443228909820417e-05
1933,2.0623956713791096,7.941137711801684e-05
1934,2.151068176288899,7.88487108934686e-05
1935,2.2736678677415427,7.80404286105878e-05
1936,2.4318947528954786,7.694735139044499e-05
1937,2.6012173763718756,7.571897662130906e-05
1938,2.7247175378446435,7.478705627944715e-05
1939,2.7355994817405,7.470345954123576e-05
1940,2.6970172995911055,7.499851552231366e-05
1941,2.6916206642314493,7.503965782918926e-05
1942,2.7372075657784567,7.469119822489694e-05
1943,2.7604144016222736,7.451232599728922e-05
1944,2.769505725084392,7.444188499603082e-05
1945,2.773937630024102,7.44076373888932e-05
1946,2.7801202727603602,7.435966429271059e-05
1947,2.088300153268895,7.924890765972971e-05
1948,2.0949375462409514,7.920703422203965e-05
1949,2.2137478985549266,7.843987612702088e-05
1950,2.390238890907622,7.724041247222943e-05
1951,2.57269247041451,7.593000691745474e-05
1952,2.640244546192858,7.542765321022549e-05
1953,2.5901245107961364,7.580123469088865e-05
1954,2.628087892160592,7.551871713888731e-05
1955,2.691745529242052,7.503870870959135e-05
1956,2.7295450987897802,7.475004021323243e-05
1957,2.7488535218377805,7.460155810681117e-05
1958,2.7602422516780782,7.451355874844878e-05
1959,1.9378070285603939,8.01694491379799e-05
1960,2.0260616753501948,7.963635734009867e-05
1961,2.184654647112681,7.863081040759461e-05
1962,2.3772233476756637,7.733129467412974e-05
1963,2.5311703208605425,7.623419446386629e-05
1964,2.4878474397593027,7.654801021109567e-05
1965,2.5527057512807443,7.607690338207353e-05
1966,2.6346341609699806,7.54697155659538e-05
1967,2.6908627572515993,7.504532377047515e-05
1968,2.726064144635045,7.477673532405196e-05
1969,1.9699814433065264,7.99773776564351e-05
1970,2.0503966332616357,7.948598963689339e-05
1971,2.2054043948323643,7.849483375900002e-05
1972,2.387029630156239,7.72629153060638e-05
1973,2.403169711188724,7.714991828619021e-05
1974,2.466179425313758,7.670346738963795e-05
1975,2.5622488487812247,7.600686445781135e-05
1976,2.6367813935185076,7.545362448204149e-05
1977,2.0252194608138905,7.964153545177857e-05
1978,2.0990903395654112,7.918084635823947e-05
1979,2.23912889914674,7.82717093689843e-05
1980,2.3436098682580395,7.756409440006049e-05
1981,2.3718090715821147,7.736888067898123e-05
1982,2.473711100361751,7.66495422873377e-05
1983,2.078069422062138,7.931324249792191e-05
1984,2.1390069197295225,7.892640528858946e-05
1985,2.2629912384969226,7.81121886185688e-05
1986,2.2959986431588577,7.788958268653751e-05
1987,2.109013053436154,7.911795101389682e-05
1988,2.154134068675996,7.882899128867502e-05
1989,1.683014466868684,8.15960608488156e-05
1990,1.9363908583274656,8.01777865773354e-05
1991,2.1988281969359273,7.853803688634222e-05
1992,2.4355651937423604,7.692135137951735e-05
1993,2.6270562514110196,7.55264317926003e-05
1994,2.7646824469987736,7.447932141434129e-05
1995,2.8485322897525744,7.382415728800913e-05
1996,2.8863710846275774,7.352459090596195e-05
1997,2.893041682095411,7.347150644309523e-05
1998,2.8927333814635983,7.347396157020583e-05
1999,2.9149903376352078,7.329630441087052e-05
2000,1.8967527977222158,8.041067346926718e-05
2001,2.1150611497666216,7.907949942354784e-05
2002,2.3369515782419557,7.760991468791785e-05
2003,2.534349864200952,7.621101786071035e-05
2004,2.69046321786556,7.504845436637756e-05
2005,2.797790380288963,7.422207565842867e-05
2006,2.8586106794393538,7.374468507142323e-05
2007,2.885696578021007,7.352995437136258e-05
2008,2.9003862402683596,7.341297069488441e-05
2009,2.923061848743125,7.323156412499068e-05
2010,2.9330258951525887,7.315162293963109e-05
2011,2.9006200452459594,7.341110577176161e-05
2012,2.880073331487178,7.357463826940914e-05
2013,2.8757035940597895,7.360932387824752e-05
2014,2.852648084327414,7.379178433142107e-05
2015,2.7947372234804124,7.42458722685609e-05
2016,2.6933693537038805,7.502636306625407e-05
2017,2.546823753823536,7.611998127934258e-05
2018,2.360753850925066,7.744566706448983e-05
2019,2.149147346421569,7.886109657296363e-05
2020,2.0416884005221876,7.95400270354629e-05
2021,2.218051180835827,7.841139736012826e-05
2022,2.406895534772703,7.712375415451454e-05
2023,2.5804368051143634,7.587287341429656e-05
2024,2.7190390534047153,7.483054138727817e-05
2025,2.811907559022916,7.411192800675171e-05
2026,2.8618648171100407,7.371885149254919e-05
2027,2.884853209611365,7.353665947507372e-05
2028,2.8984274169330146,7.342859140692067e-05
2029,2.906902377863923,7.336096055461298e-05
2030,2.889563172560601,7.349919784535775e-05
2031,2.8626189282444976,7.371288596541089e-05
2032,2.852114469634215,7.379599639594292e-05
2033,2.8378226597305045,7.390862276449127e-05
2034,2.8032429554280176,7.417963596993174e-05
2035,2.7393208967325555,7.46749502982393e-05
2036,2.642179195483897,7.541313454561429e-05
2037,2.5134588250889887,7.636300702857771e-05
2038,2.113935407065397,7.90865975560203e-05
2039,2.271501964726642,7.805508042844413e-05
2040,2.4478105368666645,7.683448616161567e-05
2041,2.612988261103779,7.563133476908795e-05
2042,2.743105577406039,7.464583190301753e-05
2043,2.8189346110421436,7.405691807872579e-05
2044,2.845057636542036,7.385165238843458e-05
2045,2.844081695247898,7.385934260268395e-05
2046,2.8331526765029733,7.394534673605591e-05
2047,2.815553233769103,7.40832990710222e-05
2048,2.8257065265467496,7.400382244141184e-05
2049,2.8239512735244654,7.401759241994279e-05
2050,2.8147392962915383,7.408977086646967e-05
2051,2.7974618351483893,7.422473674741884e-05
2052,2.766317811785526,7.446666640318777e-05
2053,2.7155908199147305,7.485691815109269e-05
2054,2.173180059546782,7.870557489865972e-05
2055,2.3135384473524523,7.77702593204749e-05
2056,2.470650230904658,7.667147171401614e-05
2057,2.626524268055988,7.553031793526949e-05
2058,2.7448184029035945,7.463264515763719e-05
2059,2.7816513305805093,7.434777362084456e-05
2060,2.765215861156744,7.447509619230607e-05
2061,2.7315792963146244,7.473433333394716e-05
2062,2.740830143959303,7.466334169563163e-05
2063,2.773285632701133,7.441269239875081e-05
2064,2.7887829824114356,7.429233112636924e-05
2065,2.791307493344111,7.427268321053254e-05
2066,2.7871423830186055,7.430499444541605e-05
2067,2.7799900505943733,7.436067544269432e-05
2068,2.1906046514770727,7.859192131041964e-05
2069,2.2918448853554425,7.791774005894974e-05
2070,2.442900694407498,7.686930400364746e-05
2071,2.6049374369553653,7.569133645966688e-05
2072,2.695352201477885,7.501128107542196e-05
2073,2.6696392052663316,7.520628132132265e-05
2074,2.6187167297451337,7.558871882448501e-05
2075,2.6816993302340624,7.51149771081123e-05
2076,2.727553362212204,7.476531741139367e-05
2077,2.75360567676243,7.456490850942383e-05
2078,2.768072514131707,7.445298433627763e-05
2079,2.777918556700165,7.437675606006325e-05
2080,2.114985304478491,7.907998216133736e-05
2081,2.243427129849747,7.824301238980166e-05
2082,2.4158146318962532,7.706091939960656e-05
2083,2.575258025815459,7.591100419049361e-05
2084,2.5683546483278596,7.596195668455051e-05
2085,2.5278008213209047,7.625881960278545e-05
2086,2.6166440199071603,7.560417858326027e-05
2087,2.679745469349843,7.5129694252849e-05
2088,2.720068400731558,7.48226632395141e-05
2089,2.746113690182596,7.462257228137716e-05
2090,2.0960649966747154,7.919997558318632e-05
2091,2.2431903263930195,7.824466258096989e-05
2092,2.417186464745135,7.70512521400504e-05
2093,2.473399608673329,7.66516912227086e-05
2094,2.440551457630551,7.688598486521725e-05
2095,2.541566641644741,7.615842354595957e-05
2096,2.6211250114144184,7.557074557052618e-05
2097,2.678824477891357,7.513676705538237e-05
2098,2.129984392583105,7.898424966036e-05
2099,2.2709308037908187,7.805884958993729e-05
2100,2.392243324866558,7.722639593976213e-05
2101,2.3508868619745473,7.751390497118752e-05
2102,2.4553276158148263,7.678095516466056e-05
2103,2.546566161548142,7.612186620728873e-05
2104,2.1718936356065615,7.871393761173978e-05
2105,2.2974277495055606,7.787988617127494e-05
2106,2.3064046214650027,7.781879831784802e-05
2107,2.3605752010929946,7.744690445867334e-05
2108,2.198597972944547,7.853954755504485e-05
2109,2.3015757140690467,7.78517162854955e-05
2110,2.2878193873375663,7.794499108774511e-05
2111,2.459476824969968,7.675127380520085e-05
2112,2.610428287266684,7.565048948913812e-05
2113,2.7283601361257808,7.475903387853792e-05
2114,2.8079075337536814,7.414320214108887e-05
2115,2.852658364145188,7.379170318324378e-05
2116,2.875896548738146,7.360768964893186e-05
2117,2.8971444068663232,7.34388192776826e-05
2118,2.9220172750628772,7.32400405320134e-05
2119,2.356110909713915,7.74778031390656e-05
2120,2.5032319597557993,7.643704264972524e-05
2121,2.638766515616649,7.543864842725371e-05
2122,2.7464316005898723,7.462022048324012e-05
2123,2.816441426576917,7.407644555051246e-05
2124,2.8521412792843788,7.379578478698812e-05
2125,2.867668965518385,7.367301426048435e-05
2126,2.875961456898587,7.360717464431748e-05
2127,2.8724811234481296,7.36347786038923e-05
2128,2.87266796975977,7.363340033693997e-05
2129,2.8587928863844025,7.374324482164251e-05
2130,2.8389629889822636,7.389954801715754e-05
2131,2.8077844130812553,7.414416430500667e-05
2132,2.755913022366806,7.45470988283771e-05
2133,2.6785471265297778,7.513877460958451e-05
2134,2.577434606535492,7.589503620455025e-05
2135,2.394915466332896,7.720777650022167e-05
2136,2.532295995125142,7.622607801796107e-05
2137,2.661461106501476,7.526803758845837e-05
2138,2.7594210678759543,7.452000261958463e-05
2139,2.806359623016609,7.415529678963627e-05
2140,2.811652478212524,7.411392320412429e-05
2141,2.7977010243377136,7.422287192817587e-05
2142,2.7895127173748087,7.428665288166586e-05
2143,2.802475998898104,7.418562274421279e-05
2144,2.8204455102972004,7.40450788260492e-05
2145,2.81822758748915,7.406235628406784e-05
2146,2.8016943491838435,7.419162335327768e-05
2147,2.77396314096993,7.440734114405544e-05
2148,2.7334116089772547,7.47203619263192e-05
2149,2.4129644469781772,7.708107229468065e-05
2150,2.5353765281754534,7.620361654330021e-05
2151,2.6590694310589535,7.528607390510075e-05
2152,2.7360412481160403,7.47001616886041e-05
2153,2.7337875647838263,7.47174747118087e-05
2154,2.6976083660356616,7.499411114538377e-05
2155,2.675103381209188,7.516485412264587e-05
2156,2.721157362725434,7.48142307959954e-05
2157,2.7619913883759,7.450003725367665e-05
2158,2.784332784202567,7.432683945529165e-05
2159,2.79054964684314,7.427858263056932e-05
2160,2.7854872368639767,7.43179641513494e-05
2161,2.379553955366522,7.73149832615958e-05
2162,2.509299563707642,7.639314320674728e-05
2163,2.6322755467837866,7.548728886777069e-05
2164,2.642324387763831,7.541204465105754e-05
2165,2.588486720488052,7.581335892702009e-05
2166,2.572570559319651,7.59309053544578e-05
2167,2.6488719250381165,7.536285279341327e-05
2168,2.703711065244005,7.494752509132518e-05
2169,2.7425595072469946,7.465003486429382e-05
2170,2.770894589103734,7.443112552637019e-05
2171,2.3564499224750963,7.747545825975633e-05
2172,2.4968763362865425,7.648285982841362e-05
2173,2.547416020296363,7.61156468689505e-05
2174,2.4845519186203124,7.657163272022762e-05
2175,2.489204752902726,7.653823968410905e-05
2176,2.5761344013687486,7.590462898639684e-05
2177,2.6450567136718997,7.539152667514094e-05
2178,2.697944095430367,7.499155534668024e-05
2179,2.3662086526417743,7.740785159316334e-05
2180,2.457830865238654,7.676310252893629e-05
2181,2.398563783051139,7.718214178594812e-05
2182,2.409018537572693,7.710875193100644e-05
2183,2.4995727170507136,7.646339589995986e-05
2184,2.578803068482679,7.588493619041499e-05
2185,2.3747623713962707,7.734834372789839e-05
2186,2.3387973999761558,7.759722208973916e-05
2187,2.3315070754416145,7.764730949085484e-05
2188,2.4171658971518393,7.7051477910104e-05
2189,2.30743451310175,7.781186223589215e-05
2190,2.2857612576839297,7.795883557513286e-05
2191,2.605003223651092,7.5690847417165e-05
2192,2.6972441001596597,7.499678922844785e-05
2193,2.768198964325543,7.445210336918971e-05
2194,2.811323274170485,7.411649800894328e-05
2195,2.8297223925074695,7.397229742638795e-05
2196,2.8307539218485815,7.396419520015943e-05
2197,2.8207146190242764,7.404296969227807e-05
2198,2.6252157677336103,7.554009867847904e-05
2199,2.7094835991144537,7.490357986388604e-05
2200,2.7641293294588487,7.448360052197436e-05
2201,2.7765508682460016,7.438727033863726e-05
2202,2.7598874300564002,7.451630097231669e-05
2203,2.7308445957170266,7.474006872165655e-05
2204,2.723553602731725,7.479597444282652e-05
2205,2.7633496675898277,7.448963130566897e-05
2206,2.788854524149905,7.429177448521612e-05
2207,2.7941646396993978,7.425043259071007e-05
2208,2.77987626276781,7.436146023307182e-05
2209,2.746462576916446,7.46199818599929e-05
2210,2.619058013647353,7.558608160538668e-05
2211,2.69280232443038,7.503067465365653e-05
2212,2.7045440233288187,7.494117404825798e-05
2213,2.6680896504586964,7.521789920740403e-05
2214,2.616835437148767,7.560275120857736e-05
2215,2.613323842484387,7.562892531024244e-05
2216,2.6784786532986113,7.513938717387956e-05
2217,2.7298446761391624,7.474774173024536e-05
2218,2.7629498878798247,7.449262531390961e-05
2219,2.7788947271774216,7.436917920139883e-05
2220,2.5975533431030025,7.57460840036985e-05
2221,2.6216418607259118,7.556679579287928e-05
2222,2.568058510316798,7.596413648479366e-05
2223,2.4999756289299966,7.646057112920905e-05
2224,2.5110370279819367,7.638055862278712e-05
2225,2.5943077106724743,7.577024316471966e-05
2226,2.6619690765586945,7.526420542568441e-05
2227,2.7183313980065975,7.483595630660267e-05
2228,2.536675862764658,7.6194136762246e-05
2229,2.4732789692264654,7.665255583488455e-05
2230,2.3994881963409016,7.717574199843114e-05
2231,2.4323700309358363,7.694398631106576e-05
2232,2.5152350913384094,7.635012617252334e-05
2233,2.590275843273776,7.580002469003893e-05
2234,2.3947954794212993,7.720853679227958e-05
2235,2.328144803127943,7.767037010679197e-05
2236,2.367756062040776,7.73970340379668e-05
2237,2.4384003241943693,7.690133071993562e-05
2238,2.2908924003168174,7.792419128819631e-05
2239,2.3145036886597663,7.776367288340573e-05
2240,2.7438765175841784,7.463989723843864e-05
2241,2.7506921434023552,7.458738320169667e-05
2242,2.7297308182844238,7.474861531506566e-05
2243,2.6895120936016985,7.505568096751642e-05
2244,2.6392239842188743,7.543530914267173e-05
2245,2.6913312155026454,7.50417634383802e-05
2246,2.6494666472717148,7.535838052316309e-05
2247,2.5902836832462723,7.579996663674761e-05
2248,2.527194811818742,7.626314414651998e-05
2249,2.53497068147902,7.62065768468393e-05
2250,2.6055610442195856,7.568670037048306e-05
2251,2.668256478261595,7.521673186888355e-05
2252,2.717704860699875,7.484065402423015e-05
2253,2.5599226433160926,7.602386593668648e-05
2254,2.4855619922835466,7.656436898924417e-05
2255,2.4139501221886355,7.707405209277382e-05
2256,2.436417598969671,7.691530917904164e-05
2257,2.5186415593882288,7.632540558686674e-05
2258,2.5961110603185613,7.575687223843974e-05
2259,2.3940759637968223,7.721365278960748e-05
2260,2.325892943711377,7.768572462030373e-05
2261,2.3705817593793075,7.737740971054842e-05
2262,2.4395380544459075,7.689325890353003e-05
2263,2.308714720449894,7.780314353108078e-05
2264,2.3298620849639042,7.765851860137542e-05
2265,2.5809801155266947,7.58687716897063e-05
2266,2.5075015998648293,7.640615946529968e-05
2267,2.4369770476932318,7.691142453518151e-05
2268,2.4063369534435815,7.712767861922006e-05
2269,2.341192541813339,7.758074096887371e-05
2270,2.3622691173917607,7.743516897287464e-05
2271,2.4281231945470525,7.697411925628085e-05
2272,2.30584562474148,7.782260290029731e-05
2273,2.316299795164393,7.775141143005625e-05
2274,2.2947163874865963,7.78982789268114e-05
2275,1.2268936144842666,8.370302852773399e-05
2276,3.314806946120316,6.997227503119031e-05
2277,3.33396106208479,6.980714412063463e-05
2278,3.365957665745401,6.953056505615709e-05
2279,3.408587435027223,6.915989148990203e-05
2280,3.4557963753175973,6.874666399023539e-05
2281,3.49751427908537,6.837940572246939e-05
2282,3.521266892243137,6.81695356370092e-05
2283,3.5149548676789903,6.822540372392577e-05
2284,3.4699625546754294,6.862231140498557e-05
2285,3.38431616296626,6.937121357559818e-05
2286,3.267599446182176,7.03768754802951e-05
2287,3.1586848023281995,7.12986047557795e-05
2288,3.326280182460747,6.987349404596238e-05
2289,3.3413443951765243,6.97435346958362e-05
2290,3.3622381383309707,6.956279849627788e-05
2291,3.392645142208716,6.92986523972427e-05
2292,3.429851033579272,6.897415957126895e-05
2293,3.4665966249811655,6.865178100212936e-05
2294,3.4922817563452826,6.842571063781773e-05
2295,3.4952392801316283,6.839948556491845e-05
2296,3.4656191191939367,6.866050325174191e-05
2297,3.3985199140315077,6.924750865366321e-05
2298,3.297893804965849,7.011745284367343e-05
2299,3.1863192379705154,7.106633428611618e-05
2300,3.1394308373270774,7.145977713694782e-05
2301,3.21847949588446,7.079452408438535e-05
2302,3.3318117764374975,6.982580715453825e-05
2303,3.4242362493137675,6.902325683482676e-05
2304,3.480520949304376,6.852937911959568e-05
2305,3.4997528999937693,6.835977141122505e-05
2306,3.4885772436081837,6.84583822580562e-05
2307,3.4576998779862733,6.872995125235969e-05
2308,3.418736034325598,6.907131506983545e-05
2309,3.381329028402752,6.939704520700421e-05
2310,3.351119195217806,6.965904998042151e-05
2311,3.3290131704533787,6.984993843229243e-05
2312,3.3618640000738487,6.956603980479349e-05
2313,3.3723373693575476,6.947523759878405e-05
2314,3.379259955255229,6.941514379763859e-05
2315,3.3894365101193573,6.932656749521696e-05
2316,3.403201224316339,6.920672410754981e-05
2317,3.415860102912377,6.909642886536128e-05
2318,3.4196632360099635,6.906321621403792e-05
2319,3.4057113508252574,6.91849707704437e-05
2320,3.36626256523608,6.952779703264229e-05
2321,3.2984017256850344,7.011321702502291e-05
2322,3.2099436136244357,7.086677920044436e-05
2323,3.137221316308473,7.147823774975731e-05
2324,3.160871796556159,7.128026328847507e-05
2325,3.2500101288857857,7.052685687680929e-05
2326,3.3372330712640363,6.977903245686567e-05
2327,3.3996482191273163,6.923768110928204e-05
2328,3.432703260455268,6.894920424788071e-05
2329,3.440344712625258,6.888229756884157e-05
2330,3.4306316965328847,6.896720264149628e-05
2331,3.4122965521168256,6.91275331754185e-05
2332,3.3918702263400977,6.930552135886664e-05
2333,3.3718198659192384,6.947972752719854e-05
2334,3.373830258639244,6.946215790578707e-05
2335,3.359355186593211,6.958764533929395e-05
2336,3.3375702887574596,6.977612169746538e-05
2337,3.3174657854165095,6.994939865232434e-05
2338,3.30337354467059,7.007054040673202e-05
2339,3.295507536016743,7.013804471698982e-05
2340,3.2907665887831854,7.017869055012632e-05
2341,3.2816144729074543,7.025706958502558e-05
2342,3.257177643100039,7.046579178798348e-05
2343,3.2107204839157544,7.086032582681966e-05
2344,3.1501273402494414,7.137030549359065e-05
2345,3.120963280773014,7.161385081327398e-05
2346,3.1567819299130986,7.131455771094966e-05
2347,3.223584215613695,7.075138328341396e-05
2348,3.285510945604515,7.02235921819203e-05
2349,3.3313333296222227,6.982993333666517e-05
2350,3.36086372876356,6.957457991324889e-05
2351,3.378381482039789,6.942277302349332e-05
2352,3.388502089166773,6.933469454034762e-05
2353,3.393416607598167,6.929206481374351e-05
2354,3.322176186041839,6.990884802308064e-05
2355,3.2708170737089173,7.034939351953701e-05
2356,3.2167537995266566,7.080925889917181e-05
2357,3.1712469831554637,7.119315559029897e-05
2358,3.141990317783849,7.143838356444949e-05
2359,3.133617897199677,7.150832888454807e-05
2360,3.1462926324026954,7.140240058842508e-05
2361,3.166829071118351,7.12302665329099e-05
2362,3.1725288711798068,7.118238228474873e-05
2363,3.1516574017596466,7.135749340049611e-05
2364,3.123427697982277,7.159331974890646e-05
2365,3.099573268632766,7.179166733513524e-05
2366,3.116208049383314,7.165344092579861e-05
2367,3.1610846074052157,7.127847815364484e-05
2368,3.2128847205784012,7.084201330242971e-05
2369,3.2630371105835034,7.041581849548102e-05
2370,3.3098428525156978,7.001496062190672e-05
2371,3.352591120610399,6.964631730546415e-05
2372,3.1908150006480422,7.102844256120941e-05
2373,3.1082526768204706,7.17195980870572e-05
2374,3.037580731256076,7.230305952529393e-05
2375,2.9899292845196754,7.269204462204987e-05
2376,2.969635724204926,7.285648534362341e-05
2377,2.9804510569824503,7.276898140340672e-05
2378,3.0293383434435084,7.237060188512796e-05
2379,3.087819459634707,7.188908239332117e-05
2380,3.118936730643186,7.163072718925237e-05
2381,3.114128269882769,7.16706313979659e-05
2382,3.100125378721901,7.178708630219602e-05
2383,3.0694330068480933,7.204104431898386e-05
2384,3.0677485618599905,7.205494001894858e-05
2385,3.103188645052437,7.176154724789436e-05
2386,3.16303862107818,7.126208408425956e-05
2387,3.2349937708782965,7.0654561773046e-05
2388,3.00451879374444,7.257333445313948e-05
2389,2.9220668757008914,7.323964308986895e-05
2390,2.871358624324645,7.364378024193768e-05
2391,2.8480680140934327,7.382781873864113e-05
2392,2.8409331536988534,7.388414106596938e-05
2393,2.865020256434318,7.369398606001488e-05
2394,2.95809946250703,7.294983347323416e-05
2395,3.043286700163126,7.225623916366735e-05
2396,3.0868306761282103,7.189726777735829e-05
2397,3.104532597138388,7.175050163923324e-05
2398,3.0766638456311046,7.198134429532601e-05
2399,3.042438178316427,7.226309392525026e-05
2400,3.036811501993575,7.230936752100807e-05
2401,3.0803762126646452,7.195066256686606e-05
2402,2.8416709514516434,7.387822991702949e-05
2403,2.7975317009853073,7.422409248018364e-05
2404,2.7736626532542736,7.440976940947023e-05
2405,2.7527018565307535,7.457178474047552e-05
2406,2.7309344784711382,7.473937890411267e-05
2407,2.7940155258416657,7.42515942091812e-05
2408,2.9254640491020343,7.321241223084147e-05
2409,3.0201104109275363,7.244609268109033e-05
2410,3.0802201469189985,7.195195283536e-05
2411,3.0853993209221615,7.190911422485105e-05
2412,3.0605294161906484,7.211444402143028e-05
2413,3.0314793371182662,7.235306780142916e-05
2414,2.753929448846261,7.456241000290609e-05
2415,2.7200877237331986,7.482251533129846e-05
2416,2.682320328948766,7.511026818369604e-05
2417,2.6359446825601354,7.545989575073946e-05
2418,2.6207085077029952,7.557385479183293e-05
2419,2.7730075540014636,7.441474974592697e-05
2420,2.9128778454276594,7.331320260883828e-05
2421,3.008654345813915,7.253962248567033e-05
2422,3.06742680308619,7.205759384400471e-05
2423,3.0775432339874667,7.197407829943308e-05
2424,2.669950396151911,7.520392885993414e-05
2425,2.615060213364223,7.561598607818314e-05
2426,2.553213885267554,7.607317869356503e-05
2427,2.492683404085435,7.651318142845865e-05
2428,2.599378360103042,7.573263048650762e-05
2429,2.770226251342758,7.443640180804481e-05
2430,2.9087878387282493,7.33458978467177e-05
2431,3.0110509295948824,7.252007360064934e-05
2432,2.5472209711389553,7.611707438425778e-05
2433,2.47873875885909,7.661347952437452e-05
2434,2.412907160747961,7.708147554963693e-05
2435,2.42413356687025,7.70023156705072e-05
2436,2.60277990867357,7.570737028200903e-05
2437,2.770543047665433,7.443394750946306e-05
2438,2.4133112074019882,7.707863119428748e-05
2439,2.358601786432467,7.746056841485903e-05
2440,2.3182350269625234,7.773811637225375e-05
2441,2.426953736757609,7.698230653079938e-05
2442,2.3248067207740712,7.769324008986513e-05
2443,2.310291366611942,7.779240094811918e-05
2444,3.3591857995788277,6.958923690728599e-05
2445,3.376355896388916,6.944023541335119e-05
2446,3.3967855835180423,6.926273781730622e-05
2447,3.4202304690017913,6.905826106965748e-05
2448,3.4415144950907863,6.887204903479066e-05
2449,3.4520364782518524,6.877979160716125e-05
2450,3.4420716472085187,6.88670391998687e-05
2451,3.4035752113762645,6.920359117136802e-05
2452,3.3335749506012995,6.98105987577852e-05
2453,3.2390228546570405,7.062020789639805e-05
2454,3.150480807462554,7.136723015985093e-05
2455,3.374336364992078,6.945776555664402e-05
2456,3.368820996861776,6.950573943567014e-05
2457,3.3628724105679275,6.955730313609069e-05
2458,3.359332432210997,6.958784239188645e-05
2459,3.356549221284524,6.961193996453409e-05
2460,3.3496435233178534,6.967168796430995e-05
2461,3.331481445578462,6.982865599895036e-05
2462,3.294579860050647,7.014600038088276e-05
2463,3.2358505640073885,7.064728369058215e-05
2464,3.164690608007189,7.1248103180521e-05
2465,3.125141876296848,7.15790335679305e-05
2466,3.1654060508566717,7.124209750525905e-05
2467,3.239345963064759,7.06175812271651e-05
2468,3.30478263569165,7.005843920802828e-05
2469,3.3498887221978295,6.966969187108103e-05
2470,3.3749341811977707,6.94527022020707e-05
2471,3.3853613223366983,6.93621288381138e-05
2472,3.3876879702525726,6.934190022843132e-05
2473,3.3867214557057133,6.93503042331475e-05
2474,3.383769088539524,6.937584262016594e-05
2475,3.3283055261961065,6.98559151223215e-05
2476,3.289825260506071,7.01867573110349e-05
2477,3.2538141246031627,7.049433644796715e-05
2478,3.226913495107664,7.07230306527023e-05
2479,3.2123063244588645,7.084678946457975e-05
2480,3.209052966647399,7.087443087782218e-05
2481,3.208441574525061,7.087960148211083e-05
2482,3.195930943983864,7.098528851781173e-05
2483,3.1631861704428217,7.12607295165048e-05
2484,3.120081770881261,7.162119246514648e-05
2485,3.108814785023131,7.171492670730887e-05
2486,3.1380986245097295,7.147090868018519e-05
2487,3.187190348678288,7.105899455355526e-05
2488,3.2342280668977854,7.066106522815538e-05
2489,3.2738807060958224,7.032321376277847e-05
2490,3.307677009979675,7.003357420974557e-05
2491,3.3380878160690104,6.977165427133478e-05
2492,3.365416830192434,6.953525303297819e-05
2493,3.202674642908609,7.092822878180329e-05
2494,3.136451214876884,7.148455503279793e-05
2495,3.0842202804135948,7.191875714926399e-05
2496,3.054182062412235,7.216658379223595e-05
2497,3.0515109920586636,7.218866479332307e-05
2498,3.076931564935528,7.197913237547063e-05
2499,3.1118293324340365,7.168986628760025e-05
2500,3.128549542783389,7.155050571751938e-05
2501,3.1172114464966856,7.164508987657544e-05
2502,3.1011113435943556,7.177879061922753e-05
2503,3.0791270166571634,7.196098920550636e-05
2504,3.0863366671426,7.190124373237734e-05
2505,3.119590862233942,7.162528049108186e-05
2506,3.1665498735594317,7.123249431193282e-05
2507,3.2211931083543193,7.077153219901856e-05
2508,3.2800592187613073,7.027025619925596e-05
2509,3.0202514635874014,7.2444939791995e-05
2510,2.953320227368813,7.298839686335092e-05
2511,2.914581653206139,7.329957413782342e-05
2512,2.9018142818684933,7.34015786064802e-05
2513,2.919933769745114,7.325673159500397e-05
2514,2.9849766850850483,7.273215571634457e-05
2515,3.0528437826084556,7.21777040401124e-05
2516,3.087872146287068,7.188864619878182e-05
2517,3.1017795683553224,7.177335819640292e-05
2518,3.0760953409912815,7.198592841482886e-05
2519,3.0463751591296035,7.22308754618114e-05
2520,3.0419047562007098,7.226758341059135e-05
2521,3.075378152212073,7.199196526726116e-05
2522,3.1393871731684406,7.146002665697815e-05
2523,2.85598279737114,7.376545066539667e-05
2524,2.820971059017883,7.404085903193219e-05
2525,2.802519876324365,7.418518045650179e-05
2526,2.790540823293095,7.427855207253082e-05
2527,2.828359652180487,7.398289724179824e-05
2528,2.9369892208834956,7.311988530815578e-05
2529,3.0213489785679193,7.24358581395486e-05
2530,3.0629420714377695,7.209456663954393e-05
2531,3.0793922292712326,7.195879699197595e-05
2532,3.0539175516714643,7.216887143972152e-05
2533,3.0247843857610404,7.240787326391196e-05
2534,3.0248268769477473,7.240752565133954e-05
2535,2.763484374742111,7.448849147424839e-05
2536,2.7351083661917555,7.470732932318426e-05
2537,2.701420847894605,7.496498054928829e-05
2538,2.6771233041271856,7.514955996824358e-05
2539,2.789076225394082,7.429004944703115e-05
2540,2.9171162211396684,7.327918623775733e-05
2541,3.004946449442726,7.256974026506671e-05
2542,3.0590586001080093,7.21264455605807e-05
2543,3.0643983137022692,7.208256457951963e-05
2544,3.0447580844289117,7.224415741397818e-05
2545,2.675813105621566,7.51595748872894e-05
2546,2.6238026994305232,7.555065729149132e-05
2547,2.5670314070746527,7.597169538251322e-05
2548,2.623370588985381,7.555397637858745e-05
2549,2.7809646279306492,7.435300851506344e-05
2550,2.909738795879421,7.333819358177128e-05
2551,3.003882449310124,7.257851933437633e-05
2552,3.051945028278618,7.218509562196193e-05
2553,2.5497606272560147,7.609839383607488e-05
2554,2.4816320349780083,7.659270256764661e-05
2555,2.4613071020408763,7.67382059274829e-05
2556,2.623846637335663,7.555042014967318e-05
2557,2.7806547134677135,7.435541537953456e-05
2558,2.9078434849156665,7.335344292281049e-05
2559,2.4124101707902668,7.708497371650887e-05
2560,2.3569515884050185,7.74719878819313e-05
2561,2.4614267451777962,7.67374344732558e-05
2562,2.626422647624824,7.553116888037562e-05
2563,2.32079038212317,7.772072427099352e-05
2564,2.313130593712186,7.777304173509058e-05
2565,3.346745743114046,6.969674126663429e-05
2566,3.320262492682158,6.992532603300144e-05
2567,3.2951109791943374,7.014132364075526e-05
2568,3.273583006774769,7.03257582612485e-05
2569,3.2542751646423116,7.049052855140239e-05
2570,3.2318876075159495,7.068081931559628e-05
2571,3.1994857667223364,7.09552808252683e-05
2572,3.1555003220014557,7.132529923286886e-05
2573,3.1151983895229325,7.166184257146361e-05
2574,3.2344112017161524,7.065950985922896e-05
2575,3.18243069437272,7.109896749389041e-05
2576,3.143101825666964,7.142908994078455e-05
2577,3.1222329918526612,7.160327398333664e-05
2578,3.1195419523283805,7.162557327890569e-05
2579,3.1240436546683825,7.158818679293409e-05
2580,3.119949778912306,7.162229165952405e-05
2581,3.1019632474835954,7.177183358891815e-05
2582,3.0884902308747635,7.188341563457986e-05
2583,3.0859893417187414,7.190423136514772e-05
2584,3.103138430076342,7.176207791089678e-05
2585,3.126206832950658,7.157015587157972e-05
2586,3.1509493421079733,7.136330694886224e-05
2587,3.1817265690312393,7.110489554639746e-05
2588,3.2220876148387254,7.076406992059381e-05
2589,3.2703529365145765,7.035335861399836e-05
2590,3.062600386465094,7.209738226276648e-05
2591,3.0077498316666866,7.254699819800054e-05
2592,2.979306007195079,7.27782661285246e-05
2593,2.9814556477578944,7.276072560309417e-05
2594,3.0135656970619413,7.249955081407596e-05
2595,3.0516087100106235,7.218786126367074e-05
2596,3.0705565500280048,7.203166099704286e-05
2597,3.066103119382242,7.206850973138113e-05
2598,3.0597058562052237,7.212122709630848e-05
2599,3.043496337462617,7.225451800896621e-05
2600,3.0431918374508458,7.225701797855352e-05
2601,3.0612151718685965,7.210879513782338e-05
2602,3.0977074872771526,7.180714489129505e-05
2603,3.1528925921321367,7.134703196516089e-05
2604,2.8956443476544407,7.345077385736835e-05
2605,2.8645512124930814,7.36976985621935e-05
2606,2.8538593505288588,7.378211914424654e-05
2607,2.8795410186814143,7.357876187863176e-05
2608,2.9504719952818883,7.301125433825248e-05
2609,3.0109479849945915,7.252080391198454e-05
2610,3.0397235472549315,7.228548264074397e-05
2611,3.0516229575611287,7.218763266020322e-05
2612,3.03030482297628,7.236268761111006e-05
2613,3.0083036749531527,7.254248212932863e-05
2614,3.0063860154522883,7.255800734836846e-05
2615,3.036302395570063,7.231354188983372e-05
2616,2.790094186776296,7.428202842290995e-05
2617,2.7642416037219033,7.448273197482618e-05
2618,2.749458864480731,7.459689188709033e-05
2619,2.8232757912980935,7.402278932282896e-05
2620,2.921534214345802,7.324391100548903e-05
2621,2.9888601007105775,7.270062212672921e-05
2622,3.0305610608431084,7.236047860187735e-05
2623,3.029658970625664,7.236797650825665e-05
2624,3.0107275538068596,7.252271190693051e-05
2625,2.9946847307685487,7.265338880305278e-05
2626,2.6927141716905005,7.503134489645366e-05
2627,2.6461734195554554,7.538313678976584e-05
2628,2.682004818598031,7.511266073497201e-05
2629,2.8068560495658046,7.415141841182621e-05
2630,2.90959549595176,7.333944373278775e-05
2631,2.9769189727106973,7.279761471353909e-05
2632,3.0163635645671247,7.247659595953788e-05
2633,3.0206693853693674,7.244152373672285e-05
2634,2.5593183877014023,7.602839125079883e-05
2635,2.542809064017845,7.614925637616816e-05
2636,2.675714848134349,7.516031878861361e-05
2637,2.804074423822564,7.417304454501775e-05
2638,2.905099354485469,7.337525435524152e-05
2639,2.9779333594728885,7.278928545641762e-05
2640,2.427752848952225,7.697673807275308e-05
2641,2.5400346941484604,7.616961527742843e-05
2642,2.6787777404507684,7.513702736149786e-05
2643,2.8040077792816938,7.417366479420018e-05
2644,2.41388310045055,7.707452402277323e-05
2645,2.5440464793764397,7.614029687277286e-05
2646,3.116483718477145,7.165114674441056e-05
2647,3.0677093635890564,7.205526332982481e-05
2648,3.0429169800472247,7.225927445492778e-05
2649,3.039861251294794,7.228435284817295e-05
2650,3.04609309359861,7.223319252126908e-05
2651,3.049799272687963,7.220262638968902e-05
2652,3.0500998399810912,7.220026695982007e-05
2653,2.9541358773535658,7.298171112107897e-05
2654,2.928887783871629,7.318494886131548e-05
2655,2.9348338029962457,7.31372064215997e-05
2656,2.965866355828517,7.288697502760471e-05
2657,2.9970324969538216,7.263429093361637e-05
2658,3.0130033644508116,7.25041408364249e-05
2659,3.019675305186365,7.244964880350117e-05
2660,3.00817933992851,7.254338653884413e-05
2661,2.99435846472676,7.265604210514721e-05
2662,2.9850649460502887,7.27315477096396e-05
2663,2.9883169876503755,7.270514226750182e-05
2664,3.0142557228670133,7.249391780977883e-05
2665,2.834680949111618,7.39333328830263e-05
2666,2.826376592730408,7.399856432652054e-05
2667,2.8666540806012217,7.368105129576217e-05
2668,2.926051692123764,7.32076998706171e-05
2669,2.967901260001308,7.287062559319632e-05
2670,2.9850054380170667,7.273203073418483e-05
2671,2.9890724563764968,7.269900567051572e-05
2672,2.9735747963140544,7.282470596738262e-05
2673,2.9607338762941073,7.292856042429766e-05
2674,2.96255172495551,7.291387452452861e-05
2675,2.7303232327713474,7.474406969739877e-05
2676,2.756426325706167,7.454313547221779e-05
2677,2.838685585099553,7.390173111733037e-05
2678,2.907614478459601,7.335527238132055e-05
2679,2.9499217473055874,7.301579605003404e-05
2680,2.972344052730675,7.28346716513519e-05
2681,2.9689847900369766,7.286185995087023e-05
2682,2.9600396090098027,7.293416778358565e-05
2683,2.645025680049546,7.539166764563619e-05
2684,2.7399703555341817,7.466995540389719e-05
2685,2.830786217569634,7.39639415006106e-05
2686,2.898882786281541,7.342496062943064e-05
2687,2.9445532537229684,7.305903886730412e-05
2688,2.9636679549657865,7.290485411556937e-05
2689,2.637278245011401,7.544980809460943e-05
2690,2.740175167255799,7.46682832598329e-05
2691,2.828874230350942,7.397885689741995e-05
2692,2.896084011593183,7.344716613282718e-05
2693,2.6416249049720415,7.541729498522581e-05
2694,2.741331832170917,7.465948195313157e-05
2695,2.907428477260708,7.335665342402793e-05
2696,2.9143840655273894,7.330115485971313e-05
2697,2.9364521445702847,7.312420202239225e-05
2698,2.9571924957821283,7.295704751908793e-05
2699,2.9692275045082908,7.285989615292235e-05
2700,2.836171283956477,7.392161329807172e-05
2701,2.8735194757616522,7.362664838909249e-05
2702,2.908320461139267,7.334952739151317e-05
2703,2.9296157967785175,7.317910659759113e-05
2704,2.9391583738423344,7.310244599453622e-05
2705,2.9333398998975624,7.314920699647008e-05
2706,2.922650753116668,7.323496426057203e-05
2707,2.913684597059544,7.330675014997402e-05
2708,2.8073427676634717,7.414761545455689e-05
2709,2.857146990315066,7.375625266539055e-05
2710,2.8925766727319813,7.347510534835084e-05
2711,2.9114086240775503,7.332495072279365e-05
2712,2.9194016145027435,7.32609935451308e-05
2713,2.9193405881313645,7.326148226554331e-05
2714,2.800940169612761,7.419760808258711e-05
2715,2.8505601640515295,7.38081602976587e-05
2716,2.884731233262979,7.353762913301115e-05
2717,2.906543621932051,7.336372117407462e-05
2718,2.800059192890067,7.420448115988537e-05
2719,2.8486920988224824,7.382289688697475e-05
2720,2.885556497797844,7.353106814759794e-05
2721,2.895356035291931,7.345307109566336e-05
2722,2.900745791974947,7.341010272649509e-05
2723,2.8706864445633427,7.364900476825365e-05
2724,2.8781929365246897,7.358946486913128e-05
2725,2.8827125851760758,7.355367278203209e-05
2726,2.887078007912957,7.351896883606953e-05
2727,2.863533335462988,7.370565106370211e-05
2728,2.872167226928518,7.363737035192536e-05
2729,2.8691462639818557,7.366131211106892e-05
