Mode_Index,Frequency_THz,Cv_Contribution_eV_K
0,0.0,0.0
1,0.24308986991911816,8.614890186789807e-05
2,0.46211986262480126,8.608508168915806e-05
3,0.6551610127264932,8.59960620752153e-05
4,0.830027389139828,8.58890168769488e-05
5,0.9919315128074199,8.576762691097143e-05
6,1.1428304829391152,8.563529905826088e-05
7,1.2830442799113806,8.549583966881547e-05
8,1.411827132945397,8.535382702068558e-05
9,1.5270527945493495,8.521553201809938e-05
10,1.6244849898564777,8.509036349842496e-05
11,1.6972639495152797,8.4991971795842e-05
12,1.7368807549778795,8.49366606162209e-05
13,0.24193540691263773,8.614913332703074e-05
14,0.3977527408183075,8.610794348851992e-05
15,0.5719312513183035,8.60382013794956e-05
16,0.7351905976291413,8.595018032249633e-05
17,0.8872050347823157,8.584858839333835e-05
18,1.03046838561353,8.5735589018766e-05
19,1.1668379289438728,8.561254601083533e-05
20,1.2971031643277076,8.548098325163953e-05
21,1.420476140469957,8.534381381179836e-05
22,1.5338330750786093,8.520706516764389e-05
23,1.6310237019891685,8.508169444430175e-05
24,1.7030155767924038,8.498401816529042e-05
25,1.717109748087783,8.496441811577288e-05
26,1.664651220464323,8.503657797271205e-05
27,1.5799318144662617,8.514853266724277e-05
28,1.4745998955996067,8.527979772643285e-05
29,1.357843086093808,8.541497440411948e-05
30,1.2345901444504832,8.554582467669421e-05
31,1.1060750312518777,8.5669231053278e-05
32,0.9712423066731586,8.578432901112395e-05
33,0.8279103503530202,8.589046250374287e-05
34,0.6734143908130743,8.598605970348959e-05
35,0.5061829218001602,8.606746292237785e-05
36,0.3380339375910267,8.61260986178703e-05
37,0.4311807426568019,8.609649687930486e-05
38,0.5332453868854574,8.605584942364378e-05
39,0.6584968255308761,8.599425455860407e-05
40,0.7879254962197313,8.591707815060575e-05
41,0.9173058878932193,8.582623312472242e-05
42,1.0466262162418887,8.572179723300421e-05
43,1.1761713574730281,8.560357456048144e-05
44,1.3049697623323089,8.54726011233817e-05
45,1.429935335304158,8.533279423858914e-05
46,1.545326788294019,8.519262907490799e-05
47,1.6426620552168605,8.506618075387273e-05
48,1.6717978551415924,8.502687479170078e-05
49,1.6045884845191052,8.511653460054606e-05
50,1.5051090229972908,8.524268387960465e-05
51,1.3904260472816736,8.537834675795134e-05
52,1.272838343612363,8.550652505667331e-05
53,1.1582570844574953,8.562073198538437e-05
54,1.047252735086638,8.572125819010427e-05
55,0.9373682758122832,8.581092304401176e-05
56,0.8255146334890278,8.589209400899762e-05
57,0.7104894663697058,8.596490207098688e-05
58,0.5974128225552767,8.602590462739206e-05
59,0.5491571466239074,8.604873971988589e-05
60,0.6109434839704121,8.601915813156287e-05
61,0.7017278010186783,8.597000381454413e-05
62,0.8097140905881905,8.59027368173116e-05
63,0.9290347893018395,8.581732234235006e-05
64,1.0563407326879108,8.571340326362372e-05
65,1.188367689628382,8.559174523805326e-05
66,1.3207854055358366,8.545559866996152e-05
67,1.447737751679207,8.531186150690859e-05
68,1.5617146668883908,8.517186468286139e-05
69,1.6064704185098928,8.511407257526043e-05
70,1.528220144649882,8.521407689523978e-05
71,1.41754133064047,8.534721822373938e-05
72,1.297594618717326,8.54804610456667e-05
73,1.182679398379171,8.559727729922106e-05
74,1.0796552990803123,8.569294570394357e-05
75,0.9893389395816412,8.576973893561087e-05
76,0.9090141924468875,8.583246491557543e-05
77,0.8354079051276933,8.588532629149543e-05
78,0.7677276176285989,8.593002555697892e-05
79,0.6042868938882752,8.60224959624004e-05
80,0.6425815795033978,8.600279608706692e-05
81,0.7194699901393173,8.59596075786283e-05
82,0.8240951641332841,8.589305846765242e-05
83,0.946471026121851,8.580386838843899e-05
84,1.0785582806632168,8.569391817155796e-05
85,1.2135222362911073,8.556696860425546e-05
86,1.344971119400802,8.542920999329776e-05
87,1.466477143125367,8.528955402661968e-05
88,1.528824805154747,8.521332274964558e-05
89,1.4454144272368543,8.531460770025109e-05
90,1.3313023172246408,8.544418146014626e-05
91,1.2130559201064404,8.556743255669665e-05
92,1.105166432711345,8.56700560084389e-05
93,1.0152472922787976,8.574838734276694e-05
94,0.945428759869968,8.580467956833365e-05
95,0.8940871393019117,8.584354235510089e-05
96,0.8581605135597008,8.586945843821403e-05
97,0.627214862897145,8.601084587097125e-05
98,0.663984601923624,8.599126112378377e-05
99,0.7457110530619084,8.59437583709859e-05
100,0.8568273399239609,8.587039986535612e-05
101,0.9829784921260593,8.577489728498176e-05
102,1.113832835234565,8.566216019913677e-05
103,1.2421549122674833,8.553814536968482e-05
104,1.3625096175689335,8.540978073227745e-05
105,1.4450593414179702,8.531502703610512e-05
106,1.3734011650332114,8.539759101629542e-05
107,1.255639844170285,8.552434199748459e-05
108,1.1475101601350755,8.563090044478445e-05
109,1.0517318899458528,8.571739514680638e-05
110,0.9760137160036686,8.578050800828258e-05
111,0.9244642390799344,8.582080805066016e-05
112,0.8978689002779646,8.584075307736993e-05
113,0.6596193361135165,8.59936442701306e-05
114,0.7088146376824195,8.596588215612398e-05
115,0.7976522138020006,8.591072396985341e-05
116,0.9078150003760456,8.583336155353303e-05
117,1.0255572409486193,8.57397390078048e-05
118,1.1425505728435161,8.563556159566734e-05
119,1.2540159102098556,8.552601203125146e-05
120,1.3571724393129172,8.54157193751165e-05
121,1.2971552837518514,8.548092788016276e-05
122,1.1946167905350724,8.558563767032196e-05
123,1.1048499909858833,8.567034316237041e-05
124,1.0266652509243948,8.573880443404386e-05
125,0.9669132239435885,8.578777976691344e-05
126,0.9315379365481936,8.581540611585312e-05
127,0.7209827330452345,8.595870923126425e-05
128,0.7756039468438858,8.592501632170186e-05
129,0.857027678595902,8.587025848787209e-05
130,0.950816327058432,8.580047697619458e-05
131,1.0479621388018057,8.572064745040217e-05
132,1.143970994900749,8.563422867758826e-05
133,1.2371112077687814,8.554327056150128e-05
134,1.2256781387937323,8.555481248501933e-05
135,1.1476068437390599,8.563080938139182e-05
136,1.0824734023407345,8.56904430852376e-05
137,1.02682369699137,8.573867070798143e-05
138,0.9860215949576998,8.5772433420487e-05
139,0.789687586060906,8.591593276935436e-05
140,0.8315226752949672,8.588799360890656e-05
141,0.8907702285343452,8.584597917537146e-05
142,0.9598938635644502,8.579334255946824e-05
143,1.0350423746962905,8.573170631842093e-05
144,1.114979168924862,8.566111124155556e-05
145,1.1589967158343846,8.562002873277294e-05
146,1.1214886422254928,8.565513455383134e-05
147,1.0744260519081088,8.56975724875558e-05
148,1.0449120118259068,8.572327046842785e-05
149,0.8292420942999064,8.58895535454045e-05
150,0.8467347525021734,8.587747971077264e-05
151,0.8811751040787429,8.585297784933498e-05
152,0.9311335537589264,8.581571602746385e-05
153,0.996078018238388,8.576423762530428e-05
154,1.07560654948018,8.569652993259752e-05
155,1.088601596420257,8.568497872457906e-05
156,1.0756874240645122,8.569645846696368e-05
157,0.8211023101777414,8.58950865659605e-05
158,0.8174043253397882,8.589758238157376e-05
159,0.8390960484605853,8.588278286827879e-05
160,0.8876829081623303,8.584823925933645e-05
161,0.9617000660628919,8.579191498850772e-05
162,1.057194095550514,8.571266224499251e-05
163,0.7771528513444231,8.592402526565045e-05
164,0.7696514050722364,8.592880674177914e-05
165,0.8001670988845628,8.590906847724516e-05
166,0.8667465312183485,8.586336061170663e-05
167,0.7356433476056141,8.594990581956824e-05
168,0.7461318533201754,8.594349961815976e-05
169,0.48774457749928146,8.607503013401227e-05
170,0.6165066593808298,8.60163406449497e-05
171,0.7509472707431547,8.594052826062861e-05
172,0.8810354241302625,8.585307917704705e-05
173,1.0065767167129698,8.575559367099714e-05
174,1.129522615525997,8.564771087192349e-05
175,1.2515567462277994,8.552853696509005e-05
176,1.372597050121269,8.539849422061532e-05
177,1.4891495210730967,8.526219073138474e-05
178,1.5928543613959572,8.513182249228346e-05
179,1.668736861543644,8.503103571282925e-05
180,0.593738094074228,8.602771089530619e-05
181,0.6855879873664974,8.597923691873142e-05
182,0.7917646919175624,8.591457936157973e-05
183,0.9040908109950222,8.583613866172278e-05
184,1.0207545388915085,8.574377841871427e-05
185,1.1414087589944477,8.563663188632075e-05
186,1.2649904041375148,8.551468471374643e-05
187,1.388258004587718,8.538081031132462e-05
188,1.5041103819110841,8.52439104316446e-05
189,1.5967555227976415,8.512675192067092e-05
190,1.603338118722791,8.511816883323952e-05
191,1.5175045635061797,8.522739342786863e-05
192,1.405059586880599,8.536162033508758e-05
193,1.2862706843557692,8.549244427790997e-05
194,1.1712668976340372,8.560829758144886e-05
195,1.0636960347744484,8.570699688406744e-05
196,0.9629783723052404,8.57909030471859e-05
197,0.8668169690581324,8.586331033755889e-05
198,0.7737967212974699,8.592617018068819e-05
199,0.6866844823229851,8.597861641130723e-05
200,0.645676670774664,8.600115127586123e-05
201,0.715525574243819,8.596194116145065e-05
202,0.8096568920523478,8.59027749738868e-05
203,0.9190373208317909,8.582492475865508e-05
204,1.0381826955742142,8.572903077602618e-05
205,1.1627683244757725,8.56164357574e-05
206,1.2882961654418446,8.549030843583537e-05
207,1.4085870596378762,8.535756276323292e-05
208,1.5099682500465255,8.523670435974097e-05
209,1.5264930851299916,8.52162293221211e-05
210,1.4319629134157636,8.533042289791296e-05
211,1.3160040394720869,8.546076000270346e-05
212,1.1999748903449778,8.55803758356237e-05
213,1.0946385412413266,8.567956597843762e-05
214,1.0041366349311256,8.575761066835464e-05
215,0.928299655325332,8.581788413742173e-05
216,0.8650930821328776,8.586453957738035e-05
217,0.813138599328274,8.590044748709287e-05
218,0.6681657994716225,8.59889638025167e-05
219,0.7362900921788414,8.594951340615496e-05
220,0.834438194590422,8.588599317958928e-05
221,0.9495063176288844,8.580150102861753e-05
222,1.0720803895920286,8.569964070386622e-05
223,1.1953142557196488,8.558495404715292e-05
224,1.3133351075243311,8.546363305156201e-05
225,1.4159670663913004,8.534904155328384e-05
226,1.4419325253144326,8.531871528379186e-05
227,1.3477057715175185,8.542619674513463e-05
228,1.236359917019071,8.554403223730493e-05
229,1.1294158157155196,8.564780990126694e-05
230,1.0370399517828135,8.573000531622445e-05
231,0.9640706717782733,8.57900373001187e-05
232,0.911830731850839,8.5830354373886e-05
233,0.8794406682047051,8.58542349287714e-05
234,0.6996099655022254,8.597122754190775e-05
235,0.7781006438587064,8.592341785871018e-05
236,0.8819973287541948,8.58523810620613e-05
237,0.9962940491102532,8.576406066212852e-05
238,1.111429638565712,8.566435580234681e-05
239,1.2213521096109003,8.5559152240377e-05
240,1.3192982924644898,8.545720592673201e-05
241,1.3568897621494775,8.541603327196428e-05
242,1.2713493553774766,8.55080769941932e-05
243,1.1734451561654802,8.560620230442769e-05
244,1.0822241833660513,8.56906646637511e-05
245,1.0060963205679523,8.575599115404128e-05
246,0.950372563447511,8.58008240288111e-05
247,0.9185632335887175,8.582528324799232e-05
248,0.758624261257008,8.593575189649144e-05
249,0.8403933143538396,8.588188560378459e-05
250,0.9367587613999637,8.581139300865362e-05
251,1.036209168072832,8.57307131491557e-05
252,1.1324057972426493,8.56450339762192e-05
253,1.2210819923189495,8.555942271451516e-05
254,1.2728595742451516,8.550650291559187e-05
255,1.2201569559375844,8.556034852746274e-05
256,1.1285909688032254,8.56485744237226e-05
257,1.0588259283707688,8.571124359633364e-05
258,1.0023130686283925,8.575911488821666e-05
259,0.9643029813360277,8.578985304837115e-05
260,0.8252018084004927,8.589230669952049e-05
261,0.8934135962193667,8.584403791015692e-05
262,0.9686688828109778,8.578638215149264e-05
263,1.0454042116972788,8.572284770207404e-05
264,1.1209280073201406,8.565565065150019e-05
265,1.1858912643378179,8.559415685755447e-05
266,1.161594363397214,8.561755534845073e-05
267,1.098758404930596,8.567585514650926e-05
268,1.0542758376759533,8.571519387357391e-05
269,1.020565430192352,8.574393708911993e-05
270,0.8643825103795827,8.586504555365676e-05
271,0.9089889269179815,8.583248381874489e-05
272,0.9610028666670705,8.579246634967873e-05
273,1.0200793822961502,8.574434477113133e-05
274,1.0857284664523452,8.568754441319975e-05
275,1.1104357157869482,8.566526250130269e-05
276,1.0799045689845774,8.569272459909117e-05
277,1.0625484800474279,8.570799927918884e-05
278,0.8579954251611756,8.586957509493099e-05
279,0.8831908794189238,8.585151377734412e-05
280,0.9236276431905861,8.582144423356292e-05
281,0.9814318350524733,8.577614665757707e-05
282,1.0558832371884999,8.571380028714022e-05
283,1.0749102509013364,8.569714500446509e-05
284,0.8173414591372671,8.589762471411294e-05
285,0.8404302335259886,8.588186004821865e-05
286,0.889062753985132,8.584723009923153e-05
287,0.962868787442414,8.579098984960246e-05
288,0.77878143453905,8.592298111018766e-05
289,0.8194826068740092,8.589618109956157e-05
290,0.7340640742729208,8.595086260633094e-05
291,0.8033493184153401,8.590696627940309e-05
292,0.8861009266491252,8.584939434158978e-05
293,0.9790364581434393,8.577807777675546e-05
294,1.0811556196246115,8.56916141442993e-05
295,1.1916020600959818,8.558858805530272e-05
296,1.3076230498266233,8.546976274873233e-05
297,1.4219577580802738,8.534209250638333e-05
298,1.5155167063303412,8.52298537594398e-05
299,0.7561949762281932,8.593726853517894e-05
300,0.82422283074835,8.589297179194944e-05
301,0.910689965718761,8.583120997318983e-05
302,1.0087489405664354,8.575379401705614e-05
303,1.1138105697763363,8.566218056271031e-05
304,1.2223287134670666,8.555817385575868e-05
305,1.3294816766672266,8.544616430593645e-05
306,1.4211795648930678,8.534299680985243e-05
307,1.427115533542183,8.533608666448266e-05
308,1.3348289918198786,8.544033302429208e-05
309,1.2274590654181967,8.555302152594193e-05
310,1.1240670411120397,8.565275771032191e-05
311,1.0311249656439305,8.573503271490753e-05
312,0.9511553081477795,8.580021176245697e-05
313,0.8853690556672611,8.58499280256917e-05
314,0.8352576752755,8.588542965767338e-05
315,0.7860401825737269,8.591830081586953e-05
316,0.8636461751015647,8.586556944045981e-05
317,0.9561572374978637,8.579628745337447e-05
318,1.054172144888275,8.57152837013881e-05
319,1.1521556764732053,8.562651643183311e-05
320,1.2465235161933672,8.553368963196335e-05
321,1.328885407447581,8.544681312032514e-05
322,1.3470184842915527,8.542695461440337e-05
323,1.2547352365991051,8.552527254663122e-05
324,1.160758032500846,8.561835226696777e-05
325,1.074763034329681,8.569727499715755e-05
326,1.0018500351735817,8.575949640411908e-05
327,0.9446073790340244,8.580531821323717e-05
328,0.9051434520801804,8.583535485931193e-05
329,0.8407787833288246,8.588161872607881e-05
330,0.9222801771226468,8.582246770468563e-05
331,1.0093104310887613,8.575332820719787e-05
332,1.0941681443239188,8.567998879855903e-05
333,1.1734016654857309,8.560624417580052e-05
334,1.2429441471471763,8.553734153033517e-05
335,1.2656767076267772,8.551397312697012e-05
336,1.1871798564458285,8.55929026043592e-05
337,1.112127985627828,8.566371826190736e-05
338,1.0470500011328034,8.572143265275343e-05
339,0.9954442912662661,8.576475652823306e-05
340,0.9601790628562732,8.57931173226072e-05
341,0.9034740058539147,8.58365975184581e-05
342,0.9738096700742614,8.578227533688975e-05
343,1.0424926491528643,8.572534567887873e-05
344,1.1060129959973144,8.566928739897763e-05
345,1.1629409477467687,8.561627103499187e-05
346,1.1915849816565036,8.55886047483367e-05
347,1.1334465104605977,8.564406607249444e-05
348,1.0808265850825873,8.569190632414134e-05
349,1.0386935207119565,8.572859479782398e-05
350,1.0091829517990634,8.575343398588623e-05
351,0.9422575938091433,8.580714219816543e-05
352,0.9919797292748943,8.576758757994517e-05
353,1.0396273750729434,8.572779722580593e-05
354,1.0856871595375701,8.56875812512669e-05
355,1.1232549293008267,8.565350691905113e-05
356,1.1034288021201344,8.567163181543802e-05
357,1.0636163799536,8.57070664974659e-05
358,1.0452524636660834,8.572297806431726e-05
359,0.9397371908247041,8.580909362430738e-05
360,0.9724775148710024,8.578334161807694e-05
361,1.0093285744339642,8.575331315129269e-05
362,1.0531512143114432,8.57161676555457e-05
363,1.0701920414978792,8.570130245645685e-05
364,1.0580730864969832,8.571189835461615e-05
365,0.9058683770628633,8.583481455080043e-05
366,0.9369097661775749,8.581127660497565e-05
367,0.9805591386840034,8.577685075352053e-05
368,1.0401305469269373,8.572736719105733e-05
369,0.8731360529397796,8.585878368992578e-05
370,0.919273954788504,8.582474575522839e-05
371,0.8635580570574627,8.586563210490879e-05
372,0.9222450228196616,8.582249438641763e-05
373,0.9938214702763538,8.576608382423808e-05
374,1.0738379390609867,8.56980914571064e-05
375,1.1597888056354468,8.56192751117725e-05
376,1.2489472013555092,8.553121097900039e-05
377,1.3299444619994814,8.544566054192853e-05
378,0.9146333439240303,8.582824784962343e-05
379,0.9777766176942081,8.577909156961968e-05
380,1.0450292775062868,8.572316976299002e-05
381,1.1125634618817075,8.566332050369696e-05
382,1.1796208084983282,8.560024108741397e-05
383,1.242109877943941,8.553819122222525e-05
384,1.2449084575083393,8.55353386938589e-05
385,1.1778700479426225,8.560193418414886e-05
386,1.1101185860346674,8.566555163236898e-05
387,1.0493358192804219,8.571946366076973e-05
388,0.9962038660307644,8.576413454083178e-05
389,0.9524593812571047,8.579919060293827e-05
390,0.9742230467093627,8.578194416922446e-05
391,1.0281445310260622,8.573755515091845e-05
392,1.0785858819500675,8.569389371596538e-05
393,1.1249915015116658,8.565190420565143e-05
394,1.1678281497786605,8.561159752971366e-05
395,1.181104685631372,8.559880414650957e-05
396,1.1202831617836944,8.565624395553941e-05
397,1.0749823886750676,8.569708130017219e-05
398,1.0393288306391424,8.572805227903359e-05
399,1.012604576969888,8.575059023964981e-05
400,1.0130695850600777,8.575020303267234e-05
401,1.0483495074501916,8.572031378469732e-05
402,1.0785680589837654,8.569390950773457e-05
403,1.1060873757867289,8.566921984054873e-05
404,1.119063105295588,8.565736557422779e-05
405,1.0770159479885897,8.569528374467286e-05
406,1.053173260931625,8.571614857581359e-05
407,1.041022871237919,8.572660406265351e-05
408,1.014356452565125,8.574913055688443e-05
409,1.0336307671172706,8.573290639509365e-05
410,1.0525807012953934,8.571666125557236e-05
411,1.07004324037961,8.570143327905657e-05
412,1.0481203620518607,8.572051117717875e-05
413,1.0438389244235196,8.572419149628783e-05
414,0.9866176808308508,8.577194991433079e-05
415,1.0035363562801536,8.575810612344266e-05
416,1.028362192758629,8.573737118105159e-05
417,1.0424817072505266,8.572535505351469e-05
418,0.9588853297252908,8.579413852062748e-05
419,0.9885460384086793,8.577038377662603e-05
420,1.009245213371956,8.575338232465382e-05
421,1.0445338138444968,8.572359518131319e-05
422,1.0813182987356083,8.569146965423524e-05
423,1.1211505130925556,8.565544585218435e-05
424,1.1641359725045808,8.56151300456573e-05
425,1.0478347731487372,8.572075713209026e-05
426,1.0651653013245612,8.57057119130139e-05
427,1.0817254212180658,8.569110795785754e-05
428,1.1017358256313072,8.567316477549462e-05
429,1.0994468643327178,8.567523369877485e-05
430,1.0738405503161381,8.56980891534712e-05
431,1.0580594997578012,8.57119101669914e-05
432,1.0492323703181166,8.571955286276491e-05
433,1.0515425955128777,8.571755873305453e-05
434,1.0527619937361397,8.571650443246486e-05
435,1.0569175858002737,8.571290241724605e-05
436,1.0593607120570245,8.571077820738805e-05
437,1.0393880980300905,8.572800165132318e-05
438,1.0430345095045095,8.572488131049735e-05
439,1.0277201429379133,8.573791373733715e-05
440,1.0254428325769327,8.573983545110947e-05
441,1.0294867419569356,8.573642008806341e-05
442,1.020706649328287,8.57438186028826e-05
443,1.0030958792188074,8.575846949598605e-05
444,1.0123659241327216,8.575078889495138e-05
445,1.0532420838262015,8.571608901211126e-05
446,1.0457233132201496,8.57225735104359e-05
447,1.048772621980486,8.571994918962391e-05
448,1.0310106034271773,8.573512963633009e-05
449,1.0191554835543184,8.574511917992724e-05
450,1.0127024069669275,8.575050879230939e-05
451,1.0206516125940364,8.574386478194707e-05
452,1.0078036908706778,8.575457761305564e-05
453,1.0054035354936324,8.575656403889619e-05
454,0.9978463459984025,8.576278797176818e-05
455,0.0,0.0
456,0.24308986991911816,8.614890186789807e-05
457,0.46211986262480126,8.608508168915806e-05
458,0.6551610127264932,8.59960620752153e-05
459,0.830027389139828,8.58890168769488e-05
460,0.9919315128074199,8.576762691097143e-05
461,1.1428304829391152,8.563529905826088e-05
462,1.2830442799113806,8.549583966881547e-05
463,1.411827132945397,8.535382702068558e-05
464,1.5270527945493495,8.521553201809938e-05
465,1.6244849898564777,8.509036349842496e-05
466,1.6972639495152797,8.4991971795842e-05
467,1.7368807549778795,8.49366606162209e-05
468,0.24193540691263773,8.614913332703074e-05
469,0.4132259882631837,8.610275958818117e-05
470,0.6075013231964355,8.60208886890708e-05
471,0.790054068646955,8.591569423181232e-05
472,0.9610680692641563,8.579241480274792e-05
473,1.1212271745272342,8.565537528199708e-05
474,1.2697952687919924,8.550969488076388e-05
475,1.4052381327844927,8.536141519668229e-05
476,1.5248336986102138,8.52182951770946e-05
477,1.623620210332342,8.509150749879097e-05
478,1.693976960672789,8.499650552113594e-05
479,1.727159383250994,8.495034728443597e-05
480,1.740161504946601,8.493202492830193e-05
481,1.7366675748893552,8.493696154672432e-05
482,1.6936075827400152,8.499701447084702e-05
483,1.61707769757961,8.510014332198307e-05
484,1.5141911855008852,8.523149258545432e-05
485,1.3908253218338873,8.537789265121102e-05
486,1.2513600571378585,8.552873870438699e-05
487,1.099131840200334,8.567551810745399e-05
488,0.9367944437790501,8.581136550417893e-05
489,0.7662333803045347,8.593097014032133e-05
490,0.5880873255127103,8.603046680376546e-05
491,0.4040555197534996,8.610585574242433e-05
492,0.4311807426568019,8.609649687930486e-05
493,0.5476495068620852,8.604942229852086e-05
494,0.7035035969652423,8.596897488960089e-05
495,0.8683186370081798,8.586223757684477e-05
496,1.0313409726425542,8.573484962105708e-05
497,1.1874754907314953,8.559261465926366e-05
498,1.333275356279503,8.544202963703657e-05
499,1.4648687223155503,8.529147967931997e-05
500,1.5754831712011872,8.515425462658967e-05
501,1.6541198710348561,8.505080331306511e-05
502,1.6884549907954476,8.500410280941456e-05
503,1.7117262079968443,8.497192315882889e-05
504,1.743387887586762,8.492745782630945e-05
505,1.7332529851627902,8.494177680934508e-05
506,1.6830332360111229,8.501153887291385e-05
507,1.5985079301295435,8.512447029355309e-05
508,1.4867064581600136,8.52651589356568e-05
509,1.354410375940352,8.5418783746043e-05
510,1.2078145416670094,8.557263530736254e-05
511,1.0525986620898762,8.571664572016514e-05
512,0.8940200317793121,8.584359174563231e-05
513,0.7370899640200009,8.594902760850295e-05
514,0.5491571466239074,8.604873971988589e-05
515,0.6260365659604717,8.601145511071071e-05
516,0.7533896640913924,8.593901392079973e-05
517,0.9050773413449893,8.583540411232247e-05
518,1.064349879090532,8.570642527001913e-05
519,1.2208802263454788,8.555962470867348e-05
520,1.366904418239295,8.54048735421554e-05
521,1.4932072888697696,8.525725024331416e-05
522,1.5854977294107149,8.514135157597768e-05
523,1.6262559817110844,8.508801884353654e-05
524,1.6537944198663757,8.505124152715804e-05
525,1.7146931394318758,8.496778985920413e-05
526,1.7369724950701766,8.493653110256929e-05
527,1.717579457296682,8.496376222725074e-05
528,1.6587871772762446,8.504450968335034e-05
529,1.5668797997650097,8.516527603108142e-05
530,1.450031867688093,8.530914561474259e-05
531,1.3167511130932699,8.545995476970395e-05
532,1.1750604575617962,8.560464606444566e-05
533,1.0321068669723779,8.573420012133456e-05
534,0.6042868938882752,8.60224959624004e-05
535,0.6590280489210546,8.599396587107388e-05
536,0.7764625381055242,8.59244672004374e-05
537,0.928506082310466,8.58177264287831e-05
538,1.0921145972185586,8.568183254697755e-05
539,1.2512873943119702,8.552881322503417e-05
540,1.3924918168500435,8.537599592076814e-05
541,1.498782471406559,8.525044088237095e-05
542,1.5481923991457995,8.518901354545633e-05
543,1.571268243786944,8.515966151345552e-05
544,1.6521289477390388,8.505348274780153e-05
545,1.701862325750815,8.498561502210098e-05
546,1.7147346104353973,8.496773203599122e-05
547,1.6885949882580396,8.50039104932236e-05
548,1.626207791185866,8.508808267681408e-05
549,1.5345883555244328,8.520611975465602e-05
550,1.4229193574450254,8.534097440691196e-05
551,1.300446230300312,8.547742717304417e-05
552,0.627214862897145,8.601084587097125e-05
553,0.6814982439093631,8.598154260830871e-05
554,0.8055132264230292,8.590553205519801e-05
555,0.9647482262020041,8.578949978842968e-05
556,1.1308474246145477,8.56464816853024e-05
557,1.2831760306014415,8.549570118137504e-05
558,1.4015572443705264,8.536563916275947e-05
559,1.4604572700592677,8.529675063117589e-05
560,1.470348165514633,8.528491106652659e-05
561,1.5612931975427433,8.517240137674683e-05
562,1.630533612989807,8.508234537695747e-05
563,1.6726782032022613,8.502567673558824e-05
564,1.6827458674374254,8.501193235996364e-05
565,1.6584298553304102,8.504499212124976e-05
566,1.602135467578416,8.511973953621225e-05
567,1.5207062163329734,8.522342420494054e-05
568,0.6596193361135165,8.59936442701306e-05
569,0.7265043274760653,8.595541429781562e-05
570,0.8575197428672624,8.586991110273894e-05
571,1.0152602326897555,8.574837654202707e-05
572,1.1699387792367548,8.560957322438978e-05
573,1.2966343724879008,8.548148119622596e-05
574,1.3659777731197655,8.540590951131568e-05
575,1.3587242170376421,8.541399507455162e-05
576,1.4501604553328147,8.530899326189578e-05
577,1.5309699204650657,8.521064497383399e-05
578,1.59629457506836,8.51273516691645e-05
579,1.6409025782223863,8.506853296046059e-05
580,1.65862657561472,8.504472653199004e-05
581,1.6453856514763001,8.506253482012871e-05
582,0.7209827330452345,8.595870923126425e-05
583,0.792901493181698,8.591383714623513e-05
584,0.9160240471378945,8.58272001801275e-05
585,1.0564736380470836,8.57132878939359e-05
586,1.1840541596790057,8.559594268910514e-05
587,1.2649802325451018,8.551469525720921e-05
588,1.2712382090455037,8.550819276790367e-05
589,1.3271197609708931,8.544873268889008e-05
590,1.4139558587979861,8.535136807551027e-05
591,1.4962584742260399,8.525352667980427e-05
592,1.569801970941311,8.516153914107577e-05
593,1.6269693332646156,8.508707372195048e-05
594,0.789687586060906,8.591593276935436e-05
595,0.8486445634361736,8.5876146379765e-05
596,0.949970923534533,8.580113799967415e-05
597,1.0646343809653944,8.570617644007824e-05
598,1.1566154698152828,8.562229127796048e-05
599,1.1836938355934796,8.559629263710803e-05
600,1.1998891575560078,8.558046021042481e-05
601,1.2901887164997314,8.548830978758539e-05
602,1.3850574680736951,8.538444021942371e-05
603,1.4808146320892945,8.52722976801041e-05
604,0.8292420942999064,8.58895535454045e-05
605,0.8645578009282701,8.586492077295158e-05
606,0.9440102473537422,8.580578215372629e-05
607,1.0396668841734815,8.572776346687197e-05
608,1.098154242421548,8.567640018620974e-05
609,1.0989019652357441,8.567572559142098e-05
610,1.1687855358346035,8.56106797463258e-05
611,1.2734065450620193,8.550593236368214e-05
612,0.8211023101777414,8.58950865659605e-05
613,0.8379351412704591,8.588358465345094e-05
614,0.9142701544129088,8.582852119445441e-05
615,1.0136850829024826,8.57496902444291e-05
616,1.0503672372130737,8.571857381461642e-05
617,1.0645425622505555,8.570625675338457e-05
618,0.7771528513444231,8.592402526565045e-05
619,0.7964464330348245,8.591151587361e-05
620,0.9011126163238229,8.58383513477917e-05
621,1.019633284041369,8.574471877574007e-05
622,0.7356433476056141,8.594990581956824e-05
623,0.7781235613747369,8.592340316257591e-05
624,0.5495527068180591,8.60485603217104e-05
625,0.7123630700316173,8.596380294045886e-05
626,0.8784814319725486,8.58549291070316e-05
627,1.0421244397356828,8.57256610943357e-05
628,1.1992580176474859,8.558108117074762e-05
629,1.3460361089996848,8.542803721906828e-05
630,1.478154861736683,8.527551129889367e-05
631,1.5899108750755924,8.513564034577246e-05
632,1.6736754569348296,8.502431884638899e-05
633,1.7210855388338329,8.495886096034133e-05
634,1.7282836410365994,8.4948768241131e-05
635,0.6456556685292187,8.600116246350094e-05
636,0.7807977303158949,8.592168536819206e-05
637,0.9328377436684242,8.581440906504673e-05
638,1.0905591724583128,8.568322678957772e-05
639,1.2456830157558,8.553454809021851e-05
640,1.3912130485808951,8.53774515561242e-05
641,1.5190663337740065,8.522545825330379e-05
642,1.6180691803539413,8.509883678343728e-05
643,1.6754401303381954,8.50219140972636e-05
644,1.6872693883285765,8.500573086732519e-05
645,1.7030792260372452,8.498393000248549e-05
646,1.7273623296766776,8.495006231538117e-05
647,1.7121760562603947,8.497129690986076e-05
648,1.6542439673270837,8.50506361976647e-05
649,1.5598594804773391,8.517422600025746e-05
650,1.4382350917892024,8.532306654207508e-05
651,1.298570256502988,8.547942378486905e-05
652,1.1489877048112433,8.562950796508473e-05
653,0.9967240321312717,8.576370832567536e-05
654,0.8486792668532048,8.587612212407957e-05
655,0.693506007378282,8.597473395250846e-05
656,0.8107876417680822,8.590202016569376e-05
657,0.9573632111608309,8.579533824859061e-05
658,1.1163218450656343,8.565988126754515e-05
659,1.2740767158104753,8.550523297249737e-05
660,1.4184517112389003,8.53461629080364e-05
661,1.5348580556712776,8.520578205110161e-05
662,1.6052318954328944,8.51156931783515e-05
663,1.621502642673658,8.509430629441652e-05
664,1.6437378200828554,8.506474138385657e-05
665,1.6949874958853577,8.49951126003474e-05
666,1.713593090704664,8.496932316893559e-05
667,1.6893317960670835,8.500289807732416e-05
668,1.6234935723356732,8.50916749761994e-05
669,1.523747542517984,8.521964620404135e-05
670,1.400798063514512,8.536650900603069e-05
671,1.2656531203867463,8.551399758944599e-05
672,1.1281928497158984,8.564894322978988e-05
673,0.713895469527936,8.596290183453012e-05
674,0.8302652167586143,8.588885424674768e-05
675,0.9822572224549544,8.57754801607879e-05
676,1.1462372075467027,8.563209869605734e-05
677,1.3030662351537718,8.547463395399499e-05
678,1.4343303376238326,8.532764994070182e-05
679,1.5175037545216041,8.522739442977145e-05
680,1.5377776972389137,8.52021225423465e-05
681,1.5571611857158227,8.517765557236998e-05
682,1.6254777458703538,8.508904947211214e-05
683,1.673105297083598,8.502509528824658e-05
684,1.6854046462547414,8.500828927495461e-05
685,1.657683743323393,8.504599915918669e-05
686,1.5922967445457907,8.513254627647424e-05
687,1.4975980121496444,8.525188961375335e-05
688,1.3849455730768696,8.538456697758913e-05
689,0.7419988092142937,8.594603477023932e-05
690,0.8664547184020203,8.586356884639382e-05
691,1.0228541400261315,8.574201481080846e-05
692,1.1831616604567414,8.559680929576458e-05
693,1.3236793236857953,8.54524658665022e-05
694,1.4178872284444892,8.534681733601533e-05
695,1.4429074995831366,8.531756608590184e-05
696,1.4526158537089173,8.530608153451072e-05
697,1.5274767385952073,8.52150036893708e-05
698,1.5955885573746065,8.512826995728357e-05
699,1.6409696731717456,8.506844330748071e-05
700,1.655311822192407,8.504919765938658e-05
701,1.6340471063726576,8.507767458703455e-05
702,1.5789031276324332,8.514985718372013e-05
703,0.7954402021676916,8.59121758114532e-05
704,0.9197202185644261,8.582440805166071e-05
705,1.0668049059989975,8.57042759032715e-05
706,1.2070114378664205,8.557343053547759e-05
707,1.3096285523518476,8.546761359656108e-05
708,1.3424781954722171,8.543195166486952e-05
709,1.3398981264136975,8.54347839316244e-05
710,1.407611764353652,8.535868561771364e-05
711,1.4925354928310346,8.525806908567014e-05
712,1.5635450965888897,8.516953220260681e-05
713,1.6165561707043392,8.510083025863804e-05
714,1.6421914738388736,8.506681010319785e-05
715,0.8558089005994532,8.587111806349559e-05
716,0.9638961552000742,8.579017568561451e-05
717,1.0880038669540084,8.568551304455347e-05
718,1.1941761057765254,8.558606940684826e-05
719,1.2404553435809134,8.55398746853193e-05
720,1.230384005572198,8.555007456415641e-05
721,1.2861464968677592,8.549257512465504e-05
722,1.377022942028074,8.539351652094799e-05
723,1.4660653752284303,8.529004720456058e-05
724,1.5495228194010238,8.518733274553503e-05
725,0.8899748609372302,8.58465621706118e-05
726,0.9739029339159837,8.578220063274321e-05
727,1.0727708619858702,8.569903236409759e-05
728,1.1390009468322453,8.563888541794226e-05
729,1.140795187245164,8.563720658853666e-05
730,1.1676860599060315,8.561173367889203e-05
731,1.260464178248951,8.551936819583255e-05
732,1.3616338401199202,8.541075676855349e-05
733,0.8813435789761472,8.585285561178687e-05
734,0.9499559402107255,8.580114970993079e-05
735,1.0367700590584874,8.573023532795923e-05
736,1.0714593426533776,8.570018754627182e-05
737,1.07112163432611,8.570048477295997e-05
738,1.1484843405389233,8.562998254792947e-05
739,0.8442658724291516,8.58791989398477e-05
740,0.9248233443569062,8.582053479687446e-05
741,1.0196728957968453,8.574468557215353e-05
742,1.0410926180269402,8.572654438697991e-05
743,0.8164455904457025,8.589822761876013e-05
744,0.9300079313788386,8.581657798244419e-05
745,0.8991599132918145,8.58397982065353e-05
746,1.0389537625988434,8.57283726055663e-05
747,1.1891777103027976,8.559095534071669e-05
748,1.33888590925169,8.543589363405178e-05
749,1.4764088404968727,8.527761783478002e-05
750,1.58821054292276,8.513784263980882e-05
751,1.6596458213773242,8.50433499742764e-05
752,1.6809829558792795,8.501434485073495e-05
753,1.6602488514989524,8.504253515728863e-05
754,0.9205581029721938,8.582377355648092e-05
755,1.060844315443566,8.570948590537387e-05
756,1.2147962200443565,8.556570018464714e-05
757,1.3655002478116112,8.540644310584104e-05
758,1.494800886783961,8.525530639414943e-05
759,1.5817607590919867,8.514617568568742e-05
760,1.6096986791783825,8.510984270701633e-05
761,1.5880382155208033,8.513806571296908e-05
762,1.5923759846088574,8.513244343822253e-05
763,1.641392434855531,8.506787832714427e-05
764,1.6606603434212177,8.504197898303697e-05
765,1.6310960665586938,8.508159831413659e-05
766,1.5529019551358458,8.51830573690433e-05
767,1.4384760222927593,8.532278333950827e-05
768,1.3044634493963583,8.547314211332374e-05
769,1.1667375470564758,8.561264211722126e-05
770,0.9435301440538199,8.580615495862491e-05
771,1.0891699102333032,8.568447043128289e-05
772,1.2439622436519364,8.553630385364097e-05
773,1.3848484400193262,8.538467700484587e-05
774,1.4854939623274788,8.526663029630058e-05
775,1.520452170984641,8.522373945303634e-05
776,1.4968779711547002,8.525276976225807e-05
777,1.4917320517811217,8.525904791671487e-05
778,1.5612262679553701,8.517248659110556e-05
779,1.6138973154926508,8.510432906691496e-05
780,1.6306646261558613,8.508217138479264e-05
781,1.601031385864946,8.51211804970879e-05
782,1.5272858557959,8.521524158952833e-05
783,1.4226116321583315,8.534133229475543e-05
784,0.983269100776088,8.577466231738932e-05
785,1.1260544496300937,8.56509219881381e-05
786,1.2674319421870883,8.551215150647984e-05
787,1.3768186028374831,8.539374668173986e-05
788,1.419748528315215,8.534465849119835e-05
789,1.3967524169583057,8.537113659959113e-05
790,1.3820130557151828,8.538788545449494e-05
791,1.4558863684232484,8.530219573914218e-05
792,1.529593041927023,8.521236416946341e-05
793,1.5852187075588533,8.514171215128628e-05
794,1.6078171605819962,8.51123089915615e-05
795,1.587948234408937,8.513818218174363e-05
796,1.0266142072285112,8.573884750980256e-05
797,1.1510342500540371,8.562757632849664e-05
798,1.2606177762972048,8.551920953142227e-05
799,1.3129485123689688,8.546404873905814e-05
800,1.2953299215447405,8.548286583805661e-05
801,1.2727230979265205,8.550664523819998e-05
802,1.3406061305202956,8.543400725244438e-05
803,1.4247329256342331,8.533886367170619e-05
804,1.5067455028235743,8.524067220632687e-05
805,1.5727910257092068,8.51577097204734e-05
806,1.0469964154141689,8.572147876035654e-05
807,1.142218476478697,8.563587299822841e-05
808,1.2044186055363946,8.557599439090651e-05
809,1.1989769560658734,8.558135759571551e-05
810,1.172538276180023,8.560707510203705e-05
811,1.213720120793826,8.55667716698459e-05
812,1.3146836507529254,8.546218208777924e-05
813,1.4116432494621773,8.535403925930666e-05
814,1.0314279735781107,8.573477586581765e-05
815,1.097662509669934,8.567684358020912e-05
816,1.1138564442788232,8.56621386063062e-05
817,1.094259299362645,8.567990687710687e-05
818,1.1180676874152886,8.565827978650711e-05
819,1.2114402182762873,8.556903871263505e-05
820,0.9977889814639539,8.57628350384053e-05
821,1.0449683245053365,8.572322210960953e-05
822,1.0460137721053768,8.572232385847525e-05
823,1.0502252608179194,8.571869635464923e-05
824,0.9931481909135493,8.576663386719093e-05
825,1.021599066267446,8.574306946909622e-05
826,1.1914340857408736,8.558875222879003e-05
827,1.3307555079500404,8.544477726527233e-05
828,1.4580024303170156,8.529967704054033e-05
829,1.5495823667455166,8.518725748296791e-05
830,1.5847719176166892,8.514228940215895e-05
831,1.562422673700623,8.517096279876076e-05
832,1.5092991979981645,8.523752877573542e-05
833,1.2203634118889182,8.55601419579718e-05
834,1.3510105403544765,8.542254730223005e-05
835,1.452133971534196,8.53066533522542e-05
836,1.4931980064760237,8.525726155993421e-05
837,1.468668011343796,8.528692773376372e-05
838,1.4116118730200766,8.535407547135036e-05
839,1.405118223063043,8.536155296848263e-05
840,1.4740138956935092,8.528050333416062e-05
841,1.5343129162503402,8.52064645848307e-05
842,1.5572761165931877,8.517750961123766e-05
843,1.525176209756199,8.521786894659581e-05
844,1.442404078969967,8.531815956024307e-05
845,1.2441186741807124,8.553614434065472e-05
846,1.345888697304069,8.542819960409036e-05
847,1.392420812736972,8.537607677978242e-05
848,1.3689344541806872,8.540260160336477e-05
849,1.311736723343536,8.546535094120986e-05
850,1.2843440763682301,8.549447280034779e-05
851,1.3662289374453178,8.540562878295795e-05
852,1.4468180264574475,8.53129491462931e-05
853,1.5137871394834774,8.523199185567337e-05
854,1.5451312274534696,8.519287557576233e-05
855,1.2387787323582644,8.5541578362705e-05
856,1.288205861722909,8.549040373008148e-05
857,1.2700835300657654,8.550939493220112e-05
858,1.2174380286475555,8.556306574482031e-05
859,1.1852849274539372,8.559474657288823e-05
860,1.2563039504787894,8.552365842733704e-05
861,1.3439126188672588,8.543037472103389e-05
862,1.4356326972710403,8.532612258367019e-05
863,1.186778536752596,8.559329337321314e-05
864,1.1785278370731256,8.560129835045732e-05
865,1.1353969765698808,8.564224970396502e-05
866,1.1034346978558465,8.567162647289902e-05
867,1.1565686881296204,8.562233568177334e-05
868,1.242874955490597,8.553741202241155e-05
869,1.100944474468336,8.56738805338814e-05
870,1.0728095582821138,8.569899825934107e-05
871,1.048800222630717,8.571992540127399e-05
872,1.0713530468866053,8.57002811101655e-05
873,1.0347151912854096,8.573198461706458e-05
874,1.0294020363539682,8.573649176400077e-05
875,1.437415152897043,8.532402999500551e-05
876,1.4717378098706608,8.52832413955431e-05
877,1.443907893283577,8.53163861381423e-05
878,1.3779953612233216,8.539242076283837e-05
879,1.3067833746074362,8.547066160905093e-05
880,1.3799617754536773,8.539020262212778e-05
881,1.3501119427922579,8.542354048611918e-05
882,1.2827378095614137,8.549616175580989e-05
883,1.2129387172922628,8.556754913784667e-05
884,1.2017414973217475,8.557863589158704e-05
885,1.2736207310097842,8.550570887817361e-05
886,1.3582365804567986,8.54145371331783e-05
887,1.4334202766085278,8.53287164217574e-05
888,1.2594552648252522,8.552040991600832e-05
889,1.1955585819530714,8.558471447704076e-05
890,1.1315609020596384,8.564581911728573e-05
891,1.100955554517164,8.567387051574009e-05
892,1.1738338602829934,8.560582800526788e-05
893,1.26176729006242,8.551802149892298e-05
894,1.1236042180600636,8.5653184750265e-05
895,1.0703832765070753,8.570113430057367e-05
896,1.043309529723637,8.572464553002242e-05
897,1.0920746916630575,8.568186834178362e-05
898,1.0360928620967587,8.573081219786867e-05
899,1.021228049834533,8.574338099506583e-05
900,1.2719699573189067,8.550743037201624e-05
901,1.187912271260133,8.559218910993164e-05
902,1.1194050059232115,8.565705138064485e-05
903,1.1176473690781894,8.565866557474262e-05
904,1.0568772422503692,8.571293745386858e-05
905,1.0452939731851012,8.572294240657443e-05
906,1.1039878090295736,8.567112513495704e-05
907,1.023100849445672,8.574180734653627e-05
908,1.007210299968178,8.575506915312471e-05
909,1.0085145519676593,8.575398838893106e-05
910,0.0,0.0
911,0.3264741225531023,8.612927294737652e-05
912,0.6403787506318405,8.60039619356967e-05
913,0.9312148303686448,8.581565374924635e-05
914,1.1923788286872923,8.558782856711182e-05
915,1.4224473252105772,8.53415233545544e-05
916,1.6255903670911847,8.508890035586194e-05
917,1.810775037463782,8.483020441071603e-05
918,1.9894337185498396,8.455523894357947e-05
919,2.171559367254234,8.424958777298375e-05
920,2.3607597858128937,8.390532401942538e-05
921,2.5478496395303663,8.353850612464606e-05
922,2.692852463012102,8.323642485486943e-05
923,0.4234179335694643,8.609923720088024e-05
924,0.662967279230197,8.599181791239211e-05
925,0.9213757492373977,8.582315383523152e-05
926,1.170101999792868,8.560941652963714e-05
927,1.3971664742990983,8.537066358308225e-05
928,1.6002329882760244,8.51222219023442e-05
929,1.7837273265191742,8.486966671250373e-05
930,1.9560091735567091,8.460856338239864e-05
931,2.125923859787606,8.432856024601117e-05
932,2.298336912568676,8.402189467927572e-05
933,2.46760405940656,8.369902715641445e-05
934,2.604896785599801,8.342150000648832e-05
935,2.6491003362546945,8.332919404730228e-05
936,2.569676210496416,8.34940217353376e-05
937,2.417316685319573,8.379718431866975e-05
938,2.2432547141167967,8.412231824903142e-05
939,2.0681650444323885,8.442622998173012e-05
940,1.8946609097135998,8.470418630331989e-05
941,1.7167003983910518,8.496498957865357e-05
942,1.5250957223958432,8.521796911570458e-05
943,1.3118249639369446,8.546525615666128e-05
944,1.0732746951286527,8.569858821868583e-05
945,0.8126355909264068,8.590078435574903e-05
946,0.5438978944477474,8.605111271135444e-05
947,0.8362475663412454,8.588474822008373e-05
948,1.0473221067474583,8.572119848468178e-05
949,1.2606966864320743,8.551912801109217e-05
950,1.463708926345237,8.529286694510045e-05
951,1.6498175627822074,8.505658954680663e-05
952,1.817392053828474,8.482046323086952e-05
953,1.9688002557977764,8.458825886963291e-05
954,2.1084358477955925,8.43584019052984e-05
955,2.240107032004445,8.41279876806469e-05
956,2.3627703997582703,8.390152067353099e-05
957,2.4639929324238694,8.370613851847828e-05
958,2.5200273421678725,8.359470076213174e-05
959,2.5067768878314602,8.362126249118493e-05
960,2.431307824479443,8.377006379922863e-05
961,2.3099003054097214,8.400052199290931e-05
962,2.1634205017744006,8.42637884649909e-05
963,2.0055725979625043,8.45291827236856e-05
964,1.839663986480229,8.478742473904863e-05
965,1.6627917543768516,8.503909602283282e-05
966,1.4704831623289127,8.528474893401405e-05
967,1.2605506936027764,8.551927882914352e-05
968,1.0363890526289516,8.573055993390818e-05
969,1.2283917017664043,8.555208261630992e-05
970,1.4146404443687928,8.535057652415986e-05
971,1.587686472274034,8.513852096213596e-05
972,1.7439427049014793,8.492667163258449e-05
973,1.8813878999386526,8.472449055647669e-05
974,1.9985051078553357,8.45406179096394e-05
975,2.0954939121332647,8.43803354742063e-05
976,2.1749672454168483,8.424362672469886e-05
977,2.2426026563149493,8.412349331572877e-05
978,2.3046221975108336,8.401029004734358e-05
979,2.358826565733244,8.390897810584826e-05
980,2.390412686513929,8.384892453297051e-05
981,2.3785746368044913,8.387151933636503e-05
982,2.3293996300373117,8.396425326409496e-05
983,2.2414091024671214,8.41256433729297e-05
984,2.119999095805639,8.433869649103893e-05
985,1.9754086475561023,8.457771918938642e-05
986,1.8147116506290404,8.48244132814711e-05
987,1.6404902332296263,8.50690838621914e-05
988,1.4542184177759827,8.530417854608587e-05
989,1.5869968906704086,8.513941317966663e-05
990,1.7389971337491386,8.49336711472885e-05
991,1.856019568080309,8.476291635404048e-05
992,1.9478610484422867,8.462143170332995e-05
993,2.0178617930482785,8.450920715707861e-05
994,2.064754051607537,8.443191799736688e-05
995,2.0914187068435623,8.438721545043107e-05
996,2.1093372456890345,8.435686947075443e-05
997,2.1375435823376594,8.430860304143838e-05
998,2.185873183511926,8.422449069321144e-05
999,2.2518651938901977,8.410677120505264e-05
1000,2.2822425838076814,8.405147413618947e-05
1001,2.286787426686559,8.404314105485158e-05
1002,2.2672513945628934,8.407885029644006e-05
1003,2.215173443014003,8.417263140530122e-05
1004,2.114514933185029,8.434805502955483e-05
1005,1.972608609177496,8.458218907163556e-05
1006,1.8104558840563998,8.4830673385108e-05
1007,1.8895444841383002,8.471202931852707e-05
1008,1.96946474200913,8.458720061093072e-05
1009,1.9967579542281053,8.454343886308054e-05
1010,2.0118901467947254,8.45189283493886e-05
1011,2.008410836710552,8.452457962152673e-05
1012,1.9882461186884326,8.455714838646488e-05
1013,1.9664811008966232,8.4591949674684e-05
1014,1.9688380248573214,8.458819872789111e-05
1015,2.011792115307528,8.451908770481801e-05
1016,2.0798457487904374,8.440668415075142e-05
1017,2.17128714704802,8.425006355823212e-05
1018,2.2137846442481877,8.417510419544658e-05
1019,2.239044293970542,8.412990013157519e-05
1020,2.257784072322369,8.409605156849133e-05
1021,2.246410007018527,8.411662758037938e-05
1022,2.1284563157350402,8.432421946949534e-05
1023,2.0488548579476196,8.44583129033043e-05
1024,2.0169728458460345,8.451065600687808e-05
1025,1.983675363793271,8.456448716499594e-05
1026,1.9336283120788034,8.464378615536246e-05
1027,1.8722381888941113,8.473840749139166e-05
1028,1.8187354170411356,8.481848143632952e-05
1029,1.8015588426248632,8.484371495965763e-05
1030,1.8412773321806044,8.478501645254142e-05
1031,1.919688439909202,8.466552850167614e-05
1032,2.0561831027389017,8.44461711019608e-05
1033,2.141386074452672,8.430198076908169e-05
1034,2.1994499198056214,8.420054196697304e-05
1035,2.244860132309457,8.411942376934523e-05
1036,2.294106903632026,8.4029687856188e-05
1037,2.0190948618853772,8.450719643334516e-05
1038,1.9605911138612715,8.460130457041237e-05
1039,1.855721932421233,8.476336421446438e-05
1040,1.7520452862373865,8.491516251393233e-05
1041,1.6703032995076421,8.502890731826009e-05
1042,1.6358598493434855,8.507526094023502e-05
1043,1.6730281339925388,8.502520034902563e-05
1044,1.7612106788184705,8.49020817179297e-05
1045,1.9290476370560385,8.465094735540506e-05
1046,2.0700052400393503,8.442315764794135e-05
1047,2.1823840328776214,8.423062275291937e-05
1048,2.2230646172474517,8.415855319693966e-05
1049,1.9322955565430988,8.464587139620677e-05
1050,1.7739181139960971,8.488383686580252e-05
1051,1.6308219349016133,8.508196245285108e-05
1052,1.5239163279266825,8.521943631998444e-05
1053,1.4708786924427804,8.528427381485819e-05
1054,1.501565555009078,8.524703245671183e-05
1055,1.5988738734986452,8.512399353018761e-05
1056,1.7272639735133961,8.495020042711351e-05
1057,1.9541734597529445,8.461146700499951e-05
1058,2.135011123207126,8.431296139944309e-05
1059,1.6491075550740308,8.505754304263447e-05
1060,1.502047477290845,8.524644162376431e-05
1061,1.3813971887924648,8.538858150384554e-05
1062,1.309776507243284,8.5467454916107e-05
1063,1.3226271210725051,8.545360570300756e-05
1064,1.426508816914608,8.53367942425595e-05
1065,1.56787917184987,8.516399878936812e-05
1066,1.7806257197628477,8.487415535978333e-05
1067,1.3668874583702495,8.540489250909733e-05
1068,1.247795271618258,8.55323896234693e-05
1069,1.16601787402776,8.561333089933293e-05
1070,1.1449048911194861,8.563335142454136e-05
1071,1.2443614220745647,8.5535896770417e-05
1072,1.401985196097006,8.53651486273888e-05
1073,1.135657574804685,8.564200678926681e-05
1074,1.0588172876897535,8.571125111387609e-05
1075,1.0223661693790622,8.574242501225048e-05
1076,1.0641248045573357,8.57066220773425e-05
1077,0.9978665381451876,8.576277140381429e-05
1078,0.9842442790814292,8.577387334856738e-05
1079,0.8778569616110717,8.585538061904573e-05
1080,1.1076909181792294,8.566776226961084e-05
1081,1.329318230747714,8.544634218360665e-05
1082,1.533545197209094,8.520742539602343e-05
1083,1.7186310831324583,8.496229313858157e-05
1084,1.8878822205746164,8.471457304003638e-05
1085,2.046958690730271,8.446144784809942e-05
1086,2.200374977672904,8.419890511044423e-05
1087,2.3467159265781246,8.393180529886174e-05
1088,2.4721942741766134,8.368997370046844e-05
1089,2.548945537496662,8.35362809653376e-05
1090,1.242924120362377,8.553736193390894e-05
1091,1.4360996792008343,8.532557459568287e-05
1092,1.6164917145439366,8.510091514307723e-05
1093,1.7796869268239766,8.48755124975082e-05
1094,1.924483246767051,8.465806692275053e-05
1095,2.051944949843813,8.445319811562136e-05
1096,2.164159827414644,8.426250057322085e-05
1097,2.262626385339181,8.408726198698702e-05
1098,2.3458038382471544,8.393352002552722e-05
1099,2.406954770650972,8.381717577864057e-05
1100,2.435734914982124,8.376145190107811e-05
1101,2.415039504351561,8.380158460370025e-05
1102,2.3550823326969974,8.391604731631276e-05
1103,2.260128529676375,8.409179821305507e-05
1104,2.139849088110893,8.430463101228179e-05
1105,2.002688591027472,8.453385369284797e-05
1106,1.8516290036370677,8.476951595722114e-05
1107,1.6859544708788938,8.500753520552704e-05
1108,1.504601819271124,8.52433069370062e-05
1109,1.3092340421028552,8.546803661979486e-05
1110,1.5847268950706128,8.514234756234954e-05
1111,1.7361800116789403,8.493764966946826e-05
1112,1.8656030813870381,8.474845891781131e-05
1113,1.9723626734101336,8.458258138542044e-05
1114,2.0557939116072625,8.444681697051592e-05
1115,2.1172201836541786,8.434344148478908e-05
1116,2.162595219732492,8.426522559934691e-05
1117,2.2032599490868914,8.41937960824857e-05
1118,2.2479763749543498,8.41137997879413e-05
1119,2.2910100587915965,8.403538478860085e-05
1120,2.316799006925093,8.398772312034914e-05
1121,2.3092115305625027,8.400179788067326e-05
1122,2.275197432688325,8.406436077773512e-05
1123,2.211492193954936,8.417918275688047e-05
1124,2.1147773335312543,8.43476077760548e-05
1125,1.9887572607036665,8.455632669722187e-05
1126,1.841111287420026,8.478526440589252e-05
1127,1.677965129876546,8.50184689743503e-05
1128,1.8651192233036984,8.474919056708178e-05
1129,1.95062938156468,8.461706544111675e-05
1130,2.0070167444513296,8.452684135909819e-05
1131,2.0390840940756942,8.447443739579266e-05
1132,2.0490417313156,8.445800379485708e-05
1133,2.0464661618856312,8.446226169694721e-05
1134,2.0512086561052354,8.445441751092521e-05
1135,2.082598664573493,8.440206234123898e-05
1136,2.135275465243657,8.431250669611261e-05
1137,2.2017632766921977,8.419644734546176e-05
1138,2.2314737103136117,8.414349902469834e-05
1139,2.242334940193625,8.412397567099118e-05
1140,2.2397904744141846,8.412855743151427e-05
1141,2.2118592052537056,8.417853006514979e-05
1142,2.1255789344202887,8.432915108897102e-05
1143,1.9917488468309326,8.455151351271661e-05
1144,2.010149238407462,8.452175718725967e-05
1145,2.014459402548102,8.451474924672494e-05
1146,1.9972447901004304,8.454265305472216e-05
1147,1.9608965385632626,8.460082013258933e-05
1148,1.918338950822781,8.466762533395817e-05
1149,1.8944217380313193,8.470455338486068e-05
1150,1.9159298479139897,8.467136507998074e-05
1151,1.9771194390534848,8.457498516161604e-05
1152,2.0794787183930743,8.440729991102182e-05
1153,2.146552081567393,8.429305975131056e-05
1154,2.192251957659205,8.421325628620665e-05
1155,2.228406356884137,8.414899648939479e-05
1156,2.2676494935966978,8.407812550204173e-05
1157,2.2540042363253527,8.410290025931775e-05
1158,1.9971340230346866,8.454283186140413e-05
1159,1.940129431813936,8.463359472182009e-05
1160,1.860841946940499,8.475565037725667e-05
1161,1.7837371957171955,8.486965241778092e-05
1162,1.735869813920206,8.493808737024521e-05
1163,1.7488286534290391,8.491973766489444e-05
1164,1.818088577929872,8.48194358606058e-05
1165,1.9107411230226918,8.467940445336017e-05
1166,2.059497163837212,8.444066665490616e-05
1167,2.151328784550465,8.428479289474358e-05
1168,2.2133677553818023,8.417584619062538e-05
1169,2.254194337355579,8.410255607305128e-05
1170,1.8748144617889286,8.473449550241733e-05
1171,1.7545473626892836,8.491159809784489e-05
1172,1.6468451357269906,8.50605786777449e-05
1173,1.577206842948959,8.515203945554915e-05
1174,1.5790020429070297,8.514972985881585e-05
1175,1.6546179225560207,8.505013253402544e-05
1176,1.764781300868144,8.48969679302154e-05
1177,1.9505318370916083,8.461721939072657e-05
1178,2.1070829352863454,8.436070077708824e-05
1179,2.218053703441675,8.416749836610826e-05
1180,1.6362293832481034,8.507476859172788e-05
1181,1.5092037580309055,8.523764634930006e-05
1182,1.4210136816747565,8.534318951279224e-05
1183,1.404516784172536,8.536224382600159e-05
1184,1.4813154595909765,8.527169193437746e-05
1185,1.6062851080434533,8.511431513051447e-05
1186,1.797328410336064,8.484989436808393e-05
1187,1.9755074525363234,8.457756134997621e-05
1188,1.3729078970730164,8.53981451300003e-05
1189,1.274278895586798,8.55050219064794e-05
1190,1.232023092993069,8.554842012298741e-05
1191,1.2964867182401514,8.548163799609042e-05
1192,1.4347612695266219,8.532714471025251e-05
1193,1.5934247408810098,8.513108188770122e-05
1194,1.1493874622395543,8.562913091913105e-05
1195,1.0898952319892592,8.568382133180876e-05
1196,1.1086690731594715,8.566687213443759e-05
1197,1.2595599478749864,8.552030186706637e-05
1198,1.0091194271725425,8.575348669188493e-05
1199,1.001591395181197,8.575970943440374e-05
1200,1.6089153487879235,8.51108698323567e-05
1201,1.7677321783440663,8.489273419376618e-05
1202,1.9072554515154432,8.468479339803999e-05
1203,2.0252333629981694,8.449716916519505e-05
1204,2.121215800331489,8.433661710934086e-05
1205,2.196476934116555,8.420579815526567e-05
1206,2.253964925054409,8.410297143068955e-05
1207,2.2960146048081,8.402617486393366e-05
1208,2.321084696218584,8.397975402110256e-05
1209,1.8667693131057856,8.47466946920204e-05
1210,1.971289614178171,8.458429256983536e-05
1211,2.0456679632403887,8.446358023504348e-05
1212,2.091220700587312,8.438754941096708e-05
1213,2.116043931540214,8.434544815736718e-05
1214,2.134637234823265,8.431360444590478e-05
1215,2.1608486899926382,8.426826527001273e-05
1216,2.1932195862906654,8.42115493796387e-05
1217,2.222888824246609,8.415886733392201e-05
1218,2.22822336053057,8.414932423921645e-05
1219,2.218694475566508,8.416635556194743e-05
1220,2.2001983618410055,8.41992176760016e-05
1221,2.1698560051095948,8.425256397353483e-05
1222,2.1149179198671355,8.434736812921019e-05
1223,2.0259190136338554,8.449604735083197e-05
1224,1.9070391074266502,8.468512756122227e-05
1225,2.0145356409489414,8.451462516109837e-05
1226,2.043490071083625,8.446717538700788e-05
1227,2.040176008393765,8.44726390745932e-05
1228,2.0188011971421314,8.450767540875732e-05
1229,2.002080017539176,8.453483852579223e-05
1230,2.014877488259659,8.451406871534221e-05
1231,2.056778222859858,8.444518326618976e-05
1232,2.1033591441109896,8.436702101798867e-05
1233,2.1534959830866023,8.428103646888705e-05
1234,2.1737302693258966,8.42457914610406e-05
1235,2.1872280090635887,8.42221071390215e-05
1236,2.2005146234030715,8.41986579558831e-05
1237,2.1947723512535022,8.420880879933158e-05
1238,2.1294619792148013,8.43224943447652e-05
1239,2.007593727274971,8.452590545945466e-05
1240,1.9658305948554706,8.459298417202471e-05
1241,1.9063935908929635,8.468612440450407e-05
1242,1.8596196656254431,8.47574937265491e-05
1243,1.8601244891894362,8.47567325320346e-05
1244,1.9115316583574247,8.467818095226773e-05
1245,1.9803195101984539,8.45698650368353e-05
1246,2.0716968660984856,8.442033106926243e-05
1247,2.129562566730385,8.43223217534802e-05
1248,2.175852532055402,8.424207673781379e-05
1249,2.2239491303929815,8.415697224205275e-05
1250,2.266280522353693,8.408061740149643e-05
1251,1.8688630329877962,8.47435247458382e-05
1252,1.7807119005729823,8.487403074053023e-05
1253,1.7097165855867633,8.497471887998777e-05
1254,1.6968990565688022,8.499247550998274e-05
1255,1.755131327640279,8.491076548490806e-05
1256,1.8453180135800515,8.477897591001104e-05
1257,1.9731709083660878,8.458129192315012e-05
1258,2.081124278645481,8.440453837778063e-05
1259,2.175633356600171,8.424246053245964e-05
1260,2.2402450002415124,8.41277393370841e-05
1261,1.6457753805516468,8.506201263186255e-05
1262,1.556463925841123,8.517854086134906e-05
1263,1.5266554904944862,8.521602701790806e-05
1264,1.5852493081206067,8.514167260969697e-05
1265,1.6933890980172377,8.49973154608777e-05
1266,1.817434102564439,8.482040121989432e-05
1267,1.9940260389397901,8.454784509302211e-05
1268,2.1327090281243226,8.431691905232111e-05
1269,1.4077355611162767,8.535854313299152e-05
1270,1.3566047086435822,8.541634974279233e-05
1271,1.4030242081077675,8.53639570612125e-05
1272,1.5230462440866035,8.522051802382364e-05
1273,1.668018033468521,8.503201177200043e-05
1274,1.8477967260863029,8.47752641074611e-05
1275,1.203962305449761,8.557644503048989e-05
1276,1.2183075197946265,8.55621974485201e-05
1277,1.3414818342805703,8.543304605121383e-05
1278,1.5027497306518844,8.524558033600474e-05
1279,1.0594959049501942,8.571066052069843e-05
1280,1.1675024041735353,8.561190963192647e-05
1281,2.0532705656887704,8.445100167862596e-05
1282,2.100746735086344,8.437144862037492e-05
1283,2.112040065862203,8.435227077605768e-05
1284,2.108057549228258,8.435904485206879e-05
1285,2.1120304290303986,8.435228718250488e-05
1286,2.1282876035376157,8.43245088043312e-05
1287,2.142051736819055,8.430083240031123e-05
1288,2.0523587001747208,8.445251271009863e-05
1289,2.02880463758311,8.449132212568328e-05
1290,1.995552509914479,8.45453838002901e-05
1291,1.98740096296878,8.455850657898591e-05
1292,2.0136130818142655,8.451612641766665e-05
1293,2.0500893910101947,8.445627035725014e-05
1294,2.084023301849394,8.439966826803931e-05
1295,2.1005559433236636,8.43717717762438e-05
1296,2.106163462166016,8.436226234840342e-05
1297,2.1161360615621216,8.434529102279464e-05
1298,2.1349813516834715,8.431301260706592e-05
1299,2.135403346240431,8.431228670470414e-05
1300,1.9139891618759595,8.467437441010796e-05
1301,1.8590789287485414,8.475830885260026e-05
1302,1.8413908430775672,8.478484693523309e-05
1303,1.8785558714164847,8.472880509812541e-05
1304,1.9398226113230939,8.463407644272622e-05
1305,1.9972897832028425,8.45425804215196e-05
1306,2.065170170163998,8.443122457532229e-05
1307,2.10813627203776,8.435891106577521e-05
1308,2.1446300644041876,8.429638120196143e-05
1309,2.160953822973396,8.426808236170066e-05
1310,1.707188784921414,8.497823096658486e-05
1311,1.677952188988123,8.501848664376733e-05
1312,1.7212598580599023,8.49586170217939e-05
1313,1.8056825440172752,8.483767799236548e-05
1314,1.8970906311452687,8.470045463992229e-05
1315,2.0067604492887217,8.452725700243097e-05
1316,2.095840602528901,8.437974958615343e-05
1317,2.1566217702534334,8.427561220490373e-05
1318,1.5104518902467479,8.5236108189453e-05
1319,1.5479060612595135,8.51893751097247e-05
1320,1.6472904878633987,8.505998143899901e-05
1321,1.7677861812078066,8.489265665025273e-05
1322,1.9049202760777182,8.468839836942051e-05
1323,2.026264457846287,8.449548202171242e-05
1324,1.3729136467044905,8.539813867226017e-05
1325,1.4734333654653409,8.528120208615528e-05
1326,1.6122357760839576,8.510651266288192e-05
1327,1.7591239076412752,8.490506573365783e-05
1328,1.3033362365809242,8.547434578889288e-05
1329,1.4483412805924263,8.531114742522315e-05
1330,2.0113144037880906,8.451986414450208e-05
1331,2.001260614680865,8.453616408535733e-05
1332,2.0112245544565175,8.452001015982414e-05
1333,2.0300365652792665,8.448930288539035e-05
1334,2.0407297116238805,8.447172680632849e-05
1335,1.8439455202381558,8.478102912082873e-05
1336,1.874902531768238,8.473436167967905e-05
1337,1.927123647963088,8.46539503755334e-05
1338,1.974175443437302,8.45796885792045e-05
1339,2.013266553756672,8.45166901443946e-05
1340,2.040636188996221,8.447188090853008e-05
1341,2.0480192308344094,8.445969479122188e-05
1342,2.030296909343627,8.44888760085744e-05
1343,1.712245049928225,8.497120084737946e-05
1344,1.789068410437494,8.486191945362573e-05
1345,1.8745035685230929,8.47349678579269e-05
1346,1.9507465307436418,8.461688054063963e-05
1347,2.024025181219522,8.449914502838616e-05
1348,2.059901323491249,8.44399947941512e-05
1349,1.6306415805201016,8.50822019915543e-05
1350,1.741603195674654,8.492998515388832e-05
1351,1.856125235821676,8.476275733633926e-05
1352,1.9597427909582512,8.460264972722752e-05
1353,1.5910647442749801,8.513414453499984e-05
1354,1.7273515469292828,8.495007745688664e-05
1355,1.9310244528577,8.464785889385437e-05
1356,1.976235839457328,8.457639753055422e-05
1357,1.996048804365072,8.454458318436123e-05
1358,1.8699689433915625,8.474184899214985e-05
1359,1.941466330152809,8.463149488512456e-05
1360,1.988505853189361,8.455673087399413e-05
1361,2.0020432845783107,8.453489796030503e-05
1362,1.8460997794774199,8.477780575434922e-05
1363,1.936394612792573,8.463945358514774e-05
1364,1.985584788617379,8.45614233644496e-05
1365,1.3662497097118707,8.540560556336974e-05
1366,1.4430216423252233,8.53174314967747e-05
1367,1.6461950116577018,8.506145024464324e-05
1368,1.9148667772462558,8.467301389527788e-05
1369,2.191776851506186,8.421409411766913e-05
1370,2.439386050334409,8.375433845942936e-05
1371,2.637538215061645,8.335347621773926e-05
1372,2.7785100783278582,8.305077488917027e-05
1373,2.8637128304078074,8.286085951815049e-05
1374,2.9015717567915615,8.27748039719433e-05
1375,2.905826846955694,8.276506800403021e-05
1376,2.8935526538148557,8.279311722429378e-05
1377,2.881773641040008,8.281993385521211e-05
1378,1.4536973790289225,8.530479748587188e-05
1379,1.5958264032962113,8.512796064494299e-05
1380,1.8228362255865334,8.481242301129118e-05
1381,2.079117474869442,8.44079058619016e-05
1382,2.322439146164581,8.397723259169699e-05
1383,2.5277089252567637,8.357924287511537e-05
1384,2.683350064613669,8.325669173029964e-05
1385,2.7876686734013227,8.303061097327066e-05
1386,2.846264385926196,8.290017601648242e-05
1387,2.8700353416911537,8.284655927025927e-05
1388,2.8733015830952624,8.283916049660667e-05
1389,2.871375999269783,8.284352330075182e-05
1390,2.876564146428637,8.283176244546456e-05
1391,2.891611644692291,8.279754302333315e-05
1392,2.877746997106542,8.282907838522401e-05
1393,2.8634693710913592,8.286140960262541e-05
1394,2.8275331955750977,8.294214013992796e-05
1395,2.753993930471454,8.310445263121694e-05
1396,2.6324666648140993,8.33640963795041e-05
1397,2.4591584880274437,8.371564377623643e-05
1398,2.2387168740554158,8.413048916793233e-05
1399,1.9870783320258913,8.45590249119276e-05
1400,1.7357897955894674,8.493820026688751e-05
1401,1.5357315417665756,8.520468792397376e-05
1402,1.6569790259255246,8.504694992321683e-05
1403,1.8069866055082895,8.483576612277311e-05
1404,2.005476915602267,8.452933779471714e-05
1405,2.2136005751903043,8.417543182504744e-05
1406,2.4036803836968756,8.382347645054244e-05
1407,2.5600979317957657,8.351358629656739e-05
1408,2.6770377392466806,8.327011841788488e-05
1409,2.755950796200999,8.310018405196239e-05
1410,2.8033486931975595,8.29959489087912e-05
1411,2.828898690874146,8.293908947955857e-05
1412,2.8435975108969247,8.290616606593235e-05
1413,2.8574766734134833,8.287493644490837e-05
1414,2.8762757640379526,8.283241667554919e-05
1415,2.8659064391152014,8.285590125454684e-05
1416,2.8144656245922435,8.297126674819229e-05
1417,2.7633753695215875,8.308396339446677e-05
1418,2.694313943065779,8.323330195484175e-05
1419,2.5940843796816795,8.344386049612656e-05
1420,2.4564703053343915,8.372092163753722e-05
1421,2.2834210545415528,8.404931487798298e-05
1422,2.087061332572153,8.439455772524376e-05
1423,1.892235389972429,8.470790693986052e-05
1424,1.8659047357084275,8.474800268945392e-05
1425,1.9810956770249244,8.456862197557676e-05
1426,2.126641639031654,8.432733042829358e-05
1427,2.2785514973815815,8.405823036209199e-05
1428,2.4195365514094784,8.379289106054741e-05
1429,2.5397529532935508,8.355491853536205e-05
1430,2.635571513556617,8.335759685459714e-05
1431,2.7078075304510056,8.320439539684622e-05
1432,2.7600721596072972,8.309118492262365e-05
1433,2.7974746964593407,8.300895463638923e-05
1434,2.82556336190079,8.294653859770222e-05
1435,2.8490283486538512,8.289396252175278e-05
1436,2.869753403484115,8.284719756646175e-05
1437,2.7840821899700208,8.303851431856744e-05
1438,2.6942586144413627,8.323342020970466e-05
1439,2.613326944414228,8.340400658318811e-05
1440,2.5310335367362518,8.357253913483896e-05
1441,2.4369245790831426,8.375913519053457e-05
1442,2.3271639837347986,8.396842608203125e-05
1443,2.206259758750067,8.418847698203685e-05
1444,2.006413321216992,8.452781987212241e-05
1445,2.0730560493124908,8.441805838674707e-05
1446,2.1678164313307735,8.425612471333478e-05
1447,2.276921870130528,8.406120998588791e-05
1448,2.3887755360087155,8.385205554364607e-05
1449,2.4948888443712987,8.364498251946211e-05
1450,2.5896474597697132,8.345301138243256e-05
1451,2.669700117046151,8.328568947826346e-05
1452,2.733498668322676,8.314899315889457e-05
1453,2.7811534859607705,8.304496127099317e-05
1454,2.81439669458639,8.297142006256395e-05
1455,2.836122372459366,8.292292875173363e-05
1456,2.7651420832913245,8.308009774165712e-05
1457,2.647202924445691,8.333318559598254e-05
1458,2.5335250007365433,8.356750999894879e-05
1459,2.4543270675749365,8.37251257271787e-05
1460,2.4060391554464635,8.381893843907462e-05
1461,2.367466408002096,8.389262573883979e-05
1462,2.0595913501409844,8.444051009412522e-05
1463,2.0870552878674142,8.43945679006041e-05
1464,2.150635838252188,8.428599322947785e-05
1465,2.2413388435174935,8.412576990315291e-05
1466,2.347935642315498,8.392951125642531e-05
1467,2.458845135817737,8.371625927504845e-05
1468,2.5636040499385535,8.350643255082157e-05
1469,2.653901986775097,8.331908115722526e-05
1470,2.724331701699204,8.316881642191533e-05
1471,2.7729457620948086,8.306299595464494e-05
1472,2.7328902221583338,8.315031079113759e-05
1473,2.6842092944049396,8.325486185380253e-05
1474,2.6022321419228316,8.342701856491713e-05
1475,2.48455902966317,8.36655083906666e-05
1476,2.3782010890122085,8.387223060465917e-05
1477,2.37385632617849,8.388049574476177e-05
1478,2.0488548579476196,8.44583129033043e-05
1479,2.0595939236764145,8.444050581618138e-05
1480,2.117319152563991,8.434327259671835e-05
1481,2.2120119112385033,8.417825846319046e-05
1482,2.3284443677449294,8.396603671420432e-05
1483,2.450150498093528,8.373330850167442e-05
1484,2.562696839706589,8.350828445536957e-05
1485,2.655596764102105,8.331550771858545e-05
1486,2.6846840360931385,8.325385057976364e-05
1487,2.5819969882890974,8.346875605249206e-05
1488,2.5297316779496497,8.357516517325632e-05
1489,2.4969526447155577,8.364087216128989e-05
1490,2.454653696489996,8.372448524560245e-05
1491,2.37788441364729,8.387283350095162e-05
1492,2.0190948618853772,8.450719643334516e-05
1493,2.0359842730378293,8.447953762969119e-05
1494,2.1056564581793027,8.436312313317121e-05
1495,2.2134212951046583,8.417575090590568e-05
1496,2.3396997368837624,8.394497966012189e-05
1497,2.4656102060682406,8.370295483315534e-05
1498,2.57645582273407,8.348013289867397e-05
1499,2.566258899220324,8.350100967677332e-05
1500,2.446048351055059,8.374133283176521e-05
1501,2.366576302151866,8.389431300069336e-05
1502,2.335910513928203,8.395207934037747e-05
1503,2.3920700321898716,8.384575285749344e-05
1504,2.0109389970660723,8.452047418156775e-05
1505,2.04501252498755,8.44646625822044e-05
1506,2.1286575210056466,8.432387438187743e-05
1507,2.2437308802417366,8.412145995154928e-05
1508,2.369939968662839,8.388793380297668e-05
1509,2.4899014648069566,8.365490257688645e-05
1510,2.463065916950787,8.370796251908074e-05
1511,2.3977041283161706,8.383495548352167e-05
1512,2.2736855052923364,8.406712143594873e-05
1513,2.2210220227078104,8.416220180806764e-05
1514,2.039014306224698,8.447455230126956e-05
1515,2.0858079905784033,8.439666694087199e-05
1516,2.1733665557175477,8.424642774653821e-05
1517,2.284189752226544,8.404790586344425e-05
1518,2.400752793772227,8.382910302269767e-05
1519,2.3888775177216,8.385186056464786e-05
1520,2.3422399102543876,8.394021422352995e-05
1521,2.274100955398036,8.406636302938222e-05
1522,2.089841879244879,8.438987412042007e-05
1523,2.137220574197556,8.430915921034591e-05
1524,2.2172388364992424,8.416895121492108e-05
1525,2.3157401268070106,8.398968994387724e-05
1526,2.3495278522394307,8.392651494615699e-05
1527,2.329524588949331,8.39640199182789e-05
1528,2.139122816359082,8.430588270370853e-05
1529,2.176899696778123,8.424024255969365e-05
1530,2.243102343948929,8.412259286257695e-05
1531,2.327339265848274,8.396809905498975e-05
1532,2.1681053325665727,8.42556205348019e-05
1533,2.1914757956073823,8.421462492937006e-05
1534,1.7271553407154394,8.495035296047029e-05
1535,1.9256411005695937,8.465626242302486e-05
1536,2.146994656450044,8.429229453551509e-05
1537,2.3551011145718315,8.391601188188323e-05
1538,2.5293596198476345,8.357591543846562e-05
1539,2.661260959611242,8.330354954362613e-05
1540,2.7512730509868932,8.311038317774197e-05
1541,2.806604412868381,8.298872966214905e-05
1542,2.839238828371883,8.2915945098911e-05
1543,2.8597026590109507,8.286991490306201e-05
1544,2.864260858172652,8.285962112098867e-05
1545,1.9245335047149803,8.46579886179835e-05
1546,2.0818418064247184,8.440333359274745e-05
1547,2.2501882530576616,8.410980348182302e-05
1548,2.4060797304076553,8.381886034105147e-05
1549,2.5370145078779207,8.35604585594337e-05
1550,2.6390850737845435,8.335023324851891e-05
1551,2.7144973968077997,8.31900150099786e-05
1552,2.7689758314337634,8.307170156564648e-05
1553,2.8076526821264074,8.298640360247187e-05
1554,2.8313373679544624,8.293363788880893e-05
1555,2.8441933488066744,8.290482820068023e-05
1556,2.8472466743194644,8.289796842118664e-05
1557,2.8118535179619886,8.297707421756582e-05
1558,2.7496857684999987,8.311384041391197e-05
1559,2.6816355886793546,8.326034139265404e-05
1560,2.6002306905275288,8.343116020496222e-05
1561,2.4966500752532452,8.364147496978503e-05
1562,2.3677675721262603,8.389205472539903e-05
1563,2.2184473015736885,8.41667964286812e-05
1564,2.063172420712672,8.443455242234233e-05
1565,2.0565262423877573,8.44456015600352e-05
1566,2.16153124665623,8.426707762105743e-05
1567,2.2799692941780285,8.405563641980773e-05
1568,2.396746273389765,8.383679282380016e-05
1569,2.503316097016465,8.36281785548003e-05
1570,2.5958525910994306,8.34402096344567e-05
1571,2.6732943895203682,8.327806702935114e-05
1572,2.7354691481660525,8.314472410728625e-05
1573,2.781464415832243,8.304427711495604e-05
1574,2.810054221992303,8.29810717200571e-05
1575,2.818802907143637,8.296161288084892e-05
1576,2.788967083300308,8.302774744956732e-05
1577,2.7036643357611636,8.321328521225983e-05
1578,2.606718944177062,8.341772326099197e-05
1579,2.521018731040787,8.359270821139884e-05
1580,2.4458515702918704,8.3741717445567e-05
1581,2.372490051020221,8.388309191867994e-05
1582,2.2959700255085402,8.402625698710216e-05
1583,2.104191675660556,8.436560891673805e-05
1584,2.1683124138376777,8.425525910598752e-05
1585,2.2570751802903435,8.409733683436085e-05
1586,2.357926864431495,8.391067772539408e-05
1587,2.461206656173192,8.371161888525463e-05
1588,2.5593478456898198,8.351511556678565e-05
1589,2.646224443038661,8.333524298027314e-05
1590,2.7166014967751986,8.318548536565363e-05
1591,2.7644752065727256,8.308155716422661e-05
1592,2.7716222566443967,8.306589951746803e-05
1593,2.735873583158141,8.314384754945245e-05
1594,2.6576798444761702,8.331111266964398e-05
1595,2.5476343347233517,8.353894318485633e-05
1596,2.441977773991101,8.374928302494579e-05
1597,2.3868817306507224,8.385567489929329e-05
1598,2.374438339889883,8.387938938705109e-05
1599,2.090093517533852,8.43894499638732e-05
1600,2.136965600020975,8.430959817928046e-05
1601,2.22001719638305,8.416399553094147e-05
1602,2.3245412360050492,8.397331663099049e-05
1603,2.4371579782156374,8.375868055344915e-05
1604,2.545478733807917,8.354331708409614e-05
1605,2.6392085636964384,8.334997427808992e-05
1606,2.708336867059334,8.320325873104434e-05
1607,2.677430224885642,8.326928442419877e-05
1608,2.6221090648360064,8.338572739359893e-05
1609,2.5650192747911196,8.350354241647957e-05
1610,2.490674806633187,8.365336558329232e-05
1611,2.3907535215992084,8.38482724419871e-05
1612,2.3329470839019195,8.395762425484748e-05
1613,2.0580431895306512,8.444308265324196e-05
1614,2.10937616066417,8.435680329878998e-05
1615,2.2026447706684573,8.419488603912078e-05
1616,2.3190244100154684,8.398358678106933e-05
1617,2.44072958225131,8.375171838102881e-05
1618,2.552793948584008,8.35284599663037e-05
1619,2.641038100696861,8.334613625343715e-05
1620,2.5909087706514637,8.345041147422455e-05
1621,2.4731550002581923,8.368807684320044e-05
1622,2.418578965454927,8.379474349875543e-05
1623,2.3974299123069702,8.383548154986047e-05
1624,2.390133845462082,8.384945795138351e-05
1625,2.0476805459324114,8.446025472622712e-05
1626,2.1134526885314497,8.43498650555898e-05
1627,2.2185101184381772,8.416668439108458e-05
1628,2.3409446802711655,8.394264471694074e-05
1629,2.4621428087315573,8.370977819704776e-05
1630,2.545586134746614,8.354309923951734e-05
1631,2.47620987116548,8.368204075251793e-05
1632,2.351435161894345,8.3922923158577e-05
1633,2.2759143270308893,8.406305118278937e-05
1634,2.2709362803124105,8.407213687615921e-05
1635,2.0732069600295304,8.441780596238765e-05
1636,2.148933881445697,8.428893983705883e-05
1637,2.255942145109626,8.409939030925517e-05
1638,2.373396850632432,8.388136898880132e-05
1639,2.452332279997101,8.372903555286502e-05
1640,2.389841426902041,8.38500172808743e-05
1641,2.298207895205608,8.402213257445658e-05
1642,2.2474857448281815,8.411468573114572e-05
1643,2.12142742388467,8.433625532331174e-05
1644,2.1955432580091037,8.420744749289608e-05
1645,2.2939000340369953,8.403006863735359e-05
1646,2.3864856703917394,8.385643149258342e-05
1647,2.342560917816857,8.393961165940711e-05
1648,2.3223327447189264,8.3977430717431e-05
1649,2.168606205904878,8.425474628065088e-05
1650,2.2319238164081696,8.41426917220068e-05
1651,2.316514121168508,8.398825236616769e-05
1652,2.3328639429511973,8.395777972583519e-05
1653,2.1964300231970784,8.420588103915083e-05
1654,2.245344833913995,8.411854949583209e-05
1655,2.1750405474089884,8.424349840798556e-05
1656,2.280393935481692,8.405485921835339e-05
1657,2.385429737823203,8.38584480653026e-05
1658,2.4831476547686773,8.366830671983631e-05
1659,2.572128699042694,8.34890014277232e-05
1660,2.6537305578027937,8.331944249846069e-05
1661,2.7269722843318767,8.316311249672003e-05
1662,2.78199344845463,8.304311289523962e-05
1663,2.8073163192950283,8.298715006173987e-05
1664,2.2093793293248205,8.418293827997546e-05
1665,2.2761230921612925,8.406266974573211e-05
1666,2.3569962711552916,8.391243506399482e-05
1667,2.4458341109946136,8.37417515688859e-05
1668,2.53635504777967,8.356179185590219e-05
1669,2.6226979604071383,8.338449963891561e-05
1670,2.6976321596996535,8.322620579948304e-05
1671,2.750137042791839,8.31128576855929e-05
1672,2.766664522871304,8.307676476350456e-05
1673,2.741428695460832,8.313179560826429e-05
1674,2.67834925237213,8.326733114132981e-05
1675,2.5898346037010973,8.345262570123212e-05
1676,2.4966884395522775,8.364139854042943e-05
1677,2.416854077604235,8.379807854672416e-05
1678,2.3582204957522026,8.391012309522138e-05
1679,2.3152586862872564,8.399058391951205e-05
1680,2.187084904896508,8.422235896913452e-05
1681,2.23842807467878,8.413100865760919e-05
1682,2.3170488037913746,8.398725901056973e-05
1683,2.410685679235383,8.380998689372342e-05
1684,2.5089806394833776,8.361685388029258e-05
1685,2.602276119616707,8.34269275280585e-05
1686,2.6788840304879633,8.326619425124723e-05
1687,2.7161148057338718,8.318653338549608e-05
1688,2.6748980204030177,8.327466313740572e-05
1689,2.6060125715677853,8.341918763211144e-05
1690,2.5176304146122277,8.359951524281426e-05
1691,2.4221029996696584,8.378792292424128e-05
1692,2.3483741380569576,8.392868626032613e-05
1693,2.3361370391587055,8.395165521440421e-05
1694,2.1495383169054723,8.428789362745958e-05
1695,2.2055502539715106,8.418973565461905e-05
1696,2.2936078955896533,8.403060631640911e-05
1697,2.3977693022653668,8.383483044309112e-05
1698,2.5039420422667993,8.362692831933896e-05
1699,2.599106625319404,8.343348496426701e-05
1700,2.651174042402612,8.332482862315749e-05
1701,2.5719326774485842,8.348940285178626e-05
1702,2.4972906484343995,8.36401986769784e-05
1703,2.4231919568888864,8.378581343371002e-05
1704,2.348061104157137,8.392927522433554e-05
1705,2.287436194755732,8.404195025138877e-05
1706,2.134022580024594,8.431466135185886e-05
1707,2.2032837745818723,8.419375386333028e-05
1708,2.3016628323017967,8.401575768384634e-05
1709,2.4109919060782876,8.380939638027176e-05
1710,2.516170032727658,8.360244648994814e-05
1711,2.5614304485990553,8.351086854846808e-05
1712,2.4539099367930373,8.372594355707567e-05
1713,2.371123467101363,8.38856872804335e-05
1714,2.3072105136601944,8.4005502541198e-05
1715,2.2830554390316333,8.404998489076459e-05
1716,2.153618368463192,8.428082423031578e-05
1717,2.231761419478887,8.414298301210146e-05
1718,2.3313723332752434,8.396056810667745e-05
1719,2.4356117720280053,8.376169164516714e-05
1720,2.459079989626412,8.37157979727563e-05
1721,2.3957192163025542,8.383876214442229e-05
1722,2.286916619120064,8.404290394951849e-05
1723,2.2404171263124666,8.412742948902689e-05
1724,2.195687765922783,8.420719226318877e-05
1725,2.2718680656591372,8.407043764990061e-05
1726,2.3630330308791625,8.39010236477304e-05
1727,2.3815031100390742,8.386593964245862e-05
1728,2.3358245957237243,8.395224019600183e-05
1729,2.2811033925137654,8.405356042808406e-05
1730,2.237821095923014,8.413210027952603e-05
1731,2.3036569020908386,8.40120742240534e-05
1732,2.340065909435982,8.394429300910214e-05
1733,2.3203052651242304,8.398120437596138e-05
1734,2.262828437314085,8.40868948446688e-05
1735,2.3154481427399634,8.39902321430778e-05
1736,2.283797123348134,8.404862560364524e-05
1737,2.3159514288672063,8.398929752693725e-05
1738,2.3794362157227216,8.38698784149234e-05
1739,2.46430476311232,8.370552481519083e-05
1740,2.556818588756741,8.352026914187113e-05
1741,2.64180434421263,8.334452809137642e-05
1742,2.6994038582022077,8.32224136633914e-05
1743,2.2405075151792966,8.412726676898593e-05
1744,2.2793757640149535,8.405672250267567e-05
1745,2.351107827922888,8.392353977803685e-05
1746,2.4422498780142066,8.374875196675807e-05
1747,2.538179878568426,8.355810162781871e-05
1748,2.619275540257373,8.339163129472032e-05
1749,2.6317583903032533,8.336557805546939e-05
1750,2.5641218716867487,8.350537524022322e-05
1751,2.474181237697447,8.368604988320759e-05
1752,2.3825863440465485,8.386387410284845e-05
1753,2.3114321176243,8.399768318047544e-05
1754,2.289615858307013,8.403794718815284e-05
1755,2.2199732457455155,8.41640739700665e-05
1756,2.2719230345933825,8.407033738673755e-05
1757,2.351917141949356,8.39220150762588e-05
1758,2.445733735155104,8.374194774401662e-05
1759,2.537088144095441,8.356030966179509e-05
1760,2.56549761974723,8.350256521966072e-05
1761,2.466894739247737,8.37004247793812e-05
1762,2.3802078736896544,8.38684082807845e-05
1763,2.301543014094439,8.401597891745744e-05
1764,2.2669541727066695,8.407939135188644e-05
1765,2.2337121481938262,8.413948268355193e-05
1766,2.2945057570602603,8.402895360272784e-05
1767,2.3748888279563043,8.387853287402081e-05
1768,2.462232872922304,8.370960107607412e-05
1769,2.4720358179237216,8.369028649059199e-05
1770,2.370555371489743,8.388676577328211e-05
1771,2.2970370877822472,8.402429085327165e-05
1772,2.2566636708610344,8.409808275250799e-05
1773,2.269390056617735,8.407495515971563e-05
1774,2.3288260037914195,8.396532429182817e-05
1775,2.4010965350267677,8.382844271386989e-05
1776,2.3827511840042077,8.386355970460817e-05
1777,2.312536541520898,8.399563532412322e-05
1778,2.2742654945528527,8.406606262616722e-05
1779,2.3060242395594637,8.400769737199187e-05
1780,2.3562759740800443,8.391379483185178e-05
1781,2.329101373673957,8.396481017471395e-05
1782,2.312615063795171,8.39954896907679e-05
1783,2.3278629970195066,8.396712178253053e-05
1784,2.316774899725863,8.398776790780543e-05
1785,2.2669221316335264,8.407944967469134e-05
1786,2.298756944745188,8.402112009481737e-05
1787,2.3699172699848554,8.388797687946163e-05
1788,2.4601085777841756,8.37137771260842e-05
1789,2.543841796570327,8.354663628013473e-05
1790,2.277652913347533,8.405987358848493e-05
1791,2.317197701198384,8.398698234447686e-05
1792,2.3846027655557984,8.386002679730766e-05
1793,2.4638259534237754,8.370646711441373e-05
1794,2.4610569629914667,8.371191315557813e-05
1795,2.3804074014671603,8.386802807532747e-05
1796,2.310220022225602,8.39999296274998e-05
1797,2.2787465624544834,8.40578735691487e-05
1798,2.3092025367166684,8.400181453852639e-05
1799,2.347492858939871,8.393034417291642e-05
1800,2.4047519484639226,8.382141539570517e-05
1801,2.3952208034996683,8.383971753698733e-05
1802,2.3196072592903123,8.3982502827832e-05
1803,2.288694556496387,8.403963964318212e-05
1804,2.341729006971568,8.394117308179345e-05
1805,2.371470620637883,8.388502811282831e-05
1806,2.3300229349071397,8.39630892000666e-05
1807,2.3028753255878525,8.401351831471702e-05
1808,2.3258037962531026,8.397096302337595e-05
1809,2.307587034466814,8.400480568508938e-05
1810,2.309321512994377,8.400159417298837e-05
1811,2.3366792736836217,8.395063982542663e-05
1812,2.393051298808406,8.38438740316262e-05
1813,2.339702978869953,8.39449735811537e-05
1814,2.357903043711162,8.391072271670324e-05
1815,2.338885355363906,8.394650643668827e-05
1816,2.318263966105826,8.39850006313805e-05
1817,2.3263403775944407,8.39699623897257e-05
1818,2.314894103692918,8.39912607883134e-05
1819,2.3347405627584354,8.39542692404681e-05
1820,1.3662497097118707,8.540560556336974e-05
1821,1.4430216423252233,8.53174314967747e-05
1822,1.6461950116577018,8.506145024464324e-05
1823,1.9148667772462558,8.467301389527788e-05
1824,2.191776851506186,8.421409411766913e-05
1825,2.439386050334409,8.375433845942936e-05
1826,2.637538215061645,8.335347621773926e-05
1827,2.7785100783278582,8.305077488917027e-05
1828,2.8637128304078074,8.286085951815049e-05
1829,2.9015717567915615,8.27748039719433e-05
1830,2.905826846955694,8.276506800403021e-05
1831,2.8935526538148557,8.279311722429378e-05
1832,2.881773641040008,8.281993385521211e-05
1833,1.4536973790289225,8.530479748587188e-05
1834,1.609297124890764,8.511036929714578e-05
1835,1.8577408892687264,8.476032488237053e-05
1836,2.132212187772275,8.431777266575855e-05
1837,2.3887986564472983,8.385201134032494e-05
1838,2.6021609773815775,8.342716587741758e-05
1839,2.760269479905743,8.309075375941425e-05
1840,2.861059518562786,8.286685226045791e-05
1841,2.9106305537579606,8.27540612682001e-05
1842,2.9220921670128983,8.272773294830767e-05
1843,2.9148633463145655,8.274434905803362e-05
1844,2.9131809416928327,8.274821088872598e-05
1845,2.914852450567161,8.27443740748635e-05
1846,2.8928428291348633,8.279473604518527e-05
1847,2.9130745004584426,8.274845514868124e-05
1848,2.9220961236047835,8.272772384354417e-05
1849,2.902662315109517,8.277230992101867e-05
1850,2.8399273724444347,8.291440120412571e-05
1851,2.72392406610121,8.316969650537004e-05
1852,2.551205263942065,8.353168992139497e-05
1853,2.3265510048376776,8.39695695462829e-05
1854,2.065407790085584,8.443082854468081e-05
1855,1.7976186834874728,8.484947081197316e-05
1856,1.570786068130508,8.516027914880302e-05
1857,1.6569790259255246,8.504694992321683e-05
1858,1.8240172778135813,8.481067572191552e-05
1859,2.0581144718465634,8.44429642447301e-05
1860,2.302545609066897,8.401412738197689e-05
1861,2.521804413741305,8.35911285846345e-05
1862,2.6963333550964097,8.32289843053434e-05
1863,2.8177403664618628,8.296397912038451e-05
1864,2.8875063973155304,8.280689476762915e-05
1865,2.9169104210658547,8.273964743974916e-05
1866,2.9259822894277296,8.271877576994506e-05
1867,2.9388244970111668,8.268912971027845e-05
1868,2.956983813412296,8.264700950009145e-05
1869,2.9269795224701554,8.271647786532206e-05
1870,2.898126022034183,8.278267862291121e-05
1871,2.913260640122136,8.274802799253345e-05
1872,2.907613682684885,8.276097574507624e-05
1873,2.8673859943957654,8.285255503918087e-05
1874,2.7822712931965325,8.304250137322697e-05
1875,2.6474343611977376,8.333269886782043e-05
1876,2.465059260993289,8.370403961481826e-05
1877,2.2460508675232425,8.411727567970605e-05
1878,2.0121455681966958,8.451851311344882e-05
1879,1.8659047357084275,8.474800268945392e-05
1880,2.00104164771861,8.453651822364358e-05
1881,2.1947058308534877,8.420892624327474e-05
1882,2.4016073778307083,8.382746124865746e-05
1883,2.589122250049059,8.345409363922988e-05
1884,2.737376402116737,8.314058935548505e-05
1885,2.8372812703183357,8.292033259586328e-05
1886,2.892572364407672,8.27953527705154e-05
1887,2.9191568166932242,8.273448460174825e-05
1888,2.936491350798966,8.26945244492853e-05
1889,2.953551559078597,8.26549884635113e-05
1890,2.94264959189935,8.268027690688325e-05
1891,2.878255013318694,8.282792531582727e-05
1892,2.8849293541107883,8.281275912410649e-05
1893,2.8870161841753124,8.280801066861662e-05
1894,2.8660748027633005,8.285552055618956e-05
1895,2.8129228768415246,8.297469731615773e-05
1896,2.721703146405581,8.31744893437558e-05
1897,2.5916895800276243,8.344880142587046e-05
1898,2.4286661436776633,8.377519562998764e-05
1899,2.006413321216992,8.452781987212241e-05
1900,2.0997808476099604,8.437308431747401e-05
1901,2.263728213418657,8.408525951495986e-05
1902,2.4512421768622827,8.373117092707813e-05
1903,2.625934950724256,8.337774648762055e-05
1904,2.763853755857984,8.308291688530549e-05
1905,2.8510837710819064,8.288933830524729e-05
1906,2.8923497782620107,8.279586028191504e-05
1907,2.9063107830249555,8.276395990515836e-05
1908,2.907616596811893,8.276096906920814e-05
1909,2.8814921771146995,8.282057343758585e-05
1910,2.8493158445515037,8.289331590568763e-05
1911,2.848978545889059,8.28940745287014e-05
1912,2.8533033220450243,8.288434144080307e-05
1913,2.845903602360349,8.29009866680201e-05
1914,2.8209196710698574,8.295689650682744e-05
1915,2.7722027201866437,8.306462622741959e-05
1916,2.6957831882891297,8.323016089589969e-05
1917,2.0595913501409844,8.444051009412522e-05
1918,2.142552856847522,8.429996766898136e-05
1919,2.3093965656908906,8.40014551563662e-05
1920,2.488114358514362,8.365845270030772e-05
1921,2.6551127325398776,8.331652851329892e-05
1922,2.782722486319352,8.304150820171935e-05
1923,2.843076461486483,8.290733579622055e-05
1924,2.850207115415917,8.28913109441238e-05
1925,2.8320832555530093,8.29319696267825e-05
1926,2.801216833424986,8.300067197121622e-05
1927,2.8014899051101456,8.300006717289527e-05
1928,2.8148836052615382,8.297033700091071e-05
1929,2.8193685072057484,8.29603529792109e-05
1930,2.8193926780669556,8.29602991323214e-05
1931,2.8149268142370385,8.297024088062579e-05
1932,2.8014018574125283,8.300026218652566e-05
1933,2.0923656469239704,8.438561791079644e-05
1934,2.193978760143862,8.421020969112931e-05
1935,2.3249740530981393,8.397250992802533e-05
1936,2.483871664928747,8.366687141146497e-05
1937,2.6484519421996375,8.333055835727788e-05
1938,2.763064834354374,8.308464262698811e-05
1939,2.7722041700881754,8.306462304664795e-05
1940,2.7363590311993624,8.314279525036168e-05
1941,2.7232029684765986,8.317125305675142e-05
1942,2.765021381774033,8.308036191402017e-05
1943,2.7855309042057126,8.303532297938005e-05
1944,2.793115477582141,8.301859040598807e-05
1945,2.797372168845001,8.300918142415766e-05
1946,2.8047603720779937,8.299281958255399e-05
1947,2.117201954046997,8.434347259235973e-05
1948,2.1436485701940846,8.429807624148457e-05
1949,2.270954310975913,8.407210400122895e-05
1950,2.444379111730219,8.374459449437163e-05
1951,2.619694224391517,8.339075929937351e-05
1952,2.678849775569561,8.32662670803628e-05
1953,2.631454773601416,8.336621309447761e-05
1954,2.663136428728241,8.329958491738905e-05
1955,2.7224415728203963,8.317289618549033e-05
1956,2.756827556909251,8.30982706451078e-05
1957,2.773712888920511,8.306131242017902e-05
1958,2.7837739020706036,8.30391932436022e-05
1959,2.0109389970660723,8.452047418156775e-05
1960,2.0914900273566603,8.438709515274933e-05
1961,2.244746962004072,8.41196278730367e-05
1962,2.430508670904542,8.37716168145089e-05
1963,2.5733189408761565,8.348656337629072e-05
1964,2.5308801575260444,8.357284858807164e-05
1965,2.591544362282899,8.34491009023761e-05
1966,2.6687269243578804,8.328775172781963e-05
1967,2.721031580982359,8.317593790563216e-05
1968,2.7531429449062363,8.310630805161201e-05
1969,2.039014306224698,8.447455230126956e-05
1970,2.114892364357923,8.434741169286897e-05
1971,2.263470072058709,8.408572874565078e-05
1972,2.4370933438016986,8.375880645858671e-05
1973,2.447501414995345,8.373849188323068e-05
1974,2.509081149013039,8.361665272499373e-05
1975,2.6002362880068772,8.343114862609568e-05
1976,2.670519588341088,8.328395243728198e-05
1977,2.089841879244879,8.438987412042007e-05
1978,2.160076605490458,8.426960826952451e-05
1979,2.29446643624002,8.402902599416815e-05
1980,2.38889449318783,8.385182810847179e-05
1981,2.4189645167130176,8.379399773688615e-05
1982,2.516073521170167,8.360264015029771e-05
1983,2.139122816359082,8.430588270370853e-05
1984,2.1973695689388304,8.420422069756948e-05
1985,2.316766886274478,8.398778279546469e-05
1986,2.342723852689847,8.393930578432784e-05
1987,2.1681053325665727,8.42556205348019e-05
1988,2.2115795493285506,8.417902741363231e-05
1989,1.7798134772854264,8.487532959386555e-05
1990,2.016142941944578,8.451200807565914e-05
1991,2.264537170938053,8.408378872424427e-05
1992,2.4903254424345076,8.365405998903222e-05
1993,2.6731751363130587,8.327832008318776e-05
1994,2.8038248879703893,8.299489346866379e-05
1995,2.882035304498847,8.281933921555244e-05
1996,2.915523013314242,8.274283429354466e-05
1997,2.9193902158257194,8.273394798026277e-05
1998,2.918902036685674,8.273507033702707e-05
1999,2.943081508175462,8.267927662733395e-05
2000,1.9810731947976634,8.456865798827733e-05
2001,2.1861293290688875,8.422404016153523e-05
2002,2.396439526110197,8.383738107598024e-05
2003,2.584176666164323,8.346427465822348e-05
2004,2.7322096835794203,8.315178422662016e-05
2005,2.8329425155837193,8.293004729967148e-05
2006,2.8889918445120877,8.280351231008654e-05
2007,2.9136583428601317,8.274711525560908e-05
2008,2.9286406496675457,8.271264859385499e-05
2009,2.9534019040940582,8.265533617668691e-05
2010,2.9645831897899813,8.262931354793052e-05
2011,2.9302454535221254,8.270894729897667e-05
2012,2.9060963806264684,8.276445085639506e-05
2013,2.9025863806946184,8.277248360656865e-05
2014,2.882725865064527,8.281776965704628e-05
2015,2.8294887403186153,8.293777083282614e-05
2016,2.7340657103285717,8.314776494869863e-05
2017,2.5947711396273188,8.344244280178151e-05
2018,2.4174998710675224,8.37968301735711e-05
2019,2.2165425797781486,8.417019219116144e-05
2020,2.1178808119497115,8.434231399660412e-05
2021,2.2832357472582117,8.404965447752061e-05
2022,2.4619214130648706,8.371021356994683e-05
2023,2.6266130017114095,8.337633093586114e-05
2024,2.757595519298405,8.309659421866003e-05
2025,2.844729653218411,8.290362379147201e-05
2026,2.891991623935824,8.279667682374134e-05
2027,2.9153328390727418,8.274327101409496e-05
2028,2.9309992240650042,8.270720818291991e-05
2029,2.9413786871576297,8.268321944139913e-05
2030,2.923188513796134,8.27252096498573e-05
2031,2.890644291398882,8.279974773441568e-05
2032,2.877910113416167,8.282870817219626e-05
2033,2.8651813276029254,8.285754062128938e-05
2034,2.834058263354518,8.292755037051955e-05
2035,2.7749585341812133,8.30585778256269e-05
2036,2.683775700635727,8.32557853329397e-05
2037,2.5620921495989046,8.350951848343703e-05
2038,2.1826680003101844,8.423012403631363e-05
2039,2.33004251096514,8.396305263572259e-05
2040,2.4985827239666496,8.363762339065512e-05
2041,2.656876336422026,8.331280835029567e-05
2042,2.7803687295420207,8.304668770346547e-05
2043,2.8518095239886034,8.28877048093437e-05
2044,2.877701373750555,8.282918192978152e-05
2045,2.8788194801976106,8.282664390142859e-05
2046,2.870054879551968,8.284651503526204e-05
2047,2.848938402237763,8.289416481090773e-05
2048,2.854227202165728,8.288226047426604e-05
2049,2.8498146775234385,8.289219382429218e-05
2050,2.8404681602509183,8.291318837898275e-05
2051,2.8251508163728016,8.294745942117861e-05
2052,2.7975559705225796,8.300877485541051e-05
2053,2.7515575054335826,8.310976341919074e-05
2054,2.226595082913434,8.41522393963769e-05
2055,2.3653309067644246,8.389667274362365e-05
2056,2.5202055479576524,8.359434264740136e-05
2057,2.6712444388392576,8.32824155567765e-05
2058,2.7824267764350874,8.304215913830687e-05
2059,2.816408820503726,8.296694327955453e-05
2060,2.802016397619641,8.299890094742301e-05
2061,2.7707566399652603,8.306779786033005e-05
2062,2.770640031913105,8.306805354656938e-05
2063,2.8001476480243386,8.30030394832223e-05
2064,2.8142278518819124,8.297179558869711e-05
2065,2.8163351285819758,8.29671072881932e-05
2066,2.8128366435102583,8.297488902047701e-05
2067,2.807794304560968,8.298608928840914e-05
2068,2.2386069059474862,8.413068698500656e-05
2069,2.3451819132506824,8.39346888867829e-05
2070,2.494491969239007,8.364577259205042e-05
2071,2.6506454761042084,8.332594162305959e-05
2072,2.7327085054105096,8.315070425929089e-05
2073,2.7083723570200946,8.320318251474173e-05
2074,2.6593145774177978,8.330766136128177e-05
2075,2.7138077704816355,8.319149891780689e-05
2076,2.7558251672466696,8.310045817394797e-05
2077,2.779422252602497,8.304876932360436e-05
2078,2.7928038474289187,8.301927871994996e-05
2079,2.802721533595009,8.299733869902715e-05
2080,2.173497185320189,8.424619923293742e-05
2081,2.300693605754707,8.40175469638377e-05
2082,2.4675729048264494,8.369908855030481e-05
2083,2.618135554780291,8.33940048966491e-05
2084,2.608870859064014,8.341325990049531e-05
2085,2.568544017245348,8.349633787049441e-05
2086,2.652172838346578,8.332272490540358e-05
2087,2.7109059286436796,8.319773919050385e-05
2088,2.7478692440077226,8.311779472182615e-05
2089,2.7716843604947403,8.306576329966312e-05
2090,2.1586783322308802,8.427203933434087e-05
2091,2.2997449499840124,8.401929758273615e-05
2092,2.4665467899365017,8.370111023150222e-05
2093,2.5155559381543866,8.360367861619695e-05
2094,2.4854246383845595,8.366379141950623e-05
2095,2.5810718906330794,8.34706569873931e-05
2096,2.65592611774979,8.331481303288487e-05
2097,2.709704561879695,8.320032088248549e-05
2098,2.1900258431462336,8.421718047198966e-05
2099,2.324828838536513,8.397278060082716e-05
2100,2.4363752271491714,8.376020511043948e-05
2101,2.3997529776450754,8.38310231148187e-05
2102,2.4991444247326555,8.363650345711184e-05
2103,2.5856177361880976,8.346130991579351e-05
2104,2.2289921998634608,8.414794706317133e-05
2105,2.3487266551150596,8.392802292186632e-05
2106,2.3528616931140687,8.392023497379308e-05
2107,2.4089189256769106,8.381339245086075e-05
2108,2.2540480898783724,8.410282086295934e-05
2109,2.347450767232072,8.393042334365212e-05
2110,2.3488564937176344,8.392777857844312e-05
2111,2.5113491324168895,8.36121116959577e-05
2112,2.654318095782261,8.331820398550269e-05
2113,2.7654696559951963,8.307938074936751e-05
2114,2.8397329201180637,8.291483725122739e-05
2115,2.881349771637819,8.282089701002574e-05
2116,2.9042157660301586,8.276875579575686e-05
2117,2.927805902681171,8.271457311824331e-05
2118,2.9552949216350832,8.26509367103577e-05
2119,2.412575058494409,8.38063423869072e-05
2120,2.5515432151397754,8.35310029885755e-05
2121,2.679893913165265,8.32640467634308e-05
2122,2.7815573002485805,8.304407272275815e-05
2123,2.8477372662484464,8.289686560587452e-05
2124,2.882741432009511,8.281773427138836e-05
2125,2.900071183509213,8.277823432119725e-05
2126,2.9110189777627737,8.275317055436014e-05
2127,2.908201526241844,8.27596289531576e-05
2128,2.905760170583835,8.2765220664045e-05
2129,2.8885023157381253,8.280462717205798e-05
2130,2.8671737485467568,8.285303515816874e-05
2131,2.8371133761773186,8.292070877094954e-05
2132,2.788775802931953,8.302816937715384e-05
2133,2.71670141902312,8.318527017604901e-05
2134,2.622040519985115,8.33858702823315e-05
2135,2.4466652594877245,8.374012687922259e-05
2136,2.5783246343997996,8.347629847116407e-05
2137,2.7019469425167424,8.321696646713002e-05
2138,2.7946312485700053,8.301524144498121e-05
2139,2.839268496444825,8.291587858238724e-05
2140,2.8459471328288344,8.290088886352004e-05
2141,2.8347182216077402,8.29260730312462e-05
2142,2.8272474758466113,8.294277829857649e-05
2143,2.834966449206283,8.292551728436375e-05
2144,2.850441797337253,8.28907829199444e-05
2145,2.8466564593538544,8.289929495341086e-05
2146,2.8298030363171347,8.2937068339875e-05
2147,2.803673070070174,8.29952299762249e-05
2148,2.7666483352220426,8.30768002108806e-05
2149,2.463086954051165,8.37079211334524e-05
2150,2.5822551487476386,8.346822545972838e-05
2151,2.700616499502361,8.321981681528227e-05
2152,2.771766097698864,8.306558401406282e-05
2153,2.769968934405415,8.30695248698724e-05
2154,2.73669206769243,8.314207323296071e-05
2155,2.7137879350010774,8.319154159381931e-05
2156,2.752788532312761,8.310708062979736e-05
2157,2.791069830450691,8.302310745698792e-05
2158,2.812301033014074,8.297607961023546e-05
2159,2.8182289721371547,8.296289111402686e-05
2160,2.8135461753451554,8.297331150950942e-05
2161,2.4318103673531017,8.376908695121015e-05
2162,2.556894405396982,8.352011472759037e-05
2163,2.6726839157220517,8.327936233792705e-05
2164,2.6803585867117645,8.326305839829425e-05
2165,2.6296274743194927,8.337003361444328e-05
2166,2.611852359542537,8.340707025534501e-05
2167,2.682789476340716,8.325788530889117e-05
2168,2.733960623502747,8.314799258383607e-05
2169,2.770575959316115,8.30681940342436e-05
2170,2.7982788156684664,8.300717568822098e-05
2171,2.40892082917003,8.38133887829816e-05
2172,2.542676072555848,8.354899879796195e-05
2173,2.587313204247559,8.345781984070215e-05
2174,2.527597948106495,8.357946650836855e-05
2175,2.5321878604821566,8.35702096487716e-05
2176,2.6139648390176897,8.340268076709162e-05
2177,2.6783702544584207,8.32672864967179e-05
2178,2.7278593694212865,8.3161195168633e-05
2179,2.4164849033897884,8.379879205175818e-05
2180,2.499870734681653,8.363505497496792e-05
2181,2.443169069430287,8.374695759762029e-05
2182,2.4560527130031575,8.372174103796808e-05
2183,2.5416216042127884,8.355113497533591e-05
2184,2.616170422543002,8.339809432841055e-05
2185,2.4206526111239652,8.379073119344974e-05
2186,2.3844209214840193,8.386037387822416e-05
2187,2.3822700490619444,8.38644773133805e-05
2188,2.4636071822221,8.370689760022973e-05
2189,2.3534729006166724,8.391908273450476e-05
2190,2.3331278775510738,8.395728615842329e-05
2191,2.646925768844692,8.333376842267142e-05
2192,2.733662201618252,8.314863897049008e-05
2193,2.800553803481362,8.300214022450375e-05
2194,2.8420281365242266,8.290968864460398e-05
2195,2.861361031236276,8.286617152070147e-05
2196,2.864951404414388,8.285806036410994e-05
2197,2.8579425835938905,8.287388570388964e-05
2198,2.6666204291085873,8.329221314302291e-05
2199,2.7462759804780665,8.312126105762295e-05
2200,2.7975554851000033,8.30087759291958e-05
2201,2.8101581231138018,8.298084094588722e-05
2202,2.795928773567507,8.301237336444651e-05
2203,2.770026737889197,8.306939815352679e-05
2204,2.761732416227149,8.308755622974945e-05
2205,2.7979350139350476,8.300793633573635e-05
2206,2.8210942178874956,8.295650745439172e-05
2207,2.8249500822008273,8.29479074262896e-05
2208,2.810652494972682,8.297974279311267e-05
2209,2.779221709416454,8.304921030234608e-05
2210,2.6614889411094738,8.330306774182418e-05
2211,2.7297623818927375,8.315708011038125e-05
2212,2.7401296266603823,8.313461596951046e-05
2213,2.7062592393336193,8.320771893610401e-05
2214,2.65822436287452,8.330996327903977e-05
2215,2.6535401575612743,8.331984380253942e-05
2216,2.713478800397363,8.31922066596241e-05
2217,2.762316177459817,8.308627987519416e-05
2218,2.7939560130337955,8.301673352217504e-05
2219,2.8093099339009333,8.298272462696036e-05
2220,2.638983327620975,8.335044661179975e-05
2221,2.659254765398635,8.330778767300047e-05
2222,2.6084288794208503,8.341417690281599e-05
2223,2.5436436104689912,8.354703800529934e-05
2224,2.553274763624836,8.352748205431002e-05
2225,2.6316943272555604,8.336571205415622e-05
2226,2.6959398938376475,8.322982578674855e-05
2227,2.750174261175281,8.311277662950775e-05
2228,2.5764323808025016,8.348018098051013e-05
2229,2.5157417340434023,8.36033058626727e-05
2230,2.4451591937682897,8.374307048674986e-05
2231,2.4782016252501,8.367810153305412e-05
2232,2.556355204365281,8.35212128157991e-05
2233,2.627327733138298,8.337483844272164e-05
2234,2.4390579508276753,8.375497809590471e-05
2235,2.375209711377918,8.387792268562874e-05
2236,2.417002487997119,8.379779168447898e-05
2237,2.4836985361816515,8.366721466459727e-05
2238,2.33850588700774,8.394721768172517e-05
2239,2.3665059683994145,8.389444629823904e-05
2240,2.777552770894457,8.30528790418597e-05
2241,2.783761713985062,8.303922008332663e-05
2242,2.7645834589903684,8.308132028168148e-05
2243,2.727081039679139,8.316287746576361e-05
2244,2.680099627295409,8.326360922688619e-05
2245,2.726667903686312,8.316377024751013e-05
2246,2.6869674845828095,8.324898418446457e-05
2247,2.630740705850641,8.336770635927938e-05
2248,2.570802801493487,8.349171612411101e-05
2249,2.577494927850473,8.347800118004866e-05
2250,2.644770444858859,8.333829890787646e-05
2251,2.7047807519827236,8.321089100975157e-05
2252,2.7520580222648157,8.310867277001153e-05
2253,2.599981269266913,8.343167613090492e-05
2254,2.5286611238164918,8.35773236983169e-05
2255,2.4600786327816326,8.37138359695512e-05
2256,2.481859879602989,8.36708586986988e-05
2257,2.5602736690923784,8.351322794467724e-05
2258,2.6348499941714065,8.335910787394696e-05
2259,2.43944978393137,8.375421420022177e-05
2260,2.3741096164957725,8.388001429296532e-05
2261,2.4189988798567805,8.37939312637588e-05
2262,2.484389076057189,8.366584543548276e-05
2263,2.3610089030875683,8.390485294521193e-05
2264,2.380682734744061,8.386750337154756e-05
2265,2.621076276579294,8.338787998128805e-05
2266,2.550387199576825,8.353335240233277e-05
2267,2.4827310682966837,8.36691324022135e-05
2268,2.4521498120379452,8.372939304613515e-05
2269,2.3895077203666624,8.38506555066255e-05
2270,2.410341215417401,8.381065105788074e-05
2271,2.473541571699468,8.368731340328267e-05
2272,2.357311517308821,8.391183982379081e-05
2273,2.3665833479411966,8.389429964720712e-05
2274,2.3447950792037506,8.393541576578203e-05
2275,1.3662497097118707,8.540560556336974e-05
2276,3.3685508186134827,8.16306777805105e-05
2277,3.3864685441771956,8.158379262296022e-05
2278,3.416531642870809,8.15046413092106e-05
2279,3.4567120525925343,8.13979063796239e-05
2280,3.501174161593327,8.127854188464956e-05
2281,3.5400559752047838,8.117308296732858e-05
2282,3.5610377708314958,8.111575921416973e-05
2283,3.552102304622048,8.114020702138055e-05
2284,3.50465509664947,8.126914137590066e-05
2285,3.416721051577033,8.150414070191497e-05
2286,3.297940741350116,8.181332833267997e-05
2287,3.1875354984540745,8.209210427570154e-05
2288,3.3788041609630044,8.160387443848367e-05
2289,3.392513888718697,8.156792501798304e-05
2290,3.4118279729080228,8.151706538910807e-05
2291,3.4401908352600796,8.144192397632519e-05
2292,3.4750277960210307,8.134889469381599e-05
2293,3.50927398636562,8.125665533389413e-05
2294,3.5324851289421972,8.119369574106809e-05
2295,3.533071839315961,8.11920996868771e-05
2296,3.5011929864399964,8.127849106845484e-05
2297,3.4319307271361486,8.146386300792897e-05
2298,3.32925066145946,8.173275459280942e-05
2299,3.2158930275239883,8.202129908483342e-05
2300,3.168335073175809,8.213973042724932e-05
2301,3.2485568707764685,8.193905637110133e-05
2302,3.363729908753417,8.164325563845664e-05
2303,3.458213969142603,8.139389577322217e-05
2304,3.5167028425457274,8.123654357162917e-05
2305,3.538285941462935,8.117790554260519e-05
2306,3.5296109736981425,8.120151114558073e-05
2307,3.5013411405934214,8.127809112974843e-05
2308,3.4649813901116153,8.137580588691625e-05
2309,3.4300118739732115,8.146895298748774e-05
2310,3.4019141255591596,8.154320276536258e-05
2311,3.381541969758862,8.159670551942669e-05
2312,3.4100702354770767,8.152170439265698e-05
2313,3.4183683243366274,8.149978594445946e-05
2314,3.4235276103381014,8.14861349954685e-05
2315,3.4319939944091264,8.146369514219591e-05
2316,3.44409505561977,8.143153839392398e-05
2317,3.455222674268883,8.140188201808414e-05
2318,3.4576213063739676,8.139547855567847e-05
2319,3.4422399201383,8.14364744945472e-05
2320,3.4011629683404463,8.154518046358149e-05
2321,3.3314331595602775,8.172711327723743e-05
2322,3.2409857841899172,8.195818441498876e-05
2323,3.166735701279437,8.214368613299461e-05
2324,3.191008205199659,8.20834631380898e-05
2325,3.2816700291234393,8.18549363930333e-05
2326,3.3704690940439757,8.162566859507345e-05
2327,3.434567638064283,8.145686427551131e-05
2328,3.4694537729280017,8.136383407134328e-05
2329,3.4791122322974326,8.133793454019691e-05
2330,3.471613255632498,8.135804872784786e-05
2331,3.4556496376431656,8.140074246442158e-05
2332,3.4376812864836044,8.144859422244551e-05
2333,3.4201286257537067,8.149513037093057e-05
2334,3.4164055794234844,8.150497448161802e-05
2335,3.3995332455964267,8.154947000516042e-05
2336,3.3761262501299796,8.161088162727069e-05
2337,3.354948857852856,8.166612524985133e-05
2338,3.340336670640251,8.170406604808228e-05
2339,3.332494306044749,8.172436926143755e-05
2340,3.3279149313178698,8.173620559100535e-05
2341,3.318275169471153,8.176107502209413e-05
2342,3.292337140902463,8.18276784327182e-05
2343,3.2437148697033447,8.195129401885866e-05
2344,3.180885228255573,8.210862891852423e-05
2345,3.1505611425116298,8.218359098391282e-05
2346,3.1875050616627574,8.209217997480332e-05
2347,3.25551010832464,8.192145470857918e-05
2348,3.318610879767265,8.176020999002548e-05
2349,3.3657856765476977,8.16378940149205e-05
2350,3.3969498712080486,8.155626596396704e-05
2351,3.416434932369639,8.150489690582661e-05
2352,3.428857416537154,8.147201413104397e-05
2353,3.436375596837522,8.14520630090939e-05
2354,3.3590784272880203,8.165537657537126e-05
2355,3.3055823701820928,8.17937246486041e-05
2356,3.2503861610867295,8.193442885234916e-05
2357,3.2047311364494306,8.204923502179409e-05
2358,3.1764687024580143,8.211958626270347e-05
2359,3.1701390689909643,8.213526650500192e-05
2360,3.1844791219410253,8.209970257451681e-05
2361,3.2044108323518095,8.205003541196625e-05
2362,3.207781293187304,8.204160961503282e-05
2363,3.184192095550456,8.210041580476756e-05
2364,3.153378162722664,8.217665403707127e-05
2365,3.1283495009354163,8.22380946653032e-05
2366,3.145589099117604,8.219582128258665e-05
2367,3.1914968888608732,8.208224647869267e-05
2368,3.244503991742183,8.194930069176024e-05
2369,3.296212290020248,8.181775695522412e-05
2370,3.3450093706426607,8.169194901817057e-05
2371,3.3901749206186786,8.157406717604065e-05
2372,3.2228319681836215,8.200388913932336e-05
2373,3.1387257061263574,8.221267578546058e-05
2374,3.067722536843696,8.238511606410981e-05
2375,3.021035253935646,8.249658202015363e-05
2376,3.0032519012988352,8.253863712704935e-05
2377,3.0182624692494944,8.250315390750959e-05
2378,3.0693400667275257,8.238122683413935e-05
2379,3.1256000531385704,8.224481753230986e-05
2380,3.1535018213387978,8.217634940024769e-05
2381,3.1457628422027795,8.219539419598215e-05
2382,3.1290829028286784,8.223630048571602e-05
2383,3.0969243717458665,8.231462101363773e-05
2384,3.095236853475813,8.231871099339215e-05
2385,3.1317480685338603,8.222977733229924e-05
2386,3.193311890240344,8.207772628866321e-05
2387,3.267509498174538,8.189100123606948e-05
2388,3.0331003747770406,8.246792307571911e-05
2389,2.9502113965696193,8.266274532880654e-05
2390,2.9003929645647055,8.277749885651027e-05
2391,2.8790248282713855,8.282617767772982e-05
2392,2.875194439889795,8.283486926029687e-05
2393,2.9057753523738565,8.276518590459921e-05
2394,2.9986981823487824,8.254937021070283e-05
2395,3.080104589289468,8.235529774744104e-05
2396,3.1202309388516736,8.22579307812593e-05
2397,3.134861844277136,8.222214993079688e-05
2398,3.1047406556208434,8.229565106571891e-05
2399,3.069041530251472,8.238194478054344e-05
2400,3.0632356757021375,8.2395894806069e-05
2401,3.1081870858853238,8.228727313368114e-05
2402,2.8696476307004852,8.284743701692521e-05
2403,2.826675063952935,8.294405661151082e-05
2404,2.8046500458714427,8.299306419881736e-05
2405,2.7861352107499844,8.303399131920346e-05
2406,2.768648670941194,8.307241848423731e-05
2407,2.8376178989384697,8.291957830197477e-05
2408,2.9648451795164528,8.262870274830206e-05
2409,3.055526052695372,8.241438264748188e-05
2410,3.1122620524426114,8.22773566210267e-05
2411,3.114913812526937,8.22708973018609e-05
2412,3.088094169024231,8.233600047467066e-05
2413,3.0577785471401606,8.240898542115891e-05
2414,2.784305153312897,8.303802325628291e-05
2415,2.752190789318343,8.310838343409001e-05
2416,2.7166587384420313,8.318536209257573e-05
2417,2.6733607714555827,8.327792616321106e-05
2418,2.666062952314771,8.329339329974678e-05
2419,2.815384873304103,8.296922182537034e-05
2420,2.9507076241751364,8.266159343852673e-05
2421,3.0429274062875464,8.244450484243675e-05
2422,3.0987854882700985,8.231010798740605e-05
2423,3.1067551831862708,8.229075495242131e-05
2424,2.7036194333770696,8.321338148840027e-05
2425,2.650795452581732,8.332562583894144e-05
2426,2.591658010053112,8.344886653263168e-05
2427,2.5355840550803994,8.356335024181213e-05
2428,2.6452661997741944,8.333725713305277e-05
2429,2.811066366261346,8.297882332184599e-05
2430,2.9456435112380817,8.267334053720111e-05
2431,3.0447694990214305,8.244010751562329e-05
2432,2.5847838900187012,8.34630255904416e-05
2433,2.5186149741465345,8.359753816582052e-05
2434,2.4556333890661426,8.372256370565707e-05
2435,2.4738315392733865,8.368674067349927e-05
2436,2.647391484856069,8.333278904280983e-05
2437,2.8107864716037767,8.297944515931668e-05
2438,2.454904663145109,8.372399307506757e-05
2439,2.4020932699142206,8.382652753947899e-05
2440,2.3637470874890916,8.389967204394362e-05
2441,2.476094012733107,8.368226980251409e-05
2442,2.369114848958972,8.388949942834026e-05
2443,2.355231432230785,8.391576601352156e-05
2444,3.408237427842573,8.15265393114356e-05
2445,3.4233706962966086,8.148655043728439e-05
2446,3.4416970680922048,8.143791846722453e-05
2447,3.4629776277865387,8.13811652956679e-05
2448,3.482137677047292,8.132980892046275e-05
2449,3.4906521752491626,8.130690834337623e-05
2450,3.478791309087083,8.133879610573625e-05
2451,3.438451435661676,8.144654765530284e-05
2452,3.3666152573646198,8.163572958692172e-05
2453,3.2702473403929337,8.188403902342066e-05
2454,3.1801021604707698,8.211057268223425e-05
2455,3.417842400010279,8.150117648448874e-05
2456,3.410354855444907,8.152095336715244e-05
2457,3.4027854988725874,8.154090807882506e-05
2458,3.3979492369267112,8.155363751287006e-05
2459,3.3942133865813178,8.156345980699965e-05
2460,3.386552803987167,8.158357162990031e-05
2461,3.36747678057862,8.163348132741084e-05
2462,3.329216008653701,8.173284413724019e-05
2463,3.268703815966093,8.188796476814676e-05
2464,3.195592937081923,8.207204220960808e-05
2465,3.154881293624948,8.217295030948297e-05
2466,3.1963079709032027,8.207025969773045e-05
2467,3.2717479311823263,8.188022091417104e-05
2468,3.338573926194795,8.1708633274122e-05
2469,3.3850263966744563,8.158757428505418e-05
2470,3.4114672721027466,8.151801751632068e-05
2471,3.4234669691216846,8.148629554964103e-05
2472,3.427633429081108,8.147525866443441e-05
2473,3.4287813229673123,8.147221586835413e-05
2474,3.4281909361143637,8.14737809549659e-05
2475,3.3660687543041297,8.163715549965591e-05
2476,3.3260144669170577,8.174111355289529e-05
2477,3.2891893473816505,8.18357301431136e-05
2478,3.2622991170701336,8.190423685397051e-05
2479,3.2484612855007464,8.193929810823264e-05
2480,3.2459836361495147,8.194556195068044e-05
2481,3.2449787557120744,8.194810122945491e-05
2482,3.230761005378032,8.198395452272284e-05
2483,3.1957363691081873,8.207168467535034e-05
2484,3.1505276992834372,8.21836733052473e-05
2485,3.1383766570544647,8.221353207553769e-05
2486,3.1687182323351046,8.213878250201661e-05
2487,3.2189834950258476,8.201354912572688e-05
2488,3.267104969281033,8.189202950096682e-05
2489,3.307914752450567,8.178773328688833e-05
2490,3.3431219219330943,8.169684524288955e-05
2491,3.3753310563300625,8.161296144994135e-05
2492,3.4048788367827347,8.153539336845432e-05
2493,3.2355002448790495,8.197201885784434e-05
2494,3.168393510096264,8.213958586247459e-05
2495,3.11642410540166,8.226721625127239e-05
2496,3.087999608706342,8.23362291272906e-05
2497,3.0881094431241194,8.233596354037946e-05
2498,3.1152915922491564,8.226997668473574e-05
2499,3.148927391556,8.218761159643892e-05
2500,3.1629934099334958,8.215293498e-05
2501,3.1489987932381194,8.218743591767764e-05
2502,3.13054257965685,8.223272844993717e-05
2503,3.10748257857198,8.228898639413461e-05
2504,3.115146392011475,8.227033053714199e-05
2505,3.14950046394269,8.218620149295874e-05
2506,3.19777378633753,8.206660445646247e-05
2507,3.254023422902625,8.192522093677018e-05
2508,3.314897277691366,8.176977464928014e-05
2509,3.0495849339514534,8.24286011742958e-05
2510,2.982782489095914,8.258676851421674e-05
2511,2.9454328744455474,8.267382875240925e-05
2512,2.935541948591588,8.269671856686277e-05
2513,2.9584746766515666,8.26435410906468e-05
2514,3.024561205967442,8.248821721253e-05
2515,3.0894168245872464,8.233280155869405e-05
2516,3.121290928279709,8.22553435052449e-05
2517,3.132363270825536,8.22282708868835e-05
2518,3.1045702229584844,8.229606515603153e-05
2519,3.073595882638198,8.237098530187436e-05
2520,3.069164178233717,8.238164983358486e-05
2521,3.103876724392555,8.229774990041356e-05
2522,3.1698367159793754,8.213601482353147e-05
2523,2.8844471910275926,8.281385581509241e-05
2524,2.8508493740479186,8.288986579622875e-05
2525,2.834581490004581,8.292637913530758e-05
2526,2.8262768566937697,8.294494575109713e-05
2527,2.8701627388569007,8.28462708298172e-05
2528,2.9759788189970626,8.260270105202987e-05
2529,3.056615805689315,8.241177192227973e-05
2530,3.0951649011175904,8.231888533769825e-05
2531,3.10901877868834,8.228525013157758e-05
2532,3.0817022009321695,8.235144259339332e-05
2533,3.0514206366143717,8.242421053665093e-05
2534,3.051557196330193,8.24238838184419e-05
2535,2.7941484393177407,8.301630834864468e-05
2536,2.7677938958967814,8.307429121883245e-05
2537,2.7368402186627567,8.314175201837687e-05
2538,2.7185078148948176,8.318137872544922e-05
2539,2.8308378713064144,8.2934754846405e-05
2540,2.9545470032194614,8.265267521304102e-05
2541,3.0388993745229764,8.245411201015246e-05
2542,3.090189755793724,8.233093161646078e-05
2543,3.093467356086122,8.23229975301531e-05
2544,3.0722913675555965,8.237412593622841e-05
2545,2.709808518705424,8.320009752461031e-05
2546,2.660284477190297,8.330561275115128e-05
2547,2.607268020772982,8.34165847251738e-05
2548,2.6682592793885935,8.328874244788509e-05
2549,2.821024339318182,8.295666321137712e-05
2550,2.9458692152290777,8.267281736423871e-05
2551,3.036942241413127,8.245877581416827e-05
2552,3.0827314623153423,8.234895796598728e-05
2553,2.5877519896510153,8.345691626869084e-05
2554,2.5225419584377358,8.358964532471932e-05
2555,2.5090719721390204,8.361667109149116e-05
2556,2.6671349117860768,8.329112380203007e-05
2557,2.819618232452305,8.295979663094077e-05
2558,2.943481375420684,8.267835045254067e-05
2559,2.454529197535762,8.372472938303112e-05
2560,2.4021436870170936,8.382643064590535e-05
2561,2.5085628370676187,8.361768997130058e-05
2562,2.6690470772583046,8.328707338221078e-05
2563,2.3656184695071523,8.389612798041137e-05
2564,2.364511963863899,8.389822382182453e-05
2565,3.3860283375200977,8.158494710058877e-05
2566,3.357823501702587,8.165864418511197e-05
2567,3.331506023876323,8.172692488201515e-05
2568,3.309341991909787,8.178406520738295e-05
2569,3.2896441501385794,8.18345672249266e-05
2570,3.266599241716963,8.189331484367858e-05
2571,3.2329873984121535,8.19783493230907e-05
2572,3.1873742713136237,8.209250525516635e-05
2573,3.145485043615811,8.219607705662102e-05
2574,3.269008484682104,8.188719001359633e-05
2575,3.2162957102201535,8.202028965033217e-05
2576,3.17720449804162,8.21177616985709e-05
2577,3.157336086734802,8.216689831346796e-05
2578,3.1553131207742924,8.21718859942702e-05
2579,3.159028381244698,8.216272373593993e-05
2580,3.153078688823995,8.217739175638843e-05
2581,3.133076834055142,8.222652325590622e-05
2582,3.1182029690597526,8.226287857549025e-05
2583,3.11569970531198,8.226898203625553e-05
2584,3.1340940251274305,8.222403138037007e-05
2585,3.1584825943814523,8.216407030778728e-05
2586,3.1841272765167825,8.21005768653461e-05
2587,3.215467066825847,8.202236675066323e-05
2588,3.2565453666660686,8.191883118958213e-05
2589,3.3060639969131307,8.179248776177671e-05
2590,3.0938623627393813,8.232204083164364e-05
2591,3.039501838053007,8.245267581202708e-05
2592,3.0128569291707716,8.251595024356366e-05
2593,3.017603324278031,8.250471537770623e-05
2594,3.050335236508122,8.242680688439556e-05
2595,3.08634189856558,8.23402365578589e-05
2596,3.1027764019188404,8.230042227117021e-05
2597,3.0962378409833455,8.231628517413084e-05
2598,3.0884446043356775,8.233515304628167e-05
2599,3.07187296990035,8.237513298117076e-05
2600,3.072370542365136,8.237393535592091e-05
2601,3.0916812094978336,8.232732218404381e-05
2602,3.129391138206964,8.223554631338829e-05
2603,3.18580709487069,8.209640196200361e-05
2604,2.9256168935516325,8.271961756765417e-05
2605,2.896147495316883,8.278719639150398e-05
2606,2.88849080883574,8.280465337603615e-05
2607,2.9179320541526055,8.273729988944137e-05
2608,2.987196931555267,8.257641347908785e-05
2609,3.0445622219897452,8.244060243302919e-05
2610,3.0707662923697585,8.237779606284341e-05
2611,3.080790598023776,8.235364257646939e-05
2612,3.0582550411242835,8.240784323340704e-05
2613,3.0358206319657746,8.246144737222956e-05
2614,3.034515394319731,8.246455520182922e-05
2615,3.066005048106309,8.238924363425898e-05
2616,2.821632666116316,8.295530715372132e-05
2617,2.798214419986942,8.30073181675552e-05
2618,2.7880074776695287,8.302986388875619e-05
2619,2.862407199649054,8.286380903137174e-05
2620,2.9568895316155572,8.264722878847461e-05
2621,3.0211374457330558,8.249633970799851e-05
2622,3.060577052856665,8.240227494183151e-05
2623,3.0581253362118614,8.240815416045319e-05
2624,3.038264643919783,8.245562485341159e-05
2625,3.021937253434773,8.249444298974198e-05
2626,2.7276515417134983,8.31616444144933e-05
2627,2.684582040056309,8.325406786111496e-05
2628,2.7239259011577044,8.316969254376122e-05
2629,2.84439922686641,8.290436587302924e-05
2630,2.943524640100414,8.267825023584472e-05
2631,3.0082058058039967,8.252694421654573e-05
2632,3.045772588965761,8.243771200216678e-05
2633,3.0488819561171128,8.243028193276435e-05
2634,2.5987133248071346,8.343429815801317e-05
2635,2.587564366663252,8.345730264999969e-05
2636,2.715998780188808,8.318678320460082e-05
2637,2.8402381654426563,8.291370421410207e-05
2638,2.9381892969008914,8.269059881306815e-05
2639,3.008821536490083,8.252548967368672e-05
2640,2.4737126568970944,8.368697549171156e-05
2641,2.583655064486229,8.346534738358974e-05
2642,2.7179190227743986,8.318264739831596e-05
2643,2.8396608165626454,8.2914998932022e-05
2644,2.4613214880561824,8.371139313478896e-05
2645,2.5869849630929265,8.345849568115365e-05
2646,3.1496182704315663,8.218591158978695e-05
2647,3.100955763271285,8.230484223256297e-05
2648,3.076640134727683,8.23636516044887e-05
2649,3.073274176385529,8.237175992372422e-05
2650,3.078024009239559,8.236031566666184e-05
2651,3.0799585964601697,8.235564994993821e-05
2652,3.0791449645600952,8.235761253517454e-05
2653,2.9864417270263512,8.257818595102679e-05
2654,2.962692984516801,8.26337189100079e-05
2655,2.969792881753482,8.261715861905454e-05
2656,2.999443255074021,8.254761507950071e-05
2657,3.0281142891423865,8.247977920023281e-05
2658,3.0420317968593844,8.244664192444279e-05
2659,3.0477177154267037,8.243306476836687e-05
2660,3.036089823453421,8.246080626640255e-05
2661,3.0232170708533066,8.249140700819767e-05
2662,3.015560519653864,8.250955270327038e-05
2663,3.0202765750543223,8.2498380732497e-05
2664,3.046976804603227,8.243483524156126e-05
2665,2.868091606244414,8.285095865092415e-05
2666,2.8626566973040424,8.286324549256503e-05
2667,2.902489418728639,8.277270538267718e-05
2668,2.9586044070287794,8.264323920579317e-05
2669,2.997676014501423,8.255177744456931e-05
2670,3.0129212739227147,8.251579804352103e-05
2671,3.016257599206014,8.250790236109153e-05
2672,3.000839521389766,8.254432490985717e-05
2673,2.9890027274128297,8.257217362769357e-05
2674,2.992533170797119,8.256387780737837e-05
2675,2.7674803399687478,8.307497805914676e-05
2676,2.795015731898428,8.301439170017996e-05
2677,2.8732566281900374,8.283926238134577e-05
2678,2.938759507681705,8.268928003197155e-05
2679,2.9786263185035615,8.259650513977488e-05
2680,2.999655130092012,8.25471159044754e-05
2681,2.9957350658577364,8.255634640551944e-05
2682,2.987118530238751,8.25765975064215e-05
2683,2.6866727375859503,8.324961255101303e-05
2684,2.7770935181653194,8.305388824032929e-05
2685,2.8639038242972643,8.286042794708241e-05
2686,2.929023324995814,8.271176616345642e-05
2687,2.972714307607185,8.261033413053072e-05
2688,2.990702752078312,8.256818001494906e-05
2689,2.6774528567185496,8.326923633033921e-05
2690,2.7759108457409507,8.3056486438185e-05
2691,2.86115923868393,8.286662712471132e-05
2692,2.9258655333614776,8.27190447624648e-05
2693,2.680653838229793,8.326243031373086e-05
2694,2.77656329028931,8.305505321595215e-05
2695,2.941473950940367,8.268299891622425e-05
2696,2.9470198752281935,8.267014961828244e-05
2697,2.9664003445358316,8.262507605600931e-05
2698,2.984841759890492,8.258193975856924e-05
2699,2.9956439210049264,8.255656089369511e-05
2700,2.8715790252729376,8.28430634287476e-05
2701,2.9052892613466654,8.276629875212655e-05
2702,2.936848177772928,8.26936996383074e-05
2703,2.955917769730225,8.264948862565433e-05
2704,2.964495944233277,8.262951694037009e-05
2705,2.9588579519939713,8.264264916782984e-05
2706,2.9496519048742234,8.266404386436663e-05
2707,2.943279805685258,8.267881734368424e-05
2708,2.8415662163582427,8.291072512285383e-05
2709,2.8874740570310937,8.28069683910016e-05
2710,2.9199864882284636,8.273257687992658e-05
2711,2.936938117822818,8.269349172625598e-05
2712,2.944204098017264,8.267667619066752e-05
2713,2.944586378641274,8.267579044817065e-05
2714,2.8337091378882526,8.292833177353489e-05
2715,2.8798958864580264,8.282419968641682e-05
2716,2.9115705721898935,8.275190548205681e-05
2717,2.931855597025046,8.270523185072264e-05
2718,2.832006608123966,8.293214107583489e-05
2719,2.877679590213494,8.28292313681171e-05
2720,2.9136629376633385,8.274710470977254e-05
2721,2.920843537597013,8.273060569246721e-05
2722,2.9248820576723333,8.272131019269187e-05
2723,2.897655992923849,8.278375214019379e-05
2724,2.9028602752108337,8.277185710558132e-05
2725,2.906282687402852,8.276402424203162e-05
2726,2.9108809617792235,8.275348705777307e-05
2727,2.889936801521905,8.280135976391978e-05
2728,2.8965857491428295,8.27861959231061e-05
2729,2.8923604034460113,8.2795836056583e-05
