Mode_Index,Frequency_THz,Cv_Contribution_eV_K
0,0.0,0.0
1,0.2347182861716365,8.580976142261122e-05
2,0.44434062016439624,8.48788697950233e-05
3,0.6307010075720396,8.35891181809435e-05
4,0.8016912855083532,8.204415070932785e-05
5,0.9606005837681223,8.031937743434992e-05
6,1.108193041679613,7.848805668651758e-05
7,1.2444900730629536,7.661834834957307e-05
8,1.3689486036917478,7.477597252380152e-05
9,1.4798390285219454,7.303708763054492e-05
10,1.5733515597103251,7.150690233538426e-05
11,1.6430616805465688,7.03320002191781e-05
12,1.6809447284534982,6.968225977724515e-05
13,0.2392756970389047,8.579554332406808e-05
14,0.3895463528989378,8.517635444595803e-05
15,0.5566904095607674,8.415194129936135e-05
16,0.7147907011222634,8.287113307221724e-05
17,0.8628060574316357,8.141254785090009e-05
18,1.0020619580972105,7.982636318002882e-05
19,1.1339121445071785,7.8147835339405e-05
20,1.2592213294997543,7.640672831888575e-05
21,1.3775640876148696,7.464402070647306e-05
22,1.4862339398663693,7.293422587619011e-05
23,1.5794542344088074,7.140516709508345e-05
24,1.6485669884929177,7.02380533546336e-05
25,1.6618371127887468,7.001093064356609e-05
26,1.611588297169823,7.086588102222655e-05
27,1.5306768396613057,7.2212025242482e-05
28,1.430224631403371,7.382576843017811e-05
29,1.3189542967211956,7.553063844468563e-05
30,1.2013368119789334,7.722781393072426e-05
31,1.0781686478766106,7.887751545705639e-05
32,0.9481240918030639,8.046434651584006e-05
33,0.8091477402696773,8.196926973280859e-05
34,0.6592689982048948,8.335444492104155e-05
35,0.4976946849596745,8.455307508149435e-05
36,0.33426955649391443,8.54378733696232e-05
37,0.42620032166488203,8.498154350697221e-05
38,0.5253762172552855,8.437016424644226e-05
39,0.6459770267100275,8.346482700197745e-05
40,0.7707741298774302,8.234807654357807e-05
41,0.8954668710106191,8.105856426868455e-05
42,1.0197369072783373,7.961100452364222e-05
43,1.1438689832667348,7.80145107180244e-05
44,1.2671605577034806,7.629193907592266e-05
45,1.3868839158766728,7.450066559808967e-05
46,1.4976158572384834,7.2750483087786e-05
47,1.591147773021467,7.120961526097055e-05
48,1.6182942731899561,7.07525916031347e-05
49,1.5541711642408023,7.182519943575082e-05
50,1.4596455500875247,7.336010831772235e-05
51,1.3510894718161086,7.504773502993075e-05
52,1.2403030315045995,7.667816899476569e-05
53,1.1327197049031072,7.816374243211674e-05
54,1.0283794547037568,7.950458719103998e-05
55,0.9243442577387604,8.073624662628467e-05
56,0.8171907303343272,8.188781447163742e-05
57,0.7053946174300412,8.295542797693596e-05
58,0.5931256403884194,8.388306815271041e-05
59,0.544163123773086,8.424067562501792e-05
60,0.6045317217780785,8.37956178009735e-05
61,0.6915217482182421,8.307802930954078e-05
62,0.7946785389720302,8.211401700492558e-05
63,0.9086383365896201,8.091262799732341e-05
64,1.0302587214168535,7.948135123038066e-05
65,1.1564902990680346,7.784422988165722e-05
66,1.283263780997625,7.605753788843133e-05
67,1.4049772297679721,7.422055305870523e-05
68,1.5143408492389456,7.247895871945573e-05
69,1.55576242321395,7.179887720866026e-05
70,1.4818064065946366,7.300547128571703e-05
71,1.3772563839732483,7.464874283732217e-05
72,1.2645045204892145,7.633039867260395e-05
73,1.15736514737049,7.783237418614389e-05
74,1.062160233341221,7.90817138364889e-05
75,0.9789815847021601,8.01029330477506e-05
76,0.9043121246969134,8.096076143943365e-05
77,0.8340885583959444,8.171438144672285e-05
78,0.7666444275478888,8.23878676083197e-05
79,0.6005875633952781,8.38260336383156e-05
80,0.6378515590524585,8.353128142745453e-05
81,0.7110288545676199,8.290500319655032e-05
82,0.8105567128794592,8.195505160069278e-05
83,0.9272322791980774,8.070353516446693e-05
84,1.0533850635341173,7.919261537541746e-05
85,1.1823967288551684,7.749028895526907e-05
86,1.3080703772350302,7.569238328796549e-05
87,1.4241775982279234,7.392073404667518e-05
88,1.4818898916383452,7.300412908929728e-05
89,1.4041941549803516,7.423272519794085e-05
90,1.297279593311703,7.585182491477324e-05
91,1.1870066279085838,7.742669047212793e-05
92,1.0873608574289857,7.875917176888031e-05
93,1.0052654725593737,7.97875582442314e-05
94,0.941914766422286,8.053590396796458e-05
95,0.8947034233697356,8.106696731065887e-05
96,0.8597225559824804,8.144538145745489e-05
97,0.6250444349480573,8.36344425962301e-05
98,0.6608181037181251,8.33414457626862e-05
99,0.7388101295843763,8.265106318173501e-05
100,0.8447204049409871,8.1603671683002e-05
101,0.9649985724711492,8.026789917374598e-05
102,1.0896815193682952,7.872916974739085e-05
103,1.2117373642156037,7.708236711156668e-05
104,1.3259261819765844,7.542654489272047e-05
105,1.4027912431499574,7.425452109233975e-05
106,1.3376004598171858,7.525140173603631e-05
107,1.2285292226189268,7.684559827765211e-05
108,1.1287331742223428,7.821682909343125e-05
109,1.0409835618768348,7.934809063799625e-05
110,0.9721268075637578,8.018404878108267e-05
111,0.9252596439193062,8.07258877420865e-05
112,0.9003185386775217,8.100502042148265e-05
113,0.6588797777887461,8.33577066095103e-05
114,0.706999952066356,8.294109782854892e-05
115,0.7920496032980933,8.21400684957317e-05
116,0.8968647544997411,8.104316231272026e-05
117,1.0084434991531752,7.974896208741735e-05
118,1.118825058202135,7.834814495357111e-05
119,1.2234669939172433,7.691722792987152e-05
120,1.3198562048653855,7.551719378432205e-05
121,1.2675785194333375,7.628588172689838e-05
122,1.1744151577971425,7.759996465678804e-05
123,1.0927229633279638,7.868977324192248e-05
124,1.021503554998772,7.958931065665767e-05
125,0.9667268407728324,8.024761637075225e-05
126,0.9334866584784555,8.0632399382003e-05
127,0.7212280910801534,8.281279777059354e-05
128,0.7744953500638353,8.231205811876496e-05
129,0.85192840355727,8.152792070931443e-05
130,0.9400852865584876,8.055691202973611e-05
131,1.0306194333629757,7.947688733061209e-05
132,1.1194184686806927,7.834030546800797e-05
133,1.2050989696814907,7.717530884215399e-05
134,1.202400630834055,7.721297947580137e-05
135,1.133594860215448,7.815206915395254e-05
136,1.0755012630740568,7.89117077927279e-05
137,1.0248826326420402,7.954773186126417e-05
138,0.9864965936811322,8.001346369400864e-05
139,0.7899777272728669,8.216054591642387e-05
140,0.830017318292494,8.175645122733568e-05
141,0.884956889246347,8.11737054242898e-05
142,0.9480605511018938,8.046508076511036e-05
143,1.016076518498506,7.965585585422256e-05
144,1.0882775736673909,7.874732627061927e-05
145,1.1415445406017521,7.804571546732886e-05
146,1.1119720470469812,7.843844581773112e-05
147,1.070470540366598,7.897601249520647e-05
148,1.0433882560345473,7.931805890888375e-05
149,0.8284053987795635,8.177305810279877e-05
150,0.8436455873652132,8.161491929666041e-05
151,0.8734193921877825,8.129875964842132e-05
152,0.9169778391569128,8.081929226753296e-05
153,0.97450498969105,8.015596009935433e-05
154,1.046347943691499,7.928101960542098e-05
155,1.0822734467547415,7.882476673471434e-05
156,1.0721382893645506,7.895472112775128e-05
157,0.8180884286711175,8.187867912037376e-05
158,0.8117824589976262,8.194266472069313e-05
159,0.8286092923363135,8.177095904032365e-05
160,0.8708580335435276,8.132633045860276e-05
161,0.9379649120432275,8.058121754237138e-05
162,1.0267392847109629,7.952483883008733e-05
163,0.7713464685598325,8.234254682625831e-05
164,0.7613155200968001,8.243893125336724e-05
165,0.7874604335393961,8.218536165440849e-05
166,0.8486659949225004,8.156227560591865e-05
167,0.7276169655184308,8.275443431245282e-05
168,0.7365284372103478,8.267225050419348e-05
169,0.4828165655935019,8.464748089693315e-05
170,0.6093097336514026,8.375852284939402e-05
171,0.7395964224849462,8.264374815738934e-05
172,0.8650629985063795,8.138845117582725e-05
173,0.9854764321409853,8.002564224002446e-05
174,1.1026981295749918,7.85599592664929e-05
175,1.2186045797902734,7.698582651525327e-05
176,1.3335011119958555,7.531302152325777e-05
177,1.4443252026373221,7.360333545131724e-05
178,1.543131213545613,7.200739311925449e-05
179,1.6154278799324757,7.080104696771046e-05
180,0.5893692539624087,8.39115273035876e-05
181,0.6801020574893993,8.31772821765523e-05
182,0.7823931744274263,8.223510205331065e-05
183,0.8896423611146301,8.112251791517764e-05
184,1.0005175341266312,7.984503495448635e-05
185,1.1149133481699773,7.839974155306438e-05
186,1.232066158888275,7.679542331241432e-05
187,1.3490765380282814,7.507821544929617e-05
188,1.459160064963202,7.336784047671603e-05
189,1.5468044655462547,7.194685604993582e-05
190,1.5526831794778322,7.184979936331164e-05
191,1.4716029496113219,7.316916441239088e-05
192,1.365369972965338,7.483061973814147e-05
193,1.2535856680845896,7.648789804582724e-05
194,1.1459516859661198,7.798651003500533e-05
195,1.0456038688677536,7.929033932576804e-05
196,0.951377275499022,8.042669911350246e-05
197,0.8604019954373572,8.143815541581367e-05
198,0.7706374708489246,8.234939634955864e-05
199,0.6838331919146744,8.31450196667655e-05
200,0.6427469379878614,8.349133752670432e-05
201,0.7115839198457384,8.290001581480714e-05
202,0.8015745755970346,8.204531789928284e-05
203,0.9054831507991664,8.09477518944909e-05
204,1.018522546786489,7.962589880092973e-05
205,1.1366735879712402,7.811094845924407e-05
206,1.255672017342031,7.645787905329194e-05
207,1.3695466379397123,7.476683099710606e-05
208,1.4646848262590901,7.327975521052702e-05
209,1.4794540540413683,7.30432712811526e-05
210,1.391162884056917,7.443463481964368e-05
211,1.2825506511469298,7.60679626180137e-05
212,1.174454908335729,7.75994198221408e-05
213,1.0771663069154418,7.889037199145854e-05
214,0.9941432957360756,7.992184844579578e-05
215,0.9243700513437676,8.073595485390693e-05
216,0.8649276493230555,8.138989779121037e-05
217,0.8135366402705239,8.192490904762068e-05
218,0.66672837170872,8.329159266028805e-05
219,0.7336096195878524,8.269926793971705e-05
220,0.8273555139397097,8.178385939810417e-05
221,0.9367669620175615,8.059492906190215e-05
222,1.0531010715916924,7.919619222217435e-05
223,1.1697448877724035,7.766388037845391e-05
224,1.2809500682405959,7.609134549535613e-05
225,1.3764768331943775,7.466070297964156e-05
226,1.399507372948577,7.430548453726585e-05
227,1.3130003268522419,7.561923461158043e-05
228,1.2098456421958157,7.710889077210343e-05
229,1.1112785093289355,7.84475604346281e-05
230,1.0268649241695187,7.95232884494205e-05
231,0.9605654160961221,8.031978828164387e-05
232,0.9127344879430731,8.086687429654175e-05
233,0.8816514565741214,8.120967690362906e-05
234,0.699488077962298,8.300789806682987e-05
235,0.7764106184208339,8.229345963410798e-05
236,0.8756849343139609,8.127431493272548e-05
237,0.9841627116956299,8.004130995384224e-05
238,1.092838796454701,7.868827112602467e-05
239,1.195814212643792,7.730466751345475e-05
240,1.286294529585963,7.601318802434141e-05
241,1.3198884467920668,7.551671303978282e-05
242,1.243272444324349,7.663575975007637e-05
243,1.1539690430131002,7.787835913709454e-05
244,1.07089029115717,7.897065620858779e-05
245,1.001729132325287,7.983038896880419e-05
246,0.9508547028166202,8.043275384467201e-05
247,0.920951614683073,8.077456357001002e-05
248,0.7593745701798743,8.245745105846059e-05
249,0.8390928742744003,8.166242362635348e-05
250,0.9305359576645204,8.066601015508703e-05
251,1.0239063505971686,7.955975622494927e-05
252,1.1132841643245952,7.842118961538553e-05
253,1.1945405986074757,7.732235406609146e-05
254,1.2416555563124052,7.665886129039229e-05
255,1.1976841079955296,7.727867509880847e-05
256,1.1154804506547518,7.839226998897076e-05
257,1.0527776507628213,7.920026473219324e-05
258,1.0013350422453446,7.983515438235243e-05
259,0.9656544197521918,8.026020575887697e-05
260,0.8259540230446477,8.17982593544387e-05
261,0.8914787008747859,8.1102393270999e-05
262,0.9614429353368327,8.030953289684173e-05
263,1.0317595759259865,7.946276948444877e-05
264,1.1000991024571158,7.859387114297808e-05
265,1.1594765091004777,7.78037336028999e-05
266,1.1451066316281662,7.799787597190386e-05
267,1.090618409132357,7.871704319287232e-05
268,1.0512665005204194,7.921927985287132e-05
269,1.020041373549261,7.960726794909826e-05
270,0.8640491350456408,8.139928261861354e-05
271,0.9052860130514409,8.094994300458665e-05
272,0.9516367249534472,8.042369199787796e-05
273,1.003972710751009,7.98032299631427e-05
274,1.0625507688546645,7.907676116507311e-05
275,1.0985336606439067,7.861426670668253e-05
276,1.0747363131696654,7.892150107562817e-05
277,1.059921801349739,7.911007308198188e-05
278,0.8556038842045798,8.148907893836986e-05
279,0.876912215640709,8.126105007280846e-05
280,0.9115140168563398,8.08805251450794e-05
281,0.9625734822891695,8.029630894105955e-05
282,1.0304855452220294,7.947854437688237e-05
283,1.0701832028281146,7.897967814453969e-05
284,0.8123536544700722,8.19368868309554e-05
285,0.8317426958629458,8.173864416541324e-05
286,0.87493192485002,8.128244579242022e-05
287,0.9427296316140145,8.052653577524209e-05
288,0.7717696118971716,8.233845622457466e-05
289,0.8097782217541997,8.19629101519644e-05
290,0.7328071918774618,8.270667849506867e-05
291,0.8016241171885653,8.2044822463133e-05
292,0.8807488806157902,8.121947912891952e-05
293,0.9680792217045694,8.023172392761968e-05
294,1.0633799885490203,7.906624040846033e-05
295,1.1663924849750626,7.770964184768517e-05
296,1.2748728015146937,7.617994011902731e-05
297,1.3819454006995788,7.457670789671591e-05
298,1.4690052659203208,7.321072780855717e-05
299,0.7562763857322891,8.248692507359585e-05
300,0.823510142075157,8.182331843692449e-05
301,0.9060339763487559,8.094162752874106e-05
302,0.9982769957194775,7.987208068467637e-05
303,1.0963720697730341,7.864239192234883e-05
304,1.197248914559984,7.728472718197417e-05
305,1.296427463104134,7.586437650488321e-05
306,1.3801378931306039,7.460449485215188e-05
307,1.3852531782015813,7.452579511993095e-05
308,1.300762665818731,7.580046056914612e-05
309,1.2017370078791128,7.722223452732069e-05
310,1.106609480235288,7.85088066337385e-05
311,1.0213050208255758,7.959175011216706e-05
312,0.9476040775363723,8.04703543683477e-05
313,0.885878145061194,8.116365925246495e-05
314,0.83669322230444,8.168737210090424e-05
315,0.7871663139313226,8.218825653271032e-05
316,0.8636466430170975,8.14035795318848e-05
317,0.9519712633917132,8.04198135616055e-05
318,1.043996256883358,7.931045689584853e-05
319,1.1347650490035455,7.813644974281939e-05
320,1.220981005324459,7.695232506725383e-05
321,1.2944542301985515,7.589341941535798e-05
322,1.3099016864257447,7.566523329001971e-05
323,1.2272275212365635,7.686403774221068e-05
324,1.1421013483081877,7.803824495987985e-05
325,1.064306105114984,7.905448255038895e-05
326,0.9982158041452674,7.987281863648232e-05
327,0.9455639476701796,8.049389783506225e-05
328,0.907678939929281,8.092331910695418e-05
329,0.842534069932802,8.162653784989301e-05
330,0.9225039201655891,8.07570464165173e-05
331,1.0050470163253309,7.979020767318618e-05
332,1.0836316272926048,7.880727862795435e-05
333,1.1551820444808896,7.7861946274645e-05
334,1.2157661919140441,7.702577769377735e-05
335,1.2344566950997151,7.676145174804257e-05
336,1.1662989322671187,7.771091745307236e-05
337,1.09985731554081,7.859702277820485e-05
338,1.041976283672398,7.93356994895227e-05
339,0.9954066560560282,7.990665617118118e-05
340,0.9622971266009144,8.029954265506937e-05
341,0.9051305075311941,8.095167110202865e-05
342,0.973443130033278,8.016850873577456e-05
343,1.0372659919090497,7.939440890129072e-05
344,1.0941339554548186,7.86714670913295e-05
345,1.1428750447316316,7.802785990116986e-05
346,1.1665512520575583,7.770747685757728e-05
347,1.118622834339893,7.835081577720133e-05
348,1.073520347759371,7.893705714001666e-05
349,1.0366551477571806,7.940200682030931e-05
350,1.0096830793373057,7.97338808187992e-05
351,0.9428953965802029,8.052462920722764e-05
352,0.9901006541843493,7.997035587165819e-05
353,1.0325069748598736,7.945350795807411e-05
354,1.0716619661536817,7.896080480241215e-05
355,1.1036547838365065,7.854746119620734e-05
356,1.0926641226314182,7.869053623612613e-05
357,1.059235868850649,7.911875378644942e-05
358,1.043492576051856,7.931675481784569e-05
359,0.9385321568125211,8.057471982393378e-05
360,0.9683660967387883,8.022835035751746e-05
361,0.9997379375111372,7.985445116543135e-05
362,1.0371810733567683,7.939546536728336e-05
363,1.0626992368616377,7.907487795161013e-05
364,1.0540464198043598,7.918428267907845e-05
365,0.9024126632905527,8.098183306546845e-05
366,0.930591051057931,8.066538341993922e-05
367,0.9689231697565138,8.022179696523812e-05
368,1.0221837531452627,7.958094991953703e-05
369,0.8679855336700357,8.13571673746701e-05
370,0.9120108182154265,8.087497034221837e-05
371,0.8656941447810992,8.138170288727265e-05
372,0.9231535526052589,8.074970816761806e-05
373,0.9904647925772415,7.996599325377708e-05
374,1.0640433627447863,7.905781912138541e-05
375,1.1420782904174975,7.803855437539917e-05
376,1.222405115797498,7.693222589447848e-05
377,1.2942602034524984,7.58962735147342e-05
378,0.9171171500250802,8.081772695935614e-05
379,0.9787042565772027,8.010622394822838e-05
380,1.0414346806742958,7.93424609523638e-05
381,1.102210988761796,7.856632019587225e-05
382,1.1607610120405356,7.778628998681388e-05
383,1.2135603301858915,7.705677861394123e-05
384,1.215327401576785,7.703194769744831e-05
385,1.157865135648157,7.782559543218603e-05
386,1.0988877614528478,7.86096552455732e-05
387,1.045235891975944,7.929494636120535e-05
388,0.9969246420032358,7.988838101383065e-05
389,0.9550428653032383,8.03841500534511e-05
390,0.9764673801661345,8.0132739548065e-05
391,1.0284429207612586,7.950380303241185e-05
392,1.074005335047032,7.893085428160422e-05
393,1.113131459453882,7.84231987135491e-05
394,1.1467474498590433,7.797580120047879e-05
395,1.1562218632480576,7.784786628311421e-05
396,1.1062673478780671,7.85132866747052e-05
397,1.0686732193506006,7.899892861582733e-05
398,1.0383576934369614,7.938082091301326e-05
399,1.014088897667758,7.968015555018414e-05
400,1.014309582389314,7.967745947548059e-05
401,1.04726713287941,7.926949919362153e-05
402,1.0722047141124447,7.89538725702705e-05
403,1.0919863266104837,7.8699322972061e-05
404,1.1003099746398104,7.859112203194564e-05
405,1.0678266910787186,7.900971139496666e-05
406,1.0496547091272181,7.923953726951618e-05
407,1.0402777112957717,7.935689528462849e-05
408,1.0138964992359278,7.968250566562111e-05
409,1.0305975221836503,7.947715852290194e-05
410,1.044093613235287,7.930923929052593e-05
411,1.056547147895579,7.915273722611217e-05
412,1.0419524295295275,7.933599734813106e-05
413,1.0405082314745009,7.935402034764168e-05
414,0.9841443568335078,8.004152873584733e-05
415,0.9985782373520993,7.986844726161562e-05
416,1.0184988898365928,7.962618881313306e-05
417,1.0368679347329957,7.939936050169747e-05
418,0.9549348022799778,8.03854063707233e-05
419,0.9826946426273087,8.005879807163142e-05
420,1.0114087204683433,7.971286077357104e-05
421,1.0444879035321477,7.930430709345617e-05
422,1.0760981138458643,7.890406277338061e-05
423,1.1082371685016699,7.848747814681833e-05
424,1.1417794006174697,7.804256476696198e-05
425,1.048937940835369,7.924853780578039e-05
426,1.06370265880318,7.906214475225526e-05
427,1.0746237263263023,7.892294200493058e-05
428,1.0864247685325976,7.877125949122153e-05
429,1.0830474603739868,7.881480255483366e-05
430,1.0656017901221884,7.903801903912696e-05
431,1.055607193443933,7.916460129125534e-05
432,1.049556324475202,7.924077298769494e-05
433,1.0509869749431628,7.922279478676828e-05
434,1.0493762928599148,7.924303395731659e-05
435,1.0476072315547678,7.926523460231264e-05
436,1.0465581786178015,7.927838539772476e-05
437,1.0339751949662357,7.943529849011488e-05
438,1.0406204820234692,7.935262022722994e-05
439,1.025251291353626,7.954318886730758e-05
440,1.0202329294148225,7.960491660801738e-05
441,1.0208538834069865,7.959729195763243e-05
442,1.0156137848916078,7.966151646894695e-05
443,0.9992438570649576,7.98604157109135e-05
444,1.0064621590539464,7.977303653034533e-05
445,1.0518914278157379,7.921141891110742e-05
446,1.0413274842497005,7.934379887554661e-05
447,1.0383176966856777,7.93813189402505e-05
448,1.0277688192040182,7.951212993425221e-05
449,1.0129062129884587,7.969459610780343e-05
450,1.0054874633063926,7.978486546691511e-05
451,1.0163755526520672,7.965219665770893e-05
452,1.0032021614574098,7.98125632326695e-05
453,0.9990566843265288,7.98626746318187e-05
454,0.9922276808987658,7.994485404474029e-05
455,0.0,0.0
456,0.2347182861716365,8.580976142261122e-05
457,0.44434062016439624,8.48788697950233e-05
458,0.6307010075720396,8.35891181809435e-05
459,0.8016912855083532,8.204415070932785e-05
460,0.9606005837681223,8.031937743434992e-05
461,1.108193041679613,7.848805668651758e-05
462,1.2444900730629536,7.661834834957307e-05
463,1.3689486036917478,7.477597252380152e-05
464,1.4798390285219454,7.303708763054492e-05
465,1.5733515597103251,7.150690233538426e-05
466,1.6430616805465688,7.03320002191781e-05
467,1.6809447284534982,6.968225977724515e-05
468,0.2392756970389047,8.579554332406808e-05
469,0.40306218887196915,8.510649561379863e-05
470,0.5879128563626842,8.39225157252877e-05
471,0.7643459556273651,8.240993148191919e-05
472,0.9313550442819593,8.065668911092725e-05
473,1.087949665624054,7.875156428954675e-05
474,1.2326247349652835,7.678748975532818e-05
475,1.3637322008009167,7.485559738524448e-05
476,1.4788002862788125,7.305377016836075e-05
477,1.573337358155598,7.150713882580204e-05
478,1.6403293976103355,7.037856482135421e-05
479,1.6716872488223413,6.98417368459935e-05
480,1.6843320581214107,6.962379582112796e-05
481,1.681180941445387,6.967818475557047e-05
482,1.6399821835949364,7.03844792555956e-05
483,1.566340717622051,7.162350343550048e-05
484,1.466876253429679,7.324475860916201e-05
485,1.3470463534361727,7.51089260100302e-05
486,1.2108682754122286,7.709455631613238e-05
487,1.0614354544627758,7.909090145508215e-05
488,0.9014822121397138,8.099214122602098e-05
489,0.7336578185482832,8.269882258133089e-05
490,0.5603389938184694,8.412573905070267e-05
491,0.3848750959543969,8.519996013560411e-05
492,0.42620032166488203,8.498154350697221e-05
493,0.5387876117757864,8.427816636013276e-05
494,0.6886804466924697,8.310286525640992e-05
495,0.8481823477194603,8.156735892150817e-05
496,1.0063890747857687,7.97739238078077e-05
497,1.1576285255646854,7.782880362734849e-05
498,1.2981314480220651,7.583927162345824e-05
499,1.4240202000370932,7.392320247723153e-05
500,1.5289233908194562,7.224075763129769e-05
501,1.602786148690006,7.101419505200166e-05
502,1.6345450878656471,7.047700842370765e-05
503,1.657568941679842,7.008408464142207e-05
504,1.6880479392960948,6.95595933281654e-05
505,1.6782500060838343,6.97287272701313e-05
506,1.6295830569090917,7.056131081468271e-05
507,1.5473574013312346,7.193773619298055e-05
508,1.4381871476358357,7.37003313293321e-05
509,1.3085462194796609,7.568533124167725e-05
510,1.1644358126187737,7.773630527363451e-05
511,1.0115419331557112,7.971123689275754e-05
512,0.8555400425414124,8.148975484213687e-05
513,0.7025301365783568,8.298092440839367e-05
514,0.544163123773086,8.424067562501792e-05
515,0.6191589424482985,8.36811986730931e-05
516,0.7421540078838104,8.261990605116529e-05
517,0.8888022028601907,8.11317134541374e-05
518,1.042699312164779,7.932666867742363e-05
519,1.1933955158750316,7.733824375374154e-05
520,1.3329618530317553,7.532111785547196e-05
521,1.4522779190633206,7.34772777121977e-05
522,1.5380374473370262,7.209120302682509e-05
523,1.5749692231251518,7.147995645150587e-05
524,1.6026517343828175,7.10164564652961e-05
525,1.6608787071862385,7.002736560313896e-05
526,1.6817935113143039,6.966761568110832e-05
527,1.6623357770564424,7.000237750534209e-05
528,1.604511300737903,7.098516154710028e-05
529,1.5142477364352642,7.248047534852214e-05
530,1.3994462265743706,7.430643275075277e-05
531,1.268477934415344,7.627284204956025e-05
532,1.1293783880433275,7.820824687184768e-05
533,0.9895149033557379,7.997737078433882e-05
534,0.6005875633952781,8.38260336383156e-05
535,0.6540547849677706,8.339799298207257e-05
536,0.7675117771060457,8.237952623032771e-05
537,0.9143869528143759,8.084836694114762e-05
538,1.0721194624488675,7.895496162873009e-05
539,1.2246084433014919,7.690109548321812e-05
540,1.3581307611999256,7.49408732837967e-05
541,1.456404964301087,7.341168973093818e-05
542,1.5005419439446945,7.270310948922758e-05
543,1.5241472827575613,7.231892194432893e-05
544,1.6009761718320885,7.104463775536614e-05
545,1.647698352644511,7.0252887349325e-05
546,1.658775813613308,7.006340938892726e-05
547,1.6321003963200313,7.051855949648654e-05
548,1.5702842156709924,7.155795315340793e-05
549,1.4801182314921326,7.303260231904534e-05
550,1.3706392714789706,7.475012218771443e-05
551,1.2510708256555523,7.65240346551025e-05
552,0.6250444349480573,8.36344425962301e-05
553,0.6781431730385562,8.319415564240534e-05
554,0.7981517779317444,8.207948178179531e-05
555,0.9519058873157393,8.042057158183645e-05
556,1.1114134163798275,7.844578780432586e-05
557,1.2557971268146264,7.645607780403515e-05
558,1.3651255685868382,7.483434841726145e-05
559,1.4173570489515823,7.402753848858918e-05
560,1.4279250006757065,7.386191319279706e-05
561,1.5136002303056344,7.249102045063119e-05
562,1.5783919568101548,7.142289176782208e-05
563,1.617171767700274,7.077157267794743e-05
564,1.6252045436781413,7.063558619999193e-05
565,1.6003084850148295,7.10558630828424e-05
566,1.5448149791012638,7.197965412402384e-05
567,1.465382525401433,7.326861662235565e-05
568,0.6588797777887461,8.33577066095103e-05
569,0.7244606786940809,8.278332569793318e-05
570,0.851191824931344,8.153568727706145e-05
571,1.0027871781531579,7.981758728539413e-05
572,1.1496133051728161,7.793718754610539e-05
573,1.2667284321386183,7.62982001997679e-05
574,1.3281815109709092,7.53927911649397e-05
575,1.3218168301529962,7.548794510874083e-05
576,1.4064626545236825,7.41974514849907e-05
577,1.481622550486067,7.300842699388848e-05
578,1.5423473332748254,7.202030109107332e-05
579,1.5836911018094202,7.133440642418133e-05
580,1.5997329743744113,7.10655366603219e-05
581,1.5864993465352024,7.128744723942895e-05
582,0.7212280910801534,8.281279777059354e-05
583,0.7914675636444449,8.214582589340784e-05
584,0.9097067984718963,8.090071021257117e-05
585,1.042905829231611,7.932408830199033e-05
586,1.1610302025732528,7.77826325111902e-05
587,1.2331052608215796,7.678066266715012e-05
588,1.2400292094038836,7.668207603482607e-05
589,1.2878380700874532,7.59905726318837e-05
590,1.3680850674860274,7.478916781268075e-05
591,1.444901633034156,7.359421311652882e-05
592,1.5143421960080743,7.247893678276238e-05
593,1.5689590078993092,7.157999163880078e-05
594,0.7899777272728669,8.216054591642387e-05
595,0.8466710663333855,8.158322682910127e-05
596,0.9422922396120852,8.053156514829847e-05
597,1.0485204366759735,7.925377818030612e-05
598,1.13127334090846,7.818301959394256e-05
599,1.1580655343215118,7.782287783836027e-05
600,1.1654249873281202,7.772283009204898e-05
601,1.2485619434199786,7.656003359772963e-05
602,1.3373942559672818,7.525450438711393e-05
603,1.4285252735971004,7.38524818921151e-05
604,0.8284053987795635,8.177305810279877e-05
605,0.8608620606524794,8.143325967996277e-05
606,0.9340231148831629,8.0626279101468e-05
607,1.0214437165598882,7.959004595198067e-05
608,1.0775711249934783,7.888518072670732e-05
609,1.0861499739951792,7.877480635966952e-05
610,1.1322949679473229,7.81694052972334e-05
611,1.2306922290138633,7.681492635278533e-05
612,0.8180884286711175,8.187867912037376e-05
613,0.831804571803411,8.173800496350512e-05
614,0.9026445327848894,8.097926284965984e-05
615,0.9976438369305024,7.987971459448595e-05
616,1.0405286940255343,7.935376512377453e-05
617,1.0584931325199747,7.912814830998657e-05
618,0.7713464685598325,8.234254682625831e-05
619,0.7882555891421268,8.217753051744299e-05
620,0.8902710659525228,8.111563186992682e-05
621,1.0102134520443133,7.972742346016682e-05
622,0.7276169655184308,8.275443431245282e-05
623,0.7692388124343847,8.236289211276323e-05
624,0.5308662834101996,8.433276995703165e-05
625,0.6864341763200404,8.312243389929779e-05
626,0.8480106139654412,8.1569163302543e-05
627,1.00820821355714,7.975182296707112e-05
628,1.1619255840915363,7.777046239590493e-05
629,1.3049538871042001,7.573852606018912e-05
630,1.433045445868249,7.37813813962016e-05
631,1.54081674273359,7.204549401380647e-05
632,1.6211694167862079,7.070394187810153e-05
633,1.6664155500930118,6.993235138222927e-05
634,1.6733059484950024,6.981388398139931e-05
635,0.6308202394525866,8.358815873597463e-05
636,0.7601823445414232,8.244974872088348e-05
637,0.9075958846039185,8.092424418862264e-05
638,1.0608936810097296,7.90977659535071e-05
639,1.211322491842347,7.708818661169785e-05
640,1.3517696300147082,7.503742895543261e-05
641,1.4743156421656105,7.31257126361693e-05
642,1.5684347131604233,7.158870786940276e-05
643,1.6226367871643288,7.06790949300794e-05
644,1.6343339672420862,7.048059802447945e-05
645,1.6501236113715754,7.021146016831576e-05
646,1.67279502611359,6.98226768708813e-05
647,1.6577687559362457,7.008066210569376e-05
648,1.601571481347427,7.103462709142146e-05
649,1.5099085801527263,7.255109038321434e-05
650,1.3914458924217934,7.443026288294148e-05
651,1.2550420636153,7.646694678367286e-05
652,1.1087280822419467,7.848104064603903e-05
653,0.9599661719522804,8.032678704261853e-05
654,0.8163511073179612,8.189635085042712e-05
655,0.6816642022488074,8.31637942212931e-05
656,0.7936148133817054,8.212456721987699e-05
657,0.9353261853163466,8.061140041404257e-05
658,1.0891963998228766,7.873544563436593e-05
659,1.2413433348985694,7.666331969808846e-05
660,1.3795035249232162,7.461424135265948e-05
661,1.4895380001455207,7.288097457881279e-05
662,1.5552877206778668,7.180673123846275e-05
663,1.571508973914428,7.15375758308587e-05
664,1.5944345503470383,7.115450636028725e-05
665,1.6421845283171568,7.034695341765919e-05
666,1.6587519642450856,7.00638180342013e-05
667,1.6341880142015237,7.048307946296565e-05
668,1.5695105149503652,7.157082123628118e-05
669,1.4719221054060285,7.316405474481989e-05
670,1.351769954849947,7.503742403254252e-05
671,1.2199449483435258,7.696693666853372e-05
672,1.086459564100341,7.877081032239254e-05
673,0.704158943385679,8.296643814866818e-05
674,0.81527638093797,8.190726625417432e-05
675,0.9621722679565095,8.030100340705891e-05
676,1.1204625668059707,7.832650418393014e-05
677,1.2706572978004018,7.624121845628296e-05
678,1.3944313027006479,7.438410857614395e-05
679,1.4713613065710849,7.317303265122176e-05
680,1.4913359015995955,7.285196780708169e-05
681,1.5125937202807314,7.25074068690154e-05
682,1.5757752884809213,7.146652378218941e-05
683,1.6193874130010886,7.073410027541162e-05
684,1.6292991786032962,7.056612964379429e-05
685,1.6009740932685317,7.104467270470752e-05
686,1.5365830359909916,7.211510353652417e-05
687,1.4441630769080622,7.360590076950565e-05
688,1.334858774325224,7.529262794860869e-05
689,0.7339546353551771,8.26960794125756e-05
690,0.8531713793121115,8.1514801413625e-05
691,1.0040669188590083,7.980208846658995e-05
692,1.1576859787484373,7.782802466559097e-05
693,1.290052909586791,7.595808831706053e-05
694,1.3764890349672447,7.466051581027778e-05
695,1.4004914607476324,7.4290220310982e-05
696,1.4132702979256881,7.409137602603207e-05
697,1.4816391086480363,7.300816081068262e-05
698,1.5442179749040912,7.198949139968074e-05
699,1.5855105339033517,7.130398734292854e-05
700,1.5975715261063679,7.110185070991506e-05
701,1.5759890604666793,7.146296073339841e-05
702,1.522372201098382,7.234793571677636e-05
703,0.7887042851238892,8.217310841532117e-05
704,0.9075282837009951,8.092499708366283e-05
705,1.048249320686755,7.925718024362327e-05
706,1.1802190311857452,7.752026820864868e-05
707,1.2739498005658958,7.619336956154175e-05
708,1.3046559412521401,7.574293344257429e-05
709,1.3059475073294173,7.572382281540002e-05
710,1.366670449491259,7.481077193628773e-05
711,1.4443562082484056,7.360284482836757e-05
712,1.5101440699445536,7.25472611390119e-05
713,1.5596348337526298,7.173475642168088e-05
714,1.5836833153129843,7.133453656480563e-05
715,0.8494200154977947,8.155434554116279e-05
716,0.9515610784498405,8.04245688397506e-05
717,1.0681216363826367,7.900595525548937e-05
718,1.1651542343713266,7.772651932446625e-05
719,1.2079385596550052,7.713559888050141e-05
720,1.2027582749094943,7.720799011395707e-05
721,1.249925504668158,7.654047485804249e-05
722,1.3328339733082206,7.532303748969429e-05
723,1.4159975674812142,7.404878757561915e-05
724,1.4951895851718964,7.27897224056212e-05
725,0.8825720407551084,8.119967022372135e-05
726,0.9600930735095349,8.032530522296286e-05
727,1.0509142412933248,7.922370926368447e-05
728,1.1122976751957583,7.843416482063365e-05
729,1.1204188019022543,7.832708288489045e-05
730,1.1369041977542025,7.810786489882345e-05
731,1.2212560822027463,7.694844410820984e-05
732,1.3162623920306442,7.557072874536844e-05
733,0.8718114209906804,8.131607621980836e-05
734,0.9343662905010357,8.062236235505375e-05
735,1.0159062967164463,7.965793841906358e-05
736,1.05603294437586,7.91592285256241e-05
737,1.06248258353479,7.907762597827737e-05
738,1.1156137150674763,7.839051380532917e-05
739,0.8325494672300432,8.173030665012789e-05
740,0.909144388829774,8.090698489815931e-05
741,1.0066408198677088,7.977086728234149e-05
742,1.0333934314464135,7.944251625722068e-05
743,0.8038334238254613,8.202270101927882e-05
744,0.9154612445422177,8.08363198079333e-05
745,0.8716002344769732,8.131834848790045e-05
746,1.0060377591883316,7.977818821032805e-05
747,1.1517014153205476,7.790900674902196e-05
748,1.2970469118088463,7.585525280676224e-05
749,1.4302264261936641,7.382574020586049e-05
750,1.5380182634368058,7.209151836364653e-05
751,1.6067897804102507,7.094678968030255e-05
752,1.628143812392514,7.05857373515862e-05
753,1.6103880460819897,7.088613095976265e-05
754,0.8958252874649972,8.105461717293727e-05
755,1.030189330816595,7.948220981146663e-05
756,1.1789362657402012,7.753790800273862e-05
757,1.3244314251707856,7.544889406375325e-05
758,1.4484635486718227,7.353779309182272e-05
759,1.5314033054229927,7.220011557215487e-05
760,1.559327780418106,7.173984404274235e-05
761,1.5424526231823577,7.201856752769499e-05
762,1.5476947612683316,7.193217101757803e-05
763,1.5911771033676194,7.120912376134274e-05
764,1.6070215402468315,7.094288495129584e-05
765,1.5770699093781764,7.144494151154279e-05
766,1.5010067085278216,7.269557979543753e-05
767,1.3900961036466146,7.445110929445425e-05
768,1.260329721447393,7.639073360561062e-05
769,1.1276104866594057,7.823175335732152e-05
770,0.920598584350279,8.077854389459656e-05
771,1.0599405574414724,7.910983565447638e-05
772,1.208838641177913,7.712299738520257e-05
773,1.343479549513584,7.516280522287873e-05
774,1.438619835017647,7.369350238040278e-05
775,1.4731249607461956,7.314479096963993e-05
776,1.4558983247791932,7.34197476170914e-05
777,1.4538242993664603,7.345271587936139e-05
778,1.5153206438334113,7.246299638905437e-05
779,1.5620831704239073,7.169416909188516e-05
780,1.5754329113433982,7.147222979460536e-05
781,1.5453937030799827,7.197011596819414e-05
782,1.473846553183525,7.313322999709731e-05
783,1.3731580252998894,7.471157108472554e-05
784,0.9616719799900845,8.030685481676998e-05
785,1.0975317086574188,7.862730884530173e-05
786,1.231918404372912,7.679752145902872e-05
787,1.3344741183136886,7.529840733951472e-05
788,1.3760112658337178,7.466784373982065e-05
789,1.3602242676551577,7.490902939841988e-05
790,1.350296548998074,7.505974535274076e-05
791,1.4147867130136074,7.406770253917258e-05
792,1.4812078426790214,7.301509309890732e-05
793,1.5314535509568366,7.219929172532371e-05
794,1.5512318051264216,7.187378101025485e-05
795,1.5315382586288182,7.219790278705022e-05
796,1.0053957165295881,7.978597842642572e-05
797,1.1219243401822079,7.830716519046379e-05
798,1.2238120997662658,7.691235160514975e-05
799,1.273452722754673,7.620059906698075e-05
800,1.2631363752603642,7.635018704520437e-05
801,1.246694963468489,7.658678835795196e-05
802,1.3045232730338325,7.574489572018849e-05
803,1.3806756982142991,7.459622964051484e-05
804,1.4564030423459944,7.341172030211755e-05
805,1.518134830290684,7.241711502757245e-05
806,1.024677836358453,7.955025500114345e-05
807,1.1115995399688714,7.844334193255036e-05
808,1.1698879696577926,7.766192505700513e-05
809,1.1713818167339363,7.76414997534096e-05
810,1.1523224845408906,7.790061738792202e-05
811,1.18427835870086,7.746435220849566e-05
812,1.275915513718727,7.616476061491195e-05
813,1.3662903615449,7.481657412109859e-05
814,1.0072615448359097,7.976332817564779e-05
815,1.0684416059365671,7.900187949998758e-05
816,1.0911297484997204,7.87104212621263e-05
817,1.0805444893121547,7.884700398726119e-05
818,1.0944685029649164,7.866712397026263e-05
819,1.1791880127320005,7.753444726872277e-05
820,0.9739168582227998,8.016291180350506e-05
821,1.0259898011656314,7.95340842059763e-05
822,1.036278246570247,7.940669306622831e-05
823,1.043841322411047,7.931239442465829e-05
824,0.9745498530821836,8.01554296721888e-05
825,1.0126655415891492,7.969753302095251e-05
826,1.1538307793844584,7.788022912045864e-05
827,1.2874430588187002,7.599636200888319e-05
828,1.4097232549991434,7.414668668808936e-05
829,1.4977726059179908,7.274794672354868e-05
830,1.5331081843142391,7.217215283881472e-05
831,1.5156816032654699,7.245711427234932e-05
832,1.4703960740172926,7.318848026060291e-05
833,1.1835436891384767,7.74744827060978e-05
834,1.3077054628026354,7.569779016341734e-05
835,1.403720893114813,7.424007946111201e-05
836,1.444259241985242,7.360437916970266e-05
837,1.4257845899855055,7.389552208656847e-05
838,1.3781649366771576,7.463479784910623e-05
839,1.3728755774787227,7.47158964648027e-05
840,1.4327026140250532,7.378677900480824e-05
841,1.485418724852076,7.294735358403903e-05
842,1.5039713699358999,7.264751612408576e-05
843,1.472008804265503,7.316266658286391e-05
844,1.3931262700461706,7.440429228150887e-05
845,1.2071032836375999,7.71472868774417e-05
846,1.30207827829805,7.57810344424346e-05
847,1.3470075742202037,7.510951231830128e-05
848,1.3301827909563384,7.536280670802817e-05
849,1.2831818047427768,7.605873644787153e-05
850,1.259903750245025,7.639688179844789e-05
851,1.3305066041021445,7.535795223038736e-05
852,1.4026922121697174,7.425605912126949e-05
853,1.4631738512462806,7.330386628207092e-05
854,1.4910605839198794,7.285641106948018e-05
855,1.2007640704753704,7.723579651535194e-05
856,1.2471492101380466,7.65802814317455e-05
857,1.2358502866574868,7.674162554746194e-05
858,1.1935304302470509,7.733637220973219e-05
859,1.1664861226717462,7.770836500609784e-05
860,1.2263550355892383,7.68763890974233e-05
861,1.3054962990868784,7.57305006013084e-05
862,1.3902828084695107,7.444822657739876e-05
863,1.150888926152965,7.791997659989391e-05
864,1.1492313877403861,7.794233762762685e-05
865,1.1162327128862348,7.838235440220425e-05
866,1.0900213207422194,7.872477250274535e-05
867,1.1329561236823373,7.816058963821396e-05
868,1.211227446897657,7.708951962009891e-05
869,1.0766586979807895,7.889687923617058e-05
870,1.0584274110777743,7.912897933662161e-05
871,1.0402947569493317,7.935668271696245e-05
872,1.0547188768135733,7.91758058348367e-05
873,1.0241736255409906,7.955646525989273e-05
874,1.0218083161838056,7.958556520612382e-05
875,1.3881772372738173,7.448072181982256e-05
876,1.4214405450997356,7.396363359811174e-05
877,1.3987684316675209,7.431694169422502e-05
878,1.3414859729457105,7.519287750770572e-05
879,1.2801578286747324,7.610291167699418e-05
880,1.3337452034757373,7.530935604543771e-05
881,1.3095549159751723,7.567037634198542e-05
882,1.2513283840309437,7.65203361107506e-05
883,1.191337203670675,7.736677731362824e-05
884,1.181113299415202,7.750796228296146e-05
885,1.2434503324408626,7.66332168189462e-05
886,1.319369756694502,7.552444600794662e-05
887,1.3872799721567823,7.449455947376523e-05
888,1.2242501651527593,7.690616031980787e-05
889,1.1697015250532286,7.766447292699255e-05
890,1.1147213609945201,7.84022703124806e-05
891,1.0874565085948542,7.87579361635775e-05
892,1.1501138439674314,7.793043590473383e-05
893,1.2300240101416293,7.682440604466827e-05
894,1.1036366059546814,7.854769875732104e-05
895,1.0579601811845791,7.913488612296888e-05
896,1.0341910197324493,7.943261998309281e-05
897,1.0751961267608225,7.891561496602649e-05
898,1.0271883892434641,7.951929621046616e-05
899,1.0143693944084773,7.967672867808959e-05
900,1.2392809357544294,7.669274961702326e-05
901,1.163591017703377,7.774780677143159e-05
902,1.1036841277108291,7.854707770375054e-05
903,1.0994302928017332,7.860258759567744e-05
904,1.0454221327030258,7.92926148077644e-05
905,1.03459000955647,7.94276671072851e-05
906,1.0865364943477183,7.876981720546872e-05
907,1.0148847694677328,7.967043025107488e-05
908,1.0004572427327794,7.984576338715632e-05
909,1.0008885026539063,7.984055217085093e-05
910,0.0,0.0
911,0.3236511921232561,8.548363497865804e-05
912,0.6348141544452457,8.355592305988003e-05
913,0.9230398570885624,8.0750992787583e-05
914,1.181721539633047,7.749958836779009e-05
915,1.4093733187975983,7.415213854000353e-05
916,1.6100577295468992,7.089170243168127e-05
917,1.7926237758943229,6.772516531375848e-05
918,1.9684225763431709,6.453825423080932e-05
919,2.1474466915025126,6.119462329234765e-05
920,2.333412768082307,5.7658248013781966e-05
921,2.517401487733634,5.4136208170014705e-05
922,2.6601233264442183,5.1411785881502255e-05
923,0.4115796968529685,8.506128433455165e-05
924,0.6476997075591235,8.345063813812158e-05
925,0.9051190938936052,8.095179792923089e-05
926,1.1531755015598024,7.788908928327169e-05
927,1.3792358207385127,7.461835350011107e-05
928,1.5809698031107393,7.137986747342452e-05
929,1.7628761509458075,6.825219520965679e-05
930,1.9333692110145484,6.518257780410232e-05
931,2.1013462303766857,6.206292231591157e-05
932,2.2717705418762084,5.8835022180026365e-05
933,2.43931831080753,5.563130497503703e-05
934,2.575891063010058,5.301777849650877e-05
935,2.6198394214460996,5.217899722582713e-05
936,2.5399516120850674,5.370477966773177e-05
937,2.3888742104818825,5.659724372664406e-05
938,2.217077179640445,5.987581977157237e-05
939,2.0444538322499684,6.31280330317892e-05
940,1.873328931831801,6.627647497460723e-05
941,1.6975698564567483,6.939475336941701e-05
942,1.5079962136678051,7.258217373829903e-05
943,1.2966558041333824,7.586101368403378e-05
944,1.060060240685438,7.91083205428321e-05
945,0.8016462663045305,8.204460095418175e-05
946,0.535980824272663,8.429760186248533e-05
947,0.8136395568595446,8.192386628778084e-05
948,1.0205556690605373,7.960095418048024e-05
949,1.2318390454211028,7.679864829802608e-05
950,1.434439212018993,7.375942924601564e-05
951,1.6207503077083663,7.071103642734448e-05
952,1.7886598405999838,6.779561987908034e-05
953,1.940502441662511,6.505178344393112e-05
954,2.0808355477054707,6.244779112092766e-05
955,2.213642047785375,5.994105960201952e-05
956,2.3378745575456814,5.757295423649902e-05
957,2.4405439375594895,5.5607831686688714e-05
958,2.4961107150666013,5.4543736659412286e-05
959,2.4797905884131937,5.485621445346569e-05
960,2.401928258069223,5.6347326198854814e-05
961,2.280468031656998,5.866919312384825e-05
962,2.1352829805400697,6.142413833796084e-05
963,1.9791214602234837,6.434082378722771e-05
964,1.8149484715928115,6.732710375930298e-05
965,1.63983655045581,7.038695977038243e-05
966,1.4494535823403971,7.352209568284506e-05
967,1.241872692992815,7.665576017979261e-05
968,1.0208476594937819,7.95973683993022e-05
969,1.1969314069738684,7.728914161897616e-05
970,1.379123087154292,7.462008501912062e-05
971,1.5492815454410995,7.19059856501949e-05
972,1.705225610289925,6.926188760964351e-05
973,1.8441289972396513,6.680366057926921e-05
974,1.9637533459185206,6.462430666077658e-05
975,2.0642285904220734,6.275869769073617e-05
976,2.148330639647994,6.117793330512809e-05
977,2.2211593622828527,5.979826959008932e-05
978,2.286650029815737,5.8551278871084105e-05
979,2.3400193741221718,5.753194826643768e-05
980,2.366277049478568,5.7029720609732834e-05
981,2.348130428867249,5.7376850240093785e-05
982,2.295079626813215,5.839043531447221e-05
983,2.206832325024038,6.00703392850631e-05
984,2.0873431132157987,6.232578393911628e-05
985,1.9451327157317406,6.496679323817564e-05
986,1.7867702114676978,6.782918173280746e-05
987,1.615002495375228,7.080823399352673e-05
988,1.431656097858725,7.380325047876083e-05
989,1.5490259098165757,7.191020523416535e-05
990,1.695707928242307,6.942702257857421e-05
991,1.807826763762729,6.745431853825878e-05
992,1.901097164260126,6.577215128994625e-05
993,1.976121717405384,6.439621440798136e-05
994,2.029735862704437,6.34022735309987e-05
995,2.064359775475466,6.275624430020343e-05
996,2.090635570622134,6.22640184667013e-05
997,2.1243426840758777,6.163032297699582e-05
998,2.1716697841791026,6.0736750395471044e-05
999,2.230419140111388,5.962227470481197e-05
1000,2.2510195527479686,5.9230336080796385e-05
1001,2.24636111143691,5.9319012688387015e-05
1002,2.221551739696453,5.979081428358097e-05
1003,2.1716309105842524,6.0737486024552626e-05
1004,2.0782375708510643,6.249647202060715e-05
1005,1.9410728673024968,6.504131689304919e-05
1006,1.7817809857060158,6.79177201886317e-05
1007,1.8473687679936253,6.674533283993119e-05
1008,1.9042701074450452,6.571434633306385e-05
1009,1.9339181555118656,6.517251841156887e-05
1010,1.9605536296890744,6.468323705689253e-05
1011,1.968902778637468,6.452940041458111e-05
1012,1.9600779840007982,6.469199445563109e-05
1013,1.9492852066618087,6.489051341487752e-05
1014,1.9591995505740947,6.47081659443774e-05
1015,2.00131569661512,6.393017224812384e-05
1016,2.0616696367681637,6.280654622469954e-05
1017,2.140279750246054,6.132988933493711e-05
1018,2.16848513196502,6.0797006953617194e-05
1019,2.1806329481232964,6.0567066830986916e-05
1020,2.1922505937013423,6.0346934420909783e-05
1021,2.1965176236693056,6.026602847705849e-05
1022,2.094727240490699,6.21872260454926e-05
1023,1.9332968018816392,6.518390462422835e-05
1024,1.9251986848418858,6.533218269974414e-05
1025,1.9189933625262368,6.544565255451533e-05
1026,1.8890118402902547,6.599199132439997e-05
1027,1.8422464266290908,6.683753456042577e-05
1028,1.8015991120085642,6.756538649180176e-05
1029,1.7939328253012536,6.770188335767167e-05
1030,1.833340539365817,6.699758962294327e-05
1031,1.90380133884186,6.572288865677724e-05
1032,2.0272661901989535,6.344823499425242e-05
1033,2.094732772716521,6.218712219143384e-05
1034,2.1317634026637444,6.149049540547154e-05
1035,2.16085631988061,6.09412794379954e-05
1036,2.2017309682387505,6.016714164356291e-05
1037,1.906541079778727,6.567295159574142e-05
1038,1.8838225790467988,6.608622410588579e-05
1039,1.8085811152211502,6.74408537363208e-05
1040,1.7205246195185975,6.899549992085832e-05
1041,1.651991668642875,7.017952921839282e-05
1042,1.6285689056962158,7.057852395913561e-05
1043,1.6663634745956322,6.993324577173395e-05
1044,1.74691551233701,6.853331013080041e-05
1045,1.9041395462790294,6.57167256146634e-05
1046,2.030059832140397,6.33962431373571e-05
1047,2.1109877047305896,6.188168655086538e-05
1048,2.1334356532001078,6.145897032377449e-05
1049,1.8948072288105315,6.588663530810747e-05
1050,1.7341351937447438,6.875755069377656e-05
1051,1.5998502461026791,7.106356563147533e-05
1052,1.5039242939727475,7.264827977296368e-05
1053,1.4623169798129572,7.331753277912094e-05
1054,1.495122045543626,7.279081415337806e-05
1055,1.585346268654192,7.1306734491374e-05
1056,1.7057462602214593,6.925284105976284e-05
1057,1.92651177996747,6.530815473278421e-05
1058,2.10498936819308,6.199446384506334e-05
1059,1.6172667975252446,7.07699660402825e-05
1060,1.4736828823780777,7.313585254923502e-05
1061,1.3602841021151681,7.490811878605386e-05
1062,1.2986205052199307,7.583206206951334e-05
1063,1.3157444957979354,7.557843524752215e-05
1064,1.4131259835444197,7.409362813520942e-05
1065,1.5482080918231882,7.192370164510391e-05
1066,1.7573627022241192,6.834943678070785e-05
1067,1.341485476063978,7.519288499918755e-05
1068,1.2270505913919625,7.68665429701499e-05
1069,1.152115930231802,7.790340789156612e-05
1070,1.1369271316631921,7.810755821563453e-05
1071,1.2310957195805194,7.680920041581219e-05
1072,1.384452477163168,7.453812673276012e-05
1073,1.11729545935535,7.836833748392562e-05
1074,1.0442945009917817,7.930672656232876e-05
1075,1.0113853627297402,7.971314548963149e-05
1076,1.051782405565635,7.921279056787352e-05
1077,0.9846174654328361,8.00358884121726e-05
1078,0.9721497546826077,8.018377802459687e-05
1079,0.8582150922460254,8.146139613901139e-05
1080,1.0859879612659293,7.87768971832982e-05
1081,1.3064742823389366,7.57160246290318e-05
1082,1.5098566561708524,7.255193465901046e-05
1083,1.694120470684975,6.945452106474433e-05
1084,1.862502558475874,6.647232274432074e-05
1085,2.0206951139085847,6.357044494698444e-05
1086,2.1733153889948933,6.070560723677283e-05
1087,2.319206772932362,5.7929725188601844e-05
1088,2.4451242401596875,5.552010914614784e-05
1089,2.523147770587769,5.4026247919012435e-05
1090,1.2122634379884436,7.707498565704227e-05
1091,1.4032705640441796,7.424707586583198e-05
1092,1.5829552062765104,7.134670433462203e-05
1093,1.746401400490538,6.85423454998059e-05
1094,1.8920459430690184,6.593684875089768e-05
1095,2.0209130431806113,6.356639374267356e-05
1096,2.13525109703032,6.142473956892387e-05
1097,2.2365887607902026,5.950494926152619e-05
1098,2.322773567305654,5.7861577303788846e-05
1099,2.3855757720327864,5.666038331337461e-05
1100,2.413097984341629,5.613344868175377e-05
1101,2.388842339704529,5.6597853823235835e-05
1102,2.325770120658694,5.78043172976769e-05
1103,2.229506061836672,5.96396341438348e-05
1104,2.1092142889461996,6.191503728084212e-05
1105,1.9725879699644757,6.446143035227325e-05
1106,1.8223191550496691,6.719521763440209e-05
1107,1.657692514352307,7.008196804138864e-05
1108,1.47777152623371,7.307028532454718e-05
1109,1.2844310639347716,7.604046540865832e-05
1110,1.5456108177970105,7.196653709112668e-05
1111,1.6945856758089843,6.944646394413463e-05
1112,1.8238608412369175,6.716760318822004e-05
1113,1.932613155006687,6.519643085922631e-05
1114,2.0196991063592216,6.358895861405603e-05
1115,2.086320066833153,6.234497096329495e-05
1116,2.1380622078183174,6.137172254338383e-05
1117,2.1843774612722426,6.049613918013242e-05
1118,2.2309926501741715,5.9611370570609106e-05
1119,2.27127800984847,5.8844410595417354e-05
1120,2.2907907989842458,5.847227795130949e-05
1121,2.2766402947967594,5.874218353869553e-05
1122,2.2381455221336606,5.947533712031873e-05
1123,2.1737003895768807,6.069832041622844e-05
1124,2.0791306433494334,6.247973939660824e-05
1125,1.9556031820292772,6.477434767092148e-05
1126,1.8098793229933574,6.741767572125724e-05
1127,1.6485947864952784,7.023757857116815e-05
1128,1.8160012385695299,6.730828012107055e-05
1129,1.89867797888569,6.58162000596369e-05
1130,1.9584825304991251,6.47213640916056e-05
1131,1.9974875793745674,6.400110533983372e-05
1132,2.016067247853644,6.36564440942972e-05
1133,2.022952892297484,6.352846761510468e-05
1134,2.0357957890218246,6.328942744058299e-05
1135,2.0694641593877714,6.266075105090335e-05
1136,2.1179338009964646,6.175099513650624e-05
1137,2.175877988888549,6.0657100763456646e-05
1138,2.1954618359317672,6.028604960451591e-05
1139,2.196550573517174,6.026540361436231e-05
1140,2.188248902079854,6.0422783373385215e-05
1141,2.1649994763732656,6.086293867755355e-05
1142,2.0896569634826982,6.228237939003391e-05
1143,1.9588106904847369,6.471532387153967e-05
1144,1.9385140521133877,6.508825935675051e-05
1145,1.953049464572995,6.482131713244813e-05
1146,1.9493528936675564,6.488926956504576e-05
1147,1.925712723477084,6.532277714580949e-05
1148,1.8950292197167056,6.588259724652077e-05
1149,1.8812817292676656,6.61323276338611e-05
1150,1.905731423569131,6.568771190985974e-05
1151,1.9616844176019952,6.466241457922136e-05
1152,2.0543530246116717,6.294326686873273e-05
1153,2.1087429834132214,6.192389949652785e-05
1154,2.139034862562881,6.135337489608353e-05
1155,2.160758963210371,6.094311993862661e-05
1156,2.1912931732679315,6.036508388629255e-05
1157,2.218736850570106,5.9844293421181495e-05
1158,1.9216756023737138,6.53966215896568e-05
1159,1.8873940732655603,6.602137928387332e-05
1160,1.8241060035112564,6.716321097427452e-05
1161,1.7598909214669687,6.830486350170768e-05
1162,1.723519313941902,6.894322157051325e-05
1163,1.7404403682801395,6.864701816223271e-05
1164,1.804020667200103,6.752221858742343e-05
1165,1.8876113850164074,6.601743220987871e-05
1166,2.0237646111551424,6.35133724933121e-05
1167,2.0956824693605434,6.216929294391128e-05
1168,2.1337952064982444,6.145219134728595e-05
1169,2.1631966726286334,6.0897030664319726e-05
1170,1.824243093213038,6.71607548304364e-05
1171,1.7186154127367617,6.90288060962535e-05
1172,1.6222905057968966,7.068495959111604e-05
1173,1.5641618033722426,7.165968212160692e-05
1174,1.5712736676282497,7.154149151263316e-05
1175,1.6412973238615396,7.036207371398255e-05
1176,1.7430777327998623,6.860072805298438e-05
1177,1.9208378362180691,6.541193849080903e-05
1178,2.06498116411978,6.274462267499964e-05
1179,2.1309662990045104,6.150552037564603e-05
1180,1.603899151038036,7.099546569419445e-05
1181,1.4845898256957755,7.296069715900749e-05
1182,1.4062412459654452,7.420089587080799e-05
1183,1.3964254019333544,7.435324388900544e-05
1184,1.4681410973920115,7.322454462121114e-05
1185,1.585565306122087,7.130307130501611e-05
1186,1.7717687726445746,6.809506239110192e-05
1187,1.9469697664370271,6.49330541569241e-05
1188,1.3494346883755948,7.507279447631669e-05
1189,1.2578954161942082,7.642584875395732e-05
1190,1.222599640061903,7.692947914681055e-05
1191,1.2831372268756112,7.605938818984313e-05
1192,1.4147412075914336,7.406841318412275e-05
1193,1.5694672421537328,7.157154083769816e-05
1194,1.1330150207197327,7.815980413028793e-05
1195,1.078381724036957,7.887478121624572e-05
1196,1.0955432127927935,7.865316496602833e-05
1197,1.241036370054194,7.666770225304843e-05
1198,0.9968761638850347,7.988896499892484e-05
1199,0.9908711307441396,7.996112349761451e-05
1200,1.5741267124014984,7.149399233704927e-05
1201,1.7320525064833883,6.879401947295015e-05
1202,1.8713614727492436,6.631209921051247e-05
1203,1.9898136691454829,6.41431709758577e-05
1204,2.087254623067439,6.232744364771577e-05
1205,2.1652610109166,6.085799244529743e-05
1206,2.2264782202133695,5.969719149840214e-05
1207,2.2720961219601925,5.882881598369662e-05
1208,2.2993785784881138,5.8308382686264023e-05
1209,1.8242517703405352,6.716059936557895e-05
1210,1.929288392330003,6.525732702170572e-05
1211,2.0051792083234665,6.385854072818544e-05
1212,2.0542495197859814,6.294520004105275e-05
1213,2.084914981742011,6.23713191538586e-05
1214,2.1099423129939345,6.19013469192124e-05
1215,2.139983123629317,6.133548564587263e-05
1216,2.172390283381128,6.072311547685395e-05
1217,2.1995538448003615,6.020844240964489e-05
1218,2.2008851074626996,6.0183188761251634e-05
1219,2.186462411716889,6.0456636674080385e-05
1220,2.163196034417312,6.0897042732226174e-05
1221,2.130445701594107,6.151533267522876e-05
1222,2.076665508351377,6.252592168696628e-05
1223,1.989303964299385,6.415260093376152e-05
1224,1.8707400204429527,6.6323348631655e-05
1225,1.9652691280472314,6.459637872364419e-05
1226,1.998671731939907,6.397916809742199e-05
1227,2.0014849324323074,6.39270354209652e-05
1228,1.9886129008040845,6.416538495127692e-05
1229,1.9804358540534033,6.431654476526087e-05
1230,1.9972373130012038,6.400574117800957e-05
1231,2.0369994078282536,6.326700248888037e-05
1232,2.0786662737888753,6.248844006601915e-05
1233,2.122382148233345,6.166724659402088e-05
1234,2.135047458280634,6.142857956118815e-05
1235,2.140711122212261,6.132175054789367e-05
1236,2.149589916529572,6.115415415564298e-05
1237,2.1524096121352,6.110089870234226e-05
1238,2.094245475294861,6.219626975202172e-05
1239,1.9589290428750685,6.471314535509449e-05
1240,1.9274516042303727,6.529095355391306e-05
1241,1.8777962439717002,6.619553245839107e-05
1242,1.8405211408910414,6.686856600586281e-05
1243,1.8452891492395724,6.678277838530952e-05
1244,1.8929285559045275,6.592080161785278e-05
1245,1.9550004065555582,6.478543614743311e-05
1246,2.038676299322757,6.323575354277779e-05
1247,2.086361386639479,6.234419606503377e-05
1248,2.1197482023617997,6.171684050491212e-05
1249,2.1543318171012382,6.106458574005251e-05
1250,2.1952512357448706,6.029004305418429e-05
1251,1.8310900630057068,6.70379840278082e-05
1252,1.7534068153952527,6.841912109913007e-05
1253,1.6919515389515072,6.949207137963986e-05
1254,1.6839241392276176,6.963083946936367e-05
1255,1.7375072779606573,6.869846006981861e-05
1256,1.8201587333310087,6.72338982161546e-05
1257,1.9409404328828008,6.504374698374995e-05
1258,2.039671681393194,6.321720108538498e-05
1259,2.1166513463805243,6.177513220284268e-05
1260,2.1518072377319375,6.111227694867925e-05
1261,1.6193446878566156,7.073482313128465e-05
1262,1.5388282253830472,7.207820256353685e-05
1263,1.5144057855698116,7.247790099835034e-05
1264,1.5680965076331135,7.159432955331519e-05
1265,1.6685159512995338,6.989626536869808e-05
1266,1.7861852295166163,6.783956846365462e-05
1267,1.9597593335230363,6.469786092187992e-05
1268,2.0986728077130556,6.21131404272306e-05
1269,1.3901260656787362,7.445064669864083e-05
1270,1.3443130563646417,7.515022314323536e-05
1271,1.385859299271359,7.451645711819448e-05
1272,1.4980756579380903,7.27430425588277e-05
1273,1.63796057840919,7.041890212241648e-05
1274,1.816050745306128,6.730739481861626e-05
1275,1.1917380616554176,7.736122325484939e-05
1276,1.2013344174928147,7.722784730974317e-05
1277,1.3162072161949732,7.557154988339342e-05
1278,1.4741362976222125,7.312858688623465e-05
1279,1.045848280249071,7.928727859961422e-05
1280,1.1428120324248725,7.802870589468906e-05
1281,2.0137301020777234,6.369985257857575e-05
1282,2.0626031139319356,6.278909347576777e-05
1283,2.0746408505738225,6.256384133862562e-05
1284,2.074714953115326,6.25624536483152e-05
1285,2.082865788638429,6.240973756526324e-05
1286,2.1009951266144777,6.206951841060317e-05
1287,2.115192901411612,6.180257743491424e-05
1288,2.015606505434239,6.366500279386215e-05
1289,1.997277601483498,6.400499490187922e-05
1290,1.968853704802315,6.453030525498503e-05
1291,1.9634319245531993,6.463022785231615e-05
1292,1.9879878738777719,6.417694613973725e-05
1293,2.021220608516587,6.356067602482829e-05
1294,2.0521925074000458,6.298361354944488e-05
1295,2.066159065078955,6.272259021571811e-05
1296,2.069399851241466,6.266195452324933e-05
1297,2.078013655761628,6.25006670063217e-05
1298,2.099505146685141,6.209750728041087e-05
1299,2.1038047699938995,6.201672686843179e-05
1300,1.885582141984942,6.605428297377728e-05
1301,1.8375865067686112,6.692132168486049e-05
1302,1.8222932016530993,6.719568242351941e-05
1303,1.8552627799597095,6.660303823013627e-05
1304,1.9105180084826197,6.560041722955697e-05
1305,1.9626909261945038,6.464387721519257e-05
1306,2.026457270876744,6.346328570740814e-05
1307,2.0657131893227842,6.273093064947258e-05
1308,2.102919115707428,6.203336963868352e-05
1309,2.1337973280336358,6.145215134734998e-05
1310,1.6878368123063363,6.956324304820447e-05
1311,1.6616763822117184,7.001368722888675e-05
1312,1.6996159985600712,6.93592713602372e-05
1313,1.7765864023212627,6.800978563464272e-05
1314,1.8618591029987006,6.648394865784413e-05
1315,1.9677502008212886,6.455065007542e-05
1316,2.0552482138707844,6.29265461930011e-05
1317,2.122720632600115,6.16608723294284e-05
1318,1.4959315438715186,7.277772701780613e-05
1319,1.5270802102615366,7.227093957095892e-05
1320,1.6181289366688747,7.075538781653654e-05
1321,1.7327703080091281,6.878145279490536e-05
1322,1.867108766726159,6.638905162594923e-05
1323,1.9882223839117694,6.417260851851777e-05
1324,1.353150373153079,7.501649654751224e-05
1325,1.4439031819789514,7.361001271340054e-05
1326,1.5774625014917945,7.143839475194247e-05
1327,1.7218691143229043,6.89720344895192e-05
1328,1.274272083755234,7.618868120194637e-05
1329,1.4147219310630361,7.406871421562755e-05
1330,1.9871742387945988,6.419199430069993e-05
1331,1.9765659188515536,6.438801389590576e-05
1332,1.981138344873618,6.430356646613956e-05
1333,1.995657875261454,6.403499388885853e-05
1334,2.0043887541577545,6.38731996218674e-05
1335,1.8244697473590443,6.715669385072653e-05
1336,1.8497547281821414,6.670235023462044e-05
1337,1.8944900155019058,6.589240517586615e-05
1338,1.936051614791617,6.51334132827188e-05
1339,1.9724189728797028,6.44645482665992e-05
1340,2.000374825112692,6.394761003316885e-05
1341,2.0128691963849024,6.37158386069926e-05
1342,2.0029815141086833,6.389929234698253e-05
1343,1.689147927544428,6.95405743114343e-05
1344,1.7573746149716094,6.83492268243363e-05
1345,1.83622169265272,6.694584502630855e-05
1346,1.9082880678848166,6.564109550609085e-05
1347,1.9815801956012777,6.429540265109128e-05
1348,2.0211808150061654,6.356141581084815e-05
1349,1.5994653250981632,7.107003484280638e-05
1350,1.703551513556222,6.929096669399195e-05
1351,1.814174838513035,6.734093347811427e-05
1352,1.9167098408252923,6.548737547399705e-05
1353,1.5539453666666996,7.182893327584359e-05
1354,1.6867597901162907,6.958185781476515e-05
1355,1.8982254122557116,6.582443810768034e-05
1356,1.9365932668094417,6.512348268894259e-05
1357,1.9521074519296249,6.483863790779362e-05
1358,1.8306494234471637,6.704589077141104e-05
1359,1.897079994820422,6.584528479388074e-05
1360,1.9421975532148996,6.502067726968205e-05
1361,1.9577942649477245,6.473403142458159e-05
1362,1.8027533514023495,6.754481355001222e-05
1363,1.8905028817830616,6.59648969463462e-05
1364,1.938292605517119,6.509232086445333e-05
1365,1.1557491378938323,7.78542685615055e-05
1366,1.2480742027518021,7.65670259506472e-05
1367,1.4846178411037882,7.29602462424716e-05
1368,1.7851563437391087,6.785783333753369e-05
1369,2.086297215366424,6.234539951062697e-05
1370,2.3517260764401744,5.730808254591004e-05
1371,2.563423014373885,5.3256017000095646e-05
1372,2.7151677892590906,5.036661010470735e-05
1373,2.809238988993501,4.859102036022823e-05
1374,2.8544814696943606,4.7742810029447555e-05
1375,2.8647311355646976,4.7551230790678295e-05
1376,2.856875470390602,4.769804320448802e-05
1377,2.8475124089617476,4.787319688083869e-05
1378,1.2592620921046238,7.640614027013807e-05
1379,1.4243168572115794,7.391854994274055e-05
1380,1.6804903490487182,6.969009767960287e-05
1381,1.961805663429192,6.466018170375367e-05
1382,2.2244050567838087,5.9736593906906997e-05
1383,2.444534009278583,5.55314133351806e-05
1384,2.612052980714502,5.232748266537082e-05
1385,2.7262324143817276,5.01570213229562e-05
1386,2.7932030796459175,4.889261695156689e-05
1387,2.824070556971214,4.8312508416311886e-05
1388,2.8330978030616936,4.814320252136671e-05
1389,2.835283353754319,4.810223698786863e-05
1390,2.8424477851373253,4.796801602592409e-05
1391,2.852805975580258,4.7774148240412825e-05
1392,2.8352289386792764,4.810325681672423e-05
1393,2.8148518013292603,4.848557127741768e-05
1394,2.7712372130905742,4.930649904492363e-05
1395,2.6886076526657443,5.0870431536351005e-05
1396,2.5563382623215887,5.33914387770514e-05
1397,2.369993891949108,5.6958600253081566e-05
1398,2.1330875733818186,6.146553273901751e-05
1399,1.8600373232102039,6.651685579949937e-05
1400,1.5817952691357622,7.136608214046043e-05
1401,1.3543782872798806,7.49978689840359e-05
1402,1.4924454880050821,7.283405552089263e-05
1403,1.660547808144056,7.003303880255263e-05
1404,1.8794874307631924,6.616487060199489e-05
1405,2.1058482605758706,6.19783201598721e-05
1406,2.3110969213986543,5.808463723395017e-05
1407,2.4801236344555586,5.4849837078077755e-05
1408,2.6077796752671327,5.2408997573214996e-05
1409,2.695986771334586,5.073035896384512e-05
1410,2.7514855228359205,4.9679372156992245e-05
1411,2.7839530198182074,4.906680267425372e-05
1412,2.8041846418037544,4.868602861507363e-05
1413,2.8218115085258684,4.835490201851174e-05
1414,2.842122318053351,4.79741111744557e-05
1415,2.820798434791957,4.837391673687316e-05
1416,2.7636311904024655,4.94500082801859e-05
1417,2.704333138254574,5.057201500488312e-05
1418,2.6256099197248264,5.206899304385921e-05
1419,2.5145104381923695,5.4191536208722955e-05
1420,2.364612634140053,5.7061566474450756e-05
1421,2.177420061822309,6.06279061335019e-05
1422,1.964786678485138,6.46052685244731e-05
1423,1.7526148253843397,6.843306356947331e-05
1424,1.724835074912783,6.892023855887911e-05
1425,1.8516836797262175,6.666758414206194e-05
1426,2.011167958958754,6.374742255352396e-05
1427,2.1767996408400494,6.0639652464361334e-05
1428,2.3303560684847233,5.7716673717838666e-05
1429,2.461869137032263,5.519941296309563e-05
1430,2.567826163198477,5.317186958645341e-05
1431,2.649134852187203,5.1620887258934865e-05
1432,2.709387081190765,5.0476180796523256e-05
1433,2.753542286940146,4.9640514236417357e-05
1434,2.7868648963753246,4.901195319594893e-05
1435,2.8136598899604452,4.850795892707685e-05
1436,2.8289403114833136,4.822115612843038e-05
1437,2.731116803190845,5.006455834315381e-05
1438,2.633101533882093,5.1926228646617804e-05
1439,2.5414156545333286,5.367677842125848e-05
1440,2.44784992612353,5.546790642485186e-05
1441,2.3427375973107325,5.747997538428706e-05
1442,2.2224420015185267,5.977389821388358e-05
1443,2.0918445004290134,6.224133318444476e-05
1444,1.8794704091420287,6.61651792636064e-05
1445,1.9533565906413277,6.481566939398068e-05
1446,2.0582086756573794,6.287123539473866e-05
1447,2.1785539866791583,6.0606436057374666e-05
1448,2.3017148871090334,5.8263783481219254e-05
1449,2.4186350150512355,5.602741658451085e-05
1450,2.523407540102785,5.4021277336915386e-05
1451,2.6124875055401313,5.231919488292297e-05
1452,2.6841434854275206,5.095520670005238e-05
1453,2.7382761129677826,4.9929096535558365e-05
1454,2.7763623714976013,4.9209854403640336e-05
1455,2.7935915020591815,4.888530604810628e-05
1456,2.709195611428028,5.04798108381645e-05
1457,2.5873818509576134,5.279831430773936e-05
1458,2.4628887615836317,5.5179885846486024e-05
1459,2.3690590189964853,5.697648928260527e-05
1460,2.310582919369093,5.809445379271811e-05
1461,2.266103403592174,5.894303082490097e-05
1462,1.9401642644647807,6.505798803923192e-05
1463,1.972381821341337,6.446523368273057e-05
1464,2.04420855697562,6.313260787275733e-05
1465,2.145213964101656,6.123677331899268e-05
1466,2.262839858272801,5.900521409928615e-05
1467,2.3845547580587643,5.667992706633543e-05
1468,2.4993183842685536,5.448232854649188e-05
1469,2.5984925036897923,5.258621029893648e-05
1470,2.6764701911280655,5.110098385541878e-05
1471,2.7311484877569163,5.006395866314713e-05
1472,2.6726375172814922,5.1173824870737605e-05
1473,2.62521540486034,5.2076512713134414e-05
1474,2.545676684359937,5.35952887804816e-05
1475,2.427314805210804,5.586119258231791e-05
1476,2.300578692702696,5.828547357891924e-05
1477,2.278688263998829,5.870313303646534e-05
1478,1.9332968018816392,6.518390462422835e-05
1479,1.9478896422193626,6.491615569325077e-05
1480,2.013512764862085,6.370388847524712e-05
1481,2.118556547232443,6.173927320904743e-05
1482,2.246125585994376,5.9323495378245634e-05
1483,2.3785798395795807,5.679428833623348e-05
1484,2.5008624736954426,5.445276939190183e-05
1485,2.602213363231096,5.251520179185406e-05
1486,2.622694778899826,5.212456087218894e-05
1487,2.517152427754739,5.414097447114586e-05
1488,2.468596102406291,5.507058511066078e-05
1489,2.4448197751620033,5.5525940304837406e-05
1490,2.4109751677529223,5.617409835985186e-05
1491,2.3402197406462277,5.752811738249086e-05
1492,1.906541079778727,6.567295159574142e-05
1493,1.9276452098524464,6.528740970595848e-05
1494,2.005649374307052,6.384982070525403e-05
1495,2.1239277735054345,6.163813781697004e-05
1496,2.261117330689915,5.9038030200544234e-05
1497,2.3972672479973833,5.6436566123804566e-05
1498,2.517210350604728,5.413986598990693e-05
1499,2.5007505209253726,5.445491252553959e-05
1500,2.3756699938395376,5.684997840285681e-05
1501,2.2980534432910846,5.833367685430358e-05
1502,2.2879625042370426,5.852624019656471e-05
1503,2.3553567333259315,5.723863796332661e-05
1504,1.902735325399228,6.57423116050223e-05
1505,1.94181459936548,6.502770549675974e-05
1506,2.0339646636550692,6.332353633644173e-05
1507,2.1590790429973006,6.097487569924687e-05
1508,2.295360347484939,5.83850778024245e-05
1509,2.42462889206724,5.591263070203189e-05
1510,2.394807627718105,5.6483655694971986e-05
1511,2.3248555542852603,5.7821794092792e-05
1512,2.1948755298115596,6.0297167106441e-05
1513,2.136356006349494,6.14039030143553e-05
1514,1.9369774954899552,6.511643768798937e-05
1515,1.9889770473138788,6.415864876286539e-05
1516,2.0843787648654932,6.238137311539684e-05
1517,2.2040994118342296,6.012220334806281e-05
1518,2.329498883834472,5.7733056780647774e-05
1519,2.3191498925472502,5.793081187908846e-05
1520,2.2684402899455374,5.8898496851177663e-05
1521,2.195747164139094,6.028063903509653e-05
1522,1.9944232291988695,6.405785567870431e-05
1523,2.0463268376484485,6.309309290563714e-05
1524,2.132900257563096,6.146906414143556e-05
1525,2.2388492750525737,5.946194957755583e-05
1526,2.2797684740623847,5.86825339670085e-05
1527,2.256999021466975,5.911647505907097e-05
1528,2.0490478922034474,6.304231682834731e-05
1529,2.0900976109989884,6.227411209513536e-05
1530,2.1613379004567137,6.093217504402895e-05
1531,2.2515942310080344,5.92193948857207e-05
1532,2.080962698181056,6.244540817239029e-05
1533,2.106122081880812,6.1973173099258e-05
1534,1.570832700369679,7.154882866459089e-05
1535,1.7904815201208666,6.776325006609519e-05
1536,2.0320278132511675,6.335960497065034e-05
1537,2.256970811253312,5.911701233560808e-05
1538,2.4450478792095414,5.5521571622370775e-05
1539,2.5885569189588016,5.277587730758691e-05
1540,2.6885641126479625,5.087125824101968e-05
1541,2.752559506758103,4.965908079036191e-05
1542,2.792557408731936,4.890477040619118e-05
1543,2.819592392055745,4.83965559636373e-05
1544,2.8287338954798704,4.822502735764731e-05
1545,1.7886053730038096,6.779658750170294e-05
1546,1.960260970805069,6.468862546001062e-05
1547,2.1434455441909295,6.127015136707532e-05
1548,2.3129074998622565,5.805005658662601e-05
1549,2.4559088735402392,5.5313561471339485e-05
1550,2.5687334211769244,5.31545328685923e-05
1551,2.6537516490158524,5.153301664091528e-05
1552,2.7167495188300212,5.0336637556926145e-05
1553,2.762942388498906,4.9463009332532764e-05
1554,2.792367395236928,4.890834717218982e-05
1555,2.8076605014087614,4.862068654175276e-05
1556,2.8086448062951592,4.860218690827427e-05
1557,2.7641613323348055,4.944000246013164e-05
1558,2.6936385356422305,5.077492593128827e-05
1559,2.6160751842250556,5.2250773090355604e-05
1560,2.5241038779928995,5.400795334873713e-05
1561,2.4091845823332716,5.6208385462618246e-05
1562,2.268211713207818,5.890285309249611e-05
1563,2.106150510136747,6.197263871979767e-05
1564,1.938291294080388,6.509234491676863e-05
1565,1.9332365044398996,6.518500949715054e-05
1566,2.0480893815586763,6.306020520817971e-05
1567,2.1782339547364904,6.06124958557441e-05
1568,2.3068346947268736,5.816603191825575e-05
1569,2.424633139912671,5.591254935188682e-05
1570,2.5275462211584405,5.394208952069738e-05
1571,2.6143946576316517,5.228282145644462e-05
1572,2.6848940251250544,5.0940952023880726e-05
1573,2.737742920035183,4.993918237461789e-05
1574,2.7706017933464775,4.9318484260327386e-05
1575,2.778989998917906,4.91603232152058e-05
1576,2.7409684527879485,4.987817523889271e-05
1577,2.6470773671110863,5.1660054707131644e-05
1578,2.540140965087062,5.370115804065562e-05
1579,2.44228320505929,5.5574521048911876e-05
1580,2.355598599501399,5.723401146740699e-05
1581,2.2727490853536665,5.881636888104705e-05
1582,2.1888373758903867,6.041163090430223e-05
1583,1.9877438622936716,6.418145933385863e-05
1584,2.0594935892171904,6.284722238810846e-05
1585,2.1587606853646335,6.0980893088411515e-05
1586,2.270659096063522,5.8856207675922005e-05
1587,2.3846810284075146,5.667751008088343e-05
1588,2.492899356653068,5.460521842194845e-05
1589,2.5889139703412325,5.2769059911195094e-05
1590,2.6672028661721288,5.12771430744748e-05
1591,2.7207801591441085,5.026027661141031e-05
1592,2.7237354229302624,5.020430405584546e-05
1593,2.6826964534595774,5.098269161571549e-05
1594,2.6013469682842882,5.2531734912655405e-05
1595,2.486326536024523,5.473106433851586e-05
1596,2.3672820126765792,5.701049165105522e-05
1597,2.295072165629483,5.839057770907031e-05
1598,2.276442395174321,5.874595684456138e-05
1599,1.9772137303995194,6.437605341277684e-05
1600,2.03161820094878,6.336723162592762e-05
1601,2.124429531745224,6.162868715718745e-05
1602,2.239469501865803,5.9450150437185815e-05
1603,2.3626666100452316,5.70987987742138e-05
1604,2.4809317054819213,5.4834363718769625e-05
1605,2.583538816124245,5.2871701672800554e-05
1606,2.6594581335849177,5.142443996632919e-05
1607,2.616875876828257,5.223550447848369e-05
1608,2.5611856746627777,5.329877919347794e-05
1609,2.507833196005662,5.4319335722369975e-05
1610,2.4383711638256957,5.564944476525701e-05
1611,2.340751063508246,5.75179586959939e-05
1612,2.239281812032964,5.945372108345103e-05
1613,1.9479828990582673,6.49144423768673e-05
1614,2.006556861468617,6.383298804966342e-05
1615,2.109566861708532,6.190840735375285e-05
1616,2.236663514275423,5.950352739910885e-05
1617,2.3688808705024846,5.697989815418428e-05
1618,2.4905647525815886,5.464991643061701e-05
1619,2.585079238621245,5.284228406220137e-05
1620,2.525537337227296,5.398052569658564e-05
1621,2.406069746618075,5.6268028392423114e-05
1622,2.3597927237730305,5.715377997538059e-05
1623,2.3539658193909223,5.726524321181806e-05
1624,2.353976719912975,5.726503471190979e-05
1625,1.941740020950697,6.502907415405555e-05
1626,2.0146585276636015,6.36826104745837e-05
1627,2.129485040766055,6.153343794676464e-05
1628,2.2622951457054206,5.9015591849614494e-05
1629,2.3933844021465496,5.651090261370974e-05
1630,2.4811708310092686,5.4829784846043475e-05
1631,2.4069769170613036,5.6250658099153316e-05
1632,2.2772465191580955,5.8730624550416614e-05
1633,2.204029700377606,6.012352615706062e-05
1634,2.237209670378138,5.949313891924065e-05
1635,1.9731263147425828,6.44514975681137e-05
1636,2.055734231686702,6.291746733570133e-05
1637,2.1717048778440544,6.073608629412571e-05
1638,2.2985075107521764,5.832500979448645e-05
1639,2.3855872439210843,5.666016372196523e-05
1640,2.318345795619817,5.79461737563479e-05
1641,2.2212381949092648,5.979677176000841e-05
1642,2.166190284798325,6.084041672732234e-05
1643,2.0276640170778046,6.344083240197388e-05
1644,2.107732779242934,6.194289332479152e-05
1645,2.2137263378347862,5.993945897122666e-05
1646,2.318250320161005,5.794799773537026e-05
1647,2.2706852213474304,5.885570971160199e-05
1648,2.2476529737015367,5.929442383405004e-05
1649,2.079968549561428,6.246403868012955e-05
1650,2.1478828572156052,6.118638814955803e-05
1651,2.238639516795326,5.94659398898859e-05
1652,2.2622574387163032,5.9016310223051104e-05
1653,2.1106148572200567,6.188869884727471e-05
1654,2.1626469164411066,6.090742571069332e-05
1655,2.0598705333759586,6.28401771244121e-05
1656,2.1743985927629286,6.068510503940687e-05
1657,2.2901303855478865,5.848487893785716e-05
1658,2.3991524844532406,5.640047200094741e-05
1659,2.4993570827929665,5.448158771517227e-05
1660,2.5914558387120015,5.272052947178345e-05
1661,2.6741016599973673,5.1145996271213665e-05
1662,2.7372975185607427,4.9947607897259956e-05
1663,2.7672480278645137,4.938175407360424e-05
1664,2.0996640772197632,6.209452204461299e-05
1665,2.1739109292848995,6.069433547172313e-05
1666,2.265305018735648,5.895824425676958e-05
1667,2.3654740332131974,5.704508517653121e-05
1668,2.466660902439149,5.510764549618372e-05
1669,2.562621483024134,5.327133625919367e-05
1670,2.645943047549978,5.1681650267603925e-05
1671,2.7047994240406465,5.0563171663857754e-05
1672,2.7228640639407793,5.0220806202661294e-05
1673,2.6938601811821785,5.07707190210361e-05
1674,2.6244642731064185,5.2090830124136746e-05
1675,2.527893786906264,5.39354397018341e-05
1676,2.4240328265659215,5.592404588263642e-05
1677,2.3312370658975605,5.769983500189356e-05
1678,2.261698820781545,5.902695252746016e-05
1679,2.2123420049566738,5.9965745550435176e-05
1680,2.0802945625468574,6.245792939616605e-05
1681,2.1394201798632055,6.134610596955424e-05
1682,2.2285072865828486,5.9658621584775733e-05
1683,2.332367398627344,5.7678229902249384e-05
1684,2.4404522436221265,5.5609587816843075e-05
1685,2.5428070698064085,5.365016732633326e-05
1686,2.6272370100460867,5.2037981457911344e-05
1687,2.6674994020705483,5.1271504696211693e-05
1688,2.619698020236909,5.218169319479243e-05
1689,2.548335299247661,5.3544449581640946e-05
1690,2.4576869430151653,5.527950832909176e-05
1691,2.3562772536857866,5.722102977970637e-05
1692,2.265081665463161,5.896250018646424e-05
1693,2.2399792210358456,5.944045322038058e-05
1694,2.0451620844791227,6.311482194136803e-05
1695,2.108758661766666,6.192360469547004e-05
1696,2.2064703430214694,6.007720946158995e-05
1697,2.3206536950833945,5.790208115384545e-05
1698,2.4365440443888584,5.56844377126651e-05
1699,2.540609218028231,5.369220216582778e-05
1700,2.5951623456605377,5.2649772754234784e-05
1701,2.508224793560041,5.4311840256610576e-05
1702,2.434141407945405,5.573045268746051e-05
1703,2.3651006604913523,5.705222902507009e-05
1704,2.2974427498589467,5.8345333238665616e-05
1705,2.2341819306139987,5.955072497190499e-05
1706,2.033265131525247,6.333656438752657e-05
1707,2.1096943177616088,6.190601055137618e-05
1708,2.2173474008605734,5.9870687036528466e-05
1709,2.3363639575019177,5.760183307723825e-05
1710,2.450831813348564,5.54107970407517e-05
1711,2.4970156732561204,5.452641168686681e-05
1712,2.384237084792353,5.6686007737450314e-05
1713,2.301038645713583,5.827669315229936e-05
1714,2.2478192635607273,5.9291258583874655e-05
1715,2.250238074921047,5.924521386449065e-05
1716,2.0580550338415162,6.287410644487393e-05
1717,2.1429812780810846,6.127891317905573e-05
1718,2.2510194827197934,5.923033741402616e-05
1719,2.3640226833716484,5.707285389965237e-05
1720,2.390980651618495,5.655691975973159e-05
1721,2.3232546067549515,5.785238574426911e-05
1722,2.208947354161379,6.003019358942728e-05
1723,2.1569897142001695,6.101436351272436e-05
1724,2.1057820807674346,6.197956412761758e-05
1725,2.1878606595116756,6.04301408546544e-05
1726,2.286242554964235,5.855905211821815e-05
1727,2.311516197589186,5.807662961805706e-05
1728,2.2620225546681896,5.902078507279673e-05
1729,2.2033404082768224,6.0136605420730226e-05
1730,2.152556824091362,6.109811791533608e-05
1731,2.2230407344566916,5.976252093871742e-05
1732,2.2696614714999366,5.887522248200329e-05
1733,2.2474430960780816,5.929841870922857e-05
1734,2.180140287180054,6.0576396981571026e-05
1735,2.236046454645562,5.951526408051831e-05
1736,2.183188532467061,6.051866206050687e-05
1737,2.222871409512736,5.976573854413343e-05
1738,2.298444144803134,5.832621930963243e-05
1739,2.3937400768387236,5.6504093462797756e-05
1740,2.494640871420665,5.457187659189074e-05
1741,2.586505209615569,5.281505380215058e-05
1742,2.649641943709135,5.16112347052764e-05
1743,2.1419084321167454,6.129915878273929e-05
1744,2.188225017697544,6.0423236006893784e-05
1745,2.2697652914524142,5.887324371476553e-05
1746,2.370256986210885,5.695356580740173e-05
1747,2.4745952665495046,5.4955700492688924e-05
1748,2.5629508414464675,5.326504134827354e-05
1749,2.5753637890497916,5.302785136704754e-05
1750,2.502759108828324,5.4416462353181046e-05
1751,2.4087770294958477,5.6216189412253614e-05
1752,2.311470760444483,5.807749741376793e-05
1753,2.229092551829728,5.964749542967782e-05
1754,2.1951518355251625,6.029192788034033e-05
1755,2.1245118021184073,6.162713753900206e-05
1756,2.182919777063958,6.0523753001554275e-05
1757,2.27153220257428,5.883956532452348e-05
1758,2.3742687555233704,5.687679475704893e-05
1759,2.4740097609786607,5.496691273496714e-05
1760,2.5034027202773417,5.440414205181082e-05
1761,2.399139715452156,5.640071647537241e-05
1762,2.310546780056165,5.80951439836507e-05
1763,2.228004194624636,5.966818522333891e-05
1764,2.1773870037490797,6.062853203291201e-05
1765,2.142815099630354,6.12820492645356e-05
1766,2.2095514999591583,6.001872500087628e-05
1767,2.2975095360477167,5.834405849829587e-05
1768,2.3929039849930795,5.652009981297738e-05
1769,2.403832722033755,5.631086161127927e-05
1770,2.297413385771946,5.834589370638219e-05
1771,2.2202452383601607,5.981563743436238e-05
1772,2.1720241538007428,6.0730044321033906e-05
1773,2.1835168722977585,6.051244227231456e-05
1774,2.248104531289176,5.9285828567312985e-05
1775,2.3267918587877072,5.778479180638692e-05
1776,2.3114184637217323,5.807849621724098e-05
1777,2.236709513237076,5.950265246383541e-05
1778,2.1947377812083135,6.029977900984724e-05
1779,2.224316450452341,5.973827782305864e-05
1780,2.278631479106683,5.870421586350593e-05
1781,2.2566530202122426,5.9123064749272746e-05
1782,2.2379201141708585,5.94796249391547e-05
1783,2.248485252194744,5.927858146460602e-05
1784,2.244960143684146,5.9345675916984616e-05
1785,2.1752585912725735,6.066882611874066e-05
1786,2.213854845902036,5.9937018640250326e-05
1787,2.29400246297527,5.84109921584163e-05
1788,2.3915823703033916,5.654540069132441e-05
1789,2.481558946253492,5.482235308308372e-05
1790,2.1901285076338244,6.038716007231832e-05
1791,2.234935456058265,5.953639441106118e-05
1792,2.3094867205999545,5.8115388593876466e-05
1793,2.395867687174316,5.646336101144174e-05
1794,2.393072872260942,5.651686661042196e-05
1795,2.307285332398942,5.81574269124496e-05
1796,2.2305931044219345,5.9618967171112374e-05
1797,2.1930912389699078,6.0330997431465546e-05
1798,2.2262623408570104,5.970129475857454e-05
1799,2.26891177691515,5.888951102125103e-05
1800,2.3320216743022124,5.768483814480666e-05
1801,2.323701868750677,5.7843839441929205e-05
1802,2.243182085350066,5.9379512460981224e-05
1803,2.2081939417171226,6.0044494980838065e-05
1804,2.2626117335351204,5.900956032455258e-05
1805,2.295884516332265,5.83750739268275e-05
1806,2.2563103659859634,5.912959055824543e-05
1807,2.226538197753674,5.9696051482679196e-05
1808,2.2538645396656034,5.91761670719329e-05
1809,2.233944644917794,5.955523752318089e-05
1810,2.2279892786233693,5.966846876721928e-05
1811,2.2593787714296116,5.9071148337493226e-05
1812,2.3210541655258505,5.7894429725225305e-05
1813,2.261971683973729,5.9021754218233884e-05
1814,2.2830770745545976,5.861943332323963e-05
1815,2.2645050407381415,5.897348734395487e-05
1816,2.241183540124024,5.9417540199734226e-05
1817,2.253113452475065,5.919046882036883e-05
1818,2.240246542452911,5.943536739926773e-05
1819,2.2595793114325557,5.906732838850642e-05
1820,1.1557491378938323,7.78542685615055e-05
1821,1.2480742027518021,7.65670259506472e-05
1822,1.4846178411037882,7.29602462424716e-05
1823,1.7851563437391087,6.785783333753369e-05
1824,2.086297215366424,6.234539951062697e-05
1825,2.3517260764401744,5.730808254591004e-05
1826,2.563423014373885,5.3256017000095646e-05
1827,2.7151677892590906,5.036661010470735e-05
1828,2.809238988993501,4.859102036022823e-05
1829,2.8544814696943606,4.7742810029447555e-05
1830,2.8647311355646976,4.7551230790678295e-05
1831,2.856875470390602,4.769804320448802e-05
1832,2.8475124089617476,4.787319688083869e-05
1833,1.2592620921046238,7.640614027013807e-05
1834,1.4413388733978265,7.365055909622147e-05
1835,1.7223630867028776,6.896341099100154e-05
1836,2.023035998234118,6.352692221852546e-05
1837,2.2990545660803194,5.8314567575819003e-05
1838,2.5270954752610115,5.395071352336936e-05
1839,2.6967416018493857,5.0716034685991106e-05
1840,2.80686160089022,4.8635702917759126e-05
1841,2.863969198781689,4.756546466013947e-05
1842,2.881184188426576,4.724417548042665e-05
1843,2.8774836752531967,4.731318475491358e-05
1844,2.8762733019109827,4.733576303415309e-05
1845,2.8768451058327758,4.732509621450086e-05
1846,2.8582448522533603,4.767244176293147e-05
1847,2.8756759854518115,4.7346906548345314e-05
1848,2.879998014593459,4.7266292630941015e-05
1849,2.8542923044951993,4.774634785443787e-05
1850,2.783780067733099,4.90700609574311e-05
1851,2.6582644412722893,5.144714909352717e-05
1852,2.4737079809248663,5.4972691747835765e-05
1853,2.233813068343241,5.955773973281949e-05
1854,1.952387949784429,6.483348069475164e-05
1855,1.657717595579789,7.008153843057208e-05
1856,1.399458142027495,7.430624797669002e-05
1857,1.4924454880050821,7.283405552089263e-05
1858,1.6810390213910824,6.968063311990403e-05
1859,1.9403655795522978,6.505429452203303e-05
1860,2.205826266840018,6.0089433118016075e-05
1861,2.441633542539336,5.558696346270426e-05
1862,2.6294309864013994,5.199616951383633e-05
1863,2.7616152527242424,4.9488061108550475e-05
1864,2.8397935072218,4.80177300319869e-05
1865,2.874891119216152,4.7361550173247105e-05
1866,2.886356194091102,4.714777586518376e-05
1867,2.8981135220049525,4.6928857862862556e-05
1868,2.913850148439799,4.663634263156886e-05
1869,2.883720780810981,4.719688917771013e-05
1870,2.8630616766060366,4.758241985686797e-05
1871,2.875075140527552,4.7358116678511135e-05
1872,2.8644648916265973,4.755620439713413e-05
1873,2.817667234765512,4.843269990396222e-05
1874,2.72436594547676,5.0192363673719106e-05
1875,2.579445958959804,5.294987228928421e-05
1876,2.384516280759722,5.668066357280174e-05
1877,2.1496262516030797,6.115346799028991e-05
1878,1.8957084802814264,6.587024024620492e-05
1879,1.724835074912783,6.892023855887911e-05
1880,1.8750334542159748,6.62455998530845e-05
1881,2.0883968335306258,6.230601914462865e-05
1882,2.313068367312536,5.8046984015669945e-05
1883,2.5155433139843,5.417176895369881e-05
1884,2.6764501949010153,5.110136384140559e-05
1885,2.7864358735360777,4.9020033519194115e-05
1886,2.8480474146691486,4.7863183671881265e-05
1887,2.8765158349456614,4.733123857012376e-05
1888,2.8921683320775893,4.703951646201396e-05
1889,2.906073045328712,4.678083297516357e-05
1890,2.8933057217375495,4.701833986522057e-05
1891,2.8354678573051975,4.8098779129395006e-05
1892,2.84939164527625,4.783802756398992e-05
1893,2.8481018822653223,4.78621642853061e-05
1894,2.821969355215328,4.835193952191935e-05
1895,2.7620093060393933,4.9480622423523774e-05
1896,2.6623709205083097,5.1369033352145104e-05
1897,2.5221536840385688,5.404526963014595e-05
1898,2.346845465969406,5.740142368368439e-05
1899,1.8794704091420287,6.61651792636064e-05
1900,1.9853696175005167,6.422536371695803e-05
1901,2.167855656658048,6.080891513961781e-05
1902,2.370406668251764,5.6950701549844925e-05
1903,2.5576736279983594,5.336591140461075e-05
1904,2.7068547350602414,5.0524195309867515e-05
1905,2.80239652806037,4.8719651884260296e-05
1906,2.8463817372319347,4.7894360569663536e-05
1907,2.858612313960619,4.766557251375731e-05
1908,2.856473448187451,4.7705560010377336e-05
1909,2.826905991409164,4.825931247431718e-05
1910,2.8010028352800544,4.87458626937541e-05
1911,2.8145948154341993,4.8490398008084035e-05
1912,2.8174133014622593,4.8437467920891606e-05
1913,2.806446247869035,4.86435104947874e-05
1914,2.7761317766752036,4.92142017286471e-05
1915,2.7205630399707426,5.026438934940648e-05
1916,2.6358870541467914,5.187316095010847e-05
1917,1.9401642644647807,6.505798803923192e-05
1918,2.0517399216714742,6.299206389892579e-05
1919,2.2290493205725364,5.964831729089814e-05
1920,2.4133768779146068,5.612810810236099e-05
1921,2.5882273584096906,5.2782169895833964e-05
1922,2.7262038253793,5.015756262789467e-05
1923,2.7933476559962225,4.888989569708449e-05
1924,2.799402541876562,4.877596344083484e-05
1925,2.7775593917400894,4.918728888483531e-05
1926,2.7429928081711115,4.983989532515593e-05
1927,2.7641038312454156,4.9441087704220124e-05
1928,2.780042140415698,4.9140493581372755e-05
1929,2.78499003045556,4.904726731613869e-05
1930,2.783321816088553,4.9078694320487904e-05
1931,2.7751875963415085,4.923200300316683e-05
1932,2.756364532207962,4.95872055598996e-05
1933,2.0482425363604135,6.305734708535014e-05
1934,2.132132150342944,6.148354428813692e-05
1935,2.250046543087882,5.9248860138462475e-05
1936,2.407435046156543,5.624188587686828e-05
1937,2.5788451458665334,5.2961348457401886e-05
1938,2.706599808630144,5.0529029341670624e-05
1939,2.7185269596429222,5.030296079295464e-05
1940,2.6786538271867255,5.1059491512359215e-05
1941,2.6768674561899672,5.1093434777932915e-05
1942,2.724252475960083,5.0194512433860645e-05
1943,2.7487409165324435,4.973123602501312e-05
1944,2.758542139477378,4.95460822711518e-05
1945,2.763046253014768,4.94610488512528e-05
1946,2.7686410187715302,4.935547253775037e-05
1947,2.074662427209457,6.256343728245541e-05
1948,2.073684431225004,6.258175067871503e-05
1949,2.1870075205800776,6.0446307614946425e-05
1950,2.364650783579912,5.706083656210603e-05
1951,2.550427028101334,5.350445352577964e-05
1952,2.622226911113619,5.21334800556432e-05
1953,2.5708371184823173,5.311433570157276e-05
1954,2.611682889767583,5.233454162517601e-05
1955,2.677421603462374,5.108290485995467e-05
1956,2.716847200176344,5.0334786690790096e-05
1957,2.7373048890261575,4.994746846991421e-05
1958,2.749317027186997,4.972034845084449e-05
1959,1.902735325399228,6.57423116050223e-05
1960,1.995221201844093,6.404308022395501e-05
1961,2.1561654348344024,6.102994003194162e-05
1962,2.3519955066602356,5.730292932857441e-05
1963,2.5113382525849794,5.4252248358012536e-05
1964,2.4677712389418827,5.508638174284521e-05
1965,2.534489097719817,5.380926565695602e-05
1966,2.6186924777149057,5.2200865521847906e-05
1967,2.6767938358879415,5.1094833741620294e-05
1968,2.7134647263257454,5.039888588742068e-05
1969,1.9369774954899552,6.511643768798937e-05
1970,2.019679180160346,6.358932897212121e-05
1971,2.1778511361687727,6.061974429377403e-05
1972,2.3633074537897887,5.7086538036771666e-05
1973,2.3824956496022276,5.671934037356817e-05
1974,2.4460121990097354,5.5503102827478405e-05
1975,2.5444455938187804,5.361883160450911e-05
1976,2.6210114209399844,5.215665251837266e-05
1977,1.9944232291988695,6.405785567870431e-05
1978,2.0700995202445394,6.264886027995621e-05
1979,2.2129060628073867,5.995503519902627e-05
1980,2.3224836458866696,5.7867116954179976e-05
1981,2.34958854279388,5.734896432102594e-05
1982,2.4538065035870713,5.5353825788813696e-05
1983,2.0490478922034474,6.304231682834731e-05
1984,2.1113131765892126,6.187556502771663e-05
1985,2.2375248751513817,5.948714320982605e-05
1986,2.2742156217598857,5.878841142663567e-05
1987,2.080962698181056,6.244540817239029e-05
1988,2.1268943022784605,6.158225561492917e-05
1989,1.6357283125576685,7.045688597925534e-05
1990,1.8979073220033493,6.583022784835147e-05
1991,2.167379576476777,6.0817920996402255e-05
1992,2.4095042848252075,5.620226367433922e-05
1993,2.6052034803582376,5.245814747154242e-05
1994,2.746205888641129,4.977915037230769e-05
1995,2.832776338724538,4.814922879496262e-05
1996,2.8727138732284567,4.7402179144751115e-05
1997,2.8807471171218566,4.725232465868545e-05
1998,2.880575874360837,4.725551758894189e-05
1999,2.9018941426358382,4.685853068207022e-05
2000,1.8559709000902609,6.659026197540663e-05
2001,2.0809702850971936,6.244526598352943e-05
2002,2.308579360762344,5.813271627366689e-05
2003,2.5106818021067028,5.426481258179684e-05
2004,2.670700195778959,5.121065114762828e-05
2005,2.7812116475431736,4.9118454256418904e-05
2006,2.8443510745383773,4.7932376732003376e-05
2007,2.8726387632361634,4.740358093566976e-05
2008,2.887229899024446,4.713149700955562e-05
2009,2.9089093678512445,4.6728120735252786e-05
2010,2.918287227506708,4.655397006008396e-05
2011,2.8868612261480706,4.713836590786408e-05
2012,2.8679911842499712,4.7490343355963e-05
2013,2.8631475391062846,4.758081561611951e-05
2014,2.8385421833127285,4.80411720146329e-05
2015,2.7783768624573915,4.9171879851005795e-05
2016,2.6741399431273787,5.1145268669023524e-05
2017,2.5240814976248016,5.400838157963571e-05
2018,2.3337191652210003,5.765239119535696e-05
2019,2.1168606255813938,6.177119359353725e-05
2020,2.005099466922329,6.386001960503154e-05
2021,2.186956786758868,6.044726897085266e-05
2022,2.380740436368679,5.6752935593595315e-05
2023,2.5585266666623436,5.334960497663478e-05
2024,2.700783362319347,5.0639348200938996e-05
2025,2.7964484892595256,4.883154019300432e-05
2026,2.8477744273361085,4.7868292850262564e-05
2027,2.8706447666583954,4.744079973177013e-05
2028,2.8832291448255725,4.720605297337364e-05
2029,2.890800056341686,4.706499571122712e-05
2030,2.873970640236582,4.7378725707702556e-05
2031,2.8497232812058186,4.783182186260604e-05
2032,2.8401159105731204,4.801169072581989e-05
2033,2.8250350486587457,4.829441168872993e-05
2034,2.7887809579605594,4.897586965068033e-05
2035,2.722532808391524,5.0227079950375807e-05
2036,2.6225140616450435,5.212800594464296e-05
2037,2.490382574284429,5.465340445220835e-05
2038,2.081473919773762,6.243582690432215e-05
2039,2.243937175287423,5.93651435365183e-05
2040,2.423804147969039,5.5928425268064155e-05
2041,2.5921790658297517,5.270672227235085e-05
2042,2.7254612163725804,5.017162363772512e-05
2043,2.803510962802888,4.869869561394782e-05
2044,2.8298307626997703,4.8204457130517055e-05
2045,2.827872919758875,4.824117543991637e-05
2046,2.8159266287726403,4.846538515532963e-05
2047,2.8003418775337887,4.8758294413912395e-05
2048,2.812639558761129,4.8527125954005775e-05
2049,2.8119747972117235,4.853961464007229e-05
2050,2.8027588267812744,4.871283882168769e-05
2051,2.784514149217968,4.9056231798396205e-05
2052,2.751652226497964,4.967622241010769e-05
2053,2.698644122532062,5.067993435215795e-05
2054,2.1491598607747444,6.116227530617199e-05
2055,2.289473194999124,5.849741802270495e-05
2056,2.4472922456113864,5.547858719475204e-05
2057,2.6053364240737515,5.245561096117686e-05
2058,2.727039966562976,5.0141731617313566e-05
2059,2.765427680470505,4.941610351525825e-05
2060,2.748047901797541,4.974433361028911e-05
2061,2.7133097714816015,5.040182273926753e-05
2062,2.7269942747703637,5.014259669187611e-05
2063,2.760818890727043,4.950309511232491e-05
2064,2.776981387141713,4.919818477343928e-05
2065,2.77968384921626,4.914724605055236e-05
2066,2.7751723429317625,4.9232290598827004e-05
2067,2.766986509236674,4.9386688509898974e-05
2068,2.1690165423622565,6.0786953391014285e-05
2069,2.2669733079054777,5.89264537777031e-05
2070,2.4185515175934413,5.602901556800882e-05
2071,2.5833080525976078,5.2876108747214155e-05
2072,2.677862524725167,5.107452674236561e-05
2073,2.6515740831267216,5.157445883079047e-05
2074,2.599967666293927,5.2558057012140425e-05
2075,2.6666983656926697,5.128673596765947e-05
2076,2.7143736474733475,5.038165984657708e-05
2077,2.7415955646440158,4.9866316060926203e-05
2078,2.7565819824236093,4.958309874218585e-05
2079,2.7663925079749667,4.9397896791473596e-05
2080,2.087916583489846,6.231502758122728e-05
2081,2.2163713051861405,5.988922706536051e-05
2082,2.3913379321840442,5.655008013349398e-05
2083,2.5549892220521073,5.3417228696433766e-05
2084,2.5494622467518053,5.3522900838913895e-05
2085,2.5086585958222285,5.430353702641293e-05
2086,2.600002158353194,5.2557398758087624e-05
2087,2.6651903980716654,5.13154112578366e-05
2088,2.7071126249553794,5.051930517681705e-05
2089,2.7342179102006505,5.00058723453776e-05
2090,2.0663290743891656,6.271940993999712e-05
2091,2.2163813287644563,5.988903668365422e-05
2092,2.3938404033402003,5.650217277296259e-05
2093,2.4537434718634095,5.5355032967955176e-05
2094,2.4194219200617164,5.601234723306487e-05
2095,2.523023274816634,5.4028630104696e-05
2096,2.6048354759326227,5.246516892386002e-05
2097,2.6644049556951113,5.133034819881887e-05
2098,2.101457142273427,6.206083858725569e-05
2099,2.2454077574122957,5.933715719056279e-05
2100,2.3716004799305996,5.692785687705925e-05
2101,2.327869200879188,5.776420291413243e-05
2102,2.434713246881286,5.571950093450728e-05
2103,2.5282433436824245,5.3928751847000886e-05
2104,2.144814297391662,6.124431734606975e-05
2105,2.2731334445412332,5.8809041831429026e-05
2106,2.284744792358181,5.8587623000521546e-05
2107,2.33777393660756,5.757487789947415e-05
2108,2.172332304826909,6.072421271116565e-05
2109,2.280202540521778,5.8674256203869556e-05
2110,2.258689414075301,5.9084279084073226e-05
2111,2.4348212351017233,5.571743276192482e-05
2112,2.5896358287264722,5.2755277349328364e-05
2113,2.7108373137646136,5.044868778916327e-05
2114,2.7929446358915775,4.889748154356214e-05
2115,2.839242482569377,4.802805239502646e-05
2116,2.8627171061542422,4.758885791265689e-05
2117,2.882879935007187,4.721256235856499e-05
2118,2.906477352996846,4.6773317889667864e-05
2119,2.329274263688638,5.7737349780609146e-05
2120,2.480316775345198,5.4846138704937194e-05
2121,2.619288455681005,5.2189502100899206e-05
2122,2.7298499871396134,5.0088536076636016e-05
2123,2.801768181161944,4.87314685892993e-05
2124,2.8378752079180654,4.805366826024243e-05
2125,2.8525739897436573,4.7778487734973464e-05
2126,2.859589616029521,4.7647304433962116e-05
2127,2.8558242122027444,4.771769981279351e-05
2128,2.857316471230866,4.768979798824859e-05
2129,2.845008260312491,4.792007258698814e-05
2130,2.825826215838603,4.8279568410812264e-05
2131,2.794053952211126,4.887660215055913e-05
2132,2.740447876067688,4.988802022507733e-05
2133,2.6605232462105715,5.140417838558368e-05
2134,2.5562984640365194,5.3392199593895854e-05
2135,2.3704963536537456,5.6948985359956746e-05
2136,2.5105138856839937,5.426802646720768e-05
2137,2.6422912835356684,5.175118340179676e-05
2138,2.7428284536360286,4.984300297482309e-05
2139,2.790993281697712,4.893421509202611e-05
2140,2.795666968460769,4.884624620437993e-05
2141,2.780416940757383,4.913343021785992e-05
2142,2.7719319005439287,4.929339672410107e-05
2143,2.787431403620612,4.900128396318166e-05
2144,2.806539051116352,4.86417660023048e-05
2145,2.8050236063961207,4.867025498669577e-05
2146,2.788593072367141,4.897940764673531e-05
2147,2.7600440369288526,4.951772409477699e-05
2148,2.717765891845903,5.0317380003700076e-05
2149,2.389401110428032,5.6587157326300085e-05
2150,2.5132254864353727,5.421612830313438e-05
2151,2.6394268574332846,5.180573500013243e-05
2152,2.7193054564977595,5.028821225105922e-05
2153,2.716920285717761,5.0333401875076214e-05
2154,2.6793636232188276,5.1046005631281464e-05
2155,2.65713116099296,5.1468710465341136e-05
2156,2.7063928451336965,5.053295394575264e-05
2157,2.7484378982531923,4.9736962803229734e-05
2158,2.7713214522104033,4.930491018832291e-05
2159,2.777677395581096,4.9185064481845845e-05
2160,2.772403312710719,4.928450601483723e-05
2161,2.3549041205410197,5.724729560549013e-05
2162,2.4868152212772867,5.472170739719982e-05
2163,2.613227724039606,5.230507694596716e-05
2164,2.624593285694838,5.208837096005982e-05
2165,2.5692842293786247,5.314400779934669e-05
2166,2.5541564581363234,5.343314940479835e-05
2167,2.632978465730798,5.192857343767894e-05
2168,2.689562193986234,5.0852308063292304e-05
2169,2.7294817789956713,5.009550581657853e-05
2170,2.7581435009083166,4.9553609821848615e-05
2171,2.331626245888353,5.7692396341434935e-05
2172,2.4752466527174923,5.494322672705516e-05
2173,2.52881262658992,5.3917860231214555e-05
2174,2.4644622055482244,5.514975259115928e-05
2175,2.468982326889791,5.5063188710798884e-05
2176,2.558378657339916,5.335243424455803e-05
2177,2.6294508489382977,5.199579100368491e-05
2178,2.6839521095661993,5.0958841536212957e-05
2179,2.3424331784679815,5.7485796151250615e-05
2180,2.4381912439371787,5.565289059304751e-05
2181,2.3777527702276613,5.681011754531325e-05
2182,2.38685155964816,5.663596229085854e-05
2183,2.4798040465551816,5.485595674805403e-05
2184,2.561270825740431,5.329715164358976e-05
2185,2.353110835853534,5.728159672066275e-05
2186,2.3175223295358087,5.796190515942846e-05
2187,2.3075408827164163,5.8152547058821706e-05
2188,2.3952886544350074,5.6474446549708684e-05
2189,2.285978362533351,5.856409193390553e-05
2190,2.263663297300469,5.8989525483132695e-05
2191,2.585150751711825,5.284091841422962e-05
2192,2.6800429235722842,5.103309975892627e-05
2193,2.7530010105279867,4.965073976379307e-05
2194,2.796996550446908,4.8821227901164614e-05
2195,2.814999753355908,4.84827924876255e-05
2196,2.814833913905206,4.8485907236407426e-05
2197,2.803336361872569,4.870197872531166e-05
2198,2.60562225043605,5.245015756740635e-05
2199,2.69212748041533,5.080360804980906e-05
2200,2.748491729229594,4.9735945434429e-05
2201,2.760893189029127,4.9501692437771244e-05
2202,2.7430810850518466,4.983822618526923e-05
2203,2.71253931354294,5.041642570636738e-05
2204,2.705733778148155,5.054545209260627e-05
2205,2.7472198695582155,4.975998396455791e-05
2206,2.7738393932270275,4.9257424282186234e-05
2207,2.7798340755670443,4.9144414809731725e-05
2208,2.765502556505032,4.941469051470909e-05
2209,2.731065321341403,5.006553272101125e-05
2210,2.5990144539172118,5.257624873281606e-05
2211,2.67543850422356,5.11205895387778e-05
2212,2.6879560245822427,5.088280441515291e-05
2213,2.6502821365099756,5.159904896392841e-05
2214,2.5974954823234415,5.260523937809927e-05
2215,2.5945194090284787,5.266204550998421e-05
2216,2.6620804261315296,5.1374558643836804e-05
2217,2.7146587449060067,5.0376256873937086e-05
2218,2.7484902697787663,4.973597301699424e-05
2219,2.764730355819743,4.9429263323403315e-05
2220,2.578020621402154,5.297709819115546e-05
2221,2.6041030289690195,5.2479144226609005e-05
2222,2.549223686224506,5.3527462372740184e-05
2223,2.4795697195493687,5.4860443801852954e-05
2224,2.4911945541561944,5.4637858192671135e-05
2225,2.576754359210124,5.3001286807592896e-05
2226,2.646036317121278,5.167987451616082e-05
2227,2.7034290665580873,5.058916203885338e-05
2228,2.5181267345276117,5.4122329151024654e-05
2229,2.453470382671206,5.536026315525649e-05
2230,2.3781469365428216,5.6802573664094935e-05
2231,2.4107980744561948,5.617748946782443e-05
2232,2.4959123889089154,5.454753354687782e-05
2233,2.5728809321488226,5.3075285781023265e-05
2234,2.3741510365697125,5.68790475791919e-05
2235,2.3061607276555605,5.817890112115754e-05
2236,2.3445430621260126,5.7445452081093396e-05
2237,2.4170871807085357,5.6057057565291064e-05
2238,2.2686639472039656,5.889423431129921e-05
2239,2.2899548265048097,5.84882286146649e-05
2240,2.728107385343755,5.0121523266097434e-05
2241,2.735280758051464,4.99857622021242e-05
2242,2.7134745891575687,5.039869895880816e-05
2243,2.671959569745052,5.118671135412302e-05
2244,2.6201055253278507,5.21739237163207e-05
2245,2.6748556278923754,5.1131666831909056e-05
2246,2.6319719650960365,5.194775066689398e-05
2247,2.5713812103454194,5.310393977450299e-05
2248,2.506789844635377,5.433930650464107e-05
2249,2.5150319141380586,5.41815561093093e-05
2250,2.5871916719414645,5.280194573025311e-05
2251,2.6511772430085174,5.158201184562982e-05
2252,2.7016762883951686,5.062240926861388e-05
2253,2.541235858785667,5.36802171283584e-05
2254,2.4654270553343784,5.513127474792567e-05
2255,2.3923628693274135,5.653045895092872e-05
2256,2.41506878886109,5.60957091116382e-05
2257,2.4991019033065096,5.448647279260352e-05
2258,2.577955840565667,5.297833563010004e-05
2259,2.372879259658904,5.6903385572043966e-05
2260,2.3033822022506114,5.823195219298711e-05
2261,2.347797901669999,5.7383209534318515e-05
2262,2.418463566980339,5.603069982863686e-05
2263,2.2840402882279367,5.860106116037795e-05
2264,2.3059137414655737,5.818361715426934e-05
2265,2.5622458646260418,5.3278515408400875e-05
2266,2.487428599653315,5.470996301637314e-05
2267,2.4155293450692117,5.6086889671934686e-05
2268,2.3848986918907857,5.66733436936781e-05
2269,2.3185460395945667,5.794234823956411e-05
2270,2.3396940789255356,5.7538167655371144e-05
2271,2.406827392583818,5.6253521172685844e-05
2272,2.281605617077538,5.864749786838646e-05
2273,2.292647802944748,5.8436843292626255e-05
2274,2.271205651645143,5.8845789832023464e-05
2275,1.1557491378938323,7.78542685615055e-05
2276,3.2892952506723336,3.986397368514397e-05
2277,3.3090480709270826,3.9520494686794276e-05
2278,3.3419805167939205,3.8951066549919865e-05
2279,3.385794943162251,3.819988156987247e-05
2280,3.43433110198786,3.73765110487005e-05
2281,3.4774176841535422,3.665351899581455e-05
2282,3.502505530889477,3.62360555773355e-05
2283,3.497455511122633,3.631987829815242e-05
2284,3.453641694317734,3.705154547232173e-05
2285,3.369091170335422,3.848538899042095e-05
2286,3.2533616327760075,4.049246159347394e-05
2287,3.145161120334784,4.241206405404866e-05
2288,3.3013582802177766,3.965404040860744e-05
2289,3.3170779343694914,3.9381277280303815e-05
2290,3.3387368976734217,3.900696993440252e-05
2291,3.3701339201000224,3.846753420532699e-05
2292,3.408486468722875,3.781377829940394e-05
2293,3.446440670030212,3.717255045815167e-05
2294,3.4733201923971584,3.672194862560284e-05
2295,3.477419600379057,3.665348701030083e-05
2296,3.4488842188433373,3.7131465828018426e-05
2297,3.3828209516139442,3.825063472675512e-05
2298,3.283176366997827,3.997066452414428e-05
2299,3.1724530545395657,4.19241606909782e-05
2300,3.1258856566839492,4.275810361561215e-05
2301,3.2043759806023715,4.135659830416356e-05
2302,3.3168286961370597,3.938559482523405e-05
2303,3.4082667378168927,3.781750734866388e-05
2304,3.463493108365521,3.6886345424457815e-05
2305,3.4815934308038945,3.658385360986617e-05
2306,3.469211781020129,3.679062988162515e-05
2307,3.437075079629312,3.7330242591495086e-05
2308,3.39685231877723,3.801148377205133e-05
2309,3.3582661895852475,3.867099075258531e-05
2310,3.3270343429332363,3.920899285261834e-05
2311,3.3040893869989807,3.9606585246878744e-05
2312,3.339026440303642,3.900197807995444e-05
2313,3.3505503340709106,3.8803559284778837e-05
2314,3.358329154463833,3.866990987211161e-05
2315,3.3693399486100675,3.848112883024911e-05
2316,3.3839187228339207,3.823189650476346e-05
2317,3.3973270270428917,3.80034063454453e-05
2318,3.4018125974378624,3.792712568582067e-05
2319,3.3885458138042885,3.8152966896430797e-05
2320,3.349870712224469,3.88152469971114e-05
2321,3.282897440002311,3.9975531238035044e-05
2322,3.19538540381078,4.15160961969747e-05
2323,3.123391945415861,4.2802957667812227e-05
2324,3.146763627583535,4.238334881768174e-05
2325,3.2351792070771412,4.0812233806984944e-05
2326,3.3216444509685186,3.930221276271491e-05
2327,3.383246221579633,3.8243375094236134e-05
2328,3.4154142335224043,3.7696305576996656e-05
2329,3.4220776387783594,3.7583495730601414e-05
2330,3.41129137883429,3.776619304013036e-05
2331,3.3918078535179,3.809737290170197e-05
2332,3.3701927835557246,3.84665264241921e-05
2333,3.3489357978915613,3.8831327952195526e-05
2334,3.3537027637752144,3.874936885504471e-05
2335,3.340383557686486,3.897858495896139e-05
2336,3.3193918164673804,3.93412050581796e-05
2337,3.2998273624539776,3.9680653369515995e-05
2338,3.286018181957446,3.9921096730739276e-05
2339,3.2781706766572825,4.0058046731579776e-05
2340,3.2733558433329444,4.0142182949813776e-05
2341,3.2644136289539096,4.0298664513112525e-05
2342,3.240673031994347,4.0715491706544044e-05
2343,3.195241634376037,4.151864897284087e-05
2344,3.135713003321242,4.2581531878188246e-05
2345,3.1071220464709435,4.309607990415221e-05
2346,3.1424365723287844,4.246090403809347e-05
2347,3.2086582416983886,4.1280725282732585e-05
2348,3.2700049808371427,4.0200786622552673e-05
2349,3.3151596748544923,3.941451319298821e-05
2350,3.3438890423926,3.8918192010182516e-05
2351,3.3604491731086408,3.8633525668286685e-05
2352,3.369455420295929,3.847915153684808e-05
2353,3.373113668282621,3.841653580585869e-05
2354,3.3047712195075816,3.959474216242167e-05
2355,3.254443106529811,4.0473478692143464e-05
2356,3.200947098761917,4.141739622854236e-05
2357,3.1555581636824237,4.222590776125356e-05
2358,3.125891652050655,4.275799580136203e-05
2359,3.1165871182605733,4.292545454507494e-05
2360,3.1284234284064825,4.271247718946186e-05
2361,3.1491869271132495,4.2339941579445146e-05
2362,3.1559822543099836,4.2218321969392426e-05
2363,3.1364053623377792,4.256910356439679e-05
2364,3.1094079141157493,4.3054847464487635e-05
2365,3.086132773745005,4.3475433481208454e-05
2366,3.102502795473072,4.3179451105204285e-05
2367,3.1468724895646094,4.238139842615068e-05
2368,3.1980690553626023,4.146845800414992e-05
2369,3.2474548819505,4.0596214921321106e-05
2370,3.2932934138287338,3.979433433359258e-05
2371,3.3348766900216944,3.9073552104395374e-05
2372,3.175750321608281,4.1865380263592844e-05
2373,3.093938247816247,4.33342028288172e-05
2374,3.0234625991840143,4.4615891904270524e-05
2375,2.9754193623157543,4.5497634388209426e-05
2376,2.954024534146928,4.589225539177941e-05
2377,2.9628825587441656,4.572872978674288e-05
2378,3.010577324272977,4.485176258548109e-05
2379,3.0700735020433254,4.3766582856971984e-05
2380,3.102724394858086,4.3175450037069316e-05
2381,3.0993102634977574,4.323711031782388e-05
2382,3.0865783932617177,4.346736557005066e-05
2383,3.0565843455317143,4.401172729434115e-05
2384,3.054903274628405,4.404231544176365e-05
2385,3.0898197030439913,4.340869993023576e-05
2386,3.148836090731346,4.234622474583987e-05
2387,3.219712835284962,4.108515076931105e-05
2388,2.9911039912391426,4.520909111531902e-05
2389,2.90888300860957,4.672861052792795e-05
2390,2.857794838468669,4.7680854611934196e-05
2391,2.8336468271364827,4.8132910819156946e-05
2392,2.8250335907994675,4.829443904111711e-05
2393,2.8460389111183177,4.7900778042418496e-05
2394,2.939013388463826,4.6169821801498317e-05
2395,3.026005513202759,4.456939717715481e-05
2396,3.0711770633201314,4.374655105810367e-05
2397,3.0903364775526616,4.339934958000286e-05
2398,3.0635313457976663,4.388540966293513e-05
2399,3.0299973451755227,4.4496446901518825e-05
2400,3.024446138535136,4.459790669534553e-05
2401,3.0673444754172277,4.381613550316544e-05
2402,2.8285811306077444,4.8227892441126943e-05
2403,2.7839200397309,4.906742398941591e-05
2404,2.7592116724919764,4.953343997515092e-05
2405,2.7371322600255836,4.9950734120856954e-05
2406,2.7134311319003577,5.03995225980363e-05
2407,2.773507813001689,4.9263676934255496e-05
2408,2.906962818545111,4.676429478048782e-05
2409,3.0035008960242036,4.498149376701918e-05
2410,3.065213511686984,4.385484402494887e-05
2411,3.0715882480733567,4.373908817203132e-05
2412,3.047637108222676,4.417462213267792e-05
2413,3.0191787258484237,4.46942591332465e-05
2414,2.739758265657018,4.99010625813899e-05
2415,2.7051272195614393,5.055695504170151e-05
2416,2.6663319862390242,5.1293702732908877e-05
2417,2.6185371440819973,5.220382730074091e-05
2418,2.5994997459865883,5.256698700773627e-05
2419,2.7530748616046807,4.964934457738551e-05
2420,2.895119991004282,4.6984566795551956e-05
2421,2.992588343449692,4.5181817857279764e-05
2422,3.0527436725577015,4.408162281026174e-05
2423,3.0638747910240123,4.3879168448046186e-05
2424,2.654274444356019,5.1523067904511774e-05
2425,2.5984333187411046,5.25873398749734e-05
2426,2.5353300979039055,5.3793178146676676e-05
2427,2.472755892182049,5.499092410816833e-05
2428,2.577761165422376,5.298205431971311e-05
2429,2.751031213459316,4.968795623847485e-05
2430,2.8914943459076823,4.705206651876873e-05
2431,2.995249266084091,4.5132941213278005e-05
2432,2.5297527771204553,5.389987345287928e-05
2433,2.460195312453512,5.523146906491587e-05
2434,2.3930304717925526,5.651767833201666e-05
2435,2.4006937520629883,5.6370962674756565e-05
2436,2.5817757867914413,5.290537268796729e-05
2437,2.751633390510449,4.967657830039942e-05
2438,2.3939703390272897,5.649968522874551e-05
2439,2.338370088052547,5.7563480629304725e-05
2440,2.2970604214884536,5.835263061975535e-05
2441,2.403764013253273,5.6312177187270856e-05
2442,2.304195343953461,5.8216427357258684e-05
2443,2.2893790962305705,5.8499213377962906e-05
2444,3.3359427973657425,3.905515788748027e-05
2445,3.3540983784003573,3.874257090447823e-05
2446,3.3755472985596917,3.837490975380219e-05
2447,3.400042028935404,3.795722612308794e-05
2448,3.42235644004147,3.7578779553630854e-05
2449,3.4338507930597513,3.7384613047866364e-05
2450,3.424800993122286,3.753744102013664e-05
2451,3.3871901542807237,3.817608326753477e-05
2452,3.3180686229606566,3.936411791045769e-05
2453,3.2243831463716757,4.100265165510574e-05
2454,3.13660213673477,4.2565571609487706e-05
2455,3.353767277231397,3.8748260262398685e-05
2456,3.3492088345626327,3.882663125136677e-05
2457,3.3440541624629585,3.891534845171841e-05
2458,3.3411569424845506,3.896525697214629e-05
2459,3.338850970387334,3.900500322792033e-05
2460,3.332317574029742,3.9117723660827854e-05
2461,3.3145897234962365,3.942439085823858e-05
2462,3.2783295562623227,4.005527184005741e-05
2463,3.220446784671228,4.107218085882391e-05
2464,3.1502145444258605,4.2321540160059866e-05
2465,3.111222955283955,4.30221193108827e-05
2466,3.15095337827733,4.23083120620667e-05
2467,3.2241774704387183,4.100628324510628e-05
2468,3.28894332407907,3.987010628661882e-05
2469,3.3333958503607395,3.9099109084759224e-05
2470,3.3577608885564247,3.867966550490936e-05
2471,3.367420046616056,3.8514012059204056e-05
2472,3.3688503498079307,3.84895131075324e-05
2473,3.3668577728922546,3.8523645130555134e-05
2474,3.362763169798088,3.859383210223715e-05
2475,3.310497977233298,3.9495339256793875e-05
2476,3.272789568453874,4.015208376046401e-05
2477,3.2372001836008626,4.077663362740033e-05
2478,3.2103383369818963,4.125097450617794e-05
2479,3.1953981314315785,4.151587020819356e-05
2480,3.191765722249898,4.1580388644536467e-05
2481,3.1913076647743828,4.158852776767984e-05
2482,3.1795955400474694,4.1796877065866187e-05
2483,3.147936617021166,4.236233533312656e-05
2484,3.1058355302208556,4.3119293164161375e-05
2485,3.09500985237203,4.3314827876206295e-05
2486,3.1238111022401855,4.279541698088959e-05
2487,3.1723306023179005,4.1926344341629664e-05
2488,3.218830134914234,4.110075178210676e-05
2489,3.2579095775847255,4.0412660452538334e-05
2490,3.2910131977759574,3.98340435909952e-05
2491,3.320549076621985,3.932117092820881e-05
2492,3.3468053896120686,3.8867984408777644e-05
2493,3.1872385980908353,4.166086110019197e-05
2494,3.121467176463689,4.2837591608246424e-05
2495,3.0691666069381487,4.3783047477848656e-05
2496,3.038432974145344,4.43424344735303e-05
2497,3.034470324822946,4.4414756970603657e-05
2498,3.0589719561569906,4.396829735306292e-05
2499,3.094421265561488,4.332546928075448e-05
2500,3.1124055847364898,4.300080007294166e-05
2501,3.102334810613738,4.31824842415885e-05
2502,3.087354160609281,4.3453321784867035e-05
2503,3.0658870760962915,4.384260741904247e-05
2504,3.0728863444371037,4.371553138357064e-05
2505,3.1056017554826956,4.312351182788037e-05
2506,3.151914373330763,4.229110902922089e-05
2507,3.20577673986216,4.133177278924233e-05
2508,3.2636755892856066,4.031159245347611e-05
2509,3.0064975655603523,4.4926539577785335e-05
2510,2.939545932044257,4.615996514828779e-05
2511,2.9002096435350544,4.68898617143224e-05
2512,2.8861619184267173,4.7151395838363304e-05
2513,2.9020034979972364,4.685649694036592e-05
2514,2.966393421295807,4.5663971996234016e-05
2515,3.0356896044757753,4.439249909785025e-05
2516,3.0722243410428627,4.3727544253614985e-05
2517,3.087478374676167,4.3451073295397415e-05
2518,3.0627892031149293,4.3898897339397976e-05
2519,3.033654596852271,4.442965038196918e-05
2520,3.029154643625093,4.4511843452152015e-05
2521,3.0620280668812847,4.391273188218251e-05
2522,3.1251039353499643,4.2772162225136004e-05
2523,2.842673700804396,4.796378534292551e-05
2524,2.807028380946635,4.863256796980202e-05
2525,2.787586481014062,4.8998363435902515e-05
2526,2.773947628137627,4.925538332345148e-05
2527,2.808763185741831,4.859996213547787e-05
2528,2.9186844623291712,4.654659782945852e-05
2529,3.0048241850238933,4.495722372597812e-05
2530,3.0478646409039682,4.4170476769863104e-05
2531,3.065543750236152,4.384884443335369e-05
2532,3.040934574723962,4.4296800627799325e-05
2533,3.0123321061966295,4.4819613586753156e-05
2534,3.0123155493078997,4.481991688261907e-05
2535,2.7491808383021934,4.972292215552041e-05
2536,2.7198787692084134,5.027735147194322e-05
2537,2.684934894522891,5.094017583010848e-05
2538,2.6578829373244015,5.1454407279607886e-05
2539,2.7694474027554965,4.934026001977188e-05
2540,2.8995612940433815,4.6901922502319634e-05
2541,2.989047900360327,4.524687910792569e-05
2542,3.0444987414491433,4.423181445986742e-05
2543,3.050812348013424,4.4116786696903695e-05
2544,3.0318926004350475,4.446182700504931e-05
2545,2.6599845178690513,5.141442641934081e-05
2546,2.6068255588903404,5.24271999735049e-05
2547,2.548322455443754,5.3544695176635455e-05
2548,2.6022451273746383,5.2514595659949925e-05
2549,2.7621538951220934,4.9477893029150514e-05
2550,2.892804214962571,4.702767685528232e-05
2551,2.988408057700362,4.5258640788678716e-05
2552,3.037548015365974,4.4358582032143826e-05
2553,2.532089782840026,5.385516416684345e-05
2554,2.462601356404297,5.518539001333262e-05
2555,2.4388558574724866,5.5640161900660646e-05
2556,2.6034869799730465,5.249089898997674e-05
2557,2.7623679935346392,4.9473851578226676e-05
2558,2.8911430065961587,4.705860909024977e-05
2559,2.392818606323858,5.6521734311355865e-05
2560,2.3359473025932984,5.76097982008524e-05
2561,2.439210970347711,5.5633360764681964e-05
2562,2.606381336754028,5.2435675015258074e-05
2563,2.2999278858587013,5.8297897056896296e-05
2564,2.2888588585103387,5.850913909007819e-05
2565,3.3282230632454426,3.918844823768893e-05
2566,3.3025811376737266,3.963278887734891e-05
2567,3.278010751404266,4.006083997815896e-05
2568,3.2568100874913637,4.0431946053950185e-05
2569,3.2377004394179894,4.0767823663982753e-05
2570,3.2156268456563155,4.115738989485393e-05
2571,3.1838037320245203,4.1721963867087615e-05
2572,3.140599203313612,4.2493853991194385e-05
2573,3.101047235983278,4.320573558129601e-05
2574,3.2181561200964373,4.1112666258111075e-05
2575,3.166558502940447,4.202933246365359e-05
2576,3.127158563594853,4.273521556598355e-05
2577,3.1058363880659985,4.311927768392759e-05
2578,3.10280546042835,4.3173986402538265e-05
2579,3.1076608209673973,4.3086360043698225e-05
2580,3.1044565608643255,4.31441802722286e-05
2581,3.0874379700107637,4.345180468461576e-05
2582,3.0746311393880776,4.368387616003669e-05
2583,3.072134287992962,4.372917847804294e-05
2584,3.0886868604407556,4.342920004675358e-05
2585,3.111112353739353,4.302411334482699e-05
2586,3.1354167698172146,4.258684993714768e-05
2587,3.165917805618437,4.2040770809588714e-05
2588,3.2059209708462384,4.13292169780754e-05
2589,3.2535701480331505,4.048880124154983e-05
2590,3.0479730349695107,4.4168502017048437e-05
2591,2.992940687028906,4.517534481449259e-05
2592,2.9636975434612562,4.5713694597847624e-05
2593,2.9646029727494074,4.569699284029486e-05
2594,2.9963402604865905,4.51129069758506e-05
2595,3.0353501508554017,4.439869537923762e-05
2596,3.0555097297644087,4.403127965989244e-05
2597,3.0520548754287904,4.409416259426896e-05
2598,3.046311156560789,4.419878228781642e-05
2599,3.0302555358735033,4.449173003663154e-05
2600,3.0295519739405217,4.4504583793102645e-05
2601,3.046952181741981,4.418710154156486e-05
2602,3.0828650044534425,4.3534614505451393e-05
2603,3.137465426568638,4.2550077655289064e-05
2604,2.881661899946013,4.723526905103941e-05
2605,2.8498435275399725,4.7829571822586425e-05
2606,2.8377670191623996,4.805569533646234e-05
2607,2.8615783891420565,4.761013583949673e-05
2608,2.933259432749884,4.627636397248226e-05
2609,2.995234089068718,4.513321993560066e-05
2610,3.0252425244055763,4.458334579337805e-05
2611,3.0380318750408635,4.434975292421489e-05
2612,3.01727812775746,4.4729044120308994e-05
2613,2.99545426720009,4.512917647644125e-05
2614,2.993219607658224,4.5170220888883407e-05
2615,3.0223862963743113,4.463557649631658e-05
2616,2.7753939041195905,4.922811320961271e-05
2617,2.7484260921395136,4.973718593136473e-05
2618,2.731507487195851,5.0057164144198076e-05
2619,2.804909633949823,4.8672397739773074e-05
2620,2.904984193151747,4.680107394636686e-05
2621,2.9737851975572727,4.552773450650112e-05
2622,3.016565509908216,4.474208911849932e-05
2623,3.0163970921474363,4.4745172335502544e-05
2624,2.9978927930832104,4.508440289389199e-05
2625,2.98195624257505,4.5377299543520064e-05
2626,2.676447594309245,5.1101413260186845e-05
2627,2.6283039975169706,5.201764661857496e-05
2628,2.662304057925167,5.137030508999909e-05
2629,2.78925449484584,4.8966952955551965e-05
2630,2.8937259624070366,4.701051631643896e-05
2631,2.962312936836642,4.573923942415526e-05
2632,3.002653811346641,4.4997032383592616e-05
2633,3.007526293774466,4.490767996129309e-05
2634,2.540990114004236,5.368491718085741e-05
2635,2.5217787452320835,5.405244414645634e-05
2636,2.6567952071897847,5.147510248530082e-05
2637,2.787131374271192,4.9006934451014436e-05
2638,2.88962783562243,4.708682749684474e-05
2639,2.963515855361322,4.571704631109008e-05
2640,2.4063248719918517,5.6263143328763734e-05
2641,2.5195083490392958,5.409588985825947e-05
2642,2.6604046487216277,5.140643439323549e-05
2643,2.7873077211312363,4.900361327037953e-05
2644,2.391514530508899,5.6546699395719863e-05
2645,2.5238471594781426,5.401286547095046e-05
2646,3.1009860058935717,4.320684141611313e-05
2647,3.052180109678861,4.409188256034162e-05
2648,3.0271537285819483,4.454840909330217e-05
2649,3.0242225958682667,4.4601994206855435e-05
2650,3.0311671451480944,4.447507742164194e-05
2651,3.0357390459588465,4.4391596635554414e-05
2652,3.036585463777198,4.4376147927854194e-05
2653,2.9390932492311705,4.6168343643496237e-05
2654,2.9131370531257264,4.664958528861153e-05
2655,2.918473220747854,4.65505181885191e-05
2656,2.950146306972543,4.596391266049182e-05
2657,2.9825271615953595,4.536679503977121e-05
2658,2.9994960801911823,4.505497378095407e-05
2659,3.0066466412208976,4.492380640337233e-05
2660,2.9951976855585847,4.513388848003092e-05
2661,2.980893459977763,4.539685626905913e-05
2662,2.9707912575283983,4.558289867029235e-05
2663,2.9733498037456543,4.5535755312508194e-05
2664,2.998958583708922,4.50648390179387e-05
2665,2.819134606735183,4.840515002004121e-05
2666,2.8094370238976407,4.858729881487503e-05
2667,2.849851251329361,4.7829427296669834e-05
2668,2.9108338216766287,4.669236599632774e-05
2669,2.954024131484922,4.5892262829726855e-05
2670,2.9720258240135116,4.5560148631443e-05
2671,2.9764462570649233,4.547872329500349e-05
2672,2.960893593054149,4.576543019907933e-05
2673,2.947537159032681,4.601214258900609e-05
2674,2.948510374002644,4.5994150786290376e-05
2675,2.713019000175221,5.040733380762411e-05
2676,2.738309675562182,4.992846168281737e-05
2677,2.822494816400792,4.8342077917879484e-05
2678,2.8930689755766017,4.7022747504436406e-05
2679,2.936550610550477,4.621541350711297e-05
2680,2.9596500486386956,4.578838121056678e-05
2681,2.9565619207144995,4.5845393064861765e-05
2682,2.9474452725178364,4.601384141490374e-05
2683,2.625458224373917,5.207188442190788e-05
2684,2.722554870449735,5.0226662105392224e-05
2685,2.8152889187889127,4.847736159233792e-05
2686,2.884812887706533,4.717653489598293e-05
2687,2.9314390153277,4.6310088249941374e-05
2688,2.9511029937016664,4.5946232634301156e-05
2689,2.6184017493803595,5.2206408918787755e-05
2690,2.7234223842557936,5.021023237768805e-05
2691,2.813772369533376,4.850584610876502e-05
2692,2.8821836878353904,4.722554144239173e-05
2693,2.623296655148117,5.2113087339166167e-05
2694,2.7248194336138587,5.0183776209766374e-05
2695,2.8914976117671154,4.705200570388568e-05
2696,2.8990912283274097,4.691066740614966e-05
2697,2.9224627529316898,4.6476495777976114e-05
2698,2.9443200487595047,4.607163401094502e-05
2699,2.956954371339373,4.58381464492873e-05
2700,2.8195632746589063,4.839710257574209e-05
2701,2.8586546778233717,4.7664780591309875e-05
2702,2.895009962417474,4.698661479175534e-05
2703,2.917372936471326,4.657093969328404e-05
2704,2.9273839526875953,4.638523948479845e-05
2705,2.921478990763648,4.649474513366236e-05
2706,2.910074749682596,4.6706467883747164e-05
2707,2.8998549460542313,4.6896459781678564e-05
2708,2.791306605259529,4.89283164211314e-05
2709,2.8429696844351624,4.795824266765635e-05
2710,2.879792276590073,4.727012909568919e-05
2711,2.8995256735755675,4.690258515269741e-05
2712,2.9078738851013464,4.674736271444371e-05
2713,2.907605050120772,4.675235878039538e-05
2714,2.7855979116198535,4.903581685432086e-05
2715,2.836852519634042,4.807283078342529e-05
2716,2.872215299679079,4.741148434004548e-05
2717,2.894763307269769,4.699120596055722e-05
2718,2.7851076093528677,4.904505246878969e-05
2719,2.835149345292236,4.81047485396963e-05
2720,2.8724352263456407,4.740737964203015e-05
2721,2.8834795003257043,4.72013864319436e-05
2722,2.8895117702886304,4.708898930044302e-05
2723,2.8580988228184254,4.767517168476413e-05
2724,2.8666956868864446,4.7514536424844004e-05
2725,2.8717368130750685,4.7420415148831073e-05
2726,2.875994430619697,4.734096554945246e-05
2727,2.8512121040787193,4.780396524562817e-05
2728,2.8607858802860298,4.7624946194181034e-05
2729,2.8583300542605947,4.767084898969666e-05
