Mode_Index,Frequency_THz,Cv_Contribution_eV_K
0,0.0,0.0
1,0.2482090673369066,8.616201134004108e-05
2,0.472834966621984,8.613225649962244e-05
3,0.6702181150360329,8.609082819897957e-05
4,0.8478044850775155,8.604135916978946e-05
5,1.0117545854864443,8.598545450279679e-05
6,1.1647919934236661,8.592442531163195e-05
7,1.3074871681108597,8.585984532629809e-05
8,1.4389981374046996,8.579378602666218e-05
9,1.5569543961757282,8.572921258805497e-05
10,1.6568498048441296,8.567060031324956e-05
11,1.7315538310748466,8.5624421356017e-05
12,1.772258217066417,8.559841572660313e-05
13,0.24355073679768866,8.616243227074798e-05
14,0.4027075295883326,8.614353484320952e-05
15,0.5813042508592697,8.61112580505972e-05
16,0.7479915543203428,8.607058375977418e-05
17,0.9026686288432736,8.60237440156979e-05
18,1.048511354180836,8.597157494642617e-05
19,1.18773635364097,8.591454051175698e-05
20,1.3211213338742207,8.585328795442729e-05
21,1.4476603461951691,8.57892150991813e-05
22,1.5639646950681816,8.57252167423021e-05
23,1.6636489485763994,8.566648037738796e-05
24,1.737451241096744,8.562069040623771e-05
25,1.7520571942102288,8.561139629929224e-05
26,1.6981943056506175,8.564529076175091e-05
27,1.6110696414497256,8.569790751221426e-05
28,1.5026594403019637,8.575955989304037e-05
29,1.382438955934446,8.582296407525918e-05
30,1.2556264253395681,8.58841716024676e-05
31,1.1237313790398753,8.594163686320572e-05
32,0.9858536761476665,8.59949389301676e-05
33,0.839698802766697,8.604386838291503e-05
34,0.6821571929610916,8.60878643618632e-05
35,0.51129101243109,8.612530561148112e-05
36,0.3402725766430896,8.615205691115783e-05
37,0.43415746418984796,8.613870008494212e-05
38,0.5380829741145445,8.61201423617271e-05
39,0.6663704629586105,8.609177224177138e-05
40,0.7988197723955085,8.605615691788112e-05
41,0.9312025283281636,8.601414802265169e-05
42,1.0637131974068916,8.596569069236616e-05
43,1.1966646072667064,8.591064233908975e-05
44,1.3289291521386197,8.584950241485284e-05
45,1.4571946105963078,8.578415262682976e-05
46,1.5755166414857196,8.571859350268e-05
47,1.6752443633919945,8.565941577493254e-05
48,1.7056047189559194,8.564068942706447e-05
49,1.6364042022206944,8.568288907019332e-05
50,1.5337801783417233,8.574229561896811e-05
51,1.415236768178584,8.580618520730052e-05
52,1.2933680553260385,8.586656486114585e-05
53,1.1743763399065221,8.592031950425757e-05
54,1.0591677820476844,8.596745893487101e-05
55,0.9455919934767865,8.600919606083706e-05
56,0.8307668669321973,8.604660555676055e-05
57,0.7136820203084028,8.607978753067515e-05
58,0.6000388526965724,8.610719429894077e-05
59,0.5522369932389495,8.61173083746058e-05
60,0.6149802458610756,8.610386112132966e-05
61,0.7082218549109573,8.608121251076387e-05
62,0.819292669773374,8.605007899804312e-05
63,0.9420059375356616,8.601043723069398e-05
64,1.072896719486698,8.59620951793797e-05
65,1.208576759199338,8.590539624083779e-05
66,1.3445530645653034,8.58418609545458e-05
67,1.4748062784988214,8.577471480955868e-05
68,1.5916873275362966,8.570924131276316e-05
69,1.638480566256161,8.568164794404459e-05
70,1.557431041038737,8.57289414638653e-05
71,1.4428602133763047,8.579175141549792e-05
72,1.3184008136023664,8.58546017769403e-05
73,1.198612633689867,8.590978795828442e-05
74,1.090668134388692,8.595505009792913e-05
75,0.9958417177112807,8.599131048333832e-05
76,0.9119421396743834,8.602065793438753e-05
77,0.8362140873031914,8.604493973680719e-05
78,0.768410079595,8.60649018525695e-05
79,0.6066092930037884,8.61057386217963e-05
80,0.6455694577979546,8.60967819730345e-05
81,0.7248276742365114,8.60768448855821e-05
82,0.8326918265519907,8.604601812234459e-05
83,0.9586788686809988,8.600462673901316e-05
84,1.0945207419144225,8.595350764537811e-05
85,1.2332477724548074,8.589436715272641e-05
86,1.3683436282192503,8.58300553501362e-05
87,1.4932532768497309,8.576470913808362e-05
88,1.558420455753738,8.572837840529769e-05
89,1.4712622937345086,8.577662298721679e-05
90,1.3525860143403685,8.583789769570618e-05
91,1.2293553201707639,8.589612195324566e-05
92,1.1163085627898586,8.594468282968608e-05
93,1.021458464811845,8.598183812032464e-05
94,0.9475344187600347,8.600852180797092e-05
95,0.8935735127188613,8.602674021880291e-05
96,0.8570834031978168,8.603845728526938e-05
97,0.6285320914357563,8.61007671709071e-05
98,0.6659193780611523,8.609188256280843e-05
99,0.7500313399343937,8.607002300368248e-05
100,0.8644717735435005,8.603612414576583e-05
101,0.9943633712125094,8.599184983029438e-05
102,1.1291378775496652,8.593940567233255e-05
103,1.2614297609436183,8.588149794762947e-05
104,1.3856797750420304,8.582132346329923e-05
105,1.4716811623292312,8.577639769357333e-05
106,1.3957478000814503,8.581620242665886e-05
107,1.2724901683011078,8.587636844709182e-05
108,1.1591537073843352,8.592682506935183e-05
109,1.058345155506001,8.59677781457778e-05
110,0.9782882126644101,8.599766308111117e-05
111,0.9237577824368479,8.601668036886937e-05
112,0.8961295705485816,8.602590122970807e-05
113,0.6599441856763119,8.609333687215925e-05
114,0.7098128711728169,8.608079841832084e-05
115,0.8010907436151056,8.605549027895429e-05
116,0.9146909877754038,8.601973712522648e-05
117,1.036376827619463,8.597621147104599e-05
118,1.157579433904179,8.592749304373803e-05
119,1.273367670034775,8.587595958542121e-05
120,1.3807928252707236,8.582379594532085e-05
121,1.3155112703034835,8.585599428628147e-05
122,1.207055921354705,8.590606888823824e-05
123,1.1122351327143913,8.594634584536354e-05
124,1.0296731287882555,8.597874989422123e-05
125,0.9667706225469727,8.600177020525334e-05
126,0.9300495309795541,8.601454154155711e-05
127,0.720610888210843,8.607796353813496e-05
128,0.7761011359044138,8.606272209207654e-05
129,0.8601122696197977,8.603750322637099e-05
130,0.957535778568442,8.600502834396704e-05
131,1.0589188177209101,8.59675555686787e-05
132,1.1595130717655542,8.592667246233617e-05
133,1.2573666964704395,8.588337112586466e-05
134,1.2400256180725926,8.589129841903184e-05
135,1.1561144365262594,8.592811384168229e-05
136,1.086564688964197,8.595668703217986e-05
137,1.0277455946781024,8.597947674183034e-05
138,0.9854230878603994,8.599509453561734e-05
139,0.7892533988029109,8.605894439718001e-05
140,0.8322533059823599,8.604615206356883e-05
141,0.8943016317820969,8.602650146732927e-05
142,0.9673113713604952,8.600157845948491e-05
143,1.047018391528711,8.597214829326896e-05
144,1.1318544786310463,8.593828055080053e-05
145,1.1696641810965365,8.592234230593929e-05
146,1.1271475771862953,8.594022828055086e-05
147,1.0766067857763815,8.596063390810507e-05
148,1.0455553995030744,8.597270934231776e-05
149,0.8295234630505588,8.60469842825897e-05
150,0.8484831830295124,8.604114798085946e-05
151,0.8859524775815902,8.602922754662911e-05
152,0.9400225811024588,8.601112167398319e-05
153,1.0096805161469473,8.59862230002663e-05
154,1.0940562128806115,8.595369391354381e-05
155,1.0922947563169552,8.595439951338345e-05
156,1.0776288974420458,8.596023045140854e-05
157,0.8227919428212144,8.604902480844134e-05
158,0.8207865712805084,8.604962949359573e-05
159,0.8456151054352692,8.604203928652363e-05
160,0.8982475526467371,8.602520422452034e-05
161,0.9766400798315032,8.59982537659956e-05
162,1.0680980548721837,8.596397777550447e-05
163,0.7806419394308352,8.606142499987998e-05
164,0.7747693542378061,8.606310108825604e-05
165,0.808088073926176,8.605342436725669e-05
166,0.8780935040536926,8.603177030850506e-05
167,0.7405493146419162,8.607261678745966e-05
168,0.7520537867314792,8.606946551084585e-05
169,0.49070249837720986,8.612909444325156e-05
170,0.6209278460308969,8.610251154321299e-05
171,0.7580359152478944,8.606780775938985e-05
172,0.8910896077825916,8.602755323814484e-05
173,1.0198936511831962,8.598242360756991e-05
174,1.1464640464715983,8.593218371657153e-05
175,1.272372796305226,8.58764231140066e-05
176,1.3972948085691508,8.581541229738714e-05
177,1.5174635317703014,8.575139091353583e-05
178,1.6242637469785364,8.569011483290493e-05
179,1.7024248764042171,8.56426662987166e-05
180,0.5964456933520275,8.610798366837166e-05
181,0.6889931532105721,8.608614385368693e-05
182,0.7976003779919653,8.60565140902421e-05
183,0.913143077993261,8.602025598350976e-05
184,1.033482974086411,8.59773092674944e-05
185,1.1581087265857428,8.592726856204579e-05
186,1.2857634090098775,8.587015407558464e-05
187,1.4129876190115438,8.580734827532666e-05
188,1.5324846419852354,8.574302129503439e-05
189,1.6282991874057073,8.568771890644774e-05
190,1.635310707494039,8.568354207189051e-05
191,1.5464212225123037,8.573518312716036e-05
192,1.430053948071976,8.579847726849994e-05
193,1.3068629933001126,8.586014391002528e-05
194,1.187220935450725,8.591476466411541e-05
195,1.0750910860899314,8.59612314974607e-05
196,0.970271055993503,8.600052708559001e-05
197,0.8708393804250424,8.60340973429397e-05
198,0.7757808639560916,8.606281329378927e-05
199,0.6884747499102145,8.608627492769173e-05
200,0.6475175828971798,8.609631951266285e-05
201,0.7179266485815059,8.607867223748014e-05
202,0.8146181861215167,8.605148024539158e-05
203,0.9274672668560593,8.601542110945371e-05
204,1.050505432882555,8.597080788737967e-05
205,1.179189025912368,8.591824521346181e-05
206,1.3088618230951925,8.585918724034268e-05
207,1.433213015014872,8.57968236386575e-05
208,1.5385433171856153,8.573962240704416e-05
209,1.5561448359365628,8.572967289268956e-05
210,1.4575692164506522,8.578395304868992e-05
211,1.3369860655551562,8.584557293051204e-05
212,1.2159937444897047,8.590210375535114e-05
213,1.1056041258344267,8.594904009404362e-05
214,1.0103762613440537,8.598596538315337e-05
215,0.9306941358737266,8.601432159722474e-05
216,0.8651160995982123,8.60359197312449e-05
217,0.812846738287998,8.6052009175939e-05
218,0.6690165245001987,8.609112359820399e-05
219,0.7378113352319595,8.607335963185796e-05
220,0.8386920201093764,8.604417836793307e-05
221,0.9573695837247523,8.600508669394445e-05
222,1.0839434398373917,8.595772948291177e-05
223,1.2113882097831388,8.590415055830136e-05
224,1.3337417824402356,8.584715804924368e-05
225,1.4408727989695178,8.57927990950452e-05
226,1.4686403370048262,8.577803179794955e-05
227,1.369380089294584,8.582953636437461e-05
228,1.2528905665100731,8.588542779844186e-05
229,1.1407132754480678,8.593459288579774e-05
230,1.043332364638252,8.59735603701222e-05
231,0.9661328678407058,8.600199621149812e-05
232,0.9110874055327907,8.602094369079279e-05
233,0.8778947483368156,8.603183432311373e-05
234,0.6995423254471861,8.608345520441829e-05
235,0.7789055879679022,8.606192188389102e-05
236,0.8856999629855005,8.602930959831815e-05
237,1.0037376204380888,8.598841631233253e-05
238,1.1230332436538337,8.594192419885561e-05
239,1.237405654440263,8.589248661090651e-05
240,1.340106726182115,8.584404461178843e-05
241,1.3801601756184114,8.582411539294125e-05
242,1.2887733762598312,8.586873595106646e-05
243,1.1854724169107027,8.591552436495419e-05
244,1.0891570968279898,8.595565358991006e-05
245,1.0086378472330582,8.59866087440734e-05
246,0.9498323926847416,8.600772235891181e-05
247,0.9168231849564565,8.601902098140402e-05
248,0.7579339134814866,8.606783613559087e-05
249,0.8408828650911838,8.60435033399172e-05
250,0.9403622083608753,8.601100457274472e-05
251,1.0437451815254186,8.597340247071108e-05
252,1.144347078349585,8.593307197714396e-05
253,1.2377912836842757,8.58923118788877e-05
254,1.2924684302595073,8.58669905574834e-05
255,1.2339585772109392,8.589404611243677e-05
256,1.1365578208938045,8.59363262396356e-05
257,1.0623624670710694,8.596621693521916e-05
258,1.0026488709160615,8.598881673511082e-05
259,0.9631702654201263,8.600304414638678e-05
260,0.8244776570699883,8.604851537286362e-05
261,0.8942567718923723,8.60265161825616e-05
262,0.972883373344902,8.599959645181142e-05
263,1.0537839039116461,8.596954361328976e-05
264,1.1339517128133554,8.59374101122658e-05
265,1.2023977423309928,8.590812391124252e-05
266,1.1715792466901376,8.592152119442652e-05
267,1.1035733404324077,8.594986202139098e-05
268,1.0558654769292453,8.596873886494121e-05
269,1.0205882698816153,8.598216382075612e-05
270,0.8643483307414691,8.603616329107542e-05
271,0.9109172432746796,8.602100054792806e-05
272,0.9665582395064032,8.600184548561707e-05
273,1.0299990007624051,8.59786268783534e-05
274,1.1001182457728258,8.595125696379776e-05
275,1.1173701095490125,8.59442484511158e-05
276,1.082860478462335,8.59581594377753e-05
277,1.0638993607846712,8.596561811122015e-05
278,0.8592937518221253,8.603776138089695e-05
279,0.8867509128902334,8.60289679510537e-05
280,0.9309380610366926,8.601423832844603e-05
281,0.9930755352496334,8.599231902332704e-05
282,1.0697819383616474,8.596331811539251e-05
283,1.077622251927397,8.596023307581228e-05
284,0.8203158558940593,8.604977121659886e-05
285,0.8455907423148905,8.604204684491323e-05
286,0.8977009152594749,8.602538427390402e-05
287,0.9753437066383249,8.599871768510027e-05
288,0.7830517728608151,8.606073356085574e-05
289,0.8253327731834444,8.604825655309858e-05
290,0.7348457332181675,8.607416113725347e-05
291,0.8043764249997386,8.605452243515255e-05
292,0.8893875505493313,8.602810904560264e-05
293,0.9858698136631213,8.59949330970976e-05
294,1.0923113720930142,8.595439286275703e-05
295,1.2074533525743678,8.59058931905588e-05
296,1.3282171798218254,8.584984852321176e-05
297,1.447120633957791,8.578950069065589e-05
298,1.5448347268874476,8.573607893460891e-05
299,0.7560689215343909,8.60683542925128e-05
300,0.8245311796041106,8.604849918093103e-05
301,0.9134661564798496,8.602014776008443e-05
302,1.0152230066668764,8.598416585596282e-05
303,1.1247124510119142,8.594123277786145e-05
304,1.2380594042183104,8.589219035926817e-05
305,1.350229925783966,8.583906255543525e-05
306,1.447009439561025,8.578955951664778e-05
307,1.4534446298384465,8.578614770135803e-05
308,1.3561488110598001,8.58361324133075e-05
309,1.2435497842267722,8.588969622554834e-05
310,1.1349757187411527,8.593698452603407e-05
311,1.0372107934733765,8.597589453566943e-05
312,0.9532584393390401,8.600652688213013e-05
313,0.8849006338626969,8.602956917745774e-05
314,0.8342428027724221,8.604554382986851e-05
315,0.7851717900732279,8.606012352046068e-05
316,0.8634281664112219,8.603645491161852e-05
317,0.9585766791117581,8.600466266096294e-05
318,1.0604164829241387,8.596697391939357e-05
319,1.162994433675254,8.592519164163561e-05
320,1.2625154005780574,8.588099642478987e-05
321,1.350519049200066,8.583891971994221e-05
322,1.3703342780868752,8.582905823062535e-05
323,1.2718401513430957,8.5876671134675e-05
324,1.1723242606872022,8.592120139872806e-05
325,1.0811853349665712,8.595882365796008e-05
326,1.0039538652141973,8.598833672987427e-05
327,0.943787390167213,8.600982123888845e-05
328,0.9033365448436508,8.602352279324045e-05
329,0.8394490959821133,8.604394530135528e-05
330,0.9218685427567073,8.601731977827985e-05
331,1.011740016124644,8.598545990660143e-05
332,1.1006183806321956,8.595105531096465e-05
333,1.184751250531156,8.591583737538216e-05
334,1.2599916258961488,8.58821616505802e-05
335,1.2852567661457301,8.587039245345479e-05
336,1.2000495771442776,8.590915684820284e-05
337,1.119608003278477,8.594333137440964e-05
338,1.0500061555500186,8.597100007958869e-05
339,0.9952089257744494,8.599154144317916e-05
340,0.95858078499098,8.600466121772677e-05
341,0.9021782492269859,8.602390633206295e-05
342,0.9737446686490236,8.599928907092151e-05
343,1.0455166699434477,8.597272418428254e-05
344,1.1133157131314995,8.59459052770654e-05
345,1.1754919065589955,8.591983943961736e-05
346,1.2072474888385774,8.590598420663207e-05
347,1.1424651048883714,8.593386026685716e-05
348,1.0851405993404555,8.5957253692225e-05
349,1.039691943915046,8.597495011498276e-05
350,1.008578952582987,8.598663052079615e-05
351,0.9416103778189746,8.60105738503984e-05
352,0.9928626136287366,8.599239653807817e-05
353,1.0438469451960315,8.597336353731494e-05
354,1.094365921078741,8.595356973460602e-05
355,1.1354248328229504,8.59367977497236e-05
356,1.109773264530697,8.594734799712772e-05
357,1.066083500887036,8.596476561821654e-05
358,1.0460670832817347,8.597251320323197e-05
359,0.9402841490683315,8.601103149080087e-05
360,0.9747678277133687,8.599892357198159e-05
361,1.0150885522526423,8.598421589248673e-05
362,1.0629340215970668,8.596599433942531e-05
363,1.074427340426528,8.596149292652888e-05
364,1.0603352574031568,8.596700548596822e-05
365,0.9078716047864859,8.602201641325313e-05
366,0.9406126122441097,8.601091820816887e-05
367,0.9875881866653726,8.599431142993687e-05
368,1.0511575258576449,8.597055673338222e-05
369,0.8762292803475072,8.603237016451252e-05
370,0.9235998424825916,8.601673387325723e-05
371,0.8620293187614547,8.603689764479006e-05
372,0.9214662261169113,8.601745577321916e-05
373,0.9957548762489771,8.599134218785423e-05
374,1.079863162120498,8.595934719805836e-05
375,1.1708068295541263,8.592185253972223e-05
376,1.265503200727537,8.587961396914862e-05
377,1.3523330388315633,8.583802286423435e-05
378,0.9128324164570224,8.602036001160806e-05
379,0.976948263166123,8.599814338953211e-05
380,1.0470820538242576,8.59721238614321e-05
381,1.118908137082429,8.594361837170607e-05
382,1.1913243235794404,8.591297744811445e-05
383,1.2599718964127833,8.588217075056473e-05
384,1.2633991779502853,8.588058783840839e-05
385,1.190237630975898,8.591345134912932e-05
386,1.1169870404714144,8.594440524799478e-05
387,1.0517028209321169,8.597034659368041e-05
388,0.9955039150051318,8.59914337945804e-05
389,0.9505820457300876,8.600746114288624e-05
390,0.9725507298053884,8.599971509388206e-05
391,1.0277023535533039,8.597949303195173e-05
392,1.0812538998709849,8.595879649098256e-05
393,1.132274305815991,8.593810643338328e-05
394,1.1809682024690784,8.591747624733642e-05
395,1.1966223793222757,8.591066084447878e-05
396,1.1288323570363985,8.593953204025764e-05
397,1.078700872510536,8.595980690332143e-05
398,1.0396758035348024,8.59749562658799e-05
399,1.011395174313672,8.598558778649906e-05
400,1.012037867120358,8.598534941770417e-05
401,1.0487928744469945,8.597146674233457e-05
402,1.0823752465535266,8.595835194485655e-05
403,1.1148188099746257,8.594529173576188e-05
404,1.130682633199146,8.593876621778019e-05
405,1.0825091576127848,8.595829882660724e-05
406,1.0551175451446089,8.596902820151202e-05
407,1.041216140088133,8.59743688349902e-05
408,1.0144260449738511,8.598446234492106e-05
409,1.0353315111630956,8.597660836878255e-05
410,1.0577559365320246,8.596800663395151e-05
411,1.0783013601808373,8.595996480357856e-05
412,1.0517273062834918,8.597033715524791e-05
413,1.0456737644666463,8.59726639790377e-05
414,0.9879904644713625,8.599416573962609e-05
415,1.0064651804513862,8.598741126588695e-05
416,1.0343656488331934,8.597697474440214e-05
417,1.04577337254271,8.597262580036347e-05
418,0.961209737217031,8.600373586530964e-05
419,0.9920328155653176,8.599269847072439e-05
420,1.0076167882181875,8.598698610888483e-05
421,1.044309996476196,8.597318633253035e-05
422,1.0843783227616433,8.595755670646289e-05
423,1.1290510316310234,8.593944159657978e-05
424,1.1780465487054972,8.591873838906465e-05
425,1.0468839078299674,8.597219989955485e-05
426,1.06584876262485,8.59648573224115e-05
427,1.0859712697321176,8.595692324962607e-05
428,1.1111901084664995,8.594677151253289e-05
429,1.1095679368287548,8.594743148010278e-05
430,1.0787689841416719,8.59597799775898e-05
431,1.0593526686845105,8.596738715776719e-05
432,1.048765437089735,8.597147728932638e-05
433,1.0516656162359999,8.597036093465364e-05
434,1.054681826975216,8.596919666462292e-05
435,1.0625807913656644,8.596613192138934e-05
436,1.0671261962206455,8.59643580302237e-05
437,1.0425445946206555,8.597386151397055e-05
438,1.0443088680676493,8.59731867644553e-05
439,1.0290805229970899,8.597897350223028e-05
440,1.0285338275182738,8.59791796733578e-05
441,1.0346262064834872,8.597687594189738e-05
442,1.0236814115048287,8.598100485240728e-05
443,1.0053468634423413,8.59878236695191e-05
444,1.0159020482343954,8.598391305339157e-05
445,1.0538590167687285,8.596951460168005e-05
446,1.0482604023271325,8.597167137700468e-05
447,1.0551346500038077,8.596902158679423e-05
448,1.0328495057410718,8.597754916930117e-05
449,1.0228759030322048,8.598130700408572e-05
450,1.0170187206954133,8.598349695820275e-05
451,1.0231291075649729,8.598121205084668e-05
452,1.0105169391940274,8.598591327219491e-05
453,1.0091848347611951,8.598640643104794e-05
454,1.0011862501989075,8.598935398056343e-05
455,0.0,0.0
456,0.24820928728903793,8.616201131997696e-05
457,0.4728351786163682,8.613225646280009e-05
458,0.6702183539276025,8.609082814019776e-05
459,0.847804704552182,8.604135910152331e-05
460,1.0117547511667402,8.598545444134524e-05
461,1.1647920928955056,8.592442526919293e-05
462,1.3074872104460749,8.585984530604168e-05
463,1.4389981633469555,8.579378601301348e-05
464,1.5569544259377026,8.572921257112838e-05
465,1.6568498191680745,8.56706003045875e-05
466,1.7315538740466814,8.56244213288767e-05
467,1.7722582934607893,8.559841567723753e-05
468,0.24355090932164697,8.61624322553066e-05
469,0.4191035998876254,8.614105959620251e-05
470,0.6191082361608943,8.610292580975772e-05
471,0.8057574135550316,8.605411446697538e-05
472,0.9795398614087204,8.5997213832562e-05
473,1.1420854040068338,8.593401915339731e-05
474,1.2931851184964203,8.58666514493709e-05
475,1.4314161918355368,8.579776463778948e-05
476,1.5539116355272153,8.57309414334926e-05
477,1.6554106239895292,8.567147025051584e-05
478,1.7279062623848365,8.562672270935868e-05
479,1.7622415906384035,8.560487041533088e-05
480,1.7754716444942102,8.559633737541813e-05
481,1.7717701541094808,8.559873106743999e-05
482,1.7275459515091707,8.562694978024501e-05
483,1.6492014294341144,8.567521495775457e-05
484,1.5441567004101555,8.57364615021035e-05
485,1.418552111429116,8.580446745618997e-05
486,1.2769932901440477,8.587426730690659e-05
487,1.1229499701270445,8.594195846038327e-05
488,0.958972695284822,8.600452343106817e-05
489,0.7864066882372426,8.605976741754921e-05
490,0.6048951778737296,8.610611990853246e-05
491,0.4155282213333227,8.614160776952225e-05
492,0.4341575862616893,8.613870006547166e-05
493,0.5529476315190107,8.611716415026936e-05
494,0.7124701136674673,8.608010475349977e-05
495,0.8806632804028877,8.603094134336391e-05
496,1.046780428628223,8.597223960380037e-05
497,1.2060560846965658,8.59065106453774e-05
498,1.3552488313960556,8.58365787664149e-05
499,1.490501728844256,8.576620938359917e-05
500,1.6047993154806695,8.570158889652387e-05
501,1.6865334415477746,8.565249134804916e-05
502,1.7225380536895658,8.563010097031987e-05
503,1.7459775676939853,8.561527421219905e-05
504,1.7783947032776293,8.559444360885545e-05
505,1.7680566061462624,8.560112761735365e-05
506,1.7168616987427767,8.563366188930256e-05
507,1.6308821607236288,8.568618226223919e-05
508,1.5174065458654622,8.575142251041926e-05
509,1.383407949160389,8.582247393684701e-05
510,1.235194839491971,8.589348730810469e-05
511,1.0784168269328955,8.595991917333938e-05
512,0.918026122898039,8.60186162165161e-05
513,0.7583544151650802,8.606771913036382e-05
514,0.552237089686845,8.611730835504406e-05
515,0.6302823142069093,8.610036267954245e-05
516,0.7603217128645251,8.606717086732573e-05
517,0.9151455890421748,8.60195845769678e-05
518,1.07778343148052,8.596016941928544e-05
519,1.2379752908308863,8.589222848458601e-05
520,1.3880664635235662,8.582011280892467e-05
521,1.5188209108038713,8.575063794313537e-05
522,1.6153661994342803,8.569537677227065e-05
523,1.6586626846882087,8.566950342649129e-05
524,1.686141474753928,8.565273253831711e-05
525,1.748729230927639,8.561352069705769e-05
526,1.7718755672029387,8.559866296655018e-05
527,1.7525245479259697,8.56110976467514e-05
528,1.693114262895309,8.564843369904267e-05
529,1.6001522617057895,8.570430809759948e-05
530,1.481984172161844,8.577083612823929e-05
531,1.347202467564922,8.584055638945899e-05
532,1.2038175054867615,8.590749839780262e-05
533,1.0588266480694215,8.59675913379723e-05
534,0.6066093760826687,8.610573860329005e-05
535,0.6621207827893039,8.60928086219021e-05
536,0.7820062921565465,8.606103379526527e-05
537,0.9372512983615051,8.601207562030599e-05
538,1.1045005311350826,8.594948694233471e-05
539,1.267814388650549,8.587854235892636e-05
540,1.4138292940125912,8.580691324722274e-05
541,1.5253073481771935,8.574703057685975e-05
542,1.5782749234959916,8.571700494096472e-05
543,1.60107961777045,8.570376608120696e-05
544,1.6844777294577238,8.56537556814598e-05
545,1.7361073081093865,8.56215417336556e-05
546,1.7501076989460982,8.561264123748903e-05
547,1.7242959439092571,8.562899585445325e-05
548,1.6615308843542933,8.56677656005766e-05
549,1.568970631621423,8.572235252745241e-05
550,1.455892066329366,8.578484618621075e-05
551,1.3315582111576374,8.584822276806591e-05
552,0.6285322384949237,8.610076713696764e-05
553,0.6835197846373576,8.608752278375574e-05
554,0.8100154625687108,8.605285217406376e-05
555,0.9726371291352601,8.599968428220837e-05
556,1.1427839958492523,8.593372678580894e-05
557,1.300012811283227,8.586341151399688e-05
558,1.4241804346873193,8.580154219140557e-05
559,1.487627119849458,8.576777380466755e-05
560,1.4971970094930585,8.576255409959778e-05
561,1.5914532327375455,8.570937737211777e-05
562,1.6634841897877615,8.56665804095042e-05
563,1.7077373363060218,8.563936156734763e-05
564,1.7190762968040658,8.563227399389892e-05
565,1.695113112107292,8.564719815160666e-05
566,1.6383005047197448,8.568175563552218e-05
567,1.5556020066496241,8.572998140541205e-05
568,0.6599444135861905,8.609333681693722e-05
569,0.7276182634269917,8.607610100321746e-05
570,0.8612937811680115,8.603713015445545e-05
571,1.0228082519954742,8.598133236967837e-05
572,1.182285382306277,8.591690621621861e-05
573,1.3150119302638994,8.585623461801494e-05
574,1.3897433556546896,8.581926096685204e-05
575,1.381941295138667,8.582321567102278e-05
576,1.4777908973001437,8.577310428818947e-05
577,1.56213996422873,8.57262585391004e-05
578,1.6303423899172316,8.568650357744392e-05
579,1.6769938645546356,8.565834567764101e-05
580,1.6957734236844884,8.564678967798851e-05
581,1.682529846433167,8.565495229409562e-05
582,0.7206111765996,8.607796346185242e-05
583,0.7935672798480915,8.605769154932992e-05
584,0.9197079125450712,8.601804944163236e-05
585,1.0645837647596879,8.596535116810075e-05
586,1.1980285697444972,8.591004426645862e-05
587,1.284930292884205,8.587054601131788e-05
588,1.2908443489216008,8.586775831786356e-05
589,1.3519463241508387,8.583821416009289e-05
590,1.442912558641313,8.579172380201094e-05
591,1.5286494300947848,8.574516598228803e-05
592,1.6047654600411752,8.570160873501091e-05
593,1.6635430166378269,8.566654469432533e-05
594,0.7892537823663238,8.605894428608698e-05
595,0.849617590284994,8.604079461397119e-05
596,0.954447720035801,8.600611089554485e-05
597,1.0742929681362448,8.596154583211934e-05
598,1.1723436580142015,8.592119306976975e-05
599,1.1997690367951037,8.590928012137088e-05
600,1.2216506193489238,8.589957916506503e-05
601,1.3164453592588565,8.585554446762695e-05
602,1.4151020963586975,8.580625489960705e-05
603,1.5137699953130075,8.575343643764136e-05
604,0.8295240312337058,8.604698410965722e-05
605,0.8666197418653289,8.603544210572434e-05
606,0.9499409831474837,8.60076845333539e-05
607,1.0508347368738977,8.59706810751212e-05
608,1.111041848315882,8.594683187077103e-05
609,1.1066228459082539,8.594862721808358e-05
610,1.1917832645240447,8.591277717739689e-05
611,1.3003231543504243,8.586326384547036e-05
612,0.8227927728142426,8.604902455786685e-05
613,0.8415738176554889,8.60432900844318e-05
614,0.9213450616178904,8.601749671882758e-05
615,1.023702582295359,8.598099690791002e-05
616,1.0562869860636288,8.596857571478906e-05
617,1.0763758430412782,8.596072501509478e-05
618,0.7806430603590994,8.606142467875253e-05
619,0.8014492378962509,8.605538487130846e-05
620,0.9078412872022213,8.602202650857997e-05
621,1.0253345141099885,8.598038402149447e-05
622,0.7405506497927337,8.607261642454895e-05
623,0.7835981826565086,8.606057648730906e-05
624,0.5606754284287274,8.611558383471463e-05
625,0.7281610148871632,8.607595599179207e-05
626,0.8973863444003694,8.602548783660002e-05
627,1.0633648067589987,8.596582648854886e-05
628,1.222737811858143,8.589909263293265e-05
629,1.371932335840882,8.582825672225224e-05
630,1.5066330423492362,8.575737500910345e-05
631,1.6209395731751417,8.569208405971812e-05
632,1.7068839013462296,8.563989314900895e-05
633,1.7556700257423596,8.560908555589691e-05
634,1.7630524405100727,8.56043492449563e-05
635,0.6547427955529526,8.609459219681736e-05
636,0.7935961814308274,8.605768313270601e-05
637,0.9486382556932023,8.600813803139521e-05
638,1.109179594788737,8.594758933182386e-05
639,1.267268728156328,8.587879553588683e-05
640,1.4160103724513158,8.580578474200373e-05
641,1.547241465867869,8.573471962434638e-05
642,1.6493925601968231,8.56750998955705e-05
643,1.708829027807172,8.563868120052574e-05
644,1.7207351862829563,8.56312332084551e-05
645,1.7365378620191858,8.562126906570685e-05
646,1.7618754021706895,8.56051057041043e-05
647,1.7465950220281057,8.561488097198991e-05
648,1.687549389619958,8.565186594407705e-05
649,1.5914129829299022,8.570940076391031e-05
650,1.4677504283475706,8.577850939231626e-05
651,1.3259749947976305,8.585093730707436e-05
652,1.1742545026595568,8.592037190737639e-05
653,1.0196609039493483,8.59825106154903e-05
654,0.8686544349986655,8.603479447869149e-05
655,0.7009017112654335,8.608310577610968e-05
656,0.8215914862643495,8.604938696204325e-05
657,0.9712630915129516,8.600017396782672e-05
658,1.1333959661929254,8.593764092588672e-05
659,1.2946269422780057,8.586596867157986e-05
660,1.442880390244215,8.57917407717934e-05
661,1.5633557216235134,8.572556455811161e-05
662,1.636781822787971,8.568266346669949e-05
663,1.6530907847221206,8.567287094755538e-05
664,1.6748199544545481,8.565967520234559e-05
665,1.7283502601126788,8.562644283419151e-05
666,1.7482685171561239,8.56138144793393e-05
667,1.7241940290414484,8.562905995460273e-05
668,1.6575942314002994,8.567015003950991e-05
669,1.5564428169618656,8.57295034923417e-05
670,1.4316746446617081,8.579762935756195e-05
671,1.2943724576620304,8.586608923796676e-05
672,1.1543350884005208,8.592886679682287e-05
673,0.7199946066894981,8.607812648353687e-05
674,0.8397297453524231,8.604385884992717e-05
675,0.9949417975714848,8.599163889723856e-05
676,1.1624267636439525,8.592543340473483e-05
677,1.323328475685581,8.585222008596285e-05
678,1.459299902475076,8.578303033522186e-05
679,1.5466000018964987,8.573508212326268e-05
680,1.5670958260213814,8.572342628166114e-05
681,1.5851600237890815,8.571302767440362e-05
682,1.6568345211949445,8.56706095556263e-05
683,1.7070296395276188,8.563980239115268e-05
684,1.7208460058698314,8.563116364513792e-05
685,1.6934925089415116,8.564820000423644e-05
686,1.6274445651500395,8.56882268032844e-05
687,1.5312662508944535,8.574370320647533e-05
688,1.4164594698218447,8.580555216212937e-05
689,0.7469828809022984,8.607086049083159e-05
690,0.8748139272160568,8.603282473825781e-05
691,1.0346630295260506,8.59768619767388e-05
692,1.1990534144188447,8.590959444581029e-05
693,1.344613658831012,8.584183114638103e-05
694,1.44392065130297,8.579119181360935e-05
695,1.4696515581751999,8.57774887503422e-05
696,1.477220842172865,8.577341214270707e-05
697,1.556354194396594,8.572955387706214e-05
698,1.6279853195339853,8.568790546678668e-05
699,1.6759582560723323,8.565897924935261e-05
700,1.6917423250041645,8.564928090285778e-05
701,1.6706691632992723,8.566220903073991e-05
702,1.6145435577728777,8.569586183586243e-05
703,0.7995303495600715,8.60559485321879e-05
704,0.9273350695772282,8.60154660728294e-05
705,1.0783695213091602,8.595993786819909e-05
706,1.223625439506754,8.589869509008802e-05
707,1.3319914410986498,8.584801166073708e-05
708,1.3663090415605708,8.58310729940961e-05
709,1.3610190124789805,8.583371190077159e-05
710,1.4333603297851276,8.579674643787096e-05
711,1.522879707378096,8.574838246343051e-05
712,1.5971906428627582,8.570603701424307e-05
713,1.6524334907226452,8.56732674633354e-05
714,1.6790855074646394,8.565706486156199e-05
715,0.8596202187174525,8.60376584449808e-05
716,0.9715538537475006,8.600007040215968e-05
717,1.100336004430753,8.595116917537404e-05
718,1.2123219711976392,8.590373619678087e-05
719,1.2609798084335802,8.588170568256853e-05
720,1.2475378310175247,8.588787769707267e-05
721,1.3089154307772093,8.585916156295234e-05
722,1.404813103620233,8.581156001583952e-05
723,1.497572286026333,8.576234873830612e-05
724,1.5837373231105283,8.571385091663777e-05
725,0.8943921365137256,8.602647177714194e-05
726,0.9825009050657874,8.59961487631492e-05
727,1.0864580505368322,8.595672949030332e-05
728,1.1559326004122277,8.592819084092428e-05
729,1.1534050855891564,8.592925988170289e-05
730,1.1871746511242598,8.591478478817214e-05
731,1.2850745689091323,8.58704781553448e-05
732,1.3901508612230953,8.581905380487218e-05
733,0.8871161489747681,8.602884912406866e-05
734,0.9597754917572157,8.600424101124477e-05
735,1.0500496592804731,8.597098333684154e-05
736,1.0809245198035795,8.595892698322372e-05
737,1.0782088303617128,8.596000136607786e-05
738,1.1690518241769332,8.592260458119527e-05
739,0.8514851255280803,8.60402118537412e-05
740,0.934790277518728,8.601292041600557e-05
741,1.027603425387157,8.597953029835023e-05
742,1.0457007693999254,8.597265362870269e-05
743,0.8243047703975613,8.604856766833848e-05
744,0.9392970169535245,8.601137170264109e-05
745,0.91631677652754,8.601919121979192e-05
746,1.0595459080910599,8.596731212461952e-05
747,1.2127018551073614,8.590356753062455e-05
748,1.36519504719978,8.583162954785295e-05
749,1.5054896137141154,8.575800430745153e-05
750,1.619877401732836,8.569271244662812e-05
751,1.6930595247357312,8.56484675141009e-05
752,1.7143850584338847,8.563521192011254e-05
753,1.691660816983159,8.56493312146753e-05
754,0.9360280025928419,8.601249581797078e-05
755,1.0800600515865124,8.595926927619166e-05
756,1.2373082891756573,8.589253071942707e-05
757,1.3912913322819085,8.581847370849567e-05
758,1.523947412796928,8.574778814968736e-05
759,1.6135534898859902,8.569644529761924e-05
760,1.641513765034848,8.567983208942767e-05
761,1.6166356160772826,8.569462779330341e-05
762,1.6203607075485233,8.569242657043383e-05
763,1.6730418022190516,8.566076142472938e-05
764,1.6945483189607418,8.564754741244135e-05
765,1.6652168730475658,8.56655279345645e-05
766,1.5856102035723783,8.571276702700316e-05
767,1.4689008483410315,8.577789193308483e-05
768,1.3321580478353323,8.584793045731881e-05
769,1.1912380485495793,8.591301508789797e-05
770,0.9578692575122518,8.600491123117324e-05
771,1.1074709132084355,8.59482832175778e-05
772,1.2659635000595806,8.587940070045056e-05
773,1.4107826431398043,8.580848672328998e-05
774,1.5150299492397132,8.57527392139024e-05
775,1.5503129095793808,8.573298185751119e-05
776,1.5224635541258573,8.574861399412152e-05
777,1.5152828684076682,8.575259918632476e-05
778,1.5900677014227118,8.571018225893934e-05
779,1.6465477467580765,8.567681113642326e-05
780,1.665520680735335,8.566534328291132e-05
781,1.6361259420843905,8.568305527949807e-05
782,1.5609295472780618,8.572694894199672e-05
783,1.4536830959868645,8.578602098338148e-05
784,0.9967166592785329,8.599099090181424e-05
785,1.1438470281606452,8.59332815555682e-05
786,1.28962084975292,8.586833607683257e-05
787,1.4034380157344548,8.581226612304465e-05
788,1.44731497869542,8.578939786428777e-05
789,1.4194402074707244,8.580400663888281e-05
790,1.4015799218809029,8.581321916621476e-05
791,1.4816591375018495,8.577101216804946e-05
792,1.5600059308770986,8.572747540284811e-05
793,1.6190742358618195,8.569318733448813e-05
794,1.6434931098085552,8.567864534907393e-05
795,1.6235080777171866,8.569056283778795e-05
796,1.0397435661391479,8.597493044176132e-05
797,1.1691419421620504,8.592256599181062e-05
798,1.2837060184717968,8.587112150864638e-05
799,1.3378361324780426,8.584515696686251e-05
800,1.3152121035738547,8.585613828571259e-05
801,1.2886658806239428,8.586878665347806e-05
802,1.363195247355322,8.583262752366739e-05
803,1.4523686093696129,8.578671922964586e-05
804,1.5383723236612366,8.573971851528508e-05
805,1.607192679557138,8.570018539514932e-05
806,1.0607631088620226,8.596683918355999e-05
807,1.1613728800361536,8.592588192889703e-05
808,1.2262197750552175,8.589753152084662e-05
809,1.215946903757558,8.590212461122344e-05
810,1.1848453362490043,8.591579654974723e-05
811,1.2321952475527578,8.58948421963619e-05
812,1.3389441149200128,8.584461440404029e-05
813,1.4400780549414698,8.57932176500686e-05
814,1.0464298573984547,8.597237408651994e-05
815,1.116140088369919,8.594475173068848e-05
816,1.1278148702542254,8.593995264326585e-05
817,1.10254810614676,8.595027639785372e-05
818,1.132906681880956,8.593784404322484e-05
819,1.2315557980055019,8.589513060719959e-05
820,1.0127790044213187,8.59850743497542e-05
821,1.056512902844784,8.596848824434619e-05
822,1.051848380700815,8.597029048116418e-05
823,1.0540036683993212,8.596945872560316e-05
824,1.0043270993120872,8.598819933204396e-05
825,1.0269920630267935,8.597976052036923e-05
826,1.2149716267761523,8.590255867292547e-05
827,1.3579044971426846,8.583526081998958e-05
828,1.4883419442228325,8.57673850615365e-05
829,1.5822547973621064,8.571470800009979e-05
830,1.6173776346191633,8.569418972000584e-05
831,1.5917889622914057,8.570918223499271e-05
832,1.5335111320033843,8.574244637125104e-05
833,1.2433639880194463,8.588978080681859e-05
834,1.3781261962949944,8.582514144014654e-05
835,1.4826046039666396,8.5770499994396e-05
836,1.5240488132759604,8.57477316860349e-05
837,1.4955106686512734,8.576347628212467e-05
838,1.432329431493365,8.579728651871231e-05
839,1.4251059786137978,8.580106005164927e-05
840,1.4998745510866154,8.576108776421142e-05
841,1.565038008788898,8.5724603392426e-05
842,1.5908815758749195,8.570970954451397e-05
843,1.5586682257818192,8.572823734842741e-05
844,1.4733464024086609,8.577550139638655e-05
845,1.267196226236087,8.587882916737893e-05
846,1.3733919965944046,8.582752381866183e-05
847,1.4210213760204804,8.580318549204171e-05
848,1.3930809311000674,8.581756248627687e-05
849,1.3293323223263755,8.584930634177272e-05
850,1.2994047080977877,8.586370076247055e-05
851,1.3885657161870864,8.581985930072538e-05
852,1.474452416103985,8.577490554270511e-05
853,1.5455806361310673,8.573565787351804e-05
854,1.579201547925379,8.571647065981257e-05
855,1.2625632260018367,8.588097432148288e-05
856,1.3140461230016076,8.585669920321746e-05
857,1.2913002757898926,8.58675428818253e-05
858,1.232060797594862,8.589490284964032e-05
859,1.196820636725026,8.591057395727996e-05
860,1.2750041404709165,8.587519634446497e-05
861,1.367917705718295,8.583026850890757e-05
862,1.4640239796029753,8.578050618571137e-05
863,1.2093509892693057,8.59050534857304e-05
864,1.1965734733955877,8.59106822755241e-05
865,1.1470104904856044,8.59319541688482e-05
866,1.1116202942509155,8.594659633415886e-05
867,1.1712586413122095,8.592165875148665e-05
868,1.2626062707294354,8.588095442694326e-05
869,1.1157677799171781,8.59449039570689e-05
870,1.0814544920767504,8.595871700194655e-05
871,1.053880412445193,8.596950633743185e-05
872,1.0816260294335698,8.595864901490171e-05
873,1.0410173491980137,8.597444469553971e-05
874,1.033946871752563,8.597713349127947e-05
875,1.4683813118574793,8.577817084057616e-05
876,1.5034182753142866,8.575914308840778e-05
877,1.4721770738530309,8.577613087944725e-05
878,1.4007583195012783,8.58136401794004e-05
879,1.3232598590558107,8.585225331095074e-05
880,1.409052416914011,8.580937882165768e-05
881,1.3754047718639082,8.582651192731677e-05
882,1.3022096720035732,8.586236544422462e-05
883,1.226263150506788,8.589751204600864e-05
884,1.2145082583001863,8.590276478091386e-05
885,1.2924191484088439,8.586701386882882e-05
886,1.3824695687511301,8.582294859581512e-05
887,1.4623150374860316,8.578142023215246e-05
888,1.2812936589345603,8.587225389976325e-05
889,1.2114619634570072,8.590411784124815e-05
890,1.1418793534231402,8.593410535368783e-05
891,1.1093355599484596,8.594752594232662e-05
892,1.1885860460722755,8.591417077461707e-05
893,1.2815202572171818,8.587214762163302e-05
894,1.1357610323613576,8.593665788395516e-05
895,1.077914211007118,8.596011776204226e-05
896,1.048930403575574,8.597141387164345e-05
897,1.1025200000204296,8.595028775232283e-05
898,1.0414370204111143,8.597428452800253e-05
899,1.0253160287408132,8.598039096927533e-05
900,1.2922350511805354,8.586710094287016e-05
901,1.202974768444779,8.590786977581771e-05
902,1.1291114229741797,8.593941661569033e-05
903,1.1288291494276754,8.593953336679321e-05
904,1.0638862976652521,8.596562320466483e-05
905,1.0518622228836805,8.597028514467436e-05
906,1.1147652038841585,8.594531363109793e-05
907,1.0280449282021116,8.597936395596247e-05
908,1.0112782503389548,8.598563113632088e-05
909,1.0131143045751425,8.59849498396261e-05
910,0.0,0.0
911,0.3283138850994642,8.615352587626787e-05
912,0.6440050068834211,8.60971523473061e-05
913,0.9365411039645803,8.60123196360275e-05
914,1.1993200100893695,8.590947737014699e-05
915,1.4309580116515606,8.579800440056805e-05
916,1.6356940369491242,8.56833132082408e-05
917,1.8225710225217604,8.556544999878126e-05
918,2.0030737539475014,8.543972810766911e-05
919,2.1871959568495996,8.5299524323411e-05
920,2.3784763793172745,8.514115358470338e-05
921,2.567560065682924,8.49719502984197e-05
922,2.7140309152611466,8.483229200082172e-05
923,0.4309408746716451,8.613921123411007e-05
924,0.6727832396045514,8.609019581875452e-05
925,0.9320078728711962,8.601387287000387e-05
926,1.1812451928672465,8.591735642759646e-05
927,1.4089680197533234,8.580942230880939e-05
928,1.612881902181076,8.569684087324578e-05
929,1.7973796900587282,8.558206919085283e-05
930,1.9707874373608814,8.546307030547263e-05
931,2.1419175325963917,8.533511880550072e-05
932,2.315576252919856,8.519465664834724e-05
933,2.4859164430742076,8.504654711337171e-05
934,2.6236480804033095,8.491935384951283e-05
935,2.668027034129436,8.487696059062257e-05
936,2.588918355059915,8.495205099612972e-05
937,2.435749854856632,8.509122574527023e-05
938,2.2602424814325297,8.524057034399753e-05
939,2.0835752743183926,8.537991059259801e-05
940,1.9085454739489274,8.55070200130014e-05
941,1.7291679265905606,8.562592723064458e-05
942,1.5362483188217244,8.57409114490549e-05
943,1.3217165144740552,8.585300016565489e-05
944,1.0818737442348858,8.595855081680487e-05
945,0.8197541528998841,8.604994022812783e-05
946,0.5490045316757369,8.61179620670729e-05
947,0.8506301512216785,8.604047880479435e-05
948,1.0643268331364626,8.596545140104238e-05
949,1.279155265533263,8.587325592186819e-05
950,1.4826254287543235,8.577048870965369e-05
951,1.6687371066422565,8.56633863306138e-05
952,1.8361625411265705,8.555638898706369e-05
953,1.9873107619047827,8.545117078568542e-05
954,2.126475457397824,8.534709193531228e-05
955,2.257347795200816,8.524294247732917e-05
956,2.378905800043879,8.514078353041449e-05
957,2.479150984485643,8.505262394674205e-05
958,2.5355196100608426,8.500150324535956e-05
959,2.5242669083588556,8.501179716748114e-05
960,2.450344301067731,8.507831890676058e-05
961,2.328967732859793,8.518338259736197e-05
962,2.1816531981535916,8.530392065221066e-05
963,2.0227178331789326,8.542534414686461e-05
964,1.8556833500799286,8.554325938009247e-05
965,1.6776591592731,8.565793845553581e-05
966,1.48408249162171,8.576969875289208e-05
967,1.2726063638236507,8.587631432320261e-05
968,1.0464100591601537,8.597238167999095e-05
969,1.2484405144054425,8.588746527646881e-05
970,1.4371272002247046,8.57947697300339e-05
971,1.6119626725678096,8.569738205040401e-05
972,1.7686329046036486,8.560075602566848e-05
973,1.9053832371170298,8.550921596701929e-05
974,2.0210588322915823,8.542656422927138e-05
975,2.115893897766911,8.535524755998354e-05
976,2.1923799787123293,8.529540268379634e-05
977,2.256557517697091,8.52435895782998e-05
978,2.316244985385091,8.519409515412298e-05
979,2.371025964008576,8.514756366883692e-05
980,2.4060673004065998,8.511724526263354e-05
981,2.398227730571899,8.512406569632693e-05
982,2.3514332870491153,8.516432729737541e-05
983,2.2635232075280096,8.523787828012599e-05
984,2.1408992481296436,8.533591094581155e-05
985,1.9948452524037188,8.544571239419815e-05
986,1.8326957899589564,8.55587064404271e-05
987,1.6569147575679548,8.567056103389539e-05
988,1.4687607620699814,8.577796714647861e-05
989,1.6112472233521287,8.569780304545228e-05
990,1.7659720392650287,8.560247073085162e-05
991,1.8857605339860055,8.552276266118607e-05
992,1.9772568613890973,8.545842285061557e-05
993,2.044555653216361,8.54091925650107e-05
994,2.087436699505435,8.537698337764204e-05
995,2.109122517022914,8.53604456699343e-05
996,2.121601208350131,8.535085364885806e-05
997,2.146088802218195,8.533187006632926e-05
998,2.1950968045204897,8.529323882678269e-05
999,2.2657802792689616,8.523602398791012e-05
1000,2.302263769535923,8.520580151430978e-05
1001,2.3123985478190394,8.519732262008346e-05
1002,2.2957724489706366,8.521121320480553e-05
1003,2.242015474842554,8.52554576024607e-05
1004,2.137338196066698,8.533867825428734e-05
1005,1.9928607350943612,8.54471520487339e-05
1006,1.828933998949388,8.556121625239551e-05
1007,1.9165428713744945,8.550145042889314e-05
1008,2.005221420989023,8.543816221763274e-05
1009,2.0341785090112556,8.541688882747172e-05
1010,2.0438321619014057,8.540973038902676e-05
1011,2.0336414438388912,8.541728610135443e-05
1012,2.0066043596698333,8.543715303039558e-05
1013,1.9778528871016798,8.545799393129863e-05
1014,1.9750896517121137,8.545998137669624e-05
1015,2.018598124984043,8.542837210704041e-05
1016,2.091686071232462,8.537375594915505e-05
1017,2.191006312398503,8.529649576612756e-05
1018,2.242072732424881,8.525541102009873e-05
1019,2.274973022627016,8.522845312072118e-05
1020,2.2967395126020493,8.521040792476399e-05
1021,2.2743076196831904,8.522900212859176e-05
1022,2.150192200214517,8.532866816612033e-05
1023,2.1206694850738317,8.535157174840856e-05
1024,2.0690396597320078,8.539088201711795e-05
1025,2.0221900531059482,8.542573239955404e-05
1026,1.9614863874725037,8.546972576008452e-05
1027,1.8915978104957545,8.551874723425055e-05
1028,1.830108062682885,8.556043347834016e-05
1029,1.8065235219196716,8.557606312939053e-05
1030,1.846425033293771,8.554950349014305e-05
1031,1.9300692096639107,8.549197834748333e-05
1032,2.074468932995844,8.53867928119448e-05
1033,2.169958478611254,8.531316079602152e-05
1034,2.2405827461293466,8.525662283293487e-05
1035,2.296608887774056,8.521051671616707e-05
1036,2.352464120883126,8.516344867728703e-05
1037,2.0891838451749187,8.537565718470043e-05
1038,2.0027519219624272,8.543996261766111e-05
1039,1.8843451961334294,8.552373442812366e-05
1040,1.7721426944509735,8.559849037428045e-05
1041,1.6823927646891323,8.565503645399654e-05
1042,1.6406282221568362,8.568036257082634e-05
1043,1.677326254878635,8.565814224381747e-05
1044,1.770569890289252,8.559950620264496e-05
1045,1.9448861274291118,8.548152752076777e-05
1046,2.0940582406451593,8.53719514785255e-05
1047,2.2237009425831746,8.52702980435319e-05
1048,2.279797473684565,8.522446790652517e-05
1049,1.956324580456731,8.547340602215088e-05
1050,1.7982387256809678,8.558150621500782e-05
1051,1.6504483781738004,8.56744640481228e-05
1052,1.5369526373773055,8.574051605347914e-05
1053,1.4764870557612608,8.577380824632763e-05
1054,1.5056761985341842,8.575790165071495e-05
1055,1.6077088349530795,8.569988244401885e-05
1056,1.7411165269150195,8.5618365298762e-05
1057,1.9716794626197254,8.546243038652418e-05
1058,2.154306242493433,8.5325451965119e-05
1059,1.6694563087314955,8.566294824129348e-05
1060,1.5200898033496455,8.574993345664162e-05
1061,1.3949594789102857,8.581660472569264e-05
1062,1.3170215784570811,8.585526682644604e-05
1063,1.326951257266444,8.585046346731322e-05
1064,1.4351730850108864,8.579579581484062e-05
1065,1.5805038179683537,8.571571926236535e-05
1066,1.7955445253395175,8.558327099437485e-05
1067,1.3830144611635962,8.582267301287203e-05
1068,1.2609348766058213,8.588172642274426e-05
1069,1.174842684898234,8.592011887588241e-05
1070,1.1498394094384943,8.59307640722609e-05
1071,1.2528408932974047,8.588545058125362e-05
1072,1.4131712269975574,8.580725339757754e-05
1073,1.1471651986395863,8.593188916001393e-05
1074,1.067843235235053,8.596407751091237e-05
1075,1.0291100600855134,8.597896236002917e-05
1076,1.0719062817237233,8.596248443171648e-05
1077,1.0060088782957384,8.598757959228077e-05
1078,0.9916364895175795,8.599284259039656e-05
1079,0.8904865034947601,8.602775030315233e-05
1080,1.1217423958428145,8.594245501331942e-05
1081,1.3441888660118426,8.584204008686704e-05
1082,1.549009774688445,8.573371956320225e-05
1083,1.7346445834640545,8.562246757365184e-05
1084,1.9044526326999807,8.550986152657103e-05
1085,2.064077740183912,8.539461005455912e-05
1086,2.2179713582656686,8.527491641556072e-05
1087,2.3645579851072434,8.515311265780694e-05
1088,2.489716105002485,8.504312716847666e-05
1089,2.5656487596473885,8.49737232781968e-05
1090,1.2624187960740796,8.588104106961883e-05
1091,1.4570681863447277,8.578421997021638e-05
1092,1.638051896740888,8.568190430417573e-05
1093,1.8012114408066315,8.55795559806675e-05
1094,1.9455485812318423,8.548105844119012e-05
1095,2.0721479048410103,8.538854224018966e-05
1096,2.182983631618676,8.530286639003968e-05
1097,2.279530677478812,8.522468850690628e-05
1098,2.360702111244616,8.515641367158594e-05
1099,2.4208112344895474,8.510435951769813e-05
1100,2.450441290090051,8.507823288289957e-05
1101,2.4320039522850325,8.509452643820863e-05
1102,2.374010569600038,8.514499816060786e-05
1103,2.2798926642560287,8.522438919213998e-05
1104,2.1596400832702924,8.532127323729801e-05
1105,2.0221581107088693,8.542575589426696e-05
1106,1.8706013344170918,8.553313366493902e-05
1107,1.7042518923903418,8.564153090800822e-05
1108,1.5219684199147998,8.574888938514009e-05
1109,1.3252803651175202,8.585127424281834e-05
1110,1.6094045401534063,8.569888649478533e-05
1111,1.7624264586541014,8.560475161294882e-05
1112,1.8921261078223044,8.551838322050183e-05
1113,1.9978354857139686,8.544354049874212e-05
1114,2.079098764614332,8.538329744876761e-05
1115,2.1372854616678545,8.533871920060234e-05
1116,2.1785500460027674,8.530637721503381e-05
1117,2.2154835946178038,8.527691807839774e-05
1118,2.2590009710172496,8.524158809778303e-05
1119,2.30389425463212,8.520443987379369e-05
1120,2.333640883270691,8.517943347573181e-05
1121,2.330065190544531,8.518245586443351e-05
1122,2.298684831640473,8.520878704563879e-05
1123,2.23532124764032,8.526089575413102e-05
1124,2.1373852104368876,8.533864174853161e-05
1125,2.010018589706227,8.543465860843445e-05
1126,1.8612699734698022,8.55394767371409e-05
1127,1.69695522075667,8.564605821827734e-05
1128,1.8950607546771299,8.551635933825547e-05
1129,1.9825087532857588,8.545463905994645e-05
1130,2.0373614471266013,8.541453226042906e-05
1131,2.065526245926628,8.539352265415734e-05
1132,2.0703000315995936,8.5389933667862e-05
1133,2.061787653341565,8.539632771148599e-05
1134,2.061218687152407,8.539675416963873e-05
1135,2.091142171946841,8.537416940268878e-05
1136,2.1466743332538303,8.533141353908726e-05
1137,2.2185101598184627,8.527448260553566e-05
1138,2.254314658492557,8.524542489115035e-05
1139,2.270839859473237,8.523186076273996e-05
1140,2.271112538045687,8.523163613510784e-05
1141,2.2397634562710453,8.525728883074791e-05
1142,2.1483406934657494,8.533011364470916e-05
1143,2.0130181733693835,8.543246369822158e-05
1144,2.0510235254838816,8.540437624634481e-05
1145,2.0512664532228193,8.540419505949541e-05
1146,2.026982155921314,8.542220352967344e-05
1147,1.9833423686804879,8.545403756690403e-05
1148,1.9335361804653461,8.548954001210333e-05
1149,1.9030079689575907,8.551086307543988e-05
1150,1.9225732410274006,8.549723561903036e-05
1151,1.9873356887519698,8.545115276069838e-05
1152,2.0957196511383485,8.537068648004504e-05
1153,2.1702846205121875,8.531290376421395e-05
1154,2.224872038076983,8.526935264414106e-05
1155,2.269110631467247,8.52332846578708e-05
1156,2.3107385171992068,8.51987139055152e-05
1157,2.276738996326267,8.522699530040523e-05
1158,2.040702163494781,8.541205499945287e-05
1159,1.972044774143703,8.546216823829747e-05
1160,1.8840292305995574,8.552395127134359e-05
1161,1.7992436920620778,8.55808472664893e-05
1162,1.7439909765957191,8.561653849047435e-05
1163,1.7542836397654815,8.560997283326747e-05
1164,1.8274443994003655,8.556220869047552e-05
1165,1.9258250645852149,8.549495742867553e-05
1166,2.0817800861377873,8.538126965898256e-05
1167,2.1845029262969806,8.530166170353513e-05
1168,2.26151724568162,8.523952476302184e-05
1169,2.3117290036635945,8.519788388753794e-05
1170,1.9047026889888197,8.550968809313148e-05
1171,1.7771026484355217,8.559528107237182e-05
1172,1.6627189919199685,8.56670448658797e-05
1173,1.5857886121255558,8.571266371088907e-05
1174,1.5839927150688344,8.571370318845096e-05
1175,1.6634797780127388,8.56665830879474e-05
1176,1.7789637872414452,8.559407455912074e-05
1177,1.969348851745768,8.546410171660471e-05
1178,2.131550564758348,8.53431662476743e-05
1179,2.2732842613568565,8.522984617162834e-05
1180,1.656657964250375,8.567071631760538e-05
1181,1.525004055992285,8.574719958826619e-05
1182,1.4306382217835607,8.57981716995673e-05
1183,1.4096832572929303,8.580905368816781e-05
1184,1.4900380536767144,8.576646192708318e-05
1185,1.6197969680076962,8.569276001514402e-05
1186,1.8137986201008072,8.557126312538774e-05
1187,1.993892307407308,8.544640387684212e-05
1188,1.3878717552760467,8.58202116525079e-05
1189,1.284768724674711,8.587062199119327e-05
1190,1.2379666706808585,8.58922323916185e-05
1191,1.3052534213225926,8.586091322168079e-05
1192,1.4477317986477154,8.578917728185571e-05
1193,1.608870280882688,8.569920039643956e-05
1194,1.1596953694289212,8.592659503018622e-05
1195,1.097057443797429,8.595248908518288e-05
1196,1.1172243479718467,8.59443081201771e-05
1197,1.2714989129591903,8.587682997470657e-05
1198,1.0166364239967538,8.598363946102453e-05
1199,1.0081164242859655,8.598680150000169e-05
1200,1.6312217671327476,8.568598004728886e-05
1201,1.7906793513066792,8.558645123134044e-05
1202,1.930354089054298,8.549177815246207e-05
1203,2.0480043164246924,8.540662636116162e-05
1204,2.143018410520857,8.533426200055827e-05
1205,2.21649120137942,8.527610761855193e-05
1206,2.2715947600162116,8.523123882516254e-05
1207,2.311460407415435,8.519810900276116e-05
1208,2.335255941478254,8.517806685505139e-05
1209,1.8937683926659823,8.551725099647118e-05
1210,1.9980593801132622,8.544337774933251e-05
1211,2.071388291720171,8.538911436725878e-05
1212,2.114682825734497,8.535617844567329e-05
1213,2.1358459481794227,8.533983654861616e-05
1214,2.150375126539909,8.532852528882461e-05
1215,2.174285436781489,8.530974766093012e-05
1216,2.206890177845852,8.528381551969915e-05
1217,2.238222505379634,8.525854082125723e-05
1218,2.2458785743395984,8.525231214820896e-05
1219,2.239064064197573,8.525785717630034e-05
1220,2.2232078535131357,8.527069595823852e-05
1221,2.1942197509671426,8.529393765506839e-05
1222,2.1389382077659413,8.533743543510903e-05
1223,2.0494432744623725,8.540555435876652e-05
1224,1.9304564670629913,8.549170620066358e-05
1225,2.045393554653707,8.540856945878127e-05
1226,2.071618652584802,8.538894088523544e-05
1227,2.0644775389925085,8.539430999818091e-05
1228,2.0379431775421954,8.541410117211494e-05
1229,2.0158626844137384,8.543037929959504e-05
1230,2.026228843744671,8.542275880503291e-05
1231,2.06981839372771,8.539029613625672e-05
1232,2.1196421160429324,8.535236320697223e-05
1233,2.173547034239915,8.531033058759532e-05
1234,2.1979224509294397,8.529098552497577e-05
1235,2.2153309682104774,8.527704081080542e-05
1236,2.2299309530135965,8.526526311990671e-05
1237,2.219412916895119,8.527375553056538e-05
1238,2.1522246502180855,8.532708002458312e-05
1239,2.037951612754179,8.541409492035869e-05
1240,1.990061591166535,8.544918028203029e-05
1241,1.9246601204299572,8.549577400941284e-05
1242,1.8718772111592341,8.553226395570933e-05
1243,1.8696904174665032,8.553375424074677e-05
1244,1.9238436316986542,8.549634604745067e-05
1245,1.996996592741327,8.544415013330172e-05
1246,2.092904095152791,8.53728296679597e-05
1247,2.1563140553118108,8.532388015438069e-05
1248,2.208965184289654,8.528215242503154e-05
1249,2.261791682916191,8.523929959033147e-05
1250,2.2869323468115406,8.521855911597007e-05
1251,1.892728655704455,8.551796792393283e-05
1252,1.798304397785136,8.5581463165385e-05
1253,1.7212293687474547,8.563092296778536e-05
1254,1.705279323491669,8.564089188861196e-05
1255,1.7668256827177964,8.560192090581169e-05
1256,1.8618623640834848,8.553907498079545e-05
1257,1.9939039686899884,8.544639541705654e-05
1258,2.106714259226871,8.536229046481077e-05
1259,2.208370202633498,8.528262945208441e-05
1260,2.296253582321351,8.52108126032524e-05
1261,1.6627845494325775,8.566700508232581e-05
1262,1.56790235626874,8.572296451434283e-05
1263,1.5345328777718348,8.574187372695623e-05
1264,1.5966283786882536,8.570636489251941e-05
1265,1.7097071063183527,8.563813365135567e-05
1266,1.8376506828163142,8.555539287395139e-05
1267,2.015926876376936,8.543033222780177e-05
1268,2.154698476667584,8.532514501802903e-05
1269,1.4190836227305863,8.580419169868468e-05
1270,1.364419390942367,8.583201680170228e-05
1271,1.414366458975105,8.580663547412398e-05
1272,1.5393436383211792,8.573917244004117e-05
1273,1.6874391493570762,8.56519338244518e-05
1274,1.8682917081223818,8.553470655451945e-05
1275,1.2116373580930273,8.590404002842839e-05
1276,1.2294623760615446,8.589607376377976e-05
1277,1.3578295456687144,8.583529805174662e-05
1278,1.5211911006473862,8.574932154742601e-05
1279,1.0684631386454377,8.59638348419167e-05
1280,1.1832733440958023,8.59164782455351e-05
1281,2.0787201732019027,8.538358355831957e-05
1282,2.1247746544646704,8.534840549206008e-05
1283,2.1348781174211844,8.534058736390765e-05
1284,2.128461976876366,8.534555641524221e-05
1285,2.130242086717663,8.534417925377182e-05
1286,2.145861598987635,8.53320471795513e-05
1287,2.159699984416224,8.532122625124902e-05
1288,2.076013727479131,8.538562739255553e-05
1289,2.048711410005861,8.540609967900388e-05
1290,2.0121247539132385,8.543311778262283e-05
1291,2.0024003391438407,8.544021876407055e-05
1292,2.030137062076532,8.541987581564226e-05
1293,2.0689899922489166,8.539091937715494e-05
1294,2.1048041213886175,8.536375222059108e-05
1295,2.1226035184352408,8.535008080242443e-05
1296,2.1288820074613284,8.534523156479478e-05
1297,2.1385344141682734,8.533774917002207e-05
1298,2.15555928527589,8.532447119170905e-05
1299,2.155829095876265,8.532425993447969e-05
1300,1.932373709577904,8.549035806119667e-05
1301,1.87288129423041,8.553157910680597e-05
1302,1.853549032955034,8.554470155438885e-05
1303,1.8936932110539642,8.551730284924055e-05
1304,1.9589576430183422,8.547152989074429e-05
1305,2.0197580796318344,8.542752015888605e-05
1306,2.0898738725715393,8.537513311188415e-05
1307,2.134176501953157,8.534113144921189e-05
1308,2.1683267791628413,8.531444616909634e-05
1309,2.178412949934788,8.530648566633691e-05
1310,1.719730472958206,8.563186368256322e-05
1311,1.6883998642978089,8.565134211791365e-05
1312,1.7354214139666377,8.562197596998175e-05
1313,1.8246550482761876,8.556406494364739e-05
1314,1.9198732951925044,8.549912429999413e-05
1315,2.031723797070423,8.541870377093442e-05
1316,2.121269279575467,8.535110950897858e-05
1317,2.1785489080449243,8.530637811525482e-05
1318,1.5197331089517516,8.575013155137031e-05
1319,1.5615439141654408,8.572659858277982e-05
1320,1.6662460755434099,8.566490225999416e-05
1321,1.7903556826735616,8.558666250395703e-05
1322,1.9292315533251765,8.549256683088931e-05
1323,2.0508017812678694,8.540454161520269e-05
1324,1.3858472802083666,8.58212385631489e-05
1325,1.4924959826164124,8.576512231567841e-05
1326,1.6345322058645533,8.56840067069507e-05
1327,1.783015647684095,8.559144357836477e-05
1328,1.321917783565794,8.585290281657357e-05
1329,1.4697726892516827,8.577742367554612e-05
1330,2.0268933172236294,8.542226902424355e-05
1331,2.016731886853743,8.542974179117208e-05
1332,2.030143674964418,8.541987093288065e-05
1333,2.052075175192899,8.540359172558744e-05
1334,2.0642725235525647,8.539446387315056e-05
1335,1.8564738042456406,8.554272485046043e-05
1336,1.8911820197984763,8.551903365715771e-05
1337,1.9482006182457687,8.547917898072315e-05
1338,1.9987592273698718,8.544286891337421e-05
1339,2.0395412602835283,8.541291630117984e-05
1340,2.0663626385751144,8.539289443023742e-05
1341,2.0704271088639055,8.538983801899632e-05
1342,2.047975402746181,8.540664789387199e-05
1343,1.7272950739808257,8.562710785779443e-05
1344,1.8095969343778293,8.557403765056465e-05
1345,1.899124989416605,8.55135513498443e-05
1346,1.977956509702028,8.54579193482072e-05
1347,2.051238356009166,8.5404216016783e-05
1348,2.0848934433035624,8.537891192933547e-05
1349,1.6507940515693502,8.567425578533336e-05
1350,1.765985720223937,8.560246192111517e-05
1351,1.8829466077470647,8.552469399120153e-05
1352,1.987319685722442,8.545116433276096e-05
1353,1.6147374737470903,8.569574751693389e-05
1354,1.7532294865492088,8.561064702226372e-05
1355,1.9522628317174666,8.547629528072545e-05
1356,2.001721395297457,8.544071328538603e-05
1357,2.0241975571637365,8.54242550834205e-05
1358,1.8952153036761685,8.551625266803122e-05
1359,1.9698428575482794,8.546374761647264e-05
1360,2.018093295053852,8.542874273818313e-05
1361,2.030409632423621,8.541967454482363e-05
1362,1.873751761952212,8.55309851002468e-05
1363,1.9656777456312242,8.546673041417593e-05
1364,2.015775216040114,8.54304434375546e-05
1365,1.4872286830888648,8.576799040649806e-05
1366,1.5567745444055268,8.572931486968609e-05
1367,1.7433876424881498,8.561692217534134e-05
1368,1.9948354962057075,8.544571947519904e-05
1369,2.2578060516200096,8.524256714327253e-05
1370,2.4947879162641367,8.503855432428518e-05
1371,2.6846896224316414,8.486086659671236e-05
1372,2.8190050975833407,8.472761609495919e-05
1373,2.8986705054184454,8.464563451011601e-05
1374,2.9318854704078636,8.461080787920965e-05
1375,2.932353056489822,8.461031489591954e-05
1376,2.917279047787297,8.462616979906401e-05
1377,2.90396573679766,8.464010778132498e-05
1378,1.5672611394649962,8.572333165293712e-05
1379,1.698162956901477,8.564531018514517e-05
1380,1.9098311323538721,8.550612619063423e-05
1381,2.1520582139363476,8.532721013174565e-05
1382,2.384081369187581,8.513631836932929e-05
1383,2.5804109185628694,8.495999637194915e-05
1384,2.728780706246,8.481781471990954e-05
1385,2.8269858855990466,8.471950199900293e-05
1386,2.8803412688338734,8.466469049740123e-05
1387,2.899644627571584,8.464461852585536e-05
1388,2.8992698654270854,8.464500943177029e-05
1389,2.8947372138168492,8.464973350825565e-05
1390,2.898666636361779,8.46456385447908e-05
1391,2.9152477134598795,8.46283003885595e-05
1392,2.9051665608432886,8.463885311673253e-05
1393,2.894731536760029,8.464973942063195e-05
1394,2.8636177592025516,8.46819760811681e-05
1395,2.7957501125945896,8.475113398214083e-05
1396,2.6808573337400308,8.486457666006243e-05
1397,2.515486718486537,8.501979847844682e-05
1398,2.3048672674753052,8.520362685055457e-05
1399,2.0655958221015505,8.539347040419752e-05
1400,1.829083857652254,8.556111636579854e-05
1401,1.6430006812315299,8.567894072244043e-05
1402,1.7557862963860356,8.560901111213938e-05
1403,1.896234420523269,8.551554905644394e-05
1404,2.0833932504015276,8.53800484479341e-05
1405,2.2809977502371894,8.522347514726896e-05
1406,2.4620753906976636,8.50678901438108e-05
1407,2.610859137204677,8.49314432334289e-05
1408,2.7212147237584743,8.482525034836125e-05
1409,2.794353480222475,8.475254045053547e-05
1410,2.8366782592953013,8.47096181410579e-05
1411,2.857873050390803,8.468789161413358e-05
1412,2.8690740888067134,8.467634696330088e-05
1413,2.880573066867641,8.466445023127316e-05
1414,2.89840452567755,8.464591186333096e-05
1415,2.8949313653403776,8.464953130228313e-05
1416,2.847087037136895,8.469896760192184e-05
1417,2.8011472317852735,8.474569251109676e-05
1418,2.738111400334078,8.480861743610793e-05
1419,2.6445932417452203,8.489943130129607e-05
1420,2.5144536405678286,8.502073813953663e-05
1421,2.349839436237719,8.516568506227304e-05
1422,2.1629244078590357,8.531869515828433e-05
1423,1.9778120813658204,8.545802330046153e-05
1424,1.9522408571944738,8.547631089592987e-05
1425,2.0609529938904094,8.539695327570124e-05
1426,2.1985386893197947,8.529049373230926e-05
1427,2.3424130596916255,8.51719996248171e-05
1428,2.4758833297856397,8.505555325680366e-05
1429,2.5892352946220383,8.495175450776893e-05
1430,2.6788126876931724,8.486655400644175e-05
1431,2.7454076342916562,8.48014044874111e-05
1432,2.792669375825951,8.475423551807055e-05
1433,2.825819357852105,8.472068938517372e-05
1434,2.8505956492376407,8.469536906868019e-05
1435,2.871940949979727,8.467338520188105e-05
1436,2.891967462623913,8.465261674990053e-05
1437,2.8180876361814917,8.472854747080748e-05
1438,2.733461131629347,8.481320499008001e-05
1439,2.6592180594941097,8.488542994943353e-05
1440,2.5838253252612495,8.495681057952165e-05
1441,2.4963630663697196,8.503713230442613e-05
1442,2.392868617581626,8.512871569691131e-05
1443,2.277626221472027,8.522626247588831e-05
1444,2.0848743988230725,8.537892636209719e-05
1445,2.1473801249475644,8.533086308529326e-05
1446,2.2362871351167035,8.526011207978798e-05
1447,2.338760178409615,8.517509849933854e-05
1448,2.4438311412611537,8.508408816316806e-05
1449,2.5433673572765194,8.499429794966263e-05
1450,2.6319571238975934,8.491146876760096e-05
1451,2.7063944589648194,8.483975769930117e-05
1452,2.7652684682316337,8.478167688292352e-05
1453,2.8088390883257413,8.473792003601454e-05
1454,2.83901216467658,8.470723328002696e-05
1455,2.858878117039527,8.468685748251243e-05
1456,2.801282960712291,8.474555553692044e-05
1457,2.68609398973399,8.485950574154022e-05
1458,2.5794476030303666,8.496089445190147e-05
1459,2.508764963845345,8.502590572148203e-05
1460,2.4662890241822195,8.506413250432182e-05
1461,2.431196543343233,8.509523723924215e-05
1462,2.1337431007614254,8.53414674537529e-05
1463,2.1584496027044158,8.532220677822094e-05
1464,2.2172120427645727,8.527552759552688e-05
1465,2.301817102779685,8.520617436819759e-05
1466,2.401789393789826,8.512096972361452e-05
1467,2.506116835676821,8.502830741137462e-05
1468,2.60470630259771,8.493723919104099e-05
1469,2.6894756184718407,8.485622607479806e-05
1470,2.755167082247127,8.479172758901048e-05
1471,2.7999510455146863,8.474689939630452e-05
1472,2.7719409373615975,8.477501850482212e-05
1473,2.7227780804827737,8.482371555483482e-05
1474,2.6396892514133112,8.490410956162526e-05
1475,2.523750393272743,8.501226860995876e-05
1476,2.431310439395158,8.50951369849215e-05
1477,2.433893474783507,8.509286210580849e-05
1478,2.120733672262381,8.535152228781969e-05
1479,2.129219371377299,8.534497060316815e-05
1480,2.182318494463605,8.530339353645288e-05
1481,2.2708759048847487,8.523183107069403e-05
1482,2.3806081563292776,8.513931588264498e-05
1483,2.495753409036261,8.503768279622046e-05
1484,2.6022820481383375,8.493951920830909e-05
1485,2.689906188297134,8.48558082021822e-05
1486,2.724624209386014,8.482190206335382e-05
1487,2.6240041704898847,8.49190164219733e-05
1488,2.5701570191710466,8.49695392487918e-05
1489,2.5322298948941766,8.50045172436982e-05
1490,2.484130781908496,8.504815257826016e-05
1491,2.402158429539472,8.512064868464614e-05
1492,2.0891841030059264,8.537565698891047e-05
1493,2.103608312315246,8.536466666814533e-05
1494,2.168390931337303,8.531439565097028e-05
1495,2.2699032962951184,8.523263208639244e-05
1496,2.3895915584160345,8.513155416324908e-05
1497,2.5092289005044583,8.50254847066484e-05
1498,2.6144342617476912,8.492806941042139e-05
1499,2.6083992575028425,8.493376201886817e-05
1500,2.49138560852453,8.504162290635982e-05
1501,2.4118526064612316,8.511219818848011e-05
1502,2.3706258882703786,8.514790732780515e-05
1503,2.4157068473941434,8.510882923895581e-05
1504,2.0784640722083254,8.538377707037459e-05
1505,2.109606737979524,8.536007449401393e-05
1506,2.188232529810858,8.529870094084064e-05
1507,2.2972968572972627,8.520994367038557e-05
1508,2.417390280156808,8.510735613128058e-05
1509,2.531627187857083,8.500506902655135e-05
1510,2.506916334617949,8.502758257356995e-05
1511,2.44441415128249,8.50835723485239e-05
1512,2.324194795482674,8.518740810016375e-05
1513,2.274830142868405,8.522857102053583e-05
1514,2.102917700819984,8.536519455451287e-05
1515,2.1466414422932907,8.533143918675784e-05
1516,2.229532435402292,8.526558560193685e-05
1517,2.3349948589349583,8.517828783866296e-05
1518,2.4461672254736038,8.508202060795993e-05
1519,2.4336494441008134,8.509307712381865e-05
1520,2.3895161730856898,8.513161941477188e-05
1521,2.3241387490694643,8.518745532209418e-05
1522,2.1498335970713907,8.532894822394054e-05
1523,2.194519799415156,8.529369860985218e-05
1524,2.27060834155217,8.523205146236433e-05
1525,2.3646002152798435,8.515307647558024e-05
1526,2.3943364749738727,8.512744306906389e-05
1527,2.3760303349546423,8.514326023170646e-05
1528,2.195929458619362,8.529257512351309e-05
1529,2.2317463538719737,8.526379337956356e-05
1530,2.2949165105035894,8.521192567490203e-05
1531,2.375501101797027,8.514371575487118e-05
1532,2.223154030494481,8.527073938731541e-05
1533,2.2454510523314646,8.525266050938128e-05
1534,1.821698293208217,8.556602955731585e-05
1535,2.0087340390196866,8.54355975830562e-05
1536,2.2186218213349864,8.527439268966839e-05
1537,2.416823807925608,8.510785194062563e-05
1538,2.5827566762127603,8.495780811384007e-05
1539,2.707546385837282,8.483863282734694e-05
1540,2.791359950813354,8.475555278906345e-05
1541,2.8412721569107378,8.470492215353831e-05
1542,2.8692612741183825,8.467615366816187e-05
1543,2.8854767739037506,8.46593630419089e-05
1544,2.8872392159548146,8.465753263033743e-05
1545,2.0080532808069513,8.543609496205192e-05
1546,2.157287762070548,8.532311737601014e-05
1547,2.317026623958505,8.519343865958796e-05
1548,2.4648480178204215,8.506541826737736e-05
1549,2.5884703116134187,8.495247006881453e-05
1550,2.68392976262064,8.48616026276514e-05
1551,2.7533720373059705,8.479350992828182e-05
1552,2.8025037141398936,8.474432329730635e-05
1553,2.836416992132271,8.470988499534891e-05
1554,2.8564987872459406,8.468930505482671e-05
1555,2.8677974497123935,8.467766495038026e-05
1556,2.8719263475136976,8.467340029490506e-05
1557,2.8423337156065127,8.470383596750409e-05
1558,2.7855926165348963,8.476134761953792e-05
1559,2.723505749614985,8.482300089126192e-05
1560,2.648646085765418,8.489555868971418e-05
1561,2.551999580798246,8.498634753187475e-05
1562,2.430387972570349,8.509594883369567e-05
1563,2.288570199190053,8.521720018197007e-05
1564,2.1405238891541085,8.533620285096748e-05
1565,2.1329328158898044,8.534209546749288e-05
1566,2.232287685988363,8.526335489391478e-05
1567,2.3438750983791525,8.517075800596104e-05
1568,2.4535876002867933,8.507544049085592e-05
1569,2.553327252925068,8.498512241343772e-05
1570,2.6394618667461165,8.49043262766595e-05
1571,2.7110351258518333,8.483522321528324e-05
1572,2.7679708141230717,8.477898210179593e-05
1573,2.8096413231403408,8.473710821488109e-05
1574,2.835494676504658,8.471082684596914e-05
1575,2.84412610106857,8.470200111713506e-05
1576,2.819259466971137,8.472735781623732e-05
1577,2.740043476089687,8.48067092115275e-05
1578,2.6495605264064475,8.489468412416607e-05
1579,2.5713061496911584,8.496847162752197e-05
1580,2.503000911341814,8.503113021961513e-05
1581,2.4352585180825166,8.509165896617982e-05
1582,2.3630927298983164,8.515436767940032e-05
1583,2.1766498410245125,8.530787979884455e-05
1584,2.236419136634954,8.526000495452158e-05
1585,2.3190607928354594,8.519172916095055e-05
1586,2.413251554537768,8.511097598681105e-05
1587,2.5099296804090345,8.502484861762756e-05
1588,2.601813066267528,8.493996005029575e-05
1589,2.6829695108207914,8.486253247930387e-05
1590,2.748365185134342,8.479847543931674e-05
1591,2.7925850396216063,8.475432037748483e-05
1592,2.801330404800827,8.474550765605179e-05
1593,2.769506021112586,8.47774500657441e-05
1594,2.6942361942845294,8.48516023036467e-05
1595,2.588205587605025,8.495271764268492e-05
1596,2.491388190017707,8.504162057961744e-05
1597,2.445216589815417,8.508286220073017e-05
1598,2.4361629255959327,8.509086146742497e-05
1599,2.1604450046203314,8.532064175619134e-05
1600,2.203254843396317,8.528672552575426e-05
1601,2.2804403148236583,8.52239362702457e-05
1602,2.378499361291057,8.514113378157825e-05
1603,2.484590204933423,8.504773962370384e-05
1604,2.586736625677473,8.49540909935794e-05
1605,2.6749124716718504,8.487032181588314e-05
1606,2.739682135481539,8.480706618985304e-05
1607,2.7161842243454,8.483018318224503e-05
1608,2.6616321105300815,8.488311165364009e-05
1609,2.602856478116691,8.493897914079883e-05
1610,2.5263061717855377,8.500993494440203e-05
1611,2.4279524021945216,8.5098090905534e-05
1612,2.392076062570665,8.512940252469827e-05
1613,2.1267080925865924,8.534691218768672e-05
1614,2.1739753647551594,8.530999246863197e-05
1615,2.261380464740428,8.523963698032237e-05
1616,2.371243008379119,8.514737720745859e-05
1617,2.486495362813507,8.504602637428443e-05
1618,2.592594331315717,8.49486100657597e-05
1619,2.676382227782568,8.486890257685122e-05
1620,2.632947608770431,8.491052721685382e-05
1621,2.516827092769367,8.501857875178931e-05
1622,2.4584737334340874,8.507109709848602e-05
1623,2.4275851012337553,8.509841376411435e-05
1624,2.4133963632542894,8.511084943429599e-05
1625,2.113907160246097,8.535677438426339e-05
1626,2.1755062475048708,8.530878347673713e-05
1627,2.2747271298314886,8.52286560191321e-05
1628,2.3908693195527033,8.513044786341596e-05
1629,2.505993062469128,8.502841960602787e-05
1630,2.587020607433981,8.495382555419906e-05
1631,2.52067313563116,8.501507540248174e-05
1632,2.3991903203578615,8.51232294057273e-05
1633,2.3242124728222033,8.518739320588372e-05
1634,2.2926565803398593,8.521380556373651e-05
1635,2.135978166148396,8.533973395191047e-05
1636,2.2076329778385033,8.528322034887534e-05
1637,2.309256402707158,8.519995525672092e-05
1638,2.421020938634115,8.510417569187249e-05
1639,2.4952445827254492,8.503814214269365e-05
1640,2.4356946519646208,8.509127442292837e-05
1641,2.3474181913983196,8.5167745953203e-05
1642,2.29928078891643,8.520829021480184e-05
1643,2.180451867995244,8.530487207155364e-05
1644,2.2510122379867843,8.524812399820128e-05
1645,2.344751881369097,8.517001304731128e-05
1646,2.4302707708702562,8.509605195970497e-05
1647,2.3886607916609437,8.513235967002563e-05
1648,2.370142840285699,8.514832218360649e-05
1649,2.2245667995862752,8.526959910314673e-05
1650,2.2851220723338797,8.522006000771486e-05
1651,2.36596758860722,8.515190458983445e-05
1652,2.3781959132934594,8.51413952419145e-05
1653,2.2506943387203537,8.524838361762437e-05
1654,2.2977313900806395,8.520958163925694e-05
1655,2.2468209387153926,8.525154404574507e-05
1656,2.346834708686802,8.516824228742058e-05
1657,2.4455482337027328,8.508256863415388e-05
1658,2.536471740183945,8.500063020872088e-05
1659,2.618583706452148,8.49241480182943e-05
1660,2.6936335302192704,8.485218808430691e-05
1661,2.7608633315618025,8.478606426535314e-05
1662,2.810623794561794,8.47361137003037e-05
1663,2.8330850292859617,8.471328614411026e-05
1664,2.2779696666983735,8.522597872458587e-05
1665,2.3403780854906593,8.517372654879692e-05
1666,2.4151473334170555,8.510931862780448e-05
1667,2.4971615642262552,8.503641110164375e-05
1668,2.581026848192635,8.495942198320246e-05
1669,2.661241501327899,8.488348690651881e-05
1670,2.7307745452603744,8.481585192598037e-05
1671,2.7792215980079944,8.476773563021483e-05
1672,2.794656676755263,8.475223517603399e-05
1673,2.7717003030453897,8.477525889897092e-05
1674,2.71293006916767,8.483336948002805e-05
1675,2.6299450202619497,8.491338041254801e-05
1676,2.5437467651538066,8.499394905612156e-05
1677,2.4716169762261844,8.505937222339154e-05
1678,2.419140763305448,8.510582329451682e-05
1679,2.3798871414652365,8.51399376136792e-05
1680,2.253930036699334,8.524573944536715e-05
1681,2.30102036358527,8.520683926936567e-05
1682,2.3735003904722096,8.514543692266082e-05
1683,2.460744788528339,8.506907545634385e-05
1684,2.5528323574464244,8.498557915360328e-05
1685,2.6403500770609742,8.49034796418817e-05
1686,2.711963683536314,8.483431500609184e-05
1687,2.7470776343771237,8.479975095428792e-05
1688,2.7099974340313246,8.483623781283001e-05
1689,2.643300835170689,8.490066503120048e-05
1690,2.557306193347441,8.498144712999955e-05
1691,2.466904635502099,8.506358299240607e-05
1692,2.4035407650230485,8.511944571019077e-05
1693,2.396749345080167,8.512534947192308e-05
1694,2.2149271618804143,8.527736548630595e-05
1695,2.2666796352044845,8.523528462265032e-05
1696,2.3489149529197815,8.516647219840236e-05
1697,2.4468703863361285,8.508139789928699e-05
1698,2.546961744342296,8.499099062565679e-05
1699,2.6365089361714285,8.490713901079486e-05
1700,2.6866500373164173,8.485896673278517e-05
1701,2.612896002166367,8.492952160267017e-05
1702,2.538607192083584,8.499867099607168e-05
1703,2.462849407340853,8.506720035707624e-05
1704,2.38660718519079,8.513413583018742e-05
1705,2.3456695624047668,8.516923304959932e-05
1706,2.1972507168019777,8.529152145316607e-05
1707,2.262301071043952,8.523888157252108e-05
1708,2.355089507401832,8.516120926728972e-05
1709,2.458469897799959,8.5071100511351e-05
1710,2.557864844704737,8.49809306698237e-05
1711,2.602699992201995,8.493912627711297e-05
1712,2.4987291592466896,8.503499460124869e-05
1713,2.416962186782429,8.510773083383167e-05
1714,2.3499946186734317,8.516555290523394e-05
1715,2.304190653657288,8.520419224615136e-05
1716,2.2137565343021386,8.527830638885566e-05
1717,2.287856218974497,8.521779269120858e-05
1718,2.3823574410411963,8.513780671455718e-05
1719,2.4812057893925186,8.50507799871089e-05
1720,2.5028116379172913,8.503130157850015e-05
1721,2.442171121782167,8.508555620211859e-05
1722,2.3368695370518906,8.517670055411323e-05
1723,2.293459704830591,8.521313770318741e-05
1724,2.2524444048830423,8.524695394470424e-05
1725,2.325080000952206,8.518666212304238e-05
1726,2.4118449638408648,8.51122048636251e-05
1727,2.426421949163157,8.50994358654914e-05
1728,2.3830855749058415,8.51371782111471e-05
1729,2.330761706688182,8.51818674808347e-05
1730,2.291785362998276,8.521452979138782e-05
1731,2.3548133369699307,8.516144495019574e-05
1732,2.385261011301833,8.513529932847744e-05
1733,2.3670042491036973,8.515101569770346e-05
1734,2.31523565975009,8.519494256323064e-05
1735,2.365866601612729,8.515199116165318e-05
1736,2.3470358391545854,8.516807121117623e-05
1737,2.3751939661793977,8.514398006837691e-05
1738,2.4318955582194905,8.509462187603439e-05
1739,2.510078200618829,8.502471378564088e-05
1740,2.596909418118747,8.494456487474812e-05
1741,2.677182707118145,8.486812929489842e-05
1742,2.7311404265590484,8.481549159188002e-05
1743,2.302525792684933,8.520558275842619e-05
1744,2.337342949796315,8.517629952106236e-05
1745,2.40322898526418,8.511971709451063e-05
1746,2.488424596061832,8.504429017867385e-05
1747,2.5788698053334165,8.496143296580186e-05
1748,2.65522056478847,8.488926442118127e-05
1749,2.667641564040366,8.487733176430581e-05
1750,2.6034646982810137,8.493840717900055e-05
1751,2.5167195947461543,8.501867659706366e-05
1752,2.4296668653964413,8.509658326087657e-05
1753,2.365646175199646,8.515218011129345e-05
1754,2.3491977585212602,8.516623144017692e-05
1755,2.2801046713726225,8.522421386905847e-05
1756,2.328269255927243,8.518397219546037e-05
1757,2.403055662348054,8.511986794623621e-05
1758,2.4913190292371867,8.50416829145642e-05
1759,2.5773422075417303,8.496285614258935e-05
1760,2.605071816248466,8.493689524674699e-05
1761,2.510508184753932,8.502432338704437e-05
1762,2.4258410304377724,8.509994616067491e-05
1763,2.35125436983674,8.516447975741716e-05
1764,2.3236151038419006,8.518789646610928e-05
1765,2.2911072451660464,8.52150933134138e-05
1766,2.348338070363754,8.516696322305201e-05
1767,2.424097986191173,8.510147658795666e-05
1768,2.5064315804922797,8.502802208568404e-05
1769,2.5157528669316718,8.50195563361595e-05
1770,2.4175102240965702,8.51072511349273e-05
1771,2.3466939918438676,8.516836196896521e-05
1772,2.310395062423564,8.519900163646876e-05
1773,2.323761114178243,8.51877734696731e-05
1774,2.3800816351718925,8.513976991979122e-05
1775,2.4484103472837937,8.508003352697676e-05
1776,2.4284714796752183,8.509763455417867e-05
1777,2.3610145148908614,8.515614641766e-05
1778,2.324951758673711,8.518677021201716e-05
1779,2.3578738515115005,8.515883161724043e-05
1780,2.405650258751469,8.511760863332145e-05
1781,2.375527510376734,8.514369302673468e-05
1782,2.3604029890783713,8.515666953132147e-05
1783,2.378296523090735,8.514130855693958e-05
1784,2.362830397988717,8.515459229237596e-05
1785,2.324816378296018,8.518688431104673e-05
1786,2.3529141092030263,8.516306501726982e-05
1787,2.418679153491603,8.510622761456056e-05
1788,2.5040267715838533,8.50302012377721e-05
1789,2.5835825837335955,8.495703720246642e-05
1790,2.3330567241506657,8.517992754978205e-05
1791,2.3694681633833397,8.514890147850818e-05
1792,2.4325119287084482,8.509407912475792e-05
1793,2.5072014718393443,8.502732400972386e-05
1794,2.5045394176132993,8.502973686603277e-05
1795,2.427288990279034,8.509867401198585e-05
1796,2.3611599856919465,8.515602195910785e-05
1797,2.333055103953345,8.517992891995627e-05
1798,2.3618359390169497,8.515544354482101e-05
1799,2.397484239846795,8.512471141237905e-05
1800,2.451123039838082,8.507762811570494e-05
1801,2.441000610387,8.508659076295973e-05
1802,2.3684434060850563,8.514978105496957e-05
1803,2.3399243315648057,8.517411141545959e-05
1804,2.3920395365112257,8.512943417283927e-05
1805,2.418545931254939,8.51063442888465e-05
1806,2.377186560602117,8.51422646988323e-05
1807,2.351618896726848,8.516416912259483e-05
1808,2.3719160587179604,8.514679888896778e-05
1809,2.3547287095120404,8.51615171656043e-05
1810,2.3610151801585237,8.515614584850254e-05
1811,2.385957155022917,8.513469773093668e-05
1812,2.439044670939224,8.508831845409898e-05
1813,2.389205696805805,8.513188813365819e-05
1814,2.4056304407779554,8.511762589930937e-05
1815,2.3864103757797115,8.513430597237088e-05
1816,2.3674124703918817,8.515066556156968e-05
1817,2.3732028503060993,8.514569276958723e-05
1818,2.3626044536737565,8.51547857302654e-05
1819,2.382716453212526,8.513749684927865e-05
1820,1.487230419628449,8.576798946258907e-05
1821,1.5567765588296416,8.572931372414857e-05
1822,1.7433892069812402,8.561692118058503e-05
1823,1.994836568910024,8.544571869663716e-05
1824,2.2578067152961228,8.524256659963603e-05
1825,2.4947882727712094,8.503855400253475e-05
1826,2.684689748164047,8.486086647490628e-05
1827,2.8190052089918,8.472761598184346e-05
1828,2.8986708173621336,8.464563418481911e-05
1829,2.9318860051684728,8.461080731544612e-05
1830,2.932353818841999,8.46103140920984e-05
1831,2.9172800090831537,8.462616879046115e-05
1832,2.903966817459724,8.464010665243313e-05
1833,1.5672619718453484,8.572333117644103e-05
1834,1.7098131958203189,8.563806747766889e-05
1835,1.9408872337515228,8.548435578622764e-05
1836,2.2004035173372993,8.528900467624122e-05
1837,2.445432451664732,8.508267112719593e-05
1838,2.649857924924658,8.489439963127861e-05
1839,2.8008386287590685,8.474600392169931e-05
1840,2.8958080066824223,8.464861813150093e-05
1841,2.9406479940814996,8.460155692051624e-05
1842,2.948488488606419,8.459325701624049e-05
1843,2.939048646058369,8.46032473873767e-05
1844,2.9371019503296876,8.460530380488048e-05
1845,2.9394711164886087,8.460280093319703e-05
1846,2.916702130217182,8.462677505036091e-05
1847,2.937254874356757,8.460514230872772e-05
1848,2.9492520073895627,8.459244763087175e-05
1849,2.9337766592585925,8.460881350652544e-05
1850,2.8759238151629964,8.466926579119783e-05
1851,2.76584297619591,8.478110419491286e-05
1852,2.6004112327118736,8.494127731357901e-05
1853,2.3849898096872555,8.5135533650933e-05
1854,2.135822996445079,8.533985435775971e-05
1855,1.883215184896631,8.552450977630532e-05
1856,1.6729434540135173,8.566082146964539e-05
1857,1.7557869616536976,8.560901068617932e-05
1858,1.911411774896541,8.55050264782828e-05
1859,2.1313452819380996,8.534332521505744e-05
1860,2.363372834640411,8.515412782228503e-05
1861,2.5725740193481137,8.496729315436493e-05
1862,2.7389012369786108,8.480783750630539e-05
1863,2.853592834435805,8.469229170502339e-05
1864,2.9181131295060094,8.462529455125075e-05
1865,2.9439884112383856,8.459802335602614e-05
1866,2.951619066337037,8.458993710360511e-05
1867,2.9651947601658555,8.457550141502315e-05
1868,2.9848822457249162,8.45544543696669e-05
1869,2.9548835474874755,8.458647160355375e-05
1870,2.9208266974124846,8.462244539928036e-05
1871,2.9379372464006157,8.460442158849456e-05
1872,2.935428778286204,8.460707024111053e-05
1873,2.8993407450809916,8.464493550251513e-05
1874,2.819353880866478,8.472726194563054e-05
1875,2.690778710709252,8.485496121230513e-05
1876,2.516108431806934,8.501923280397576e-05
1877,2.3066811515870755,8.520211032637957e-05
1878,2.084527617709119,8.537918914583788e-05
1879,1.9522413617156438,8.54763105374166e-05
1880,2.079069718837218,8.538331940108149e-05
1881,2.2613903021074604,8.523962890980763e-05
1882,2.4575532910601545,8.507191594039051e-05
1883,2.635769220601574,8.490784313119535e-05
1884,2.7760835893330835,8.477087684358695e-05
1885,2.8697205507207615,8.467567934934223e-05
1886,2.92118684276701,8.462206706877183e-05
1887,2.9467218098507706,8.459512905617385e-05
1888,2.965175807995232,8.457552161188835e-05
1889,2.9842334951627856,8.455515003981497e-05
1890,2.974450519332078,8.456562304589125e-05
1891,2.909932256670497,8.463386885063849e-05
1892,2.9079294381342327,8.463596447726039e-05
1893,2.9121511057603158,8.46315455709325e-05
1894,2.8944879294294847,8.4649993115264e-05
1895,2.845619396195371,8.470047159625567e-05
1896,2.7596649203051116,8.478725668335355e-05
1897,2.635979281253214,8.490764319805349e-05
1898,2.480486832401892,8.505142533960954e-05
1899,2.0848747839780346,8.537892607021073e-05
1900,2.171532979364669,8.531191958668028e-05
1901,2.324767296503118,8.518692567574818e-05
1902,2.50270058437265,8.503140211509909e-05
1903,2.669219332244763,8.487581218558362e-05
1904,2.7999631460650103,8.474688719000215e-05
1905,2.882195586258936,8.46627679192398e-05
1906,2.9220162676120873,8.462119559330796e-05
1907,2.937154955291935,8.460524782964595e-05
1908,2.9406451436164684,8.460155993416141e-05
1909,2.916724130204966,8.462675197200414e-05
1910,2.8852756975486487,8.465957180486544e-05
1911,2.871254280752405,8.467409485965078e-05
1912,2.8765247539886727,8.46686437754685e-05
1913,2.8713786476080356,8.467396634125504e-05
1914,2.8497582475468155,8.469622831787135e-05
1915,2.8053492803815216,8.474144895611306e-05
1916,2.7340920950350376,8.48125829758108e-05
1917,2.1337434063389162,8.534146721687025e-05
1918,2.2047551572561086,8.528552512415832e-05
1919,2.3623152213956753,8.51550333247029e-05
1920,2.53605912940243,8.500100858283329e-05
1921,2.6974846023772647,8.484844272530781e-05
1922,2.818451978451866,8.472817763765413e-05
1923,2.8750529941172207,8.467016693391403e-05
1924,2.8830379249360956,8.466189418118367e-05
1925,2.8672741991890893,8.467820498564702e-05
1926,2.838775432839577,8.470747526609006e-05
1927,2.8256942127288025,8.472081674006729e-05
1928,2.8374613525448953,8.470881816036937e-05
1929,2.8416389772235764,8.470454686726855e-05
1930,2.842726608682128,8.470343386097588e-05
1931,2.8405778928095318,8.470563231360696e-05
1932,2.830395783437889,8.47160284341829e-05
1933,2.12073392691029,8.535152209159324e-05
1934,2.238512235812687,8.525830548540519e-05
1935,2.374651187344576,8.514444708959267e-05
1936,2.532898703753785,8.500390479541108e-05
1937,2.692582173355348,8.48532096856998e-05
1938,2.7989180678635925,8.474794121491083e-05
1939,2.8068669182568686,8.473991482669179e-05
1940,2.773578219965414,8.477338232396686e-05
1941,2.7530787402106434,8.47938010432289e-05
1942,2.7913752042231,8.475553744767143e-05
1943,2.8093550002146195,8.473739798476245e-05
1944,2.815520864836777,8.47311516250495e-05
1945,2.819607705944369,8.472700418901425e-05
1946,2.8281241506111936,8.471834292778076e-05
1947,2.1445036126188017,8.533310539776307e-05
1948,2.193828877567755,8.529424901168008e-05
1949,2.3252774613070013,8.51864956822925e-05
1950,2.495172671747512,8.50382070535129e-05
1951,2.663560232876904,8.488125855534237e-05
1952,2.7153552419510647,8.483099522720479e-05
1953,2.6705220791159476,8.487455683256896e-05
1954,2.696238000595355,8.48496556714686e-05
1955,2.751487636413565,8.479537978954381e-05
1956,2.78268054262565,8.476426920348697e-05
1957,2.797292869894605,8.474957957535022e-05
1958,2.8061043830512737,8.474068574760072e-05
1959,2.078464517842166,8.538377673367016e-05
1960,2.1528973058526684,8.532655409374482e-05
1961,2.300909679280097,8.520693162079996e-05
1962,2.48035712748947,8.50515417464642e-05
1963,2.6128598803604834,8.492955569350815e-05
1964,2.5715228041320906,8.496827028898202e-05
1965,2.628160296518853,8.491507484969366e-05
1966,2.7009386720790136,8.484507908804292e-05
1967,2.749583591026534,8.479726789365608e-05
1968,2.7788038481133666,8.47681540034459e-05
1969,2.1029185125101937,8.536519393417641e-05
1970,2.174831576968709,8.530931639011665e-05
1971,2.3176452862786436,8.519291889529967e-05
1972,2.4837784049067437,8.504846926387341e-05
1973,2.4893432065623697,8.504346302537368e-05
1974,2.5494450230038637,8.498870303437561e-05
1975,2.636064317739308,8.490756225700299e-05
1976,2.702401022710229,8.48436537751557e-05
1977,2.149834832113749,8.532894725948941e-05
1978,2.216838557042718,8.527582814273263e-05
1979,2.3461356444725125,8.516883678208158e-05
1980,2.431592637024754,8.50948885674724e-05
1981,2.4632263594573685,8.506686434950144e-05
1982,2.5559411102596963,8.498270865875498e-05
1983,2.195931064492738,8.529257384324443e-05
1984,2.251773219840134,8.524750238055685e-05
1985,2.3669721618756205,8.515104321680481e-05
1986,2.38677093175399,8.513399426052862e-05
1987,2.223155848043931,8.527073792077569e-05
1988,2.2651617904277113,8.52365322850368e-05
1989,1.8677355952864276,8.553508499046666e-05
1990,2.089587888645847,8.537535033596742e-05
1991,2.325612409250936,8.518621332083618e-05
1992,2.5415326334165007,8.499598440353766e-05
1993,2.71648157034248,8.482989185337399e-05
1994,2.8406931384953737,8.470551444075881e-05
1995,2.913669695382222,8.46299545319617e-05
1996,2.94310925683979,8.459895371609544e-05
1997,2.944384800948101,8.459760379203086e-05
1998,2.943834223521068,8.459818654349419e-05
1999,2.96975040489072,8.457064299885258e-05
2000,2.0585124196831712,8.53987810262752e-05
2001,2.2520012427186513,8.524731607733438e-05
2002,2.4519215965819465,8.50769195238767e-05
2003,2.6308267259142832,8.491254290158797e-05
2004,2.771393990258816,8.477556487703038e-05
2005,2.866020663026309,8.467949834851131e-05
2006,2.9176793272438215,8.462574979368951e-05
2007,2.9401657959842162,8.46020666832109e-05
2008,2.95549380483507,8.458582336194348e-05
2009,2.9821903610878877,8.455733999626241e-05
2010,2.9945027339080244,8.45441211591895e-05
2011,2.9584903454557137,8.458263845167405e-05
2012,2.930925605354527,8.461181964434078e-05
2013,2.9280719126615056,8.461482576572277e-05
2014,2.911169165916372,8.46325739349864e-05
2015,2.862276118046374,8.468335863604965e-05
2016,2.7723638693411723,8.477459594636181e-05
2017,2.639748355192978,8.49040532282402e-05
2018,2.4705008098778856,8.506037029098309e-05
2019,2.2791144013589575,8.522503265452042e-05
2020,2.188374157020067,8.529858841233224e-05
2021,2.3439842802616635,8.517066525433808e-05
2022,2.513382091716276,8.502171239813657e-05
2023,2.669827456916119,8.487522625791155e-05
2024,2.7937009847445347,8.47531973100493e-05
2025,2.8755934397405767,8.466960770094534e-05
2026,2.920502072258159,8.462278637780011e-05
2027,2.9442612203178893,8.459773460339595e-05
2028,2.961884001532614,8.457902773886306e-05
2029,2.9740586384819,8.456604188356678e-05
2030,2.9553114721576152,8.458601705695694e-05
2031,2.9177118553310906,8.462571566018435e-05
2032,2.9024552927257408,8.464168524325348e-05
2033,2.891100805071449,8.465351837595921e-05
2034,2.8631813117852087,8.46824259063023e-05
2035,2.8085624165557688,8.473819996227794e-05
2036,2.7228999279156554,8.48235958979774e-05
2037,2.60769393531619,8.493442649583848e-05
2038,2.2472333632856243,8.525120778792177e-05
2039,2.3853017119954303,8.513526416020619e-05
2040,2.5462742252275774,8.499162358587831e-05
2041,2.6978955388487793,8.484804276493985e-05
2042,2.8151843428504555,8.473149287936059e-05
2043,2.8828068653812644,8.46621338781495e-05
2044,2.908649628575668,8.463521107307021e-05
2045,2.911738092316794,8.463197815128205e-05
2046,2.905029472733056,8.463899637647114e-05
2047,2.881541067921668,8.466344666687769e-05
2048,2.8819735412400815,8.46629982005828e-05
2049,2.874552241736672,8.467068500393216e-05
2050,2.8649039619174013,8.468065007248245e-05
2051,2.8513686250075025,8.469457571147552e-05
2052,2.8270673840707556,8.471941902570626e-05
2053,2.7854640209324275,8.476147669704082e-05
2054,2.2796131229224326,8.522462033959355e-05
2055,2.414948408836784,8.510949259422228e-05
2056,2.5668650583281334,8.49725951538862e-05
2057,2.713013762386044,8.483328757808373e-05
2058,2.8175818560962904,8.472906079729256e-05
2059,2.849318274847484,8.469667967231984e-05
2060,2.8368684812832843,8.470942383639582e-05
2061,2.8078901492592476,8.473888002718219e-05
2062,2.7991222318245907,8.47477353328335e-05
2063,2.825741685465228,8.472076842971031e-05
2064,2.838467991644457,8.470778950201193e-05
2065,2.8401392204060856,8.470608094412328e-05
2066,2.83721626507338,8.470906855592792e-05
2067,2.8341151596551235,8.471223503322593e-05
2068,2.2864981975915764,8.521891917290092e-05
2069,2.3960188366237705,8.512598353494829e-05
2070,2.5429784510322286,8.499465552542262e-05
2071,2.6933754700283434,8.485243887645168e-05
2072,2.767953736797678,8.477899913925787e-05
2073,2.7450289617102057,8.48017792916342e-05
2074,2.6981163981633074,8.484782778053515e-05
2075,2.7441729006938527,8.480262642426392e-05
2076,2.7825787407578506,8.476437128471463e-05
2077,2.8038861785389737,8.474292720287316e-05
2078,2.816275018943069,8.473038672353977e-05
2079,2.8262819846660365,8.472021854248165e-05
2080,2.2295525414462527,8.526556933339197e-05
2081,2.354439450177619,8.516176398111912e-05
2082,2.516071337564348,8.501926655848066e-05
2083,2.658198239182161,8.488640870852002e-05
2084,2.6471843685708762,8.489695606273578e-05
2085,2.606899389276891,8.493517482193435e-05
2086,2.685684681417544,8.485990243885789e-05
2087,2.7403460121294607,8.480641029302876e-05
2088,2.7741686275085056,8.477279208600026e-05
2089,2.7959035347766314,8.475097943832259e-05
2090,2.2170680934847438,8.527564343860921e-05
2091,2.3525859078371294,8.516334484877455e-05
2092,2.5127205053079855,8.502231371577582e-05
2093,2.5553849321702153,8.498322245884053e-05
2094,2.527574000062208,8.500877645028351e-05
2095,2.618272054017234,8.492444275082877e-05
2096,2.688760166073061,8.485692028652663e-05
2097,2.7388816609206104,8.480785683943747e-05
2098,2.2459562690081674,8.525224883270364e-05
2099,2.375201253884242,8.514397379713834e-05
2100,2.477939867889845,8.505371009649726e-05
2101,2.4456043119469313,8.50825189906536e-05
2102,2.5403243593279865,8.499709439033862e-05
2103,2.6223987777620152,8.492053732722321e-05
2104,2.2822562090623597,8.522243371871302e-05
2105,2.3965716581355014,8.512550371700412e-05
2106,2.396661074565629,8.512542609848245e-05
2107,2.4542498758359876,8.507485227005582e-05
2108,2.30582845351467,8.520282338155525e-05
2109,2.3907147053001374,8.513058176069305e-05
2110,2.4057395446745438,8.511753084314814e-05
2111,2.5598819076084083,8.49790650345139e-05
2112,2.6954901092360743,8.485038311222494e-05
2113,2.800354762717982,8.474649212349723e-05
2114,2.869739751173096,8.467565951845324e-05
2115,2.908520366113988,8.463534631000467e-05
2116,2.9311548887401937,8.461157799235833e-05
2117,2.9569852601307285,8.458423853568287e-05
2118,2.9868460951733637,8.455234760889584e-05
2119,2.4653845004856945,8.506493966644581e-05
2120,2.5967842172912143,8.494468233614218e-05
2121,2.7184110407316706,8.482800068226494e-05
2122,2.814515395526047,8.473217111748649e-05
2123,2.8772830365741875,8.466785871978404e-05
2124,2.9117844557432666,8.463192959426902e-05
2125,2.930844665516668,8.461190494612772e-05
2126,2.944237722682091,8.459775947529075e-05
2127,2.942128504291722,8.459999127839838e-05
2128,2.9373810157900038,8.460500909041163e-05
2129,2.916868716104567,8.46266002948229e-05
2130,2.893988851358937,8.465051279534846e-05
2131,2.8648535814201654,8.46807020229139e-05
2132,2.819732881307111,8.472687706659255e-05
2133,2.7525551809267497,8.479432063308935e-05
2134,2.663875770283979,8.488095517247853e-05
2135,2.495391059385774,8.503800991917001e-05
2136,2.6214663828518567,8.492142024041787e-05
2137,2.739798453871698,8.480695128065761e-05
2138,2.8276795321790735,8.471879572660924e-05
2139,2.8704369787393427,8.467493931167692e-05
2140,2.8784747871965104,8.466662449086292e-05
2141,2.8697712081475983,8.4675627028331e-05
2142,2.8631061269900924,8.468250338898178e-05
2143,2.8661067467519286,8.467940954710651e-05
2144,2.879111453123812,8.466596493125166e-05
2145,2.873743211006002,8.467152183091946e-05
2146,2.8564840399489135,8.468932021900686e-05
2147,2.83174921797535,8.47146486159424e-05
2148,2.7979479436826242,8.474891930603206e-05
2149,2.5104364568041793,8.502438851601674e-05
2150,2.6262308404536068,8.491690544897171e-05
2151,2.739488520310169,8.480725744897626e-05
2152,2.8054755682373154,8.474132132631757e-05
2153,2.8042515027953474,8.474255816639839e-05
2154,2.7736730206072666,8.477328755868803e-05
2155,2.750680849767593,8.479617997493454e-05
2156,2.782739458602484,8.476421012419695e-05
2157,2.81861934897312,8.472800772936922e-05
2158,2.8388557742548497,8.47073931436788e-05
2159,2.844535979159712,8.470158137247956e-05
2160,2.840161070788222,8.47060585992973e-05
2161,2.480956621188262,8.505100366679039e-05
2162,2.601533937145235,8.494022239467648e-05
2163,2.7105767771227725,8.483567140936477e-05
2164,2.7163630826704472,8.48300079469947e-05
2165,2.668514937931429,8.487649070820362e-05
2166,2.6489179160420218,8.48952987432704e-05
2167,2.7147274123062037,8.483161007053756e-05
2168,2.76246693857121,8.478446789961316e-05
2169,2.7970278355340716,8.474984666957847e-05
2170,2.824228675815626,8.472230775224127e-05
2171,2.458065220892357,8.507146055518573e-05
2172,2.58558755404469,8.495516475009768e-05
2173,2.6250417604512295,8.491803295976219e-05
2174,2.5682419093323707,8.497131749281975e-05
2175,2.5725659963474325,8.496730061343493e-05
2176,2.649549278926619,8.489469488295642e-05
2177,2.709728175698602,8.483650101761092e-05
2178,2.7560385335464774,8.479086190336897e-05
2179,2.463542547808161,8.506658246710188e-05
2180,2.5395391047542653,8.499781549456094e-05
2181,2.4852522353840047,8.504714442442885e-05
2182,2.500176710059747,8.503368581017933e-05
2183,2.581136135117408,8.495932005321402e-05
2184,2.651322938218072,8.48929977429752e-05
2185,2.4635744329094598,8.506655403953916e-05
2186,2.4274476279685606,8.509853459131772e-05
2187,2.429822523705433,8.50964463287778e-05
2188,2.5071891182326613,8.502733521262552e-05
2189,2.39688701728904,8.512522995488607e-05
2190,2.3777576753830076,8.514177278430046e-05
2191,2.6861971046300694,8.48594057944845e-05
2192,2.7678183325467436,8.47791342238604e-05
2193,2.8310415991828686,8.471537010789818e-05
2194,2.87114519436286,8.467420758310699e-05
2195,2.8914438555935362,8.465316151473058e-05
2196,2.897467607583908,8.464688865063198e-05
2197,2.893247805253758,8.465128427368376e-05
2198,2.7053693658496063,8.484075832891165e-05
2199,2.7807816395348297,8.476617272685353e-05
2200,2.8291567271918314,8.471729108969531e-05
2201,2.842044769807329,8.470413165515651e-05
2202,2.830093097792469,8.471633693377752e-05
2203,2.80711699523585,8.473966195580299e-05
2204,2.7979466513444864,8.474892060876611e-05
2205,2.8307406419601304,8.471567691309372e-05
2206,2.851701920923128,8.469423356376273e-05
2207,2.8541955048672616,8.469167253809586e-05
2208,2.8398043122508865,8.470642341016014e-05
2209,2.810070532190871,8.473667378562423e-05
2210,2.7012508338097456,8.484477489495594e-05
2211,2.7645511569031185,8.478239176142905e-05
2212,2.773847145664306,8.477311349047668e-05
2213,2.7423793677246557,8.480440042756396e-05
2214,2.697346600717659,8.484857702778794e-05
2215,2.691595234454642,8.485416834278724e-05
2216,2.7464449345910045,8.480037752912721e-05
2217,2.7929462449480527,8.475395691399128e-05
2218,2.8233113592447756,8.472324063682424e-05
2219,2.838179706338287,8.470808412903351e-05
2220,2.677852154189075,8.486748242213672e-05
2221,2.694852981759438,8.485100266457446e-05
2222,2.646587424534272,8.489752651564168e-05
2223,2.5848609353351026,8.49558435052486e-05
2224,2.5929863904194312,8.494824279708619e-05
2225,2.6668075507582794,8.487813466862031e-05
2226,2.727851174533267,8.481872930697253e-05
2227,2.7801628610315823,8.476679274129177e-05
2228,2.6140127016837256,8.492846746578617e-05
2229,2.5558404017863556,8.498280170175764e-05
2230,2.4882125762128426,8.504448104775596e-05
2231,2.5212194492972677,8.501457734710048e-05
2232,2.5949704270808605,8.494638339136707e-05
2233,2.6621154625007017,8.488264723057545e-05
2234,2.480824135838984,8.505112259076451e-05
2235,2.4195537417348816,8.510546150684243e-05
2236,2.463184339369293,8.506690180783509e-05
2237,2.5262234716940086,8.501001049312033e-05
2238,2.3833550862949235,8.513694552967335e-05
2239,2.4152195117752973,8.510925550189918e-05
2240,2.8093619298208417,8.473739097206748e-05
2241,2.8151217551690846,8.473155634286145e-05
2242,2.797585320285635,8.47492848238141e-05
2243,2.7626014372305185,8.478433396780352e-05
2244,2.718745270886812,8.482767295514938e-05
2245,2.7601406376131123,8.478678340466591e-05
2246,2.7224406640456715,8.482404687830479e-05
2247,2.668953677179952,8.48760681036751e-05
2248,2.6119652990732534,8.493039983135156e-05
2249,2.617559367731365,8.492511661748858e-05
2250,2.681700132374976,8.486376117919795e-05
2251,2.7392401383313314,8.480750278942987e-05
2252,2.7845606542923393,8.476238328764567e-05
2253,2.637843509256583,8.490586817539753e-05
2254,2.569331616171381,8.497030582035515e-05
2255,2.5035518659660623,8.503063134089043e-05
2256,2.524568943060559,8.501152144595727e-05
2257,2.5994007070486016,8.494222645078056e-05
2258,2.6712990464917814,8.487380785022665e-05
2259,2.4822260060002757,8.504986390606714e-05
2260,2.4205323202264273,8.510460398890508e-05
2261,2.4644399302223894,8.506578225834706e-05
2262,2.5265136413947045,8.500974540490312e-05
2263,2.4100090113046853,8.51138078091916e-05
2264,2.4283398187485457,8.50977503139514e-05
2265,2.658934142991128,8.488570247090134e-05
2266,2.590812921178536,8.495027815943906e-05
2267,2.525825994956032,8.501037356523558e-05
2268,2.4953090563928955,8.503808394366149e-05
2269,2.4349665101422278,8.509191639494122e-05
2270,2.4555211498171756,8.507372271703528e-05
2271,2.516280483075065,8.501907623684974e-05
2272,2.40557723368893,8.511767225417117e-05
2273,2.4137751902160347,8.511051833163596e-05
2274,2.391835149733307,8.512961125587109e-05
2275,1.4872320533539396,8.576798857456433e-05
2276,3.4191038907371154,8.40566734133585e-05
2277,3.4358806743025387,8.403616226924617e-05
2278,3.464157783971258,8.40013774395966e-05
2279,3.5020722474724035,8.395431739208087e-05
2280,3.5439880429048674,8.390173205707079e-05
2281,3.5802344018559182,8.385578722477117e-05
2282,3.5986344417000233,8.383229662959634e-05
2283,3.587247513493681,8.384684713698558e-05
2284,3.5374995552975683,8.390991050301481e-05
2285,3.447415078662249,8.40220056715893e-05
2286,3.326688787312345,8.416796408345671e-05
2287,3.214871801873892,8.429876804261591e-05
2288,3.428229715807797,8.404552797002915e-05
2289,3.440688708527708,8.403026661147363e-05
2290,3.4585449334383114,8.400830333891421e-05
2291,3.4850196038272183,8.397554288117275e-05
2292,3.5176650233034863,8.393482399440335e-05
2293,3.5495937760287584,8.3894654987477e-05
2294,3.570503851663464,8.386816432457744e-05
2295,3.5688767581591048,8.387023088688995e-05
2296,3.534879990666681,8.391320836972932e-05
2297,3.4635818993167233,8.400208852999898e-05
2298,3.358962390602111,8.412942519045593e-05
2299,3.2439151996217634,8.426519963405864e-05
2300,3.195723027149308,8.43207437711371e-05
2301,3.277065019309876,8.422653595375474e-05
2302,3.393980014505163,8.408721300484332e-05
2303,3.4904033078477488,8.396885226168041e-05
2304,3.5509595434827586,8.389292916111718e-05
2305,3.574739996023171,8.386277988965954e-05
2306,3.568394560061821,8.387084315476569e-05
2307,3.5425471129374424,8.390354949626277e-05
2308,3.508601260702863,8.394616498759811e-05
2309,3.4758875112348773,8.398686966528149e-05
2310,3.449742288395072,8.40191439972532e-05
2311,3.430972175111092,8.404217312413874e-05
2312,3.4554964128132535,8.401206059881825e-05
2313,3.461779671712985,8.400431316589493e-05
2314,3.465315160308971,8.399994799963916e-05
2315,3.4722136978947513,8.399141852895897e-05
2316,3.482792683990235,8.397830756172343e-05
2317,3.492515381477797,8.396622482803312e-05
2318,3.493608535612874,8.396486435155364e-05
2319,3.4768736352622747,8.398564789189907e-05
2320,3.434242220318341,8.403816958701554e-05
2321,3.362731709640487,8.412490125456144e-05
2322,3.2703964765323583,8.42343435555556e-05
2323,3.194704538964233,8.432190913447366e-05
2324,3.21961056550163,8.429331049058364e-05
2325,3.3117296184505576,8.418570819670326e-05
2326,3.4020123289336954,8.407747228968395e-05
2327,3.4676823020170158,8.399702301953704e-05
2328,3.5042690981659885,8.395157589969039e-05
2329,3.51579586627153,8.393716501325652e-05
2330,3.510346256189065,8.394398370125953e-05
2331,3.496578791794667,8.396116572583626e-05
2332,3.4808885781243246,8.398067015957362e-05
2333,3.4656522743516813,8.399953155613185e-05
2334,3.4565935856106433,8.401070870681516e-05
2335,3.4374943972001293,8.403418437061048e-05
2336,3.4126049880303397,8.40645935408044e-05
2337,3.39048106947566,8.409144936643175e-05
2338,3.3754542327067187,8.410959638412725e-05
2339,3.367686261906267,8.41189475289262e-05
2340,3.3632372350777793,8.412429415937539e-05
2341,3.3530580843965287,8.413650192412323e-05
2342,3.325645389787126,8.416920417863396e-05
2343,3.274964347539951,8.422899706512225e-05
2344,3.2100288219978683,8.430433774985154e-05
2345,3.178674672729838,8.434020425150707e-05
2346,3.2167677367250236,8.429658544112771e-05
2347,3.285901292201041,8.421616719289231e-05
2348,3.3500709036780876,8.41400778025898e-05
2349,3.3984728200838465,8.408176729095396e-05
2350,3.431129366082186,8.404198075626515e-05
2351,3.4524267866511917,8.401584072657264e-05
2352,3.4669841799999896,8.399788585530177e-05
2353,3.476926224830121,8.398558272611759e-05
2354,3.393965170123621,8.408723098642622e-05
2355,3.33848268266592,8.415392132358695e-05
2356,3.282280416978087,8.422041923316807e-05
2357,3.236593217577492,8.42736893394517e-05
2358,3.2094062062689432,8.430505321683849e-05
2359,3.205058740984291,8.431004535840885e-05
2360,3.2208072562933863,8.429193107828303e-05
2361,3.2400041753882562,8.426973665495607e-05
2362,3.241147030428962,8.426841141081176e-05
2363,3.21500845549113,8.42986107676446e-05
2364,3.18178241809232,8.433666415703057e-05
2365,3.1557198873862973,8.436625083647777e-05
2366,3.173602434932939,8.43459750895813e-05
2367,3.220450769911003,8.429234204698757e-05
2368,3.2745300359819454,8.422950571105319e-05
2369,3.327647487351498,8.416682432903749e-05
2370,3.3782837004258526,8.410618520577212e-05
2371,3.4257059162977175,8.404861310112542e-05
2372,3.253135421080743,8.42544831300871e-05
2373,3.167600819803601,8.435279201475805e-05
2374,3.096367897628192,8.44327656611743e-05
2375,3.050738681556464,8.448308468919065e-05
2376,3.0355261380252747,8.449970264303426e-05
2377,3.0545125381022684,8.447894993375201e-05
2378,3.1072473714393314,8.442066305939874e-05
2379,3.1613227207071244,8.43599098797674e-05
2380,3.1862201035395628,8.433160341404097e-05
2381,3.175741469410347,8.434354251149577e-05
2382,3.156556451922121,8.436530474008741e-05
2383,3.1230362468504453,8.440302733632136e-05
2384,3.1213618684124933,8.440490159631712e-05
2385,3.158852725117107,8.436270659115579e-05
2386,3.221992465647548,8.429056442194429e-05
2387,3.298286465675247,8.4201589636639e-05
2388,3.060171914399729,8.447274021926517e-05
2389,2.97690112189228,8.456300267540506e-05
2390,2.9279914104997404,8.461491052725838e-05
2391,2.9085327197206707,8.46353333856665e-05
2392,2.908021464705427,8.463586821655565e-05
2393,2.9446596297038323,8.459731286416068e-05
2394,3.0370355268999214,8.449805734682147e-05
2395,3.1149220647107367,8.44121012587506e-05
2396,3.1518613954248553,8.437061144167882e-05
2397,3.1636197769444294,8.435730712122826e-05
2398,3.1313787383475695,8.439367471277369e-05
2399,3.09428083838055,8.443508274323547e-05
2400,3.0882865045898584,8.4441729471124e-05
2401,3.134533326192902,8.439013198226196e-05
2402,2.896170625304763,8.464824032526396e-05
2403,2.8543247657373927,8.469153972273198e-05
2404,2.834066825890456,8.471228435959151e-05
2405,2.8179038122222204,8.472873404770547e-05
2406,2.8046884451845626,8.47421167234383e-05
2407,2.8787430969657724,8.466634655005286e-05
2408,3.002038271646486,8.453600519962414e-05
2409,3.0890337497800706,8.444090156839666e-05
2410,3.1426217793445113,8.43810328386869e-05
2411,3.142903781213527,8.438071519757636e-05
2412,3.1142452439912933,8.441285711952934e-05
2413,3.082720896018671,8.444788983472251e-05
2414,2.8131184973651773,8.47335869179974e-05
2415,2.7826408652983368,8.476430899012152e-05
2416,2.749226264306051,8.479762208868083e-05
2417,2.7088717072455943,8.483733806328028e-05
2418,2.7090178480889895,8.483719525460582e-05
2419,2.855338137091047,8.469049828532127e-05
2420,2.9864532482526815,8.455276914951663e-05
2421,3.0753631900558727,8.445601757326506e-05
2422,3.128502036624425,8.439690241144744e-05
2423,3.134459355750001,8.43902150928782e-05
2424,2.735543046989229,8.481115207924752e-05
2425,2.6846634605420956,8.486089194151243e-05
2426,2.6280753491595266,8.4915155472022e-05
2427,2.576370864233898,8.496376066470074e-05
2428,2.6884316050169925,8.48572390335112e-05
2429,2.849588758673269,8.469640219919989e-05
2430,2.980476625224058,8.455917577927997e-05
2431,3.076687118858433,8.44545564503611e-05
2432,2.620360119124117,8.492246740231756e-05
2433,2.556350278519792,8.498233059807162e-05
2434,2.4960437951876795,8.503742060746907e-05
2435,2.520477763389218,8.501525349128379e-05
2436,2.689373453730771,8.48563252173138e-05
2437,2.84875159253176,8.469726091582774e-05
2438,2.494229296737829,8.503905842814387e-05
2439,2.4431750075012135,8.508466853093284e-05
2440,2.4067706968184406,8.51166322509774e-05
2441,2.522202348845518,8.501368100842158e-05
2442,2.4109458418631085,8.511299002297386e-05
2443,2.3976432786067785,8.512457330476222e-05
2444,3.4544520667245746,8.401334702542681e-05
2445,3.467701620244009,8.399699914108065e-05
2446,3.484084762705584,8.397670367137614e-05
2447,3.503366237638619,8.395270279186608e-05
2448,3.5205622512396415,8.393119306779879e-05
2449,3.527213937917136,8.392284630161589e-05
2450,3.513583101675185,8.393993487487109e-05
2451,3.47151128187736,8.399228773635699e-05
2452,3.397942033573987,8.408241100865196e-05
2453,3.299853739202696,8.41997412366101e-05
2454,3.20818028189724,8.430646158005412e-05
2455,3.4589102194974983,8.400785292008582e-05
2456,3.449603245862139,8.401931502311093e-05
2457,3.4405538087979433,8.40304321324632e-05
2458,3.434548420104905,8.403779452110354e-05
2459,3.4299581257573797,8.404341390289057e-05
2460,3.421598270455964,8.40536297818652e-05
2461,3.4016382845779902,8.407792637097769e-05
2462,3.362065600048714,8.412570106700951e-05
2463,3.29985509838591,8.419973963326617e-05
2464,3.22489655316175,8.428721372663482e-05
2465,3.1830990432745416,8.433516337365529e-05
2466,3.225676251636408,8.42863136346861e-05
2467,3.302539380191307,8.419657193590986e-05
2468,3.37066739632842,8.411536121588075e-05
2469,3.4183727520271443,8.405756515006853e-05
2470,3.44610283501561,8.402361848380106e-05
2471,3.4595494271292404,8.400706463263915e-05
2472,3.4654106835142655,8.399983000183504e-05
2473,3.468513487115764,8.39959955133229e-05
2474,3.470113899885464,8.3994016441214e-05
2475,3.4017844126889902,8.407774898038536e-05
2476,3.3602950188138605,8.41278263168403e-05
2477,3.32277755776896,8.417261075307121e-05
2478,3.295989493790062,8.420429712448464e-05
2479,3.282930367568488,8.421965631412257e-05
2480,3.2811240146686242,8.42217762777362e-05
2481,3.279642423796339,8.422351427238664e-05
2482,3.263772221800854,8.424208441525422e-05
2483,3.2266004102782615,8.428524650956687e-05
2484,3.179420754497416,8.43393546742561e-05
2485,3.1665041801752705,8.435403630814593e-05
2486,3.1979059454191745,8.431824487026937e-05
2487,3.2492540872018685,8.42589978451291e-05
2488,3.298352780765385,8.420151144322011e-05
2489,3.3402085779674024,8.41518624017212e-05
2490,3.3767049741086987,8.4108088834656e-05
2491,3.410575512632658,8.406706393137181e-05
2492,3.442187792119789,8.402842683634175e-05
2493,3.2665999977029427,8.423878179626288e-05
2494,3.198728501136908,8.431730282808071e-05
2495,3.14712791096658,8.437595398545224e-05
2496,3.1203794606530173,8.440600083588867e-05
2497,3.123134509112311,8.440291731417423e-05
2498,3.151735734639537,8.437075336979203e-05
2499,3.184059245736358,8.433406849502383e-05
2500,3.1956338128459576,8.43208458650171e-05
2501,3.179157988094822,8.433965391284349e-05
2502,3.158496012734704,8.43631103157952e-05
2503,3.1344547370735527,8.439022028220056e-05
2504,3.1425735633545013,8.438108714547758e-05
2505,3.177931279089249,8.43410505796334e-05
2506,3.2273970969515453,8.428432634387032e-05
2507,3.2851302246989476,8.421707303864953e-05
2508,3.3478824659147945,8.414269561887202e-05
2509,3.0774142007089047,8.445375376895085e-05
2510,3.0108113807153867,8.452653182956868e-05
2511,2.9748980996376893,8.456514461282448e-05
2512,2.9679054012129273,8.457261148113687e-05
2513,2.9953267809075745,8.454323458816678e-05
2514,3.0620128421194286,8.447071791358928e-05
2515,3.124040060949768,8.440190323235559e-05
2516,3.1529779978576986,8.436935005431217e-05
2517,3.1613975155726304,8.435982515913377e-05
2518,3.1316166240579104,8.439340767558344e-05
2519,3.099445960593787,8.442934564121839e-05
2520,3.095029600317369,8.443425162830725e-05
2521,3.13088830716508,8.439422518255956e-05
2522,3.19868411123173,8.431735367203526e-05
2523,2.911463333589238,8.463226589445035e-05
2524,2.8792409543179067,8.466583075626382e-05
2525,2.8650930459475417,8.468045508849377e-05
2526,2.8604419846511946,8.468524769733171e-05
2527,2.9097385857948965,8.463407155627496e-05
2528,3.0128389860424876,8.45243386314523e-05
2529,3.090022148131604,8.443980618974513e-05
2530,3.125731082220119,8.4400008795e-05
2531,3.1371500324010118,8.438719074353302e-05
2532,3.108089200820674,8.441972490460819e-05
2533,3.076695555661966,8.445454713736193e-05
2534,3.0768883400445337,8.445433432492963e-05
2535,2.823244297717954,8.472330882506506e-05
2536,2.798811682333432,8.47480484900015e-05
2537,2.770477471054231,8.477648020063796e-05
2538,2.7579589830334936,8.478895323089328e-05
2539,2.8702486873008186,8.467513382534069e-05
2540,2.9899554113951337,8.454900931981007e-05
2541,3.071073494832464,8.446074768260882e-05
2542,3.119729011907644,8.440672845761696e-05
2543,3.1210704875426805,8.440522766365543e-05
2544,3.098437995733549,8.44304659416881e-05
2545,2.742044671245531,8.480473135606522e-05
2546,2.6948688606481106,8.485098722541779e-05
2547,2.645476153792022,8.489858814007149e-05
2548,2.7105305633019467,8.483571659527728e-05
2549,2.858852362586636,8.46868839860946e-05
2550,2.980058864188585,8.455962313927906e-05
2551,3.0682770231161323,8.446382787805209e-05
2552,3.1119450905987955,8.441542472099517e-05
2553,2.6237348182557456,8.491927166162911e-05
2554,2.5612711981629976,8.49777792159171e-05
2555,2.5540312891397794,8.498447250932213e-05
2556,2.707918443939297,8.483826940919981e-05
2557,2.8564209111407357,8.468938513151983e-05
2558,2.9772078819042433,8.456267451917704e-05
2559,2.4943498948044076,8.503894960849151e-05
2560,2.4449816548377212,8.508307013856248e-05
2561,2.5528479259829577,8.49855647866694e-05
2562,2.7092122224294384,8.483700530071903e-05
2563,2.407932456283287,8.511561939405548e-05
2564,2.412640561894337,8.511150986978072e-05
2565,3.4231899742671783,8.405168650068522e-05
2566,3.3934047505549065,8.408790979051918e-05
2567,3.3660385307804366,8.412092847100989e-05
2568,3.34331770320324,8.414815081107728e-05
2569,3.3232626333876145,8.417203474747781e-05
2570,3.2995823911655706,8.420006131652042e-05
2571,3.2648233717633506,8.424085707095225e-05
2572,3.217682834675968,8.429553154357899e-05
2573,3.1742808694835047,8.43452037205924e-05
2574,3.301833723779275,8.419740491054531e-05
2575,3.248500463081538,8.425987385926129e-05
2576,3.2097149589007943,8.430469843607865e-05
2577,3.1908124096055688,8.432635929942614e-05
2578,3.18933557905763,8.43280465250183e-05
2579,3.1922480397133883,8.432471843397061e-05
2580,3.1845638560327276,8.433349298351114e-05
2581,3.162689000640042,8.43583619855317e-05
2582,3.1465000558569285,8.437666205421898e-05
2583,3.144013043420395,8.437946548478159e-05
2584,3.163576680968939,8.435735596911965e-05
2585,3.189177492044206,8.432822708984168e-05
2586,3.2156599323774344,8.429786089429029e-05
2587,3.24752521888605,8.426100719957655e-05
2588,3.289258525669215,8.421222079238532e-05
2589,3.339929224436639,8.415219572703643e-05
2590,3.1236205317028762,8.44023730767283e-05
2591,3.06982531105042,8.446212283437913e-05
2592,3.044979535799829,8.448938520377657e-05
2593,3.0520986366719436,8.448159524092348e-05
2594,3.0852149049065023,8.444513061713097e-05
2595,3.1193063918717585,8.44072011424594e-05
2596,3.1334253706481174,8.439137664751632e-05
2597,3.124952397562449,8.440088127009022e-05
2598,3.11582726322422,8.441109010585571e-05
2599,3.0988766569961497,8.442997843512302e-05
2600,3.100090348718927,8.442862925576834e-05
2601,3.1205900035441347,8.440576528209222e-05
2602,3.1594564014078035,8.436202325586233e-05
2603,3.2170543493127415,8.429625538645465e-05
2604,2.954173294680687,8.458722590357979e-05
2605,2.926305685905895,8.461668493168802e-05
2606,2.9216136931412833,8.462161860726683e-05
2607,2.9543629580348196,8.458702449497087e-05
2608,3.0219853611994214,8.451442777848105e-05
2609,3.076490700968515,8.445477326016166e-05
2610,3.1003180516960085,8.442837607772781e-05
2611,3.1085866316375603,8.441917044224167e-05
2612,3.0848767054270803,8.444550490461154e-05
2613,3.061964944439305,8.447077054507689e-05
2614,3.061173290245322,8.447164032621254e-05
2615,3.0941477816650256,8.4435230414251e-05
2616,2.8516039005767766,8.469433419134905e-05
2617,2.8305269446180406,8.471589474384725e-05
2618,2.8247057666307858,8.472182244967337e-05
2619,2.8993932948601016,8.464488069066192e-05
2620,2.9904054745178574,8.454852583897163e-05
2621,3.051811992253237,8.44819092318425e-05
2622,3.089155305959406,8.44407668734403e-05
2623,3.0852515917124346,8.444509001326596e-05
2624,3.0644856292871485,8.44679996718035e-05
2625,3.0478185559986466,8.448628072861871e-05
2626,2.7608032473876865,8.478612406089453e-05
2627,2.7210757432959682,8.482538674853758e-05
2628,2.7634585677680894,8.47834803024506e-05
2629,2.879907681430859,8.466513987499638e-05
2630,2.975700464959342,8.45642867665112e-05
2631,3.037942573202294,8.449706825394431e-05
2632,3.0737733913293273,8.445777132630717e-05
2633,3.075765089709718,8.44555740894303e-05
2634,2.6360586199923453,8.490756768041994e-05
2635,2.6297155061016153,8.491359837809536e-05
2636,2.7540040909230212,8.479288247583329e-05
2637,2.874451391615432,8.46707893313195e-05
2638,2.9695718680586585,8.457083353548979e-05
2639,3.038180783588719,8.449680844964889e-05
2640,2.5172324858742128,8.501820972443915e-05
2641,2.624701256408231,8.491835574215272e-05
2642,2.754854657910739,8.479203788221096e-05
2643,2.873392805933995,8.467188420499907e-05
2644,2.5058491354709913,8.502855006240948e-05
2645,2.6273961856793213,8.49157999660003e-05
2646,3.1811768096606134,8.43373542750253e-05
2647,3.132641779243552,8.439225667324505e-05
2648,3.108726949001588,8.441901402192455e-05
2649,3.105000398079519,8.4423165956971e-05
2650,3.108375016042127,8.441940633034664e-05
2651,3.1087033463235274,8.441904033373783e-05
2652,3.1068836005352036,8.44210683796247e-05
2653,3.0173212221414007,8.451948533798891e-05
2654,2.994948716298007,8.454364136708038e-05
2655,3.0029607384712946,8.453501034311215e-05
2656,3.0312808868197245,8.450432596261594e-05
2657,3.0576892580339874,8.447546564591402e-05
2658,3.0697433430716283,8.44622131216989e-05
2659,3.07453280073184,8.445693370746968e-05
2660,3.0627394178571814,8.446991943301759e-05
2661,3.0506689796491373,8.448316101098766e-05
2662,3.0444708750101577,8.44899411343548e-05
2663,3.050572931232531,8.44832661788136e-05
2664,3.0780887168647717,8.445300895743145e-05
2665,2.899962658936617,8.464428675659996e-05
2666,2.8971192030895354,8.464725180387607e-05
2667,2.936387169564768,8.460605854594048e-05
2668,2.9894998685677194,8.454949861649872e-05
2669,3.0260295249090237,8.451003646039216e-05
2670,3.0395775846650728,8.449528463710341e-05
2671,3.042248834863729,8.449236863080533e-05
2672,3.0268587444442243,8.450913536827467e-05
2673,3.015860068355357,8.452106820781151e-05
2674,3.0209213467428753,8.45155821984363e-05
2675,2.80281122218009,8.474401281463061e-05
2676,2.8314433349071226,8.471496051719783e-05
2677,2.9059814914476987,8.463800136488258e-05
2678,2.968329138516514,8.457215948817137e-05
2679,3.0059598367118747,8.453177387844374e-05
2680,3.0257332325176667,8.451035837684296e-05
2681,3.021305672507904,8.451516526260616e-05
2682,3.0129568689257367,8.452421107785885e-05
2683,2.7259262798486903,8.482062230078145e-05
2684,2.8121523584239845,8.473456573582051e-05
2685,2.8952591990583563,8.464918983879218e-05
2686,2.957637486636816,8.458354523714955e-05
2687,2.9995298162644692,8.453870902888295e-05
2688,3.0165137065657888,8.452036021105628e-05
2689,2.71531909468039,8.483103063050122e-05
2690,2.809665817086082,8.473708342474404e-05
2691,2.8917260802794726,8.465286789770337e-05
2692,2.9541373829593276,8.458726403780985e-05
2693,2.7174477840864966,8.482894498014559e-05
2694,2.8098432541574874,8.473690383583415e-05
2695,2.9737584261042955,8.456636271140063e-05
2696,2.977903931723911,8.456192980080978e-05
2697,2.994836004358859,8.454376263009831e-05
2698,3.0111919408744616,8.452612029674043e-05
2699,3.0208784640350084,8.451562871660833e-05
2700,2.9050392687198037,8.463898613968927e-05
2701,2.935384140099315,8.46071173542924e-05
2702,2.963944029904722,8.457683402326119e-05
2703,2.9809597257298686,8.455865837576834e-05
2704,2.9886672256096927,8.455039277099769e-05
2705,2.9831984453143328,8.455625964868979e-05
2706,2.975353262084789,8.456465800446522e-05
2707,2.9713556782523822,8.456892934057752e-05
2708,2.8739264524581816,8.4671332313518e-05
2709,2.916203281329753,8.462729830652622e-05
2710,2.9460050491983583,8.459588825720213e-05
2711,2.9612244029695627,8.457972983466635e-05
2712,2.9678445626443812,8.457267637148482e-05
2713,2.9686562257978095,8.457181054789999e-05
2714,2.86469745678719,8.468086300707243e-05
2715,2.907679677873588,8.463622571427508e-05
2716,2.9370390618454745,8.460537021623344e-05
2717,2.95593210163285,8.458535770530737e-05
2718,2.8622169649286753,8.468341957876869e-05
2719,2.905131153643099,8.463889011856428e-05
2720,2.940325493645664,8.460189786536806e-05
2721,2.9450495465820117,8.459690006192194e-05
2722,2.947822321718867,8.459396303792518e-05
2723,2.923216953192915,8.461993361551118e-05
2724,2.9262521652816322,8.461674125183142e-05
2725,2.9286490323583982,8.461421804533495e-05
2726,2.933478942430495,8.460912754842403e-05
2727,2.9149504931952053,8.462861201255078e-05
2728,2.919732311418148,8.462359477133054e-05
2729,2.9143565969757605,8.462923459879371e-05
