Mode_Index,Frequency_THz,Cv_QPA_eV_K
0,0.0,0.0
1,0.22861285634193443,8.616215761559948e-05
2,0.45117577636310435,8.612744001581659e-05
3,0.662171002858357,8.606819269413043e-05
4,0.8572556220561026,8.597568297768065e-05
5,1.034122563371707,8.58550857272778e-05
6,1.1934823185035288,8.567697062142626e-05
7,1.3396730775044468,8.537734397746682e-05
8,1.4800967973001717,8.506795805184102e-05
9,1.623037505888496,8.45287132977466e-05
10,1.7745389694713514,8.396381233676648e-05
11,1.9352680488518421,8.361882283030091e-05
12,2.0890880752794625,8.35276186265895e-05
13,0.19453339751150275,8.616464075580663e-05
14,0.3503481666352646,8.614542796604542e-05
15,0.5440170397480053,8.610368528866579e-05
16,0.7334277919090325,8.603942009573175e-05
17,0.9080745257473786,8.595441149501262e-05
18,1.0647197117289782,8.583044515434703e-05
19,1.2046695378140402,8.563576519844243e-05
20,1.3332343706985579,8.538259268642152e-05
21,1.4585279812658674,8.501796452894589e-05
22,1.5891822183869586,8.456796507602069e-05
23,1.7317458101334018,8.390524940628011e-05
24,1.8886750954870126,8.351249255738317e-05
25,1.9983242394033578,8.380200864211102e-05
26,1.8374150316413749,8.384041146692429e-05
27,1.6855213211519728,8.433391421635307e-05
28,1.5465005127091773,8.491443773492567e-05
29,1.4165477653237082,8.526919975280218e-05
30,1.2881544505382618,8.553046439148844e-05
31,1.1526719432776067,8.574927789145397e-05
32,1.0028747826042588,8.589567065636098e-05
33,0.8348269251276559,8.599517806680317e-05
34,0.648950838413249,8.607144862725936e-05
35,0.4524772520637583,8.612498871962278e-05
36,0.2769536128453171,8.615550001813393e-05
37,0.36517673661131433,8.614171151871924e-05
38,0.48014674412876934,8.611801064964479e-05
39,0.6331155908221412,8.60760831756321e-05
40,0.7901871980962877,8.601391215273077e-05
41,0.9378341444532503,8.593083209213169e-05
42,1.0718484085300766,8.580543030743885e-05
43,1.193896923178171,8.563880581921062e-05
44,1.3100095018039135,8.539731416557345e-05
45,1.4286773159057855,8.498420076539348e-05
46,1.5582166073969916,8.452030260810749e-05
47,1.704199953766213,8.368883385786834e-05
48,1.8680040673937315,8.330669802354405e-05
49,1.7573594315900387,8.430579805214184e-05
50,1.602185365836174,8.467753280465756e-05
51,1.464524950184951,8.519212857263813e-05
52,1.3400966082249175,8.547076319218986e-05
53,1.2206051345066267,8.56810266912447e-05
54,1.0971403084551694,8.582665928733345e-05
55,0.96322094528781,8.592527453110469e-05
56,0.8172844894662322,8.60042447593093e-05
57,0.6656719947795826,8.606429892507929e-05
58,0.5292895061044786,8.610490305663366e-05
59,0.4935158359020162,8.611353555286443e-05
60,0.5739649798135301,8.60912223771424e-05
61,0.6898782464758695,8.605010710602899e-05
62,0.8164278766596913,8.599687421967362e-05
63,0.9407663990501262,8.591984472724085e-05
64,1.058757654560746,8.58109419951086e-05
65,1.1724121357017063,8.566734866145688e-05
66,1.2877560620016162,8.53671486747744e-05
67,1.4121879459549085,8.503060635676069e-05
68,1.5515470383884005,8.452223084770606e-05
69,1.708001842272144,8.386960298325373e-05
70,1.6856243071325487,8.461104254267538e-05
71,1.5179617316238727,8.514089054219779e-05
72,1.3733094585226073,8.54250187477546e-05
73,1.24991889941971,8.563525878174095e-05
74,1.1403839622257383,8.579285438038078e-05
75,1.036062125457529,8.58835498959806e-05
76,0.9312670094758924,8.595046322087804e-05
77,0.8265767115073817,8.599988858498988e-05
78,0.7315184040088711,8.603716783504784e-05
79,0.5707615563879945,8.609145605182568e-05
80,0.6217422834141383,8.607628872128712e-05
81,0.7094970019276855,8.603667175500826e-05
82,0.8153823919765493,8.598647593052504e-05
83,0.9277322935771551,8.591823200547124e-05
84,1.042367156276011,8.58164275684989e-05
85,1.1606833337649256,8.565800523029764e-05
86,1.2870012485163955,8.540688056690988e-05
87,1.4255789186680414,8.499961778186396e-05
88,1.578162517452644,8.454691900895483e-05
89,1.6164663898093918,8.492907741403658e-05
90,1.4333624772627749,8.534073321206845e-05
91,1.2781053073229804,8.55921826476406e-05
92,1.1539739531022497,8.574532309031554e-05
93,1.0565219565328765,8.585282285380848e-05
94,0.9782083541252347,8.591789328804772e-05
95,0.913285648195508,8.596119993120968e-05
96,0.8610920686706017,8.598449671237554e-05
97,0.6008656443231164,8.607661151929052e-05
98,0.6321829228020998,8.606440859232159e-05
99,0.7057002431447255,8.603378942078277e-05
100,0.805558424517008,8.599026125128244e-05
101,0.9198657683063628,8.59215195079924e-05
102,1.0432495822636172,8.580858519082927e-05
103,1.175147262418463,8.564967056813106e-05
104,1.316879573732347,8.53492466971116e-05
105,1.468958635272699,8.505935005208798e-05
106,1.562978988345045,8.517285883875505e-05
107,1.351661180085781,8.549038565212923e-05
108,1.187417043625124,8.569342959044779e-05
109,1.0640598044053373,8.582768692756179e-05
110,0.9814944806662436,8.590825615255569e-05
111,0.9336070316590994,8.594664326632719e-05
112,0.9128077654253516,8.596120975534103e-05
113,0.6022628510854203,8.607686229743323e-05
114,0.6287189251741563,8.606746546010019e-05
115,0.7035241410036066,8.602704861801723e-05
116,0.8100690328493161,8.5990128337243e-05
117,0.9349929121598781,8.590321965942065e-05
118,1.0713621390901942,8.580437996198402e-05
119,1.2165458217929217,8.561553893520565e-05
120,1.3691895983347468,8.537855790207323e-05
121,1.4936200102639703,8.530604191366175e-05
122,1.276419406862923,8.561795975145281e-05
123,1.1100054617250616,8.577062659733314e-05
124,0.9930500421291588,8.589092566062021e-05
125,0.9293929140252067,8.592660572574447e-05
126,0.9133125630470892,8.595317940553204e-05
127,0.6038498057131322,8.607254007263533e-05
128,0.6392535108602359,8.605552267208874e-05
129,0.7242496284170049,8.602565066673012e-05
130,0.8406880282464705,8.597621678116491e-05
131,0.9749109062565039,8.588714538305659e-05
132,1.1195405483206364,8.576869917096907e-05
133,1.270706074334121,8.559932843470851e-05
134,1.4217004037415195,8.545844000497012e-05
135,1.2124636055688207,8.569010839629545e-05
136,1.0558166481927047,8.582526307260607e-05
137,0.955364117486855,8.59069713567169e-05
138,0.9157735931208529,8.593661564715192e-05
139,0.6296242715425818,8.605909476705721e-05
140,0.6776083150269423,8.604446459562043e-05
141,0.7700905102179731,8.601236978180997e-05
142,0.8902404814654188,8.594771545485998e-05
143,1.02607742614772,8.586552089966957e-05
144,1.1705485653265622,8.574856868062075e-05
145,1.3189202154408366,8.556420568941247e-05
146,1.1791418253308954,8.574067190758586e-05
147,1.0374328233725116,8.582674474352309e-05
148,0.9664314211871838,8.588610854271983e-05
149,0.6814880325282143,8.605103390677815e-05
150,0.7348022087975703,8.603460464373391e-05
151,0.8258078578505461,8.598634158431293e-05
152,0.94116901506037,8.591975161499591e-05
153,1.070878956460433,8.584569920464384e-05
154,1.20793000173456,8.572249525883392e-05
155,1.1592682402151873,8.578707576384475e-05
156,1.0681433540295513,8.582001740536009e-05
157,0.7422612361393943,8.603477253892526e-05
158,0.7911163045470125,8.60034647613996e-05
159,0.872982697602814,8.59676135851464e-05
160,0.9777034587823621,8.591926492735805e-05
161,1.096358877897266,8.583237019507894e-05
162,1.1869626950964027,8.579904483833551e-05
163,0.7925696314112649,8.600262992388e-05
164,0.83042855620347,8.599560094321943e-05
165,0.8992574603113653,8.597026728767091e-05
166,0.9907971186026436,8.591939909225373e-05
167,0.8202245168722189,8.601051796771115e-05
168,0.8443250167933286,8.60012786205778e-05
169,0.4182194626660712,8.61313917802896e-05
170,0.564660280979772,8.609558668683085e-05
171,0.7329601192467855,8.604018723254137e-05
172,0.8947272235590806,8.59667423704206e-05
173,1.041386643574442,8.586392393729744e-05
174,1.1728816286190373,8.57218617181862e-05
175,1.294427628882208,8.550263609394939e-05
176,1.4144219860657357,8.520861135975326e-05
177,1.5417897923415673,8.477542197300244e-05
178,1.6828195466267806,8.418928171640295e-05
179,1.8345393548760638,8.357568786870832e-05
180,0.5371750502318156,8.610297936422799e-05
181,0.6512037168989154,8.60661460585192e-05
182,0.7872566989784341,8.601473204531489e-05
183,0.921295799024975,8.594313192787853e-05
184,1.0454281987345269,8.585596837671756e-05
185,1.160689426534457,8.571406142177709e-05
186,1.273284993020712,8.547490370176108e-05
187,1.3915184610279554,8.516038145497941e-05
188,1.522072864709584,8.475295444156004e-05
189,1.663039763933122,8.385054742192886e-05
190,1.7344463894049715,8.3716047092234e-05
191,1.6073382808652763,8.452373118202784e-05
192,1.4648179458408164,8.51150345201649e-05
193,1.3375507294678926,8.542917795443905e-05
194,1.2224655480434745,8.565455918677421e-05
195,1.1112262861357687,8.580391936758825e-05
196,0.9959643426160594,8.59084588989113e-05
197,0.8732291100392306,8.597815541038533e-05
198,0.7473612119372408,8.603236582613352e-05
199,0.6344616829054569,8.607249773939157e-05
200,0.6115126463976149,8.60790099457772e-05
201,0.6970326078073162,8.604801403919906e-05
202,0.8063878121198287,8.600574596761614e-05
203,0.9199599343974574,8.593725772825152e-05
204,1.031471592855054,8.584323070316057e-05
205,1.1424690202591266,8.567154488685084e-05
206,1.2583557282586473,8.548326256835656e-05
207,1.384468446292693,8.513927780207342e-05
208,1.5198059476438521,8.461758861278451e-05
209,1.620945043330536,8.413075378072686e-05
210,1.5245012751819864,8.496928792942723e-05
211,1.3770094670156618,8.533517466798036e-05
212,1.2466631353446593,8.559741625787732e-05
213,1.1369942083097329,8.575385725533206e-05
214,1.0416360597421,8.586665426393367e-05
215,0.9536108051999468,8.593387521176826e-05
216,0.870525725820944,8.598005779419688e-05
217,0.7975555268557623,8.601241019790318e-05
218,0.6415547135612731,8.606738989596741e-05
219,0.708214673839925,8.60425143820762e-05
220,0.8032565829680289,8.599075378542584e-05
221,0.9100721739761612,8.592939248692768e-05
222,1.0228024886766751,8.583965743290334e-05
223,1.1417619196751403,8.568418034916362e-05
224,1.269259408104237,8.547093510025215e-05
225,1.4040118612958583,8.51456361535165e-05
226,1.5171105138515928,8.479866341015416e-05
227,1.445188460799357,8.51622476252993e-05
228,1.290352204117839,8.551107897329434e-05
229,1.155722447291566,8.57127029654676e-05
230,1.0526307529785166,8.584413509314446e-05
231,0.9776028629907215,8.591111397246211e-05
232,0.9241467284698748,8.595373271075184e-05
233,0.8883174377528303,8.597246584642262e-05
234,0.6441729989047281,8.606144190116013e-05
235,0.7062704087255346,8.604038871683198e-05
236,0.8016069481899243,8.59986014538602e-05
237,0.9142996708111898,8.592243478216693e-05
238,1.0374372228926034,8.583189294656345e-05
239,1.1688643767370728,8.56447635807518e-05
240,1.3059655983126435,8.545936793694818e-05
241,1.427919056716047,8.520371356465679e-05
242,1.3741916206313178,8.540958098216072e-05
243,1.2127141455295318,8.567286942642607e-05
244,1.076340569053776,8.580845831381123e-05
245,0.9828286833978455,8.588820781245611e-05
246,0.9312930270119045,8.593793721116967e-05
247,0.9144326826450195,8.595607393199677e-05
248,0.6467788421513521,8.606741807273041e-05
249,0.7169508979549893,8.602961863333988e-05
250,0.8212450266433812,8.598400949984669e-05
251,0.9438766415536649,8.59098596786394e-05
252,1.077028197030475,8.580314578492935e-05
253,1.2158856491579906,8.566056147465803e-05
254,1.345508382402761,8.545923709132399e-05
255,1.3278134700988125,8.548898681170141e-05
256,1.1492648023206882,8.574579169607529e-05
257,1.0187610567025163,8.585874984143535e-05
258,0.9407551431350858,8.59200678100607e-05
259,0.9148341312537559,8.595045751335156e-05
260,0.6720910655260579,8.60510475633642e-05
261,0.7531417774027377,8.602663159910051e-05
262,0.8645191278686482,8.596508040233951e-05
263,0.992131954930074,8.588473502771744e-05
264,1.1281070241395965,8.578048283334097e-05
265,1.261910665906989,8.56183800047129e-05
266,1.270439970929835,8.563870727934757e-05
267,1.1065694419445642,8.577517726299421e-05
268,0.9946577004276429,8.587051127056193e-05
269,0.9405427055043709,8.592385459150255e-05
270,0.7221842766303607,8.60372462492948e-05
271,0.8071364798369219,8.600134630035325e-05
272,0.9176646922081938,8.594238075652501e-05
273,1.0423918334090925,8.586833852713982e-05
274,1.1728637303724472,8.577313375057902e-05
275,1.2252168170503344,8.571132379730752e-05
276,1.095292325555997,8.581230188936974e-05
277,1.017212756513298,8.585760779161462e-05
278,0.7810351527261962,8.601102491206536e-05
279,0.860817107657113,8.597601043142142e-05
280,0.9633325116296779,8.59267601791674e-05
281,1.0796217342577439,8.585090511069569e-05
282,1.1945959754558402,8.577072773950052e-05
283,1.1318761596723237,8.581688326008114e-05
284,0.8300041323054589,8.599220865056177e-05
285,0.898658983930969,8.596892039566398e-05
286,0.9893772774609529,8.59257091920498e-05
287,1.0946014419057823,8.585921040436546e-05
288,0.8570261424323913,8.599508778290462e-05
289,0.9121373261825066,8.597431450027401e-05
290,0.7040022335399777,8.604500900300954e-05
291,0.7923116710104874,8.601420296033824e-05
292,0.8941567660881058,8.596277995289105e-05
293,0.9969836711392341,8.588777577944078e-05
294,1.0987001841425539,8.579172877733486e-05
295,1.204057357238114,8.562221852055357e-05
296,1.3198359221594378,8.539363189030801e-05
297,1.4481231706795397,8.496535970822153e-05
298,1.5677055010210383,8.429068337240426e-05
299,0.7338935660119633,8.603565990000369e-05
300,0.8048548955290997,8.600695344139034e-05
301,0.8926285635076362,8.596150765720554e-05
302,0.9873012460593174,8.588594098480365e-05
303,1.087780870506904,8.577688220617165e-05
304,1.197372542618369,8.559119896055855e-05
305,1.317244697612647,8.529913624823935e-05
306,1.4326688828855694,8.495828800012063e-05
307,1.465545125412423,8.487820928465753e-05
308,1.3637093332595382,8.531183646851263e-05
309,1.236917277629779,8.559080847832458e-05
310,1.1248857210885992,8.576047607302274e-05
311,1.0314130419796597,8.58625302852729e-05
312,0.9518936584865318,8.592676554752056e-05
313,0.8828119128782937,8.59753600869926e-05
314,0.8266843540432826,8.600050062193288e-05
315,0.738582462735467,8.60320686213201e-05
316,0.805004361755876,8.600754630811714e-05
317,0.8922135626963406,8.595234248529962e-05
318,0.9911649659423296,8.58756797070948e-05
319,1.0995859441079079,8.576513607997082e-05
320,1.216409019843277,8.559123316922147e-05
321,1.330588433616135,8.533537947965832e-05
322,1.385285290576139,8.518917919119102e-05
323,1.2887271146925228,8.549755665577967e-05
324,1.1609749988854665,8.568619256601568e-05
325,1.0535580218262686,8.582397774186544e-05
326,0.9752956147891709,8.591291140712498e-05
327,0.9230281638157384,8.594766649047512e-05
328,0.8925505637390411,8.596907631314476e-05
329,0.7429594576282604,8.602349503276653e-05
330,0.8165779613625764,8.599643578303525e-05
331,0.91204575288459,8.593865416555109e-05
332,1.020134923074106,8.58653755367748e-05
333,1.136237465548292,8.574394236423311e-05
334,1.251278369590077,8.559282004865773e-05
335,1.3188156184939268,8.542853780171811e-05
336,1.2292273697824345,8.560991751182746e-05
337,1.1010906059215897,8.578535610484972e-05
338,1.0013757373685186,8.587254889267667e-05
339,0.9413576765341365,8.593058582865242e-05
340,0.9174990491546918,8.595744979465691e-05
341,0.7675400427056289,8.602321339468896e-05
342,0.851461377223247,8.598214429745092e-05
343,0.9544734744886921,8.592640113359783e-05
344,1.0676962083760897,8.584081846154602e-05
345,1.1829367662460955,8.572813617851134e-05
346,1.2641780583685356,8.561573194621875e-05
347,1.1844025286818263,8.570493506545758e-05
348,1.0619989692768232,8.583080116674686e-05
349,0.9769467125195125,8.589994365027278e-05
350,0.9387539985905134,8.593070230497601e-05
351,0.8145988117128294,8.600002707108866e-05
352,0.9029649425613924,8.59577944684359e-05
353,1.006650081571312,8.589053117143127e-05
354,1.1173938900031446,8.582035913784558e-05
355,1.2128394739993287,8.571609587013125e-05
356,1.1666223349523266,8.57451918817802e-05
357,1.05055431875572,8.58517466208029e-05
358,0.9901917520864509,8.587515875697947e-05
359,0.8700646825986965,8.597124089057418e-05
360,0.9545189619263574,8.593438728953846e-05
361,1.0522728940439041,8.589102657319179e-05
362,1.1545625109465925,8.581969366445496e-05
363,1.156264825374241,8.579829897181228e-05
364,1.0775132763096928,8.585117923478652e-05
365,0.9166464117203194,8.59553278545416e-05
366,0.9913785367562392,8.592909613785173e-05
367,1.0807009963944585,8.587961459663619e-05
368,1.183628103169588,8.579945834447179e-05
369,0.9425408428162936,8.596188918937897e-05
370,1.0048624188730362,8.593113823924053e-05
371,0.8321320262551601,8.599326943703335e-05
372,0.8831312028406171,8.596917050952402e-05
373,0.9506391583222612,8.592806946265088e-05
374,1.0326877825146632,8.585387992247709e-05
375,1.1307997804682484,8.572098184507954e-05
376,1.2422963433978027,8.551373916133443e-05
377,1.3414313301199439,8.525960450689314e-05
378,0.8373332308038558,8.599612127830536e-05
379,0.8946994796694008,8.596599979470874e-05
380,0.9697109975473549,8.592347725136721e-05
381,1.0591753372919877,8.583205573028601e-05
382,1.160026166771095,8.569506326223571e-05
383,1.254788727302239,8.550324189456575e-05
384,1.2715778278687082,8.552750141810468e-05
385,1.180711788099418,8.568148438768523e-05
386,1.076759257166793,8.581247708802541e-05
387,0.9930110205202116,8.588797710081824e-05
388,0.9337343467008961,8.594066505435686e-05
389,0.8971573917386745,8.59693881482693e-05
390,0.8613838049334023,8.598365469745331e-05
391,0.9289166234411013,8.594483548683671e-05
392,1.0115753340486884,8.589316686195008e-05
393,1.1044925689315896,8.581089357248035e-05
394,1.1956162600227578,8.569154533857337e-05
395,1.2292142159446977,8.560194714206397e-05
396,1.137499390290658,8.576106103048018e-05
397,1.0423237690469747,8.585931347457152e-05
398,0.9759410452200331,8.591222874211061e-05
399,0.9410633103950563,8.594720218677666e-05
400,0.9065530875703003,8.596356308058496e-05
401,0.9794269783780083,8.592129696280068e-05
402,1.0634333323521412,8.587267602155008e-05
403,1.1505062048289172,8.58000289237368e-05
404,1.1956108275870854,8.570424249492004e-05
405,1.111570374666395,8.580945467993483e-05
406,1.031022982976116,8.588289179816109e-05
407,0.9864649805756309,8.590215806065035e-05
408,0.9599332378607515,8.593645984568086e-05
409,1.0303029916375142,8.590251774703023e-05
410,1.1090221811598777,8.585695468335647e-05
411,1.1707801814462298,8.578699839581173e-05
412,1.1054012480045234,8.583939799846508e-05
413,1.0495120571193304,8.588474464642367e-05
414,1.0050877400963945,8.591781424863866e-05
415,1.0673058936105522,8.589405440795767e-05
416,1.140281388774775,8.584109659447476e-05
417,1.1381014597530494,8.583616231176808e-05
418,1.03034007267024,8.591906334164936e-05
419,1.0819751459871583,8.588697156182506e-05
420,0.9208347083745546,8.595500039719786e-05
421,0.9678172486893667,8.592301113923276e-05
422,1.0342314062541886,8.586412496555798e-05
423,1.117996540858543,8.58019523331463e-05
424,1.1996832107413369,8.566968557821168e-05
425,0.9656612334936153,8.592953421227118e-05
426,1.018720658721621,8.590008606804627e-05
427,1.0858152358174595,8.585316428637078e-05
428,1.156929144950369,8.575064004937469e-05
429,1.165091301960349,8.574790318694662e-05
430,1.0932551545393512,8.583329805270469e-05
431,1.028226345897798,8.588637249147653e-05
432,0.9868877479889945,8.59157482797037e-05
433,1.0188713381865286,8.591342222977465e-05
434,1.0702214908919292,8.588697410237783e-05
435,1.1298626642267027,8.583610476330235e-05
436,1.1522133496090883,8.57982414388458e-05
437,1.0854855750007346,8.586070968810843e-05
438,1.0435638855832634,8.588523897764425e-05
439,1.0640845205313798,8.58948418563869e-05
440,1.1079108672866385,8.587380155822588e-05
441,1.146225032193556,8.582931616311467e-05
442,1.099912807458198,8.586258562008888e-05
443,1.0894577082070371,8.588217089325213e-05
444,1.125506346107496,8.58611203067031e-05
445,1.04157009909002,8.589035661274456e-05
446,1.0811998621523118,8.586698580846739e-05
447,1.1340952330114575,8.581665302398275e-05
448,1.0881281532772382,8.588207721763848e-05
449,1.1193582299671267,8.585046497502818e-05
450,1.1231081575672373,8.584475287552714e-05
451,1.0921654916271057,8.587298026021756e-05
452,1.1142868119773393,8.587141261709089e-05
453,1.1377682865458854,8.584218368144383e-05
454,1.119458966610892,8.586341933696453e-05
455,0.0,0.0
456,0.22861285634193443,8.616215422124392e-05
457,0.45117577636310435,8.612737214403406e-05
458,0.662171002858357,8.606769769953088e-05
459,0.8572556220561026,8.59778285957912e-05
460,1.034122563371707,8.586236346666516e-05
461,1.1934823185035288,8.567031383685448e-05
462,1.3396730775044468,8.537100958131292e-05
463,1.4800967973001717,8.503390426480015e-05
464,1.623037505888496,8.450362317870372e-05
465,1.7745389694713514,8.387410647120771e-05
466,1.9352680488518421,8.354617682825857e-05
467,2.0890880752794625,8.3615717796181e-05
468,0.19453339751150275,8.616465642744227e-05
469,0.38550288931193044,8.613960983434132e-05
470,0.6128597957472176,8.608226546434469e-05
471,0.8255839149089952,8.599478508520465e-05
472,1.0205603537862873,8.58730864176675e-05
473,1.1995523995429054,8.567944288122982e-05
474,1.3672232975818654,8.539073906060962e-05
475,1.5306931850331162,8.503913755381076e-05
476,1.6973364732397478,8.455511574683798e-05
477,1.8708240860838938,8.38768793385493e-05
478,2.042810425363942,8.380300509819999e-05
479,2.124059849826509,8.405987449205276e-05
480,2.0547074690361353,8.353241607700098e-05
481,2.1432659585277927,8.406435526079166e-05
482,1.9880700614903846,8.335696387345594e-05
483,1.8092064652319972,8.38863558005979e-05
484,1.6400178724993755,8.456716173067217e-05
485,1.4806452091058941,8.50640149036843e-05
486,1.3247552367250421,8.537995083272278e-05
487,1.164155447499192,8.569364205641934e-05
488,0.992473488068934,8.588096475441974e-05
489,0.807147769651965,8.600444106405271e-05
490,0.6099425375248546,8.608273216456103e-05
491,0.4083086402160561,8.613634128907193e-05
492,0.36517673661131433,8.614166130885585e-05
493,0.5114024788236536,8.611013357431598e-05
494,0.7184686136571036,8.604579145700573e-05
495,0.9319062285667905,8.594778392380862e-05
496,1.139288677642593,8.57999711414134e-05
497,1.3402089474231889,8.558723514812443e-05
498,1.5381911951500815,8.525322688110934e-05
499,1.7366089963210007,8.486757780791527e-05
500,1.9325398084511631,8.445540179654846e-05
501,2.092355056754057,8.4331576042313e-05
502,2.077455225629703,8.409531772895355e-05
503,1.926640467879806,8.420132775044563e-05
504,2.0465514562027334,8.306768464830198e-05
505,2.205717895056168,8.418212881375506e-05
506,2.02258264856182,8.307793829516641e-05
507,1.8199909267252101,8.37752334346204e-05
508,1.6341505172969313,8.458895354039944e-05
509,1.462754356376857,8.50067510893403e-05
510,1.2983716347945728,8.542437172786289e-05
511,1.1331215235470864,8.573042147285672e-05
512,0.962265885758825,8.589065402800899e-05
513,0.7858562865172665,8.600762659457362e-05
514,0.4935158359020162,8.611366769467556e-05
515,0.6052895175086228,8.60798758895669e-05
516,0.7922169345080766,8.601724599849768e-05
517,1.0081613725066836,8.590909653201581e-05
518,1.234357150049009,8.574454624686797e-05
519,1.4636862604531715,8.551716027014203e-05
520,1.6910562160022429,8.521243161076869e-05
521,1.904209907087821,8.478200017030056e-05
522,2.0539586131978993,8.444756714126147e-05
523,2.022706092318781,8.43701406749181e-05
524,1.8681489763778674,8.447119661719256e-05
525,1.8797050226267393,8.328218639358594e-05
526,2.0621447461042814,8.223317576834745e-05
527,2.2463817729316222,7.899451150443135e-05
528,2.0267281080265023,8.235744302038513e-05
529,1.8087920575911747,8.346392616729884e-05
530,1.6149402355530398,8.442843659498716e-05
531,1.4408245654724643,8.494874037216104e-05
532,1.2782201613285076,8.54400346714852e-05
533,1.1198261999308077,8.571772477960865e-05
534,0.5707615563879945,8.609103826351584e-05
535,0.6578821521110763,8.605897271004333e-05
536,0.8373116775639974,8.599377949788864e-05
537,1.0640724621571163,8.587082001947663e-05
538,1.3105331788624657,8.568969763880786e-05
539,1.5591849065482277,8.546667090822577e-05
540,1.7907260760148724,8.509091249689949e-05
541,1.9596888549395868,8.46320720581321e-05
542,1.9596112748625767,8.439004138899218e-05
543,1.8122192126004968,8.461371346754841e-05
544,1.7430574230375744,8.38986378531428e-05
545,1.915907551898012,8.314385609966001e-05
546,2.090933650323501,8.159140934398121e-05
547,2.2254727509026395,7.82982728686233e-05
548,2.0120350128070266,8.18210972596805e-05
549,1.7910146255182473,8.349899691809467e-05
550,1.5991101628849065,8.442518630507959e-05
551,1.4311413422305082,8.500340191780707e-05
552,0.6008656443231164,8.608071395699445e-05
553,0.676529138993052,8.604971998243954e-05
554,0.8634071918587366,8.597935245847885e-05
555,1.10702240709852,8.584317303473323e-05
556,1.3685339358325932,8.564852362568107e-05
557,1.6197467005104702,8.538469476199817e-05
558,1.8218617182784322,8.49085352852173e-05
559,1.8784828336215502,8.46039183362393e-05
560,1.7515020442616804,8.472360371985234e-05
561,1.6296080760661458,8.465360033605447e-05
562,1.7948989340030077,8.398790814786304e-05
563,1.960014245629189,8.245333226969619e-05
564,2.1193542986522953,8.175744739349864e-05
565,2.2092944440359226,7.890240523980086e-05
566,1.9984912327273971,8.177526979711112e-05
567,1.7828668616855456,8.329628383334826e-05
568,0.6022628510854203,8.607152127319182e-05
569,0.6820138266658192,8.604810611818787e-05
570,0.8863752537484757,8.596617902171287e-05
571,1.1456148698614632,8.581193889155915e-05
572,1.4120566270522084,8.559547476120092e-05
573,1.6471355919065842,8.528000695302326e-05
574,1.771620694885522,8.481095229340888e-05
575,1.6819385110167573,8.482141788611068e-05
576,1.527101892257744,8.503196466203033e-05
577,1.686667593249307,8.459301906754874e-05
578,1.8436637571015544,8.342722667408902e-05
579,1.9946768107696977,8.251022916644158e-05
580,2.1363799193796935,8.148149948665718e-05
581,2.2032397730147557,7.907936930951565e-05
582,0.6038498057131322,8.60690954302729e-05
583,0.6985964186006685,8.603231121189262e-05
584,0.9193206841121904,8.594473661123467e-05
585,1.1853918612728764,8.577108539380012e-05
586,1.4441617605375279,8.551485721312189e-05
587,1.6331519839586213,8.51027072485475e-05
588,1.6023133104949259,8.503341575266367e-05
589,1.4252996652457375,8.533650617375453e-05
590,1.5796537757144835,8.50302119118466e-05
591,1.72976357033128,8.41956436769422e-05
592,1.872603724826559,8.295016868524855e-05
593,2.007669655323672,8.25386871363919e-05
594,0.6296242715425818,8.606508066099631e-05
595,0.7380916534008328,8.602469533676133e-05
596,0.964071385429038,8.591097550555223e-05
597,1.2252683530124568,8.570150117011182e-05
598,1.4603529255320975,8.54503949941414e-05
599,1.5136910842232085,8.525151138836143e-05
600,1.35197283331647,8.55670179940898e-05
601,1.4668896732153258,8.529607177728478e-05
602,1.610212954954446,8.490558635562994e-05
603,1.745645627778475,8.396163540654858e-05
604,0.6814880325282143,8.605497183143705e-05
605,0.7930126759601531,8.600351434969368e-05
606,1.0120599315658936,8.586780663619813e-05
607,1.259457978417032,8.569062730007755e-05
608,1.4160412451680215,8.543387961127933e-05
609,1.2951025080705005,8.567223866118378e-05
610,1.346676047311771,8.554600854311082e-05
611,1.4820744416624667,8.527954154580392e-05
612,0.7422612361393943,8.603095711426052e-05
613,0.846475404588602,8.596955011293471e-05
614,1.0526306098982228,8.585812880083339e-05
615,1.2817198026608863,8.567856387981487e-05
616,1.26704409114007,8.5737558003509e-05
617,1.2214857669771793,8.572374203127805e-05
618,0.7925696314112649,8.600467123883022e-05
619,0.8843925845463172,8.597204792782436e-05
620,1.0792323306542555,8.585863655125835e-05
621,1.2831322007625083,8.568282532238807e-05
622,0.8202245168722189,8.601066124909961e-05
623,0.898397506046794,8.597322262819283e-05
624,0.5499485285037825,8.610273604197086e-05
625,0.7467069667098555,8.603179465015983e-05
626,0.9406531752686809,8.592747048667956e-05
627,1.1262984121944715,8.576727543637987e-05
628,1.304666299692456,8.550712862810726e-05
629,1.4806130601256995,8.51660953763429e-05
630,1.6606316016300444,8.470348528432299e-05
631,1.8491597863147213,8.401986532084025e-05
632,2.0413610554098844,8.37569227147078e-05
633,2.1561058710969503,8.417966698339234e-05
634,2.0314838916838545,8.383789977079723e-05
635,0.6476597582360131,8.60709742337212e-05
636,0.8299740338775509,8.599741847994018e-05
637,1.0262918498729694,8.588068792948577e-05
638,1.2286573606509341,8.571035477640077e-05
639,1.4352917873829376,8.546311352222888e-05
640,1.646450934397743,8.514407250952238e-05
641,1.8597168313097503,8.467226654218227e-05
642,2.0562992444670734,8.434701989457818e-05
643,2.1227542413494476,8.420556820578778e-05
644,1.9979275425246026,8.43430140984624e-05
645,1.9210181094305598,8.417866464858941e-05
646,2.060996607119465,8.360253899883793e-05
647,2.213655482054121,8.407046479593338e-05
648,2.0446309748847287,8.348630860107313e-05
649,1.8279108952709633,8.417401614932379e-05
650,1.6260525180318357,8.474824865433927e-05
651,1.4391718712588886,8.523142047354255e-05
652,1.2618819915975117,8.551714497335082e-05
653,1.0882910739854386,8.579497376992828e-05
654,0.9155058653812178,8.594117683138525e-05
655,0.7129629980642495,8.604412701982606e-05
656,0.8839935054363736,8.596864330610499e-05
657,1.089448767200644,8.584192186870313e-05
658,1.3150686767997037,8.565392002071977e-05
659,1.5502589395015587,8.54066054597614e-05
660,1.783312081723351,8.508487410220997e-05
661,1.9873575534580517,8.455443449575356e-05
662,2.0644590133571326,8.434733478050334e-05
663,1.9559056416746783,8.450506508318888e-05
664,1.8410515263304446,8.46056084800192e-05
665,1.9255930771570653,8.371042032200092e-05
666,2.096585559071031,8.293717145209107e-05
667,2.270561241238311,8.410492174005056e-05
668,2.0279606468776405,8.311516230700953e-05
669,1.7992502349217885,8.398097159154819e-05
670,1.5950274391156922,8.467981949460497e-05
671,1.4125510394955991,8.521033836494456e-05
672,1.2454564400731805,8.556849279739099e-05
673,0.7455696727020159,8.60295914774648e-05
674,0.9170434985286854,8.59523470358379e-05
675,1.1387688602505661,8.581885343475381e-05
676,1.3851379950636316,8.561154847802988e-05
677,1.6338359045800757,8.536851238759179e-05
678,1.8562129079136278,8.49085338256814e-05
679,1.9764533931236887,8.445379825076803e-05
680,1.900952568811228,8.455370964168557e-05
681,1.7677497761061238,8.481651974060004e-05
682,1.8044121533460216,8.44023592206514e-05
683,1.9600149904743225,8.326002285142899e-05
684,2.1304251133106686,8.245933806857211e-05
685,2.2492437926112667,8.044042884719838e-05
686,2.0051080262751686,8.2906195356313e-05
687,1.778436333436094,8.401671262546201e-05
688,1.5823560967777501,8.474246113271198e-05
689,0.7574629994696684,8.602183997990689e-05
690,0.9408608560764568,8.593677861218402e-05
691,1.1804808143291008,8.578041558154777e-05
692,1.4384888781924423,8.556666288551234e-05
693,1.6816417332028244,8.526806476790839e-05
694,1.8526706074860773,8.475086858967616e-05
695,1.829522284957088,8.461489545485217e-05
696,1.689306811924117,8.492379918032307e-05
697,1.6913335403074814,8.48249564953273e-05
698,1.8366732040854257,8.385985258169963e-05
699,1.9960265322223356,8.270277484187229e-05
700,2.1538853206407893,8.250132426888631e-05
701,2.2282305129537128,8.069282000263587e-05
702,1.9949516602155715,8.267694075076697e-05
703,0.7690623251996802,8.600997672355712e-05
704,0.9687335481009759,8.591848502746018e-05
705,1.2205636294439475,8.573870074427039e-05
706,1.4780423592454401,8.548687635264222e-05
707,1.6930026857309048,8.512631991710222e-05
708,1.7397438664604337,8.47853468041362e-05
709,1.6023225255661309,8.51315568826582e-05
710,1.5778216039039776,8.512777978910253e-05
711,1.7180520201537104,8.4592519371944e-05
712,1.8693303341824061,8.36120575068932e-05
713,2.017971229578698,8.291718443613477e-05
714,2.16207749825191,8.234932746469599e-05
715,0.7971086099079538,8.600206392008431e-05
716,1.0074068499566988,8.588333645023085e-05
717,1.2607854609903169,8.568525634671683e-05
718,1.5037143456844975,8.539806750639527e-05
719,1.6299691668010325,8.501765526019623e-05
720,1.5095062187903912,8.528000604795861e-05
721,1.459481072684826,8.539957979539593e-05
722,1.5968936708797947,8.503123137363078e-05
723,1.741695688569832,8.42907850484602e-05
724,1.882082257941275,8.337986964144424e-05
725,0.8432503852696834,8.59783612707592e-05
726,1.0530792511306848,8.584349038609143e-05
727,1.2972773196241858,8.564124729705438e-05
728,1.4943911617998742,8.534310136293822e-05
729,1.4194436300977757,8.545341463200597e-05
730,1.337933210308821,8.559996511734018e-05
731,1.4701777360353725,8.535072572011302e-05
732,1.608543367080281,8.482803678036789e-05
733,0.8955913007324526,8.594192714697526e-05
734,1.0960185471740012,8.579909018945766e-05
735,1.3223085426919323,8.561187938429542e-05
736,1.3454805401553265,8.558541326271919e-05
737,1.2285167681080102,8.57600641066277e-05
738,1.3359722267634335,8.560292075081537e-05
739,0.939671323278266,8.592748939960804e-05
740,1.128380406176895,8.580169818176258e-05
741,1.3006000779035165,8.567104902636127e-05
742,1.2361492714730153,8.577558130857866e-05
743,0.9656476448445742,8.592980778373118e-05
744,1.1442519859767217,8.580547530815855e-05
745,0.9904762152866622,8.590693866541028e-05
746,1.1699505732546578,8.572993605648054e-05
747,1.364699601363344,8.550058951849155e-05
748,1.5744911229493432,8.518592356615684e-05
749,1.7977443904277246,8.471322390015218e-05
750,2.024875191164939,8.432823605085509e-05
751,2.1797341269483828,8.418652497451721e-05
752,2.070858816647042,8.395120822810728e-05
753,1.9314906367846092,8.452568048828805e-05
754,1.0411986924091867,8.587659060332916e-05
755,1.2351376228124649,8.571060531345349e-05
756,1.455693802878728,8.54716480869834e-05
757,1.6920194917460099,8.513373394620118e-05
758,1.926361539292741,8.468769136245699e-05
759,2.0996489399931257,8.424950515426747e-05
760,2.0489804487047625,8.428008261241066e-05
761,1.9092115612590084,8.46749166377534e-05
762,1.8575148112636135,8.47569528517848e-05
763,1.9678705824371443,8.417330850553493e-05
764,2.1327505086771406,8.37511440476632e-05
765,2.2125327632968155,8.417066231491995e-05
766,1.9866549400885312,8.428045755419225e-05
767,1.7498192306117442,8.465674271646115e-05
768,1.5324672974386924,8.516750992253023e-05
769,1.3392219119154327,8.551359896863465e-05
770,1.0791605681678804,8.584554931894072e-05
771,1.29050364259267,8.566492994829233e-05
772,1.5292582623690183,8.539408459715298e-05
773,1.7712462574171073,8.508767247050426e-05
774,1.9727592636550773,8.458348202519602e-05
775,1.9923635812070755,8.440531189444296e-05
776,1.85686976264546,8.471806930176677e-05
777,1.7702803906308666,8.497096377891407e-05
778,1.8489276063090907,8.449556443711763e-05
779,2.004000583209301,8.38000220013124e-05
780,2.1752759709923595,8.359640042320675e-05
781,2.2036836386439953,8.389632727878255e-05
782,1.9589779830200693,8.425040683319733e-05
783,1.7312077184116543,8.47261310716546e-05
784,1.1133496701118475,8.582779560940314e-05
785,1.3385755645929431,8.561052675701596e-05
786,1.5828700825735074,8.53702470204804e-05
787,1.8077715688284646,8.495327615855032e-05
788,1.9019981053788817,8.458802454061544e-05
789,1.7794399517748358,8.477894081792673e-05
790,1.6648006828713804,8.516332617965911e-05
791,1.7207390394241289,8.493868567509844e-05
792,1.8668252942654686,8.409058297411175e-05
793,2.029675033685187,8.368622788156728e-05
794,2.195110630310396,8.364485408201144e-05
795,2.193051723980637,8.37746728044419e-05
796,1.1508718112670044,8.578212323666939e-05
797,1.3816896016229285,8.553340494963544e-05
798,1.6178899496063277,8.527032772505169e-05
799,1.7781151173806493,8.479665342870018e-05
800,1.6826461202599416,8.504919253684669e-05
801,1.5445237039103332,8.540548051019595e-05
802,1.5847995935472083,8.525325887004345e-05
803,1.726321370405187,8.463609828841146e-05
804,1.88184198013214,8.394006702347089e-05
805,2.0388034609391887,8.375015766428746e-05
806,1.1927373060980135,8.572299704763386e-05
807,1.4189922910298736,8.54703119024412e-05
808,1.621936973330257,8.511089801616222e-05
809,1.5747103588834521,8.511815750654818e-05
810,1.420211374603813,8.557127887097159e-05
811,1.4333974245051788,8.55097945768898e-05
812,1.5832574133430168,8.515500082618192e-05
813,1.7324241380501562,8.45032860196851e-05
814,1.2334698582173276,8.566487218812114e-05
815,1.442984254123457,8.544188166654753e-05
816,1.467216749992395,8.52970675230436e-05
817,1.3152311022177217,8.567988440432475e-05
818,1.3018641649249392,8.569441204961128e-05
819,1.4407207580932273,8.549818864124473e-05
820,1.2655633474495458,8.564379583022665e-05
821,1.3738017801475109,8.548048971360441e-05
822,1.260513355216507,8.572456713871157e-05
823,1.183830704865665,8.580265273424765e-05
824,1.2850700040270544,8.565168299383758e-05
825,1.2651785830534938,8.573132774884308e-05
826,1.4218483915780291,8.545540300515089e-05
827,1.6396217024234816,8.515444447286717e-05
828,1.8754584377027659,8.47884977017112e-05
829,2.0990341562789503,8.437396068186553e-05
830,2.1229629905643566,8.411445563958134e-05
831,1.9669659409659617,8.438899889144583e-05
832,1.8366891068473394,8.486842021158e-05
833,1.4914054222294426,8.540913016698051e-05
834,1.7194403080321585,8.515929460128838e-05
835,1.94546418295707,8.464909563851879e-05
836,2.057281989635029,8.43063876473478e-05
837,1.9213394671339037,8.458046636128738e-05
838,1.7721043778984242,8.49958586598501e-05
839,1.7283412805907894,8.512831693145966e-05
840,1.8410712901912778,8.457827071029834e-05
841,2.005340241294887,8.427603391392182e-05
842,2.1693929565350647,8.412941059744792e-05
843,2.081596599586996,8.434105876391012e-05
844,1.8549075333943328,8.476841945162553e-05
845,1.5458740763066887,8.538261849900196e-05
846,1.7688083506467154,8.502498621588712e-05
847,1.9382635215428186,8.455777331292797e-05
848,1.8394863329581015,8.46902463599736e-05
849,1.6737570556741526,8.512851034940525e-05
850,1.5910013725963594,8.539618874554107e-05
851,1.6932663179363896,8.506522527495115e-05
852,1.8517376953223534,8.453551789349162e-05
853,2.0234888879486315,8.414029662873123e-05
854,2.184952578799951,8.41447155116712e-05
855,1.5862293139136816,8.527010101870421e-05
856,1.780017065105531,8.489709534193304e-05
857,1.7315427475246097,8.493668019239336e-05
858,1.5555129255589615,8.527321587313374e-05
859,1.4468602707948373,8.557439517272683e-05
860,1.536951387851847,8.534978766555302e-05
861,1.6899909951512275,8.493790596282968e-05
862,1.8565058437272342,8.439899704605677e-05
863,1.6062618364076744,8.522056217334828e-05
864,1.6087979624680966,8.506911569752477e-05
865,1.4358447144143958,8.548427787495602e-05
866,1.3103515547428177,8.571058639605703e-05
867,1.384735277353379,8.561480040294534e-05
868,1.5305880488692591,8.529694031967261e-05
869,1.4842088312028605,8.528552192102136e-05
870,1.3363274322668346,8.564009267744107e-05
871,1.2176901677971343,8.577319096937465e-05
872,1.2439222454682584,8.575821473507829e-05
873,1.2753673945989448,8.570553344313654e-05
874,1.2141349856868,8.576241123696021e-05
875,1.9299642215141508,8.465719573716816e-05
876,2.087677588469552,8.435236787079198e-05
877,1.957008540866921,8.448359207193546e-05
878,1.7817924050731828,8.479474017430699e-05
879,1.6426665386116073,8.525717598497494e-05
880,1.9441309738297776,8.457682182240045e-05
881,1.8672587161473426,8.469136216922956e-05
882,1.684348233038277,8.491290504321348e-05
883,1.5253293059889173,8.546023189442638e-05
884,1.4879909520282395,8.552038525636095e-05
885,1.6165408313509242,8.517946453644163e-05
886,1.7883808531255898,8.471615406097384e-05
887,1.9676318802619457,8.448533815544324e-05
888,1.7472475636609803,8.492825430900309e-05
889,1.5657157317577137,8.519189008561663e-05
890,1.3993309387124686,8.561798964680373e-05
891,1.3254639874274785,8.571310439119253e-05
892,1.4503361660505518,8.55120480945314e-05
893,1.6128120713582452,8.510145850502022e-05
894,1.4439017390802373,8.544017292438568e-05
895,1.2917983174434506,8.57151955139099e-05
896,1.2067692694557164,8.580461350983725e-05
897,1.3025071781105257,8.571436326333693e-05
898,1.2265398044514064,8.576223183445976e-05
899,1.1699362021999165,8.58052306326147e-05
900,1.68813817378263,8.492173307107164e-05
901,1.5097142548320002,8.535085980701019e-05
902,1.365768111469568,8.566927681447174e-05
903,1.3946026686475934,8.55887838756632e-05
904,1.2558725366548324,8.575251379785486e-05
905,1.2263181067086375,8.578700887866976e-05
906,1.3484620920408952,8.567428658290737e-05
907,1.1869159409445451,8.580392388742435e-05
908,1.1411214714306166,8.58456993593973e-05
909,1.1579854890935881,8.58337672483219e-05
910,0.0,0.0
911,0.438793602482111,8.612671427448359e-05
912,0.8628400581795934,8.5990918073553e-05
913,1.2594282613243677,8.578055579707127e-05
914,1.6195637503118365,8.550437358082261e-05
915,1.9388134512092332,8.51379758371089e-05
916,2.2168700856369443,8.44394132189193e-05
917,2.455898472764708,8.372310721375759e-05
918,2.658386557677025,8.312493716048219e-05
919,2.8253859662096703,8.236299127547975e-05
920,2.730344128223826,7.912033168305539e-05
921,2.5370300716398053,7.979160747227376e-05
922,2.3662894826627223,7.935646315902188e-05
923,0.5646458901898176,8.609898992065048e-05
924,0.8871173816298024,8.5983517476959e-05
925,1.239957372114685,8.579008872403236e-05
926,1.5815625335202252,8.551702491803515e-05
927,1.8940174526448772,8.516569403314339e-05
928,2.170738886916958,8.453245610173901e-05
929,2.410666749346452,8.394298561539079e-05
930,2.613301309327544,8.333786965277843e-05
931,2.7522727875365733,8.166074635549543e-05
932,2.6287695034438223,7.977511731127341e-05
933,2.4494003690157475,7.99406669980119e-05
934,2.371965304440452,7.947625634845277e-05
935,2.421017604338057,8.028574347761944e-05
936,2.3181191685301505,7.898261364148957e-05
937,2.4744063559982523,7.991638591039904e-05
938,2.669621257363399,7.929917367154554e-05
939,2.7265373504780435,8.285351947385824e-05
940,2.545658448386557,8.353842828041119e-05
941,2.328115367421218,8.404419731764783e-05
942,2.0738256891947446,8.472334788145033e-05
943,1.7817520465627137,8.534344878274092e-05
944,1.4533505686304593,8.563724960889618e-05
945,1.0963014169149221,8.587686102514584e-05
946,0.7311849681960508,8.60439945329004e-05
947,1.1149422470470791,8.586839725726803e-05
948,1.3992670095140824,8.566009314841238e-05
949,1.6905132493645882,8.537095939293432e-05
950,1.9663199406012482,8.500225985608306e-05
951,2.2155398288338466,8.4389422786308e-05
952,2.432591862687067,8.383045526712289e-05
953,2.6087716482386885,8.327825509336306e-05
954,2.6954207447372265,8.199108334146518e-05
955,2.59999590515548,8.077074943266511e-05
956,2.465375205837018,8.12149915597737e-05
957,2.4981226468149065,8.138083344374688e-05
958,2.666165842802381,8.167754395266652e-05
959,2.4742550282952616,8.11841758715679e-05
960,2.280322734334801,7.884986471363406e-05
961,2.4419297951419567,8.038687995086739e-05
962,2.63936576103373,7.975709542423953e-05
963,2.6450365901208945,8.305667222727055e-05
964,2.4616655157896203,8.368344374380744e-05
965,2.2434911467425067,8.428008083441506e-05
966,1.991410187393725,8.498124716950825e-05
967,1.7079652079873429,8.539826806636792e-05
968,1.4019226669846543,8.567178098704026e-05
969,1.6311135831517303,8.541128060957919e-05
970,1.8772906644217273,8.510474713942894e-05
971,2.1120881752184006,8.466981304350212e-05
972,2.322610096080506,8.419175456834389e-05
973,2.4998593280468815,8.351652082481477e-05
974,2.627517697295273,8.291474481448789e-05
975,2.6654137847666903,8.222144882557635e-05
976,2.5895032001377456,8.207464595987444e-05
977,2.4944265724728902,8.254265700227865e-05
978,2.543344416683022,8.294679913882017e-05
979,2.6896482204160743,8.255523448647e-05
980,2.7684153195551824,8.060224671625631e-05
981,2.51760876158222,8.168142414570438e-05
982,2.2706219063279693,8.363339155579715e-05
983,2.4416160148054535,8.142666603502173e-05
984,2.6325876066553553,7.998330213752275e-05
985,2.587249411763269,8.310912978741502e-05
986,2.410611729482625,8.374393365013706e-05
987,2.2021857057421523,8.437573795870015e-05
988,1.9650739006362874,8.50271922506672e-05
989,2.082158402212165,8.47686034314774e-05
990,2.2752048477171236,8.427813591818736e-05
991,2.4414368540860147,8.367045219605899e-05
992,2.569820489226977,8.306125062671924e-05
993,2.6441007606470635,8.259304715825782e-05
994,2.6417319987416983,8.249081018753738e-05
995,2.5616795420004888,8.288561473152003e-05
996,2.465064051557076,8.339023583016648e-05
997,2.4831179293999557,8.365124341398472e-05
998,2.6086701583145775,8.328640353159574e-05
999,2.7506297021435318,8.226796571201458e-05
1000,2.8213592713466227,8.049649140619342e-05
1001,2.546642597301111,8.20048224843338e-05
1002,2.3179846555468977,8.412416550548511e-05
1003,2.457348126014564,8.165234192071563e-05
1004,2.635782613490035,7.99366715848792e-05
1005,2.5571905068024066,8.332073612064241e-05
1006,2.393510121819197,8.378950456697893e-05
1007,2.423768279219514,8.376738938094357e-05
1008,2.542192416599286,8.319217792481385e-05
1009,2.620213526280683,8.271947013059257e-05
1010,2.6464127901814147,8.25734209594796e-05
1011,2.60991381573004,8.260520041313722e-05
1012,2.513946331003624,8.343129588077212e-05
1013,2.396029506371155,8.384634025221139e-05
1014,2.3638861538952662,8.402104361230752e-05
1015,2.4693746406414134,8.356089183649321e-05
1016,2.603445278194858,8.305800436339584e-05
1017,2.739381149610911,8.22468907252317e-05
1018,2.808589697304564,8.127150580447188e-05
1019,2.5622756759384324,8.228672968598681e-05
1020,2.3505484715091938,8.410400937787678e-05
1021,2.470117311718561,8.189171501722757e-05
1022,2.638127966886371,8.010037375786073e-05
1023,2.611853457711644,8.270180320182423e-05
1024,2.6427093008106004,8.2702613595684e-05
1025,2.62757207417313,8.27481738656375e-05
1026,2.560943316698536,8.323038690507696e-05
1027,2.445459729230429,8.363520306454301e-05
1028,2.3030424112217585,8.405307649443564e-05
1029,2.2135249813669837,8.429588664234764e-05
1030,2.2907946187028805,8.400476811567511e-05
1031,2.434853218879087,8.354110029367326e-05
1032,2.6070805569401623,8.302794437451221e-05
1033,2.7151106462683234,8.219146823217235e-05
1034,2.783324160440865,8.138623809586005e-05
1035,2.568489158128014,8.247432257837356e-05
1036,2.3619635494503206,8.404500948034994e-05
1037,2.631674222803148,8.261455680088673e-05
1038,2.5816915046997777,8.316267723094694e-05
1039,2.488876392381886,8.360559823375665e-05
1040,2.3544660322362145,8.390098572553102e-05
1041,2.1909907502281674,8.425403541673058e-05
1042,2.0490929744326274,8.449911600683943e-05
1043,2.0835395774562064,8.452392205995031e-05
1044,2.2395055106716777,8.410142736254939e-05
1045,2.44024952797111,8.356057283031231e-05
1046,2.586912943889628,8.3038703956613e-05
1047,2.698148004743456,8.229518674814307e-05
1048,2.7732416741058508,8.13226528169403e-05
1049,2.503496887482521,8.361068402199851e-05
1050,2.3893698762704507,8.393979266720241e-05
1051,2.2396038891166508,8.42110744580471e-05
1052,2.06181543861153,8.439600380275224e-05
1053,1.8840405481075606,8.4863651743135e-05
1054,1.8568201826975879,8.50279117413806e-05
1055,2.025373898404469,8.461233668308875e-05
1056,2.207675115701236,8.40679710339497e-05
1057,2.4268096999425612,8.364378700784134e-05
1058,2.5788156146668424,8.303849900510816e-05
1059,2.2597726624067205,8.411135627980571e-05
1060,2.1006350735698196,8.436608686879498e-05
1061,1.9178987680389246,8.462999346501973e-05
1062,1.7276219893747824,8.496132680808237e-05
1063,1.6243996493844424,8.536380642506278e-05
1064,1.7979691745031496,8.509111810328655e-05
1065,2.003620026233324,8.457783056663779e-05
1066,2.2383684281807574,8.405525872854282e-05
1067,1.9398380700427162,8.456068692752891e-05
1068,1.763889562088198,8.476720423539147e-05
1069,1.5856070523045052,8.51594656339224e-05
1070,1.4345679239637252,8.548879938826556e-05
1071,1.5602257809901334,8.544212551058596e-05
1072,1.7874712889920175,8.501973438452835e-05
1073,1.608490514906779,8.508841796959577e-05
1074,1.465417707715688,8.523896098113288e-05
1075,1.3518677624061395,8.54186310581014e-05
1076,1.3166454499673963,8.569016836780563e-05
1077,1.3787726461132672,8.510907696594347e-05
1078,1.3382111841253828,8.524003479709749e-05
1079,1.1774132318756634,8.583256904144187e-05
1080,1.4911667485429787,8.559194575456027e-05
1081,1.7938882873819788,8.529183217699479e-05
1082,2.0702970951908934,8.479897353457814e-05
1083,2.3142915335290755,8.417893836767475e-05
1084,2.523271395781365,8.35131930553481e-05
1085,2.684989250710605,8.288228153642985e-05
1086,2.643497380384561,8.023836272869296e-05
1087,2.4628764111600474,8.047287679644549e-05
1088,2.363467046408974,7.980961371205364e-05
1089,2.516312880655281,8.081552499361023e-05
1090,1.6603810981158156,8.538769445145083e-05
1091,1.92066868952765,8.503956612833785e-05
1092,2.161985218624356,8.457169333923752e-05
1093,2.3751904217988153,8.39081347127153e-05
1094,2.5519797803317754,8.356521697640644e-05
1095,2.6645745273292283,8.261393016836082e-05
1096,2.6311828557895938,8.149865787746684e-05
1097,2.4949962293945016,8.167337165091895e-05
1098,2.4609315106991243,8.186137130793485e-05
1099,2.615576540647503,8.207143489363321e-05
1100,2.7539343635509033,8.08305675993669e-05
1101,2.5292290332168275,8.132520659151131e-05
1102,2.3269928062273055,7.961170091806749e-05
1103,2.4575535393418657,8.095073020213091e-05
1104,2.6361983723563247,8.053980123899832e-05
1105,2.626859348098525,8.295706979959575e-05
1106,2.462534132539434,8.368810950993332e-05
1107,2.258547381020987,8.430335491910376e-05
1108,2.0234220046753464,8.487580904379478e-05
1109,1.763102335584732,8.53209381610985e-05
1110,2.0968187194711114,8.474224117354418e-05
1111,2.298007557329442,8.43216297488984e-05
1112,2.4692762128584076,8.368752056628807e-05
1113,2.5976925543401754,8.314964474700359e-05
1114,2.6562893714003537,8.252810089251898e-05
1115,2.613779729086478,8.244580408505054e-05
1116,2.505176696287131,8.27195788414441e-05
1117,2.470073520235969,8.320763528862148e-05
1118,2.5920100576041327,8.310568736012761e-05
1119,2.7343989903287023,8.241791976385848e-05
1120,2.7608776586897794,8.154881435725098e-05
1121,2.533770446306681,8.211409929976304e-05
1122,2.287486164633215,8.008928322294485e-05
1123,2.4668963896844973,8.146246858435755e-05
1124,2.631736191371791,8.1244166744982e-05
1125,2.589333849728999,8.325256624850972e-05
1126,2.4320784065589605,8.385912507252547e-05
1127,2.2404356981027758,8.43045883646422e-05
1128,2.432402103839968,8.368377748490971e-05
1129,2.5555270432104513,8.328597248156884e-05
1130,2.631993635633088,8.254991755066397e-05
1131,2.644663733061065,8.230419426363448e-05
1132,2.5832993850194073,8.29445180578828e-05
1133,2.471716089966995,8.339582262690397e-05
1134,2.4012553000402486,8.370936763423235e-05
1135,2.4841261520912017,8.358995359410234e-05
1136,2.620285443624818,8.307365712832594e-05
1137,2.743150346099981,8.231825824821481e-05
1138,2.741595792235584,8.167241675310353e-05
1139,2.5300244243688743,8.236092727580122e-05
1140,2.3186444355465836,8.3711922826252e-05
1141,2.4810057682346893,8.163506816439875e-05
1142,2.6288114200811843,8.15150893035911e-05
1143,2.576388466770604,8.319619034777162e-05
1144,2.6159561235952276,8.277660704589949e-05
1145,2.6445564642209707,8.25970355276323e-05
1146,2.6187627366645336,8.265380800656894e-05
1147,2.535275923152826,8.327192126229892e-05
1148,2.4084607536098366,8.375793839340303e-05
1149,2.295331142552882,8.40931614008117e-05
1150,2.329037547767129,8.396980249660156e-05
1151,2.464584716657219,8.342238628364704e-05
1152,2.621885517394489,8.305927516166123e-05
1153,2.714641198073531,8.214462246564175e-05
1154,2.715520909514428,8.185317025591546e-05
1155,2.523633124727574,8.280047063651162e-05
1156,2.34319945222319,8.382899566399287e-05
1157,2.4871878077737133,8.17962212389205e-05
1158,2.6296130644309446,8.274693451497317e-05
1159,2.5711203140134065,8.319033419510321e-05
1160,2.4655589120216312,8.362246133991315e-05
1161,2.3210613083996967,8.399755620354591e-05
1162,2.1709301768346094,8.426793335793483e-05
1163,2.143288892755092,8.440921373449561e-05
1164,2.2779775926145396,8.399231312405918e-05
1165,2.430045714639878,8.334639671760917e-05
1166,2.5976244344329826,8.301817431800683e-05
1167,2.6888949337042223,8.223625077153513e-05
1168,2.6981193059241178,8.205606790829506e-05
1169,2.520721922987415,8.287291670046257e-05
1170,2.4960692058658935,8.35773941299076e-05
1171,2.370971295877174,8.386787136756177e-05
1172,2.2109665513328367,8.418894831209027e-05
1173,2.0349515707247865,8.446119764964531e-05
1174,1.9398371549017934,8.4859353551766e-05
1175,2.0689822636848803,8.450459305136515e-05
1176,2.24256165481851,8.396195015387429e-05
1177,2.4422839976509065,8.35161445060959e-05
1178,2.5815339635878085,8.29526530788378e-05
1179,2.6788634342467774,8.230428567610857e-05
1180,2.249383177327328,8.417419697647957e-05
1181,2.0792561242896657,8.435137657033242e-05
1182,1.8907074706877582,8.470943272529908e-05
1183,1.7375802600513615,8.516313186212588e-05
1184,1.8445920935606646,8.491647168218803e-05
1185,2.040072899863883,8.445985112104816e-05
1186,2.2579705064227067,8.396114155242055e-05
1187,2.435309304424857,8.344759376197363e-05
1188,1.9283612336174716,8.452610407675576e-05
1189,1.7421408465372095,8.493455281509365e-05
1190,1.5661560297697488,8.52277904037335e-05
1191,1.610523257755443,8.533675926602304e-05
1192,1.8255551092681082,8.490932028147045e-05
1193,2.0317651884964727,8.44754509141492e-05
1194,1.596399112809631,8.512388871206653e-05
1195,1.4423868229135721,8.52791918257406e-05
1196,1.3761918540138411,8.561758513658093e-05
1197,1.5999195883198352,8.528616431792668e-05
1198,1.3651154068620317,8.539547609999472e-05
1199,1.3110139837173769,8.558039887341386e-05
1200,2.145186038775341,8.460673948731305e-05
1201,2.347557264170692,8.404362683667678e-05
1202,2.5175872120029257,8.345178798250211e-05
1203,2.634784460532039,8.285140058606021e-05
1204,2.631759902275213,8.186078723624302e-05
1205,2.4998875350774457,8.193249275790002e-05
1206,2.401584462702002,8.221334589686312e-05
1207,2.556411669355991,8.247165849680632e-05
1208,2.7369956971266634,8.223256764135846e-05
1209,2.4592065766934987,8.369420913947116e-05
1210,2.582018800474048,8.307904854318291e-05
1211,2.6451190721701523,8.247912716090009e-05
1212,2.6186837257845847,8.246219740324269e-05
1213,2.5100279426708996,8.288239999246655e-05
1214,2.4063772037286895,8.318610952317959e-05
1215,2.491441366867293,8.324616091110158e-05
1216,2.644756958068981,8.278481355493964e-05
1217,2.740403651683651,8.2135817682802e-05
1218,2.6823725222208035,8.235957067367977e-05
1219,2.4971531099156783,8.27784544549159e-05
1220,2.358191386313111,8.240477910228874e-05
1221,2.5076439989755124,8.218973491756316e-05
1222,2.6285571127638154,8.21827861910824e-05
1223,2.6183628009826863,8.283310354564547e-05
1224,2.506072474419533,8.35301273775955e-05
1225,2.6274780645313447,8.253028994905959e-05
1226,2.6433133893126,8.243029391607561e-05
1227,2.591640658981216,8.276025119962928e-05
1228,2.480237852000468,8.332035967108242e-05
1229,2.355241084978083,8.372952653151007e-05
1230,2.367727487362293,8.367383764642374e-05
1231,2.5082271140391112,8.329408577748648e-05
1232,2.6299269227533704,8.274228222567253e-05
1233,2.696108911612563,8.219271162893334e-05
1234,2.633128553616782,8.243200341215767e-05
1235,2.4503340674048903,8.311374659893022e-05
1236,2.354355376578931,8.279387377204455e-05
1237,2.5145364090959834,8.230823143624698e-05
1238,2.627093430005726,8.215809249948355e-05
1239,2.6208321504036354,8.279056735628757e-05
1240,2.5443254206959,8.31713631596096e-05
1241,2.4200058149845365,8.364795421358112e-05
1242,2.2726584704868174,8.401431594186027e-05
1243,2.212669587209842,8.421896126093512e-05
1244,2.3395630339284925,8.36293054892259e-05
1245,2.483375555097888,8.3084620747438e-05
1246,2.611297817565871,8.257069199917101e-05
1247,2.6559069077481587,8.169085368767189e-05
1248,2.5988084803645104,8.257407329840584e-05
1249,2.425747094007261,8.322524627248232e-05
1250,2.3592903687022044,8.291968462306313e-05
1251,2.4719364909152874,8.359098318014773e-05
1252,2.3324885919334095,8.392369094684327e-05
1253,2.1665842426205097,8.418518559307556e-05
1254,2.0431602129147706,8.464225395073095e-05
1255,2.147479964434915,8.423813299695942e-05
1256,2.3117295209171593,8.345376533006351e-05
1257,2.4767485199295285,8.30622412312437e-05
1258,2.5849647330058882,8.278692508270059e-05
1259,2.632714555004163,8.221854106691307e-05
1260,2.5865219049690995,8.275176345645873e-05
1261,2.2185442969622065,8.419396884290817e-05
1262,2.04019741632516,8.44557536913491e-05
1263,1.8734574892370834,8.492226332068534e-05
1264,1.939586893303078,8.474889939683844e-05
1265,2.1233035614524307,8.409913468290179e-05
1266,2.2917226034295664,8.36725853897454e-05
1267,2.4626286482939386,8.321940021342233e-05
1268,2.575017918302113,8.256534166895717e-05
1269,1.8968716307604754,8.463060276736512e-05
1270,1.7132312646739398,8.506507056022444e-05
1271,1.7231719566870547,8.516622314098624e-05
1272,1.9226522757805904,8.460406039904883e-05
1273,2.1134117873026246,8.411987672494518e-05
1274,2.3058629789964744,8.369302533106948e-05
1275,1.567207429287196,8.513428211267731e-05
1276,1.508364340165261,8.544813735179353e-05
1277,1.7124859213852979,8.500609324430081e-05
1278,1.9199712550599775,8.456783564611821e-05
1279,1.3371019550227434,8.557792735761847e-05
1280,1.4986020557503943,8.544034545713501e-05
1281,2.6407885266475004,8.257085236135891e-05
1282,2.6194266403687956,8.24590505519153e-05
1283,2.51589857964827,8.297484638654357e-05
1284,2.377079705564875,8.327515900919011e-05
1285,2.4006893100485263,8.338654846704919e-05
1286,2.5635219816921477,8.301940079964087e-05
1287,2.6658422330565923,8.26796230324831e-05
1288,2.5939017796239208,8.286082497788317e-05
1289,2.486245624834554,8.336242346984223e-05
1290,2.343118833878316,8.373757673442283e-05
1291,2.2746622439527395,8.389013359396563e-05
1292,2.415024335293935,8.349684870671851e-05
1293,2.545312486920561,8.2779895943547e-05
1294,2.619461242244973,8.236492634443131e-05
1295,2.6056952563999958,8.249942772293996e-05
1296,2.5026850731318966,8.302050070348643e-05
1297,2.33639941244859,8.364730462283029e-05
1298,2.373752003296392,8.33938592915682e-05
1299,2.5186302418802256,8.296125949888423e-05
1300,2.424479711364431,8.356237436048662e-05
1301,2.2710741021269305,8.400606988692584e-05
1302,2.140574468595023,8.437351367615965e-05
1303,2.2447186929030805,8.395695044252727e-05
1304,2.396666399890025,8.327790201404521e-05
1305,2.5091939500789553,8.292219721822487e-05
1306,2.5784306077186576,8.266571426344241e-05
1307,2.5657092830891473,8.259074579645391e-05
1308,2.4706481189185636,8.320712510320148e-05
1309,2.313137464431079,8.370049419278881e-05
1310,2.1685640202956624,8.425048192537721e-05
1311,2.004008448646588,8.470325396584513e-05
1312,2.0600118199935893,8.44703255400814e-05
1313,2.2297012510504293,8.376588992933546e-05
1314,2.3744240716492344,8.322279575679879e-05
1315,2.4940694606115805,8.300593528619547e-05
1316,2.555341976251075,8.259595403785267e-05
1317,2.5517146361543315,8.268936638791298e-05
1318,1.8614328223991232,8.491164758193518e-05
1319,1.868475592560531,8.486099631767276e-05
1320,2.0502612560670417,8.42265536352549e-05
1321,2.2191628844795215,8.36697435090204e-05
1322,2.3703244440335145,8.337018481806096e-05
1323,2.485020571040389,8.293246153078733e-05
1324,1.6796576965413947,8.522713732680329e-05
1325,1.8626499757419128,8.463259280371149e-05
1326,2.047863131666225,8.410564379093687e-05
1327,2.215232718681008,8.387141801161336e-05
1328,1.6736480027071459,8.502903840848321e-05
1329,1.8635908552020881,8.450562789594244e-05
1330,2.342701703096417,8.374351044256659e-05
1331,2.2240995095325116,8.406369246537233e-05
1332,2.354378194623122,8.361944817162728e-05
1333,2.484488485826194,8.295084182394102e-05
1334,2.5534739173882257,8.272311070127927e-05
1335,2.120052151697468,8.443914853826168e-05
1336,2.194218899488197,8.408160310888626e-05
1337,2.3430710762545424,8.352588104542884e-05
1338,2.4523902012555405,8.307763317116157e-05
1339,2.5133533021786203,8.283312614767341e-05
1340,2.514507049783631,8.280841053731859e-05
1341,2.4529400577106815,8.327019659297899e-05
1342,2.3337770291836604,8.370447544279985e-05
1343,2.029331892444782,8.455299176994845e-05
1344,2.188372100738203,8.389955507274676e-05
1345,2.326576552389143,8.359262346648412e-05
1346,2.428070496753845,8.308933774896458e-05
1347,2.491492196181468,8.296213219748123e-05
1348,2.5009190930664476,8.297006765014429e-05
1349,2.0258083102300892,8.423978209038545e-05
1350,2.182801747758161,8.371228548574712e-05
1351,2.3161988893389234,8.348883812098319e-05
1352,2.4224279144859806,8.321467066319126e-05
1353,2.0259314643250534,8.415695006659184e-05
1354,2.180560519891794,8.385197038795096e-05
1355,2.3250823532622653,8.370557970330821e-05
1356,2.4229388464166894,8.314732235075948e-05
1357,2.472928907929135,8.287388037359995e-05
1358,2.3103672707874012,8.358284381595205e-05
1359,2.400124308409001,8.315694704672093e-05
1360,2.451251964891283,8.305069190272759e-05
1361,2.4598962221182563,8.293272663867856e-05
1362,2.300862400712702,8.352090994405122e-05
1363,2.391929471318781,8.336161716379876e-05
1364,2.4379589063681544,8.312653140868865e-05
1365,3.868543614689425,7.78029543783581e-05
1366,3.859699489093367,7.749498457827275e-05
1367,3.831632105850908,7.685483247548867e-05
1368,3.780518984989578,7.576647708997665e-05
1369,3.702203519832482,7.55341600541393e-05
1370,3.594357967477737,7.477355350933461e-05
1371,3.4578476995058676,7.441111220305973e-05
1372,3.296757462545414,7.573851335999991e-05
1373,3.117275891516242,7.68441918531661e-05
1374,2.926245880252929,7.817309792156972e-05
1375,2.730344128223826,7.93769400568547e-05
1376,2.5370300716398053,7.994984039695408e-05
1377,2.3662894826627223,7.927867220966949e-05
1378,3.890151559284798,7.739777304573549e-05
1379,3.864648515499523,7.699067878786379e-05
1380,3.790624284594135,7.62810019014657e-05
1381,3.6892047976864597,7.5705664320295e-05
1382,3.5616427028546935,7.513740347805391e-05
1383,3.409136312679464,7.477183264870906e-05
1384,3.2358637579521705,7.563482324295952e-05
1385,3.049705939454686,7.718001342242682e-05
1386,2.8849590412823236,8.003671755638778e-05
1387,2.9475142152560845,8.119250975302647e-05
1388,2.8163222672710244,7.942622512302768e-05
1389,2.6162776197633724,7.992904330712147e-05
1390,2.51513477279468,8.043868594587079e-05
1391,2.7011079906567708,8.010802033542123e-05
1392,2.8680308520279874,7.970650969846082e-05
1393,2.8625788164241897,8.148735738939296e-05
1394,2.867481116530603,7.833914824513242e-05
1395,3.059918307364109,7.679672682227485e-05
1396,3.24045521413078,7.561742775204574e-05
1397,3.4028785933734502,7.449016377904432e-05
1398,3.5421868386674134,7.491293215890444e-05
1399,3.65594447194671,7.591419405144878e-05
1400,3.744816963000242,7.662184505953108e-05
1401,3.8116905373829484,7.713050668762262e-05
1402,3.9523749509064428,7.6476641710478e-05
1403,3.93232532578142,7.569556475793355e-05
1404,3.82735401302285,7.591458209687976e-05
1405,3.678725652669876,7.564012149115646e-05
1406,3.50463996578903,7.618229939298273e-05
1407,3.315815499853843,7.672091314176934e-05
1408,3.127970927030031,7.763089037756099e-05
1409,2.997988305147659,7.990705661132594e-05
1410,3.0293316350626576,8.04075344797866e-05
1411,3.1148707849880726,7.929991028455508e-05
1412,2.914035218582274,7.918765611315785e-05
1413,2.697497950702342,8.047284224531704e-05
1414,2.8241812078538486,8.109152722081982e-05
1415,2.907516079324485,8.075524742909931e-05
1416,2.8869216859278524,8.116736027460066e-05
1417,2.7903750188564804,8.221002800856556e-05
1418,2.8358070387706182,7.838716653079331e-05
1419,3.0265244967820393,7.656487905610916e-05
1420,3.206626208680771,7.506068352837153e-05
1421,3.3710528966569293,7.475869909850268e-05
1422,3.5160228801077076,7.547462928309834e-05
1423,3.6402513791634474,7.598594573723276e-05
1424,4.048454063726845,7.57235906434502e-05
1425,4.031464760565911,7.603398579985293e-05
1426,3.9043842288032056,7.603639599733994e-05
1427,3.726470049076141,7.709774442707396e-05
1428,3.5352037197786768,7.735498535022966e-05
1429,3.361821004365973,7.825521036095701e-05
1430,3.257919594796844,7.920960244810816e-05
1431,3.2633915168107803,7.863289653241217e-05
1432,3.332465879380364,7.782076920425966e-05
1433,3.230828397947135,7.708587568261497e-05
1434,3.008456794740802,7.913568368591139e-05
1435,2.8240036211767974,8.157210018820537e-05
1436,2.8899525960584573,8.088692500122793e-05
1437,2.890981405441592,8.076562923327569e-05
1438,2.833885982903269,8.146735087467355e-05
1439,2.7298451313222993,8.224538060483642e-05
1440,2.822880657320879,7.792808475640575e-05
1441,3.0102964635449023,7.666377316914005e-05
1442,3.191020760933119,7.504124549192357e-05
1443,3.3606608364505575,7.521541593529222e-05
1444,4.169750845970262,7.500657281530458e-05
1445,4.151511124491883,7.518445397386526e-05
1446,4.016469718179951,7.682386315718171e-05
1447,3.8488482987071637,7.708364197216042e-05
1448,3.70267916074611,7.808296543896803e-05
1449,3.6187764912835982,7.831382704678e-05
1450,3.615488905610071,7.819965385512639e-05
1451,3.6736239903070977,7.767911426378343e-05
1452,3.552650838499612,7.732365377007512e-05
1453,3.33362112145029,7.717390557289677e-05
1454,3.08774486212133,7.899873882459766e-05
1455,2.833878711113919,8.147260532887144e-05
1456,2.866545123127181,8.099944874752704e-05
1457,2.8496859705125095,8.10182308135603e-05
1458,2.7888349401341577,8.145079152034361e-05
1459,2.6898978071978314,8.241863943847375e-05
1460,2.8192381449834114,7.841175515983815e-05
1461,3.005584982257509,7.672382665539089e-05
1462,4.307419507279932,7.304173596314009e-05
1463,4.292160945688496,7.46621220082645e-05
1464,4.181269172497621,7.62155245857849e-05
1465,4.0705571154769356,7.665164855258427e-05
1466,4.005588143523562,7.779389890376873e-05
1467,4.002048836800491,7.790094141360141e-05
1468,4.037369628588442,7.633832491269485e-05
1469,3.865930648622478,7.745683861557662e-05
1470,3.658940339341945,7.807873030987566e-05
1471,3.417248828466919,7.792331162792692e-05
1472,3.1456314152338734,7.848925228905137e-05
1473,2.854612167733628,8.079452848936017e-05
1474,2.833617819556555,8.078960667325718e-05
1475,2.8172691914359382,8.095595177967885e-05
1476,2.763519124632386,8.161359534289532e-05
1477,2.6759056924181603,8.251016982747178e-05
1478,4.452536589686863,7.029274716659179e-05
1479,4.453925046269551,7.335599830825071e-05
1480,4.395404580610222,7.501149270377527e-05
1481,4.354830464531122,7.652061749804275e-05
1482,4.358037312493568,7.705949860403083e-05
1483,4.304293718521552,7.596036970829e-05
1484,4.1572669661919,7.682312915635257e-05
1485,3.9700922606080677,7.747848441433217e-05
1486,3.742279122841083,7.810761969222814e-05
1487,3.476670927569006,7.812202139201992e-05
1488,3.1814885989687793,7.890766927541019e-05
1489,2.8713616880573,8.094203623303233e-05
1490,2.812614912026642,8.089021779781691e-05
1491,2.8052046849326238,8.098691201719724e-05
1492,4.595727273395005,7.031076965861623e-05
1493,4.620713006319453,7.066824439274554e-05
1494,4.617512015258912,7.404210090118298e-05
1495,4.610765952883263,7.291223479341344e-05
1496,4.533265816217934,7.456495237725158e-05
1497,4.4147546545068295,7.578576085620488e-05
1498,4.253410218454368,7.721546589945608e-05
1499,4.047645543883543,7.769754583590654e-05
1500,3.7983918240846912,7.82923413308186e-05
1501,3.5113073912988475,7.841023829619779e-05
1502,3.1980769478562303,7.87884481784647e-05
1503,2.8762369636543754,8.068598929590078e-05
1504,4.727648074625054,6.978728099332514e-05
1505,4.767124744160261,6.969101223844235e-05
1506,4.76328571843991,7.095175814415414e-05
1507,4.717470580746761,7.38065929281507e-05
1508,4.629552981154594,7.480064009664735e-05
1509,4.497756979681622,7.571398895506451e-05
1510,4.319788348273877,7.730575670790562e-05
1511,4.094926446081436,7.832759856628905e-05
1512,3.826312289807633,7.847851644025863e-05
1513,3.522574405804867,7.83880388129077e-05
1514,4.840255130665805,7.045912503032711e-05
1515,4.8686103742707365,7.102701685279452e-05
1516,4.8539637475199955,7.196501995159107e-05
1517,4.796871208869242,7.298333031200311e-05
1518,4.696017011671539,7.47211168134535e-05
1519,4.548870587557078,7.614261435040086e-05
1520,4.353481422670091,7.706434237151447e-05
1521,4.110748763129193,7.84974005499469e-05
1522,4.927849744399561,7.060463263025706e-05
1523,4.9431426564023635,7.062184837509628e-05
1524,4.915864864705824,7.137104279458353e-05
1525,4.845508205083695,7.329335578627848e-05
1526,4.729798826089373,7.457700750854025e-05
1527,4.566086045117497,7.579493707835636e-05
1528,4.987240334006014,7.026383406795887e-05
1529,4.988398534766333,6.964035793729394e-05
1530,4.947127335951985,7.156573729999151e-05
1531,4.861852703133538,7.265514297205114e-05
1532,5.017109653598666,6.879215773015338e-05
1533,5.003540025164728,6.864610021764808e-05
1534,3.8103202419708166,7.62662697920021e-05
1535,3.7105428918927212,7.571771634961886e-05
1536,3.5841140534670437,7.51621416265788e-05
1537,3.4336590097617763,7.51767409412604e-05
1538,3.26265503526937,7.525250653521673e-05
1539,3.077537550564449,7.684836434496946e-05
1540,2.8961635651914874,7.857771211062706e-05
1541,2.8769718138576197,8.13008805764573e-05
1542,2.9459147924301314,8.039208459633884e-05
1543,2.8917496224786547,8.019166038267631e-05
1544,2.727133021275103,8.082780304672263e-05
1545,3.874766744851656,7.566550462063881e-05
1546,3.7476526425368046,7.539799202366835e-05
1547,3.5859921820631424,7.578199074962356e-05
1548,3.4042690521253216,7.635372456082995e-05
1549,3.2174562616989815,7.723780687401848e-05
1550,3.060330942018866,7.882358169751619e-05
1551,3.0207984043239846,8.004424127615436e-05
1552,3.0659825802029927,7.900472473914563e-05
1553,3.065538604756842,7.871568557916422e-05
1554,2.949052767682504,7.955660450269112e-05
1555,2.7916380995411982,8.141855673969249e-05
1556,2.9053758543681028,8.087663025043537e-05
1557,2.9390568361717406,8.036999020387212e-05
1558,2.898284046977179,8.07921314190978e-05
1559,2.8170998123793023,8.106847545128863e-05
1560,2.884374200979141,7.872259652424476e-05
1561,3.068641811020347,7.6887295401095e-05
1562,3.2524022006241164,7.547518350311778e-05
1563,3.4239846476304314,7.490407888646417e-05
1564,3.578215720346477,7.576395275171769e-05
1565,3.9709271810733298,7.643062214742361e-05
1566,3.8278184478369353,7.681120648266246e-05
1567,3.654857190629033,7.704551134752677e-05
1568,3.484077974747261,7.790295360051451e-05
1569,3.354946284317426,7.83329251360305e-05
1570,3.3082225915330445,7.825230776582911e-05
1571,3.3238232407591615,7.702170800480849e-05
1572,3.3236081492197704,7.680804583155838e-05
1573,3.2292864778021206,7.748234289818214e-05
1574,3.0496044797700144,7.911468250584862e-05
1575,2.903323791700897,8.063964686449235e-05
1576,2.9217557564350365,8.037080139993208e-05
1577,2.9086688576758926,8.04469134067953e-05
1578,2.851744276828133,8.090133991255484e-05
1579,2.777969284155177,8.071674751853506e-05
1580,2.8786340901536995,7.814575483285328e-05
1581,3.0625252796558997,7.658943113142794e-05
1582,3.2474974415738322,7.538654128926718e-05
1583,4.093009972284898,7.605605954812802e-05
1584,3.958748111658879,7.696032531504873e-05
1585,3.819735385263249,7.727661143380158e-05
1586,3.7159921040878285,7.784529966792905e-05
1587,3.669710760186079,7.761693643742932e-05
1588,3.6665460612272116,7.706143666505093e-05
1589,3.649494254737027,7.683233447123937e-05
1590,3.549912676379781,7.768672291140687e-05
1591,3.3683968600792826,7.795070825106723e-05
1592,3.1435362104362436,7.916736316910553e-05
1593,2.950227631965364,8.035665240490475e-05
1594,2.9063476560421715,7.997735382571059e-05
1595,2.876834232367064,8.04951737293219e-05
1596,2.81986046945879,8.077531999701887e-05
1597,2.760324612769579,8.019310144821609e-05
1598,2.877288041997148,7.788449793578293e-05
1599,4.248847427672558,7.455499527792513e-05
1600,4.153350062774794,7.617280513181955e-05
1601,4.074578526395873,7.65029226999706e-05
1602,4.032561503644955,7.688543074963624e-05
1603,4.016459756672063,7.73089861728831e-05
1604,3.980086899780693,7.772598777072004e-05
1605,3.8722157330294067,7.749025689334479e-05
1606,3.6926374037525824,7.807970660736737e-05
1607,3.4625957514160843,7.834938983816071e-05
1608,3.2038637101785907,7.921392638659346e-05
1609,2.9726683707159602,8.051507614057087e-05
1610,2.8907813858753117,8.004463596736136e-05
1611,2.8579646679337944,8.062985001403763e-05
1612,2.80854691963896,8.071943425311458e-05
1613,4.432410740484946,7.396974772219476e-05
1614,4.382181792177567,7.484943064444101e-05
1615,4.348781884369628,7.57938201710735e-05
1616,4.326459108079753,7.615802972438002e-05
1617,4.279321314823589,7.666376325791924e-05
1618,4.1724231879718285,7.748319438321741e-05
1619,4.00336239506696,7.817543227298216e-05
1620,3.782150869057725,7.863111791378032e-05
1621,3.5204907715715996,7.833471255252333e-05
1622,3.2360832230693974,7.912739477720142e-05
1623,2.9816627688177357,8.040288558144029e-05
1624,2.8846823074419237,8.021737194442847e-05
1625,4.613778961265869,7.217453682718614e-05
1626,4.5944027175219695,7.440690239669116e-05
1627,4.575104898967828,7.553611162464203e-05
1628,4.530318761643746,7.58584886104207e-05
1629,4.435135019519091,7.650865568726458e-05
1630,4.284585940707247,7.732370912043748e-05
1631,4.0819313972315,7.824873360384718e-05
1632,3.8330810253964755,7.876505341980548e-05
1633,3.5479073654771085,7.858107199057839e-05
1634,3.2460854809891484,7.891936121762572e-05
1635,4.766609217426345,7.215334466755055e-05
1636,4.758401293025155,7.416062754868987e-05
1637,4.726721641659063,7.486723352897882e-05
1638,4.650986453735152,7.558473613471727e-05
1639,4.524470331555585,7.615830792887084e-05
1640,4.346718978476149,7.701091965827715e-05
1641,4.119843021408462,7.835264940011787e-05
1642,3.849556482499693,7.883257825577742e-05
1643,4.880671406421644,7.2272162251637e-05
1644,4.867938993467249,7.29620593689073e-05
1645,4.815860930509898,7.404820442272698e-05
1646,4.716157963086006,7.494156764789498e-05
1647,4.566636501586773,7.634166581506695e-05
1648,4.366947076771256,7.714437212235494e-05
1649,4.9551327086317505,7.196145209620884e-05
1650,4.929534230767949,7.267216558834937e-05
1651,4.857499070594841,7.419620259060634e-05
1652,4.7370275401538935,7.542894788000102e-05
1653,4.991716538132584,7.227506908343878e-05
1654,4.949359713211967,7.305937577585604e-05
1655,3.592570735452737,7.56880723177416e-05
1656,3.4155052606005567,7.595481099956888e-05
1657,3.231994026468648,7.70195376575992e-05
1658,3.0676536704998205,7.87063520647725e-05
1659,2.994279001846773,7.971043687667554e-05
1660,3.025660059441031,7.92190498667926e-05
1661,3.060778063958241,7.836649013652512e-05
1662,3.0491420105194766,7.910541525598018e-05
1663,2.981011559311735,7.987443689579229e-05
1664,3.6694724988700727,7.714998482416887e-05
1665,3.5044454386598356,7.76447353892721e-05
1666,3.3683830947682543,7.815103974184332e-05
1667,3.2992156663456984,7.779861230086808e-05
1668,3.2977257930501733,7.706794173350877e-05
1669,3.3178087818259163,7.677995089578506e-05
1670,3.313252560960158,7.722910816411136e-05
1671,3.255242567273753,7.873416826982091e-05
1672,3.157477639141188,7.975548951417657e-05
1673,3.09453472075422,7.962435960209606e-05
1674,3.0724144277491443,7.874013964463435e-05
1675,3.041627739064511,7.840682780574811e-05
1676,2.9965728702105676,7.94448589295532e-05
1677,2.9773725706647065,7.963009800635369e-05
1678,3.0669328752696012,7.831884606562467e-05
1679,3.233193962429694,7.69536131676439e-05
1680,3.8314969594309813,7.701832307167606e-05
1681,3.7230871900705798,7.761762165407625e-05
1682,3.6608737997455587,7.756773854586894e-05
1683,3.6449758427195493,7.66638567209929e-05
1684,3.649762788914759,7.637227430109534e-05
1685,3.636577104273987,7.739667084300954e-05
1686,3.5694235110928556,7.798626178803813e-05
1687,3.439787350423001,7.866069793607097e-05
1688,3.2802179678592944,7.97997079795919e-05
1689,3.1492204881160992,7.992148462868586e-05
1690,3.0761214153456082,7.884843363599213e-05
1691,3.026232818292483,7.886376433821541e-05
1692,2.9812750928411544,7.928539089853421e-05
1693,2.9719115523559214,7.977100733362972e-05
1694,4.073577464085518,7.617505244387286e-05
1695,4.0195479021033025,7.62051166666875e-05
1696,3.9973172526522363,7.671470933113033e-05
1697,3.990249870770429,7.713205534588032e-05
1698,3.9659553923272135,7.801149371389276e-05
1699,3.8898867938961184,7.83770144594164e-05
1700,3.748845354454984,7.862934552897914e-05
1701,3.557677238081352,7.884968249042842e-05
1702,3.3481437203454294,7.980580566348337e-05
1703,3.17441940431217,7.942484832773264e-05
1704,3.0752677973576317,7.86572545002715e-05
1705,3.0204674766339124,7.863020185453546e-05
1706,4.337514419455119,7.597726485501742e-05
1707,4.313309861963202,7.689015186654204e-05
1708,4.299559379401232,7.770278409794167e-05
1709,4.269008071328135,7.81710406136173e-05
1710,4.190826856548636,7.841897071915288e-05
1711,4.050724779821068,7.860888362658995e-05
1712,3.855143136129006,7.890276427048555e-05
1713,3.620719268617581,7.90306922974322e-05
1714,3.37824080657714,7.920303644395279e-05
1715,3.181696103592033,7.954964678819346e-05
1716,4.570740954780368,7.582387953458887e-05
1717,4.555657990429196,7.697013085240556e-05
1718,4.525946732385177,7.723776866204488e-05
1719,4.453651762908317,7.754984689940287e-05
1720,4.323833438265249,7.798902081361844e-05
1721,4.137266893958409,7.849896485744865e-05
1722,3.9041051585682407,7.911149277682115e-05
1723,3.6405210035525397,7.870375759826762e-05
1724,4.747534293778455,7.532684696338802e-05
1725,4.7257165606863945,7.604924385618557e-05
1726,4.666470706585189,7.666593280754658e-05
1727,4.553644503737096,7.706958982869712e-05
1728,4.384844416178309,7.767456335866828e-05
1729,4.165035242569843,7.863058270925662e-05
1730,4.862042584529943,7.500465245362394e-05
1731,4.822704577147355,7.581801207580482e-05
1732,4.731657935669771,7.591597460643571e-05
1733,4.584970444383012,7.669102146998494e-05
1734,4.91746263232037,7.517424961084975e-05
1735,4.853629666970501,7.548758186754975e-05
1736,3.3688555525830206,7.818585470218679e-05
1737,3.2909502297142725,7.812031701432553e-05
1738,3.2806987622099797,7.699477699106004e-05
1739,3.3076546264284787,7.629633701142334e-05
1740,3.34140098589964,7.725162614244813e-05
1741,3.365507897059322,7.829541596565428e-05
1742,3.3749609096789137,7.968197420724658e-05
1743,3.6558357993600175,7.740131617107194e-05
1744,3.633500524632461,7.690828711496337e-05
1745,3.644729150966207,7.679811673597315e-05
1746,3.668061447060114,7.717606681925297e-05
1747,3.6793726350205884,7.814343413301618e-05
1748,3.656556960646606,7.879452675559931e-05
1749,3.5928997023539107,7.891817159508553e-05
1750,3.505635852380636,7.931363194062288e-05
1751,3.420049148549775,7.821760946934756e-05
1752,3.3512712518504366,7.718665995481796e-05
1753,3.3012331732916604,7.648632642416102e-05
1754,3.27484624502288,7.734982563774065e-05
1755,3.9906849096665242,7.649916951923413e-05
1756,3.9895714553184556,7.732344976297612e-05
1757,4.000447399072958,7.815324467718508e-05
1758,3.998429454450903,7.854749157762758e-05
1759,3.95656089302245,7.885038820027254e-05
1760,3.860963165017572,7.88988180674028e-05
1761,3.723754536296261,7.846045794191883e-05
1762,3.572459210195698,7.887871545937927e-05
1763,3.4428126837644,7.817220459251933e-05
1764,3.353642496572914,7.70365444525596e-05
1765,4.301888516500416,7.772554450687957e-05
1766,4.302792489520837,7.804659758340732e-05
1767,4.292057474285344,7.839552053724247e-05
1768,4.2416246914677,7.895943127654935e-05
1769,4.134393006094658,7.884540967155876e-05
1770,3.9751006884136335,7.869827883630352e-05
1771,3.7832181923455384,7.889487111907143e-05
1772,3.592919389820371,7.880830438016628e-05
1773,4.550721440179029,7.745122688532444e-05
1774,4.5376770946770195,7.744325648513297e-05
1775,4.487864489334572,7.78946393397711e-05
1776,4.381729901956097,7.823594970984275e-05
1777,4.21857928966576,7.835075861987447e-05
1778,4.010928705413669,7.880042977171617e-05
1779,4.718646355395896,7.694426752322562e-05
1780,4.6785015215786006,7.70442170682719e-05
1781,4.582690844259865,7.737552634021951e-05
1782,4.426721253663802,7.803795069763276e-05
1783,4.801536216913252,7.68014581756751e-05
1784,4.724285598593055,7.688530169428215e-05
1785,3.6425469075132995,7.614351902309218e-05
1786,3.679173918933292,7.726104580523126e-05
1787,3.731524881688464,7.823139356186862e-05
1788,3.7841328637612346,7.886881172230427e-05
1789,3.8174536126751284,7.868180656165811e-05
1790,4.009437175315186,7.79465798685849e-05
1791,4.04413359589519,7.825863485194812e-05
1792,4.073345758361617,7.883641032754344e-05
1793,4.073015865178675,7.87038160323213e-05
1794,4.028249364391471,7.856257399097159e-05
1795,3.943872986156341,7.838172226614585e-05
1796,3.841177180055781,7.865216376276896e-05
1797,3.746934817137823,7.812880768159536e-05
1798,4.322722328269491,7.83074166319045e-05
1799,4.337078890361799,7.838972948138191e-05
1800,4.318687058138109,7.850221226338439e-05
1801,4.2487631328485,7.870797455739804e-05
1802,4.130376248866257,7.832383437020163e-05
1803,3.9837735203190894,7.847096997182497e-05
1804,4.54616717691907,7.799702162289806e-05
1805,4.522350409995292,7.782806570188912e-05
1806,4.443270367674682,7.789593423902524e-05
1807,4.306968536974033,7.811891165768366e-05
1808,4.6606226266379025,7.725514751263555e-05
1809,4.584535450050301,7.737509434013185e-05
1810,4.110022252644967,7.849885073547524e-05
1811,4.177779542806938,7.869631833425194e-05
1812,4.221073300145141,7.838210538568483e-05
1813,4.382495992683121,7.814305953177647e-05
1814,4.399757196148833,7.795684445965057e-05
1815,4.367418595571857,7.791276925595223e-05
1816,4.2862614013988125,7.820484978253752e-05
1817,4.527483392459322,7.747727558677701e-05
1818,4.476830557242711,7.755876376900052e-05
1819,4.452704340588431,7.743748081498297e-05
1820,3.868543614689425,7.773645354553254e-05
1821,3.859699489093367,7.730578524771866e-05
1822,3.831632105850908,7.716153392846211e-05
1823,3.780518984989578,7.586443288778714e-05
1824,3.702203519832482,7.490053779255775e-05
1825,3.594357967477737,7.489361513807212e-05
1826,3.4578476995058676,7.479623165628101e-05
1827,3.296757462545414,7.566227908069805e-05
1828,3.117275891516242,7.689360400858358e-05
1829,2.926245880252929,7.872534211454446e-05
1830,2.955671127314915,8.138077743734574e-05
1831,3.0460110396761495,8.167355102096452e-05
1832,3.0925101966668174,8.079693818369569e-05
1833,3.890151559284798,7.719679570255275e-05
1834,3.9014217377910865,7.670005583178437e-05
1835,3.889369425739511,7.550711095670083e-05
1836,3.8490466169071023,7.555074581664201e-05
1837,3.77685602919967,7.575843023145225e-05
1838,3.6721735301416807,7.52239251603013e-05
1839,3.537771909193934,7.578808441699951e-05
1840,3.3789812399357873,7.599854951233165e-05
1841,3.202116152297805,7.703569668597446e-05
1842,3.0130027469296325,7.835263601503297e-05
1843,3.042986218813667,8.100313411347118e-05
1844,3.101434128917539,8.015698544479203e-05
1845,3.117283911333825,7.973774612313894e-05
1846,3.094023911372817,8.059100605918027e-05
1847,3.0512691067846034,8.077659167119605e-05
1848,3.1378363689945026,7.799053363550328e-05
1849,3.310751417156227,7.658223738996917e-05
1850,3.4809160100703163,7.597386298763212e-05
1851,3.633521291169436,7.566688018407843e-05
1852,3.7600561840829925,7.51665266949994e-05
1853,3.854130154704962,7.537892156376434e-05
1854,3.9119882493221305,7.51314035582098e-05
1855,3.9321589897672964,7.619856881605532e-05
1856,3.9118031919120497,7.710397842138982e-05
1857,3.9523749509064428,7.659449370786557e-05
1858,3.9801905128317445,7.584906692321355e-05
1859,3.9794553284031204,7.567973263218614e-05
1860,3.9456514312369326,7.531425763390769e-05
1861,3.87686221862114,7.53120176168671e-05
1862,3.7744547519394307,7.512453805587528e-05
1863,3.6425057309464224,7.575045589544374e-05
1864,3.4863101928523,7.600645545316291e-05
1865,3.3107327769292922,7.674195223513253e-05
1866,3.1192286987947386,7.753346074739886e-05
1867,3.184085121147006,7.811735718312418e-05
1868,3.2264284003904167,7.75076270675548e-05
1869,3.262826774593812,7.823260925651214e-05
1870,3.329747653008704,7.837462329060094e-05
1871,3.453889794592323,7.780322690755531e-05
1872,3.607428444629853,7.689110544624663e-05
1873,3.7617103211952823,7.649487664831319e-05
1874,3.900248948888683,7.607619606349792e-05
1875,4.009577050228472,7.504591785142279e-05
1876,4.076099807327868,7.508116849266772e-05
1877,4.087397739273132,7.49349438999499e-05
1878,4.036788354947534,7.44917320477126e-05
1879,4.048454063726845,7.58046626361857e-05
1880,4.088410085668953,7.528746556955109e-05
1881,4.094841073778412,7.55090630467631e-05
1882,4.064728761193296,7.523625220629774e-05
1883,3.998093615239287,7.497004720871004e-05
1884,3.8976610958802067,7.537060326369547e-05
1885,3.7675412697044943,7.580891751299585e-05
1886,3.6115853727997345,7.647709390504991e-05
1887,3.4322814361940974,7.661930162857114e-05
1888,3.4161584770503897,7.719913538394198e-05
1889,3.49943835253044,7.750447238002272e-05
1890,3.589990887937898,7.770233319611039e-05
1891,3.702075404877941,7.716365576715536e-05
1892,3.8304660921744325,7.751318165456737e-05
1893,3.9676854017839744,7.718027740123836e-05
1894,4.101125995847299,7.67224318882192e-05
1895,4.215436853300333,7.60296906447327e-05
1896,4.290466084009369,7.517980959381158e-05
1897,4.30129496087255,7.43485318784986e-05
1898,4.230518744947189,7.484619686768351e-05
1899,4.169750845970262,7.521457666198321e-05
1900,4.217622418316903,7.417684701585549e-05
1901,4.228024766298796,7.428968562245506e-05
1902,4.199742033685938,7.472196013106767e-05
1903,4.134219820051784,7.468547109806666e-05
1904,4.034441064635541,7.550516392971224e-05
1905,3.9033464940108624,7.596618414646852e-05
1906,3.7426328303781595,7.707110840561346e-05
1907,3.7640831892981796,7.776211090922838e-05
1908,3.8688378078270818,7.783060281714427e-05
1909,3.9793394651960985,7.798775712805282e-05
1910,4.10190806413906,7.791895430214553e-05
1911,4.226416168190373,7.732882702091661e-05
1912,4.348263437142506,7.678398884846994e-05
1913,4.457871566830017,7.641046719888621e-05
1914,4.53697260327917,7.456829709431777e-05
1915,4.553936397085826,7.302698651601107e-05
1916,4.4746586015653245,7.254537432243236e-05
1917,4.307419507279932,7.393532680274523e-05
1918,4.3592793990497425,7.286949554944502e-05
1919,4.370848440299718,7.240085252901666e-05
1920,4.342432125760024,7.314638960885789e-05
1921,4.27606200780035,7.402110749808867e-05
1922,4.173988230146975,7.589478003917305e-05
1923,4.053244288513882,7.813156270756448e-05
1924,4.142040740110253,7.831940263703066e-05
1925,4.25177780599181,7.844674012089656e-05
1926,4.370257533010105,7.80774361678206e-05
1927,4.4909724129505895,7.748811065533831e-05
1928,4.608366187594983,7.673793732801269e-05
1929,4.7146535828174185,7.531835019608139e-05
1930,4.796529746713486,7.363205084015318e-05
1931,4.823571320643488,7.115169053964601e-05
1932,4.747030961496279,6.976368250116302e-05
1933,4.452536589686863,7.122990392731435e-05
1934,4.504356270960302,7.10868221207128e-05
1935,4.514034740880728,7.06297362669027e-05
1936,4.482850798275038,7.248683695292759e-05
1937,4.4126261815514445,7.418531316860674e-05
1938,4.406993823397125,7.738612325235473e-05
1939,4.492481111092784,7.801877517165107e-05
1940,4.6012388361306185,7.785339962757595e-05
1941,4.720293650437183,7.729634495657439e-05
1942,4.8417710130621305,7.631488715961899e-05
1943,4.952457657813053,7.471900445273031e-05
1944,5.043211232969976,7.286902668130969e-05
1945,5.087094597301907,7.05658336113171e-05
1946,5.023935586290957,6.98785418012638e-05
1947,4.595727273395005,7.025827315534477e-05
1948,4.64331463480202,7.025671456357698e-05
1949,4.6477875937593005,7.121986319198094e-05
1950,4.635926520695795,7.591818798010822e-05
1951,4.689262697112089,7.679876033937347e-05
1952,4.775015063731666,7.692669425160292e-05
1953,4.883751723021233,7.64939894285401e-05
1954,5.003674302598665,7.629074036371553e-05
1955,5.131544058259373,7.515356952956423e-05
1956,5.2420195855698335,7.370248231012122e-05
1957,5.31936397957405,7.21766169885835e-05
1958,5.28611150972229,7.024650507344886e-05
1959,4.727648074625054,6.887157506601382e-05
1960,4.769433300933755,7.13724646492449e-05
1961,4.80733666337762,7.299230201596544e-05
1962,4.868352379333337,7.50529430866353e-05
1963,4.957323102409294,7.590895619832128e-05
1964,5.068617238394899,7.547958451821992e-05
1965,5.191954531839752,7.564983029890825e-05
1966,5.316421922465073,7.49802808542571e-05
1967,5.455476084850138,7.436316423721949e-05
1968,5.522939108663179,7.036815549789622e-05
1969,4.840255130665805,7.04575758301357e-05
1970,4.887406670134405,7.091001219111617e-05
1971,4.947263615555106,7.280172148769939e-05
1972,5.031951851535028,7.319247160682502e-05
1973,5.1395393039101105,7.428814628889585e-05
1974,5.260276556260944,7.492490422771589e-05
1975,5.379555650121765,7.617401821367626e-05
1976,5.494300585175037,7.657827591943849e-05
1977,4.927849744399561,7.045544719957131e-05
1978,4.971205728137415,7.080724760156013e-05
1979,5.036439405000589,7.14077253324105e-05
1980,5.1256457410543,7.280719218197416e-05
1981,5.2294534576999805,7.407177892267486e-05
1982,5.327794703388524,7.52433825225446e-05
1983,4.987240334006014,7.003558916754689e-05
1984,5.020949414614855,6.998555444498819e-05
1985,5.079390234366011,7.13110560027794e-05
1986,5.155663776617326,7.322784566013375e-05
1987,5.017109653598666,6.875866784078767e-05
1988,5.037414130350962,6.943582520844361e-05
1989,3.974142508811144,7.583360553607535e-05
1990,4.009770297751923,7.53295574612319e-05
1991,3.9954663061288684,7.567212793113727e-05
1992,3.936259063016857,7.532314333898899e-05
1993,3.8380492618042625,7.577562632060936e-05
1994,3.708327117676403,7.568509240197987e-05
1995,3.5558810344922094,7.585881368611277e-05
1996,3.3917248908207145,7.72267233047249e-05
1997,3.2406489247951167,7.829437282304433e-05
1998,3.1770610119026754,7.892975954897581e-05
1999,3.1830641756096094,7.819061959181445e-05
2000,4.070375376447419,7.523520707693545e-05
2001,4.116842543294525,7.490889917522871e-05
2002,4.106027207333902,7.537635132413483e-05
2003,4.047069285214892,7.577324459684515e-05
2004,3.949818201548495,7.573897206989714e-05
2005,3.823875458924657,7.578034279171153e-05
2006,3.6793814617537324,7.679884726020932e-05
2007,3.5319686504617214,7.724631478457967e-05
2008,3.4213489383221165,7.79306685048852e-05
2009,3.3950422591587426,7.716164868565273e-05
2010,3.4203405723914226,7.73253361267707e-05
2011,3.4863579154619857,7.75521958143504e-05
2012,3.59072568880311,7.74953275814134e-05
2013,3.725372930391431,7.677021944511182e-05
2014,3.8690871988482587,7.65665885938289e-05
2015,4.004046280674326,7.632457699844416e-05
2016,4.114812623854552,7.602668839010864e-05
2017,4.1843809890435475,7.50425484573702e-05
2018,4.194443235644448,7.452337037567112e-05
2019,4.133418341223163,7.466992544285002e-05
2020,4.191824275802344,7.482844540800725e-05
2021,4.244852837544631,7.459178021118013e-05
2022,4.23598290815765,7.468253636748938e-05
2023,4.179216193097943,7.503855822995622e-05
2024,4.086903404019888,7.564646039603906e-05
2025,3.9702391701698385,7.628708710614025e-05
2026,3.8446100710092526,7.701118069308399e-05
2027,3.7454882228459736,7.736715512679258e-05
2028,3.72704004818088,7.724219220510112e-05
2029,3.779140236858419,7.718961673293089e-05
2030,3.8700260236181183,7.767422689078208e-05
2031,3.983243330640266,7.78052167623374e-05
2032,4.106906259873334,7.697484011028162e-05
2033,4.230543361442237,7.695790304750948e-05
2034,4.340223090163996,7.629022856333432e-05
2035,4.415764839578523,7.520342312329801e-05
2036,4.428392039974689,7.363452532985165e-05
2037,4.352639381612675,7.445704403865309e-05
2038,4.32960794884009,7.313717338705875e-05
2039,4.386109086820908,7.308852843521216e-05
2040,4.379749024520288,7.386174423427073e-05
2041,4.328305704898526,7.45464142530083e-05
2042,4.246563684746243,7.58786953899516e-05
2043,4.15285925439509,7.697924006006586e-05
2044,4.0853609172832765,7.754324395744395e-05
2045,4.0931770706512,7.791561674025311e-05
2046,4.164656003396796,7.832819329176901e-05
2047,4.264392065499553,7.814100152152333e-05
2048,4.377135216523692,7.747550534737226e-05
2049,4.490132797414506,7.668280703522877e-05
2050,4.593661778050603,7.531639293030255e-05
2051,4.671109769190376,7.382939061685878e-05
2052,4.690911053716847,7.172100480331001e-05
2053,4.611783118490761,7.203481853054915e-05
2054,4.474794386196573,7.183518830843335e-05
2055,4.532894264228639,7.191011790951503e-05
2056,4.531580261919878,7.26358210738765e-05
2057,4.4920697496775714,7.41612915375517e-05
2058,4.438055538189618,7.587504075328157e-05
2059,4.4095866993356045,7.712628574058563e-05
2060,4.444040927472508,7.761865360290644e-05
2061,4.528114293794585,7.773255999566972e-05
2062,4.633858969069528,7.750156440074251e-05
2063,4.743386300567079,7.679728198849328e-05
2064,4.845862219789812,7.555875659638308e-05
2065,4.927572662009836,7.243607266338633e-05
2066,4.95924626707964,6.993759405185472e-05
2067,4.88745839389936,6.950133813897019e-05
2068,4.618047356783244,6.98941249532021e-05
2069,4.676934014093385,7.092192711415455e-05
2070,4.68705442227669,7.30252301898797e-05
2071,4.67780002547678,7.496122314757328e-05
2072,4.688249169786591,7.65597956564782e-05
2073,4.745226251075429,7.681556116412343e-05
2074,4.838692703406374,7.657931558605019e-05
2075,4.947945191824249,7.648569479717007e-05
2076,5.061172138861299,7.458337768329551e-05
2077,5.155941295091596,7.29665602039986e-05
2078,5.210143505172978,7.142801923656671e-05
2079,5.157334196871844,7.039747897295542e-05
2080,4.7500879905445945,6.999693617196132e-05
2081,4.810182272591082,7.075623457886894e-05
2082,4.844116223219018,7.269908909587197e-05
2083,4.8884163124877436,7.468746363323967e-05
2084,4.964982892411827,7.564155836777174e-05
2085,5.06850760451235,7.582750797266513e-05
2086,5.184225246831318,7.501874160345529e-05
2087,5.310823722144639,7.460740049732618e-05
2088,5.409970579915676,7.248650638472961e-05
2089,5.406210498230196,7.003802359280133e-05
2090,4.8629099837444425,7.008376133787088e-05
2091,4.925076896051432,7.093316605358089e-05
2092,4.9895327715668705,7.179877924126623e-05
2093,5.07821274402659,7.390968563309427e-05
2094,5.189328188799839,7.462425469306665e-05
2095,5.310698949443903,7.48109583849963e-05
2096,5.4475269925413485,7.540655222588804e-05
2097,5.558396539744421,7.662458863568696e-05
2098,4.950788754305143,6.94050228811982e-05
2099,5.013426077694331,7.096468367161455e-05
2100,5.096273858644732,7.236369489541332e-05
2101,5.200849852806354,7.342015965349649e-05
2102,5.3136400707218145,7.488954586692028e-05
2103,5.410759331123497,7.609466318499178e-05
2104,5.010451831498115,7.014115973080366e-05
2105,5.068329441694405,7.025348580864576e-05
2106,5.1503460343629595,7.161654960066928e-05
2107,5.24188280781174,7.345321510604896e-05
2108,5.04048790727394,6.898392302784197e-05
2109,5.0867907514169515,6.985763284240755e-05
2110,4.255229017270781,7.475440796939772e-05
2111,4.322206959098969,7.422170641147483e-05
2112,4.312349264797127,7.485565124288595e-05
2113,4.244171121219138,7.580845812883218e-05
2114,4.139960034327939,7.655182983940129e-05
2115,4.018319747970846,7.698044925463268e-05
2116,3.8970705817033036,7.774478300855248e-05
2117,3.7976362916965924,7.734747782689471e-05
2118,3.741065762160587,7.719575906442523e-05
2119,4.393222746185518,7.365326963820451e-05
2120,4.463065052045662,7.275680215476533e-05
2121,4.455306336105151,7.435610184586305e-05
2122,4.394479664390839,7.568533969186365e-05
2123,4.305221392896099,7.674086611502955e-05
2124,4.209499278936997,7.699792884988001e-05
2125,4.132314216537859,7.782313313711786e-05
2126,4.099645122763807,7.798097117035557e-05
2127,4.121221596060733,7.813291578808889e-05
2128,4.189932569698051,7.763341784282247e-05
2129,4.284602468948087,7.743830424171998e-05
2130,4.388712535422258,7.693705080447597e-05
2131,4.48588378537765,7.567385251728595e-05
2132,4.555649937189075,7.444585134351903e-05
2133,4.5680076007313675,7.300927035094356e-05
2134,4.490570748846061,7.280425106885878e-05
2135,4.538442768418092,7.16987561779945e-05
2136,4.609559517034341,7.20579444592007e-05
2137,4.6080570020616864,7.363949706065283e-05
2138,4.562368809534247,7.493041107913678e-05
2139,4.5009845002796265,7.637158008132616e-05
2140,4.453451109905363,7.717168711032827e-05
2141,4.447175344020352,7.791189965347714e-05
2142,4.489123772582348,7.769715143877786e-05
2143,4.564096551033069,7.72643906747035e-05
2144,4.654377506037184,7.65874757234813e-05
2145,4.743715393200657,7.549344824768641e-05
2146,4.81346815212362,7.294770139060768e-05
2147,4.832296969708359,7.04978383789875e-05
2148,4.755045916895167,6.961933684517708e-05
2149,4.681682145581074,7.04133534808028e-05
2150,4.753605536012296,7.16108300174012e-05
2151,4.764707829926864,7.297710873553149e-05
2152,4.746749238148412,7.483338923449336e-05
2153,4.733820821106951,7.601409820841839e-05
2154,4.754054709458888,7.67777357138111e-05
2155,4.81325302875324,7.695594180763563e-05
2156,4.897361522162806,7.62955733296935e-05
2157,4.984578615596899,7.445673206020563e-05
2158,5.059575985077878,7.243677084070132e-05
2159,5.091796890574436,7.064664725915587e-05
2160,5.025161821014799,6.935832741785713e-05
2161,4.81387562856667,7.0820139096236e-05
2162,4.88705239759728,7.047272625175685e-05
2163,4.919920224965673,7.231127995875535e-05
2164,4.946279192894051,7.43491783952584e-05
2165,4.994480811212379,7.522270990249878e-05
2166,5.071352846077894,7.559529897556713e-05
2167,5.170688472752283,7.457609231888677e-05
2168,5.2613313238152974,7.329355642299276e-05
2169,5.322793690611758,7.178677530940426e-05
2170,5.28140757397075,7.07772723753951e-05
2171,4.927150632438789,6.962076019935201e-05
2172,5.002427135816708,7.000111075046468e-05
2173,5.064847948004412,7.177732483706381e-05
2174,5.140381332235131,7.304674007937623e-05
2175,5.236485168184393,7.40255323420705e-05
2176,5.344511927991144,7.40576980277697e-05
2177,5.467198892056833,7.324192101848026e-05
2178,5.512403993627758,7.010450938822406e-05
2179,5.0157238883260655,6.94397207562866e-05
2180,5.092413359739458,7.004081100310033e-05
2181,5.179788132750321,7.104569401826016e-05
2182,5.284663667655688,7.3170642185641e-05
2183,5.395990051615862,7.472061507659269e-05
2184,5.505798149940071,7.581936660794397e-05
2185,5.0760939222269545,6.930217210762699e-05
2186,5.149777139793526,6.951005792158354e-05
2187,5.24254621176948,7.195521508795909e-05
2188,5.338040439723316,7.341873319849777e-05
2189,5.106574046660204,6.832216172911732e-05
2190,5.169389187501111,6.971310097846385e-05
2191,4.635329984095845,7.080744172494211e-05
2192,4.7128760465115525,7.144430393995487e-05
2193,4.705127674050792,7.370728058733224e-05
2194,4.64831303743772,7.511983024202644e-05
2195,4.573628969236867,7.668138396479574e-05
2196,4.505082609557189,7.736136451039563e-05
2197,4.463773625767802,7.790709820568531e-05
2198,4.7779676664471715,6.954490805592234e-05
2199,4.855367705794141,7.00540293183915e-05
2200,4.858225084515644,7.264160419072799e-05
2201,4.824233368601114,7.479364965296523e-05
2202,4.787212171767368,7.599313965084708e-05
2203,4.773124194782373,7.710248858758073e-05
2204,4.794357163965624,7.685561841765852e-05
2205,4.842344481744629,7.609307331026128e-05
2206,4.904661486712251,7.503256526281699e-05
2207,4.95863876470411,7.221736288336022e-05
2208,4.971158188555913,7.010489280278517e-05
2209,4.89592716688608,6.923573973644644e-05
2210,4.909825353192987,6.969972217224813e-05
2211,4.9878604462276845,6.976302082187598e-05
2212,5.0096442602182725,7.233469846739067e-05
2213,5.012369769520128,7.412932608876822e-05
2214,5.027837689889904,7.512779920984684e-05
2215,5.0702224815171215,7.533420929378377e-05
2216,5.130477093070182,7.43206505825724e-05
2217,5.188781462922428,7.295267119570702e-05
2218,5.2154829291052405,7.090442660367456e-05
2219,5.1529428255130405,6.972981082255032e-05
2220,5.023305402744488,6.907555292950964e-05
2221,5.10343068082991,7.017155971435923e-05
2222,5.15348516667177,7.12913590784663e-05
2223,5.204106548096976,7.33030351429828e-05
2224,5.271690709511852,7.341599806981187e-05
2225,5.3561319115553045,7.312244942899063e-05
2226,5.419642355779196,7.183422865951129e-05
2227,5.39026394960851,7.025783508590513e-05
2228,5.112577197634743,6.919788452469545e-05
2229,5.19522533780763,6.970789029005548e-05
2230,5.27538334133245,7.151069539270587e-05
2231,5.367344956620121,7.296048202730356e-05
2232,5.479652373241064,7.399249517235882e-05
2233,5.584726735642187,7.555914013569221e-05
2234,5.173799030382609,6.963422389430741e-05
2235,5.255304208880978,7.024399600658638e-05
2236,5.348285358001701,7.164667073050629e-05
2237,5.439340687747628,7.32452309869407e-05
2238,5.20485079799116,6.891666913437772e-05
2239,5.276236302010512,6.979344193393064e-05
2240,5.026398049077518,6.96488859174723e-05
2241,5.100762166504724,7.051535614479907e-05
2242,5.10218309865355,7.163529627079796e-05
2243,5.075975022343619,7.392406724275503e-05
2244,5.055965230517754,7.525548404376814e-05
2245,5.139304851171891,6.932259128862925e-05
2246,5.215161463176535,7.076417442617732e-05
2247,5.241162348398451,7.163611935043056e-05
2248,5.256362958492007,7.292295493799206e-05
2249,5.284697581982511,7.274904284412344e-05
2250,5.314019117317381,7.22016011491387e-05
2251,5.325568450410753,7.109420172693348e-05
2252,5.264239027329807,6.963600855096531e-05
2253,5.228820165857473,7.000614632753992e-05
2254,5.308501875933398,6.997206435697603e-05
2255,5.3684181718239286,7.130857308748052e-05
2256,5.431510183378486,7.243463405688198e-05
2257,5.496383741943476,7.153560390922508e-05
2258,5.4782381351491445,6.951728759695408e-05
2259,5.290697903182161,6.957657407403137e-05
2260,5.372382271047859,6.946768647565123e-05
2261,5.457635938385652,7.151449929322677e-05
2262,5.549223211697875,7.29089217396753e-05
2263,5.32226720446846,6.926471670196372e-05
2264,5.395549561662965,7.027211825685244e-05
2265,5.3532858041868705,6.943678623863567e-05
2266,5.418485951878184,7.022344617653896e-05
2267,5.435698051269305,7.153881256705277e-05
2268,5.415408593968987,6.937388588913484e-05
2269,5.488617313354422,7.015106508707721e-05
2270,5.550632777000665,7.108816571861832e-05
2271,5.540226418314206,6.969011856632464e-05
2272,5.447317619439064,6.98659959482613e-05
2273,5.518073724545815,7.082815039424595e-05
2274,5.572296454474009,7.00438870167567e-05
2275,3.868543614689425,7.736176882045372e-05
2276,5.671633908247147,7.206839332634467e-05
2277,5.669461325499284,7.233999440822403e-05
2278,5.6737625196673305,7.251155723890318e-05
2279,5.692507793639343,7.250603125919148e-05
2280,5.730743185125487,7.396291519587993e-05
2281,5.787980055027933,7.462325185247287e-05
2282,5.858142313253273,7.49901748530164e-05
2283,5.93183178242601,7.550640875128746e-05
2284,5.999467395450888,7.543643393915257e-05
2285,6.053780323259982,7.563109164779425e-05
2286,6.090809632221178,7.569248733257006e-05
2287,6.10932305563829,7.530938288446332e-05
2288,5.626415789393425,7.208844901678704e-05
2289,5.607844796450296,7.314631263798587e-05
2290,5.615000097114217,7.281287720467803e-05
2291,5.638179973702225,7.266071013557159e-05
2292,5.680378016102316,7.353478306946518e-05
2293,5.741630342937278,7.484512995231245e-05
2294,5.816673343731991,7.534942235126973e-05
2295,5.896528241442342,7.549562240410287e-05
2296,5.971454255396132,7.566713363347898e-05
2297,6.033582868657617,7.568620047137644e-05
2298,6.0782435409569615,7.570643346152462e-05
2299,6.103723123712076,7.55435769937732e-05
2300,6.109947600325126,7.549048067192697e-05
2301,6.097173994888359,7.564826445927397e-05
2302,6.064978056027723,7.570052436259853e-05
2303,6.013791340329159,7.554633001663773e-05
2304,5.946252815002666,7.550376629578999e-05
2305,5.8683402012459736,7.554274511994783e-05
2306,5.789166865480821,7.521890175022283e-05
2307,5.719220090316032,7.432415119147541e-05
2308,5.66748599779634,7.310884869047185e-05
2309,5.63866840112398,7.308169396075411e-05
2310,5.632471719330192,7.214613525502084e-05
2311,5.646967487885024,7.234991391163724e-05
2312,5.500513975054752,7.417137671767278e-05
2313,5.46652640671804,7.498975582267628e-05
2314,5.495238517085667,7.50749966191467e-05
2315,5.558311036934344,7.468468601715189e-05
2316,5.642334226477511,7.508159374075942e-05
2317,5.738013465686494,7.533159575354391e-05
2318,5.8356906294172415,7.561481770044277e-05
2319,5.92591018562741,7.545053329443391e-05
2320,6.001142397776218,7.567275167529524e-05
2321,6.056857803718485,7.56039605141547e-05
2322,6.0913464395625345,7.537890474397177e-05
2323,6.104458833352012,7.530831155992638e-05
2324,6.096806593659978,7.5596453541914e-05
2325,6.067591232179195,7.526063079972545e-05
2326,6.016149216036417,7.55973597519098e-05
2327,5.943667576909903,7.558513771420956e-05
2328,5.85478057570021,7.585127026842444e-05
2329,5.758666324651473,7.565007616683005e-05
2330,5.668914804931749,7.518178436750984e-05
2331,5.6017184404512115,7.502513395092676e-05
2332,5.571572958384405,7.45598324261904e-05
2333,5.58484125080684,7.327040610319658e-05
2334,5.335824725985876,7.709344515662694e-05
2335,5.312591908097599,7.722384645913926e-05
2336,5.382776338198062,7.621435965780397e-05
2337,5.49653642723813,7.570470689261354e-05
2338,5.623570293179972,7.536877659582323e-05
2339,5.748052236933289,7.553210746863738e-05
2340,5.85997072184515,7.552557089638776e-05
2341,5.9526807139146785,7.540884694420352e-05
2342,6.0225134657035895,7.545271065241657e-05
2343,6.068211210710714,7.530828175497595e-05
2344,6.089672131152757,7.523487084326232e-05
2345,6.0864937273617405,7.535383881979479e-05
2346,6.059193291099898,7.546699079125007e-05
2347,6.005459585424496,7.550253725003161e-05
2348,5.925387630611207,7.551012294666526e-05
2349,5.8229616939983515,7.565301678083336e-05
2350,5.709018721604726,7.578670588273015e-05
2351,5.603831774588409,7.63505172325283e-05
2352,5.535663904461997,7.655110598520446e-05
2353,5.526475227512738,7.60382441063499e-05
2354,5.188317971897155,7.799760176364653e-05
2355,5.205285354647778,7.754933355300154e-05
2356,5.32940072159532,7.652245277678225e-05
2357,5.48648835815956,7.592074358880367e-05
2358,5.64012279878269,7.549696625967798e-05
2359,5.775922747102694,7.542526839573995e-05
2360,5.887652338970346,7.567853295931957e-05
2361,5.972793891200027,7.537603173899277e-05
2362,6.030801562815812,7.529236230780539e-05
2363,6.061644380674227,7.529419528307586e-05
2364,6.062257824303781,7.521024535756182e-05
2365,6.036133379141796,7.546736630659573e-05
2366,5.979085704677951,7.543814889189634e-05
2367,5.890824745803106,7.558604907015945e-05
2368,5.776200418365709,7.552287111488697e-05
2369,5.651067916050107,7.616499701890904e-05
2370,5.548401809853479,7.680577004513614e-05
2371,5.5077127170603895,7.720409325323886e-05
2372,5.115676374095089,7.782173689333949e-05
2373,5.188450145302745,7.734559873835418e-05
2374,5.353755877860589,7.662470438764545e-05
2375,5.528983813401808,7.580605757543185e-05
2376,5.684656346071239,7.559007698366617e-05
2377,5.812464965543656,7.555768124567787e-05
2378,5.910658082543566,7.510296412205337e-05
2379,5.979430682566399,7.514285188003955e-05
2380,6.018810264403221,7.502637979166949e-05
2381,6.0273084110262385,7.49515818864613e-05
2382,5.995607700278076,7.516077029742055e-05
2383,5.934545178445146,7.521155365916998e-05
2384,5.839013969248734,7.51140682974027e-05
2385,5.717813238605022,7.569274454192603e-05
2386,5.599751527270109,7.634349356903807e-05
2387,5.536265508555335,7.701420354315594e-05
2388,5.155487213306559,7.785118964630602e-05
2389,5.271351808159131,7.74153585595364e-05
2390,5.444430964165778,7.647008658282433e-05
2391,5.60792882707715,7.598416509873999e-05
2392,5.743360650013783,7.573215541573746e-05
2393,5.847751648835753,7.53281129367653e-05
2394,5.921684940198207,7.500998195588225e-05
2395,5.965266142504481,7.481048983976274e-05
2396,5.9764245258040924,7.436672110087396e-05
2397,5.937837117006368,7.474237817532084e-05
2398,5.870845491036172,7.499004084019514e-05
2399,5.769654482190151,7.520051480321191e-05
2400,5.655786312619778,7.60897199983653e-05
2401,5.587850732315908,7.658391089621732e-05
2402,5.299719769835566,7.77763037975071e-05
2403,5.4283158290790725,7.746031113581932e-05
2404,5.577867361313253,7.671222481892608e-05
2405,5.707210573437105,7.61718692086055e-05
2406,5.806676215376056,7.518415855988296e-05
2407,5.875816372599113,7.441247822781987e-05
2408,5.914803405134998,7.434329357775048e-05
2409,5.921333989224744,7.41299202082905e-05
2410,5.869881320841625,7.403157980833903e-05
2411,5.790295789689359,7.387887822152754e-05
2412,5.683789550053974,7.512784434664665e-05
2413,5.621184059244954,7.647511629685137e-05
2414,5.501085307877914,7.769846041181704e-05
2415,5.618697333287318,7.706421146286998e-05
2416,5.730039713910823,7.581217594167875e-05
2417,5.814884466044879,7.42778798337855e-05
2418,5.869425009295836,7.328955982418535e-05
2419,5.893654799212431,7.308635105183678e-05
2420,5.885895333652138,7.22308319854153e-05
2421,5.840824800768695,7.205287023398174e-05
2422,5.709420551230396,7.242595940679178e-05
2423,5.5967729281861995,7.672706247259379e-05
2424,5.709695034619901,7.655517242001072e-05
2425,5.804714995167268,7.489997492855228e-05
2426,5.876357251123914,7.286919633134865e-05
2427,5.916451752190457,7.127183449516058e-05
2428,5.924455444194024,7.172770545865532e-05
2429,5.900846105499127,7.079218843717641e-05
2430,5.845420379060331,7.012641558363584e-05
2431,5.729728077391402,6.897426696470244e-05
2432,5.8913223150847935,7.246439829267658e-05
2433,5.957895081850408,7.111397339219165e-05
2434,5.99170112124213,7.146775123834909e-05
2435,5.990900560737531,7.116336836903116e-05
2436,5.958423592444581,7.077552688020742e-05
2437,5.9017559752101905,6.989699916941489e-05
2438,6.024308941954641,7.110437206058513e-05
2439,6.058215777354922,7.156752323257496e-05
2440,6.055214059423978,7.172630514869269e-05
2441,6.018481369121773,7.050511155105571e-05
2442,6.094544035848139,7.177311489547239e-05
2443,6.093118128515791,7.172478382515999e-05
2444,5.5636599640082585,7.328494515468821e-05
2445,5.556650433356716,7.391820790368353e-05
2446,5.584593185546339,7.415539682966492e-05
2447,5.642178668436134,7.493023777112075e-05
2448,5.721554428598757,7.538003913896824e-05
2449,5.811898655650499,7.541888858532644e-05
2450,5.901576161955485,7.570664877226311e-05
2451,5.9806408251339445,7.574056674236206e-05
2452,6.042434235803586,7.549971761961609e-05
2453,6.083836013290994,7.552676800515491e-05
2454,6.104234595178042,7.554804456250553e-05
2455,5.4212932779616345,7.589149903564058e-05
2456,5.4426485927327395,7.553089029319461e-05
2457,5.513379599104966,7.556343464068342e-05
2458,5.613336854747633,7.566470282969977e-05
2459,5.725076981080967,7.556901344965175e-05
2460,5.8343613100367575,7.566274631379644e-05
2461,5.930545839133717,7.563331080922864e-05
2462,6.006893692419511,7.534570385687459e-05
2463,6.06028777417875,7.550688642526445e-05
2464,6.0900848724413255,7.543651471835739e-05
2465,6.096435278811548,7.556317512323287e-05
2466,6.080316394034383,7.558963221616722e-05
2467,6.040000642132152,7.548260623616014e-05
2468,5.975147751428071,7.551181699462545e-05
2469,5.887638256940981,7.559462562724843e-05
2470,5.783687751255006,7.573874436894974e-05
2471,5.675440305612614,7.585310230850854e-05
2472,5.581402030261282,7.599176866888257e-05
2473,5.523386170123675,7.61939751550302e-05
2474,5.516444030449685,7.555520224200253e-05
2475,5.29198324168567,7.713245987618549e-05
2476,5.359110727089937,7.657153480117501e-05
2477,5.47759180374215,7.60670224880766e-05
2478,5.613744703613252,7.570705928178167e-05
2479,5.74614113939073,7.548806506776741e-05
2480,5.862279431407388,7.571861380875836e-05
2481,5.955418159837266,7.539504620445319e-05
2482,6.022698141141806,7.535320788395553e-05
2483,6.063497052437177,7.521431131527246e-05
2484,6.077681704909254,7.536073195683796e-05
2485,6.064225288160986,7.522371331950124e-05
2486,6.023752599935569,7.52988406691764e-05
2487,5.954099241232314,7.538140841466705e-05
2488,5.856732278443401,7.553288341336028e-05
2489,5.739091598778043,7.584249930703257e-05
2490,5.619054386261298,7.617243838391455e-05
2491,5.527357183038332,7.68763305684306e-05
2492,5.4948171766555225,7.673291053451063e-05
2493,5.229861581903649,7.71134203761276e-05
2494,5.344179867117877,7.669211605022145e-05
2495,5.495456347681628,7.595312476772657e-05
2496,5.647000281761048,7.568142653677226e-05
2497,5.7809456054869495,7.531383879810374e-05
2498,5.889598210276422,7.514985533994207e-05
2499,5.970180987203508,7.529662252791971e-05
2500,6.021982550278226,7.50719074054453e-05
2501,6.044357379783788,7.493549675397911e-05
2502,6.032125862449391,7.504859323112743e-05
2503,5.99066161505527,7.534821786011932e-05
2504,5.915729088481205,7.531272730482922e-05
2505,5.8097372073824545,7.55125419882805e-05
2506,5.684683489946783,7.585033536957051e-05
2507,5.57116281132141,7.671905029149502e-05
2508,5.514061824726277,7.689664866974711e-05
2509,5.260040865297269,7.699370152283315e-05
2510,5.401433882782342,7.661000282934585e-05
2511,5.558254005352037,7.621486061858233e-05
2512,5.701209561505002,7.576523896425171e-05
2513,5.8190594503430555,7.546172313963086e-05
2514,5.9083016042167085,7.496035435513246e-05
2515,5.967861424865701,7.493103020139198e-05
2516,5.9963868305695875,7.477084001318647e-05
2517,5.982949283231372,7.468418301015056e-05
2518,5.938943340945372,7.509236940101727e-05
2519,5.858651045662668,7.508217621056452e-05
2520,5.748054029017949,7.56232380729739e-05
2521,5.632118336469198,7.626832971829155e-05
2522,5.5642293901552025,7.6701087388739e-05
2523,5.372628079491266,7.707167820385699e-05
2524,5.512318086564124,7.668080985217643e-05
2525,5.648901225218239,7.637263493937612e-05
2526,5.764190817134662,7.577700117767936e-05
2527,5.8524642839964836,7.499529258156074e-05
2528,5.911908898748369,7.436267009859967e-05
2529,5.9404455535236345,7.466070596134652e-05
2530,5.933996926271832,7.421511971203538e-05
2531,5.870059104870806,7.451720177973413e-05
2532,5.782541891368975,7.478619358656919e-05
2533,5.676346942886783,7.57603821225374e-05
2534,5.6132822725599,7.666009870635448e-05
2535,5.536651027982437,7.72961489486059e-05
2536,5.653267924377763,7.667706482773847e-05
2537,5.753592000333269,7.546933850015617e-05
2538,5.8289577848596155,7.469671397406859e-05
2539,5.876833441122096,7.382252944795187e-05
2540,5.894968527774688,7.366889739369446e-05
2541,5.878757431806595,7.323366134860387e-05
2542,5.794349362639196,7.312376417778484e-05
2543,5.689007623116778,7.437975134006968e-05
2544,5.621636103846718,7.652054391184749e-05
2545,5.7168530441009535,7.620672891874671e-05
2546,5.80122213303969,7.469234020938766e-05
2547,5.859936040391501,7.326157563980397e-05
2548,5.889993519324074,7.240639425970583e-05
2549,5.890202814440436,7.18212502121457e-05
2550,5.857635272660922,7.141943318935714e-05
2551,5.756237667966373,7.037643326632907e-05
2552,5.626951921917823,6.941380552394668e-05
2553,5.881932770273408,7.261375681733874e-05
2554,5.931891541924042,7.150619834735825e-05
2555,5.950089571173529,7.113041063649224e-05
2556,5.936856762345657,7.111164742197007e-05
2557,5.89421313544294,7.041123160041792e-05
2558,5.82929656207148,6.956173870658607e-05
2559,6.007002931597801,7.169994456689225e-05
2560,6.021762926006056,7.156081904466781e-05
2561,6.002579595560227,7.12262243691023e-05
2562,5.95515872932228,7.07319883845303e-05
2563,6.074284412141904,7.200697093101769e-05
2564,6.053812835431756,7.10686211958814e-05
2565,5.430829044785437,7.645902968997091e-05
2566,5.4759599037585085,7.660207716295006e-05
2567,5.571192395042232,7.613989851070692e-05
2568,5.691591602293939,7.568598419661745e-05
2569,5.812286013317193,7.549965087528603e-05
2570,5.917036773930275,7.554295300401537e-05
2571,5.997610622265054,7.565223631020574e-05
2572,6.051142091345818,7.534261414339373e-05
2573,6.077478513384957,7.546342267207713e-05
2574,5.386164393612515,7.710183342882005e-05
2575,5.4693946032010246,7.673554231659935e-05
2576,5.591762560281878,7.61839948397909e-05
2577,5.723893363276237,7.573387744889653e-05
2578,5.8435957583561,7.556485983988546e-05
2579,5.939330423274015,7.539070471801334e-05
2580,6.0065321274028936,7.51757364849497e-05
2581,6.043964867088487,7.531525149818792e-05
2582,6.050038845195799,7.508971330301171e-05
2583,6.026525418044259,7.542459013821225e-05
2584,5.971629072777175,7.540413447650526e-05
2585,5.885716857298954,7.532665738299592e-05
2586,5.773124206372102,7.553755720402571e-05
2587,5.647266923586506,7.618365672070286e-05
2588,5.536257359822248,7.667873772476172e-05
2589,5.4757625086572395,7.700894895597334e-05
2590,5.405345351058142,7.690505560381137e-05
2591,5.510767474967668,7.664289275696792e-05
2592,5.639364471633789,7.602341346958401e-05
2593,5.764693676726657,7.563602104091587e-05
2594,5.870082101168533,7.530682818595376e-05
2595,5.947910474213845,7.531085684454659e-05
2596,5.9949989580855405,7.527008123428974e-05
2597,6.0092750832696105,7.469828135988524e-05
2598,5.984037802774507,7.49721582700897e-05
2599,5.92717471462211,7.505490060468183e-05
2600,5.836626213792459,7.530723942784535e-05
2601,5.721247299347325,7.580230683104206e-05
2602,5.607113910796685,7.66966015602864e-05
2603,5.539025887113672,7.706388343809098e-05
2604,5.481456369056219,7.674378166600642e-05
2605,5.587598864843817,7.653474591154149e-05
2606,5.701661833698335,7.582612152629191e-05
2607,5.804499445261642,7.527766999584757e-05
2608,5.884496374434756,7.468011662296643e-05
2609,5.935540385445146,7.466061880405524e-05
2610,5.953336406815426,7.455411401774612e-05
2611,5.923925967529346,7.482130533324825e-05
2612,5.863544835754275,7.505572845309981e-05
2613,5.770329671571428,7.515823474912051e-05
2614,5.665805019202898,7.611811813610069e-05
2615,5.6018636995762225,7.685878953748859e-05
2616,5.59494139697434,7.684288555623013e-05
2617,5.684454607631573,7.622225760537314e-05
2618,5.768978277400337,7.559361933868733e-05
2619,5.8371726563740705,7.471011835998333e-05
2620,5.880859206520276,7.414949674517677e-05
2621,5.893484796268417,7.379489284407103e-05
2622,5.852999148055985,7.379062270231431e-05
2623,5.782781389318889,7.398526092110286e-05
2624,5.688911294587472,7.530157457705767e-05
2625,5.636015530138152,7.665012975328511e-05
2626,5.726056546333161,7.604554173951008e-05
2627,5.78880579066143,7.512657131430682e-05
2628,5.835207861545261,7.377883735572916e-05
2629,5.859426800277837,7.318985373157259e-05
2630,5.855261210895953,7.270130352181964e-05
2631,5.815105720063667,7.216398855143244e-05
2632,5.698984495823106,7.260648032586196e-05
2633,5.610165961478382,7.636972166596845e-05
2634,5.855094601135326,7.295278746680196e-05
2635,5.886369106086733,7.258688214608894e-05
2636,5.892314724140894,7.150848538578356e-05
2637,5.870466737285701,7.146088738624181e-05
2638,5.8182170830180056,7.018017178816976e-05
2639,5.712750252484964,6.949904755852687e-05
2640,5.959666068930366,7.14035591972284e-05
2641,5.957635339391732,7.109150257330567e-05
2642,5.92706760175386,7.066769803728613e-05
2643,5.873373571814222,6.975123294372799e-05
2644,6.018474759416986,7.135195250284758e-05
2645,5.984139507557791,7.079584598090965e-05
2646,5.495006658573021,7.68119373624932e-05
2647,5.573072710427248,7.658382973914182e-05
2648,5.688322663213545,7.577923807240843e-05
2649,5.806435299355599,7.553304316060727e-05
2650,5.904373878263473,7.535685461259402e-05
2651,5.972317648680715,7.514828103698514e-05
2652,6.007024551205269,7.513844274141394e-05
2653,5.5511841963573465,7.681186511329192e-05
2654,5.630553908632132,7.633503167463874e-05
2655,5.733475931202604,7.567793857029218e-05
2656,5.831401246137521,7.513303469891578e-05
2657,5.905898827716905,7.488781656491802e-05
2658,5.948459512612579,7.483573937108256e-05
2659,5.9518814982693495,7.456453862178605e-05
2660,5.918916455878618,7.482672446679292e-05
2661,5.850510353084088,7.508189071636839e-05
2662,5.75426712127792,7.55352547947595e-05
2663,5.652303671422646,7.632107272734885e-05
2664,5.5851468983257515,7.689581290631735e-05
2665,5.631302957047849,7.656097235559933e-05
2666,5.697761052676965,7.620046952470564e-05
2667,5.774793585753292,7.514055348428384e-05
2668,5.841433410862629,7.452009716249344e-05
2669,5.882578406173302,7.421584490979344e-05
2670,5.8893553748473515,7.385214814607005e-05
2671,5.847634776586392,7.405451960560497e-05
2672,5.778293278811026,7.482362777112225e-05
2673,5.69408670616778,7.583875118224374e-05
2674,5.643370855143001,7.672625790454227e-05
2675,5.722876339316639,7.598793261784917e-05
2676,5.766731697153235,7.483569723874982e-05
2677,5.807443865821521,7.404622304837063e-05
2678,5.831262162224301,7.358831091769193e-05
2679,5.82590774748795,7.251713168722126e-05
2680,5.767293681215039,7.294991157905165e-05
2681,5.68951591944163,7.454643761537035e-05
2682,5.650494412353522,7.610928980635478e-05
2683,5.814913651878344,7.380534042314699e-05
2684,5.830317881622992,7.34063654517905e-05
2685,5.828842898863944,7.229474833948564e-05
2686,5.801576918055732,7.158001720012384e-05
2687,5.72053440775158,7.071143095897186e-05
2688,5.59912587645642,6.957475979864381e-05
2689,5.892894985556363,7.148145603437907e-05
2690,5.877733479832324,7.14801732505502e-05
2691,5.838935539284328,7.074325692840699e-05
2692,5.779101155668359,7.013086274832079e-05
2693,5.938755235718131,7.072880739720669e-05
2694,5.896086568968218,7.05005357823457e-05
2695,5.643953628023472,7.661328885749429e-05
2696,5.698466032680489,7.612167675398384e-05
2697,5.776548305606516,7.500839795534316e-05
2698,5.844452403471094,7.44614564282694e-05
2699,5.882767280118918,7.441443520889676e-05
2700,5.706655593784347,7.588348280278915e-05
2701,5.739249949988672,7.532020927949947e-05
2702,5.782239953751787,7.407563896201059e-05
2703,5.810697167928757,7.341355592308737e-05
2704,5.803843865360902,7.308238985619397e-05
2705,5.76556473013865,7.377477744080211e-05
2706,5.710979717405045,7.48861870317224e-05
2707,5.681978183773404,7.598855011067937e-05
2708,5.766664712020786,7.437828622013143e-05
2709,5.770720231435577,7.348953820836878e-05
2710,5.7682752916082505,7.278303101023482e-05
2711,5.743183383238168,7.179609191495789e-05
2712,5.676672090069323,7.283864352090447e-05
2713,5.653544709147745,7.519461428579194e-05
2714,5.816553237454186,7.262346184514614e-05
2715,5.790559335951174,7.151375408805627e-05
2716,5.744067641735788,7.075390449110755e-05
2717,5.660852060078098,6.95159960975371e-05
2718,5.846236640200065,7.130392882676204e-05
2719,5.79779777119962,7.054988309561034e-05
2720,5.713242291132379,7.455617434032056e-05
2721,5.7126541642796225,7.325982295118757e-05
2722,5.726005866624632,7.248437889448808e-05
2723,5.73483539134621,7.285724145170967e-05
2724,5.700695218883862,7.145890679982714e-05
2725,5.653999658327222,7.087755443128584e-05
2726,5.646491613013629,7.275909592345585e-05
2727,5.7460762073570475,7.086075125517249e-05
2728,5.691112218056051,7.0181124281829e-05
2729,5.63776484190641,7.065394640045344e-05
