Mode_Index,Frequency_THz,Cv_QPA_eV_K
0,0.0,0.0
1,0.1973420552443624,8.593756098943549e-05
2,0.3905465291937256,8.525449181394166e-05
3,0.5759340057765019,8.419003865434363e-05
4,0.7506385513746866,8.284631887801561e-05
5,0.9128578467112944,8.132805518883761e-05
6,1.0620749528705993,7.971199949861141e-05
7,1.199282150470662,7.8055018145198e-05
8,1.32711768638621,7.642073401807456e-05
9,1.4497198716376565,7.475183645460257e-05
10,1.5720167197223311,7.292519725214091e-05
11,1.6976174978974132,7.09189360726819e-05
12,1.8168244500056288,6.86372877339418e-05
13,0.16177048364920174,8.60079036161509e-05
14,0.29754111355967455,8.56255117586797e-05
15,0.46885674526164345,8.483284107251496e-05
16,0.6391955426510882,8.371224470111256e-05
17,0.8000752346514101,8.237939657530943e-05
18,0.9483772855132958,8.092870664451778e-05
19,1.083455275021292,7.943450018002697e-05
20,1.2066307398791645,7.794423696185197e-05
21,1.3210172858527094,7.647647212741441e-05
22,1.4312077910107983,7.498322777544543e-05
23,1.5426007486878932,7.334596292210805e-05
24,1.6599108541463081,7.147153227036245e-05
25,1.7812216754472552,6.920841737346963e-05
26,1.6555534480439105,7.154881375763024e-05
27,1.5305997798618047,7.345275567872482e-05
28,1.41232281178467,7.515646173435116e-05
29,1.2945501135714819,7.676526030144572e-05
30,1.1715519651455675,7.83375626100279e-05
31,1.0388283125346698,7.991204556103539e-05
32,0.8935354189832322,8.145799095861724e-05
33,0.7347053378682179,8.29302004888925e-05
34,0.5636634755866788,8.423248614871833e-05
35,0.38649021989295146,8.524543019437639e-05
36,0.2315225661636565,8.583463093939945e-05
37,0.30839011254146625,8.557376579145565e-05
38,0.41234960316059766,8.511484146972203e-05
39,0.552709634241055,8.429903606150838e-05
40,0.6995137989926511,8.322007786107793e-05
41,0.8410726307819453,8.197357894172546e-05
42,0.9728341169590293,8.064638648075829e-05
43,1.0938020569195936,7.929656273038495e-05
44,1.2053633051926689,7.795610795744631e-05
45,1.3106996294681488,7.659914601614292e-05
46,1.4142324298228792,7.517929605606197e-05
47,1.5209102066559288,7.364601176864519e-05
48,1.6350306138927904,7.179430043004865e-05
49,1.6445894613664391,7.155650168258267e-05
50,1.5102245200626525,7.363393556744484e-05
51,1.3857207456624108,7.542488021121553e-05
52,1.2652287630155012,7.703989907514655e-05
53,1.1429540034087589,7.858921363725833e-05
54,1.0142984114630134,8.009737231694949e-05
55,0.8767842999481571,8.155082287070626e-05
56,0.7311844135410742,8.289512745889833e-05
57,0.5840928475890175,8.404333935310435e-05
58,0.4550461839368253,8.486781789701833e-05
59,0.4290680106027542,8.501762632583949e-05
60,0.5088695285409659,8.456200620975167e-05
61,0.6219040532729452,8.380174258280484e-05
62,0.7460297850270013,8.281355433873626e-05
63,0.8697641909041666,8.168396237021605e-05
64,0.9880547070458316,8.047602498408363e-05
65,1.0995803315088397,7.922670708686857e-05
66,1.2053796204841951,7.794461755329358e-05
67,1.3079989553402331,7.662818445746484e-05
68,1.4108190022457086,7.52401567585161e-05
69,1.5174605387024414,7.371568682418285e-05
70,1.6251604561673552,7.174651096447123e-05
71,1.4794672370044597,7.397456316008457e-05
72,1.3467252869863746,7.58731913788917e-05
73,1.2239714466502192,7.750108640257584e-05
74,1.106512350838308,7.896869748204504e-05
75,0.9901884781101166,8.029802902859758e-05
76,0.8732712724118248,8.151757007072012e-05
77,0.7584738677935333,8.260622610669244e-05
78,0.6556596508927781,8.348024743442774e-05
79,0.5200686246299504,8.448350119840091e-05
80,0.5807837882531035,8.408451790426254e-05
81,0.6730269690069375,8.340440442856367e-05
82,0.7802131565972426,8.250652977502208e-05
83,0.891967994576897,8.145417211217737e-05
84,1.0030152008725202,8.030100744145872e-05
85,1.111388498922782,7.908319838804128e-05
86,1.2171452604241038,7.77816068036339e-05
87,1.3214976463470198,7.641995154289418e-05
88,1.4262546377169685,7.498987389657762e-05
89,1.5335254099524842,7.34340390797704e-05
90,1.4364895755480265,7.455654121080871e-05
91,1.2959254646995355,7.652962011259226e-05
92,1.1733065034030024,7.812296799546695e-05
93,1.0660692003379344,7.941478352478438e-05
94,0.9708214414796749,8.047366243944468e-05
95,0.8858426515990251,8.13612573990061e-05
96,0.8129799024331084,8.207734104361098e-05
97,0.5854859596129456,8.404821565660707e-05
98,0.6336351198254112,8.370463163864731e-05
99,0.7132319560715947,8.307820197643156e-05
100,0.8111019713482942,8.221930810987349e-05
101,0.9176251036893391,8.119270224019644e-05
102,1.0270373327404967,8.002013121878087e-05
103,1.1363501588663119,7.874757798157094e-05
104,1.244304907904977,7.739265412689495e-05
105,1.3506595866753799,7.598848949194479e-05
106,1.455856903272859,7.45274195962171e-05
107,1.3881462782951324,7.521003057558756e-05
108,1.2424676396348833,7.720971716130334e-05
109,1.1235571225208534,7.872258367795171e-05
110,1.031420024743633,7.979770192072693e-05
111,0.9631601099023627,8.054392807940997e-05
112,0.9154166682666015,8.10438431633696e-05
113,0.635918413934787,8.368717476371737e-05
114,0.6788901914329742,8.335622940072364e-05
115,0.7533376344306363,8.273679174127831e-05
116,0.8478371551309939,8.1871187334021e-05
117,0.9530732517402165,8.080024016170599e-05
118,1.0627495506729523,7.958297941834277e-05
119,1.1729598152355356,7.824357628854883e-05
120,1.281370412679106,7.685086523085765e-05
121,1.386696919641076,7.543974597677802e-05
122,1.3409864955554107,7.58347980279011e-05
123,1.1960338079497628,7.77790266240894e-05
124,1.086362809194942,7.914262906970935e-05
125,1.0138431832849217,7.998500404995059e-05
126,0.9749530815206485,8.041566153369696e-05
127,0.6837896428250609,8.331261064952997e-05
128,0.7268005979040396,8.295776538835831e-05
129,0.7998332175970567,8.230919097938132e-05
130,0.8925999772108426,8.140802432893323e-05
131,0.9962622711202308,8.030108917332065e-05
132,1.1043967796192304,7.905521471054818e-05
133,1.2125851889636519,7.7707270323872e-05
134,1.3178183612599503,7.632338775531492e-05
135,1.3011094805143772,7.633116183368499e-05
136,1.1661804097401531,7.813723451521108e-05
137,1.073465904673058,7.927505013281831e-05
138,1.0245824735813411,7.986045616957038e-05
139,0.7361519488713365,8.287378658966777e-05
140,0.7797109984010813,8.248493397279304e-05
141,0.8504283214270756,8.18061198454009e-05
142,0.9394505860355787,8.088880306974142e-05
143,1.0388190727944486,7.97866028724392e-05
144,1.1422742878200556,7.855541404996445e-05
145,1.2450799943876938,7.725254989036471e-05
146,1.2862013050555117,7.648934763392831e-05
147,1.163288786604474,7.812681239706533e-05
148,1.096252384937519,7.89819961858573e-05
149,0.7907637849424308,8.237229422598506e-05
150,0.8316262084502375,8.198032828962125e-05
151,0.8968875962580186,8.131984554628488e-05
152,0.9793286195090929,8.043316842284859e-05
153,1.071803892415029,7.938544445995632e-05
154,1.1680767103293441,7.820976835710557e-05
155,1.2630717260450153,7.699120545332611e-05
156,1.1977116478485723,7.765110002456489e-05
157,0.8394883391347413,8.189071706362795e-05
158,0.8739070142855264,8.15368123834407e-05
159,0.9312033104155539,8.094219182759003e-05
160,1.0053366807090822,8.013524884744771e-05
161,1.0894660230978839,7.915673824391367e-05
162,1.177138250012877,7.809208199699135e-05
163,0.8747426146607056,8.152099237291886e-05
164,0.9006368334439858,8.125575994026464e-05
165,0.9490134349828067,8.074641759318145e-05
166,1.0142611330781577,8.002807493169105e-05
167,0.8927887034606709,8.133096297775478e-05
168,0.9096507222967122,8.11513943199184e-05
169,0.3548276334381678,8.537883532172215e-05
170,0.48860535968786656,8.46842330976209e-05
171,0.6455742254434298,8.362115287664954e-05
172,0.7998096421344915,8.232647081666358e-05
173,0.9433884256488284,8.09271954721346e-05
174,1.0745987631917884,7.947276241489478e-05
175,1.1948451266305176,7.80457373614433e-05
176,1.3076033883024187,7.659663432757024e-05
177,1.4176033818105274,7.512069604419404e-05
178,1.5292630936764708,7.351875327202705e-05
179,1.6378381723424582,7.173833002058774e-05
180,0.46827080153724093,8.479585964121634e-05
181,0.5794068404826607,8.408351460179934e-05
182,0.7122936932778389,8.307136531951844e-05
183,0.8451101176233747,8.188869944535489e-05
184,0.9702419097896198,8.063064477085127e-05
185,1.0862794471780044,7.934508346132292e-05
186,1.1948182867409145,7.805796178179796e-05
187,1.2990147402900263,7.67389602791732e-05
188,1.4021734265791865,7.536839323919689e-05
189,1.503829635137949,7.395453162161621e-05
190,1.570720258993934,7.283049713965073e-05
191,1.5049722172279276,7.378625621169005e-05
192,1.3925896481203224,7.54094148518592e-05
193,1.2793128104649507,7.690558600802997e-05
194,1.1666292096500934,7.831640848377883e-05
195,1.0508476795130248,7.968423361804249e-05
196,0.9289164109692523,8.099746994688357e-05
197,0.8008107117659748,8.225114376911302e-05
198,0.6720983537083669,8.336293141604139e-05
199,0.5583056955190541,8.421356444834935e-05
200,0.5566263554257509,8.423661649030959e-05
201,0.6482342167031023,8.357174706585887e-05
202,0.760126449962029,8.26529064527377e-05
203,0.8752764696778681,8.15955316781341e-05
204,0.9873486466985536,8.04496209273526e-05
205,1.0949005381297712,7.924301660823341e-05
206,1.198802233222868,7.799505206927808e-05
207,1.3007019512318854,7.671863466458259e-05
208,1.4006617267747663,7.538063040288568e-05
209,1.485682137423739,7.420609316220022e-05
210,1.4652462817673289,7.43607286192318e-05
211,1.3540092157203727,7.588259122156094e-05
212,1.2374435554392558,7.740085303684e-05
213,1.1276681634558525,7.874386381534571e-05
214,1.0231249123998278,7.99362249033867e-05
215,0.9215020892960131,8.101654744051307e-05
216,0.8236657413376653,8.198844184552931e-05
217,0.7361517298741348,8.279686261248188e-05
218,0.6208362275329765,8.378285175384429e-05
219,0.6986463727218117,8.316966822272646e-05
220,0.7965998144732009,8.232716777641726e-05
221,0.9016354497020215,8.132499344461148e-05
222,1.0080331997788985,8.021163035867914e-05
223,1.1135964762975936,7.901266035899846e-05
224,1.217719056647475,7.774442101917278e-05
225,1.3195161122379155,7.641696690196695e-05
226,1.4114559802758533,7.517758543247957e-05
227,1.421845407741156,7.496293255551006e-05
228,1.3102772696505944,7.642242953104983e-05
229,1.1908941373175597,7.793593588974015e-05
230,1.0873162525054798,7.919349273833714e-05
231,1.0000680784983256,8.015994495882124e-05
232,0.9268734841140898,8.093847637642276e-05
233,0.8671935893365916,8.154527676892008e-05
234,0.6704282549468344,8.340335172284775e-05
235,0.7415939869982288,8.281133210110042e-05
236,0.833153342623574,8.198253120975724e-05
237,0.9345159112672616,8.09748320988286e-05
238,1.0398844768328033,7.983290191452338e-05
239,1.145998370885577,7.858652677775137e-05
240,1.2504558280371334,7.727218249639415e-05
241,1.3476358767144,7.600432686793764e-05
242,1.3816233955539263,7.545372504443237e-05
243,1.2689421823815255,7.689639908539462e-05
244,1.1493784145993495,7.841421465599307e-05
245,1.0560338307097379,7.95184864410874e-05
246,0.9903360058296861,8.025130565576346e-05
247,0.9486619793290196,8.06944983173152e-05
248,0.7174815993169547,8.302405619928779e-05
249,0.7873733312221407,8.240253673718808e-05
250,0.8767777004292868,8.154431496648744e-05
251,0.9767093233725943,8.050443871863888e-05
252,1.0812794351675195,7.931014317393508e-05
253,1.186359800893096,7.803781155194412e-05
254,1.2870106577566311,7.674037305989557e-05
255,1.3499647290853911,7.584795473874269e-05
256,1.2350698850362902,7.728423558336088e-05
257,1.121657176169381,7.871022536551261e-05
258,1.043939262702462,7.963836686684304e-05
259,1.0022554279601177,8.011266462860848e-05
260,0.7690799818490668,8.256398208582219e-05
261,0.8386532669948181,8.190431291283037e-05
262,0.9256156401044646,8.1023035541324e-05
263,1.0225336471707482,7.996280830578616e-05
264,1.1237655634526373,7.87705583800324e-05
265,1.224373270864621,7.751128180421893e-05
266,1.3062045860118103,7.640585479424236e-05
267,1.2148406839565826,7.748782861478457e-05
268,1.1173468207244996,7.873058773752881e-05
269,1.0613404009237186,7.941594156477317e-05
270,0.8231984383923511,8.205567588862716e-05
271,0.8897580319033255,8.137475458919715e-05
272,0.9715605667438453,8.050114387481421e-05
273,1.0627319411334286,7.946040467200934e-05
274,1.1580256491378433,7.831295225624745e-05
275,1.2506956899744024,7.712534698540667e-05
276,1.2175203680939837,7.739752561956558e-05
277,1.1469318618958293,7.833773486362312e-05
278,0.8718338763207562,8.155435998021888e-05
279,0.9320223787301745,8.091426246181338e-05
280,1.0062482336428236,8.009404996262554e-05
281,1.0898497424825795,7.912280707637636e-05
282,1.178151797232744,7.804406127274483e-05
283,1.2572185994536387,7.683555572317128e-05
284,0.9072936266078301,8.116491050661142e-05
285,0.9591117220614159,8.060940231387372e-05
286,1.0246228395720929,7.987341460854988e-05
287,1.0996056169321136,7.900293762596516e-05
288,0.925559277291228,8.09731508044078e-05
289,0.96832918950326,8.050737945618188e-05
290,0.6423245264449506,8.35932150702818e-05
291,0.7393342651683193,8.27891036411959e-05
292,0.8488800917434971,8.178684889385901e-05
293,0.9587546070170075,8.069022872832315e-05
294,1.0650990537161191,7.953307381850812e-05
295,1.1686801187622717,7.834341347927174e-05
296,1.2717449407181096,7.70819909658649e-05
297,1.373809090293202,7.573656609846667e-05
298,1.4582229487216558,7.456973134604783e-05
299,0.7041138676818515,8.309677807077856e-05
300,0.788009042856403,8.235594076570941e-05
301,0.8835903594401691,8.144993413068215e-05
302,0.9819021079881807,8.043810744575168e-05
303,1.0802806971559522,7.936228360828476e-05
304,1.1788862458880665,7.82093612426421e-05
305,1.2772344859588949,7.697925177631241e-05
306,1.3667936567439747,7.581414906859678e-05
307,1.404136283696564,7.531410885914886e-05
308,1.3379154360439316,7.618301995023009e-05
309,1.236651929097388,7.746446010600146e-05
310,1.1359436461064414,7.868347697706131e-05
311,1.0416327380192827,7.975439187926613e-05
312,0.952788336699122,8.069507715771357e-05
313,0.8691741066047645,8.154232749506687e-05
314,0.7948568386632265,8.22648052331789e-05
315,0.7517111178629453,8.268474892369241e-05
316,0.8290135041931719,8.197222822826209e-05
317,0.9180779077784926,8.10924712930898e-05
318,1.0121082849066192,8.00955095802097e-05
319,1.1084573821245944,7.89982964783033e-05
320,1.2055337725508057,7.784275383777334e-05
321,1.2977643800641354,7.667628153738255e-05
322,1.3573923831682133,7.588587651891174e-05
323,1.305898439382997,7.651964937604624e-05
324,1.2038829881965472,7.782051844522278e-05
325,1.106836899439106,7.89764233668579e-05
326,1.0254692811045305,7.988431164196225e-05
327,0.9592915887921821,8.05977606223733e-05
328,0.9068740125313541,8.11391137040011e-05
329,0.7968514226818898,8.228075723227156e-05
330,0.8730635998801061,8.153575439723343e-05
331,0.960408300564471,8.062982684354787e-05
332,1.053318899322865,7.959843919141829e-05
333,1.1486469715851273,7.84743020063439e-05
334,1.2420387530322679,7.731175952906221e-05
335,1.3144720194011523,7.637295048118556e-05
336,1.2810156491489815,7.67577054779503e-05
337,1.1789421382392913,7.80556223143521e-05
338,1.0886488975876538,7.913255842054044e-05
339,1.023491055667538,7.987140833119661e-05
340,0.981749823604827,8.032866259125798e-05
341,0.8468519612050839,8.179775732422064e-05
342,0.9233586095846429,8.099837847213143e-05
343,1.0092297072241603,8.006450844890869e-05
344,1.0999507776895914,7.901077427671179e-05
345,1.191731712328118,7.789541940974127e-05
346,1.2730608049805487,7.685472948654557e-05
347,1.262748459437284,7.692078372344911e-05
348,1.1655744202915133,7.814436008425433e-05
349,1.0877992745479035,7.909926708436767e-05
350,1.0419565136045221,7.964340105641873e-05
351,0.9001397597707916,8.124218761590542e-05
352,0.974566240470899,8.042180827239106e-05
353,1.0564347443987105,7.948162742307936e-05
354,1.142404339053634,7.84565221117137e-05
355,1.227226493573096,7.738970991191814e-05
356,1.258615120258138,7.691845741978003e-05
357,1.170221052305794,7.803658233052204e-05
358,1.1123862627469425,7.877428881914448e-05
359,0.9489048959271114,8.070371445142818e-05
360,1.0178570669708256,7.991470480353392e-05
361,1.0932358565250366,7.902929710476241e-05
362,1.1733493961376305,7.804861861097375e-05
363,1.2493555619042693,7.703894166875736e-05
364,1.202398558318386,7.758766385115253e-05
365,0.9851085816182006,8.029141504667487e-05
366,1.0462296988899091,7.957954271933408e-05
367,1.1139225798421855,7.877245161689977e-05
368,1.1878151081223052,7.785948038514437e-05
369,1.0040287579599936,8.007362844209107e-05
370,1.056082140919474,7.946301056778972e-05
371,0.8393463455508531,8.183906360737303e-05
372,0.9067451909288661,8.116627881488802e-05
373,0.983372514246841,8.036520765122917e-05
374,1.066733376037994,7.945183772091417e-05
375,1.15666672741541,7.841409502474626e-05
376,1.2503892493864095,7.727561311177684e-05
377,1.3292094585300274,7.627725160339662e-05
378,0.881722001366027,8.142170847388808e-05
379,0.9482431669159919,8.071520970103708e-05
380,1.0234800830482966,7.99054392401569e-05
381,1.1054531372906198,7.896800312862672e-05
382,1.1923361917146578,7.79299760506526e-05
383,1.2737531004942635,7.690970631478161e-05
384,1.300147503315791,7.656391272228563e-05
385,1.2295705087946702,7.7460407773291e-05
386,1.1405215010627694,7.854510186123928e-05
387,1.0617355606840335,7.944271508296066e-05
388,0.9969718884213321,8.017366614863779e-05
389,0.9452382338960433,8.073614622003774e-05
390,0.9298768535958774,8.090614605888111e-05
391,0.9975199432425174,8.014924549867032e-05
392,1.072198732910528,7.930314539053628e-05
393,1.1520541835251503,7.835708577856532e-05
394,1.2317862693236636,7.737195795863732e-05
395,1.278708769391124,7.676491368468997e-05
396,1.2165579893474758,7.753401962615924e-05
397,1.134018403986624,7.855915554949412e-05
398,1.0692469565274876,7.931841094126023e-05
399,1.0247088887610898,7.983118662522e-05
400,0.9826370412703048,8.031399317222457e-05
401,1.0492930018260818,7.953104273301462e-05
402,1.12098062887813,7.867707245269858e-05
403,1.1957073642910572,7.777181098786696e-05
404,1.2556444378594074,7.699335023859003e-05
405,1.2116029394041892,7.752809885709416e-05
406,1.1406183571907123,7.842474478214583e-05
407,1.0935599919596024,7.90046816845817e-05
408,1.0321191481635617,7.972091624491822e-05
409,1.094222235359498,7.897972505094823e-05
410,1.160410122978346,7.817029166644942e-05
411,1.2278772755889198,7.73258698564957e-05
412,1.2190039767326384,7.739029730797864e-05
413,1.1670504014295202,7.807333992684922e-05
414,1.0696485459883487,7.926825911734188e-05
415,1.1245117281399406,7.85975561015972e-05
416,1.1853230628881615,7.783977715421029e-05
417,1.2570334447998883,7.685568925747679e-05
418,1.089575175695885,7.903534441556637e-05
419,1.1355134822854076,7.846260160294363e-05
420,0.9911020120454346,8.02165896127515e-05
421,1.0447712432576155,7.959665835853983e-05
422,1.1093674819737054,7.884531520502123e-05
423,1.1845016323958755,7.795708633961498e-05
424,1.25661513754465,7.70558478292621e-05
425,1.0435461094085146,7.959396159319801e-05
426,1.0971866300238915,7.894457376177284e-05
427,1.1590479984218378,7.820368846792511e-05
428,1.2251937599554188,7.737753290001275e-05
429,1.2456637919076887,7.711105223908574e-05
430,1.1831083782465832,7.789789171390736e-05
431,1.122063310777107,7.864350225782699e-05
432,1.0768030158634665,7.9199685508633e-05
433,1.094220663386125,7.896665454714309e-05
434,1.1439655338171868,7.834809322069912e-05
435,1.199923567332169,7.76513549140252e-05
436,1.2407604432885107,7.712628907465787e-05
437,1.1900758568199075,7.777055859497271e-05
438,1.1470699203737493,7.83160189470908e-05
439,1.1334930812659607,7.846711199207464e-05
440,1.1763910734184457,7.792318823886593e-05
441,1.227520801143157,7.727063657507446e-05
442,1.211953484055082,7.746533050646152e-05
443,1.1546464791847084,7.819971308129411e-05
444,1.1892796275579305,7.775320491103296e-05
445,1.128902930317039,7.854119401533198e-05
446,1.1705154260843118,7.801471637035686e-05
447,1.2220002719363605,7.737124952963453e-05
448,1.1701442799401203,7.799261524961899e-05
449,1.2045446390625896,7.755995492584759e-05
450,1.2230054678188986,7.7325213065498e-05
451,1.1902828631290345,7.774153885963027e-05
452,1.1926380268360623,7.770930643742197e-05
453,1.2203006193751353,7.734992155918974e-05
454,1.2141082490887551,7.742788157551792e-05
455,0.0,0.0
456,0.1973420552443624,8.593757896887229e-05
457,0.3905465291937256,8.525443544972673e-05
458,0.5759340057765019,8.418893743438553e-05
459,0.7506385513746866,8.284062794024836e-05
460,0.9128578467112944,8.132210734685983e-05
461,1.0620749528705993,7.971054207303615e-05
462,1.199282150470662,7.8054106188213e-05
463,1.32711768638621,7.642805507889203e-05
464,1.4497198716376565,7.473928964836977e-05
465,1.5720167197223311,7.292279596275909e-05
466,1.6976174978974132,7.090251521808195e-05
467,1.8168244500056288,6.864226006473866e-05
468,0.16177048364920174,8.600814712820359e-05
469,0.33337158472893197,8.549267155707927e-05
470,0.5365439413585076,8.444331113660833e-05
471,0.7276759045727312,8.303655528604517e-05
472,0.9058656534443222,8.138527680896734e-05
473,1.0724131079343653,7.957147806268793e-05
474,1.2293173733351472,7.765935343252753e-05
475,1.3796414183574606,7.563988148416483e-05
476,1.5275500351760791,7.352833690065041e-05
477,1.677649880539918,7.118970810651735e-05
478,1.832445986726477,6.854713174237334e-05
479,1.9257821500463594,6.680414725867095e-05
480,1.7921768417577804,6.910699352191486e-05
481,1.8408503990457603,6.82622825945884e-05
482,1.7341147264190622,7.02915759492478e-05
483,1.5962253044709285,7.253700923444066e-05
484,1.4589709928696821,7.461902806885614e-05
485,1.321696678675188,7.649820807957752e-05
486,1.1805362263507075,7.833787851410733e-05
487,1.0321026215142708,8.007888029697609e-05
488,0.8744789345495833,8.173766678376613e-05
489,0.7074720651515154,8.322968883300814e-05
490,0.5328776200781726,8.448776745818803e-05
491,0.35609862555595156,8.541572306201384e-05
492,0.30839011254146625,8.55746683973974e-05
493,0.44481457610464165,8.495044334315443e-05
494,0.6389343076373566,8.369967565961249e-05
495,0.8396237354279285,8.19895168313781e-05
496,1.0365470465367337,7.992079788120259e-05
497,1.228893142332927,7.755781637966397e-05
498,1.4183553559715636,7.491496498096022e-05
499,1.6073238709767288,7.20348444201241e-05
500,1.797221970693223,6.895117419075017e-05
501,1.9765810592612898,6.56960865316279e-05
502,1.946562625810906,6.640084652651897e-05
503,1.793539747605904,6.898790095848099e-05
504,1.7563015509649988,6.977251736904749e-05
505,1.845175684497543,6.824707302552307e-05
506,1.7590714294818894,6.99764346785853e-05
507,1.607794977566028,7.244379507406038e-05
508,1.4555859134935103,7.472555130737632e-05
509,1.30612794224333,7.673302718971275e-05
510,1.1567174217661935,7.865936705159733e-05
511,1.004646659678659,8.040932467782703e-05
512,0.8487142109125101,8.19984662773477e-05
513,0.6899190315215862,8.33751168766374e-05
514,0.4290680106027542,8.501794992529442e-05
515,0.5412058321938025,8.435980031238387e-05
516,0.7254293972185918,8.297867193379738e-05
517,0.9369099845381568,8.09489104142129e-05
518,1.1583302459158205,7.835471201070494e-05
519,1.3826542152231471,7.528299010583933e-05
520,1.6044816756367963,7.191566821483e-05
521,1.8119969224830297,6.850717436878317e-05
522,1.9545577091236008,6.603030546624196e-05
523,1.918256160012934,6.676351066189818e-05
524,1.7818415632604554,6.911264551935516e-05
525,1.6310037901142382,7.186617300762227e-05
526,1.7510332772500448,6.992619225992708e-05
527,1.8472160317693882,6.833600753318011e-05
528,1.7713755357942822,6.966776877649198e-05
529,1.607584959886223,7.248949507080328e-05
530,1.4444999146577913,7.489970986356165e-05
531,1.2893547084697574,7.701037506859235e-05
532,1.1398881059287038,7.887833514911739e-05
533,0.9933845064012214,8.055042130330991e-05
534,0.5200686246299504,8.448650372117538e-05
535,0.6170425353474598,8.382300461145126e-05
536,0.7994895917298501,8.229656959645454e-05
537,1.0243862118224225,7.993707474137705e-05
538,1.266312550086403,7.685712785770705e-05
539,1.5082330949512999,7.333209536657741e-05
540,1.7293514131413525,6.981059020510092e-05
541,1.8809554504934811,6.727238223857478e-05
542,1.877989618819106,6.735374666465418e-05
543,1.7575440194930365,6.940241917253236e-05
544,1.5936335155607095,7.219034182368298e-05
545,1.6453627283898464,7.16684789964547e-05
546,1.7613257780817653,6.978961472917752e-05
547,1.8542403463235952,6.815105993787178e-05
548,1.7752798548300375,6.957792922108967e-05
549,1.6022417241930724,7.262635791756307e-05
550,1.4351973063242105,7.504499630289314e-05
551,1.2821436734954703,7.711108325958164e-05
552,0.5854859596129456,8.405011020556013e-05
553,0.6759704196765949,8.33668885725694e-05
554,0.8636297356691829,8.166279787088826e-05
555,1.1006383829071333,7.89974872400314e-05
556,1.3523264237155088,7.56003692774397e-05
557,1.5907130241056775,7.20154369079934e-05
558,1.7745760812209816,6.902627352675464e-05
559,1.822814459556516,6.818123870286603e-05
560,1.7233547731955359,6.987241808413395e-05
561,1.5694300048308525,7.246918760595512e-05
562,1.5610311263289405,7.298686013503042e-05
563,1.6679609223087422,7.135498175240288e-05
564,1.7768465792729329,6.95139217443561e-05
565,1.862075636481876,6.790970702514437e-05
566,1.7755991482937694,6.964276249192762e-05
567,1.5993479085388973,7.264563846782849e-05
568,0.635918413934787,8.368584014773442e-05
569,0.7270413374216648,8.294145118001058e-05
570,0.9221948122999051,8.105389725337602e-05
571,1.1661497486995214,7.815817576809723e-05
572,1.4165638348800023,7.466484109093231e-05
573,1.6343796844994896,7.129676698159758e-05
574,1.746139920059884,6.942885908994573e-05
575,1.6797086229400853,7.049499343716877e-05
576,1.5263091051988762,7.30655859293783e-05
577,1.4886082201510766,7.403762535511338e-05
578,1.5879933029507922,7.255645554250536e-05
579,1.6871267823164675,7.106408929756746e-05
580,1.7875166099536124,6.934989829139173e-05
581,1.86538286346693,6.78742084987376e-05
582,0.6837896428250609,8.331850721754688e-05
583,0.778725581658251,8.24905918451224e-05
584,0.978643312807239,8.042940483481033e-05
585,1.2228659516408547,7.739381251012472e-05
586,1.4631769824606309,7.394885612647447e-05
587,1.6385929694347197,7.117953013435616e-05
588,1.6259161286118038,7.133149838501006e-05
589,1.4791759756600096,7.370457513597324e-05
590,1.4182275531198663,7.49673074204453e-05
591,1.5132651927574667,7.362226375684397e-05
592,1.6042130650646917,7.227726560145116e-05
593,1.6944952280548253,7.085262696998354e-05
594,0.7361519488713365,8.28734073112459e-05
595,0.8331158571781374,8.19658499903708e-05
596,1.032328152185534,7.980035463064428e-05
597,1.2709554433919155,7.670262648315158e-05
598,1.4916596622242704,7.347878260152046e-05
599,1.560991705241086,7.237354472845834e-05
600,1.4326255714142857,7.435634190348113e-05
601,1.3437787932742051,7.595615965257393e-05
602,1.436279148044243,7.469971684191062e-05
603,1.5223286962538427,7.346719256611184e-05
604,0.7907637849424308,8.237004820751328e-05
605,0.8851808302780387,8.143388478318128e-05
606,1.0789628334299632,7.92210605784148e-05
607,1.3088076677610163,7.614956270374923e-05
608,1.4784771390372884,7.363747719018758e-05
609,1.3957442507670645,7.486066656786167e-05
610,1.279466884704794,7.654271383093426e-05
611,1.353095767569569,7.58028942399773e-05
612,0.8394883391347413,8.189212805707741e-05
613,0.9274634597106655,8.097428504123759e-05
614,1.1143871731745936,7.8757945055799e-05
615,1.3372063888358365,7.572979049264761e-05
616,1.381666960718189,7.50468850417892e-05
617,1.3103890646981158,7.610139987147835e-05
618,0.8747426146607056,8.152286856770768e-05
619,0.9548144270303197,8.066182514831871e-05
620,1.1363479432703492,7.846905910856542e-05
621,1.3633796737160526,7.534345630932046e-05
622,0.8927887034606709,8.133049786945498e-05
623,0.9645052109278476,8.055204101138995e-05
624,0.4803468545725221,8.478343704827454e-05
625,0.6576626047107436,8.360441992453332e-05
626,0.8344816125363622,8.209797131841849e-05
627,1.00655711137046,8.034559858512197e-05
628,1.1737759430034276,7.837334813587289e-05
629,1.3378641583902815,7.619370000371386e-05
630,1.5017697598728965,7.387763139170533e-05
631,1.6689886764946043,7.124671743998863e-05
632,1.8417355679096559,6.828404319927903e-05
633,1.9626659309106913,6.620132910739403e-05
634,1.8364187185145204,6.833464212062901e-05
635,0.5721427496165443,8.418571472813108e-05
636,0.7446502056295745,8.286716699605124e-05
637,0.9325150576579252,8.107184808882331e-05
638,1.12796162830049,7.883705116854937e-05
639,1.3279620842100235,7.619669421773492e-05
640,1.5313553625428653,7.319244147759432e-05
641,1.7365757377125428,6.989397345151749e-05
642,1.9330669375804306,6.645645711242521e-05
643,1.9913243312596742,6.549132212758169e-05
644,1.8617857453023308,6.779813821527006e-05
645,1.7683618159890802,6.9411926973743e-05
646,1.8309628568258913,6.850339278692842e-05
647,1.954287335114727,6.639263468089296e-05
648,1.8390706345706904,6.840862897767146e-05
649,1.6514169251292827,7.158855018014746e-05
650,1.4716433692372894,7.436109580980814e-05
651,1.300061745221185,7.677474978336874e-05
652,1.13420180857262,7.889332828276434e-05
653,0.9717478122160829,8.074939956700811e-05
654,0.8118880401587042,8.232474773969191e-05
655,0.6492346347542486,8.360449206524545e-05
656,0.8189339303936163,8.216379930007145e-05
657,1.0224033427216555,8.00276665606741e-05
658,1.244884155025994,7.722755669112822e-05
659,1.4751627354375403,7.390477002842895e-05
660,1.7008006126747457,7.032641344660472e-05
661,1.8920908884249474,6.708403652870986e-05
662,1.9508478471888644,6.609927344132873e-05
663,1.8530312143899372,6.784896922426747e-05
664,1.7351809483546696,6.983953422518219e-05
665,1.7199230170168092,7.026347793575735e-05
666,1.8255777076784776,6.86161791175494e-05
667,1.9451741883268117,6.657515462510801e-05
668,1.8281483671784517,6.863236210085694e-05
669,1.6304843131546347,7.195012524426333e-05
670,1.4459631707214784,7.478622479161368e-05
671,1.276475296508514,7.711468645271549e-05
672,1.1192773071588469,7.909592087332043e-05
673,0.7121259337819037,8.308835327247998e-05
674,0.8852554575533897,8.148442985115141e-05
675,1.104769726760758,7.899105017763949e-05
676,1.3454480781173586,7.574934938602896e-05
677,1.584562269494662,7.213217973881702e-05
678,1.7901271138935895,6.878972430668941e-05
679,1.888008037331779,6.711069189239198e-05
680,1.8241256464143327,6.825710461485219e-05
681,1.6981598899857235,7.037354417601372e-05
682,1.6301103451933021,7.170032912981603e-05
683,1.7117369716456454,7.051383795502994e-05
684,1.8303102244746994,6.85643164616305e-05
685,1.941946064531573,6.656386713594167e-05
686,1.8168425252325158,6.880571005826876e-05
687,1.6164209017351066,7.217451181643653e-05
688,1.4358449864101934,7.49449433342879e-05
689,0.7654331798084176,8.261627736550404e-05
690,0.9456558415061517,8.082840215102916e-05
691,1.1765186811461827,7.805614875570295e-05
692,1.4223070196240153,7.459777810604148e-05
693,1.648817547711377,7.106851785674962e-05
694,1.7974357141902462,6.864529893817397e-05
695,1.7796862551901165,6.891588295391108e-05
696,1.6537727429631266,7.100002531485391e-05
697,1.5489331398326418,7.290891966902369e-05
698,1.6162816220613079,7.200081347508227e-05
699,1.7220216436457152,7.034327476549157e-05
700,1.8386519154224594,6.837634296510872e-05
701,1.9417047665392524,6.641393245576438e-05
702,1.8121274597758041,6.888306568042972e-05
703,0.8161715278618675,8.215055716646287e-05
704,1.0026585165013877,8.019239874921093e-05
705,1.237796616170644,7.722304976858261e-05
706,1.4777787544146057,7.375263989963063e-05
707,1.6732011417818775,7.064549501287104e-05
708,1.7189108472829746,6.984245474432827e-05
709,1.6019471108863657,7.17305639389863e-05
710,1.4798548521838526,7.384864036107698e-05
711,1.5300846806180657,7.331695332081797e-05
712,1.6278526861706104,7.180146142558223e-05
713,1.7315744655132184,7.014708115430846e-05
714,1.842495556636161,6.826878121265218e-05
715,0.8687439060189388,8.163341702544392e-05
716,1.0571639189775288,7.953912970270635e-05
717,1.28970655453062,7.648647127499493e-05
718,1.5147049575515537,7.3144554746607e-05
719,1.6371239199719492,7.116431581220034e-05
720,1.5446196732269333,7.256577520189671e-05
721,1.4063016895114226,7.484875819118404e-05
722,1.4459505933429455,7.448700743699093e-05
723,1.539531459775156,7.313934864850841e-05
724,1.633843068144064,7.166999432257729e-05
725,0.9214384610596241,8.106746048237218e-05
726,1.1065961554651425,7.891143259566615e-05
727,1.3314926164027718,7.585100567303327e-05
728,1.5227012058784317,7.2978050528387e-05
729,1.4869041914655363,7.347964766404e-05
730,1.3510551696286885,7.556619936591114e-05
731,1.3596744506704426,7.56777402006679e-05
732,1.4507965264980935,7.442950256785303e-05
733,0.968068973399474,8.054382358615951e-05
734,1.1467503921564761,7.83747057391649e-05
735,1.3616231550936606,7.53937568683108e-05
736,1.437480249019472,7.422555129750846e-05
737,1.333153167777578,7.578375106645719e-05
738,1.2675803495560283,7.689865370389398e-05
739,1.0027096915000995,8.013718787027748e-05
740,1.1753028651823798,7.799121849141626e-05
741,1.3834805128327479,7.504863870881822e-05
742,1.3573178983365362,7.541066063426275e-05
743,1.0219720901216558,7.990439331774594e-05
744,1.1883115803489697,7.781380431571986e-05
745,0.8975082843022729,8.145450660130852e-05
746,1.0704119161207748,7.957789974122835e-05
747,1.259132031003439,7.719597354579642e-05
748,1.461728741710895,7.42907923731925e-05
749,1.675560367123053,7.092136000634091e-05
750,1.8933860642954892,6.718771344786721e-05
751,2.023608830296844,6.48624090937152e-05
752,1.901832187942258,6.71132588838157e-05
753,1.7950038521245928,6.888634062012694e-05
754,0.9736434852573331,8.060582816741323e-05
755,1.1645870394175304,7.833563750653358e-05
756,1.3808416514607849,7.535835222028903e-05
757,1.6099344465364307,7.183081385032678e-05
758,1.830655525447682,6.816976051222953e-05
759,1.9699793822500131,6.568309973387266e-05
760,1.9137554030532935,6.674642982465452e-05
761,1.7975616312150227,6.873243540486232e-05
762,1.7346508700843064,6.980721924431069e-05
763,1.797536436987531,6.8857731823104e-05
764,1.9237210537445837,6.670371237372459e-05
765,2.046631641646162,6.438081590489995e-05
766,1.8560170884462959,6.788282774885302e-05
767,1.6296206763629901,7.168138889905091e-05
768,1.4206873174343677,7.494986850352905e-05
769,1.2338914322869279,7.75644299286483e-05
770,1.0445625012046793,7.976153593825479e-05
771,1.2503804482772116,7.714026941528366e-05
772,1.480360382077483,7.378398384110198e-05
773,1.7071962699783878,7.017028778785546e-05
774,1.8779828913396617,6.725897244693487e-05
775,1.884748076181724,6.711839852321572e-05
776,1.7735354800481133,6.904127724164786e-05
777,1.6762608334923914,7.070634991180661e-05
778,1.6941988353958546,7.056319108747817e-05
779,1.8011866874383324,6.885123676429819e-05
780,1.9372075269038542,6.637069402504215e-05
781,2.0555270278662907,6.423153738912055e-05
782,1.832339381562495,6.828260966567605e-05
783,1.6124019927318747,7.198935617939054e-05
784,1.1092607781336588,7.895304238054508e-05
785,1.3221201139026928,7.609413238098724e-05
786,1.5505482225500662,7.265013464653709e-05
787,1.7509141259018988,6.939011005326567e-05
788,1.8251817238138675,6.807376072053933e-05
789,1.7294670710384974,6.969591307796833e-05
790,1.6068654760927343,7.175137356793282e-05
791,1.5910319955989598,7.216925559764279e-05
792,1.6862445371288768,7.071839160508364e-05
793,1.8080597888811076,6.87074135995862e-05
794,1.9445217214967603,6.616623908452544e-05
795,2.055132565522936,6.422719949607345e-05
796,1.167682999197321,7.819829000195764e-05
797,1.379768115878078,7.523007699660947e-05
798,1.595233629119116,7.189387012266545e-05
799,1.7347756220948998,6.959257472345141e-05
800,1.6699833169030065,7.061475020562219e-05
801,1.5312930500403912,7.290711528779485e-05
802,1.4872591397745494,7.372435542026086e-05
803,1.5775056834109544,7.242321458630244e-05
804,1.6896921419568367,7.063750191269822e-05
805,1.811470789663706,6.85770993045219e-05
806,1.2194906844852342,7.749307283260038e-05
807,1.4245333883074305,7.453335902894084e-05
808,1.6096580962594436,7.16232391420595e-05
809,1.5995826350236175,7.169392429013109e-05
810,1.4577810545446965,7.399467175540108e-05
811,1.3797508806709806,7.526585699636342e-05
812,1.4725692040990042,7.397730559285999e-05
813,1.5785086909130248,7.238213450389449e-05
814,1.262543911435408,7.686458272229097e-05
815,1.4544124176248503,7.406120206261446e-05
816,1.5244325675155888,7.289356827803132e-05
817,1.4002828725975258,7.482042353015049e-05
818,1.2969143898539315,7.634660141679511e-05
819,1.3708236481833591,7.544593391108758e-05
820,1.29482655918228,7.638361657631751e-05
821,1.4467325866727279,7.409621100453241e-05
822,1.3730368071656527,7.519243427995497e-05
823,1.3050590699004556,7.61750270048146e-05
824,1.3185880266069956,7.604593303317342e-05
825,1.3850766737781428,7.496358472426633e-05
826,1.346243570651104,7.588731418136205e-05
827,1.557252125258756,7.268350232938452e-05
828,1.7816176943259532,6.901385191045646e-05
829,1.9704651215447802,6.564684355578122e-05
830,1.9563790194050155,6.588097261689682e-05
831,1.8320549987355306,6.812660010157922e-05
832,1.7303132135187973,6.979292120592094e-05
833,1.441605198027483,7.439161901301654e-05
834,1.655868019380481,7.101999091550799e-05
835,1.8543318970215097,6.766118977835106e-05
836,1.925141785358181,6.638174366497388e-05
837,1.8233937612676785,6.810356390737385e-05
838,1.698338035296625,7.024813483836042e-05
839,1.6433427640915634,7.119787737896029e-05
840,1.723858557477751,6.995051873609877e-05
841,1.852320786512711,6.773825215684446e-05
842,1.9816891323851762,6.543436432440034e-05
843,1.9620821696780233,6.581578056051731e-05
844,1.7624987675193964,6.931045584133325e-05
845,1.5125609967511922,7.323177020583295e-05
846,1.7126279337494694,7.003266638859752e-05
847,1.8452536417717684,6.770347406662414e-05
848,1.7813308573297657,6.876443381590714e-05
849,1.6421893952753168,7.109472766211248e-05
850,1.5458181188610918,7.270393896228226e-05
851,1.6043144149324526,7.18457395821151e-05
852,1.7259445440210766,6.988416990663275e-05
853,1.8628207028409172,6.743307007699812e-05
854,1.9901449740327701,6.528191458775153e-05
855,1.561704288872017,7.245379551789733e-05
856,1.7272557467943876,6.972162869471291e-05
857,1.7141501250477384,6.97941735113748e-05
858,1.5702304255974109,7.219612962623242e-05
859,1.44754321802466,7.416555588041367e-05
860,1.482698415301366,7.372619704019082e-05
861,1.5980611758380867,7.194425043851917e-05
862,1.7282719670215236,6.983956378823735e-05
863,1.5878813950624167,7.198615157995814e-05
864,1.6292642043045518,7.119031554392863e-05
865,1.4940900624517712,7.334202117616033e-05
866,1.3646081728964252,7.535266941639308e-05
867,1.3667231250027743,7.540251446372053e-05
868,1.475679079591244,7.38313615331989e-05
869,1.5357281134099463,7.268383036990883e-05
870,1.4282715325530193,7.432921003424152e-05
871,1.3237158483128402,7.592357323753734e-05
872,1.258263339928267,7.689603071178647e-05
873,1.38779493484558,7.4964604284645e-05
874,1.3333209072199905,7.576564918185976e-05
875,1.8419291687570811,6.788266263516191e-05
876,1.9435493166254576,6.605231145000414e-05
877,1.85207314142126,6.752295998046224e-05
878,1.7116424367925478,6.99991207745064e-05
879,1.5945558789348053,7.19234746326045e-05
880,1.8482774901975487,6.764870027555414e-05
881,1.807611037195115,6.824720920260268e-05
882,1.6635062168318853,7.068783463051396e-05
883,1.5243800210787324,7.29749071276483e-05
884,1.4751857328493523,7.37517070028748e-05
885,1.5796447637249857,7.213373729828689e-05
886,1.7199032945362611,6.983259455872148e-05
887,1.8615554242264352,6.740564268475342e-05
888,1.7293985739340894,6.954548543975656e-05
889,1.5906108705054538,7.183622375218686e-05
890,1.4464603741059512,7.413685375708218e-05
891,1.3567650195290257,7.547021857128208e-05
892,1.448047943867518,7.417483616873912e-05
893,1.5787866025000037,7.214286958874272e-05
894,1.5068506267325008,7.31071897232781e-05
895,1.3786904112316365,7.513818518729976e-05
896,1.2848122907939035,7.646850495684783e-05
897,1.3309920979799892,7.586952518476269e-05
898,1.3371920101416577,7.572323848436655e-05
899,1.2858023286005065,7.646634145574531e-05
900,1.6709465846890261,7.0576764562787e-05
901,1.523610644597909,7.296582453580594e-05
902,1.399619695913044,7.485414625833331e-05
903,1.4509007379717311,7.406361129894176e-05
904,1.3327174405363535,7.580975933816397e-05
905,1.2909954133823154,7.639403179271764e-05
906,1.3924999468028463,7.496508404641218e-05
907,1.2917786936389675,7.637342022061637e-05
908,1.2456751367903423,7.701276567028157e-05
909,1.2521364962784367,7.69131282696585e-05
910,0.0,0.0
911,0.43674155684448396,8.496392058090019e-05
912,0.8589589619190492,8.160668106386914e-05
913,1.2539312001505498,7.67949797344567e-05
914,1.6123776595326251,7.132390865904709e-05
915,1.9295245002796293,6.58864974058452e-05
916,2.2050192207714887,6.0764929605393723e-05
917,2.441437304494504,5.603801440524088e-05
918,2.6419185347011998,5.204287559258359e-05
919,2.6162570107897913,5.3775153113496694e-05
920,2.411360461180005,5.764716346142406e-05
921,2.221423161601028,6.129278413469155e-05
922,2.0671711616015154,6.416933932949682e-05
923,0.5524224252997657,8.427817859674752e-05
924,0.8724907011314591,8.151216641194122e-05
925,1.225475526752584,7.72338825285964e-05
926,1.566910998271884,7.210224665814382e-05
927,1.8782850247174296,6.682336186393954e-05
928,2.152980343352677,6.178097586132901e-05
929,2.3903438551841405,5.712467290536408e-05
930,2.588303768697869,5.321141435078819e-05
931,2.53209816075623,5.5267428981876725e-05
932,2.3273775633022304,5.9459455020295634e-05
933,2.137420399594805,6.292483504428835e-05
934,2.039258301893304,6.458786924278082e-05
935,2.125183930950128,6.311905073779091e-05
936,2.0477382746133697,6.446913533288908e-05
937,2.1713515538703905,6.23522902781465e-05
938,2.356340143761549,5.878778924794272e-05
939,2.56025509411897,5.4900915761080004e-05
940,2.526246208569179,5.442826480601368e-05
941,2.311212264169012,5.86651497096312e-05
942,2.059555691475985,6.354908054629401e-05
943,1.76963736328049,6.870370456793727e-05
944,1.4427821725457342,7.404024712331861e-05
945,1.0870842297449328,7.902703420901293e-05
946,0.7241905513753687,8.290977658307969e-05
947,1.0899817258571671,7.907345839370699e-05
948,1.3699177646670007,7.5246975683918e-05
949,1.6590562366652888,7.066518254548452e-05
950,1.9329912785035837,6.589135021683082e-05
951,2.179590788823535,6.134267435054152e-05
952,2.3930440843148353,5.714178240376509e-05
953,2.559544882692466,5.3933940867698516e-05
954,2.5433237297235194,5.478215102765903e-05
955,2.3550872235283986,5.871403071471219e-05
956,2.1764681927133136,6.222113553169433e-05
957,2.2289612967481607,6.104715552054841e-05
958,2.387747676780591,5.8239037906655106e-05
959,2.1972074218828084,6.179363219832616e-05
960,2.068493630953248,6.403701300723824e-05
961,2.148423234402336,6.271046648351447e-05
962,2.3252850354907433,5.934236029900416e-05
963,2.52584619171831,5.5618214336273754e-05
964,2.436476354200012,5.62608343371634e-05
965,2.2214094281209884,6.045329459968396e-05
966,1.9722925513337568,6.513769873596454e-05
967,1.6914448405422846,7.005003778754837e-05
968,1.3882479396291167,7.488454116870339e-05
969,1.5926025655435903,7.179827055809843e-05
970,1.8330492332988277,6.772067975771841e-05
971,2.0630592917875727,6.3592136608982e-05
972,2.268307670906107,5.978286089963815e-05
973,2.4391727556543255,5.641446065479111e-05
974,2.556382505804219,5.39913935962252e-05
975,2.5637198558497953,5.3929977410583925e-05
976,2.4511741938283413,5.644286176764386e-05
977,2.3530588208350327,5.839208039156958e-05
978,2.425905104626312,5.6962543138281794e-05
979,2.595498515914435,5.359193275671011e-05
980,2.476923007859838,5.661470099032736e-05
981,2.2635229974434847,6.0571086886269325e-05
982,2.1001481597115723,6.347388548209893e-05
983,2.143329141448651,6.283396049834527e-05
984,2.3107261524516782,5.977167965064912e-05
985,2.5070000723997072,5.601693677237621e-05
986,2.381607133709879,5.7361424500840385e-05
987,2.1771355835023787,6.13369222462564e-05
988,1.9440290287225297,6.565798196290258e-05
989,2.029949174891564,6.421169233374177e-05
990,2.2170174583395994,6.0811005790815037e-05
991,2.377185255531584,5.77497619435945e-05
992,2.4987502918400333,5.5277155936823796e-05
993,2.5659451204753703,5.3857111544168483e-05
994,2.5578971022286034,5.402464094278435e-05
995,2.481273350665861,5.559548504176601e-05
996,2.4087271423789356,5.699476683942582e-05
997,2.45119438899907,5.612248854184756e-05
998,2.5810409747853837,5.3619680280541205e-05
999,2.724323597529502,5.046114773460731e-05
1000,2.552168780009796,5.5209548958339004e-05
1001,2.3134085482709996,5.9709822174940726e-05
1002,2.123689235259828,6.308339860019698e-05
1003,2.145068416906198,6.287578889879461e-05
1004,2.3051256618916125,5.998277421701429e-05
1005,2.4988180409162086,5.6295643091476476e-05
1006,2.363386112937313,5.7722979307362946e-05
1007,2.3606467380568157,5.817193535343893e-05
1008,2.4754578481438765,5.579972112454345e-05
1009,2.549910618057484,5.4196178290333303e-05
1010,2.573652902059444,5.371327112037959e-05
1011,2.539297873607021,5.443099823022864e-05
1012,2.455549000340667,5.609192227156015e-05
1013,2.365471224128452,5.775137300934335e-05
1014,2.361071107205526,5.7689358918729165e-05
1015,2.4646418023522068,5.574209889474436e-05
1016,2.590441329400504,5.3307405064864724e-05
1017,2.7184517923548492,5.058793833121356e-05
1018,2.606431101321634,5.4187989649445714e-05
1019,2.3441990694066623,5.9217970285930824e-05
1020,2.135889567774676,6.284913562927479e-05
1021,2.147163093309417,6.284574858582179e-05
1022,2.3037678585509647,5.9996758697445736e-05
1023,2.546227465505297,5.4241302908321694e-05
1024,2.579154820005505,5.364505504769276e-05
1025,2.5669484857577527,5.3889367720852986e-05
1026,2.506413731265412,5.5111702757691146e-05
1027,2.403856474317462,5.711122876946471e-05
1028,2.2849200442322175,5.9240909435467656e-05
1029,2.2234867550438606,6.028139262612246e-05
1030,2.299371605910057,5.888841261517961e-05
1031,2.4325128263423275,5.642715349599789e-05
1032,2.594961862953373,5.320032739614555e-05
1033,2.694124636218719,5.1067663539835264e-05
1034,2.6381221370408054,5.360212846601711e-05
1035,2.35819052369332,5.8981354328986436e-05
1036,2.139394971311769,6.280056392017298e-05
1037,2.576710115727494,5.3755671824776315e-05
1038,2.5356022576312407,5.46231476360326e-05
1039,2.452801070881978,5.6171922303745795e-05
1040,2.3318502692031506,5.8430570844052144e-05
1041,2.1877708563350358,6.106394357912775e-05
1042,2.070138295163325,6.323463820635178e-05
1043,2.1046539841646013,6.25901240786296e-05
1044,2.2485337037340694,5.9951224794975646e-05
1045,2.439239689857192,5.638571036460716e-05
1046,2.5765109158091706,5.361436876458073e-05
1047,2.678071818249981,5.146555668111392e-05
1048,2.6484081013790135,5.3410269410018375e-05
1049,2.472000873864417,5.580655646141372e-05
1050,2.3722437635204345,5.766528603153338e-05
1051,2.237855344475218,6.018716725600034e-05
1052,2.0780947133741448,6.312060441234105e-05
1053,1.9207458096468746,6.594977293763904e-05
1054,1.892115699089026,6.650332921034742e-05
1055,2.0461580920284863,6.376999922464245e-05
1056,2.2191183131377086,6.0611056603555596e-05
1057,2.4283063166330243,5.6631831625920235e-05
1058,2.5695873256437984,5.3809641368102805e-05
1059,2.261072574728368,5.973638507259232e-05
1060,2.120114263505559,6.235159432509875e-05
1061,1.956250224858868,6.530089438494936e-05
1062,1.785466060849915,6.831703466946163e-05
1063,1.6797601509444609,7.02112530183882e-05
1064,1.8293599803376723,6.770128530407328e-05
1065,2.0260371002354316,6.419492991583771e-05
1066,2.2510454759050993,6.0037118158643156e-05
1067,1.9801544872126102,6.490777310882497e-05
1068,1.824675692263856,6.760445515346148e-05
1069,1.666223091978078,7.030053037666483e-05
1070,1.5270664708927644,7.266673236927505e-05
1071,1.600210065189571,7.165381779869306e-05
1072,1.8186880668540164,6.790392527605004e-05
1073,1.6905700326651842,6.984592103269898e-05
1074,1.5661346210425788,7.194124918966335e-05
1075,1.4661289733845349,7.348493176915068e-05
1076,1.4035478885085735,7.467458945975341e-05
1077,1.4935399729937937,7.301916137280595e-05
1078,1.4581204029636528,7.363006649732395e-05
1079,1.1581014471569557,7.816545346664476e-05
1080,1.4700806817595256,7.367216519969779e-05
1081,1.7715097686648353,6.87091021175833e-05
1082,2.0460346387222286,6.379831518490883e-05
1083,2.287344519916962,5.9184422362440054e-05
1084,2.492566733962852,5.5114784148067836e-05
1085,2.5545469782117376,5.48425899460106e-05
1086,2.355557271737326,5.875257088954276e-05
1087,2.161574742110628,6.246739338388902e-05
1088,2.0482208228515275,6.446685690692654e-05
1089,2.217959533053397,6.138083018025481e-05
1090,1.6254158170904474,7.123985648957645e-05
1091,1.8819237030123186,6.682447094034217e-05
1092,2.1195187279902017,6.253009089509085e-05
1093,2.328162673044953,5.851491419991726e-05
1094,2.497619351138367,5.513465008358695e-05
1095,2.566721529217354,5.405098724184135e-05
1096,2.4305040060731598,5.716733627418394e-05
1097,2.2544415845596726,6.071536077678732e-05
1098,2.227527371189781,6.10676516218484e-05
1099,2.4041456652152577,5.767585330702334e-05
1100,2.455685396126897,5.694155864036315e-05
1101,2.264527308106229,6.054500433066304e-05
1102,2.0757680797822156,6.396008658223165e-05
1103,2.1616363493975492,6.251508744743325e-05
1104,2.3502633931751276,5.88473817563512e-05
1105,2.534116361617744,5.505145969216285e-05
1106,2.42591892564157,5.649032328710242e-05
1107,2.2264754891145464,6.040295352281136e-05
1108,1.9949062373948128,6.475866359412712e-05
1109,1.7378787742457236,6.930709397214677e-05
1110,2.046109323770824,6.391987664421155e-05
1111,2.241356369659827,6.031771042388262e-05
1112,2.4058369284011225,5.711512433744263e-05
1113,2.5252809640787657,5.4710379560448294e-05
1114,2.5668313493111867,5.382977813077902e-05
1115,2.4987767211098832,5.5382110385586806e-05
1116,2.386219601524076,5.770402753081254e-05
1117,2.37857066907176,5.7778760320815315e-05
1118,2.517785471315535,5.5063431526805e-05
1119,2.6767266422625178,5.19053459506692e-05
1120,2.5370556335152155,5.5417602854927194e-05
1121,2.3052995307091932,5.981204769334704e-05
1122,2.09893154590404,6.35517910232896e-05
1123,2.1642728767622716,6.248668090651556e-05
1124,2.3456240886544264,5.906911759086235e-05
1125,2.5118668905031076,5.532878951279631e-05
1126,2.392753566064814,5.717173128419358e-05
1127,2.2067480699887145,6.078592094677715e-05
1128,2.3685517380801704,5.7949441561806905e-05
1129,2.485907189805816,5.5580470371720455e-05
1130,2.556117059232383,5.407074750604666e-05
1131,2.5634329583747295,5.38787799653358e-05
1132,2.502730451389271,5.51969683019456e-05
1133,2.4082849319611044,5.7032723588238364e-05
1134,2.3729681031312366,5.758551885995989e-05
1135,2.465323583931226,5.581610691014484e-05
1136,2.5982786233195183,5.3160216411052794e-05
1137,2.714506266512778,5.065058985522923e-05
1138,2.57980618548335,5.448085895991455e-05
1139,2.3310427790923303,5.9350009590362005e-05
1140,2.111952974685794,6.327083127217425e-05
1141,2.1680818460716207,6.25257517476628e-05
1142,2.343765273510672,5.918876929479693e-05
1143,2.5026802539202198,5.5421028926900057e-05
1144,2.5477612576073683,5.4146188061604395e-05
1145,2.5753854850516342,5.365596978557582e-05
1146,2.550724480732226,5.422448688180357e-05
1147,2.474490552146247,5.577284190019371e-05
1148,2.3666623174408596,5.7746043619165414e-05
1149,2.2869624032225433,5.918074395076226e-05
1150,2.331721196135853,5.826756800483628e-05
1151,2.4560785820476077,5.594694066174234e-05
1152,2.6039312148417544,5.300975200358086e-05
1153,2.6833781681935207,5.1402587428940174e-05
1154,2.5940309625081293,5.403996276382382e-05
1155,2.3426984149552923,5.913529785122173e-05
1156,2.116943328856022,6.315221932360379e-05
1157,2.169749199410385,6.24497641373837e-05
1158,2.5715248381322633,5.3801128912443256e-05
1159,2.519612761048162,5.4905539643846316e-05
1160,2.42416150652051,5.672521499921346e-05
1161,2.2967399709682854,5.910025842719033e-05
1162,2.173693915153796,6.130458723473857e-05
1163,2.160468895368839,6.153544695096898e-05
1164,2.2806087819224703,5.93398352925575e-05
1165,2.4207950229670443,5.666161924043573e-05
1166,2.5794575088340244,5.359095299177298e-05
1167,2.657730126297341,5.1923189507207775e-05
1168,2.5945209034933945,5.381946993462309e-05
1169,2.345636975430169,5.9081243820246286e-05
1170,2.4619872061267953,5.600019249868209e-05
1171,2.3500419704521005,5.809782234793308e-05
1172,2.206496559023696,6.078737460636159e-05
1173,2.0522661101950277,6.357749988917856e-05
1174,1.9719673357145922,6.504185859424095e-05
1175,2.082788146490991,6.307626285846628e-05
1176,2.243939236343936,6.009085551544738e-05
1177,2.434772788337046,5.646860204404518e-05
1178,2.564460445180287,5.3853851324414644e-05
1179,2.6482770691143656,5.212257150294555e-05
1180,2.2489360474302056,5.995652350579349e-05
1181,2.096466601891916,6.283101772773135e-05
1182,1.9277413139732829,6.58244342632638e-05
1183,1.7892772981172034,6.829599076381955e-05
1184,1.869109428712944,6.699557472452935e-05
1185,2.0519593135774272,6.372995345257924e-05
1186,2.2611641572572716,5.981913007312815e-05
1187,2.4288911155559214,5.661823462587009e-05
1188,1.9675916124697939,6.512300790209234e-05
1189,1.8015012571833535,6.800873067969985e-05
1190,1.643000544358279,7.073644304501804e-05
1191,1.6450921427048983,7.089905834528544e-05
1192,1.8463418334557202,6.742672375258782e-05
1193,2.043908693147341,6.388021024651919e-05
1194,1.6777981572426495,7.006608839217062e-05
1195,1.541899840822743,7.235821721258992e-05
1196,1.4436411360707846,7.406491105330986e-05
1197,1.628039304890682,7.121123317755232e-05
1198,1.479676487557439,7.324988883807446e-05
1199,1.430918437138341,7.412647544782206e-05
1200,2.100803588415115,6.288463896619838e-05
1201,2.2974184150681483,5.913165262086019e-05
1202,2.459182345353413,5.595720314372171e-05
1203,2.543949942354158,5.442877125292306e-05
1204,2.441242681872344,5.6913840322712716e-05
1205,2.266162645836641,6.050222184452149e-05
1206,2.18724861644562,6.18904837245789e-05
1207,2.3799662557958983,5.8188913656593185e-05
1208,2.5861140783851737,5.426578973512693e-05
1209,2.395354590736381,5.7327541150744355e-05
1210,2.5088863131232553,5.5038242288970934e-05
1211,2.5550052298562833,5.4107589692345886e-05
1212,2.5010327010479254,5.535470618339714e-05
1213,2.380886440338823,5.785177497422981e-05
1214,2.3114131718198747,5.915414268915347e-05
1215,2.4251788694801375,5.6869293474741315e-05
1216,2.5922602523577725,5.353311759623282e-05
1217,2.7048620069473692,5.086108278177008e-05
1218,2.5753343756247595,5.421096454702005e-05
1219,2.352068429863611,5.8651186550358445e-05
1220,2.143538070508645,6.274475670160365e-05
1221,2.2673136862160703,6.048002301952263e-05
1222,2.4393914074897936,5.708326098745237e-05
1223,2.5281949335233844,5.469349096596084e-05
1224,2.4465683118456893,5.624925915640662e-05
1225,2.5524553782735686,5.4119678291437884e-05
1226,2.562091357007288,5.3958771994968576e-05
1227,2.5064349545770734,5.524836843363614e-05
1228,2.402899432672816,5.72003526590083e-05
1229,2.3122833705698227,5.886738125965289e-05
1230,2.3515701061874936,5.804227706160317e-05
1231,2.482900596958966,5.55382294382053e-05
1232,2.598758446825051,5.310907855570024e-05
1233,2.6532065624343555,5.1984813875937634e-05
1234,2.5447694566209287,5.464476067604013e-05
1235,2.3269229563058813,5.918282053981072e-05
1236,2.116573570542934,6.325824059754175e-05
1237,2.268029242065563,6.0540862527127805e-05
1238,2.4380111760345646,5.705276672731628e-05
1239,2.5536295438662293,5.410932636298047e-05
1240,2.4819438608918105,5.563578468338336e-05
1241,2.3701254701152106,5.7748017406019365e-05
1242,2.250724130934151,5.9924259026388816e-05
1243,2.2201792049742717,6.0465197352954065e-05
1244,2.328700836386425,5.8451820384366716e-05
1245,2.457771283994158,5.598006354475213e-05
1246,2.5778694751357984,5.35114264930194e-05
1247,2.6100024459347493,5.282416605381864e-05
1248,2.51923632936831,5.515811277078874e-05
1249,2.3118284118410495,5.9480045914939026e-05
1250,2.109968638813071,6.341948820640707e-05
1251,2.4307815579699668,5.659493863792344e-05
1252,2.3056063623408813,5.896653033581094e-05
1253,2.162125706284173,6.161808797973186e-05
1254,2.0668154009656727,6.332270021364027e-05
1255,2.148328847563335,6.187666917367679e-05
1256,2.294056935346093,5.914358492096e-05
1257,2.4497904132178814,5.61371521967238e-05
1258,2.550202616448476,5.411845944482644e-05
1259,2.586585665622401,5.3363217400128096e-05
1260,2.509597008380786,5.536238589572362e-05
1261,2.2140232143247838,6.0667510970687806e-05
1262,2.055741630800006,6.350801830217635e-05
1263,1.9128252092559974,6.614059914510107e-05
1264,1.9510690232217298,6.553631907279038e-05
1265,2.114508092705575,6.259764383735897e-05
1266,2.2712253438862517,5.962939997595482e-05
1267,2.435765093942433,5.643445053912209e-05
1268,2.5402984902835364,5.426515131851529e-05
1269,1.9341934903803155,6.565639478438785e-05
1270,1.77158319638938,6.852579497958963e-05
1271,1.7451908520778865,6.923190885151079e-05
1272,1.922298824482972,6.611535251716418e-05
1273,2.102337905728498,6.284839988927745e-05
1274,2.2872927563632706,5.9316732006932194e-05
1275,1.646821237020736,7.06441410212499e-05
1276,1.54941621933,7.241505754315831e-05
1277,1.719597486270857,6.968907347870915e-05
1278,1.9178082693551837,6.615820451724743e-05
1279,1.4449985386592863,7.39421013783556e-05
1280,1.5136494946492542,7.309990402142566e-05
1281,2.5501456914999796,5.421787441755001e-05
1282,2.4981449332815875,5.552986871080664e-05
1283,2.374530851883654,5.8079816330596075e-05
1284,2.2631910559364252,6.011480971380032e-05
1285,2.341983309514289,5.853580436138657e-05
1286,2.509986427103994,5.512973134309781e-05
1287,2.623821341249008,5.2620355018058626e-05
1288,2.506915721871418,5.524462288374751e-05
1289,2.400636352832762,5.730940480292196e-05
1290,2.282155662927061,5.955259183121943e-05
1291,2.262957728423655,5.982761723434618e-05
1292,2.385129070262461,5.7484128544496154e-05
1293,2.504190809400599,5.512715921675576e-05
1294,2.5740854549553287,5.359347947623965e-05
1295,2.556296713332145,5.405076220502138e-05
1296,2.4484845532760104,5.6373492251877935e-05
1297,2.285439592811546,5.968307494370719e-05
1298,2.2427127167327456,6.055498353165573e-05
1299,2.3725507972789006,5.818375788263299e-05
1300,2.3718958539979345,5.7771356151616614e-05
1301,2.239835036206701,6.021755541655564e-05
1302,2.1513912417247827,6.183815294858395e-05
1303,2.2302919864527038,6.043227930375082e-05
1304,2.3607975166752526,5.7859406543197804e-05
1305,2.462236188119768,5.589382786405407e-05
1306,2.5283127463784587,5.455781779610434e-05
1307,2.5131226898491787,5.496147972103458e-05
1308,2.416067196466995,5.7040232454826454e-05
1309,2.26550500487939,6.00592032264391e-05
1310,2.1615276990925487,6.158235105134814e-05
1311,2.028846629023295,6.406275080767796e-05
1312,2.0579219659851464,6.363103179154481e-05
1313,2.2013429994170743,6.101086890796861e-05
1314,2.332792127466226,5.85083868195593e-05
1315,2.4464064385361697,5.631385547810888e-05
1316,2.503843744990847,5.4948245497209675e-05
1317,2.498375551977227,5.514867838232063e-05
1318,1.9017765425995046,6.633411466371048e-05
1319,1.8775837434747826,6.688504030651978e-05
1320,2.0304034158315436,6.42241544353286e-05
1321,2.1861367854779714,6.132864055016836e-05
1322,2.3288945916141452,5.861373315083338e-05
1323,2.437213200206242,5.6464538696628124e-05
1324,1.701626351491341,6.994933162201016e-05
1325,1.8517829001008397,6.738985963346302e-05
1326,2.024419519422021,6.427463267185954e-05
1327,2.1815708975409693,6.139610806856073e-05
1328,1.6733386023146763,7.050614043067687e-05
1329,1.8502198378131849,6.738744693037334e-05
1330,2.274293981696117,5.971973529585289e-05
1331,2.215928989726047,6.078418045338391e-05
1332,2.321192795847481,5.8798692320635555e-05
1333,2.4360329166975694,5.642290900273196e-05
1334,2.4987372411346995,5.5217624409694675e-05
1335,2.1301111483544313,6.225422207685547e-05
1336,2.177026150155058,6.148810651231033e-05
1337,2.3000378985300145,5.9152850044032687e-05
1338,2.397494290481451,5.7290795191731434e-05
1339,2.45368345294282,5.613271433134875e-05
1340,2.4558635478039963,5.614235836015878e-05
1341,2.40111878966246,5.7212102385081526e-05
1342,2.2991283710020793,5.927355657388981e-05
1343,2.0257328405476245,6.427262704154763e-05
1344,2.153630892365664,6.196093174941162e-05
1345,2.2779694932194854,5.964402883034029e-05
1346,2.370886690700975,5.791823894521048e-05
1347,2.4311011028985092,5.6723798026135746e-05
1348,2.441417147520961,5.6500914653341264e-05
1349,2.0015759038062293,6.47662712842175e-05
1350,2.143715969129385,6.214832474954002e-05
1351,2.26701527865552,5.985604925237757e-05
1352,2.3660104776812845,5.794626475385009e-05
1353,1.9981641693193433,6.482819062183065e-05
1354,2.1411962869576833,6.216514177624543e-05
1355,2.279612979682984,5.95982307004692e-05
1356,2.3651738096947468,5.801513990154136e-05
1357,2.4099710353437143,5.712638750235403e-05
1358,2.259909249178882,5.998573911353913e-05
1359,2.341467962625458,5.854884115568868e-05
1360,2.3884597375875334,5.765756056768981e-05
1361,2.3968457595531425,5.753366477847783e-05
1362,2.2504125039640273,6.017684632165985e-05
1363,2.3339186707168147,5.865396585260382e-05
1364,2.375597183636172,5.792060925379961e-05
1365,3.6546324097367067,3.669505872230758e-05
1366,3.645407943615395,3.666692383878817e-05
1367,3.615893181447216,3.655220682942255e-05
1368,3.5614065328346394,3.677024830308736e-05
1369,3.4765783869273448,3.788407996571015e-05
1370,3.3579037571741903,3.987093680905848e-05
1371,3.205724204406995,4.2498102749586344e-05
1372,3.025000820568151,4.6083575691513326e-05
1373,2.824723100195637,4.9857287539932444e-05
1374,2.6162570107897913,5.382938431098828e-05
1375,2.411360461180005,5.764048653610099e-05
1376,2.221423161601028,6.139716562572166e-05
1377,2.0671711616015154,6.413980651088447e-05
1378,3.6783288284671665,3.612838925884839e-05
1379,3.651132266270482,3.614075745952989e-05
1380,3.571606717433169,3.691041745485948e-05
1381,3.4620716907941196,3.807546271894673e-05
1382,3.323102179740187,4.048308609163422e-05
1383,3.15534271722751,4.3326183896804494e-05
1384,2.963576308774906,4.7239952724053674e-05
1385,2.7604404154977225,5.099515138534552e-05
1386,2.7733413448889617,4.9367660302624356e-05
1387,2.697519458901352,5.229594925583187e-05
1388,2.4923319326753086,5.6148995544985545e-05
1389,2.297448135662221,5.990097051738934e-05
1390,2.2006618592324756,6.17458665055477e-05
1391,2.3920560536112196,5.805850845758701e-05
1392,2.5934868276731926,5.4187031806085226e-05
1393,2.779933770223397,5.016618142313989e-05
1394,2.7046441238302767,5.0797594846746575e-05
1395,2.7685167314933707,5.093349578164945e-05
1396,2.9683739581400386,4.701506940445672e-05
1397,3.1488312094492414,4.346583975628564e-05
1398,3.302459224987318,4.071202774015976e-05
1399,3.4264556490796902,3.900575113692658e-05
1400,3.5222862191747617,3.796471145591988e-05
1401,3.5939419746536814,3.723571815199377e-05
1402,3.7452025190329805,3.4053193714874695e-05
1403,3.722691322389078,3.407891775883705e-05
1404,3.6087738020539515,3.575543778831713e-05
1405,3.447982832090741,3.8399069259479814e-05
1406,3.259363427750431,4.1738857048404975e-05
1407,3.0541682875519105,4.558431288693556e-05
1408,2.8550512650807724,4.946896676512027e-05
1409,2.808754255557974,4.938989110656769e-05
1410,2.9153267720863107,4.68082745591682e-05
1411,2.8013975586375155,5.034075721046179e-05
1412,2.592546460691934,5.424406622942706e-05
1413,2.4282113329629875,5.725146429338223e-05
1414,2.628206771353785,5.331253146772487e-05
1415,2.79730818219168,4.9595762060751635e-05
1416,2.8461619442555253,4.7879706017800924e-05
1417,2.760794269457347,4.95310788822168e-05
1418,2.617367100602363,5.2654751025241143e-05
1419,2.732171753773383,5.1790318942556255e-05
1420,2.9314495927652184,4.774640174325182e-05
1421,3.113782214515356,4.4182060278431394e-05
1422,3.2734152908872884,4.141174575015748e-05
1423,3.4089917076812695,3.9444751186891834e-05
1424,3.844799061137976,3.267654855224491e-05
1425,3.823528388148707,3.248274412547249e-05
1426,3.6858218941175145,3.415056647121494e-05
1427,3.4953909388769007,3.742074172537501e-05
1428,3.2915490135820185,4.125035377756096e-05
1429,3.109997934912329,4.4737726130753753e-05
1430,3.0209647180564168,4.6067766188145554e-05
1431,3.053401776655837,4.4677821385443534e-05
1432,3.127304004156499,4.3004665826641154e-05
1433,2.918112543815819,4.804013541840861e-05
1434,2.6988776203406215,5.242901394287666e-05
1435,2.7584426867365384,5.012609072482441e-05
1436,2.8466821294546256,4.802141837266818e-05
1437,2.8558088919479223,4.7549143834504706e-05
1438,2.799118856148248,4.876581628320277e-05
1439,2.6952736473726233,5.098818903382691e-05
1440,2.5547566728070086,5.3886708617814104e-05
1441,2.7119007584464643,5.212646302903999e-05
1442,2.913125802462799,4.8158062639627604e-05
1443,3.101884289124778,4.4517292428401414e-05
1444,3.9651983463756064,3.004237934543496e-05
1445,3.941185365280238,3.047338035414425e-05
1446,3.7968025394286125,3.2792659149383615e-05
1447,3.61985718676973,3.5812884160955044e-05
1448,3.4660870442759233,3.839456912548346e-05
1449,3.3779266490434217,3.967745745956957e-05
1450,3.3711963589226315,3.9410648390676914e-05
1451,3.421660431602088,3.814671337519314e-05
1452,3.2546017712756785,4.144422474642462e-05
1453,3.0338610096726155,4.58566059674914e-05
1454,2.7970563990717086,5.03835731416733e-05
1455,2.805308929828799,4.871317914589454e-05
1456,2.833805460051361,4.79617752111882e-05
1457,2.812974661085358,4.841118343420846e-05
1458,2.7503045167638067,4.975446826178503e-05
1459,2.6522863508350905,5.190694518874918e-05
1460,2.522690469098234,5.456671780427009e-05
1461,2.7053844394142663,5.223356037668532e-05
1462,4.096702930373129,2.764024469927902e-05
1463,4.075891815690488,2.830280370970449e-05
1464,3.9583391630326044,3.0496070792581403e-05
1465,3.8406513941942335,3.2150567189007243e-05
1466,3.768400494721116,3.315023638131377e-05
1467,3.756603207775703,3.3065678507892553e-05
1468,3.764248775692522,3.2880298576964466e-05
1469,3.583735944294092,3.580898739345237e-05
1470,3.373145505637437,3.945620265901793e-05
1471,3.1352841300876415,4.386975242037637e-05
1472,2.8761084619533235,4.892239148191869e-05
1473,2.7800452439370877,4.9090035721617524e-05
1474,2.7986831774492806,4.8704639631740836e-05
1475,2.7782793068434737,4.9170389648754165e-05
1476,2.723424389608077,5.0325615692158833e-05
1477,2.637517555158482,5.2252425876312535e-05
1478,4.232329983903805,2.5204540134107506e-05
1479,4.229141693407723,2.560178573417829e-05
1480,4.16541462339079,2.6794360237157735e-05
1481,4.118609500571325,2.774666665181539e-05
1482,4.115039090197725,2.7784789033516486e-05
1483,4.043374886774426,2.862176482700762e-05
1484,3.8891810037939343,3.102670327443585e-05
1485,3.698234243298253,3.399090255195598e-05
1486,3.471461786281608,3.7775513679679335e-05
1487,3.212602947892503,4.22912811392079e-05
1488,2.930076446888056,4.7916227099411494e-05
1489,2.754146483667507,4.96815610420184e-05
1490,2.7769178349813872,4.9010332625373554e-05
1491,2.7657015718036213,4.93846322382561e-05
1492,4.3660897043181714,2.3135446057105743e-05
1493,4.387344568446944,2.3049584487982806e-05
1494,4.379980125455405,2.365715995011043e-05
1495,4.364912960415433,2.3646169784073628e-05
1496,4.281473339527452,2.509808374095378e-05
1497,4.157874425595595,2.7058798692007436e-05
1498,3.993297609944716,2.9610129013329767e-05
1499,3.7871134904791193,3.2800768847508565e-05
1500,3.540879124570455,3.664125547845977e-05
1501,3.260388993555825,4.1551685243638995e-05
1502,2.9570858094491257,4.738950353938122e-05
1503,2.744230150318432,4.975860948279694e-05
1504,4.4914815225572005,2.1252604655127782e-05
1505,4.528345619138171,2.110917205612573e-05
1506,4.521384135772397,2.1524528918729943e-05
1507,4.472184181467888,2.227879152108148e-05
1508,4.381014401810835,2.3928778813742808e-05
1509,4.246667439445194,2.5815610392462424e-05
1510,4.067444552494327,2.8589278338932828e-05
1511,3.843018298761413,3.2025243527178416e-05
1512,3.5765655812063573,3.613729377869793e-05
1513,3.2764784267107703,4.1198013064772484e-05
1514,4.601514374717396,2.0192650590973797e-05
1515,4.629162586811585,2.0023344959015266e-05
1516,4.613201590104166,2.053714661805799e-05
1517,4.554345762698051,2.1400216620345876e-05
1518,4.451555284871143,2.295349925348788e-05
1519,4.302633874113003,2.527095270722992e-05
1520,4.1058490699807475,2.8032997938228874e-05
1521,3.862045108278458,3.174152053407828e-05
1522,4.689737768251021,1.9283153606261633e-05
1523,4.705387763467244,1.904098161522125e-05
1524,4.677541121764655,1.9651427711651495e-05
1525,4.605792769939844,2.085990594241858e-05
1526,4.488033737884154,2.274251237873745e-05
1527,4.321718448916643,2.5008515240038604e-05
1528,4.751175601313004,1.853607213381446e-05
1529,4.752741507699492,1.8672247541012933e-05
1530,4.710614391108239,1.9304089636036122e-05
1531,4.62328832746771,2.0790857969253795e-05
1532,4.782646406379672,1.7995084829432517e-05
1533,4.768785651723831,1.8235286300552917e-05
1534,3.592555117578172,3.6617990131287315e-05
1535,3.484581778128069,3.8034112842887814e-05
1536,3.3470559201826378,4.0284788544827256e-05
1537,3.182276799500497,4.28716861370999e-05
1538,2.993926125098499,4.655841959724707e-05
1539,2.7909423250595826,5.0521660992040534e-05
1540,2.690422310270538,5.1439133281139705e-05
1541,2.8139366779135258,4.8588091440209235e-05
1542,2.8190972244221495,4.937382862081116e-05
1543,2.643196827415378,5.3199496023020574e-05
1544,2.4514408611185905,5.689252185387111e-05
1545,3.6593634384342097,3.497533204338699e-05
1546,3.5211119533144872,3.710709587678249e-05
1547,3.3457047870256544,4.012954557973572e-05
1548,3.148650578138129,4.368653071711942e-05
1549,2.9480777701771776,4.771461706641899e-05
1550,2.8147991146768994,4.989498895949321e-05
1551,2.8618110418378686,4.8169203568836246e-05
1552,2.923827078441906,4.6737304972963655e-05
1553,2.8760917602335954,4.8234008958515434e-05
1554,2.716464598059349,5.161969869436402e-05
1555,2.66254954487559,5.227804514808645e-05
1556,2.799587927145825,4.948962304210076e-05
1557,2.8702945350652755,4.763795204443137e-05
1558,2.840147927773022,4.798465488821698e-05
1559,2.745665557609332,5.001299931888857e-05
1560,2.630942149853662,5.289452188346462e-05
1561,2.7793951723889303,5.0784079215894966e-05
1562,2.9815500536954884,4.683799565207318e-05
1563,3.1708879518855406,4.3298665004518924e-05
1564,3.340205932812248,4.031587703345167e-05
1565,3.755558411278535,3.3484034862536035e-05
1566,3.600745243682076,3.582915420765108e-05
1567,3.4155246186162844,3.919703907214882e-05
1568,3.234688150415726,4.232718706834164e-05
1569,3.106074530015798,4.4603989713892024e-05
1570,3.0745795493132744,4.451043564754039e-05
1571,3.095172276357653,4.369164628145814e-05
1572,3.0775840699627657,4.4236674029925225e-05
1573,2.956992571708814,4.700925933388232e-05
1574,2.7648644931973307,5.0807116939584165e-05
1575,2.805369976890321,4.901023515439073e-05
1576,2.8572090527851253,4.772947288286974e-05
1577,2.848225571120896,4.784681717342581e-05
1578,2.790026528418438,4.905281838810686e-05
1579,2.6947606432445554,5.109871166042605e-05
1580,2.601494259817922,5.375592878398726e-05
1581,2.770660653619081,5.090365525041159e-05
1582,2.975419753836914,4.686934938044249e-05
1583,3.8746624728991406,3.167193949459208e-05
1584,3.7305831809887824,3.397679265953471e-05
1585,3.5827862365092233,3.63806208340115e-05
1586,3.4724423446606454,3.812327063230448e-05
1587,3.420705766140742,3.8644613895278644e-05
1588,3.4090803044634406,3.8386231518652904e-05
1589,3.378683736375314,3.906622706646853e-05
1590,3.267188942612107,4.1164234473427085e-05
1591,3.0820413871722385,4.4894759777574996e-05
1592,2.8673533453507396,4.910047429785664e-05
1593,2.8194345103521976,4.8749618157006224e-05
1594,2.834392447354725,4.815793151157593e-05
1595,2.8121273997458087,4.854275999075983e-05
1596,2.754951769482365,4.968361206881765e-05
1597,2.6684639096735747,5.169020695168665e-05
1598,2.5932960613753036,5.400189899653351e-05
1599,4.024723619261101,2.91771872500748e-05
1600,3.9210210992581565,3.0875923136465624e-05
1601,3.834284066470462,3.204968611744593e-05
1602,3.7839277289550832,3.255199252219737e-05
1603,3.7583961104913253,3.275532407559198e-05
1604,3.712493849790779,3.3596795941200313e-05
1605,3.5982774221485805,3.5521262849650155e-05
1606,3.417364648702106,3.8745235570053165e-05
1607,3.1919305972216447,4.3027418866954115e-05
1608,2.949582040628855,4.761531964367304e-05
1609,2.8186353408618023,4.891452330841257e-05
1610,2.8125064749892648,4.861430507942525e-05
1611,2.7912735885665847,4.898972836042159e-05
1612,2.742723673979244,5.004162852794265e-05
1613,4.200151717608049,2.5759486957647727e-05
1614,4.142691209545768,2.7028532546704122e-05
1615,4.102130381312867,2.7604755781941183e-05
1616,4.0729323533969355,2.831034411560209e-05
1617,4.020109941869338,2.912029889927169e-05
1618,3.9095934846821625,3.0849713593365695e-05
1619,3.7394923866326195,3.3450236338512434e-05
1620,3.5206463678101643,3.702496239845226e-05
1621,3.265605907970644,4.1588881505182944e-05
1622,2.9959801947095372,4.667015373318527e-05
1623,2.819834247090366,4.905025037031878e-05
1624,2.8044825273360914,4.877363847991828e-05
1625,4.374583055602754,2.3454459891967545e-05
1626,4.35009806232646,2.4051587606581743e-05
1627,4.326657311688132,2.4629652504663905e-05
1628,4.2790033869092685,2.5321365398484728e-05
1629,4.181822514446016,2.6957354825436346e-05
1630,4.030258803773368,2.9221513171149834e-05
1631,3.8282626413253578,3.226579383957643e-05
1632,3.582187630895014,3.6106697854850746e-05
1633,3.302112649183241,4.096804440639229e-05
1634,3.0110388704248443,4.6455066836290044e-05
1635,4.524981123429943,2.1482167174989874e-05
1636,4.514649271538543,2.2228526331770866e-05
1637,4.481829028315037,2.266506115228224e-05
1638,4.405065721740445,2.3723510284040557e-05
1639,4.277471765680621,2.5648774366943048e-05
1640,4.099056964080061,2.8203580285522932e-05
1641,3.8722123669023607,3.162107668699481e-05
1642,3.60256929620316,3.580568103688246e-05
1643,4.640698983791183,2.030482777012545e-05
1644,4.627934647538303,2.06004516546519e-05
1645,4.575467485759179,2.1540509645976266e-05
1646,4.474604407715652,2.2918206661037285e-05
1647,4.323428038794204,2.4932176220810453e-05
1648,4.121768468360691,2.793912060963624e-05
1649,4.7183621110337315,1.917455512189275e-05
1650,4.693036988150888,1.9843626636496354e-05
1651,4.619863956078343,2.0885545453496678e-05
1652,4.497107823274387,2.265953431110308e-05
1653,4.757236921827693,1.8735114302001182e-05
1654,4.71421432949843,1.949937752445421e-05
1655,3.351995440264042,4.0034591304000565e-05
1656,3.159038513048375,4.3431693449348804e-05
1657,2.9610119565853266,4.744041948724563e-05
1658,2.807724141104306,5.01130094753282e-05
1659,2.818023108401364,4.90916315059258e-05
1660,2.8845120466669028,4.7466016053668434e-05
1661,2.919549450346283,4.66980176906827e-05
1662,2.889805229722,4.7507105786602755e-05
1663,2.7824078815602435,4.9882751173275276e-05
1664,3.4294770528855443,3.8892907807845565e-05
1665,3.2533179033638437,4.204460967963388e-05
1666,3.115771912318112,4.44606172117151e-05
1667,3.061596742661561,4.4998671112719235e-05
1668,3.0721905651808394,4.433683262208338e-05
1669,3.0894034316987855,4.380024170612222e-05
1670,3.0702920965830143,4.447847343989069e-05
1671,2.9888853522338485,4.657287183694369e-05
1672,2.872708183439241,4.9173047505780964e-05
1673,2.8881429645667662,4.793751146104727e-05
1674,2.9148152146766755,4.689518966665477e-05
1675,2.9003726213798795,4.697570159737523e-05
1676,2.8528289814272814,4.808033305576053e-05
1677,2.7921652414028615,4.9670744443204324e-05
1678,2.801794435361357,5.026811157660513e-05
1679,2.961223005589163,4.7333225997203315e-05
1680,3.593029864041019,3.612759129200483e-05
1681,3.477449959184452,3.8034713253063486e-05
1682,3.4117163273069933,3.8762725406769374e-05
1683,3.392603782613654,3.858343581240884e-05
1684,3.391867616199031,3.850234291241126e-05
1685,3.37187154512081,3.909308587309371e-05
1686,3.2988622452875194,4.0862397283405497e-05
1687,3.16680835073631,4.369179139596371e-05
1688,3.020438999039945,4.639690042740762e-05
1689,2.9421858128036305,4.701706808495762e-05
1690,2.9156614574245894,4.6897504562669974e-05
1691,2.884145065607572,4.746225642270449e-05
1692,2.8363994548490914,4.8392341477645944e-05
1693,2.783707773191749,4.9834219588546285e-05
1694,3.832016482545518,3.2022666649052685e-05
1695,3.7706783807455255,3.280380345432432e-05
1696,3.7425037732263555,3.296000475664904e-05
1697,3.7307049759005326,3.312698271144586e-05
1698,3.7035181332962233,3.384647316180432e-05
1699,3.62670175013966,3.535874686924597e-05
1700,3.4869365901026725,3.7897207985244546e-05
1701,3.3002828989151944,4.135807876657685e-05
1702,3.104814731106007,4.493347381631658e-05
1703,2.970582166130362,4.6639062450960126e-05
1704,2.914399610190681,4.703360918421254e-05
1705,2.8783400036498543,4.759909298069322e-05
1706,4.090689622130123,2.7792693529999157e-05
1707,4.061290936436589,2.8253261697811003e-05
1708,4.04462782610617,2.8639410102834428e-05
1709,4.013491308490424,2.93381574143152e-05
1710,3.9362708134263054,3.0670779931487845e-05
1711,3.79786873271633,3.2872955141982155e-05
1712,3.6049567779129323,3.5996388628274e-05
1713,3.3751437086803513,3.9959141841441175e-05
1714,3.1435164545331573,4.413178957696841e-05
1715,2.9796356711949032,4.650749209259775e-05
1716,4.32268639426644,2.4806611638599976e-05
1717,4.306277078774474,2.516958595639115e-05
1718,4.277367592404169,2.5626833681227214e-05
1719,4.206630315327185,2.668713950200293e-05
1720,4.078074590720906,2.861994223958155e-05
1721,3.892640556383472,3.144849372402347e-05
1722,3.660824084515985,3.5087392797396346e-05
1723,3.399161763635305,3.959311215362657e-05
1724,4.503472386476798,2.253984688296847e-05
1725,4.483149134215864,2.2968612283932032e-05
1726,4.425551773592667,2.359224237321715e-05
1727,4.31329317297587,2.516975736866005e-05
1728,4.144149966458369,2.7601586144162008e-05
1729,3.923391556163666,3.099233558719931e-05
1730,4.623953811580557,2.1019668040561284e-05
1731,4.586376708812282,2.1589714865808594e-05
1732,4.495292594303348,2.263419129150201e-05
1733,4.347000081119736,2.4606341752324886e-05
1734,4.6834346690960835,2.032776263467109e-05
1735,4.619662695103506,2.1177417309243297e-05
1736,3.1152154222849426,4.4485273614055436e-05
1737,3.052717553639991,4.527690620968603e-05
1738,3.058293125310616,4.476173621127854e-05
1739,3.0867523384736715,4.3772157609203656e-05
1740,3.110183517533721,4.3577263409719655e-05
1741,3.1158214604349945,4.413152085528905e-05
1742,3.1061763700807834,4.4944747990825456e-05
1743,3.4069157669979515,3.8808154713931206e-05
1744,3.3840388434356696,3.871022853945671e-05
1745,3.3936966041149006,3.8410118820332317e-05
1746,3.414076498028531,3.832562821523513e-05
1747,3.422480076375912,3.860430909390698e-05
1748,3.397738964598997,3.958991371214082e-05
1749,3.334331972679666,4.104168378040249e-05
1750,3.2535635956241427,4.226555730101784e-05
1751,3.1814684117557976,4.290049354487358e-05
1752,3.1268535399633186,4.326896934991786e-05
1753,3.084201290045785,4.3881182015871344e-05
1754,3.0536294302948863,4.472403131834151e-05
1755,3.736930386753099,3.3033517015141135e-05
1756,3.733562943495326,3.3017178179930404e-05
1757,3.7444837323381432,3.300914393511554e-05
1758,3.7446020019679045,3.333243658371662e-05
1759,3.7058110467303598,3.4333849044474136e-05
1760,3.6127310464744826,3.605892415185403e-05
1761,3.4778404299218337,3.847053549065974e-05
1762,3.330837692481545,4.0800991220425633e-05
1763,3.2101992355616344,4.2424268111992107e-05
1764,3.1316512498073292,4.326972007765702e-05
1765,4.048144141306162,2.847704084940563e-05
1766,4.050547202693314,2.8703791685541684e-05
1767,4.043715769606189,2.8959468156116024e-05
1768,3.9977247004473973,2.9899514157891006e-05
1769,3.8936016389721235,3.1508510801897976e-05
1770,3.7357034358320127,3.4048198551041544e-05
1771,3.544123241845925,3.733020251015904e-05
1772,3.354882948607823,4.036906867530884e-05
1773,4.303538020612312,2.5338861978635767e-05
1774,4.294949211375963,2.5446680986494564e-05
1775,4.24967192030595,2.6148391368980302e-05
1776,4.146188419786392,2.7628308760861314e-05
1777,3.9835422538628324,3.0090349101196456e-05
1778,3.7746495798714674,3.344032981995644e-05
1779,4.480538975642113,2.311251902022218e-05
1780,4.444694373105459,2.350983933557742e-05
1781,4.350749851156453,2.4651661837636946e-05
1782,4.194182219946228,2.68328817321932e-05
1783,4.5696350793906895,2.194050007852053e-05
1784,4.493929830103124,2.2926498279974055e-05
1785,3.3937993386306666,3.837486976554422e-05
1786,3.430464703208846,3.78509319973446e-05
1787,3.482939260918174,3.750728200842981e-05
1788,3.5364909347189646,3.717279495646178e-05
1789,3.5708510227070285,3.6880010572668256e-05
1790,3.755549539982007,3.2752408777257155e-05
1791,3.7948669734051017,3.253359745433773e-05
1792,3.830000926839159,3.229208719219907e-05
1793,3.834658526220568,3.245095173712995e-05
1794,3.791711343094892,3.321734155635735e-05
1795,3.7056817588038884,3.4579786434822086e-05
1796,3.599222352102058,3.612554860125398e-05
1797,3.5011444616893965,3.727078667479239e-05
1798,4.076349026461705,2.8355630293595296e-05
1799,4.0981651218494015,2.8244409434825202e-05
1800,4.086195242509052,2.8397366168446526e-05
1801,4.019178831339569,2.9525173996496765e-05
1802,3.8995827804095815,3.146790592367035e-05
1803,3.7484060915866984,3.3848813521211074e-05
1804,4.311085980394083,2.5232469004026416e-05
1805,4.293950146460142,2.5473135963264622e-05
1806,4.217916616229209,2.6350414556853438e-05
1807,4.080575099496613,2.8425808734281444e-05
1808,4.433494595196698,2.3647096439491236e-05
1809,4.360368283057697,2.4531077155893825e-05
1810,3.869097103060367,3.162045247661766e-05
1811,3.9448128804474183,3.065711872651568e-05
1812,3.99310535395656,2.9999418841229554e-05
1813,4.153194286691144,2.731554563391756e-05
1814,4.177373560828802,2.692116004650724e-05
1815,4.146654011656913,2.7196870985699984e-05
1816,4.061477072917183,2.861025404956354e-05
1817,4.306915554293477,2.5092216522739452e-05
1818,4.25899320992844,2.570239343816068e-05
1819,4.236582955715645,2.586942359938978e-05
1820,3.6546324097367067,3.661658197374546e-05
1821,3.645407943615395,3.6576951165534854e-05
1822,3.615893181447216,3.6501064175868126e-05
1823,3.5614065328346394,3.669984920133858e-05
1824,3.4765783869273448,3.7946131241929744e-05
1825,3.3579037571741903,3.994665320809879e-05
1826,3.205724204406995,4.258556720822853e-05
1827,3.025000820568151,4.6049447167508316e-05
1828,2.824723100195637,4.994050849939206e-05
1829,2.8079849944644844,4.8559286612952746e-05
1830,2.9383993862004214,4.62110452089338e-05
1831,3.0294423973537525,4.458000206198848e-05
1832,3.0765351815920106,4.348449032438902e-05
1833,3.6783288284671665,3.6125495099903766e-05
1834,3.6908470252343575,3.546855368656612e-05
1835,3.678086376601508,3.506441896228665e-05
1836,3.634013134056271,3.5519603707343925e-05
1837,3.5538519872213246,3.6719890312942285e-05
1838,3.436122440210392,3.8512086267964e-05
1839,3.2836324684590914,4.121128618418202e-05
1840,3.1032084311949624,4.4579970870762793e-05
1841,2.904373141620987,4.840509990182809e-05
1842,2.907485120504955,4.6810026605987976e-05
1843,3.0076331169807196,4.487675739298016e-05
1844,3.0670933321001277,4.3629762046146555e-05
1845,3.0821217874748403,4.321688385522834e-05
1846,3.0531294195763725,4.393066810926538e-05
1847,2.9818683635816723,4.5488443066493646e-05
1848,2.8915191008675314,4.7654642301703105e-05
1849,3.025295075776236,4.6214105449490856e-05
1850,3.217267659908319,4.246704232407995e-05
1851,3.390339862435501,3.9294218799547904e-05
1852,3.532961310982632,3.677683826015452e-05
1853,3.637992485098397,3.502346196873655e-05
1854,3.7019703467000067,3.4153383861449845e-05
1855,3.724103927551281,3.4194580956873135e-05
1856,3.701966437854604,3.5713396933078964e-05
1857,3.7452025190329805,3.40789849986901e-05
1858,3.774143315955239,3.335339718923429e-05
1859,3.771469713446524,3.347618663958288e-05
1860,3.7317541746234273,3.374486460891466e-05
1861,3.652291312143549,3.487037434089207e-05
1862,3.5341720583389615,3.693314211007964e-05
1863,3.3822048039419066,3.952354736893703e-05
1864,3.20383034811942,4.2656345294030916e-05
1865,3.0075280381126426,4.6456126381783596e-05
1866,3.012137547236447,4.47728999564424e-05
1867,3.077909747131265,4.323477400368127e-05
1868,3.106910309917753,4.2686375551972866e-05
1869,3.1070179559550626,4.295425834407371e-05
1870,3.0980106694859955,4.385873092201778e-05
1871,3.169278889044684,4.347779027094752e-05
1872,3.3332680218850963,4.045041124568071e-05
1873,3.5092445824898837,3.7279284599091344e-05
1874,3.667720634256526,3.451583974120282e-05
1875,3.792682928318238,3.270709273936261e-05
1876,3.8698119920506486,3.1347530004038456e-05
1877,3.886314718761815,3.120705387705377e-05
1878,3.8350586863108855,3.2057094591334055e-05
1879,3.844799061137976,3.231541559839671e-05
1880,3.8839134383184764,3.16356917091918e-05
1881,3.8857930932104794,3.160805051803228e-05
1882,3.8469559082366147,3.181915279630663e-05
1883,3.767191528308599,3.301126989873342e-05
1884,3.6495926363650986,3.478030903532356e-05
1885,3.49963694765998,3.7233286540704366e-05
1886,3.3237672182191935,4.0473233702844176e-05
1887,3.1281334862973558,4.403949247732484e-05
1888,3.1991792072456016,4.1370887646867764e-05
1889,3.2599073525008424,4.0455159696074024e-05
1890,3.3224969564634437,3.973911564556071e-05
1891,3.418658069093625,3.86683135584215e-05
1892,3.5518160787808424,3.659833158973024e-05
1893,3.706343252902312,3.402012147899086e-05
1894,3.859577913815438,3.171651460198132e-05
1895,3.9914606165352096,2.966147425395601e-05
1896,4.080174014716077,2.8350314722352655e-05
1897,4.100098873506561,2.8004471665298827e-05
1898,4.032740667547492,2.8964725992567308e-05
1899,3.9651983463756064,2.970973059533399e-05
1900,4.009484705347391,2.9111986889799184e-05
1901,4.012760566076261,2.903504497567983e-05
1902,3.973832599122857,2.9679454816686017e-05
1903,3.8944195123514307,3.072004075595442e-05
1904,3.7783570433412113,3.271314942114673e-05
1905,3.6302981139098285,3.510369361253162e-05
1906,3.454539912295414,3.804173546905082e-05
1907,3.500831010803626,3.666099813676786e-05
1908,3.5948420642934917,3.5111339228039346e-05
1909,3.698999001898403,3.377676068701742e-05
1910,3.8253826419117924,3.1929218396178806e-05
1911,3.9616929110075243,3.000373045056139e-05
1912,4.099522882218215,2.7909968972922295e-05
1913,4.225157921041277,2.6127344660210598e-05
1914,4.3176953000257265,2.4764492119103842e-05
1915,4.344763094732603,2.412805744826776e-05
1916,4.272119115972587,2.5302987173121614e-05
1917,4.096702930373129,2.7497578688017835e-05
1918,4.142939790468285,2.6871113404903175e-05
1919,4.146201526195955,2.679111261869487e-05
1920,4.107137114118289,2.7253339776475583e-05
1921,4.02833382791977,2.8530175182480724e-05
1922,3.9130893723452083,3.0399475580496657e-05
1923,3.7987033460125526,3.223331240987778e-05
1924,3.879372499510353,3.09421722616307e-05
1925,3.9844669154343064,2.9560324266962472e-05
1926,4.10369694341772,2.8029005381957696e-05
1927,4.2300715497965395,2.630171587187584e-05
1928,4.358187836464096,2.4607757643162983e-05
1929,4.476836114933323,2.2918217795392344e-05
1930,4.569537651100726,2.1460550189897633e-05
1931,4.604168915238577,2.0691880162699955e-05
1932,4.5337054578749845,2.1439388712059352e-05
1933,4.232329983903805,2.5295070774083328e-05
1934,4.278169214472238,2.449059339042251e-05
1935,4.280249006705179,2.4416818104466565e-05
1936,4.24027679393071,2.5324440805799065e-05
1937,4.160677828509698,2.6645887461217855e-05
1938,4.157512150747931,2.71928053788899e-05
1939,4.238297382311927,2.6170412568566257e-05
1940,4.345729650659747,2.48786772939586e-05
1941,4.4678184897591535,2.3337684530521954e-05
1942,4.595418657636405,2.1789544827768544e-05
1943,4.714909453036329,2.0133316275927186e-05
1944,4.813777264445642,1.8554192807616534e-05
1945,4.861598663196474,1.765093595087932e-05
1946,4.800619890286147,1.8218183442433475e-05
1947,4.3660897043181714,2.309897216685826e-05
1948,4.408977242537374,2.2632717385349793e-05
1949,4.40792564057484,2.267736672688158e-05
1950,4.394002274364387,2.3860068310985495e-05
1951,4.443724968304833,2.355959504692891e-05
1952,4.527763748666226,2.2712142481233292e-05
1953,4.637720216003034,2.1354139828144942e-05
1954,4.762399462547753,1.9799983016308695e-05
1955,4.897184236288598,1.811472085675677e-05
1956,5.0152483269899095,1.6717346334505623e-05
1957,5.09502732211635,1.5536119555000236e-05
1958,5.058403769133269,1.5684400634997875e-05
1959,4.4914815225572005,2.145355429440548e-05
1960,4.530986765179342,2.12296672029622e-05
1961,4.566620404655829,2.130413598805039e-05
1962,4.626212740659695,2.0930060135106074e-05
1963,4.71557825075509,2.014536718830928e-05
1964,4.829904678336207,1.8854082696525655e-05
1965,4.959482916156072,1.7415371715655132e-05
1966,5.093597642811852,1.61763083140582e-05
1967,5.241716737586371,1.474126925546657e-05
1968,5.296033082452092,1.3764747767380372e-05
1969,4.601514374717396,2.023662590073204e-05
1970,4.648269852335462,1.9876239420757143e-05
1971,4.708273950824997,1.959169307274595e-05
1972,4.794581451477627,1.9071052055152903e-05
1973,4.906020431193841,1.7774930063611067e-05
1974,5.033464571522633,1.6628850396533893e-05
1975,5.162792850138175,1.5636182967520892e-05
1976,5.291008218715554,1.4570499704845919e-05
1977,4.689737768251021,1.9257320179829883e-05
1978,4.7340736466918,1.882871178540524e-05
1979,4.8011669917692235,1.8430178613555984e-05
1980,4.8937464767854175,1.7610099134306462e-05
1981,5.002720529996551,1.7039440110565082e-05
1982,5.1074701622010865,1.59853457738783e-05
1983,4.751175601313004,1.8439900300812915e-05
1984,4.786198957977106,1.825185793381799e-05
1985,4.846778248797173,1.7945151687289152e-05
1986,4.926023076962761,1.746325171400532e-05
1987,4.782646406379672,1.7895807042015417e-05
1988,4.803670806193099,1.7887629536722116e-05
1989,3.768693124957232,3.340327403933173e-05
1990,3.805644677179431,3.2296513303959197e-05
1991,3.78779277969173,3.263472076257604e-05
1992,3.720127436523482,3.3782160246848556e-05
1993,3.608366713948962,3.546917343133319e-05
1994,3.460268867950895,3.808744355530904e-05
1995,3.286160625631513,4.12195746245592e-05
1996,3.1035293146165754,4.46621894898553e-05
1997,3.0072921752616284,4.547326908275395e-05
1998,3.055572151924639,4.3973656879159005e-05
1999,3.0905749250799515,4.3075025481848683e-05
2000,3.86812367482278,3.156813861820792e-05
2001,3.913747750189846,3.090580959900027e-05
2002,3.8968507584874548,3.084398123263714e-05
2003,3.826960621792263,3.2121276437086444e-05
2004,3.7142077113870138,3.3672130832667764e-05
2005,3.5691412307026886,3.6213754770193455e-05
2006,3.4046905835413974,3.924484300048988e-05
2007,3.2468976359313513,4.183983613960403e-05
2008,3.170704858447458,4.239160496999733e-05
2009,3.180488286278205,4.1590151615259484e-05
2010,3.1978669747398087,4.1356258986852094e-05
2011,3.22982870277774,4.144957340330335e-05
2012,3.3080305217561716,4.071227316196198e-05
2013,3.4483959330694804,3.838100376185167e-05
2014,3.6113434970749703,3.551956766880822e-05
2015,3.766341913067441,3.30392068767698e-05
2016,3.894010508020926,3.1114167848897766e-05
2017,3.97607834062341,2.993288281930489e-05
2018,3.9935884783356124,2.9725684799816368e-05
2019,3.9340963956219492,3.061856256739182e-05
2020,3.988399548134438,2.9563017546637484e-05
2021,4.0378462276148275,2.8977605479042325e-05
2022,4.02071589407572,2.905669941446858e-05
2023,3.9516962967220555,2.999739398676397e-05
2024,3.843917062640547,3.167479185464574e-05
2025,3.7103279276772847,3.3845766631248716e-05
2026,3.5704530430394317,3.603263450497946e-05
2027,3.4686105986873907,3.7629538480897325e-05
2028,3.454535282478119,3.739753903118847e-05
2029,3.5015301179897502,3.671057538210413e-05
2030,3.587134717202413,3.550800453206972e-05
2031,3.7054077385552686,3.384372782366039e-05
2032,3.8431263347283333,3.186807199136776e-05
2033,3.984414349739702,2.969957015615802e-05
2034,4.110897635071411,2.7585695891318383e-05
2035,4.200202465753204,2.6371132789507308e-05
2036,4.22282963223794,2.585790677259872e-05
2037,4.152500068744872,2.724016796222592e-05
2038,4.119838773563031,2.7485300341081824e-05
2039,4.1709254985770485,2.6670755451385114e-05
2040,4.155730852019209,2.6908730354133976e-05
2041,4.092865739709271,2.7715379923138415e-05
2042,3.998384475672436,2.930823503218363e-05
2043,3.8930357906283004,3.08898561949323e-05
2044,3.8182420169251734,3.1991655799136816e-05
2045,3.82187303827575,3.1755729963314556e-05
2046,3.89084155485043,3.0872289357569655e-05
2047,3.992416736672735,2.9489236770147706e-05
2048,4.113814819445881,2.7749757011914293e-05
2049,4.239751639914286,2.6064929491544066e-05
2050,4.357212525423533,2.4295367249743715e-05
2051,4.446683636415219,2.297534937483369e-05
2052,4.475501514791828,2.232838730195821e-05
2053,4.403121978335958,2.3158070423252026e-05
2054,4.255436195626401,2.510013571560594e-05
2055,4.308052428291422,2.4166607298244257e-05
2056,4.299304608942979,2.4571608398338472e-05
2057,4.251278404836728,2.5598775561153596e-05
2058,4.189111546642419,2.66216633645074e-05
2059,4.154220172397975,2.7176785302464338e-05
2060,4.184327541630558,2.685136397032214e-05
2061,4.267753158475097,2.5901968274840432e-05
2062,4.377125964846851,2.452266850977573e-05
2063,4.494636075388446,2.2872971660998342e-05
2064,4.607208459524845,2.1565054076339612e-05
2065,4.698009329164657,1.9966146699247746e-05
2066,4.735315300346529,1.9041984627406453e-05
2067,4.667857355167723,1.9786857121387954e-05
2068,4.3891821682367835,2.2988986710048012e-05
2069,4.444036598458055,2.2517746865584204e-05
2070,4.4492653444513435,2.258435350649233e-05
2071,4.43487422822934,2.3068921960459908e-05
2072,4.4407770383784575,2.3578337457111324e-05
2073,4.495284743190005,2.3007266202270342e-05
2074,4.590041506024882,2.1893116776308396e-05
2075,4.704727319791444,2.0429917961306127e-05
2076,4.82475082429294,1.891435085077821e-05
2077,4.926758918701301,1.7496249478740807e-05
2078,4.983610079782263,1.660285474300063e-05
2079,4.930551530065599,1.6878293774445874e-05
2080,4.514579741518555,2.1294468877214588e-05
2081,4.572605996065496,2.0773729621060424e-05
2082,4.603867725649621,2.0974487923450876e-05
2083,4.645722018837426,2.0755266304556152e-05
2084,4.721979507129631,2.0148734876920432e-05
2085,4.828666884188848,1.8948567977127355e-05
2086,4.951189348888454,1.7639030232833647e-05
2087,5.085464341388829,1.6130373995096414e-05
2088,5.1888671551268875,1.4890873668356227e-05
2089,5.178117652016924,1.4708463918891348e-05
2090,4.624648349428265,1.991988502932437e-05
2091,4.686419443391785,1.964158510607248e-05
2092,4.7504290659538375,1.90422077384555e-05
2093,4.840514604152627,1.838527663757518e-05
2094,4.956147232267194,1.7238827347603486e-05
2095,5.085630884304379,1.6115749874536574e-05
2096,5.234485725324472,1.4851284488660222e-05
2097,5.364979826630557,1.3931986613177635e-05
2098,4.7129316250092295,1.8979091777785942e-05
2099,4.77648122294067,1.8578589555490433e-05
2100,4.8614667253401995,1.7923079855690336e-05
2101,4.970560130434707,1.70734628326221e-05
2102,5.090517498099601,1.6095236023959855e-05
2103,5.196503864479574,1.5237676920177301e-05
2104,4.774430384174977,1.8161381909633232e-05
2105,4.83392101221246,1.7846508393822478e-05
2106,4.919128405250549,1.7362408756763484e-05
2107,5.015057342649748,1.665181347284992e-05
2108,4.8059385699631285,1.7904801012685414e-05
2109,4.853524220454505,1.7566505955435284e-05
2110,4.054097519755347,2.8804834607592703e-05
2111,4.116996078476577,2.7700299809231778e-05
2112,4.098044439430703,2.8019355680857892e-05
2113,4.016697731509171,2.9245726285264577e-05
2114,3.89609862564894,3.099288644440074e-05
2115,3.75677554870583,3.316840140246678e-05
2116,3.6208375764445284,3.531568359496381e-05
2117,3.516161602739205,3.679462026805116e-05
2118,3.4627474244853014,3.731362529052993e-05
2119,4.185398522298963,2.6506642354009343e-05
2120,4.249624968006188,2.550576861066831e-05
2121,4.232705021386355,2.5836167133065893e-05
2122,4.159890122949853,2.6971225738904125e-05
2123,4.056878916315469,2.855061600689781e-05
2124,3.9477662295996065,3.0115538074174486e-05
2125,3.8605173608811256,3.1206142293964744e-05
2126,3.8227701946899595,3.1738479093029415e-05
2127,3.843258471528286,3.147030441529808e-05
2128,3.9162641601359174,3.052776076707519e-05
2129,4.021132286378684,2.9066189808188948e-05
2130,4.139201220164913,2.732324059069315e-05
2131,4.250763904652195,2.576640194852113e-05
2132,4.332921029543951,2.4475966675272915e-05
2133,4.354759105820837,2.3854593541236446e-05
2134,4.283673231671999,2.4964083278107704e-05
2135,4.32091851707407,2.424149609845417e-05
2136,4.386579448565073,2.3310020549326372e-05
2137,4.377496049427571,2.3693207942614254e-05
2138,4.3225226238299985,2.4600066317305487e-05
2139,4.251222145155895,2.5673522131174423e-05
2140,4.194964705223939,2.6590571848448237e-05
2141,4.183353801449282,2.6874272939315965e-05
2142,4.22511288815013,2.641785779441041e-05
2143,4.304664519299517,2.5225663363837643e-05
2144,4.404114659547011,2.415621780764557e-05
2145,4.504387583103806,2.2574514005994144e-05
2146,4.583933970097818,2.140750541343889e-05
2147,4.609814618534876,2.0677438808303626e-05
2148,4.5381092942489305,2.1440279175261547e-05
2149,4.454597612777365,2.21065751392254e-05
2150,4.522558458928452,2.1535040533873736e-05
2151,4.528434408497823,2.1869883011988815e-05
2152,4.50424298128871,2.2500461393782465e-05
2153,4.485277374805031,2.293501425602703e-05
2154,4.5019382999380815,2.2910739784276545e-05
2155,4.562125288147372,2.2112140171457477e-05
2156,4.650986862763356,2.107896956044287e-05
2157,4.74574794347184,1.9742709172104343e-05
2158,4.82797626155274,1.8454962114453306e-05
2159,4.863994376399902,1.7570277841915202e-05
2160,4.7995447636314745,1.8155919220557688e-05
2161,4.579968067648383,2.0661712890440264e-05
2162,4.65103918017625,1.9886597141381842e-05
2163,4.680759826770362,2.0028146285497762e-05
2164,4.703753874046814,2.0207766864530104e-05
2165,4.750583936445862,1.985634615035546e-05
2166,4.830044023263532,1.8968041117525145e-05
2167,4.934955309143765,1.768341976070809e-05
2168,5.032100475195535,1.6446554610055436e-05
2169,5.095814562943761,1.5709916235338686e-05
2170,5.052227194974991,1.572701017252772e-05
2171,4.690099677042316,1.91531173434073e-05
2172,4.764788152243543,1.8584231113447828e-05
2173,4.826120904845899,1.8187708417536113e-05
2174,4.9022682865653735,1.7591685763116623e-05
2175,5.002648846610183,1.6741810214213308e-05
2176,5.118853404378946,1.577085721754071e-05
2177,5.249175266614068,1.4567668769965846e-05
2178,5.284254986409717,1.3881986026487739e-05
2179,4.778531498297865,1.8308321773306867e-05
2180,4.85584390375007,1.7602817759207347e-05
2181,4.945095998441468,1.700339475113719e-05
2182,5.055121510375688,1.615560334399571e-05
2183,5.175456038650072,1.5246015306613828e-05
2184,5.297926405570608,1.4419100180785188e-05
2185,4.840198161153927,1.765477821933207e-05
2186,4.915404649089281,1.6976618382965414e-05
2187,5.012123030020304,1.632486510273779e-05
2188,5.113552242886551,1.574702190336207e-05
2189,4.871814319247021,1.721186827544029e-05
2190,4.93610675377675,1.6705548249719857e-05
2191,4.419040940631357,2.2730931048483655e-05
2192,4.490854008039127,2.215376413049456e-05
2193,4.475422919306282,2.2604819544240894e-05
2194,4.408733923277277,2.355377938321082e-05
2195,4.323131663642277,2.4937540180787838e-05
2196,4.245046268096267,2.6079738368584352e-05
2197,4.19826951146231,2.6632611258790266e-05
2198,4.552492213991363,2.1133211203283533e-05
2199,4.625844452938281,2.0352210132859878e-05
2200,4.623295841172574,2.076275078542325e-05
2201,4.582302071705727,2.1648395155884658e-05
2202,4.5382365131611415,2.2401433774418048e-05
2203,4.519799584384327,2.275668960761363e-05
2204,4.541333307071989,2.2514308952529936e-05
2205,4.594059856394264,2.174760781460604e-05
2206,4.663880997830075,2.07206419313479e-05
2207,4.725137365609044,1.9688885135618753e-05
2208,4.74257651066733,1.8874479479287027e-05
2209,4.670964478234377,1.9688551277796082e-05
2210,4.677657710718217,1.9427444938727872e-05
2211,4.753467023465324,1.8751542061492867e-05
2212,4.771776505738358,1.880383377675721e-05
2213,4.770364688393124,1.9432575624441663e-05
2214,4.783434377728271,1.9461748219027262e-05
2215,4.827452197747676,1.8983236266910453e-05
2216,4.891992829636509,1.8156129512580785e-05
2217,4.9556807188895515,1.718607517459604e-05
2218,4.984961992798467,1.655467025239698e-05
2219,4.92293138555939,1.6883127708091295e-05
2220,4.787738797967015,1.8232070227183604e-05
2221,4.867004190542801,1.746161332042776e-05
2222,4.915379222495573,1.7290680052894377e-05
2223,4.965655646722475,1.708610079369292e-05
2224,5.036457200114777,1.6465303764088043e-05
2225,5.126090714401943,1.5564790655770014e-05
2226,5.192340404590829,1.483068865935066e-05
2227,5.159822326576077,1.4816200637635478e-05
2228,4.87630095757166,1.7287970403674363e-05
2229,4.959211704992198,1.6636960102182223e-05
2230,5.040710614377358,1.592587285759477e-05
2231,5.137670342638733,1.5362162258324482e-05
2232,5.2593330061808246,1.448345833579319e-05
2233,5.370889017301343,1.3013102716182515e-05
2234,4.938180093868298,1.6750134956169264e-05
2235,5.021095743261083,1.5953285530620867e-05
2236,5.118622510345256,1.5404271683555614e-05
2237,5.217212765083114,1.4741243197839635e-05
2238,4.969949328777208,1.626804082248034e-05
2239,5.043062128661541,1.5750049982442942e-05
2240,4.795525924656418,1.8027456464532143e-05
2241,4.868030345221484,1.7540564625681155e-05
2242,4.86618870130454,1.7993414005561498e-05
2243,4.835258664945763,1.85498110855181e-05
2244,4.811830949097275,1.921914036893172e-05
2245,4.905236548535729,1.7145150374048038e-05
2246,4.980319221883105,1.6460935366826187e-05
2247,5.004361100741491,1.6444432701649495e-05
2248,5.018096883752918,1.6603931724485156e-05
2249,5.047531993646727,1.6276950426880597e-05
2250,5.079836972741974,1.5881031116580608e-05
2251,5.093298778476615,1.5471958083492517e-05
2252,5.031800660705288,1.5838091347518427e-05
2253,4.993742467558134,1.627332441494897e-05
2254,5.073467738341984,1.5484735178731192e-05
2255,5.133854551948524,1.5217850689859208e-05
2256,5.200240284599665,1.485767930751982e-05
2257,5.268191996848567,1.4130290784453748e-05
2258,5.247268337339468,1.4066498946425285e-05
2259,5.0557641764443435,1.563584260886822e-05
2260,5.138821623342126,1.4892937762583815e-05
2261,5.228923451049342,1.429579856098275e-05
2262,5.330112655078309,1.3823729086648252e-05
2263,5.087675468280809,1.5383829780872267e-05
2264,5.1631201809265335,1.4699556041606703e-05
2265,5.119930226033763,1.507734388327657e-05
2266,5.185305727458276,1.4584593331328452e-05
2267,5.201746808685335,1.4644002861719917e-05
2268,5.181920497044064,1.4473173630325245e-05
2269,5.256207296999916,1.3987917695455126e-05
2270,5.320670406107518,1.3568269413291555e-05
2271,5.309042857908913,1.3393091526978835e-05
2272,5.2139052929994465,1.418392724419754e-05
2273,5.287328879515804,1.3736111719221763e-05
2274,5.341019010159337,1.3203626750492336e-05
2275,3.6546324097367067,3.664846077215491e-05
2276,5.528249066649277,1.1866149675847396e-05
2277,5.526887847843551,1.1881839745765332e-05
2278,5.532623729922154,1.1940227542403785e-05
2279,5.553579686743855,1.1869330519602152e-05
2280,5.594934728382225,1.1733089926358668e-05
2281,5.656113434915161,1.1574318325758117e-05
2282,5.730612243579156,1.1267081144946715e-05
2283,5.808385337338085,1.084485371289624e-05
2284,5.879273795695513,1.038969712898068e-05
2285,5.935742459701741,1.0061778263327258e-05
2286,5.973924036126978,9.824969952705754e-06
2287,5.992887848934449,9.723543364562693e-06
2288,5.480998497791988,1.2165345110954453e-05
2289,5.462373802787961,1.2357491641061862e-05
2290,5.471134820855835,1.2468836591503123e-05
2291,5.496720346690368,1.2381445032013454e-05
2292,5.542069523273527,1.2141688884685022e-05
2293,5.60718306043636,1.1909774253346887e-05
2294,5.686514322468443,1.1524608323735437e-05
2295,5.770546698434926,1.0996735419948112e-05
2296,5.848967236093903,1.0543411992077161e-05
2297,5.91355998326885,1.0124199998021935e-05
2298,5.959646757069571,9.8841147619532e-06
2299,5.98576534532965,9.720548847606374e-06
2300,5.992133645490124,9.659848801989002e-06
2301,5.979111206074482,9.734787596875532e-06
2302,5.946086195692741,9.96800304627616e-06
2303,5.893185005651412,1.0247980814314995e-05
2304,5.822858427905077,1.0711867755961443e-05
2305,5.741198929590787,1.1223890629535875e-05
2306,5.657760857280402,1.1683072767493243e-05
2307,5.583636150267891,1.1963236774932816e-05
2308,5.528327802191174,1.2202164984576466e-05
2309,5.496821690191931,1.2333169888142559e-05
2310,5.4889487105515755,1.226328421396023e-05
2311,5.502987954292996,1.2036676978406604e-05
2312,5.350508741415848,1.3698394219395981e-05
2313,5.316253573140919,1.405728919430972e-05
2314,5.3477672959295415,1.3674245172955978e-05
2315,5.414613545000068,1.3302590485973132e-05
2316,5.5027443453709015,1.2710530914165396e-05
2317,5.6026849072515885,1.2084626510595046e-05
2318,5.704479829529172,1.1395253309401138e-05
2319,5.798249895378856,1.0877757710914082e-05
2320,5.87613134341459,1.0344783512243852e-05
2321,5.933513879878702,1.0007198902664097e-05
2322,5.968860206485722,9.771416021738983e-06
2323,5.982305604937279,9.752268549289527e-06
2324,5.974684982966241,9.765864127389666e-06
2325,5.945081059015843,9.972827560666498e-06
2326,5.892560121964547,1.0239923598491837e-05
2327,5.818062766385183,1.0707159424575625e-05
2328,5.726170582441435,1.1296330741639793e-05
2329,5.626279140550836,1.1948113482946376e-05
2330,5.532421927820511,1.2508262846369454e-05
2331,5.461382176774181,1.3022896906191737e-05
2332,5.428384038113033,1.3140568878766159e-05
2333,5.440534744525076,1.282622462681375e-05
2334,5.180394392125744,1.5619309480152352e-05
2335,5.157596067232109,1.5919336827048594e-05
2336,5.231528607383231,1.507382289541921e-05
2337,5.349529532670729,1.3984031914156676e-05
2338,5.480667441186411,1.2899066003336973e-05
2339,5.609012953943855,1.1996683804337294e-05
2340,5.72432572518619,1.1280572579444941e-05
2341,5.819695226594225,1.069418680296662e-05
2342,5.891335682508464,1.0204560378833174e-05
2343,5.938085559464083,9.981261532103103e-06
2344,5.960090444445275,9.853256155839836e-06
2345,5.957273604079326,9.83850434327869e-06
2346,5.930163682650562,1.002188285823041e-05
2347,5.876229914437045,1.0325553841058988e-05
2348,5.795318810411656,1.0856871843292385e-05
2349,5.6912387446442585,1.1503329070921999e-05
2350,5.5748060398561226,1.2356220612582627e-05
2351,5.46645223573991,1.3268527983348967e-05
2352,5.394954379471581,1.3927607637968803e-05
2353,5.383477339328009,1.3810138456627565e-05
2354,5.028988986508792,1.714669780016993e-05
2355,5.047029181801214,1.6790982947593173e-05
2356,5.174191821599061,1.5454096512448036e-05
2357,5.334505239197778,1.3963096900793897e-05
2358,5.491302309765514,1.2747775481929523e-05
2359,5.6300083605013,1.1815468069517781e-05
2360,5.74413307829064,1.1104804569687665e-05
2361,5.831001455286671,1.0541207432767833e-05
2362,5.890095615628518,1.021291586591437e-05
2363,5.921584096443165,1.0025155908783017e-05
2364,5.922796779123603,1.0022132855190675e-05
2365,5.8974657643247665,1.017194225365075e-05
2366,5.841285226469764,1.0516735845250473e-05
2367,5.7538170899861845,1.1037100595857678e-05
2368,5.639744019567427,1.181587192126149e-05
2369,5.514702496583495,1.2778126230823866e-05
2370,5.411134281070828,1.365144968632173e-05
2371,5.368395578188207,1.4097428808907181e-05
2372,4.9545577820899735,1.7654477820940015e-05
2373,5.027148038098949,1.6772972935747865e-05
2374,5.193035028382206,1.5180178816835925e-05
2375,5.369711504680229,1.368865024530693e-05
2376,5.5272047508000375,1.254662582398061e-05
2377,5.656723240262717,1.1683414649688955e-05
2378,5.756216094513836,1.1083511713766623e-05
2379,5.825805509535606,1.0649042237024532e-05
2380,5.8656581110041435,1.0431537150560638e-05
2381,5.874593570847393,1.0295066838282488e-05
2382,5.844176065926503,1.0446289938885564e-05
2383,5.785038733214794,1.0813401400987447e-05
2384,5.692376038811252,1.1401677702574573e-05
2385,5.575150171040272,1.2251571019868271e-05
2386,5.461491992093365,1.3203625622665529e-05
2387,5.399807807869619,1.3724686796221968e-05
2388,4.991580705754853,1.724017872173066e-05
2389,5.104426263435575,1.610296708812001e-05
2390,5.275623558662707,1.460330001675656e-05
2391,5.438870558369679,1.3311637356298935e-05
2392,5.574735712469868,1.2318828482034456e-05
2393,5.679581210062826,1.1576777587052582e-05
2394,5.75369925166632,1.1044869056371564e-05
2395,5.797216024868531,1.083285137042125e-05
2396,5.808334493699965,1.070400812130113e-05
2397,5.770909254986839,1.0863320606072714e-05
2398,5.706617566893793,1.1242253699526815e-05
2399,5.610916768556219,1.1949730955692359e-05
2400,5.506356113748013,1.2798914355786812e-05
2401,5.4468909186704355,1.3329649304347984e-05
2402,5.127939316572999,1.6004898358806603e-05
2403,5.251311117992614,1.5035843329361413e-05
2404,5.397665940434224,1.3796741183529392e-05
2405,5.525566974815897,1.2747425612481778e-05
2406,5.624294459311886,1.1930456993627523e-05
2407,5.692744940870747,1.1436387827029411e-05
2408,5.7308659954457735,1.1158859873248961e-05
2409,5.736482716626935,1.1052132820957739e-05
2410,5.685293062928122,1.132590229236382e-05
2411,5.608580015893008,1.1865832191382663e-05
2412,5.511890335372874,1.2729393024141333e-05
2413,5.464573112425417,1.3126605168042085e-05
2414,5.31617277335941,1.4585471911167916e-05
2415,5.427607813990783,1.3669392753752244e-05
2416,5.535281350091485,1.2765331627186345e-05
2417,5.617983206649214,1.2081851809965262e-05
2418,5.670911776115404,1.1546624583188862e-05
2419,5.693469245467461,1.1238172185597884e-05
2420,5.6837355758381225,1.119642990797977e-05
2421,5.636344799433716,1.1471552716152709e-05
2422,5.505150752194957,1.2358569084675608e-05
2423,5.41675972712597,1.3595076623352326e-05
2424,5.509452267855989,1.3088079666904322e-05
2425,5.598397912887563,1.2294680476460554e-05
2426,5.666340241361022,1.1628321240721955e-05
2427,5.703948995272829,1.1047156236277484e-05
2428,5.709806159784267,1.0852920908746005e-05
2429,5.683806137182144,1.0935275071656346e-05
2430,5.625286761734175,1.11823960921534e-05
2431,5.504845082394353,1.2029975877194198e-05
2432,5.676920034372067,1.1555552379546052e-05
2433,5.738543427773749,1.0865148467352341e-05
2434,5.769397590196506,1.041218064092885e-05
2435,5.766766534578728,1.0339710106845882e-05
2436,5.7331807719944425,1.0424547097626358e-05
2437,5.676604859838262,1.068993615614978e-05
2438,5.799362159247949,1.0187545905450226e-05
2439,5.830317310256747,9.975404697650717e-06
2440,5.826227090289714,9.905937262846908e-06
2441,5.790113781687989,1.0106370384749273e-05
2442,5.86404473188123,9.768491170961247e-06
2443,5.86226969430797,9.81826891098338e-06
2444,5.4171480651871144,1.3010545766734327e-05
2445,5.411279887153614,1.3112041116907643e-05
2446,5.441892824795325,1.299483239159218e-05
2447,5.5030789002021265,1.2669574768168573e-05
2448,5.586577148996495,1.2167510800585415e-05
2449,5.681130405180288,1.1612978316592434e-05
2450,5.774597295187328,1.0989943177504694e-05
2451,5.856606388474965,1.0460939254668628e-05
2452,5.920323135702289,1.0122761498174417e-05
2453,5.962736950824929,9.82004590956799e-06
2454,5.983514221208921,9.741306976441325e-06
2455,5.270296332365282,1.4540887348877664e-05
2456,5.293949376599101,1.4472349799935868e-05
2457,5.368353059945159,1.3840442221348014e-05
2458,5.4723651203969235,1.2977527108359342e-05
2459,5.58811680436667,1.2193593603675432e-05
2460,5.701031481447628,1.1433707329582762e-05
2461,5.800137299525038,1.0819004352572191e-05
2462,5.878512312504091,1.0331653956625607e-05
2463,5.933080833602494,1.0008449816992632e-05
2464,5.963422892714161,9.782727198048764e-06
2465,5.9699731228900825,9.766788483624393e-06
2466,5.953857827056885,9.87594122584033e-06
2467,5.913132999204425,1.0120070547057328e-05
2468,5.84719466383071,1.0506035823541444e-05
2469,5.757723820219328,1.107584549111067e-05
2470,5.6509218388686895,1.1745864153573872e-05
2471,5.539135966630062,1.2598826813063441e-05
2472,5.441275082390758,1.3394337635173415e-05
2473,5.379846343442223,1.3863918310571154e-05
2474,5.370933556812167,1.369859014697219e-05
2475,5.137060683713725,1.5978088836090968e-05
2476,5.2069405533235384,1.52719663203552e-05
2477,5.328874292747802,1.4138834278518039e-05
2478,5.468460971656958,1.3007207541047071e-05
2479,5.60401772326617,1.2066509548596065e-05
2480,5.722795539535129,1.1272731573967317e-05
2481,5.817868181960209,1.0688832906994827e-05
2482,5.88636184543823,1.025596921604445e-05
2483,5.927816710648456,1.0019134989501865e-05
2484,5.942364570616163,9.920465861972984e-06
2485,5.929360040906266,1.000286501767843e-05
2486,5.889251271599075,1.0250161346507139e-05
2487,5.819686877325909,1.0636135653712828e-05
2488,5.721918626038132,1.1226918017151945e-05
2489,5.603237171721018,1.2045880616820552e-05
2490,5.4814326931668855,1.305495205812983e-05
2491,5.387238888422064,1.3844847010217811e-05
2492,5.352215503110072,1.4185186204670432e-05
2493,5.071706348305094,1.6474991936929468e-05
2494,5.187598609061424,1.530104919438465e-05
2495,5.3408706236396934,1.3958849067092651e-05
2496,5.49453066433542,1.2797563475307376e-05
2497,5.6304202152968355,1.1846087492063422e-05
2498,5.740586899257127,1.1142730970398596e-05
2499,5.8221567392257745,1.0672868266204463e-05
2500,5.874512740826446,1.0363823833729809e-05
2501,5.897254358813858,1.0190939516997997e-05
2502,5.885752568485085,1.025841300647714e-05
2503,5.845428402061013,1.0456455236521663e-05
2504,5.772024437757589,1.0896390004698924e-05
2505,5.667899369338483,1.1603831047105749e-05
2506,5.544924008558165,1.2542451631212557e-05
2507,5.432922401794177,1.3472341706068557e-05
2508,5.375290991562453,1.3962689912320015e-05
2509,5.097382035414888,1.6119778384221718e-05
2510,5.238196254118419,1.49039063605398e-05
2511,5.3951904158014825,1.3596934820610056e-05
2512,5.538773228641514,1.2503288059738406e-05
2513,5.65726352673113,1.171070456603828e-05
2514,5.746891042468492,1.1092591766035879e-05
2515,5.806560934676126,1.0730493599614988e-05
2516,5.835118712495438,1.0539259105326987e-05
2517,5.822305160759504,1.0564122958000841e-05
2518,5.779936431049144,1.0799619532572558e-05
2519,5.702713090294645,1.1346731724690375e-05
2520,5.597189885489211,1.2068968363834981e-05
2521,5.488230550927215,1.2978916514075125e-05
2522,5.425233247704643,1.3557104509251099e-05
2523,5.202160466706377,1.528468366398903e-05
2524,5.3393275289312,1.420719069402697e-05
2525,5.474553605906699,1.3153341095734305e-05
2526,5.5891416507917215,1.2244109396241669e-05
2527,5.676849412549169,1.1617087108573373e-05
2528,5.735632655751937,1.1142056633586183e-05
2529,5.763489572497652,1.0951119067780731e-05
2530,5.756691633568301,1.0966442433248161e-05
2531,5.6946373440736915,1.1319307270144939e-05
2532,5.611760200627838,1.1905791129996492e-05
2533,5.515691323061826,1.274107889819611e-05
2534,5.464224989635293,1.3196999521682166e-05
2535,5.354155487274803,1.4243981486900336e-05
2536,5.4670215950417775,1.3336985211748947e-05
2537,5.564995065487825,1.2487599591357012e-05
2538,5.638682838068867,1.1781986300323936e-05
2539,5.685017691454035,1.1427979968852732e-05
2540,5.701557816393729,1.1242978762289224e-05
2541,5.683826079296512,1.1301242955887524e-05
2542,5.599923449622737,1.1838882356052158e-05
2543,5.501152388503328,1.268974811404954e-05
2544,5.452364438600001,1.3332301524830556e-05
2545,5.519349610837254,1.2946181785927914e-05
2546,5.599468879232024,1.2250621638278274e-05
2547,5.655289432478994,1.1665712787799413e-05
2548,5.682999067240372,1.1250986550139105e-05
2549,5.680835047028448,1.1192150099532058e-05
2550,5.645456816221536,1.1265547983503072e-05
2551,5.539826218435152,1.1937941888560772e-05
2552,5.40087335021362,1.2852435969910375e-05
2553,5.669646769655875,1.154985113687913e-05
2554,5.715709358271444,1.0963139838262099e-05
2555,5.731191195149444,1.071680567582744e-05
2556,5.715756527021928,1.0676824942832626e-05
2557,5.67108453880613,1.0845585481810071e-05
2558,5.6050206699710525,1.1165191963888969e-05
2559,5.783331156647263,1.0354125504325133e-05
2560,5.79565477058103,1.0220412047766476e-05
2561,5.77541691767946,1.0239617780810696e-05
2562,5.728452611269013,1.0423989041435092e-05
2563,5.844538573140383,9.83870206819778e-06
2564,5.824219312485423,9.938228745761652e-06
2565,5.282883495743963,1.4776377256340335e-05
2566,5.330544138452975,1.4346831830154855e-05
2567,5.42894347251265,1.341609308459763e-05
2568,5.552300198776054,1.2419759373953539e-05
2569,5.675399159285178,1.1566636925259498e-05
2570,5.7818432536899325,1.0904431703491308e-05
2571,5.863387100473275,1.0395758395192523e-05
2572,5.91731201171421,1.0047128558818273e-05
2573,5.943705212279297,9.91041153821953e-06
2574,5.234921976981234,1.5023754089075536e-05
2575,5.320083928099971,1.4270098632104792e-05
2576,5.444325767523042,1.3255015378375484e-05
2577,5.577963538645363,1.2230485634417445e-05
2578,5.698736503773879,1.1370527330606701e-05
2579,5.79506852334815,1.0776855103049976e-05
2580,5.862476716691746,1.0393465931790448e-05
2581,5.899924851434984,1.0190235557639105e-05
2582,5.906134717624259,1.0191145184342932e-05
2583,5.883108888697221,1.028244081626238e-05
2584,5.82882878818669,1.0578680863968307e-05
2585,5.743490388348744,1.1075042820236028e-05
2586,5.631273260327017,1.1832501937732258e-05
2587,5.5054358257543745,1.2826320724750737e-05
2588,5.393704438618966,1.3767206029855295e-05
2589,5.331546454904283,1.4320939635002412e-05
2590,5.248853880262834,1.4896421713211417e-05
2591,5.354677203544456,1.3951149292152109e-05
2592,5.483395315530721,1.2931999166212194e-05
2593,5.60868150263402,1.2054127672736861e-05
2594,5.713887868144944,1.1259621676233789e-05
2595,5.791406078445609,1.0818595457461625e-05
2596,5.838192446446581,1.0522023801264347e-05
2597,5.852425505894598,1.0437720655673429e-05
2598,5.828086465658867,1.0564044925424838e-05
2599,5.772876107689063,1.089084479214342e-05
2600,5.684905197557158,1.1438860451190736e-05
2601,5.5731183512902795,1.228587000642033e-05
2602,5.462968531387758,1.3211569509325523e-05
2603,5.396771397344181,1.3803853254652744e-05
2604,5.316757266704816,1.434115727964072e-05
2605,5.421471867314827,1.3532065051215711e-05
2606,5.5340258276750145,1.264098437528108e-05
2607,5.6354888705159665,1.1904148559980601e-05
2608,5.714269943459077,1.130125150218257e-05
2609,5.764314356384588,1.096789054722174e-05
2610,5.781546205312597,1.0821149011653287e-05
2611,5.752919301726852,1.100406807946389e-05
2612,5.694984831835591,1.1324334896039164e-05
2613,5.606868999987157,1.1986926774642315e-05
2614,5.510757355896386,1.279262583367948e-05
2615,5.454567688913848,1.3382871432015513e-05
2616,5.418538156291067,1.3678085988400984e-05
2617,5.504979008095867,1.3046616651468918e-05
2618,5.586807471663939,1.2283099612177824e-05
2619,5.652695248286882,1.1699628544020279e-05
2620,5.694425680731775,1.1369702474840466e-05
2621,5.70556330386061,1.1180635635118287e-05
2622,5.665049437476766,1.1436926529790086e-05
2623,5.597579253282837,1.1909390395683282e-05
2624,5.512803638056059,1.2768186335144223e-05
2625,5.473354355903458,1.3190065633404928e-05
2626,5.534735528214151,1.2788682205380191e-05
2627,5.5933268862597805,1.2176392051461255e-05
2628,5.636338122883854,1.1741163733235427e-05
2629,5.657659236849237,1.1521854942383332e-05
2630,5.650878911597439,1.148607641408313e-05
2631,5.608341491971346,1.155991995613928e-05
2632,5.493043162448546,1.2473547317555314e-05
2633,5.424870678420334,1.355951244056375e-05
2634,5.647814303590733,1.1715117471567598e-05
2635,5.674805420629127,1.1357751543783694e-05
2636,5.677296671361795,1.1197611075358822e-05
2637,5.6523297028051385,1.1171512810782703e-05
2638,5.596757499706016,1.143972863169044e-05
2639,5.486819588244024,1.2178583861219196e-05
2640,5.73911076421629,1.0593650203069737e-05
2641,5.7341202747643605,1.0523617381585483e-05
2642,5.701730604549246,1.0676734146774101e-05
2643,5.647664624732952,1.0893040763824225e-05
2644,5.79053118303329,1.0172790901969481e-05
2645,5.756266637349114,1.0264351282399382e-05
2646,5.346206902670282,1.4187041828183104e-05
2647,5.42416242619118,1.3509414699797137e-05
2648,5.538031308775698,1.2635344277461865e-05
2649,5.654486670861534,1.1692717736799089e-05
2650,5.750973952448989,1.1044691083548721e-05
2651,5.817788658601344,1.0683893175384818e-05
2652,5.851803127306539,1.0418480321428618e-05
2653,5.3940537550711625,1.3783250994858415e-05
2654,5.471213187158264,1.3220535200675765e-05
2655,5.570989776475731,1.2362313629950853e-05
2656,5.666094980410619,1.1639398068660975e-05
2657,5.738512499193658,1.1154245354496869e-05
2658,5.779811080615965,1.0878593792341335e-05
2659,5.783048764848635,1.0790946670771074e-05
2660,5.751265509980788,1.1038571234413192e-05
2661,5.685467752985209,1.1471610205297384e-05
2662,5.593541366644191,1.2106456946248994e-05
2663,5.497301380007311,1.297803083846831e-05
2664,5.4345622754404665,1.3517513232395948e-05
2665,5.461991913685112,1.3334088727237791e-05
2666,5.524383554363296,1.2813248587525978e-05
2667,5.597206706575147,1.2133295423992534e-05
2668,5.6604645002846254,1.16128943449198e-05
2669,5.6993446316283345,1.1285079437308381e-05
2670,5.705116818541007,1.1223913667996918e-05
2671,5.664726039407052,1.1457106433737636e-05
2672,5.5995238959127525,1.2017071241137312e-05
2673,5.523692699360971,1.270821586802538e-05
2674,5.482492832200567,1.3103214771499121e-05
2675,5.538051429143604,1.2779228070019368e-05
2676,5.576601536797316,1.2353212589720086e-05
2677,5.612749267430133,1.1922821534021608e-05
2678,5.633123751667247,1.168687044248375e-05
2679,5.625571041110426,1.1628188327183612e-05
2680,5.567377401718287,1.1973219978347431e-05
2681,5.495934605102521,1.2754364605749467e-05
2682,5.4704964312805,1.3190423237666094e-05
2683,5.6129336675302985,1.1971075461715226e-05
2684,5.622762924026909,1.173301227214946e-05
2685,5.616824222846575,1.1638324108068427e-05
2686,5.585903473178727,1.1719855713549868e-05
2687,5.501231041284655,1.2190714530421684e-05
2688,5.382089708759477,1.3776194282618385e-05
2689,5.675681917140173,1.1126910720381676e-05
2690,5.656283315309867,1.1132029283661951e-05
2691,5.614441781573851,1.1259057854357972e-05
2692,5.552972208241568,1.1671005796640637e-05
2693,5.71257373692068,1.0593046091672334e-05
2694,5.669297047358573,1.0785838653962912e-05
2695,5.480425532039109,1.318164860363739e-05
2696,5.528614605764823,1.266979467542497e-05
2697,5.6003370726296895,1.2087290821977157e-05
2698,5.664023398981191,1.1531975068654327e-05
2699,5.700297438159945,1.1250185374592218e-05
2700,5.5266080677775395,1.2819072098547387e-05
2701,5.551959180662591,1.2515232409878897e-05
2702,5.589039764571802,1.203826092483907e-05
2703,5.614063971612192,1.1743937542169739e-05
2704,5.606461837079343,1.1689994991037729e-05
2705,5.5706400255305395,1.2092391397199272e-05
2706,5.522998247456933,1.2681437439024305e-05
2707,5.503749112808333,1.2951152111645625e-05
2708,5.568321667995651,1.2297227416074153e-05
2709,5.565266332355929,1.2147156041793172e-05
2710,5.557888394616766,1.1970171228287216e-05
2711,5.530231701155658,1.2044183865837764e-05
2712,5.46618064578727,1.2722710199896101e-05
2713,5.454679698979697,1.3153072818635788e-05
2714,5.601419135256783,1.1778930942678726e-05
2715,5.5697884558666795,1.1729859461293801e-05
2716,5.519287448099582,1.1928322246335225e-05
2717,5.4323677945639846,1.247661881828675e-05
2718,5.6207202737830375,1.1207806949481578e-05
2719,5.570696188126858,1.1524826397307195e-05
2720,5.515965319437205,1.2639187497226934e-05
2721,5.506880596130577,1.2555571286622268e-05
2722,5.515752873052969,1.222546007881863e-05
2723,5.519850283640331,1.2410585882387677e-05
2724,5.479392251993624,1.242294780061504e-05
2725,5.430571293355099,1.2683252534049558e-05
2726,5.429937982413999,1.3003754300456822e-05
2727,5.5197049592617935,1.18748689312158e-05
2728,5.462314807233656,1.224482659444478e-05
2729,5.409395379627397,1.2736728980239718e-05
