Mode_Index,Frequency_THz,Cv_QPA_eV_K
0,0.0,0.0
1,0.204959477882735,8.611254033160447e-05
2,0.40530189983257375,8.593371137939619e-05
3,0.5968863273401476,8.564648514101352e-05
4,0.7764727143134307,8.528366332198671e-05
5,0.9421279523995434,8.48464287896701e-05
6,1.0936548335042755,8.435783173722845e-05
7,1.232967740605677,8.378254846490041e-05
8,1.3641631054882104,8.319134696280286e-05
9,1.4929875380694195,8.249250505236356e-05
10,1.6256278990098643,8.167152172233155e-05
11,1.7670180564806104,8.02351432103514e-05
12,1.9161047098584156,7.819295837763836e-05
13,0.1698143054575843,8.61292062139186e-05
14,0.3104351973785022,8.602885152440925e-05
15,0.487141394748063,8.581989178186243e-05
16,0.6620462513252287,8.55193377330695e-05
17,0.8261650554963702,8.51552495903017e-05
18,0.9763556912749605,8.47437432996108e-05
19,1.1124922565967879,8.428036504295584e-05
20,1.2370065158063706,8.376155748848027e-05
21,1.3545325369084715,8.321221809269117e-05
22,1.4711361534153466,8.258380778602463e-05
23,1.5931140672489956,8.171127280833112e-05
24,1.7255649833550442,8.042137025635073e-05
25,1.8556344640476086,7.975896724219509e-05
26,1.705987677579987,8.104780725051564e-05
27,1.5708718131744086,8.200573622216552e-05
28,1.4456110797211585,8.282255818827966e-05
29,1.3240258347138103,8.341694191207929e-05
30,1.1994925270448638,8.395808979886043e-05
31,1.0661515372378838,8.445487253084543e-05
32,0.9198932301734833,8.490185759764879e-05
33,0.7589435972151097,8.530897230653329e-05
34,0.5843852803138491,8.565901152446879e-05
35,0.40258185750301345,8.592717628201372e-05
36,0.24265602945974396,8.608282955052913e-05
37,0.32225641342876393,8.601427034310258e-05
38,0.4288265343568974,8.589276391906231e-05
39,0.5721709918203509,8.567797228378414e-05
40,0.7213789982957843,8.5389749095025e-05
41,0.8643115880721519,8.505284479708646e-05
42,0.9965128067837582,8.467403080049819e-05
43,1.1176824460318722,8.42496719394479e-05
44,1.230459770805392,8.379787284015509e-05
45,1.3395529732956568,8.323279778930427e-05
46,1.4506581484370475,8.265655682269282e-05
47,1.569194751065806,8.171477227249224e-05
48,1.6990415749479144,8.041281075290877e-05
49,1.6738955841366199,8.153974523301184e-05
50,1.5334230975156276,8.240938063357908e-05
51,1.405036903004025,8.306167317947691e-05
52,1.2832361991276773,8.359520465159359e-05
53,1.1615117642099184,8.410230504037396e-05
54,1.034111734787689,8.45404944247757e-05
55,0.8975169120917379,8.494563574677721e-05
56,0.7519009917790682,8.530433696796875e-05
57,0.6037919719899114,8.560757314638694e-05
58,0.4730662910106407,8.582483756618424e-05
59,0.44465367777830306,8.586878217384904e-05
60,0.5245299702101881,8.575110193522133e-05
61,0.6382025755977577,8.555182049453327e-05
62,0.7628671556961608,8.529163467299055e-05
63,0.8867022129100418,8.499115911180096e-05
64,1.0048789549124684,8.464467878529384e-05
65,1.1169092913718546,8.427172627181112e-05
66,1.225123981494564,8.381709912127533e-05
67,1.33341760419299,8.331431004303627e-05
68,1.4459981916526212,8.262357213031137e-05
69,1.5663033875118388,8.179420919301035e-05
70,1.6401307929314992,8.184305101344502e-05
71,1.489061782613534,8.268298298840494e-05
72,1.3533546154183091,8.332407358019289e-05
73,1.23034421667727,8.384937732583392e-05
74,1.1146843000153168,8.426172424761053e-05
75,1.0011528650622696,8.463799272516575e-05
76,0.8870900263964936,8.496000979633159e-05
77,0.7747155219881647,8.523981237458412e-05
78,0.6738355902319384,8.546250604934345e-05
79,0.5321730140887645,8.573709505614606e-05
80,0.590538841781441,8.563827546960934e-05
81,0.6817356718900874,8.546283584361531e-05
82,0.7886407767311726,8.523290143578862e-05
83,0.9005496182858759,8.494923249688705e-05
84,1.0124376008345826,8.462311827137149e-05
85,1.1231602346561662,8.425220794530416e-05
86,1.233881430990304,8.378141039344631e-05
87,1.346715805171485,8.323415986531994e-05
88,1.4636526630038396,8.259865536375729e-05
89,1.5859602325612554,8.174014623552082e-05
90,1.4361163247388675,8.294690579842521e-05
91,1.2922036064609639,8.358241728138658e-05
92,1.169244346590464,8.407057765057033e-05
93,1.0642165031101927,8.443904854375107e-05
94,0.9728060468017161,8.471753659420476e-05
95,0.8924246357325735,8.493808035076732e-05
96,0.8243997886042213,8.51123653866981e-05
97,0.5892301264407356,8.564143434793695e-05
98,0.6335601818796113,8.555922082154448e-05
99,0.7118321791161148,8.54038352487741e-05
100,0.8101957166826085,8.518004650163133e-05
101,0.9185146047507854,8.490035009102997e-05
102,1.03113804197321,8.455769858785987e-05
103,1.1457026045013077,8.416505626998752e-05
104,1.2616812418283527,8.366007904681344e-05
105,1.379184181484832,8.313939664181589e-05
106,1.4982605662199886,8.251009026821277e-05
107,1.380137493015077,8.323730626926557e-05
108,1.230390868492499,8.383616236664934e-05
109,1.1105632687653848,8.428214102756283e-05
110,1.0205596016200262,8.45774042589792e-05
111,0.9568003137088078,8.476078252648713e-05
112,0.9150929082785465,8.487359292671566e-05
113,0.6287141307906505,8.557065173746633e-05
114,0.6681509469731781,8.549871240575842e-05
115,0.7426897213532434,8.533232328927635e-05
116,0.8398214544095062,8.510582415048963e-05
117,0.9494363488187177,8.481016259258188e-05
118,1.0651665511683295,8.445354881703739e-05
119,1.1834837469305697,8.399856836861991e-05
120,1.3024024638664227,8.349583015464103e-05
121,1.4205451898420176,8.297979044264093e-05
122,1.326758178128922,8.345967084184829e-05
123,1.1772373693241107,8.402677146063086e-05
124,1.0661118726429661,8.442803814930824e-05
125,0.995542853216889,8.464934555045063e-05
126,0.9615629656977291,8.475122790675734e-05
127,0.6668371706644376,8.550083278952555e-05
128,0.7082703023122544,8.541473895284236e-05
129,0.7837459147310247,8.524658462517057e-05
130,0.8815441971241684,8.49970538056748e-05
131,0.9919369918754908,8.468186549796854e-05
132,1.1083550419947776,8.429654493352652e-05
133,1.2265638075633039,8.384753870095954e-05
134,1.3436003294942624,8.33633657743665e-05
135,1.2816789545898122,8.362790993899189e-05
136,1.142247270950156,8.415051419968913e-05
137,1.0480373705476305,8.448088907372305e-05
138,1.0011522639340498,8.463818625693706e-05
139,0.7137882866315108,8.540207967646172e-05
140,0.7581870830001672,8.53011985853216e-05
141,0.8333350748094281,8.512204455826268e-05
142,0.9289867022273336,8.485631393777057e-05
143,1.0364360677949156,8.453167238557378e-05
144,1.1492788401049787,8.416424663044425e-05
145,1.2627988934105805,8.372430388077943e-05
146,1.2628557650421701,8.370029334481463e-05
147,1.1361295460827903,8.416559128404429e-05
148,1.0683726074940885,8.439073507691364e-05
149,0.7677785316132039,8.528417103945291e-05
150,0.8111181850989668,8.516921120036102e-05
151,0.8817125870328332,8.498599417079621e-05
152,0.971263635982012,8.473419535958534e-05
153,1.072082963923233,8.441804115868767e-05
154,1.1777728187554932,8.405836187554009e-05
155,1.2533583614033166,8.375112704897097e-05
156,1.1697392535282631,8.4058809311114e-05
157,0.8188754937914712,8.515270761487105e-05
158,0.8562491939959951,8.505229404782367e-05
159,0.9187417330193676,8.488566308289752e-05
160,0.9995761864326136,8.465355653048145e-05
161,1.0915143284351934,8.436391406405312e-05
162,1.1878818779181157,8.400990621379358e-05
163,0.8571944498987955,8.504803170720987e-05
164,0.8855922033115615,8.497735023246188e-05
165,0.9383605690035847,8.482721299410725e-05
166,1.009418813058528,8.462155041403057e-05
167,0.8772341840215697,8.49996478755129e-05
168,0.8956319777119629,8.495635855984262e-05
169,0.37028266432656753,8.596178853996825e-05
170,0.5070597544464462,8.577729496960837e-05
171,0.6667053281419746,8.54967624117855e-05
172,0.8226873648137426,8.515136766600956e-05
173,0.9669292767886136,8.47595644538196e-05
174,1.09816685003952,8.431933145615589e-05
175,1.218852634228238,8.385884665608893e-05
176,1.3338924399417607,8.333442516617783e-05
177,1.4493773065381454,8.270218501060464e-05
178,1.5706367784065636,8.197306744498613e-05
179,1.6944058975683665,8.062367218109037e-05
180,0.4849202668777687,8.580859022880207e-05
181,0.5966800318169965,8.562343963840644e-05
182,0.7302975092516794,8.535768845385572e-05
183,0.8633817367762934,8.504291770290771e-05
184,0.9882536964021653,8.469800107056065e-05
185,1.104140796082001,8.430330644033128e-05
186,1.2138593426943802,8.384691522996635e-05
187,1.3219945069117454,8.337865399122148e-05
188,1.432908001250944,8.275214010805201e-05
189,1.5459996759765084,8.193020495302243e-05
190,1.6175235988005716,8.131662509315041e-05
191,1.5335659222066282,8.224411711180644e-05
192,1.411714856772483,8.29848295168041e-05
193,1.2940543249152983,8.355959977468923e-05
194,1.1802908194552213,8.401841521388096e-05
195,1.0653790215849626,8.44362396197242e-05
196,0.944970282702868,8.480951131321642e-05
197,0.8181407567473918,8.514345043929889e-05
198,0.6901424137602727,8.543203214155903e-05
199,0.5766528088642987,8.565403273334975e-05
200,0.5697339158387619,8.567024513239513e-05
201,0.6598796332271687,8.550235200862236e-05
202,0.7712097374341376,8.526145493469144e-05
203,0.8860181219927982,8.498006887645066e-05
204,0.9979814771394544,8.466536379119796e-05
205,1.1064004529766935,8.429001620111237e-05
206,1.213309724335034,8.387929190648827e-05
207,1.3213988154245433,8.33722827077884e-05
208,1.430732192750695,8.276531952507834e-05
209,1.5227287793131674,8.21935289081902e-05
210,1.4835230048601176,8.256187511523575e-05
211,1.3611799607799713,8.32648542857399e-05
212,1.2405700215610735,8.378543032429548e-05
213,1.130421412986824,8.420185454461587e-05
214,1.0278006910954571,8.455680711045075e-05
215,0.9292360198780815,8.484249533616796e-05
216,0.8348121991573915,8.509117872208912e-05
217,0.750764460760026,8.5290883128511e-05
218,0.6258259321918819,8.557073235496397e-05
219,0.7011254808872515,8.542054406625626e-05
220,0.7984906617774217,8.52028074888934e-05
221,0.9039875764144252,8.493376803066054e-05
222,1.0118776660518252,8.461914779941127e-05
223,1.120597294489242,8.423205436224012e-05
224,1.230341607331978,8.379497735627595e-05
225,1.340397027981413,8.332882470353232e-05
226,1.4397802373682937,8.277772222926538e-05
227,1.4319217053362083,8.294674949089662e-05
228,1.307160163271825,8.354099476296745e-05
229,1.1837044330845203,8.402462512736077e-05
230,1.079998125034775,8.438995087823163e-05
231,0.9953597830154283,8.46494081035948e-05
232,0.9265477474216415,8.484947223915373e-05
233,0.872301460492855,8.499013713047226e-05
234,0.6648420042978376,8.549245774974066e-05
235,0.7340798177207364,8.535560307095239e-05
236,0.8265300394794749,8.513517336478462e-05
237,0.9304561500549268,8.48621251037843e-05
238,1.0398788287421827,8.452623123188916e-05
239,1.1518891387350796,8.413229414743827e-05
240,1.2642603258769296,8.366766546206369e-05
241,1.3692054621036995,8.320495017610502e-05
242,1.3851730802933715,8.314291202846208e-05
243,1.2573167054253496,8.373948746164031e-05
244,1.1336567573235208,8.420840515035922e-05
245,1.0401941476295211,8.451006824302344e-05
246,0.9775275812702446,8.47051294393374e-05
247,0.9412727813776319,8.480861858300897e-05
248,0.7024107148259628,8.542582432130515e-05
249,0.7723764798810974,8.526390665460713e-05
250,0.8649856442702336,8.503273414286662e-05
251,0.9699248807824179,8.474341334597626e-05
252,1.080988444863937,8.438564930944891e-05
253,1.1940561742508486,8.398137906957848e-05
254,1.3029475954887684,8.355667362454214e-05
255,1.353020611581497,8.331482303107084e-05
256,1.2167189661372013,8.389016636052163e-05
257,1.0994398503743756,8.430497576262609e-05
258,1.0216852645846244,8.457383939072619e-05
259,0.9833462869446139,8.469338624370802e-05
260,0.7485876083625054,8.532459807552427e-05
261,0.8205062441989583,8.514831743567873e-05
262,0.9126612204875559,8.490355364209172e-05
263,1.0163618947706257,8.459357140156747e-05
264,1.125600712415509,8.423130115068572e-05
265,1.234819184488242,8.382796383543086e-05
266,1.309695727196988,8.350165127668865e-05
267,1.1915347310297015,8.39859591365596e-05
268,1.090932506823817,8.433386774629923e-05
269,1.0353816540420013,8.451057419902805e-05
270,0.8018391915392223,8.519487540107243e-05
271,0.8721921412596285,8.500989779038067e-05
272,0.9601740580699327,8.475949229068225e-05
273,1.0588696214956057,8.445349871230163e-05
274,1.1626056227647739,8.410636585377998e-05
275,1.2598304781740146,8.372201381839776e-05
276,1.191182482465988,8.398466477625728e-05
277,1.1190000886916454,8.423223786733695e-05
278,0.8525169841607696,8.506028074953437e-05
279,0.9168358810645768,8.488179856410996e-05
280,0.9972551406115814,8.464585594772031e-05
281,1.088301077191922,8.435885882446438e-05
282,1.1850132983491821,8.403423801999259e-05
283,1.2300551575597671,8.383803114293401e-05
284,0.8907548291795165,8.495395467677094e-05
285,0.9461990543565032,8.480414905197284e-05
286,1.0172945554695396,8.459708374904871e-05
287,1.0991334457554,8.43357799287205e-05
288,0.9108505778845117,8.490403560906897e-05
289,0.9563228232555863,8.477590301642699e-05
290,0.6570423438383566,8.55011537765937e-05
291,0.7519579757740478,8.529530922612552e-05
292,0.8597322037959757,8.503452108840691e-05
293,0.9680340996866534,8.474587160001646e-05
294,1.0734370002255331,8.440820357897464e-05
295,1.1777230912709888,8.402750025024964e-05
296,1.284336559161958,8.356283585119317e-05
297,1.3935531863105906,8.298868438052358e-05
298,1.4875171873922357,8.247136504023298e-05
299,0.7112285072817562,8.538792738562625e-05
300,0.7921728616395455,8.520401042398972e-05
301,0.8860491697799416,8.496972744632012e-05
302,0.9836188962846636,8.46946617716242e-05
303,1.0825940694805585,8.438468311516644e-05
304,1.183933453387066,8.400652159618722e-05
305,1.2876545526606022,8.355356399458575e-05
306,1.3839134058427458,8.306707772643238e-05
307,1.4209821888903922,8.28454955354732e-05
308,1.345784408003664,8.328509656893037e-05
309,1.2379206912952643,8.377118633024046e-05
310,1.1342053567729213,8.420523885263108e-05
311,1.0398420975320215,8.452061447957214e-05
312,0.9529750031656768,8.477818061626955e-05
313,0.8725959337432118,8.499583709068591e-05
314,0.8024537457519698,8.517401688238296e-05
315,0.7490443905294614,8.530768641039117e-05
316,0.8239831577279986,8.512677068226686e-05
317,0.9127173464782372,8.489802216613247e-05
318,1.007925455702144,8.4620317104545e-05
319,1.1070988251852907,8.429519238844408e-05
320,1.2088823742506407,8.391684442816642e-05
321,1.306680652505756,8.349154852589649e-05
322,1.3662991082231075,8.322087821415573e-05
323,1.303510037757654,8.352999680014784e-05
324,1.1950860654101316,8.3985598996014e-05
325,1.0954967150395496,8.433946270344046e-05
326,1.0146849704902037,8.459814485914386e-05
327,0.9514982695430988,8.478245550934964e-05
328,0.9039322286914155,8.490981341693606e-05
329,0.7852978048191395,8.522802717523703e-05
330,0.8609875950687728,8.503495954152516e-05
331,0.950164354881944,8.47905430464979e-05
332,1.0465190085172924,8.4503832457927e-05
333,1.1466936882741965,8.414899666812618e-05
334,1.2455271117115758,8.37803144953993e-05
335,1.3183996205769128,8.347799383598448e-05
336,1.2707183553661496,8.368336884779594e-05
337,1.1622400688478178,8.410420237519628e-05
338,1.069816803002636,8.442182582610834e-05
339,1.0057360427965145,8.462166011683395e-05
340,0.9678283024776293,8.47323195454554e-05
341,0.8299292212568443,8.511866596270684e-05
342,0.9080156143860383,8.49054990157932e-05
343,0.9976657678450407,8.464510522263152e-05
344,1.0935309485698121,8.434301148609e-05
345,1.1910868365522325,8.39970012921371e-05
346,1.2744901309610728,8.367462689738818e-05
347,1.246688524536956,8.37711789278416e-05
348,1.1432270789136367,8.416745139516136e-05
349,1.0639125445435371,8.442352553069591e-05
350,1.019710241663397,8.457064136048741e-05
351,0.8818986111500376,8.497943269704337e-05
352,0.9592912798724376,8.475870423502856e-05
353,1.0460285505967726,8.449594575996443e-05
354,1.1378859714403855,8.419248499814133e-05
355,1.2272218101205856,8.386943054787069e-05
356,1.2409332567496638,8.379486994887488e-05
357,1.1444005306963774,8.414503173569945e-05
358,1.0860783116172632,8.436417372842067e-05
359,0.9320379983554444,8.483444011926104e-05
360,1.0043462700024475,8.461786617041314e-05
361,1.0848490274847111,8.437125539383437e-05
362,1.17094957641836,8.407055030522934e-05
363,1.237805230431939,8.38129096505417e-05
364,1.1753981913538547,8.404058447211494e-05
365,0.9704130158365433,8.473073780085799e-05
366,1.0345427013862556,8.453732601541865e-05
367,1.1072346647249944,8.429935992750397e-05
368,1.187851706278934,8.401638689189212e-05
369,0.9908089242388574,8.46714520850947e-05
370,1.0451656599235013,8.450711380342133e-05
371,0.8380120879107958,8.508496294307946e-05
372,0.9017815591918928,8.491866152955276e-05
373,0.9764507110731698,8.471798262050648e-05
374,1.0596049170143804,8.445451342222135e-05
375,1.1514929501972124,8.413535242431038e-05
376,1.2494255843496518,8.37444135814296e-05
377,1.3331152292180186,8.334856369150923e-05
378,0.8721917978032613,8.500221180243914e-05
379,0.9367472696172978,8.482357724494218e-05
380,1.011981502397262,8.460433209984955e-05
381,1.0956633276649648,8.432770463482073e-05
382,1.1857579822588946,8.402407482985254e-05
383,1.2703541143183192,8.368752783576511e-05
384,1.294452460395584,8.354898681969713e-05
385,1.2191781917122204,8.387156181348585e-05
386,1.1267978973833632,8.423191322198326e-05
387,1.0469105237885656,8.44969525442819e-05
388,0.9833174771942803,8.468802743182852e-05
389,0.9348656201955482,8.483043244033971e-05
390,0.915178284401289,8.488421785308627e-05
391,0.9828073096847629,8.469162047632813e-05
392,1.0592783851838365,8.444915311089045e-05
393,1.1421491719812626,8.417194015711728e-05
394,1.224752884370095,8.387227133533571e-05
395,1.2688903379771233,8.368748562063108e-05
396,1.1994283271239192,8.396528116797986e-05
397,1.1141734435240507,8.426345533267601e-05
398,1.0491027524634482,8.448282644987689e-05
399,1.00664699698936,8.461210352956397e-05
400,0.9663216076187043,8.473258166371746e-05
401,1.0343242707761586,8.452374594827353e-05
402,1.1088368353610405,8.428552526211467e-05
403,1.1867393302056048,8.401605215295247e-05
404,1.2444287326788717,8.378581861331963e-05
405,1.189950551905042,8.398702990336392e-05
406,1.1169332793640323,8.424827322090007e-05
407,1.0704624139152035,8.440373467734309e-05
408,1.0166122521806167,8.457786647106155e-05
409,1.080545477982661,8.437534632238611e-05
410,1.1498237557540665,8.414873916258759e-05
411,1.2183083843242775,8.39068215563441e-05
412,1.1944948993345812,8.396729195996062e-05
413,1.1416470207879188,8.417152259017196e-05
414,1.0557511895153153,8.446270751864817e-05
415,1.1123078541092988,8.427800061496326e-05
416,1.1765881436844754,8.405937614099743e-05
417,1.2312415919295256,8.384774002036336e-05
418,1.0768110751514748,8.439704160492834e-05
419,1.124062431666578,8.42449713066729e-05
420,0.9759604645104144,8.470910454719411e-05
421,1.0281839016617995,8.454823357732379e-05
422,1.093169162486979,8.434095608432638e-05
423,1.1701752691582445,8.407249903438968e-05
424,1.2443343897666352,8.379190325002459e-05
425,1.0267755382971397,8.454842927682226e-05
426,1.080281114619368,8.437581900524965e-05
427,1.143330724113987,8.416140958894294e-05
428,1.2106741267534893,8.391644622036856e-05
429,1.2280985784682747,8.383492480349226e-05
430,1.163615754519562,8.40896952699349e-05
431,1.1017797052857374,8.430785478172232e-05
432,1.057397213545226,8.445226672033581e-05
433,1.0779701891428572,8.438401835862767e-05
434,1.1280873108900353,8.421970063608732e-05
435,1.1851265356587974,8.402570312154673e-05
436,1.2221296606079108,8.386721934477128e-05
437,1.1673901135175213,8.408319562702825e-05
438,1.1246789142006157,8.423063596269468e-05
439,1.1184924694119218,8.425374695906221e-05
440,1.1617173392386422,8.411100921754748e-05
441,1.2125370227891394,8.392989179011048e-05
442,1.18765094250414,8.400570723644025e-05
443,1.1405401156657586,8.418091184286471e-05
444,1.1755356502951042,8.40595396940693e-05
445,1.1100148163751518,8.427843104158851e-05
446,1.151181261634126,8.413831661318967e-05
447,1.202945761501471,8.39502644086173e-05
448,1.152359578942632,8.414319744197873e-05
449,1.186155286472913,8.401869774183922e-05
450,1.2012860571492716,8.396437024012053e-05
451,1.1689893639786717,8.408262074013449e-05
452,1.1756202413065127,8.405813186322126e-05
453,1.203138168686823,8.396509738203337e-05
454,1.1935278769242987,8.399360213293158e-05
455,0.0,0.0
456,0.204959477882735,8.611254514204833e-05
457,0.40530189983257375,8.593392943008717e-05
458,0.5968863273401476,8.564767364463278e-05
459,0.7764727143134307,8.528016825599953e-05
460,0.9421279523995434,8.484866408607308e-05
461,1.0936548335042755,8.434624541866378e-05
462,1.232967740605677,8.380443051558286e-05
463,1.3641631054882104,8.317915109193882e-05
464,1.4929875380694195,8.243232153721142e-05
465,1.6256278990098643,8.162011634224208e-05
466,1.7670180564806104,8.022753129613266e-05
467,1.9161047098584156,7.825510021411999e-05
468,0.1698143054575843,8.612925799171541e-05
469,0.34612369167514045,8.599548644383452e-05
470,0.5551721045078989,8.571773855878633e-05
471,0.7515000475323464,8.533824478293053e-05
472,0.9336644122681971,8.487440620263385e-05
473,1.1030855292585915,8.433051865790084e-05
474,1.2624808055455423,8.368737505625298e-05
475,1.416137380801537,8.298138764038675e-05
476,1.569555922492249,8.212787008845716e-05
477,1.728291920276739,8.101694558187125e-05
478,1.8964945656439502,7.959427033039655e-05
479,2.0203544682176875,7.835449364333994e-05
480,1.8696446508710678,7.896901077448971e-05
481,1.9533906020526663,7.727792097327458e-05
482,1.8068058659718156,7.987375965379645e-05
483,1.6512039312520417,8.136637425347459e-05
484,1.503429038963088,8.246049772198954e-05
485,1.359948707423308,8.321267928884452e-05
486,1.2151428964343574,8.38792212119742e-05
487,1.0639026987412927,8.446389041454684e-05
488,0.9030108192920486,8.496954913915906e-05
489,0.7316450830675153,8.53867619981287e-05
490,0.5515987311467241,8.573133727247818e-05
491,0.36879274869582795,8.597745479257909e-05
492,0.32225641342876393,8.601382660146577e-05
493,0.46103131395631225,8.585094475031638e-05
494,0.6583231201654219,8.552239160339506e-05
495,0.8621213227326473,8.506357841139167e-05
496,1.0615491105090464,8.448107578406647e-05
497,1.2559027385334534,8.375249484292421e-05
498,1.4473942267162339,8.291969955657625e-05
499,1.6388355263426402,8.19261650994708e-05
500,1.830839315984415,8.081379181111594e-05
501,2.00499786081511,7.975438722898843e-05
502,1.9822160005003369,7.973113864099122e-05
503,1.8290991253859448,8.054842286459961e-05
504,1.8402341479230098,7.910881871166947e-05
505,1.9537539830271844,7.707074013247043e-05
506,1.8311383124182545,7.955231999449863e-05
507,1.6610311330583363,8.128181653357945e-05
508,1.4988202644985005,8.255146698334491e-05
509,1.3436688369437415,8.329437212645434e-05
510,1.1907211767972392,8.397783180490263e-05
511,1.035619670577705,8.455752474246737e-05
512,0.87618817492289,8.50387220942127e-05
513,0.7131866120325331,8.542516591779502e-05
514,0.44465367777830306,8.586735151645276e-05
515,0.5566795305246324,8.569760191641405e-05
516,0.7416523527764243,8.533812450997033e-05
517,0.9543319946569603,8.479353722985339e-05
518,1.1769967073149428,8.406613402318207e-05
519,1.4025719086989386,8.316616165598113e-05
520,1.625721343651602,8.213561565360322e-05
521,1.8344342505431952,8.099400662683414e-05
522,1.978287306885047,7.998932153613705e-05
523,1.943513936481608,8.011474225734246e-05
524,1.8030199836785112,8.089384070536225e-05
525,1.6962008120024694,8.059557675932916e-05
526,1.8340728781040592,7.931560239647468e-05
527,1.9466211391257338,7.74940107118431e-05
528,1.8382846367433852,7.92779726364013e-05
529,1.6569573760786158,8.1219683336342e-05
530,1.4854037930944701,8.259495143372301e-05
531,1.3255970121528584,8.335316988109513e-05
532,1.173107921483323,8.403945944211242e-05
533,1.0238783456933822,8.459760429014709e-05
534,0.5321730140887645,8.573757320942514e-05
535,0.6268514812860072,8.556958960504698e-05
536,0.808778055963638,8.517606791296221e-05
537,1.0343172619107748,8.45465284204521e-05
538,1.277474082266564,8.367392358082005e-05
539,1.5210882731851336,8.26349057721315e-05
540,1.7446887850775077,8.149985994541032e-05
541,1.9000678121586356,8.040393477141031e-05
542,1.897191764562307,8.040471444238176e-05
543,1.77048624640891,8.114494810453151e-05
544,1.5992311620219415,8.216105595120518e-05
545,1.7139619115951368,8.072788307677589e-05
546,1.845291455394698,7.920484747200714e-05
547,1.9466781595671951,7.706553187842807e-05
548,1.835689524677954,7.920362528972231e-05
549,1.6479685483998485,8.13799303647706e-05
550,1.474384044731982,8.253239852819547e-05
551,1.3177812070159505,8.339463396931945e-05
552,0.5892301264407356,8.563990739906246e-05
553,0.6764332191736394,8.547288463197268e-05
554,0.8641173311880513,8.503730635282767e-05
555,1.1028201530332407,8.431384499223233e-05
556,1.3569097852737129,8.334664412731436e-05
557,1.5983549949616274,8.225842055402261e-05
558,1.786322803049425,8.11341564855005e-05
559,1.8358420062542822,8.068797531631505e-05
560,1.7299618598833286,8.127319472027656e-05
561,1.5681573571833507,8.231800419702286e-05
562,1.6188115951916304,8.16897335388122e-05
563,1.7407715840406583,8.071277889707639e-05
564,1.8622983610923378,7.910192549572995e-05
565,1.9499392968722795,7.704006705946265e-05
566,1.8317760621907182,7.90268430425675e-05
567,1.6436188676783887,8.138116545446771e-05
568,0.6287141307906505,8.557329631595013e-05
569,0.717442634367167,8.539059371137505e-05
570,0.9146987526267674,8.489913041159214e-05
571,1.1621441157650223,8.409284331353868e-05
572,1.416238364135464,8.307956480677699e-05
573,1.6379524599155428,8.196274817386176e-05
574,1.7521880959678229,8.122475981314783e-05
575,1.6803429365573275,8.151330644651453e-05
576,1.5190934294256033,8.254919358210985e-05
577,1.5368491349389393,8.238753492876911e-05
578,1.6508924172819281,8.153400105230399e-05
579,1.7633300767589999,8.04157833984481e-05
580,1.8740112911432636,7.879285605494906e-05
581,1.9515869595614845,7.708728952244802e-05
582,0.6668371706644376,8.550077127321412e-05
583,0.7616912080456026,8.529351869630555e-05
584,0.9659666480096902,8.475002081640477e-05
585,1.214946730964179,8.389259007631092e-05
586,1.4593250882673552,8.284377576008054e-05
587,1.6375717628832167,8.186496971369347e-05
588,1.6207163042547745,8.187738015385077e-05
589,1.4664658502863797,8.276857422319615e-05
590,1.4572197653533736,8.28549764670073e-05
591,1.566035457645426,8.21630902886153e-05
592,1.6701947940336397,8.144244139741098e-05
593,1.7719913285507967,8.028659398298394e-05
594,0.7137882866315108,8.540274062518761e-05
595,0.8129573008396398,8.517189907967534e-05
596,1.017645342035946,8.458222782228206e-05
597,1.2610690560003135,8.368073393016446e-05
598,1.4848068552649085,8.264991942740503e-05
599,1.5505712689816007,8.224880482342015e-05
600,1.414872080541983,8.302294848656746e-05
601,1.3733595854860188,8.324890371531372e-05
602,1.4783577099637668,8.274048337139201e-05
603,1.5767902136642857,8.215294697481292e-05
604,0.7677785316132039,8.52825017328857e-05
605,0.8655456716811678,8.503455344400811e-05
606,1.0644879205388733,8.440559071061091e-05
607,1.2980057097282898,8.350757385285358e-05
608,1.465029917147548,8.272203697961391e-05
609,1.3737202028941051,8.323958964001784e-05
610,1.2831215370630114,8.364624033133772e-05
611,1.3841076519043103,8.318632387895579e-05
612,0.8188754937914712,8.514727043373196e-05
613,0.910104557391587,8.489554656010698e-05
614,1.1009757208808484,8.428522956445125e-05
615,1.3253638554133418,8.343705815622676e-05
616,1.3567122768541247,8.331629548683238e-05
617,1.2835739305324119,8.365401362429407e-05
618,0.8571944498987955,8.50399344044689e-05
619,0.9396573314897539,8.481830888739173e-05
620,1.1239362851403734,8.422129663094917e-05
621,1.3530962561752442,8.332436681908497e-05
622,0.8772341840215697,8.499837548791946e-05
623,0.9502559485516934,8.479336845779662e-05
624,0.49732692977070064,8.581003995150146e-05
625,0.6793438470010733,8.549283816277854e-05
626,0.8602605095577375,8.5076209700069e-05
627,1.0355149924617744,8.457169863416991e-05
628,1.2052846302888052,8.394456420050814e-05
629,1.3721597314897684,8.321707372322222e-05
630,1.540265126502243,8.236422124168738e-05
631,1.7140911788314652,8.123048175088276e-05
632,1.8968412862790256,7.987065382011424e-05
633,2.046954399913005,7.865860196099803e-05
634,1.891450291370552,7.992417034743382e-05
635,0.590506715719558,8.565124117858945e-05
636,0.7654028152734449,8.530193465194833e-05
637,0.9553148421615442,8.480658113536731e-05
638,1.1524090479595086,8.415639252531782e-05
639,1.3539621832065198,8.336483763497117e-05
640,1.5592031859709066,8.238553031398582e-05
641,1.7664310596279493,8.129075335191079e-05
642,1.9627109797173334,8.007027999261404e-05
643,2.024190549571592,7.96056025051028e-05
644,1.8961458667129325,8.03911229017945e-05
645,1.8046135464194604,8.08215805427546e-05
646,1.8918782892519654,7.984101697568061e-05
647,2.0412874239670127,7.789997278388266e-05
648,1.8927539931713948,7.97651790014e-05
649,1.6946061224445232,8.140601329536703e-05
650,1.508769059408078,8.255500952551094e-05
651,1.3334614411938956,8.339013929429435e-05
652,1.164981789353867,8.409791426712521e-05
653,0.9999659979502209,8.468039708009788e-05
654,0.8370583078283984,8.513999885937812e-05
655,0.6646348437675708,8.550441833403503e-05
656,0.8347385194905715,8.512438739433458e-05
657,1.0387881383256246,8.454542459500176e-05
658,1.2621159646427313,8.373093448320459e-05
659,1.4936256699729014,8.27327877260413e-05
660,1.7210213659692288,8.164072449554988e-05
661,1.9151650049617202,8.042246984165813e-05
662,1.9778773587657297,7.993449813798576e-05
663,1.8775273373714014,8.052961677471214e-05
664,1.7586021595406336,8.119756294812474e-05
665,1.7693730610326952,8.083369257179075e-05
666,1.894949462400074,7.960573192657216e-05
667,2.030525253715129,7.761939827724104e-05
668,1.8787157202751283,7.964927390448446e-05
669,1.671347663103365,8.130837269251273e-05
670,1.4817293983613369,8.263608568855881e-05
671,1.3091734565906685,8.348013055828001e-05
672,1.14971962513114,8.415791231188397e-05
673,0.720269520274814,8.538477190745875e-05
674,0.8931657052335286,8.496748911591932e-05
675,1.1133600328493471,8.428655371885703e-05
676,1.355515408604607,8.335415419910799e-05
677,1.596988388761077,8.22517707807192e-05
678,1.8065044806222803,8.109608257868622e-05
679,1.9089218913048338,8.030194185553997e-05
680,1.8419514138434772,8.072527877819971e-05
681,1.7127630897186925,8.146590705227508e-05
682,1.6695409648372757,8.16317163338091e-05
683,1.7730939651373834,8.067022867904201e-05
684,1.90561832806657,7.926045379161293e-05
685,2.023266827014282,7.757929929820618e-05
686,1.863725460495208,7.971360032443342e-05
687,1.6554767289951422,8.149679483517227e-05
688,1.4709861804392317,8.26385078320247e-05
689,0.7640629579258699,8.529009859404275e-05
690,0.9451407938286144,8.481930838933631e-05
691,1.17812842787583,8.404698845129023e-05
692,1.4268305565898154,8.302366803364573e-05
693,1.6572284344537453,8.192239264150116e-05
694,1.810590186955128,8.085235609454085e-05
695,1.7910412664641713,8.0945114117888e-05
696,1.6605033752670437,8.175863915854362e-05
697,1.579249874368919,8.226738139460981e-05
698,1.6700487216268698,8.150877967933685e-05
699,1.7899251526370037,8.050650839186935e-05
700,1.9171799160905603,7.901398967150189e-05
701,2.0196850784425373,7.755574303415815e-05
702,1.857426633058943,7.97914102289608e-05
703,0.8061663661601797,8.51859512845608e-05
704,0.9955821127624761,8.466662734422613e-05
705,1.2344827985793965,8.382033088028176e-05
706,1.4784270028428903,8.276864988408058e-05
707,1.678089932816721,8.168590002060832e-05
708,1.7235375530983803,8.124131595300714e-05
709,1.6008955343886218,8.201927129172494e-05
710,1.4965762853206321,8.270699719847095e-05
711,1.5757007192971249,8.224126621857278e-05
712,1.687289456175351,8.137903404517034e-05
713,1.802572506823613,8.038744367277616e-05
714,1.9220338633337128,7.879113320552009e-05
715,0.8534626713734658,8.506225032686347e-05
716,1.0465245506107208,8.451040595568011e-05
717,1.2835957404891933,8.359901989615293e-05
718,1.5124619961695462,8.254617703270727e-05
719,1.6354265006728856,8.178905504058231e-05
720,1.536054075147484,8.236735256626421e-05
721,1.4089874754901868,8.312684063429857e-05
722,1.4824949419136657,8.273319016627962e-05
723,1.589026169830046,8.21063789090113e-05
724,1.6950318412271514,8.134524357033046e-05
725,0.904715135570571,8.492387659499829e-05
726,1.0950291316632257,8.431981666044431e-05
727,1.3240104097350356,8.33891338981211e-05
728,1.5163775770090748,8.246477515866787e-05
729,1.4717301042249362,8.27412214667454e-05
730,1.3351957798242633,8.342299870455897e-05
731,1.3864229585980947,8.321031045636344e-05
732,1.4892379069749682,8.270139772086073e-05
733,0.952490278165362,8.477323961993202e-05
734,1.135698141330665,8.414713455776317e-05
735,1.3529725599985436,8.329002534236923e-05
736,1.4174883740613253,8.301344721655961e-05
737,1.308191447196015,8.354114949575898e-05
738,1.2843430845146249,8.363903852894845e-05
739,0.98910304107992,8.46667592920558e-05
740,1.1650650702017835,8.404905733609291e-05
741,1.3695931707070437,8.3228366448896e-05
742,1.3309349067652736,8.344832380352634e-05
743,1.0097948743848268,8.460772111524559e-05
744,1.1786788684296121,8.401789645414528e-05
745,0.9201178834235454,8.491568956013522e-05
746,1.0945933471262217,8.436306693616171e-05
747,1.2847195378395484,8.364178342404105e-05
748,1.4889926293132958,8.272139985040601e-05
749,1.705074783925005,8.158979530760324e-05
750,1.9250535641816757,8.027986586211498e-05
751,2.0624754668929275,7.942186489799449e-05
752,1.9438847229356282,8.00481476342339e-05
753,1.8281121514711511,8.081531762809397e-05
754,0.9901429348090662,8.470456813688047e-05
755,1.1818892906937704,8.405869865573259e-05
756,1.3992408167484778,8.3140597964652e-05
757,1.6301262559129632,8.20583596012326e-05
758,1.8541925186716466,8.082232962662198e-05
759,2.001388010255063,7.978268466631318e-05
760,1.9461372237466146,8.003624101436335e-05
761,1.8243720644211723,8.093119228514077e-05
762,1.763870969607746,8.125954022476079e-05
763,1.8391493732956863,8.07265599841498e-05
764,1.9755906985293075,7.964671112465988e-05
765,2.08971518554398,7.924880824965371e-05
766,1.8877073904611794,8.046478119447222e-05
767,1.6587475238221732,8.173738219835185e-05
768,1.4477864685298223,8.28827503921142e-05
769,1.2594603313637107,8.374952055045334e-05
770,1.053286977934239,8.449405674815623e-05
771,1.2605418659147027,8.373700661139271e-05
772,1.4927237269737788,8.271664218908143e-05
773,1.7233059969801265,8.157290811374312e-05
774,1.9011360378549762,8.038443441071184e-05
775,1.9100006912555938,8.02294146858166e-05
776,1.793253634764708,8.108557767627898e-05
777,1.69794410612233,8.169794407051104e-05
778,1.7316728169018518,8.141535496877976e-05
779,1.8512486471963194,8.049827147900208e-05
780,1.9963025307668985,7.947570797633623e-05
781,2.0955092085148452,7.922574950575915e-05
782,1.8632159880153274,8.050760936796643e-05
783,1.6412454536740364,8.186534757016624e-05
784,1.1109188982575546,8.429671287462993e-05
785,1.3267451204207712,8.345205631894126e-05
786,1.5589591552882132,8.238775829350666e-05
787,1.7649730523351308,8.12069890837322e-05
788,1.8429337786311184,8.056065603739174e-05
789,1.7411441132413055,8.130112678271612e-05
790,1.6193691420136216,8.21015998118637e-05
791,1.6222837433033646,8.211433828472847e-05
792,1.7308186816603097,8.140590418764946e-05
793,1.8631446929670197,8.013805472368257e-05
794,2.0070083203801916,7.921225501973699e-05
795,2.092008204020379,7.928757161901001e-05
796,1.1645242088657162,8.409244129875533e-05
797,1.3809027881265399,8.319033186733686e-05
798,1.6010590533602533,8.210706232737426e-05
799,1.7446863563730761,8.117464683966384e-05
800,1.6730371119228786,8.163555142732772e-05
801,1.5328438776101059,8.254314722365166e-05
802,1.5106045387766114,8.26936993425327e-05
803,1.6143193753031373,8.20221202863778e-05
804,1.7374514320826757,8.12781234866226e-05
805,1.8681429428139749,8.012836618506926e-05
806,1.2139675209458196,8.388096450578012e-05
807,1.4237127130053495,8.295646745080892e-05
808,1.6124999923880834,8.193654350027771e-05
809,1.5943350450850675,8.202386907178638e-05
810,1.4478262822529213,8.292192816503096e-05
811,1.3913953893752515,8.320282635179987e-05
812,1.500099188580338,8.266125126384068e-05
813,1.616756549960791,8.204328945411477e-05
814,1.256345826372486,8.369339837005149e-05
815,1.4519868450442381,8.281174510942538e-05
816,1.5124540460618288,8.24957842251949e-05
817,1.3809004838812735,8.322542529842822e-05
818,1.2908633778049063,8.362573015704394e-05
819,1.3884783854824878,8.319909112395234e-05
820,1.2884976626026166,8.355855261451689e-05
821,1.433097668265641,8.287954741579023e-05
822,1.348455369654409,8.337537633381209e-05
823,1.278666533329791,8.365301425998853e-05
824,1.3121249912173505,8.347710160389122e-05
825,1.3589381798501767,8.329052499883786e-05
826,1.3648718506202238,8.3317759265913e-05
827,1.577639404916675,8.227004780829087e-05
828,1.8050486537521817,8.105410574174418e-05
829,2.003088130413511,7.978539644347474e-05
830,1.9965417899843978,7.971253675300261e-05
831,1.8650649307779614,8.059585556659767e-05
832,1.7564103238193054,8.139456136355837e-05
833,1.454255582842519,8.288190271279221e-05
834,1.672085818954777,8.181017891015482e-05
835,1.8775610607122932,8.059219829189612e-05
836,1.9563781949824104,7.994152488807601e-05
837,1.8474077307152434,8.062491146513966e-05
838,1.7166365740757732,8.160009924152101e-05
839,1.6645193239883345,8.192523670440328e-05
840,1.7530436556461055,8.135376139922888e-05
841,1.89029053407489,8.031938552655934e-05
842,2.027175132881362,7.952976114451888e-05
843,1.9935781689721825,7.987552476660317e-05
844,1.7857224785618293,8.11960336136219e-05
845,1.521325863026435,8.253482213292183e-05
846,1.7269893309689484,8.143968563113899e-05
847,1.8671347248973773,8.04694124142021e-05
848,1.7958983824822408,8.091988211538236e-05
849,1.6502900094561275,8.191273213605344e-05
850,1.5570328520823902,8.247220990456117e-05
851,1.62682148787178,8.206066724905337e-05
852,1.7576272559367243,8.124100959956381e-05
853,1.9031552000123462,8.020008799255135e-05
854,2.037486159348459,7.940283096889486e-05
855,1.5681647921065174,8.227563999989699e-05
856,1.7397758725194894,8.126752139580742e-05
857,1.719326232135148,8.137355628651717e-05
858,1.5674363518686065,8.229696097688766e-05
859,1.4470915432989828,8.298903313874397e-05
860,1.4968396526922914,8.273168676954618e-05
861,1.621526722816548,8.205767446728677e-05
862,1.7607338331019236,8.114009372539395e-05
863,1.5923640225233349,8.209583187037919e-05
864,1.626003289816388,8.187052363997925e-05
865,1.481447197071177,8.271589436965224e-05
866,1.350836167174881,8.338424505237974e-05
867,1.3721078051205706,8.330449640121533e-05
868,1.4901090195925994,8.277257582106657e-05
869,1.5259115480876535,8.23798552503374e-05
870,1.4082547111716273,8.306182895601413e-05
871,1.3000255884012135,8.358286640200369e-05
872,1.256020782481505,8.377033914914742e-05
873,1.3633199304518249,8.328625241804998e-05
874,1.3073711159869208,8.354796922755645e-05
875,1.8647850249795457,8.070730133103342e-05
876,1.9778381891426853,7.982388167355881e-05
877,1.8785106252577128,8.0453742380475e-05
878,1.7296394708559533,8.144929804799975e-05
879,1.6072226388836257,8.22096289368623e-05
880,1.8712126549197057,8.046631017926198e-05
881,1.8233064822884362,8.075280464843661e-05
882,1.6697021967523749,8.17505761602115e-05
883,1.525649098085086,8.257883483682187e-05
884,1.479527860554678,8.284399077892294e-05
885,1.5897889800553826,8.221873510141571e-05
886,1.7378317741994793,8.136928908754131e-05
887,1.888663222528258,8.03745513868932e-05
888,1.7352128748362536,8.12974703385758e-05
889,1.5860002286759194,8.213979114675021e-05
890,1.436381163020511,8.30063313009556e-05
891,1.3501235945256416,8.339616449085156e-05
892,1.4499017771432436,8.29559103719529e-05
893,1.5883150596555786,8.220410491658825e-05
894,1.4934302760858873,8.264872118003942e-05
895,1.359718838665761,8.333768621923602e-05
896,1.265489659506669,8.372760977509238e-05
897,1.3255292322006242,8.348447801608367e-05
898,1.313087259192018,8.353729855991482e-05
899,1.2605975707814046,8.373919031106432e-05
900,1.6764775722854433,8.16966468877212e-05
901,1.5215950222056283,8.254115198890271e-05
902,1.3928858879905477,8.320606178830139e-05
903,1.4389627119016914,8.298749503734809e-05
904,1.3160304938884178,8.353319722317617e-05
905,1.2771709957098418,8.368749572870265e-05
906,1.3834178748584147,8.324373849029981e-05
907,1.2689568854334783,8.371067528883773e-05
908,1.2222094955921547,8.388422920115713e-05
909,1.2316743884916281,8.385854612009032e-05
910,0.0,0.0
911,0.4371533362005765,8.587284816563847e-05
912,0.859732966148153,8.501542720541022e-05
913,1.2550218531656965,8.37229840922354e-05
914,1.6138073786258589,8.215104380500095e-05
915,1.9313985688331294,8.044956977396468e-05
916,2.207458933950485,7.85943620837762e-05
917,2.4444724115409584,7.660361090810076e-05
918,2.645426790294873,7.487699692941877e-05
919,2.689572282818077,7.290945617205926e-05
920,2.484976345064803,7.4689481676248e-05
921,2.2884705268153924,7.620273823429702e-05
922,2.1097547552596985,7.845759681471071e-05
923,0.5552283968154957,8.570013455700861e-05
924,0.8757657971208272,8.498888427278219e-05
925,1.228620814697127,8.383655786945804e-05
926,1.570023075195297,8.236139205376268e-05
927,1.8815894394346393,8.072971539998116e-05
928,2.15671074104972,7.894937942483283e-05
929,2.394650213930091,7.700328762352463e-05
930,2.594279595951777,7.529384723486999e-05
931,2.6002518438110154,7.378246908138317e-05
932,2.3989605849721567,7.545264916190078e-05
933,2.202772228313083,7.707390200154283e-05
934,2.0768398116619524,7.848114492160493e-05
935,2.177854658267663,7.763831938696729e-05
936,2.0769567030099068,7.911089609489618e-05
937,2.2355146129384296,7.703947791445089e-05
938,2.4293323503539517,7.506243581433993e-05
939,2.6333657454115706,7.343745590004925e-05
940,2.5303974278512515,7.585694910926849e-05
941,2.31478533402171,7.768594520558193e-05
942,2.062546225589077,7.961707954248873e-05
943,1.7721737678620628,8.13434797795638e-05
944,1.4450177736482432,8.29416062275286e-05
945,1.0890712109319645,8.432878506923756e-05
946,0.7257216663321419,8.535215561244104e-05
947,1.0957083236321659,8.433489401415155e-05
948,1.3765876467333646,8.325701444311654e-05
949,1.6660871816144245,8.186643014252599e-05
950,1.940324775407988,8.035649841803987e-05
951,2.187417214051486,7.870701029200301e-05
952,2.4016489984398763,7.692163447003182e-05
953,2.571371137429071,7.543000444435507e-05
954,2.5907996826703696,7.417692177625635e-05
955,2.419155090433425,7.54300685663351e-05
956,2.250880569102364,7.668369382696467e-05
957,2.2957478611234783,7.661424421626462e-05
958,2.456946746797383,7.535349085625947e-05
959,2.2530452513988513,7.728946298138663e-05
960,2.100692662194428,7.928847614027837e-05
961,2.212477157742798,7.732330249721847e-05
962,2.399556402191764,7.561376670917547e-05
963,2.600052379695487,7.362002244913275e-05
964,2.4419572461865413,7.666837182321015e-05
965,2.2261991292882626,7.836654873970255e-05
966,1.9764426469819312,8.015969249755706e-05
967,1.6950487466652069,8.173893527507052e-05
968,1.391241967034055,8.3174314504309e-05
969,1.6014293448424002,8.218890033921854e-05
970,1.8431370258596445,8.088032762530286e-05
971,2.074131591361565,7.946597382448934e-05
972,2.2804584362054787,7.799464453396934e-05
973,2.4527067142824164,7.647838727978941e-05
974,2.5727106045287256,7.52600570745815e-05
975,2.5896695059124304,7.471045835750134e-05
976,2.4878200682921894,7.551471860913981e-05
977,2.3913728651025035,7.635524430834861e-05
978,2.4585815768235264,7.631098533991032e-05
979,2.6222853289354804,7.48969329477781e-05
980,2.5434822257651466,7.487296462106061e-05
981,2.318812009786165,7.712217132547808e-05
982,2.140010878659843,7.893148944664179e-05
983,2.2111121733311174,7.759868780312284e-05
984,2.3877647063595018,7.56220486645808e-05
985,2.5619556965168955,7.550873754366803e-05
986,2.388017307535881,7.697800906954808e-05
987,2.1826615561265386,7.865211516945621e-05
988,1.9486600094397069,8.030788887321626e-05
989,2.0418988447372404,7.966299855062384e-05
990,2.2302909232976837,7.835260272391426e-05
991,2.3917597293888746,7.702103394030878e-05
992,2.5148022710622207,7.582108093514364e-05
993,2.583636121864902,7.491823093388598e-05
994,2.5771609236953505,7.490581657463632e-05
995,2.500143550127354,7.575756831827715e-05
996,2.422483157166728,7.666359248581579e-05
997,2.4597674227974604,7.64789662841652e-05
998,2.588267358821538,7.552966063471897e-05
999,2.730718562509142,7.380726670977703e-05
1000,2.6145638759417955,7.451555700943769e-05
1001,2.366548946600247,7.70090184370526e-05
1002,2.1689876939372716,7.87678163816033e-05
1003,2.217899991597637,7.764943112904948e-05
1004,2.384790705261898,7.586226133384706e-05
1005,2.530389408033669,7.578020012625545e-05
1006,2.370081393745271,7.72025218979598e-05
1007,2.3750668602671965,7.720572696175325e-05
1008,2.49066548651972,7.601837589956461e-05
1009,2.565872954849524,7.507804821857966e-05
1010,2.5901166421757504,7.46885332143514e-05
1011,2.5552102628032705,7.53573290122591e-05
1012,2.4685706232914515,7.632886262614226e-05
1013,2.3721238609609574,7.717028115733626e-05
1014,2.3618642654137214,7.731613193842926e-05
1015,2.4658461644122203,7.644305192839344e-05
1016,2.593436428077364,7.519491643793898e-05
1017,2.7231887002359505,7.365521804580067e-05
1018,2.664430708556453,7.430685437293286e-05
1019,2.3950128357355305,7.677649791532495e-05
1020,2.1846540025351615,7.877755692562656e-05
1021,2.2233379085664327,7.790213183668258e-05
1022,2.3844829823625284,7.61308482974825e-05
1023,2.561182162113184,7.489686476203045e-05
1024,2.5936045179789606,7.484325644131564e-05
1025,2.580683014628227,7.503716396457727e-05
1026,2.518695008392767,7.581077186881967e-05
1027,2.413098788074092,7.683198855371488e-05
1028,2.288749321712305,7.776179248471498e-05
1029,2.2212327725003536,7.828017465539311e-05
1030,2.2974906745954105,7.770161079007434e-05
1031,2.43306950258678,7.664135850478338e-05
1032,2.5977153357787297,7.520643182469731e-05
1033,2.698866918762248,7.378410503347418e-05
1034,2.692802930810713,7.416655237740568e-05
1035,2.4075419632642134,7.683779244119484e-05
1036,2.189417406531189,7.875960009225403e-05
1037,2.589193387533973,7.507680044949854e-05
1038,2.5460400494189606,7.567440928658322e-05
1039,2.460928020431222,7.63801262496241e-05
1040,2.336880881616234,7.74562504614603e-05
1041,2.188383684034961,7.849835683139059e-05
1042,2.0654135642269194,7.93990284888362e-05
1043,2.0999688891752233,7.917498174747913e-05
1044,2.2465431687763133,7.807576097208423e-05
1045,2.4394915175405476,7.659962061760669e-05
1046,2.578859415698731,7.530448654646304e-05
1047,2.6825931459860164,7.393699527955162e-05
1048,2.7018544098328285,7.412111744327199e-05
1049,2.4791142324261846,7.63132471846123e-05
1050,2.3760842295930216,7.722020347740991e-05
1051,2.238208614336201,7.822470985776065e-05
1052,2.0743979292010826,7.927233887504716e-05
1053,1.9125554830077418,8.026677291523294e-05
1054,1.8842351229832377,8.057630688632632e-05
1055,2.041537357706545,7.957354243960463e-05
1056,2.2165644476673294,7.83430081019619e-05
1057,2.4279667579703887,7.67447449575638e-05
1058,2.5716561568758083,7.53165655814241e-05
1059,2.2607465028556097,7.802756869585064e-05
1060,2.115701331426616,7.899147455230829e-05
1061,1.9476401302404291,8.007548947694566e-05
1062,1.7725898880100732,8.112417850941383e-05
1063,1.6671984062017406,8.182825579155663e-05
1064,1.8223767882376616,8.085211134587256e-05
1065,2.0210353855853658,7.97189052586851e-05
1066,2.2481994401563896,7.813078238939329e-05
1067,1.9710947130348606,7.993915785628641e-05
1068,1.811109380618933,8.082361866889904e-05
1069,1.6483630537150378,8.170867069183894e-05
1070,1.5064103100993371,8.255844104861037e-05
1071,1.591325223302732,8.224423407817411e-05
1072,1.8117547730117638,8.092747784904333e-05
1073,1.6723729201481696,8.163961804341845e-05
1074,1.5439618194795233,8.221522201183197e-05
1075,1.4411159009831183,8.27644533224647e-05
1076,1.377318496417959,8.321402505829111e-05
1077,1.4684095644063573,8.250784327287082e-05
1078,1.4319261783858839,8.260638310192521e-05
1079,1.1624227975027708,8.408873212594217e-05
1080,1.474732636870033,8.280929197999232e-05
1081,1.7763763782752597,8.130301929542988e-05
1082,2.0512626685182727,7.967340421147958e-05
1083,2.293140712169701,7.78326441897122e-05
1084,2.4993581793705246,7.608124960113572e-05
1085,2.6097553722095443,7.41727967306778e-05
1086,2.4268393839309974,7.500206768078391e-05
1087,2.2296424432989568,7.6979088825955e-05
1088,2.0887408787711075,7.844881923009026e-05
1089,2.281575013173531,7.667242382292978e-05
1090,1.6333338534951911,8.203307316221506e-05
1091,1.89060949649634,8.061502943179546e-05
1092,2.128940469846574,7.911480591927878e-05
1093,2.338537423559714,7.74740382946845e-05
1094,2.509914808971152,7.597061173641327e-05
1095,2.5951011840074565,7.471454559285113e-05
1096,2.485612149963862,7.512241359029922e-05
1097,2.3175655162296165,7.651419470143012e-05
1098,2.287837882733503,7.681421095708066e-05
1099,2.4602710192768424,7.587831073616554e-05
1100,2.5248160629406975,7.50019521675222e-05
1101,2.323580408064307,7.667942341283136e-05
1102,2.113741677302468,7.889281861375494e-05
1103,2.230868402684748,7.700011938250318e-05
1104,2.4227939024184666,7.533381899107718e-05
1105,2.5738735624302933,7.489410975901417e-05
1106,2.434052925754793,7.663150180971472e-05
1107,2.2335064165566387,7.830520123587316e-05
1108,2.0011759219694483,7.998835494943606e-05
1109,1.7434480020003174,8.147940063440583e-05
1110,2.057639867031615,7.954072502768675e-05
1111,2.254158513169439,7.816815575770772e-05
1112,2.4201043478098048,7.675568781497725e-05
1113,2.5416831860349185,7.556427777851592e-05
1114,2.588139533528994,7.480348236878304e-05
1115,2.527852624663332,7.517945094013902e-05
1116,2.4172136133953277,7.641326176863863e-05
1117,2.4038073065808927,7.672465728823937e-05
1118,2.539108137041614,7.589363301700855e-05
1119,2.6958290806169702,7.414167922167067e-05
1120,2.597633651095737,7.484116819422946e-05
1121,2.3587094547514686,7.682126960912539e-05
1122,2.1395826643277065,7.895234979241801e-05
1123,2.2368313670361553,7.728991120256564e-05
1124,2.4200769063145167,7.562058964485753e-05
1125,2.5416308622558277,7.544268976396793e-05
1126,2.401555946910848,7.69270515884719e-05
1127,2.2141879062683456,7.84323288238211e-05
1128,2.3830867924411563,7.713004838337801e-05
1129,2.5017006902595766,7.601275771725128e-05
1130,2.5733095682415574,7.507505698322376e-05
1131,2.581930074776374,7.48506977221006e-05
1132,2.521238504918604,7.557607845871874e-05
1133,2.4229504631359857,7.667828216802882e-05
1134,2.380083142369204,7.708039195048975e-05
1135,2.470282442929766,7.647468469104677e-05
1136,2.603554918443604,7.528047116903492e-05
1137,2.7216658500362176,7.365763948583503e-05
1138,2.6280966154430225,7.455620625330111e-05
1139,2.3792363330296924,7.68865327749685e-05
1140,2.156710037584872,7.883088460045655e-05
1141,2.244050692550583,7.748561841035108e-05
1142,2.4195343025501326,7.582251369610706e-05
1143,2.5297000681864024,7.558783493896694e-05
1144,2.5632727179949257,7.506501597376219e-05
1145,2.591075000031776,7.489336436563635e-05
1146,2.566104152869156,7.525522975967276e-05
1147,2.4881297185579196,7.611380455653264e-05
1148,2.375832438515303,7.713600828783021e-05
1149,2.2887205576394405,7.782669607335372e-05
1150,2.3312196702622803,7.752621861692262e-05
1151,2.457947261614735,7.640105760754696e-05
1152,2.607865830612477,7.508731909091522e-05
1153,2.6910376717171562,7.382412217542438e-05
1154,2.6309838930121354,7.462182113818856e-05
1155,2.3872161533833447,7.699835156233714e-05
1156,2.1647496301689517,7.887697184479291e-05
1157,2.2471003956968687,7.73613795222736e-05
1158,2.584701379321554,7.520077911936451e-05
1159,2.531247262726231,7.578018201050915e-05
1160,2.4334287009693933,7.667984332180336e-05
1161,2.3020360983898303,7.773235911348757e-05
1162,2.17289136202931,7.864289387874343e-05
1163,2.1566546691717194,7.879824309099117e-05
1164,2.2799320280481035,7.781504578619706e-05
1165,2.42273362407532,7.661613083975978e-05
1166,2.5833977077601507,7.515755207336384e-05
1167,2.6650996670217073,7.394556433976196e-05
1168,2.625526465238867,7.459384395192952e-05
1169,2.388831283210632,7.694340790672814e-05
1170,2.469674642934493,7.639808380570479e-05
1171,2.3547151622432843,7.735865392496713e-05
1172,2.207414130242455,7.842554353244343e-05
1173,2.0482973397735176,7.943079320526264e-05
1174,1.9648128785718697,8.008106979375847e-05
1175,2.0795909831068324,7.92574745977317e-05
1176,2.2434769151074954,7.808446475946868e-05
1177,2.436271157323433,7.660155303994742e-05
1178,2.5680880717559273,7.53812851150296e-05
1179,2.655407363353628,7.413467001789953e-05
1180,2.248998740153839,7.80767813694315e-05
1181,2.09255487260201,7.910315240489994e-05
1182,1.9194279987603262,8.027880066984249e-05
1183,1.777742982884261,8.11735565440651e-05
1184,1.8634817942773343,8.064010681956612e-05
1185,2.0491446743243413,7.949625438057795e-05
1186,2.260250719292384,7.795938640652173e-05
1187,2.4301017435460444,7.658389566267198e-05
1188,1.958777958679141,7.999583565105775e-05
1189,1.7882638233128356,8.103433917816133e-05
1190,1.6259409965716618,8.193599306759988e-05
1191,1.6370750498551234,8.200036638973787e-05
1192,1.8415759355017345,8.073342351746204e-05
1193,2.0410033037457036,7.949788276985605e-05
1194,1.659758305724904,8.166533369872917e-05
1195,1.5199912702060674,8.240020295494244e-05
1196,1.4245603446984518,8.299102458845396e-05
1197,1.6217181241426597,8.205356555089742e-05
1198,1.4545982844969712,8.265889055544565e-05
1199,1.4047446101763885,8.296879673280019e-05
1200,2.1107241616518735,7.922522146886294e-05
1201,2.308594123974865,7.76845395049763e-05
1202,2.4724151414488893,7.626324445952166e-05
1203,2.5685919960944923,7.522260192214733e-05
1204,2.494164374253443,7.529285071007896e-05
1205,2.327200062568848,7.651115290345802e-05
1206,2.242211915014164,7.729115569012461e-05
1207,2.427003315113931,7.630488068003041e-05
1208,2.635588130924225,7.450390986965796e-05
1209,2.4097671403545697,7.689619231021681e-05
1210,2.525501774055262,7.567450846386465e-05
1211,2.5762872824239835,7.504979065668484e-05
1212,2.530305624096977,7.546442659132183e-05
1213,2.413515778799641,7.647621213519056e-05
1214,2.3362900777773343,7.725242321973969e-05
1215,2.443515177318831,7.655035423255798e-05
1216,2.6065406985985464,7.51821037162414e-05
1217,2.7131500594962086,7.363313967347268e-05
1218,2.6071342605926096,7.481096358515073e-05
1219,2.390438826121782,7.675812929732621e-05
1220,2.1962213280948504,7.764259701618203e-05
1221,2.3295445581200402,7.66513728684988e-05
1222,2.4921553200265087,7.540597027824282e-05
1223,2.5521688150238835,7.523302310302077e-05
1224,2.460085546472361,7.643621484012099e-05
1225,2.569483198522281,7.507818055273275e-05
1226,2.580627517299571,7.487262469510865e-05
1227,2.5260461269324708,7.559310533387927e-05
1228,2.42067681699926,7.670814780002023e-05
1229,2.322159722605643,7.75733958835171e-05
1230,2.355866681679092,7.732867345595294e-05
1231,2.4886978603244727,7.613685619343149e-05
1232,2.6054846546215495,7.500780150865328e-05
1233,2.663402411652235,7.410781432205862e-05
1234,2.5688576798071936,7.538783437977713e-05
1235,2.359059912344607,7.709650485664627e-05
1236,2.1733463366735775,7.7754481218847e-05
1237,2.331582467138157,7.684779322288063e-05
1238,2.4908486070141427,7.555198915921037e-05
1239,2.5688429929890453,7.520023939528403e-05
1240,2.4959970832118823,7.613004639521596e-05
1241,2.3811675238838177,7.709596920670867e-05
1242,2.2552396065429283,7.803922337446677e-05
1243,2.2186225598139226,7.834981326656884e-05
1244,2.3308592909499892,7.742748615327613e-05
1245,2.46315294287367,7.625158734140157e-05
1246,2.5849836024159414,7.501315713741218e-05
1247,2.6204832843599273,7.454626120105818e-05
1248,2.5396784162590524,7.561116691111293e-05
1249,2.3408891622523664,7.72458793726923e-05
1250,2.170061757436925,7.793979890019357e-05
1251,2.440007569485776,7.66474102869132e-05
1252,2.3114910033616947,7.764798062801078e-05
1253,2.162820794807984,7.869373278486766e-05
1254,2.0615559173782256,7.945059110701577e-05
1255,2.147759755641772,7.88037828315989e-05
1256,2.2976459000029577,7.759356869290021e-05
1257,2.4553995108772693,7.616769570482501e-05
1258,2.5574786616015226,7.514832738464722e-05
1259,2.5968028352364576,7.460639900753363e-05
1260,2.528907917428997,7.56406244991739e-05
1261,2.214947172431409,7.830749825854209e-05
1262,2.0521119177030616,7.944393034155995e-05
1263,1.9040440819610638,8.040726009202804e-05
1264,1.948033058330132,8.01400298342697e-05
1265,2.116148821013909,7.896736552393858e-05
1266,2.275393015014792,7.77218464070778e-05
1267,2.4412457806190857,7.633097652676692e-05
1268,2.5474796950059946,7.523697135302558e-05
1269,1.9257933625121004,8.020491710925524e-05
1270,1.7585997881319815,8.123851735956224e-05
1271,1.7395645497691508,8.142465030282283e-05
1272,1.9221461407798661,8.016032359718017e-05
1273,2.1044912370944435,7.895540794181656e-05
1274,2.2909994574808374,7.764606174380716e-05
1275,1.6291889431150626,8.184443863103375e-05
1276,1.5380335741423312,8.245334191857783e-05
1277,1.7179238861005766,8.13970594941567e-05
1278,1.9181043500704658,8.019248919874067e-05
1279,1.420594967301174,8.29363923346808e-05
1280,1.5103770138939112,8.256038033430101e-05
1281,2.5715492158948967,7.503347045232618e-05
1282,2.5282098447500028,7.554568019114367e-05
1283,2.4097069256734,7.651839197652645e-05
1284,2.290848519707457,7.762560026968874e-05
1285,2.3577012050038824,7.723707733378845e-05
1286,2.523316976165517,7.578059266265521e-05
1287,2.6332168607369564,7.452309259561084e-05
1288,2.5269618646862857,7.559562376585118e-05
1289,2.4203014039110444,7.67558252418268e-05
1290,2.2955246367664954,7.773901831491535e-05
1291,2.2662099641927718,7.802768663648457e-05
1292,2.3915620112030718,7.698452639388113e-05
1293,2.512990393894283,7.57264599480558e-05
1294,2.5837673498901297,7.485962053251624e-05
1295,2.5671329065480606,7.512662474721375e-05
1296,2.461086385965796,7.639035869997717e-05
1297,2.2987912251283804,7.77647235345567e-05
1298,2.273355424306561,7.776608166067944e-05
1299,2.40874659429608,7.659480549037146e-05
1300,2.3835569329599506,7.705505175964368e-05
1301,2.2462595960480085,7.809666272375113e-05
1302,2.1489915416900294,7.884652915419442e-05
1303,2.232816471920588,7.816562938085965e-05
1304,2.3683256934975963,7.700620919693312e-05
1305,2.4722960076077873,7.594795104937621e-05
1306,2.5389777429882883,7.518139476131586e-05
1307,2.524334561942065,7.53802488760058e-05
1308,2.4281282111108586,7.654093663407581e-05
1309,2.277838895447833,7.786110022120192e-05
1310,2.1627495809286974,7.86542859179465e-05
1311,2.0231402558626894,7.96866714031222e-05
1312,2.0575209639651804,7.944564723122514e-05
1313,2.207273349737543,7.822402062639038e-05
1314,2.3417779375672723,7.712928539397424e-05
1315,2.4565952785703553,7.589489267733647e-05
1316,2.5146846842071655,7.555292822046907e-05
1317,2.509584538590995,7.539088728406532e-05
1318,1.8927055129841799,8.047473302181689e-05
1319,1.874546771132395,8.060806346116055e-05
1320,2.0346084326674805,7.949750459824039e-05
1321,2.1933556589923606,7.828706653226581e-05
1322,2.337850526740824,7.70940567173368e-05
1323,2.447393396535469,7.605264263335787e-05
1324,1.6953932343564304,8.16544672067731e-05
1325,1.8541707940219145,8.05411389764736e-05
1326,2.0296608163741205,7.943888287800037e-05
1327,2.188974290521731,7.825112707453097e-05
1328,1.6734972622858955,8.16462000982859e-05
1329,1.8533343202044075,8.054609186620046e-05
1330,2.28914716768975,7.778660624511958e-05
1331,2.2182465467115713,7.843305723879422e-05
1332,2.327784587745243,7.74518299498802e-05
1333,2.44626402828464,7.629432616651434e-05
1334,2.5105379069395544,7.560457154261342e-05
1335,2.127616665184869,7.899752187442904e-05
1336,2.1796425937575115,7.858870916257818e-05
1337,2.3090640894232224,7.741363311948078e-05
1338,2.4094966804020266,7.645026597642318e-05
1339,2.4667780038716276,7.587827954212168e-05
1340,2.4685278504004953,7.59698574160251e-05
1341,2.4118929299576135,7.646480299231781e-05
1342,2.3057125059555283,7.771200129948316e-05
1343,2.0253297854288923,7.963246232055768e-05
1344,2.161024406599108,7.861177611496926e-05
1345,2.2887821601517135,7.754553596632674e-05
1346,2.3836500338270112,7.676686943878607e-05
1347,2.4444075368030553,7.61607078037377e-05
1348,2.4542419212719317,7.609009648404033e-05
1349,2.006853508775497,7.968952926377063e-05
1350,2.152578631501665,7.840903242904422e-05
1351,2.2781481637416996,7.755278497586626e-05
1352,2.3786373263450256,7.678765521095341e-05
1353,2.004573727215715,7.958514696425449e-05
1354,2.150222525597374,7.849112855270423e-05
1355,2.2891302097305632,7.761747036989128e-05
1356,2.377907814198573,7.674566913774623e-05
1357,2.42407366254122,7.627692105518615e-05
1358,2.2712431580990318,7.76829630319607e-05
1359,2.3548066238144307,7.701276097929252e-05
1360,2.4027310196866845,7.668063274064953e-05
1361,2.4110407379979266,7.646618759474942e-05
1362,2.261990519961244,7.773992927519359e-05
1363,2.3472125138738127,7.702008574175815e-05
1364,2.389893715667044,7.661461222638799e-05
1365,3.7046154381922167,6.556721082583082e-05
1366,3.6954867021776256,6.588389081774029e-05
1367,3.6663330148288398,6.507962912513954e-05
1368,3.6126810304420665,6.437085335000764e-05
1369,3.529459437502176,6.44776087082585e-05
1370,3.4134629986947465,6.555245052918996e-05
1371,3.26518392296298,6.693626269366064e-05
1372,3.0893718537665267,6.900490328452458e-05
1373,2.8942176700121696,7.127505503934984e-05
1374,2.689572282818077,7.289363409333424e-05
1375,2.484976345064803,7.460487120812275e-05
1376,2.2884705268153924,7.632945012189524e-05
1377,2.1097547552596985,7.836402000869712e-05
1378,3.7277996342453785,6.552139757671035e-05
1379,3.70102236733782,6.494307810399509e-05
1380,3.622856081291983,6.482376826914355e-05
1381,3.515328886569905,6.485940969125118e-05
1382,3.379193858207363,6.58587398524429e-05
1383,3.2152561180896244,6.732004642435884e-05
1384,3.028159395244808,6.96169926277745e-05
1385,2.82874332222715,7.17836486419305e-05
1386,2.7834537284800365,7.326755360080291e-05
1387,2.771879597454981,7.235694833490383e-05
1388,2.5670975104887166,7.403866791144331e-05
1389,2.3668103776928686,7.59577370653423e-05
1390,2.2669197602248743,7.661633784005784e-05
1391,2.464069541655727,7.493748359083077e-05
1392,2.664545922411307,7.331910322352464e-05
1393,2.8184461406485535,7.241316728953562e-05
1394,2.709523496075588,7.418945606452927e-05
1395,2.837943959670382,7.137827744541032e-05
1396,3.032917443677001,6.90982751218688e-05
1397,3.208811695711419,6.70712166680422e-05
1398,3.3588513832124027,6.570354662725545e-05
1399,3.480300737750466,6.559688486394094e-05
1400,3.574405441191946,6.564103819230443e-05
1401,3.6448758790913423,6.587364846461748e-05
1402,3.7935264336011305,6.282610675509702e-05
1403,3.7716148914025127,6.282147846666662e-05
1404,3.6598975465077324,6.367434006363644e-05
1405,3.5021162745043117,6.492344304766111e-05
1406,3.317126793345471,6.682586395006746e-05
1407,3.116045827524469,6.882823366216598e-05
1408,2.9189335541390546,7.121883104278393e-05
1409,2.841782210306161,7.273538659513802e-05
1410,2.935923845652186,7.169795095066844e-05
1411,2.876284624193634,7.173232258382373e-05
1412,2.6671556051117777,7.367040509435836e-05
1413,2.489523864929823,7.541703500574432e-05
1414,2.6834497210728356,7.384776507125074e-05
1415,2.833317145629615,7.226583083291913e-05
1416,2.8571286492994243,7.215101333477395e-05
1417,2.767412000427733,7.328720434117186e-05
1418,2.623422705863045,7.49711159080186e-05
1419,2.8024617863616856,7.152380698312666e-05
1420,2.9967991901311937,6.957679799810156e-05
1421,3.1745757772268566,6.754385509110789e-05
1422,3.330525831553655,6.651523073230933e-05
1423,3.463275405093514,6.592403615519913e-05
1424,3.8922294114189824,6.19747484745567e-05
1425,3.871990321883506,6.222978967428067e-05
1426,3.7368943715810268,6.30916683192197e-05
1427,3.5495666512518067,6.540329341049722e-05
1428,3.348845431306423,6.753893833440557e-05
1429,3.168998399147627,6.959015569098588e-05
1430,3.074254691792732,7.075452191282846e-05
1431,3.0986696982743505,6.975093326274785e-05
1432,3.171114445285055,6.866812611934185e-05
1433,2.991845583245776,7.065329786668488e-05
1434,2.7711767533107925,7.301745592295521e-05
1435,2.7770439159357556,7.330473521615976e-05
1436,2.857854933783631,7.209605597510242e-05
1437,2.8639514530055346,7.178922209263069e-05
1438,2.8068966865974243,7.263235911963325e-05
1439,2.7029566692222002,7.378388089905488e-05
1440,2.5829136777894726,7.383137889888093e-05
1441,2.783245572913065,7.157417577796029e-05
1442,2.9791595273516553,6.990655748715582e-05
1443,3.1630536644034013,6.758861381590879e-05
1444,4.012772967429426,5.9997795616629946e-05
1445,3.9901487325787417,6.117836683458405e-05
1446,3.8480740035428243,6.332043312431754e-05
1447,3.6734378713335474,6.484010227363903e-05
1448,3.521477433542705,6.660146207982653e-05
1449,3.4340884225306336,6.73481486484353e-05
1450,3.4278003794333127,6.714473177865963e-05
1451,3.479858396825581,6.623620246609537e-05
1452,3.324934193191525,6.698788323868399e-05
1453,3.104537454547251,6.948374927598483e-05
1454,2.865231978663564,7.212290729333582e-05
1455,2.8118952149655296,7.268379269198678e-05
1456,2.8411962670592232,7.195792100792282e-05
1457,2.821220118996778,7.202396683459708e-05
1458,2.7589423950606604,7.308228895542263e-05
1459,2.6607017862257316,7.417407844127551e-05
1460,2.5759502352263497,7.399976277993918e-05
1461,2.7771883697367534,7.154649443725262e-05
1462,4.145663891248894,5.714121460410228e-05
1463,4.126196418300064,5.8430328204464116e-05
1464,4.010301163839255,6.140764290008259e-05
1465,3.8943154775397804,6.286137217015439e-05
1466,3.8237851528183966,6.368714881837261e-05
1467,3.8139004276410207,6.364542831434454e-05
1468,3.82827795998863,6.27326265477935e-05
1469,3.6500650480249317,6.462282096865786e-05
1470,3.440440133971389,6.658170772697173e-05
1471,3.2016834402469776,6.872416279923584e-05
1472,2.9394241753296932,7.168707203462348e-05
1473,2.786485583991003,7.248980588383658e-05
1474,2.80655633852627,7.229488002859821e-05
1475,2.7870572956029296,7.237005176655919e-05
1476,2.7324381680072727,7.327773473914734e-05
1477,2.646126128255665,7.442502547782232e-05
1478,4.2834623529639515,5.511256988310486e-05
1479,4.281380829125229,5.6185680486531305e-05
1480,4.218927936075646,5.846811321808906e-05
1481,4.173606974480799,5.989714295174789e-05
1482,4.171621454495299,6.052980771850519e-05
1483,4.104281196439163,6.011016731445288e-05
1484,3.9519018437395093,6.188971337423905e-05
1485,3.76197688185172,6.402496628024871e-05
1486,3.5350680067671525,6.593364469283184e-05
1487,3.2746687968106296,6.81131036719567e-05
1488,2.989128784493956,7.117229169841116e-05
1489,2.760728441381335,7.256265550394117e-05
1490,2.784964990608363,7.254418244312482e-05
1491,2.7745999071648453,7.251645180090006e-05
1492,4.419379701927728,5.3594067866634617e-05
1493,4.441513944863566,5.411333856919851e-05
1494,4.435134427462702,5.596015232745199e-05
1495,4.422036860547723,5.554213463163223e-05
1496,4.34005404692429,5.763013150273094e-05
1497,4.2177386348478985,5.9179344799090074e-05
1498,4.054030160608782,6.157482718444605e-05
1499,3.8480617311051626,6.348603086499952e-05
1500,3.601225753145413,6.583612580437729e-05
1501,3.319264471822764,6.795783893204608e-05
1502,3.0136568960274324,7.099168457665564e-05
1503,2.7507679043383653,7.282344517651949e-05
1504,4.546246335813116,5.186188282512931e-05
1505,4.5837073955292835,5.247186161768974e-05
1506,4.577487091958841,5.352877672797649e-05
1507,4.529114413907677,5.476798555970749e-05
1508,4.4387651846160745,5.682560567795515e-05
1509,4.305097341167255,5.844412978718689e-05
1510,4.1262691759823,6.07835256813686e-05
1511,3.9018555623349656,6.373247662221825e-05
1512,3.635016572549927,6.551666528493496e-05
1513,3.3341837675966586,6.782263294299702e-05
1514,4.656828888456607,5.1712177557169924e-05
1515,4.684630338113105,5.162626423996285e-05
1516,4.668989209418762,5.2575230473820534e-05
1517,4.610581805839456,5.4101385125840286e-05
1518,4.508303068450369,5.588514128099497e-05
1519,4.359878353213278,5.834767511699287e-05
1520,4.163524903540186,6.064835405786012e-05
1521,3.920100941771572,6.345544345419153e-05
1522,4.744860664213399,5.1447264426967285e-05
1523,4.760420399478296,5.1320673016260625e-05
1524,4.732724031872974,5.1902470233779675e-05
1525,4.661341457896124,5.355592064896756e-05
1526,4.544125508661197,5.585344029660114e-05
1527,4.37850876506286,5.8260992481283004e-05
1528,4.805788493217991,5.045487612750681e-05
1529,4.807259323624574,5.04602907890706e-05
1530,4.765356300376294,5.113161773639753e-05
1531,4.678557658710128,5.356820863848653e-05
1532,4.8368689262233415,4.98272919383493e-05
1533,4.823084239672552,4.983375523885055e-05
1534,3.643493019988003,6.46729478580805e-05
1535,3.5375455272028797,6.494795361604203e-05
1536,3.4027749850970466,6.586616307950449e-05
1537,3.2415823319307138,6.692615074149585e-05
1538,3.057625775901836,6.896452286889683e-05
1539,2.85907936050732,7.130825598120873e-05
1540,2.714812663651471,7.37580103401761e-05
1541,2.825639256526953,7.266171385432213e-05
1542,2.8612375206342393,7.193551463246477e-05
1543,2.7087302662476684,7.343600062062839e-05
1544,2.5186029372581884,7.499655494694712e-05
1545,3.7096971059194943,6.349060630132917e-05
1546,3.5741899374412522,6.457462155595251e-05
1547,3.402199124315754,6.604879381394958e-05
1548,3.208990667036475,6.804497947559609e-05
1549,3.0116833413105546,7.02933568972864e-05
1550,2.8672553966241128,7.244655764850198e-05
1551,2.891748247379947,7.20818794083562e-05
1552,2.9528160038189553,7.103830733077902e-05
1553,2.9211073639715286,7.141086181308053e-05
1554,2.7700229133959144,7.315434237039687e-05
1555,2.698180421422265,7.396479404245749e-05
1556,2.827526873940758,7.2596030877307e-05
1557,2.886164698863573,7.15776821135109e-05
1558,2.8519430024647257,7.207364953399927e-05
1559,2.7577666554256126,7.338503228600318e-05
1560,2.6733473865248687,7.36828618707729e-05
1561,2.8482802758579355,7.141910168656649e-05
1562,3.04577832650146,6.906775140779122e-05
1563,3.2306170019855225,6.724860321301894e-05
1564,3.3961596812395425,6.610759223766163e-05
1565,3.8058254246736523,6.298347557286278e-05
1566,3.653895614660058,6.454984297577578e-05
1567,3.471716563106059,6.655216716942648e-05
1568,3.2932873484338523,6.84013054432453e-05
1569,3.163776024126711,6.968679692556223e-05
1570,3.1271370187902066,6.95620553566369e-05
1571,3.145999839828538,6.853511514540332e-05
1572,3.132845526218599,6.84645193300413e-05
1573,3.0185965418412417,7.048017126666519e-05
1574,2.826951993553915,7.262571386553342e-05
1575,2.8195887458159987,7.281740773012312e-05
1576,2.8698130611229833,7.169085598554847e-05
1577,2.860535208067561,7.178008226555339e-05
1578,2.802500706111469,7.237528460028069e-05
1579,2.70826528394058,7.377507212148632e-05
1580,2.6560531950141018,7.357740874427358e-05
1581,2.84021111069388,7.134442394930394e-05
1582,3.0399506152037903,6.934920503275582e-05
1583,3.925570570362779,6.177726098109759e-05
1584,3.7839116638551276,6.396587723349605e-05
1585,3.6382639047552474,6.566068321760454e-05
1586,3.529430616133532,6.645470382430791e-05
1587,3.4788045141727113,6.642599897139262e-05
1588,3.4690542383166107,6.614793349225393e-05
1589,3.4418879298830594,6.59452959999885e-05
1590,3.3334087960238103,6.725311934320565e-05
1591,3.1492805706986657,6.9456511925369e-05
1592,2.931475590725172,7.187271240651378e-05
1593,2.8390064987606056,7.237723448761376e-05
1594,2.8483107651703836,7.175627515395669e-05
1595,2.8254699697801837,7.198517528974127e-05
1596,2.768184939591958,7.273963832823747e-05
1597,2.6826946390932256,7.39174630903133e-05
1598,2.6513915435478412,7.372887016508128e-05
1599,4.076924567341563,5.980705162137147e-05
1600,3.9752264224102256,6.143796820938929e-05
1601,3.890408559503804,6.226728513014323e-05
1602,3.84202989722678,6.273496680404305e-05
1603,3.8187367548404234,6.31457855825015e-05
1604,3.7751420418710304,6.360901891775047e-05
1605,3.662534425604879,6.465515147168284e-05
1606,3.4820484436453487,6.6401562458861e-05
1607,3.2555781168233726,6.8559477656933e-05
1608,3.0085931268650548,7.135712243927676e-05
1609,2.845707447076087,7.230861688728042e-05
1610,2.8278558328841843,7.19743441911581e-05
1611,2.805128545207848,7.213997989186614e-05
1612,2.75616588933194,7.275811854020243e-05
1613,4.254174010984014,5.644467602686257e-05
1614,4.19845093059039,5.853661600100248e-05
1615,4.159596553699573,5.9493183677486125e-05
1616,4.132036817429797,6.030122970064849e-05
1617,4.0805999419916805,6.0896161881897835e-05
1618,3.971021617250363,6.213004612414911e-05
1619,3.801272181596879,6.39604783837041e-05
1620,3.581970177496267,6.585470559413554e-05
1621,3.325418493725606,6.815347293455377e-05
1622,3.0518173876058077,7.101299987183369e-05
1623,2.850471708917258,7.214473509835348e-05
1624,2.820286369678054,7.206211480677867e-05
1625,4.430131016220944,5.515888299116578e-05
1626,4.4068607173435685,5.64761493611067e-05
1627,4.384408570366651,5.7439372444121676e-05
1628,4.337462775267635,5.822728076111187e-05
1629,4.2408150989200815,5.965267137967847e-05
1630,4.089580162571125,6.14718399768428e-05
1631,3.887535858935929,6.364337786434982e-05
1632,3.6409168823748876,6.563568538483705e-05
1633,3.359718225384601,6.79761539849625e-05
1634,3.0657307350125933,7.079818831492132e-05
1635,4.5810157432584715,5.372552932663513e-05
1636,4.5711900136354,5.5117233185879766e-05
1637,4.538657455703927,5.5776568190200764e-05
1638,4.462179526674695,5.705613511057916e-05
1639,4.334909718304367,5.869865370905611e-05
1640,4.156746007499776,6.0809731753561845e-05
1641,3.930010036753835,6.333050563429543e-05
1642,3.660345804813401,6.544252402716368e-05
1643,4.696284794637939,5.249678723849059e-05
1644,4.683534561104566,5.361719122798446e-05
1645,4.631186607969369,5.4531773423144394e-05
1646,4.5306499567141225,5.6259998620949894e-05
1647,4.3799420428606215,5.826071990554811e-05
1648,4.178852391954375,6.0559705430405944e-05
1649,4.773155381193472,5.178490884181143e-05
1650,4.747778096869579,5.2846748805705784e-05
1651,4.674911409414595,5.4468267296636215e-05
1652,4.55275640005605,5.611349867840024e-05
1653,4.811470997911781,5.163082025902032e-05
1654,4.768626866020207,5.2510133581957857e-05
1655,3.4085534220243345,6.620121718303382e-05
1656,3.2195708897658664,6.778222966136943e-05
1657,3.025060626221117,7.018768418657076e-05
1658,2.865686133659875,7.214040290780304e-05
1659,2.851779596493104,7.235561990691852e-05
1660,2.9123993126687155,7.12973292185247e-05
1661,2.947717168047966,7.067047779791241e-05
1662,2.9211079464786205,7.136517675605029e-05
1663,2.8154358967873083,7.278538996584696e-05
1664,3.4858175462330023,6.633849972848158e-05
1665,3.3123431321082872,6.804433487823716e-05
1666,3.1745756737761437,6.94382207293772e-05
1667,3.1154495933189112,6.969705458394248e-05
1668,3.122536950737626,6.912839229692828e-05
1669,3.1402808043006596,6.847623633906515e-05
1670,3.124607793688117,6.897417308105076e-05
1671,3.0492327718088736,7.068601887188136e-05
1672,2.9391658811809998,7.193568273557643e-05
1673,2.9291620508104113,7.16098078315062e-05
1674,2.946394241921547,7.072573902180175e-05
1675,2.9290960540301594,7.086325986882764e-05
1676,2.8816211483228344,7.152933414151017e-05
1677,2.827928786326999,7.23338013113491e-05
1678,2.861547446238021,7.187553707828149e-05
1679,3.025515419428749,6.991791660993495e-05
1680,3.648862762936926,6.531659305161665e-05
1681,3.5349396658125927,6.611390520892452e-05
1682,3.4698589957370585,6.637729669048848e-05
1683,3.4513418353618817,6.595328564248166e-05
1684,3.4518732075619316,6.595850895043469e-05
1685,3.433578057191522,6.619284982875676e-05
1686,3.362156670098701,6.751627525744075e-05
1687,3.230931064026275,6.962220715841196e-05
1688,3.0806032455994163,7.117507743822603e-05
1689,2.9865305975550247,7.123069928797093e-05
1690,2.949040552540621,7.066542157802031e-05
1691,2.913560365485615,7.09283297440469e-05
1692,2.8655895775389997,7.1566827429528e-05
1693,2.8201083262263156,7.24433759369347e-05
1694,3.888435770322203,6.230884930629272e-05
1695,3.82882605778165,6.260623264359227e-05
1696,3.802044097394819,6.287745389172831e-05
1697,3.791367138699467,6.335238922725453e-05
1698,3.76490024302953,6.388756550776424e-05
1699,3.6883323246123747,6.522038046602574e-05
1700,3.548355915036323,6.65222479214574e-05
1701,3.3606642169015486,6.859650495301613e-05
1702,3.161287841901346,7.043970478549432e-05
1703,3.015500819043161,7.102398771359584e-05
1704,2.94843753037674,7.079314381477969e-05
1705,2.907925032725408,7.074393574066984e-05
1706,4.148198365281007,5.953525655237162e-05
1707,4.120033563297881,6.043306662609842e-05
1708,4.104064892139106,6.091757537478515e-05
1709,4.073088611720063,6.1672529137131e-05
1710,3.995690981978932,6.249469597824758e-05
1711,3.8569651673823127,6.39731901188039e-05
1712,3.663511670378001,6.5763274984526e-05
1713,3.4326482962956715,6.789952649206293e-05
1714,3.1980541059387972,6.989963305049058e-05
1715,3.0244897422148944,7.101026353874505e-05
1716,4.3803447764863686,5.779812429620631e-05
1717,4.364254888148286,5.869390874779208e-05
1718,4.335171182819527,5.917954132537048e-05
1719,4.264105206221673,6.002068491007742e-05
1720,4.135321882089026,6.14474503706801e-05
1721,3.94971677846946,6.323032249099412e-05
1722,3.7176906326968453,6.540211011341308e-05
1723,3.455643806206051,6.751907801662327e-05
1724,4.560090025875958,5.6503743194291804e-05
1725,4.539421303937803,5.682399507933713e-05
1726,4.4814626600022365,5.74190599413621e-05
1727,4.3691298899988595,5.852161685244262e-05
1728,4.200157315087398,6.087501854224133e-05
1729,3.9797383233989816,6.28717011315856e-05
1730,4.679097602995413,5.50277730609596e-05
1731,4.641118511446526,5.584694632106102e-05
1732,4.550090925590278,5.6738739920697186e-05
1733,4.402256005149749,5.840800878370523e-05
1734,4.737585021722357,5.4112552053101e-05
1735,4.673828294773329,5.5535357203394e-05
1736,3.1742881842446895,6.93112329283509e-05
1737,3.106774504596362,6.977974325680584e-05
1738,3.1080589486490906,6.92843875751192e-05
1739,3.136244195676207,6.866659246928438e-05
1740,3.1623557174568124,6.865216149741771e-05
1741,3.1729670836254678,6.95635595103571e-05
1742,3.1689739258920278,7.058643008064768e-05
1743,3.464991929351947,6.651347045147799e-05
1744,3.4420650311375343,6.588309811630533e-05
1745,3.4520608782961775,6.56765631184172e-05
1746,3.4732246771496116,6.572682016814294e-05
1747,3.4824688625683717,6.664528535127153e-05
1748,3.4583579438872225,6.775580154429222e-05
1749,3.3949814253648447,6.868684106996248e-05
1750,3.3123836609145454,6.915965867977046e-05
1751,3.2364066322799587,6.895430526781824e-05
1752,3.1777989656273102,6.839201329375736e-05
1753,3.1329644674822195,6.840321625507188e-05
1754,3.1031518388802977,6.931343300852847e-05
1755,3.796210837955834,6.291136828809392e-05
1756,3.793361292840629,6.310443711102313e-05
1757,3.804274766922262,6.363901465320559e-05
1758,3.8039090543278276,6.397813243129422e-05
1759,3.764430581567115,6.51562027754577e-05
1760,3.6708116651668847,6.605505499856467e-05
1761,3.5353917852171812,6.744942539173529e-05
1762,3.387203513746647,6.849810083790706e-05
1763,3.2638911598813762,6.86066997991423e-05
1764,3.182134944699719,6.856044339370085e-05
1765,4.107291686990569,6.0958938470112794e-05
1766,4.10933366560058,6.140697478689025e-05
1767,4.101581369970474,6.179946173071856e-05
1768,4.054565019893636,6.232734486581784e-05
1769,3.9497633456142593,6.344150112092232e-05
1770,3.791611489283596,6.4835822160704e-05
1771,3.600012696450859,6.6761269745343e-05
1772,3.4104057977590916,6.842914283135891e-05
1773,4.360992431448723,5.922291697767753e-05
1774,4.351349087024238,5.943464169869993e-05
1775,4.305019870907156,5.9786773768800464e-05
1776,4.2009660211419835,6.084705902687053e-05
1777,4.038288460314351,6.250282138077373e-05
1778,3.829793035469393,6.446470471375466e-05
1779,4.535748302287886,5.753030161652623e-05
1780,4.498897039961527,5.7804576912792736e-05
1781,4.404561958148372,5.8686924498960114e-05
1782,4.248223320661817,6.022751857886267e-05
1783,4.623321001977527,5.6536700423112754e-05
1784,4.547285623957704,5.745038358346167e-05
1785,3.4516177750191153,6.53513442056739e-05
1786,3.488365828547978,6.573842483031756e-05
1787,3.5409448746605454,6.628490905979752e-05
1788,3.594378988662621,6.639150625200495e-05
1789,3.6285459819159787,6.644218466358763e-05
1790,3.814833131311769,6.352761855547006e-05
1791,3.8530507276837263,6.372514061839826e-05
1792,3.8867799143365276,6.38363342218359e-05
1793,3.890264000660543,6.391345716340991e-05
1794,3.846910822824336,6.43716004345795e-05
1795,3.7613003157801854,6.506792213398543e-05
1796,3.65572817401285,6.591332042645907e-05
1797,3.558483585459681,6.59140051631927e-05
1798,4.133724268854775,6.142672020172782e-05
1799,4.153758637386953,6.139810140178089e-05
1800,4.140273262396789,6.134781022507729e-05
1801,4.072606757397457,6.205871081775135e-05
1802,3.9533602521027844,6.317748373827774e-05
1803,3.803329994532178,6.437158876496848e-05
1804,4.365656646901118,5.929961900975599e-05
1805,4.346940289790716,5.9470610621467863e-05
1806,4.2702290061923724,5.9968100289796954e-05
1807,4.133214244107242,6.1314623116222e-05
1808,4.4861035576639186,5.832273019301821e-05
1809,4.412312990088231,5.8723377339346984e-05
1810,3.925276899253335,6.310822046129995e-05
1811,3.999075437308572,6.261889036729116e-05
1812,4.046160752405351,6.21399172758626e-05
1813,4.206474959412585,6.0454925764968416e-05
1814,4.228997432184205,6.011857228525474e-05
1815,4.197913082375705,6.022367070832277e-05
1816,4.1137393545380645,6.109554339448326e-05
1817,4.358028149943495,5.922594297389716e-05
1818,4.309485478497614,5.937380637382885e-05
1819,4.286678829800454,5.947248416851402e-05
1820,3.7046154381922167,6.593843430809099e-05
1821,3.6954867021776256,6.579023128272349e-05
1822,3.6663330148288398,6.518644116482839e-05
1823,3.6126810304420665,6.421373747712965e-05
1824,3.529459437502176,6.485344891818667e-05
1825,3.4134629986947465,6.54869756702989e-05
1826,3.26518392296298,6.68133271443512e-05
1827,3.0893718537665267,6.90821057989507e-05
1828,2.8942176700121696,7.131878776284681e-05
1829,2.811730249275465,7.286400745923733e-05
1830,2.9421412812505534,7.203503244438004e-05
1831,3.033045856251285,7.117126007528119e-05
1832,3.0800158269861564,7.019715579027623e-05
1833,3.7277996342453785,6.555559405070502e-05
1834,3.7400120689020997,6.438325967338075e-05
1835,3.7274242084247677,6.353115531719458e-05
1836,3.684264946562773,6.390062908866829e-05
1837,3.606049989343789,6.431112683766876e-05
1838,3.4915222180272663,6.508786053532897e-05
1839,3.3434998417116644,6.640613861979927e-05
1840,3.168428821803488,6.841171566415804e-05
1841,2.974915726047636,7.047943968862908e-05
1842,2.914650284000699,7.217714361557615e-05
1843,3.014418356937161,7.117166171915313e-05
1844,3.0737107670423196,7.030594555814709e-05
1845,3.0887593411933887,6.993394506598631e-05
1846,3.0603387549350223,7.040217835614587e-05
1847,2.990972484692765,7.148626880587511e-05
1848,2.930390311576679,7.169140277185737e-05
1849,3.0927177506281036,6.945087202850982e-05
1850,3.2794655183024433,6.718187278916122e-05
1851,3.4474835805413053,6.506957025853241e-05
1852,3.586149161358162,6.424444817821942e-05
1853,3.6885025026268248,6.351921678995595e-05
1854,3.750991153017473,6.28305434615913e-05
1855,3.7726490881804713,6.317295630842197e-05
1856,3.7509500401125733,6.502580302136866e-05
1857,3.7935264336011305,6.26673853730436e-05
1858,3.822181386654046,6.281871426543904e-05
1859,3.819965338691225,6.270279739149041e-05
1860,3.781671900214237,6.262135737771097e-05
1861,3.704795027038452,6.320785569245412e-05
1862,3.590509869925629,6.427774142304959e-05
1863,3.4434623335519587,6.574055674445978e-05
1864,3.27054908702419,6.73816373914886e-05
1865,3.079253037132653,6.955115999340196e-05
1866,3.0313779936167027,7.04960938077408e-05
1867,3.0976190210020347,6.93200507828314e-05
1868,3.128341853540401,6.881375148370874e-05
1869,3.134029046938814,6.905985615887615e-05
1870,3.142306999514965,6.962574583919414e-05
1871,3.2347049858256063,6.882671624026944e-05
1872,3.3977488290223703,6.686015509773775e-05
1873,3.568500133901772,6.495393867891846e-05
1874,3.7221078746916483,6.307464864339094e-05
1875,3.843272720670341,6.234907852793782e-05
1876,3.9178456191434443,6.135258377719514e-05
1877,3.933110538974856,6.085520357251297e-05
1878,3.8820381808775513,6.048518665017715e-05
1879,3.8922294114189824,6.214386741467236e-05
1880,3.931519381065097,6.174159982141201e-05
1881,3.9344726124426272,6.123580598354213e-05
1882,3.8977232936319672,6.137318927466228e-05
1883,3.821128269536453,6.18748192603242e-05
1884,3.7077091333563224,6.30780605871118e-05
1885,3.562624228895785,6.480001698082738e-05
1886,3.3916661085340327,6.641449754491536e-05
1887,3.2000079095272373,6.824349585132131e-05
1888,3.2455321167590623,6.774704114749241e-05
1889,3.3116848688552083,6.711041583577701e-05
1890,3.382171023305235,6.706651934370212e-05
1891,3.4841066114961716,6.648501038781786e-05
1892,3.6170544475317397,6.508614773490782e-05
1893,3.767550661437686,6.387960802517528e-05
1894,3.915988717042106,6.226179328760912e-05
1895,4.043615552921623,6.0476465762413956e-05
1896,4.129038290555463,5.9050440066902385e-05
1897,4.14680503855706,5.855594661611874e-05
1898,4.0786760213353555,5.946020524962049e-05
1899,4.012772967429426,6.000850076918496e-05
1900,4.057882114485162,5.910088033336157e-05
1901,4.062840554906201,5.887883677472242e-05
1902,4.026456254774423,5.979292921607763e-05
1903,3.950394071879084,6.061784496341999e-05
1904,3.8382990809522366,6.156974502471571e-05
1905,3.694417865326303,6.343365767894745e-05
1906,3.5223992287336534,6.53648038574723e-05
1907,3.561693123140665,6.485023017353906e-05
1908,3.6584325013833303,6.460428017375574e-05
1909,3.764394953141554,6.39350928181028e-05
1910,3.890025290527597,6.277304641428057e-05
1911,4.023536476174382,6.16298971730829e-05
1912,4.157506260423487,6.0063862759165695e-05
1913,4.279269365058614,5.8606432312926086e-05
1914,4.368570851895052,5.6717306233258226e-05
1915,4.393229965453736,5.580956034629918e-05
1916,4.319055433394742,5.5777535586071774e-05
1917,4.145663891248894,5.692920288776024e-05
1918,4.193204979947754,5.6661569924568075e-05
1919,4.19842928392658,5.6684418229459e-05
1920,4.161909729149515,5.749747491480924e-05
1921,4.086109699910239,5.8601911150035904e-05
1922,3.9740852782851577,6.048192834196255e-05
1923,3.85810675873277,6.328508632801462e-05
1924,3.9406640468979424,6.261304531886574e-05
1925,4.046827216912647,6.199311206023329e-05
1926,4.1658425894412145,6.109808735667291e-05
1927,4.290832426857377,5.977744580838623e-05
1928,4.4163529202763465,5.831734723146526e-05
1929,4.532029104324189,5.676317320094897e-05
1930,4.622131046622962,5.402900237993091e-05
1931,4.654932059154696,5.2661294317409985e-05
1932,4.583054592882302,5.234416594714556e-05
1933,4.2834623529639515,5.5105436188061556e-05
1934,4.330690500072858,5.502190174078349e-05
1935,4.334565558472327,5.4978794411195695e-05
1936,4.296696930003241,5.643392107329595e-05
1937,4.21937173485981,5.7988567671951886e-05
1938,4.2155895545104825,6.043641147427068e-05
1939,4.297433027981239,5.995910811781431e-05
1940,4.405114349941757,5.925314764827195e-05
1941,4.526419935045076,5.7911757023042284e-05
1942,4.652516265372097,5.6316965032936396e-05
1943,4.769893602493967,5.401106931367507e-05
1944,4.866832907993046,5.210149083744694e-05
1945,4.913691473450851,5.065307289130681e-05
1946,4.852185197397142,4.9633420140760206e-05
1947,4.419379701927728,5.3753689500089936e-05
1948,4.463354234985711,5.268306386480232e-05
1949,4.46360823195094,5.3904455403955205e-05
1950,4.4501736990073475,5.697879188377765e-05
1951,4.500709001481585,5.7894472872263785e-05
1952,4.585095802773938,5.736778911688528e-05
1953,4.694699221475133,5.60218562997793e-05
1954,4.818193249116394,5.462283408924962e-05
1955,4.951299353602021,5.27550751699691e-05
1956,5.067568130390322,5.114315364794583e-05
1957,5.146779337074183,4.9581012938496816e-05
1958,5.110860498305873,4.8934858893968794e-05
1959,4.546246335813116,5.222744835974437e-05
1960,4.586268472310134,5.262249610777251e-05
1961,4.622414350379413,5.4485976721856054e-05
1962,4.682304681732527,5.471298700153461e-05
1963,4.771524245153558,5.393533893714333e-05
1964,4.8850727806686205,5.311311752883405e-05
1965,5.013115964287715,5.2273634017415994e-05
1966,5.144908430929402,5.110318508697386e-05
1967,5.290968802402348,4.960145779989573e-05
1968,5.3481675658367696,4.716635898082654e-05
1969,4.656828888456607,5.192233085550512e-05
1970,4.7036535109397,5.1638247709416566e-05
1971,4.763591329353184,5.262724910199002e-05
1972,4.849470663420162,5.234357344435849e-05
1973,4.959940029842775,5.1727341235787824e-05
1974,5.08572949352402,5.14776308221588e-05
1975,5.2126048172693,5.0755442591492364e-05
1976,5.3375440513713075,5.00842281553881e-05
1977,4.744860664213399,5.115524096777553e-05
1978,4.7889441531538735,5.098343556792678e-05
1979,4.855563487064286,5.1173270926759535e-05
1980,4.947293525543562,5.153625679936868e-05
1981,5.054979136729796,5.134071262879319e-05
1982,5.158143644588464,5.112305168728549e-05
1983,4.805788493217991,5.0811016956686054e-05
1984,4.840484369488088,4.981044114287374e-05
1985,4.9005232767552265,5.0627568650454105e-05
1986,4.9790163142654285,5.1257169292577645e-05
1987,4.8368689262233415,4.961094403522224e-05
1988,4.857710999725513,4.976367472250605e-05
1989,3.8165937685457783,6.214254683480246e-05
1990,3.853208042795676,6.148113562368099e-05
1991,3.836203752013751,6.178217831784455e-05
1992,3.7705820012866376,6.265743589505123e-05
1993,3.662117309146925,6.356194698979154e-05
1994,3.5185183548125654,6.513463818473897e-05
1995,3.3497150714225206,6.655211976704365e-05
1996,3.1709904206125517,6.894366776223736e-05
1997,3.0480963720926595,7.056362334350177e-05
1998,3.074893754593476,6.993925191796381e-05
1999,3.1066527908536323,6.942560737739555e-05
2000,3.9152080270321528,6.114365032171574e-05
2001,3.9610046900195073,6.050614557271657e-05
2002,3.9455534602286138,6.114535724068533e-05
2003,3.8782921064186135,6.156853996469843e-05
2004,3.76929553914923,6.24271500000065e-05
2005,3.628893184790531,6.420460474652689e-05
2006,3.4692701160814208,6.573336073250728e-05
2007,3.3130215762081496,6.776898460210058e-05
2008,3.223631335026147,6.842808584921472e-05
2009,3.224084920247761,6.775972931065744e-05
2010,3.2433930790985555,6.748869592146403e-05
2011,3.285026568676061,6.79502009574548e-05
2012,3.373053754404294,6.753877403551605e-05
2013,3.5133602576985155,6.585122643817868e-05
2014,3.6717693752622917,6.42474321619602e-05
2015,3.82189432365784,6.272083220374733e-05
2016,3.945466275150788,6.142922494980069e-05
2017,4.024528431638894,6.034672366898995e-05
2018,4.040270905426349,5.994809668734505e-05
2019,3.980450045205895,6.054515572525834e-05
2020,4.035694304770128,5.9746070983084394e-05
2021,4.085960154742611,5.909084674507371e-05
2022,4.070790053060096,5.9754216492855704e-05
2023,4.004709245364424,6.0594273340678294e-05
2024,3.9006696765722966,6.164357414256008e-05
2025,3.771194343563986,6.314301670977078e-05
2026,3.634694907677543,6.466821461323853e-05
2027,3.5329228002610518,6.566672257239666e-05
2028,3.5171952743058514,6.563538466137646e-05
2029,3.5655607442296424,6.511451995770325e-05
2030,3.6529768688778184,6.458583183901436e-05
2031,3.7703985513414824,6.36362085915911e-05
2032,3.904819614657077,6.244560101136062e-05
2033,4.041839985362403,6.113301378658189e-05
2034,4.164258278377107,5.9666433962024255e-05
2035,4.2502523631580535,5.804630772127087e-05
2036,4.270503960680508,5.757129647455418e-05
2037,4.198930715898737,5.7791694292445716e-05
2038,4.168562859362344,5.7406581403145516e-05
2039,4.220901443046041,5.749928246859111e-05
2040,4.2078007407786835,5.774811053209189e-05
2041,4.147671089729192,5.891351581822294e-05
2042,4.056265469502816,6.0225794398080066e-05
2043,3.953734796205011,6.18126414974489e-05
2044,3.880654131295238,6.29274838523107e-05
2045,3.885211859358308,6.294224398195718e-05
2046,3.954762924404989,6.264525180316978e-05
2047,4.055918083600079,6.170414118901625e-05
2048,4.175228255646637,6.089831247173724e-05
2049,4.298038840131272,5.88318954055837e-05
2050,4.412141564299027,5.740026421158008e-05
2051,4.498719318002775,5.562112817520341e-05
2052,4.525378689294688,5.434587958530877e-05
2053,4.451436757410374,5.4035149949528014e-05
2054,4.306355102893774,5.561903027333907e-05
2055,4.360238753215712,5.460447439327165e-05
2056,4.353249535509556,5.5756938974023175e-05
2057,4.307260076998788,5.7685537206662524e-05
2058,4.247056095816225,5.906517262440812e-05
2059,4.213699785321846,5.9827637216007114e-05
2060,4.244808495385936,6.03104713674849e-05
2061,4.328337249408246,5.963482857032228e-05
2062,4.436797868772966,5.85660650947981e-05
2063,4.552369090135838,5.7152342142950484e-05
2064,4.6625192665454325,5.5336680236307786e-05
2065,4.751147760338808,5.325085288706217e-05
2066,4.787088247362479,5.114465960627213e-05
2067,4.718617444900484,5.1223720893509086e-05
2068,4.4422766821959385,5.3606874996592015e-05
2069,4.498054028058958,5.348714903254126e-05
2070,4.504433317868253,5.44640074981772e-05
2071,4.491258696087575,5.604989312602445e-05
2072,4.498221637312627,5.7277412021302114e-05
2073,4.5532702572546135,5.73577627155342e-05
2074,4.647665233847502,5.662956040026493e-05
2075,4.7610141238104005,5.4891446533757595e-05
2076,4.879395790693608,5.31248839610378e-05
2077,4.979690243139556,5.1369350122160453e-05
2078,5.0358966930108435,4.9843329942681084e-05
2079,4.982862939634313,4.956662830833436e-05
2080,4.569176253196799,5.2764859937574144e-05
2081,4.6276591917120955,5.283484209295514e-05
2082,4.659530542024043,5.354212563877449e-05
2083,4.701929915427146,5.446287409478088e-05
2084,4.778210661031185,5.4561779657502826e-05
2085,4.884092913022036,5.3490465838347996e-05
2086,5.004957401792126,5.218770552201089e-05
2087,5.137403960235832,5.060492258643252e-05
2088,5.239858046583472,4.892470681906467e-05
2089,5.230598434276078,4.7878617672817405e-05
2090,4.679837344030058,5.177649624542014e-05
2091,4.741669235181839,5.171496992129912e-05
2092,4.805748518270934,5.2445031313458184e-05
2093,4.895452356761256,5.1916286360528974e-05
2094,5.009956522216619,5.1526552771093575e-05
2095,5.137460530268805,5.080076478976571e-05
2096,5.283441217636391,4.9993748070223483e-05
2097,5.409139854774714,4.9574884109000314e-05
2098,4.767982503359858,5.093642316364459e-05
2099,4.831285769228128,5.0875280113623326e-05
2100,4.9157207610457005,5.112242095623393e-05
2101,5.02368306150895,5.130062556736458e-05
2102,5.141869641037565,5.107707180691865e-05
2103,5.2456825652329835,5.049528773806905e-05
2104,4.829021659655592,5.002001091591774e-05
2105,4.888099837658053,5.0167045796013014e-05
2106,4.972500685965684,5.117241149640788e-05
2107,5.067329070116502,5.068906566029374e-05
2108,4.860170263497718,4.9683279530707146e-05
2109,4.907423097129848,4.9862843440931434e-05
2110,4.1008141747081455,5.914189252089291e-05
2111,4.164642306522393,5.8513127912203934e-05
2112,4.1478480763921075,5.8830932581589424e-05
2113,4.069664063668709,6.008506956245281e-05
2114,3.953030300032513,6.188303855999056e-05
2115,3.817992848720917,6.306172747777787e-05
2116,3.6854974997378562,6.432158315152695e-05
2117,3.581577895575633,6.540866228199176e-05
2118,3.526759139934856,6.551841044563042e-05
2119,4.233627523225251,5.725108008497661e-05
2120,4.299146617422521,5.683553311363772e-05
2121,4.284399847198488,5.68482799414011e-05
2122,4.214462135907707,5.893195333371199e-05
2123,4.114774421893562,6.0255817164925134e-05
2124,4.008900275663962,6.173615105592456e-05
2125,3.9240402446553686,6.242893132948073e-05
2126,3.8874392248291314,6.299146224592881e-05
2127,3.908188577844556,6.283323953373376e-05
2128,3.9802073291430315,6.220186880206779e-05
2129,4.0826394998550075,6.116112253846717e-05
2130,4.197336018383043,5.956339870803105e-05
2131,4.30542308836393,5.839470409731767e-05
2132,4.384600382312517,5.646371643090778e-05
2133,4.404182472285163,5.520555556811095e-05
2134,4.33163228512466,5.591313672344996e-05
2135,4.371368490217117,5.488000475674659e-05
2136,4.438284259758335,5.47899455404792e-05
2137,4.430997100815612,5.5956344642233586e-05
2138,4.378248685195706,5.713669993121702e-05
2139,4.309335042062305,5.867628748046267e-05
2140,4.255169913491114,5.9814872569420466e-05
2141,4.244817029273985,6.027367613473425e-05
2142,4.286594095708753,5.9944112040562985e-05
2143,4.365027165227947,5.9171302893235904e-05
2144,4.462263698949447,5.790846418046026e-05
2145,4.559910293790274,5.614234339352247e-05
2146,4.637107988317245,5.399066665965966e-05
2147,4.661296681244435,5.25253715564276e-05
2148,4.588307936272044,5.2434590442532994e-05
2149,4.507235670359732,5.286857303561126e-05
2150,4.576097166376028,5.290856681108942e-05
2151,4.583203520528751,5.4288765463958054e-05
2152,4.5604918761917705,5.562007490160443e-05
2153,4.5429527659137285,5.658122425625845e-05
2154,4.5604376998491425,5.730720820788818e-05
2155,4.620354096007286,5.6791784800632865e-05
2156,4.708052822538614,5.558559166479037e-05
2157,4.801006401248546,5.375386345441288e-05
2158,4.88151674676103,5.1774767902048524e-05
2159,4.916615460107589,5.0539955632118304e-05
2160,4.851653877718222,5.013414352699437e-05
2161,4.634151064545034,5.197354689515553e-05
2162,4.705681393196403,5.177708628312653e-05
2163,4.736123917274346,5.3040828289600645e-05
2164,4.759888785362731,5.41442872868869e-05
2165,4.807007007335543,5.404036653543851e-05
2166,4.88581197580181,5.3371678069258e-05
2167,4.989368665313499,5.188882873806891e-05
2168,5.08497214517802,5.025879739518727e-05
2169,5.148153406050016,4.912772789240525e-05
2170,5.105037681022704,4.884648765627435e-05
2171,4.744968292743665,5.073942279874023e-05
2172,4.819756241375874,5.1001213071705985e-05
2173,4.88130951110963,5.1208740986425384e-05
2174,4.957266890474943,5.134933292550144e-05
2175,5.056584529457664,5.099136752508351e-05
2176,5.170815308101082,5.037271198029727e-05
2177,5.299395136723493,4.9346238651078674e-05
2178,5.336695122087955,4.719131693484618e-05
2179,4.8333921642098066,5.04455765246097e-05
2180,4.910519911730838,5.0365080374417614e-05
2181,4.999280239929775,5.032242963757379e-05
2182,5.108023343402988,5.029461969452333e-05
2183,5.2261519921238655,5.021778781132887e-05
2184,5.345539827008004,4.9713754233279486e-05
2185,4.894727554009569,4.9508405340331925e-05
2186,4.969534574178609,4.9526589819333694e-05
2187,5.065256035602445,4.998794631871747e-05
2188,5.165210775005462,4.986017977385549e-05
2189,4.926064060952157,4.928961992601094e-05
2190,4.989967154744601,4.920837669399287e-05
2191,4.469147818688933,5.407116831224256e-05
2192,4.542280925152455,5.373347413742906e-05
2193,4.528678461462208,5.513781715809098e-05
2194,4.464358768465376,5.6651337662403684e-05
2195,4.381382543109701,5.8330869358500314e-05
2196,4.305591649364159,5.9728211997628235e-05
2197,4.260126187813378,6.0121052428086425e-05
2198,4.604698453973683,5.24677343981222e-05
2199,4.678971783055152,5.240718212138997e-05
2200,4.6777027833981,5.3592978749128746e-05
2201,4.638375811819266,5.5490892517505586e-05
2202,4.595985502290172,5.6536229040147954e-05
2203,4.578576739910521,5.714449071805002e-05
2204,4.600026159816378,5.709997876414512e-05
2205,4.651612844619328,5.607701152275048e-05
2206,4.719642491860763,5.4510020991492634e-05
2207,4.779165181661533,5.274926457897893e-05
2208,4.795428583901673,5.0883360786220195e-05
2209,4.72298774573637,5.12693486117276e-05
2210,4.731378173110804,5.0787900512262706e-05
2211,4.807674183265435,5.0575865342830916e-05
2212,4.826788214465942,5.193613485821278e-05
2213,4.82633993865323,5.308416250420473e-05
2214,4.8399577194151995,5.352508219475839e-05
2215,4.8835664014139475,5.343463305399127e-05
2216,4.94707465884892,5.2123181407690494e-05
2217,5.009488216754319,5.0654950390395756e-05
2218,5.038153561033469,4.968567898607767e-05
2219,4.976011405277877,4.9496538560042545e-05
2220,4.842206163366686,5.062997232632287e-05
2221,4.921632280153303,4.989976308362018e-05
2222,4.970370821996097,5.0627655471767556e-05
2223,5.020694545480537,5.110793113725896e-05
2224,5.090700357579917,5.0807430290242195e-05
2225,5.179087835085222,4.979395624439195e-05
2226,5.244700770220037,4.8682122031057614e-05
2227,5.212876002968384,4.8121099223985875e-05
2228,4.930895802897649,4.9791195013223246e-05
2229,5.013703440196756,4.937337926237589e-05
2230,5.094840545832883,4.901127109150507e-05
2231,5.1905641287921105,4.958951182636585e-05
2232,5.309979690058885,4.9019640900101395e-05
2233,5.423312532428872,4.624613894835133e-05
2234,4.992595714812872,4.890927744918388e-05
2235,5.075134563286337,4.8889444891798896e-05
2236,5.171519672174976,4.889160637314221e-05
2237,5.268251694276171,4.8906859277004126e-05
2238,5.024184741762817,4.880544381484477e-05
2239,5.09684313518603,4.863048299809626e-05
2240,4.848878342834654,5.005927072561084e-05
2241,4.9217901252512135,5.009123846040908e-05
2242,4.920713839948554,5.100673903121129e-05
2243,4.890895386275715,5.263059401960546e-05
2244,4.868275039580291,5.331401074491989e-05
2245,4.95928849566069,4.9570843111107745e-05
2246,5.034513867330043,4.950103001509553e-05
2247,5.058994730535563,4.988406393762636e-05
2248,5.07305915258898,5.0171225850661196e-05
2249,5.102220157882049,5.0295986102582963e-05
2250,5.133817713945395,4.993121308875329e-05
2251,5.146834102290101,4.8711562715587887e-05
2252,5.085398795017066,4.862315137272449e-05
2253,5.047993558897188,4.872821861880992e-05
2254,5.127666432690673,4.845952480598891e-05
2255,5.187905679425527,4.8635712055324566e-05
2256,5.253480605176833,4.88106538191065e-05
2257,5.320704368180825,4.7897326855727446e-05
2258,5.300408679964486,4.716366373804589e-05
2259,5.109958062722202,4.83468455222294e-05
2260,5.192647143912649,4.7925900676161385e-05
2261,5.281541278446892,4.785687907012876e-05
2262,5.380379141670565,4.827307587059928e-05
2263,5.141778268593186,4.821630123511128e-05
2264,5.21666291658572,4.75090132498113e-05
2265,5.1737063210367085,4.8120166764861645e-05
2266,5.239003626454583,4.788145436963611e-05
2267,5.255610338639367,4.863370272517839e-05
2268,5.235705226202672,4.739941713362456e-05
2269,5.309697365105333,4.7170263050284026e-05
2270,5.373552163330297,4.6939991672069615e-05
2271,5.362211477592669,4.637864604014828e-05
2272,5.267662120704982,4.729726170420485e-05
2273,5.340406182459411,4.6931204132849874e-05
2274,5.394200032787808,4.6092488356707685e-05
2275,3.7046154381922167,6.572168813651754e-05
2276,5.561332626951481,4.611975943960871e-05
2277,5.559735075787659,4.614478981503897e-05
2278,5.5650600755074295,4.58992706482819e-05
2279,5.585398964741522,4.5967323623378416e-05
2280,5.625905272857117,4.6190898311921766e-05
2281,5.686030394356929,4.653344156287899e-05
2282,5.759378141951352,4.656360361891345e-05
2283,5.836062393082612,4.5981163820545703e-05
2284,5.906067829576327,4.55610663357383e-05
2285,5.961929850643719,4.522617723587264e-05
2286,5.999767324532694,4.503727332892767e-05
2287,6.018586245863071,4.4793889852191156e-05
2288,5.514566774022676,4.6510333894433925e-05
2289,5.4959234387917135,4.678052364407967e-05
2290,5.504240880892344,4.685283233561198e-05
2291,5.529169149333039,4.675880060589406e-05
2292,5.573666479322737,4.6625672832880165e-05
2293,5.637748105172595,4.6831249912896434e-05
2294,5.715940425784023,4.674510895999514e-05
2295,5.7988605346983135,4.632293940375565e-05
2296,5.876337824671561,4.585239874706204e-05
2297,5.940245920703865,4.533544144155262e-05
2298,5.985916222624152,4.504064057889088e-05
2299,6.011834824740488,4.478546584766032e-05
2300,6.018156419291363,4.4844318488427796e-05
2301,6.005218072573002,4.4873701609577106e-05
2302,5.97244899607215,4.501974049413058e-05
2303,5.920041068579747,4.556730653256942e-05
2304,5.85048171315208,4.5871189183672005e-05
2305,5.769828505388027,4.6460045718608884e-05
2306,5.687524138300669,4.687509580862207e-05
2307,5.614510657467023,4.676736960884635e-05
2308,5.56016243545775,4.6842421042110814e-05
2309,5.529392244774518,4.660607016036525e-05
2310,5.52199423759703,4.659768319379187e-05
2311,5.536191939182891,4.635628700956732e-05
2312,5.385131766102296,4.8650960862471135e-05
2313,5.350896157969872,4.9134435215836556e-05
2314,5.381665301413579,4.880102964039774e-05
2315,5.447514976343145,4.850272615012871e-05
2316,5.534556919762365,4.794175349535045e-05
2317,5.6333652024483145,4.7347247484005104e-05
2318,5.734061333322736,4.679346124384268e-05
2319,5.826873655654475,4.620686739440091e-05
2320,5.90402480054369,4.5659598965791974e-05
2321,5.960930464234914,4.5133736390426694e-05
2322,5.996018657439733,4.4908381034626964e-05
2323,6.009362206277008,4.482298945507713e-05
2324,6.0017459515176075,4.480956882745048e-05
2325,5.972279438761976,4.51944130494661e-05
2326,5.920088702062665,4.544769519433099e-05
2327,5.846166616799754,4.5928793492391705e-05
2328,5.755100014109207,4.672572210114031e-05
2329,5.656225016854213,4.734796591711425e-05
2330,5.563462089850612,4.7996259973844114e-05
2331,5.493447147032147,4.807987680029592e-05
2332,5.46122433485937,4.789350660292437e-05
2333,5.473716516159564,4.731903361027122e-05
2334,5.216257408889315,5.1374652960611687e-05
2335,5.193301674982313,5.20819634266159e-05
2336,5.266247643880648,5.082871610599895e-05
2337,5.383125767650268,4.940114879025912e-05
2338,5.513166043410776,4.8280293290982394e-05
2339,5.640471343333412,4.751254680698619e-05
2340,5.75486279207498,4.6640138937115645e-05
2341,5.849499665082774,4.593925852054873e-05
2342,5.920629666531135,4.531404960316448e-05
2343,5.967072748460703,4.4893308345903916e-05
2344,5.988918916174896,4.4881775149890096e-05
2345,5.986016639843946,4.487287996799789e-05
2346,5.958892399244952,4.513591781547122e-05
2347,5.9050656834208075,4.5520038264720126e-05
2348,5.824438814208287,4.607504199875956e-05
2349,5.7208565898775285,4.699163317235503e-05
2350,5.605132221670665,4.8007716774009087e-05
2351,5.497648791374839,4.901343653058282e-05
2352,5.427049379084209,4.984563907060873e-05
2353,5.416204572402773,4.921483796883198e-05
2354,5.065724045036551,5.353130324309282e-05
2355,5.0834421043579585,5.303500585487106e-05
2356,5.2097615667320945,5.142938696067325e-05
2357,5.369178182832125,4.977833980034097e-05
2358,5.5250974183957435,4.8327287698501835e-05
2359,5.662997159950388,4.7367021266801724e-05
2360,5.7764528460632,4.648023249723111e-05
2361,5.862831032200705,4.574632690095852e-05
2362,5.921609749036892,4.529409423671998e-05
2363,5.952911280089187,4.502245825802793e-05
2364,5.953972865841301,4.497593787702751e-05
2365,5.928471330844887,4.525246831979207e-05
2366,5.872129075652208,4.576254505174467e-05
2367,5.784543392102311,4.6280342398279106e-05
2368,5.670435570201729,4.745533992764189e-05
2369,5.545488319465238,4.8590271713092124e-05
2370,5.442250847022909,4.98225502402449e-05
2371,5.400090198076697,5.026719345194532e-05
2372,4.991656471465512,5.394302764094923e-05
2373,5.064197575653412,5.293850213180584e-05
2374,5.229805210814355,5.101537630708507e-05
2375,5.4060043543817065,4.932026180010869e-05
2376,5.562947639004111,4.814960872568481e-05
2377,5.691960615761894,4.7155371023651586e-05
2378,5.791065604642051,4.6280887638113325e-05
2379,5.86040317447342,4.5753187597468444e-05
2380,5.900106692323665,4.539188824841891e-05
2381,5.908921864452475,4.531682600861991e-05
2382,5.878206039506254,4.5539679284270196e-05
2383,5.818640113673645,4.60995813145966e-05
2384,5.72535079920281,4.684193067098341e-05
2385,5.607270374429689,4.7985905076427496e-05
2386,5.492691775390541,4.924022709101763e-05
2387,5.430678969631848,5.006861605732244e-05
2388,5.029251983686054,5.357897542617659e-05
2389,5.142697829248735,5.2455864881690244e-05
2390,5.314201364051166,5.0664532467492286e-05
2391,5.477387959682586,4.911074680336799e-05
2392,5.613050842174052,4.791522069990397e-05
2393,5.717709152863789,4.6753163617017115e-05
2394,5.7917240429655665,4.601023731078297e-05
2395,5.835216069165677,4.5491143398725784e-05
2396,5.8463214506861405,4.567329751673522e-05
2397,5.808616084949228,4.5709482905562976e-05
2398,5.743695165056272,4.640859420366848e-05
2399,5.646728486498532,4.733583409636402e-05
2400,5.540064821934287,4.8571993140962657e-05
2401,5.478713094879616,4.95194301669757e-05
2402,5.167342119116019,5.2626257567459325e-05
2403,5.291841826152535,5.1485853726753516e-05
2404,5.438838442493712,4.9915174966384153e-05
2405,5.566983604642594,4.849911246580312e-05
2406,5.665807274428442,4.7176971817054486e-05
2407,5.734361232165102,4.615932064146541e-05
2408,5.772645826401904,4.568018808847221e-05
2409,5.778453501683786,4.567601467584723e-05
2410,5.727187342203828,4.612856989667396e-05
2411,5.649779730264666,4.6760872278238897e-05
2412,5.550789215168878,4.810038413271905e-05
2413,5.50002265737923,4.9144810050753616e-05
2414,5.358524174279567,5.112558794771927e-05
2415,5.4713322255064005,4.973108940750397e-05
2416,5.579787829898862,4.826807289421316e-05
2417,5.662923935944169,4.699411130834469e-05
2418,5.716177934297148,4.594670053272162e-05
2419,5.739093583440184,4.536600327679816e-05
2420,5.729806940257254,4.543726087187435e-05
2421,5.682953751053425,4.523650862826098e-05
2422,5.551606315055162,4.6476941885975213e-05
2423,5.457730508252837,4.967277848985052e-05
2424,5.555280659972798,4.873546545197663e-05
2425,5.6455948799515685,4.736800671135409e-05
2426,5.714351176142032,4.5716865902850555e-05
2427,5.752501399043478,4.45838171278675e-05
2428,5.758840064553549,4.445531615365205e-05
2429,5.733403714647177,4.439509829084494e-05
2430,5.675644321559515,4.421403113888836e-05
2431,5.556396678306999,4.466246020409769e-05
2432,5.725978113185655,4.578689546150412e-05
2433,5.788724817401032,4.389868680233771e-05
2434,5.820242534978726,4.3908892723202525e-05
2435,5.8180296939880085,4.381577027054382e-05
2436,5.784715328778882,4.365009167111364e-05
2437,5.728146277792297,4.343571991485317e-05
2438,5.850831713970532,4.355983278620574e-05
2439,5.882460045825224,4.343521105866857e-05
2440,5.8786192375695085,4.3368677647820814e-05
2441,5.842369289674491,4.321536960731368e-05
2442,5.916785124500455,4.341794760878161e-05
2443,5.915089965201584,4.333494770193712e-05
2444,5.450910141208905,4.765852721383589e-05
2445,5.444705450738382,4.784078931682436e-05
2446,5.474594075825629,4.777738686985424e-05
2447,5.534818035728199,4.769484416695259e-05
2448,5.617220214668933,4.732667562337468e-05
2449,5.710653058250546,4.6962952570821025e-05
2450,5.80310207600214,4.625681515768348e-05
2451,5.884304051601523,4.572398952477304e-05
2452,5.947473597078157,4.527084940275054e-05
2453,5.989581204456486,4.496200965184701e-05
2454,6.010233549350997,4.478649561302287e-05
2455,5.3050655886134415,4.990656353982034e-05
2456,5.3280937412026494,5.0059969287663916e-05
2457,5.401522328367318,4.958768259642378e-05
2458,5.5044551066288445,4.856898283235225e-05
2459,5.619132614098928,4.769629864420894e-05
2460,5.731066217138832,4.688996701133601e-05
2461,5.829369537795987,4.6144334945283874e-05
2462,5.90717150862779,4.545660277163392e-05
2463,5.961392392358645,4.5009200302542906e-05
2464,5.991563741878351,4.491643138666193e-05
2465,5.998055937795824,4.4894120459233125e-05
2466,5.981961441922139,4.488602906294985e-05
2467,5.941385552856974,4.527199721592173e-05
2468,5.875783333624477,4.5854907973088126e-05
2469,5.786877899089274,4.643300417810926e-05
2470,5.680867045129757,4.727413708524311e-05
2471,5.570041394451539,4.826062960094367e-05
2472,5.4732051306372655,4.912066962798404e-05
2473,5.412691772935475,4.9410538415547596e-05
2474,5.404331909676312,4.881867290187399e-05
2475,5.172695098274786,5.2246202156161264e-05
2476,5.241826837792902,5.135975881092563e-05
2477,5.362823132320663,4.993830360956363e-05
2478,5.501470058586641,4.8534100117935785e-05
2479,5.636155879333168,4.7588602678182234e-05
2480,5.754198103736848,4.665174617798702e-05
2481,5.8487204631715395,4.584677603159085e-05
2482,5.91685690337979,4.538156423884591e-05
2483,5.958111567587101,4.4977860651877145e-05
2484,5.972554826151558,4.496969031800464e-05
2485,5.9594527360530964,4.506466124287519e-05
2486,5.919294919967093,4.53982741033195e-05
2487,5.849773476838419,4.592382220114429e-05
2488,5.75218917524232,4.654879885234563e-05
2489,5.633863306490609,4.7681289082011916e-05
2490,5.512597113827255,4.890223540001023e-05
2491,5.419108615353592,5.004103516327108e-05
2492,5.384766906578356,5.037375660588332e-05
2493,5.10802842840342,5.259249286749894e-05
2494,5.223433706864878,5.133198827132187e-05
2495,5.376104098251217,4.9699228474610866e-05
2496,5.529139182048803,4.835986393219157e-05
2497,5.664458539736451,4.7329665859786024e-05
2498,5.774175838574076,4.6367323730954524e-05
2499,5.8554428114606685,4.579556247291715e-05
2500,5.907621014708213,4.535899587134221e-05
2501,5.930251626897467,4.516604858722777e-05
2502,5.9185760521032345,4.52662212519654e-05
2503,5.878004797630011,4.563862384862198e-05
2504,5.8042863463421375,4.625203311641999e-05
2505,5.699793669793224,4.698522305521271e-05
2506,5.576429312050298,4.832578983398795e-05
2507,5.464187419519427,4.9526473676663824e-05
2508,5.406775814996509,5.020012493682067e-05
2509,5.134670852876994,5.238410132038408e-05
2510,5.275500786539606,5.100690145162801e-05
2511,5.432330969293251,4.9455620093732696e-05
2512,5.575656850350903,4.823814717109455e-05
2513,5.693906156025688,4.69920054181183e-05
2514,5.783373682848056,4.627226980107285e-05
2515,5.842969404077563,4.5821546446183666e-05
2516,5.871490904119145,4.547021645876439e-05
2517,5.858519995890978,4.555427794487476e-05
2518,5.815773007402019,4.579111291541813e-05
2519,5.737852604602413,4.653561758537994e-05
2520,5.631188940038167,4.754816761596599e-05
2521,5.520690561260978,4.903624499226533e-05
2522,5.456638371117846,4.97684770173605e-05
2523,5.241184606217242,5.158238817834129e-05
2524,5.378838429511568,5.049979728374083e-05
2525,5.514281687730861,4.9043911816908956e-05
2526,5.628948414045099,4.7787023233923664e-05
2527,5.716721593258805,4.6574923359952367e-05
2528,5.775611844287561,4.6018930811429336e-05
2529,5.803597870706212,4.5767591859180756e-05
2530,5.796865455866931,4.570005353523468e-05
2531,5.734362524503241,4.621411768255623e-05
2532,5.650395120359176,4.709189547761806e-05
2533,5.5519991349195035,4.841144352173111e-05
2534,5.497914739284745,4.9199799609188284e-05
2535,5.395903060707067,5.06070185561885e-05
2536,5.509565851964225,4.936011010034699e-05
2537,5.608014383999908,4.804463009673083e-05
2538,5.682033787735872,4.660424328645153e-05
2539,5.728685388105681,4.5988591062185944e-05
2540,5.745572356229756,4.5769711880059284e-05
2541,5.728182818175682,4.5706981718131476e-05
2542,5.644137230757372,4.627425084216414e-05
2543,5.5437597646846575,4.7711257092408897e-05
2544,5.490789374074071,4.936657019679602e-05
2545,5.56451827229241,4.868185955520052e-05
2546,5.645573061400421,4.7472970280864784e-05
2547,5.7020204320668135,4.595137701042815e-05
2548,5.7302449139705,4.5317631573925726e-05
2549,5.728621501719974,4.48538702168412e-05
2550,5.693906846758141,4.49557805430147e-05
2551,5.58927114243652,4.5250524292638054e-05
2552,5.452759496182843,4.606767947605064e-05
2553,5.718199668398398,4.580080799284437e-05
2554,5.765137986398188,4.460792340590338e-05
2555,5.781233464257872,4.426962886716626e-05
2556,5.7663133615684155,4.385855221821683e-05
2557,5.722141688057074,4.3981505822643886e-05
2558,5.656392468544488,4.40973671590914e-05
2559,5.834499843273873,4.38866792134369e-05
2560,5.847380517015506,4.3655129238499976e-05
2561,5.827392578754877,4.375807106573568e-05
2562,5.780338695167809,4.354996641586243e-05
2563,5.897105574406858,4.334279279974029e-05
2564,5.8767538493266045,4.320775149632438e-05
2565,5.316780597227924,5.056276953379878e-05
2566,5.363747006075169,5.0434090412735484e-05
2567,5.4612813234698425,4.916646897913597e-05
2568,5.5838155417619975,4.8091609711944226e-05
2569,5.706228523776251,4.6972042900278975e-05
2570,5.812170022786217,4.6212784346196706e-05
2571,5.893403827782669,4.5607513117718974e-05
2572,5.947180249053248,4.519327667472481e-05
2573,5.973531642797884,4.491211258792151e-05
2574,5.26951138973525,5.128558311769487e-05
2575,5.354111985454208,5.0305212740675594e-05
2576,5.477790761744959,4.911909614696627e-05
2577,5.6109555084609175,4.777772301091526e-05
2578,5.731374150122726,4.671669750774146e-05
2579,5.827484984114836,4.5966262550842456e-05
2580,5.8947879219283665,4.543097283894424e-05
2581,5.932199842555854,4.5235147572698415e-05
2582,5.938368895051523,4.5138979454002455e-05
2583,5.91524396193297,4.5460807762495044e-05
2584,5.860858693427594,4.582089141329844e-05
2585,5.775450096710446,4.639777141467592e-05
2586,5.663234276942353,4.727246160291275e-05
2587,5.537502879350545,4.87427474767212e-05
2588,5.42605864592966,4.989590125796539e-05
2589,5.36439147536933,5.054756954566152e-05
2590,5.284585608522299,5.101815197736866e-05
2591,5.390209176434846,4.999403876365522e-05
2592,5.518787050634555,4.880513706156545e-05
2593,5.643984512040179,4.751984443308838e-05
2594,5.749155486266407,4.649418601689454e-05
2595,5.826690441258635,4.5825638326388027e-05
2596,5.873512798966889,4.556990508864801e-05
2597,5.887740509217268,4.530999455865602e-05
2598,5.863194580287914,4.5624334824590636e-05
2599,5.807619227512468,4.605413724955701e-05
2600,5.719087781628741,4.676249135989101e-05
2601,5.6065305760992645,4.778529391986145e-05
2602,5.495548315365494,4.927817062611469e-05
2603,5.428997287573557,5.003893432837478e-05
2604,5.354330544979809,5.0571383672025785e-05
2605,5.459289583709167,4.957845246060356e-05
2606,5.572108113697453,4.827579321748145e-05
2607,5.673819955503194,4.7242831267536514e-05
2608,5.752831960677182,4.6468433688508516e-05
2609,5.803075145394219,4.587464968748863e-05
2610,5.820419938627594,4.562738909862375e-05
2611,5.791604204068067,4.584366315547078e-05
2612,5.73310210966382,4.634427561186604e-05
2613,5.643813165828447,4.745856658616363e-05
2614,5.545797291730911,4.866334841956027e-05
2615,5.4878704310374795,4.955194345243334e-05
2616,5.458786385117143,4.9857593835405254e-05
2617,5.545876824639072,4.892373318289622e-05
2618,5.628273049593385,4.7616779383039876e-05
2619,5.694652288722848,4.6595244509677374e-05
2620,5.736808311034864,4.606516140122722e-05
2621,5.748276109050891,4.576895477438496e-05
2622,5.707758755582245,4.609001226268329e-05
2623,5.639630992501492,4.6747191260330556e-05
2624,5.552732688009961,4.830697538567213e-05
2625,5.510221365019887,4.928547555131656e-05
2626,5.578415191725969,4.836618850553451e-05
2627,5.637929777357035,4.736002038857883e-05
2628,5.681695947946621,4.6205100397962895e-05
2629,5.70367186513662,4.581306996645053e-05
2630,5.697495216175519,4.5483153561240104e-05
2631,5.655513958723413,4.539731749413292e-05
2632,5.539940092205386,4.67186746068056e-05
2633,5.4670816760327945,4.941416927032882e-05
2634,5.695175071330619,4.627121719342744e-05
2635,5.7231422585786556,4.5420951443550175e-05
2636,5.7264316729424785,4.4997580053213615e-05
2637,5.702205129786723,4.476497763225021e-05
2638,5.647447632883542,4.4760296834493195e-05
2639,5.538634052418429,4.5049305893412395e-05
2640,5.78954733173848,4.4460437568347154e-05
2641,5.7852485248945795,4.388983729634229e-05
2642,5.753301879970606,4.3971306602010615e-05
2643,5.699352796276915,4.395132093377185e-05
2644,5.842687489743764,4.3342441424923604e-05
2645,5.808418007073253,4.342794426693781e-05
2646,5.380042032402502,5.038567283842977e-05
2647,5.457928286917518,4.9548173389573065e-05
2648,5.572016426126289,4.8345059110703066e-05
2649,5.688773265871526,4.710031847611822e-05
2650,5.785538043651558,4.607013709652833e-05
2651,5.85257736040045,4.570918453341679e-05
2652,5.886734525836073,4.542782120243043e-05
2653,5.429768776836251,4.986940034269427e-05
2654,5.5073677121156015,4.9122799137958154e-05
2655,5.607801646362125,4.7932693570749276e-05
2656,5.70350784005227,4.6802538233938427e-05
2657,5.776373610774781,4.626713571434583e-05
2658,5.817946035783722,4.577191694676862e-05
2659,5.8212202556251285,4.571528911549238e-05
2660,5.789167893621754,4.596402360579097e-05
2661,5.722781510026897,4.6709315943846534e-05
2662,5.629887181519179,4.7626168533507734e-05
2663,5.532380409070507,4.8868875842250823e-05
2664,5.468678926393775,4.964313067878429e-05
2665,5.500509802012145,4.9254943741234906e-05
2666,5.563798108907314,4.8560607924948645e-05
2667,5.637556277311235,4.7271869887673865e-05
2668,5.70157106922584,4.6804302915113756e-05
2669,5.740961040697347,4.6059898805796805e-05
2670,5.746958993671444,4.585673801799665e-05
2671,5.70625543210248,4.6307784372833634e-05
2672,5.640088098230447,4.7132327334684405e-05
2673,5.562329018064258,4.845768566951938e-05
2674,5.518952428535921,4.9039362638797195e-05
2675,5.580166188945075,4.83804934886004e-05
2676,5.619924562729555,4.749328303752769e-05
2677,5.657117468648305,4.6736367636768285e-05
2678,5.678286654896562,4.6192260147548896e-05
2679,5.6712449972282055,4.597311278276175e-05
2680,5.6129441510664,4.620031245810368e-05
2681,5.539997948210298,4.778335627665313e-05
2682,5.5114397104332005,4.897981246141107e-05
2683,5.659036227909825,4.6510293230681686e-05
2684,5.670160254431871,4.622509554597734e-05
2685,5.665270021453243,4.568567485786865e-05
2686,5.6352212610284536,4.5501090213359275e-05
2687,5.551409203249692,4.561630016812702e-05
2688,5.428418356693411,4.924893944271722e-05
2689,5.725341970878117,4.49103588878428e-05
2690,5.7069508834995615,4.483561905088076e-05
2691,5.665853825657746,4.464893993370223e-05
2692,5.604811831629376,4.4648771697974975e-05
2693,5.764341893372842,4.386810523718913e-05
2694,5.721230460754345,4.395322169645058e-05
2695,5.517536753274866,4.9322478884348686e-05
2696,5.567160171136461,4.841565026281715e-05
2697,5.640330091729869,4.7382340309312036e-05
2698,5.704983230247973,4.651186225369404e-05
2699,5.7417262942693705,4.600073922577586e-05
2700,5.567571548467167,4.8379510678148476e-05
2701,5.594600509367929,4.7799248577233756e-05
2702,5.6330539303937135,4.6796078050555464e-05
2703,5.658879086276763,4.621892014492545e-05
2704,5.651452136772875,4.623745082683965e-05
2705,5.615052570498955,4.6879423629966206e-05
2706,5.565790049203216,4.789457666795061e-05
2707,5.544272199038029,4.8705346194009144e-05
2708,5.613566294105143,4.7001251168844735e-05
2709,5.6121843103539915,4.6792111520254215e-05
2710,5.6059769588128185,4.6094498550759964e-05
2711,5.578933463882652,4.604105450181224e-05
2712,5.5142878788581475,4.697481428520083e-05
2713,5.5000814619476035,4.853569627392762e-05
2714,5.650612420969177,4.574712549349852e-05
2715,5.620334660454518,4.5642910579529436e-05
2716,5.570815374489091,4.497912076852653e-05
2717,5.484827945567864,4.583475285570807e-05
2718,5.6723738864226565,4.4693146551308876e-05
2719,5.622755946674203,4.458926465762122e-05
2720,5.560969152075547,4.7886201252050576e-05
2721,5.553897019418688,4.708294132442254e-05
2722,5.5638351808682085,4.644248982619986e-05
2723,5.5690437810288,4.654373009181338e-05
2724,5.530111917962388,4.640435977501435e-05
2725,5.481813237410466,4.6323226123036464e-05
2726,5.479547149541988,4.726823173466324e-05
2727,5.571616084599336,4.527084062713738e-05
2728,5.514839341186664,4.552209476734955e-05
2729,5.461842997179508,4.6177186913246255e-05
