Mode_Index,Frequency_THz,Cv_QPA_eV_K
0,0.0,0.0
1,0.2131995307331324,8.614502380556145e-05
2,0.4212807530879884,8.60605829591805e-05
3,0.6196183804337899,8.592295560256601e-05
4,0.8045821908552391,8.573748150533523e-05
5,0.9741042297457525,8.551263995827523e-05
6,1.128314728343149,8.521123452247037e-05
7,1.2700377677675134,8.484599609594466e-05
8,1.4047059506449366,8.436081264605204e-05
9,1.5393117247311452,8.385201983967581e-05
10,1.6805719366471952,8.317242801030204e-05
11,1.8331978394522916,8.214934442693832e-05
12,1.999110512568715,8.131297558302614e-05
13,0.1783901254224084,8.615230949350934e-05
14,0.32428605753068596,8.610494190927592e-05
15,0.5068893287869043,8.600553544746705e-05
16,0.6868302784367736,8.586011630601488e-05
17,0.8545902554973822,8.567818868054752e-05
18,1.0069968324458265,8.546229371613696e-05
19,1.1444493299892537,8.517747664763336e-05
20,1.270467979494185,8.485702895410813e-05
21,1.3910853119376543,8.445400359250032e-05
22,1.5135506692972007,8.395141329991659e-05
23,1.6446014218604124,8.318249871275222e-05
24,1.789009766615613,8.229238245275723e-05
25,1.9136046896883832,8.216645758237154e-05
26,1.756001559812765,8.280810615814258e-05
27,1.6128332612473681,8.366144150704398e-05
28,1.4815161003389996,8.418447956604603e-05
29,1.3563982321612609,8.462801368630088e-05
30,1.2302912591431958,8.500035123185295e-05
31,1.0961553970292834,8.530365169455248e-05
32,0.948673190362366,8.555435290197842e-05
33,0.7852670993742787,8.57597398460064e-05
34,0.606777017963101,8.592782582875818e-05
35,0.4198717873218691,8.605644337704756e-05
36,0.25454121974924077,8.613017769960868e-05
37,0.3371019462978034,8.609717766668329e-05
38,0.44656277601646793,8.603985929726258e-05
39,0.5932427052152612,8.593592930058989e-05
40,0.7451791976674509,8.579668289958408e-05
41,0.8897459550670888,8.563044814137251e-05
42,1.0225793604492777,8.541562967209313e-05
43,1.1440921057645541,8.516863530641889e-05
44,1.258178809554892,8.485403103666278e-05
45,1.3710065165763519,8.44814817287681e-05
46,1.489373819566791,8.39293110857106e-05
47,1.6189375917938786,8.31037017654553e-05
48,1.7629359008945429,8.211889901257488e-05
49,1.704659001185474,8.333531980888096e-05
50,1.5583798349559224,8.401111284726786e-05
51,1.426255603310008,8.44731149350871e-05
52,1.3032131381901897,8.484700596958215e-05
53,1.1820720535670357,8.51489736405941e-05
54,1.0559257944245077,8.53854200371812e-05
55,0.9201885109760215,8.558899799202208e-05
56,0.7744164770120674,8.576378333440183e-05
57,0.6250790342777558,8.590659641459108e-05
58,0.49243650421459156,8.600744915535724e-05
59,0.46145988018002726,8.602830689031654e-05
60,0.5415068874559859,8.597414541606192e-05
61,0.6559707295741225,8.588117854746171e-05
62,0.7813219811280167,8.575744018785203e-05
63,0.9053720103559262,8.560686981109906e-05
64,1.0235302279962166,8.542026110961858e-05
65,1.1361890197385445,8.517640639635485e-05
66,1.2470119345432913,8.488453169388205e-05
67,1.3612150014463267,8.44612343320275e-05
68,1.4837123685254927,8.391073327440017e-05
69,1.617607487779526,8.314405406865476e-05
70,1.6567382642853625,8.376540692800396e-05
71,1.4998277423446125,8.432019359980439e-05
72,1.360881535871532,8.471867292455016e-05
73,1.237557946144744,8.504516706964396e-05
74,1.123811066646642,8.526949779373367e-05
75,1.0132639388695386,8.545598524544639e-05
76,0.9022405047519905,8.56107292114257e-05
77,0.7924220814100036,8.573986323859901e-05
78,0.693552793679438,8.58395638905339e-05
79,0.5453415134970909,8.596958014491192e-05
80,0.6011888358097147,8.592724163388695e-05
81,0.6912773121679087,8.584726091262025e-05
82,0.7979160498849672,8.573301171092903e-05
83,0.9100488822868594,8.55944226537075e-05
84,1.0229316862031386,8.541548392767804e-05
85,1.1363037429187086,8.51839283198627e-05
86,1.2524715260280121,8.487286657201346e-05
87,1.3744005789758218,8.443129627839951e-05
88,1.504121431879628,8.387665841153304e-05
89,1.6059077102930972,8.40566168096879e-05
90,1.4360278632383983,8.456375287537903e-05
91,1.2882456693981204,8.492762907134972e-05
92,1.1647830562369916,8.519818142951691e-05
93,1.0621311369528348,8.538405824083844e-05
94,0.9749358280107328,8.551665190205511e-05
95,0.8996125318063044,8.561809045362993e-05
96,0.8368814782514113,8.568831218581439e-05
97,0.5932363309006355,8.593278199067252e-05
98,0.6332764121174872,8.589889152167853e-05
99,0.7100545910848917,8.582896471306112e-05
100,0.8089935711734877,8.572538378268269e-05
101,0.9193707800403879,8.558152887517379e-05
102,1.0356458361278142,8.539722977527724e-05
103,1.156107129881977,8.516021435844632e-05
104,1.2809427308794095,8.480074116147655e-05
105,1.410515853141094,8.443223899067119e-05
106,1.5443345471463839,8.389649265934055e-05
107,1.3714741338526788,8.475587126559711e-05
108,1.2169368623049994,8.508837738739797e-05
109,1.0958962321438965,8.53143046334717e-05
110,1.0082056139202993,8.546945788208551e-05
111,0.949500585663609,8.555001301416591e-05
112,0.9145818391562766,8.55981672230907e-05
113,0.6202448819306504,8.591031367145102e-05
114,0.6555579204855482,8.588160321982781e-05
115,0.7302193546253246,8.580551627721691e-05
116,0.8304278162921396,8.570370536683072e-05
117,0.9450921156526498,8.554101053926124e-05
118,1.0677114654463993,8.535031908161713e-05
119,1.1951173108677142,8.509332347373472e-05
120,1.3256175173574165,8.474178293906897e-05
121,1.4576332500546811,8.439395655444285e-05
122,1.3109599493409576,8.48938098036547e-05
123,1.1559916088580833,8.519353581172142e-05
124,1.042991981393856,8.541104742160524e-05
125,0.9745610642746848,8.551631648064882e-05
126,0.946212599556245,8.556001661815382e-05
127,0.6468548925902041,8.589261806705772e-05
128,0.6864127238252612,8.585560614895117e-05
129,0.7648417008342494,8.577988881714611e-05
130,0.8685809542755245,8.565087547429498e-05
131,0.9867579343737461,8.548583410463134e-05
132,1.1125803703437065,8.52906523285641e-05
133,1.2419684331262968,8.502022617485811e-05
134,1.3719499062282896,8.468206458560722e-05
135,1.2598246529439423,8.502455627899046e-05
136,1.1149599679950628,8.526630662090559e-05
137,1.0188160257959165,8.543820312146751e-05
138,0.9741813081663819,8.551829074363769e-05
139,0.6872848028317069,8.585575959851936e-05
140,0.7327396807379264,8.581426284626228e-05
141,0.8132418487102807,8.57208378484703e-05
142,0.9167066119183889,8.559189766074518e-05
143,1.0334612605775253,8.542269011012464e-05
144,1.1568987963308905,8.521151959862818e-05
145,1.2823000090087455,8.493059763676312e-05
146,1.2364056723145056,8.507435915710172e-05
147,1.1050344267367556,8.530381847273953e-05
148,1.0362983176001201,8.541304650047613e-05
149,0.7405722980480931,8.580693396443312e-05
150,0.7869481287381478,8.575476125934386e-05
151,0.8639285581466697,8.56620126470538e-05
152,0.9617903952466185,8.552984648102984e-05
153,1.0721471127554407,8.536936661295682e-05
154,1.188397941481655,8.515282722982354e-05
155,1.223656764860118,8.511944601724088e-05
156,1.137735488054368,8.526167662041699e-05
157,0.7946091182914875,8.574124515976626e-05
158,0.8355541236387009,8.568978305387914e-05
159,0.9041966932772526,8.560966093728163e-05
160,0.9927921991847292,8.548797920872963e-05
161,1.0935966294275021,8.53388860701974e-05
162,1.1996760858519997,8.515050184623484e-05
163,0.8366632796892213,8.569017913791605e-05
164,0.8680493045092534,8.565961128643998e-05
165,0.9259621509733248,8.559521755442267e-05
166,1.0037036976760534,8.548688844380308e-05
167,0.8591108936150489,8.567578839868065e-05
168,0.8793197056733069,8.565551637977972e-05
169,0.38684477349770574,8.607218119434452e-05
170,0.5269436984799354,8.598529360760051e-05
171,0.6896013585734846,8.585127635367718e-05
172,0.8476113467343548,8.56818991615357e-05
173,0.9927208045054273,8.548250166685135e-05
174,1.1241101555495034,8.525504685234016e-05
175,1.245264179469531,8.494367258110293e-05
176,1.3624369865740338,8.45831910134546e-05
177,1.4828895552950614,8.41624583946546e-05
178,1.6125164426430012,8.347195908708739e-05
179,1.7488041785818906,8.228804139976093e-05
180,0.5028798797943347,8.599914557058239e-05
181,0.615402644671591,8.591306387486087e-05
182,0.7499075600421928,8.579040410150882e-05
183,0.8833876345581663,8.563770413412878e-05
184,1.0080816839449873,8.544513623817258e-05
185,1.123867903741609,8.521534660510894e-05
186,1.234799022421741,8.49633420132871e-05
187,1.346855757115763,8.458693924846695e-05
188,1.465344087731972,8.41022407679169e-05
189,1.5893649610475464,8.341582833573075e-05
190,1.6630902176416316,8.26788884009706e-05
191,1.5617679247478429,8.388697260625835e-05
192,1.4315342717526056,8.437742298501951e-05
193,1.3099017725285689,8.479532827736866e-05
194,1.1952809835830207,8.510095100303474e-05
195,1.0813845146722167,8.533997645965153e-05
196,0.9625865743747882,8.553474718208022e-05
197,0.8370587350002656,8.56875576325926e-05
198,0.709738892931324,8.582556203836141e-05
199,0.5964797817943587,8.592738586290296e-05
200,0.5839882086252026,8.593897039712498e-05
201,0.6725761919151392,8.586210575868229e-05
202,0.7833292101660634,8.575244094465464e-05
203,0.8978194637286963,8.561555514467372e-05
204,1.009728567411591,8.543529333139467e-05
205,1.1191440931982395,8.523782042343384e-05
206,1.2293091356344479,8.49251750237445e-05
207,1.3439258669247218,8.457105279883304e-05
208,1.4628704320557275,8.410761714414159e-05
209,1.5602791793833999,8.353900196655593e-05
210,1.5004012750073978,8.42017526956542e-05
211,1.368106046813161,8.466111515567698e-05
212,1.243664650646385,8.500897390370005e-05
213,1.1333307959042929,8.524536830944281e-05
214,1.032900992206007,8.542767841520721e-05
215,0.9377041595872833,8.556577858691987e-05
216,0.8469985125090773,8.567801397916273e-05
217,0.7666930913999084,8.576649501839237e-05
218,0.6312057214782769,8.589864734497909e-05
219,0.7036835999326396,8.583079011531344e-05
220,0.8003901577204049,8.573287502456492e-05
221,0.9064340046587801,8.559997592095755e-05
222,1.0160396741291802,8.54320038178556e-05
223,1.1283110292639615,8.521757589967821e-05
224,1.2442432091039635,8.492842718582144e-05
225,1.3631197093953866,8.456307536199863e-05
226,1.4690878154512739,8.418908443082055e-05
227,1.4394783334919536,8.442727679142222e-05
228,1.3029349421933276,8.489046841691564e-05
229,1.175360832436598,8.516312830921878e-05
230,1.0716039591107278,8.535413878349973e-05
231,0.989922644950924,8.549806296614844e-05
232,0.9260279184113037,8.558512687820671e-05
233,0.8778335368682376,8.564012215002806e-05
234,0.6582337927029072,8.587537754482856e-05
235,0.7252225322390544,8.581518671574926e-05
236,0.8186992094793191,8.571490149856769e-05
237,0.9255797794718422,8.557402576009887e-05
238,1.0396262382291852,8.540145428706365e-05
239,1.158253751912142,8.516704501949526e-05
240,1.2792714271558028,8.486461090231291e-05
241,1.391599695620769,8.454469041069378e-05
242,1.3848001167588848,8.465421917217616e-05
243,1.243754184532861,8.50030402218389e-05
244,1.1156863463806859,8.527469299252392e-05
245,1.0220602988840755,8.544146785502726e-05
246,0.962839838749815,8.553631429421007e-05
247,0.9327649660918219,8.557270597387334e-05
248,0.6846841424658049,8.585440814953156e-05
249,0.7547342300379586,8.578475872864621e-05
250,0.8511131611683265,8.567804392578014e-05
251,0.9618542512337308,8.552842668776335e-05
252,1.0803045520945975,8.533119983249989e-05
253,1.2022346955720775,8.510351372858527e-05
254,1.3194223496046018,8.48090925880834e-05
255,1.3493415832113507,8.47641206305071e-05
256,1.195641613882657,8.512817601057924e-05
257,1.0739956730687468,8.535956954870272e-05
258,0.996101354013609,8.547421113929905e-05
259,0.9616080480860643,8.55382401401521e-05
260,0.724374316288156,8.581862715842414e-05
261,0.799117090858783,8.573575870404155e-05
262,0.8974019750073303,8.561751237227478e-05
263,1.008937428243004,8.545269546256737e-05
264,1.1271963239580403,8.526521695020046e-05
265,1.2455361455053007,8.504162008523744e-05
266,1.303285457400556,8.489718436180211e-05
267,1.1648203034274784,8.5198331481227e-05
268,1.060603432527337,8.537295827016592e-05
269,1.0054873453725799,8.546663779690636e-05
270,0.7766190380258555,8.576467239478876e-05
271,0.8515208015409689,8.56806012597991e-05
272,0.9467477952946483,8.554991251688407e-05
273,1.0540554115811798,8.540044122241147e-05
274,1.167107924641447,8.521117153759689e-05
275,1.2606819964308271,8.503409065944524e-05
276,1.1609957611252577,8.521432669500665e-05
277,1.0869527669661643,8.534178018187288e-05
278,0.8298108553383428,8.569935997120445e-05
279,0.8990269183284089,8.561556194791741e-05
280,0.9866319011658611,8.549606846172771e-05
281,1.086120276637728,8.535795081958123e-05
282,1.1918876956315039,8.51702726878012e-05
283,1.199083382976319,8.516601481359522e-05
284,0.8714187071235308,8.564900194408325e-05
285,0.9311070078285033,8.558101166472021e-05
286,1.0086278284293908,8.54811873040881e-05
287,1.0982413479219022,8.533929759058257e-05
288,0.893717338812764,8.563107179458783e-05
289,0.9423109323601514,8.557560540406247e-05
290,0.6730520254062481,8.585846979373156e-05
291,0.7657297897138856,8.576871696156932e-05
292,0.8715973595020812,8.564865293009963e-05
293,0.9781986335779304,8.550409148150357e-05
294,1.0825559466195747,8.531567646023957e-05
295,1.1874980146573515,8.509508354621918e-05
296,1.297673787478978,8.477425243170302e-05
297,1.4140707874471816,8.433425854342638e-05
298,1.5176547105978027,8.380265156350795e-05
299,0.7189479178400566,8.581411620311644e-05
300,0.7966064809963022,8.573553738170354e-05
301,0.888579841600464,8.562449055740765e-05
302,0.9853394898166811,8.549082398615742e-05
303,1.084995728871816,8.532487187613414e-05
304,1.1893382401854429,8.507600632472426e-05
305,1.2988507113859573,8.476777076372842e-05
306,1.4021322605165363,8.43518690957529e-05
307,1.4383142681902916,8.429683555570424e-05
308,1.353588031580383,8.455422844280972e-05
309,1.2388378625576517,8.49814544058337e-05
310,1.131976658379449,8.524673391723839e-05
311,1.037632847554285,8.542139286306388e-05
312,0.9529955898575657,8.55437578652166e-05
313,0.8762279972403559,8.564503286935077e-05
314,0.8107151511478423,8.572120599655854e-05
315,0.7457670106666601,8.579177013128845e-05
316,0.817990883561426,8.571451911031944e-05
317,0.9063491771431265,8.560579253668441e-05
318,1.0029226540238165,8.546294978001851e-05
319,1.1053135969210244,8.527930797017469e-05
320,1.2123444142727844,8.504884502113954e-05
321,1.316096072886944,8.475323958274929e-05
322,1.3748888119102372,8.455645431736286e-05
323,1.3001319642229223,8.484800332865595e-05
324,1.1848707203483428,8.512771371309477e-05
325,1.0824621434017503,8.533919300717652e-05
326,1.0022780483338696,8.546851372121486e-05
327,0.9424855605059655,8.556185504515403e-05
328,0.9004170454013791,8.561462377232043e-05
329,0.7717357687126077,8.577002548984735e-05
330,0.846811895698865,8.567843170583174e-05
331,0.9381172300082741,8.555988355845151e-05
332,1.038432668306708,8.540874636439626e-05
333,1.1440714673473087,8.52179101168895e-05
334,1.2487642053202521,8.500949949812296e-05
335,1.3210188199472062,8.480221686287295e-05
336,1.2584352853583605,8.496869744755142e-05
337,1.1431222927314997,8.522336130488424e-05
338,1.0482082856086223,8.540408291806892e-05
339,0.9853056663673302,8.550436955834354e-05
340,0.9517942342344273,8.555211057713515e-05
341,0.8100297397220358,8.572749958068681e-05
342,0.8899898076554008,8.562630099557633e-05
343,0.9840329092212274,8.550484473638158e-05
344,1.085750230572503,8.534049502109363e-05
345,1.1895958701805587,8.514793942023246e-05
346,1.2739015385801074,8.495731940510227e-05
347,1.227660074291603,8.505961739355331e-05
348,1.1176444455610397,8.528760723018573e-05
349,1.0364491488988434,8.5422373060986e-05
350,0.9940811703998144,8.548989951654408e-05
351,0.8604512785612602,8.566287496353105e-05
352,0.9413531665605142,8.55597971673306e-05
353,1.0336967315890693,8.54247774371953e-05
354,1.1320930751273626,8.526911657463672e-05
355,1.2252407891270178,8.509540519794804e-05
356,1.2185993564841962,8.51066720877672e-05
357,1.11482155301007,8.530333606239515e-05
358,1.055840609606007,8.538419774213578e-05
359,0.9122663494343076,8.560218372005891e-05
360,0.9885060562996504,8.549819071803915e-05
361,1.0748171409624443,8.537746311696548e-05
362,1.1672029654481089,8.523116239763841e-05
363,1.215044495866847,8.513287295097856e-05
364,1.1445326262751998,8.526162454409882e-05
365,0.9532556974176806,8.555019651989765e-05
366,1.0208650412825817,8.546388299608126e-05
367,1.099189147279848,8.535040499386593e-05
368,1.1873688177675077,8.519434611011192e-05
369,0.9754187925982218,8.553090545090736e-05
370,1.0324077592598995,8.545080704299637e-05
371,0.836264258352522,8.569127761779836e-05
372,0.8959187823996968,8.561992756898245e-05
373,0.968381552116157,8.552323618160535e-05
374,1.0513410323028045,8.539182204909353e-05
375,1.1454765285652093,8.521766352609154e-05
376,1.2481460545241008,8.493488081663355e-05
377,1.3372430194600735,8.466542513367583e-05
378,0.861030844947093,8.56661334775786e-05
379,0.9233342891177889,8.558783461007131e-05
380,0.9986099908322604,8.549042379902815e-05
381,1.0843160879267812,8.534080408422641e-05
382,1.1781233368275104,8.515307201150683e-05
383,1.2663214194730714,8.492019707997846e-05
384,1.287992159765326,8.486420860753544e-05
385,1.2074103514552235,8.507041743568033e-05
386,1.1111153801277596,8.529086592468553e-05
387,1.0298501060610297,8.54415269900349e-05
388,0.9675296152818441,8.55308505540381e-05
389,0.9228224883602456,8.558949201798618e-05
390,0.897974673061594,8.56248741515306e-05
391,0.9656252660680261,8.553358155513724e-05
392,1.0442086031591356,8.541843921917534e-05
393,1.1305461116805113,8.527269410798957e-05
394,1.2162995640551095,8.508346197310884e-05
395,1.2572069295765913,8.497375210878926e-05
396,1.1799869788223787,8.516373535453887e-05
397,1.091460504143299,8.534236739270931e-05
398,1.0259002690298598,8.544707316827925e-05
399,0.9857836443121423,8.550600141181919e-05
400,0.9472266334719278,8.555917560337245e-05
401,1.0168435300960301,8.545726375795483e-05
402,1.0946009607803893,8.533927721511683e-05
403,1.1759241908013363,8.519900738617965e-05
404,1.2303142643535998,8.505224818964281e-05
405,1.1652499609766382,8.519552935302536e-05
406,1.0897773619975601,8.534722974939835e-05
407,1.0438726848475128,8.541699420653554e-05
408,0.9985053467754874,8.549033751878813e-05
409,1.064589483674258,8.539683915948328e-05
410,1.137266752714566,8.528601208866095e-05
411,1.2054297560419733,8.515386581987715e-05
412,1.1664310510825628,8.522261827761258e-05
413,1.112551650038451,8.53097352867148e-05
414,1.0395780496138256,8.543910004125114e-05
415,1.0980809808547638,8.535385653398273e-05
416,1.1659941550074362,8.524042313796494e-05
417,1.2018274594529905,8.517415607135028e-05
418,1.0619939508031575,8.541200958445134e-05
419,1.1107478929557097,8.53363770537394e-05
420,0.9583592939904823,8.55458543552452e-05
421,1.0089717141966195,8.547235235070095e-05
422,1.07451378097753,8.536371089541877e-05
423,1.1538165857874785,8.521673924945669e-05
424,1.2305049221078175,8.504675147720449e-05
425,1.0072764629061906,8.54731423693575e-05
426,1.0607055985416463,8.53972068656893e-05
427,1.125196784331914,8.528800642929092e-05
428,1.193963649683837,8.515116784957887e-05
429,1.2082510872829515,8.511068905498554e-05
430,1.1413672150979626,8.525969835535379e-05
431,1.0784500576892384,8.537220584332393e-05
432,1.0349778795429267,8.544045559011102e-05
433,1.0591175384236995,8.540242134956428e-05
434,1.109725225839294,8.532845793942982e-05
435,1.1679150182973042,8.522390278777163e-05
436,1.2004358810460942,8.515118418661145e-05
437,1.141475426294475,8.527041846005648e-05
438,1.0989792917789298,8.534499942380278e-05
439,1.1011480022870268,8.534681334748666e-05
440,1.1447395385237553,8.528066620536797e-05
441,1.193602075436233,8.519033719540082e-05
442,1.1599160272532918,8.52444397030121e-05
443,1.124270545534954,8.532357042363379e-05
444,1.1597020774914626,8.526569304054748e-05
445,1.088246773047874,8.535685753570213e-05
446,1.1289966052559792,8.529250159090478e-05
447,1.1812139324490991,8.519479804269596e-05
448,1.131933625270161,8.530040739641341e-05
449,1.1650555196319585,8.525291282297785e-05
450,1.1765433891553232,8.521928955744406e-05
451,1.1446360165093312,8.527733310996235e-05
452,1.1561233520678615,8.526527140179364e-05
453,1.1835139166598923,8.521636469355741e-05
454,1.170045917888106,8.524208360577705e-05
455,0.0,0.0
456,0.2131995307331324,8.614505452556733e-05
457,0.4212807530879884,8.606070848164881e-05
458,0.6196183804337899,8.592154712851085e-05
459,0.8045821908552391,8.574122225706264e-05
460,0.9741042297457525,8.550665612784673e-05
461,1.128314728343149,8.520704896080293e-05
462,1.2700377677675134,8.486512304202768e-05
463,1.4047059506449366,8.44112839827324e-05
464,1.5393117247311452,8.389012876322914e-05
465,1.6805719366471952,8.322841062437433e-05
466,1.8331978394522916,8.222978327918914e-05
467,1.999110512568715,8.104441218471476e-05
468,0.1783901254224084,8.615228189103966e-05
469,0.35984512814168645,8.60898908498777e-05
470,0.5753158771028877,8.595671593830287e-05
471,0.7773644889032391,8.576989574184677e-05
472,0.9639735797827048,8.552849102560364e-05
473,1.1366904225853458,8.521695545068314e-05
474,1.2989533112566412,8.483976653566801e-05
475,1.4561822481258373,8.432979608978207e-05
476,1.6148641435747475,8.381720185512666e-05
477,1.7805669120113752,8.290208086758171e-05
478,1.9551753353450598,8.220186899371521e-05
479,2.0709427676964243,8.236337612998462e-05
480,1.94894825654869,8.108222373087774e-05
481,2.0579629993125743,8.053319864010738e-05
482,1.8771933443571254,8.181454774874153e-05
483,1.7085671813201488,8.29096051988093e-05
484,1.5515865024480897,8.38849010494687e-05
485,1.4019940242625446,8.436107411688713e-05
486,1.2532287986162585,8.492001005511044e-05
487,1.0987710512232194,8.528342910670979e-05
488,0.9341714409239269,8.556757905434091e-05
489,0.757970719812781,8.57903045593304e-05
490,0.5719548554287585,8.596024816487936e-05
491,0.3825841200725378,8.608168594457845e-05
492,0.3371019462978034,8.609730422250755e-05
493,0.4784963622773618,8.60208539594289e-05
494,0.6792944422827935,8.586624942645483e-05
495,0.8865453876770069,8.56414981576377e-05
496,1.0888100306675335,8.534212364470465e-05
497,1.285493243971444,8.495398893881534e-05
498,1.4793082603149041,8.446182184560726e-05
499,1.6733692507820679,8.39115364398222e-05
500,1.8671649993506523,8.314336292828308e-05
501,2.035957671880641,8.265206639404203e-05
502,2.017837958004001,8.26295337324565e-05
503,1.8655205404504518,8.28703291154947e-05
504,1.921526560135706,8.120636062449226e-05
505,2.0694403402589883,7.808249473689214e-05
506,1.903283552107752,8.149440665881384e-05
507,1.7177594679035169,8.290385787560691e-05
508,1.5461601598633754,8.38024328710226e-05
509,1.3850784976937907,8.447149093544327e-05
510,1.228160986145405,8.494611324410373e-05
511,1.069584450313892,8.532782962531043e-05
512,0.9062104817271239,8.559884894632601e-05
513,0.7385466118112959,8.580768837466655e-05
514,0.46145988018002726,8.60286749833657e-05
515,0.5734416761324747,8.595078520180111e-05
516,0.7592663096453295,8.578516655004582e-05
517,0.9732774040600507,8.552203194138363e-05
518,1.1973460379090763,8.516849305067685e-05
519,1.4243673285862877,8.468087743930194e-05
520,1.6490805783111766,8.419125494206879e-05
521,1.8593299845304228,8.348852801821894e-05
522,2.0050115513233147,8.289350468660667e-05
523,1.9716132700788933,8.285943545238303e-05
524,1.8264279070182767,8.326392116205541e-05
525,1.7635154604367134,8.218009586175384e-05
526,1.9189876377229338,8.082002468108105e-05
527,2.053024306836874,7.777126486883043e-05
528,1.907304222956204,8.096551036488113e-05
529,1.7104785621585077,8.290865912844884e-05
530,1.5305255671850804,8.389360243596898e-05
531,1.3656574228672111,8.44894963899723e-05
532,1.2096986980974227,8.500192351326443e-05
533,1.0573241961221245,8.535755360198538e-05
534,0.5453415134970909,8.597177381050431e-05
535,0.6375300019279709,8.589521465456772e-05
536,0.8188553740601852,8.571655834177165e-05
537,1.0450776090427853,8.54208390768887e-05
538,1.2895962270508292,8.499864858093644e-05
539,1.535123912544557,8.448983726582369e-05
540,1.7615770805538085,8.38794839721889e-05
541,1.9214940543301289,8.312262077374622e-05
542,1.9191648981323517,8.300334889250465e-05
543,1.7854405546787353,8.342769143465286e-05
544,1.64192918171801,8.314539162810918e-05
545,1.7864408228059254,8.230658552965816e-05
546,1.9338136161790451,8.075612372457404e-05
547,2.045735077288341,7.796230440733995e-05
548,1.8991941279154336,8.06658457516971e-05
549,1.6980644543156478,8.278892251770506e-05
550,1.517766386915736,8.384504861790549e-05
551,1.3571990177109485,8.446106513958412e-05
552,0.5932363309006355,8.593263931377254e-05
553,0.6767285593409713,8.586166184577832e-05
554,0.8644006134585845,8.566315376919773e-05
555,1.10499328916284,8.532147663343407e-05
556,1.361791647179799,8.486466285936057e-05
557,1.6067167824040522,8.432236284799446e-05
558,1.7995135265356947,8.356185009699117e-05
559,1.8510310059947401,8.318996107336363e-05
560,1.7379897227481025,8.351512354735085e-05
561,1.5672345273261166,8.421951780191166e-05
562,1.680966698201843,8.319867475024332e-05
563,1.8185538435327597,8.218018578213844e-05
564,1.9535621456165286,8.023981359037857e-05
565,2.043375961764076,7.850077909757748e-05
566,1.8913756301951983,8.075661264005822e-05
567,1.6922910626000558,8.274232908785522e-05
568,0.6202448819306504,8.591635557198418e-05
569,0.7061883363411007,8.58320204822009e-05
570,0.9059083814535842,8.561622572742357e-05
571,1.1573968519900837,8.523756756705756e-05
572,1.4157465349359546,8.473364813475835e-05
573,1.6420364107693686,8.413162200997364e-05
574,1.7595308779716072,8.35703912784927e-05
575,1.6816730405716802,8.3644353595146e-05
576,1.5114380753896435,8.440586898337864e-05
577,1.5892529164450748,8.38764009157861e-05
578,1.7186871120386245,8.304902190764194e-05
579,1.8450321776684564,8.183258536298577e-05
580,1.9667238710721673,8.012301647533435e-05
581,2.0428158827869405,7.855620169172636e-05
582,0.6468548925902041,8.588802773088237e-05
583,0.7416798787829869,8.5803020451643e-05
584,0.9512182257573475,8.55576396860009e-05
585,1.2058355397130496,8.512694461676622e-05
586,1.4550439073559374,8.458505177045122e-05
587,1.636862756259632,8.396200538519195e-05
588,1.6154112561986698,8.397284776073679e-05
589,1.4524987237877036,8.454809178679963e-05
590,1.4998197180706918,8.429766017147538e-05
591,1.6232769290355868,8.375675548379976e-05
592,1.7413094736356285,8.289101739291423e-05
593,1.8551341811741417,8.168567721465016e-05
594,0.6872848028317069,8.585652205776357e-05
595,0.7892442200190329,8.575117423206955e-05
596,1.0006213313199521,8.54732021331421e-05
597,1.2498261666780328,8.501287759355735e-05
598,1.4773366151390337,8.448689923396609e-05
599,1.539224040225108,8.426165760570107e-05
600,1.3950486812770153,8.470536905159329e-05
601,1.4058070833764662,8.463200665332864e-05
602,1.5242491357140975,8.420782958790548e-05
603,1.635826570044885,8.374809444237662e-05
604,0.7405722980480931,8.580242451325494e-05
605,0.8425191556822399,8.568707552700774e-05
606,1.047788638905383,8.538842772166497e-05
607,1.2858203113583715,8.49704375600826e-05
608,1.4499074217324552,8.451691424836697e-05
609,1.3488904852631871,8.487961399228018e-05
610,1.3051746978764711,8.490773970210888e-05
611,1.4180967357143919,8.464522139622258e-05
612,0.7946091182914875,8.574227403330727e-05
613,0.8898565279638018,8.56200335718822e-05
614,1.085578944362184,8.533596117703711e-05
615,1.311838347912729,8.492726947959015e-05
616,1.3284121775721862,8.492708572296429e-05
617,1.2530742529594736,8.509888739351753e-05
618,0.8366632796892213,8.568912042172721e-05
619,0.9220629301478614,8.558379672730408e-05
620,1.1097178047626075,8.531239961693477e-05
621,1.34139116657428,8.488546454836597e-05
622,0.8591108936150489,8.567551258389283e-05
623,0.9337483189133502,8.557801424064908e-05
624,0.5156920489512771,8.600138601762591e-05
625,0.7028786984769686,8.584708131861432e-05
626,0.8883433871705267,8.564005046696317e-05
627,1.067197670159109,8.535380879424507e-05
628,1.2399230307751492,8.500085498647179e-05
629,1.4099624944814302,8.457805092895267e-05
630,1.5824584437512297,8.394183975402123e-05
631,1.7623307969840065,8.309672795346735e-05
632,1.9513626163452515,8.217053117234251e-05
633,2.0947199925745905,8.242380904010732e-05
634,1.945526613075047,8.230477762720936e-05
635,0.610385371511753,8.592612721616972e-05
636,0.7879554394715695,8.575883320499515e-05
637,0.9801818663477424,8.551540686652678e-05
638,1.179180151910206,8.517497197648698e-05
639,1.3825555409091346,8.471897215787503e-05
640,1.589919839159452,8.419652832906868e-05
641,1.7993561031983838,8.355245974921644e-05
642,1.9956264310193477,8.284328684489226e-05
643,2.0594346143530275,8.263415944026754e-05
644,1.9328654553802234,8.294654002403066e-05
645,1.8451333620150765,8.29580944007919e-05
646,1.9547992808624235,8.193712808204371e-05
647,2.1230971104349,8.133863458452317e-05
648,1.9482232548533247,8.207564988166351e-05
649,1.7416092881258756,8.321347306491553e-05
650,1.5497195797923793,8.40204804437082e-05
651,1.3703188445137338,8.460341627803102e-05
652,1.19880927487417,8.505753302591026e-05
653,1.0308361062658813,8.541152838843127e-05
654,0.8644844494389429,8.566597979608083e-05
655,0.6813933615976402,8.585996292671867e-05
656,0.8519835773239268,8.568142550444487e-05
657,1.0566972069745184,8.540759729425091e-05
658,1.280987835071972,8.500307968043125e-05
659,1.513910841230601,8.449286341242843e-05
660,1.7433518787808877,8.391037643464122e-05
661,1.9408783879197857,8.321643216202879e-05
662,2.0082445739077017,8.280184074686118e-05
663,1.9050348278480085,8.309329865488161e-05
664,1.786116509595288,8.337291033792139e-05
665,1.8242707638914437,8.284474927974684e-05
666,1.9680817412578915,8.168831047272627e-05
667,2.121999226214914,7.940431179468576e-05
668,1.9322697638930213,8.1840841421392e-05
669,1.716213872870866,8.309662805715844e-05
670,1.521275094350293,8.40228091781984e-05
671,1.3452597398872816,8.463929815927326e-05
672,1.1831706757884928,8.507834159573973e-05
673,0.7291398082378818,8.581403842832987e-05
674,0.9017724170136517,8.562234268183363e-05
675,1.1227081467642566,8.529023139533332e-05
676,1.366502009607942,8.482344146918681e-05
677,1.6106183178198528,8.42934434252681e-05
678,1.8246372308803083,8.357888986218041e-05
679,1.932690394492119,8.295781324120075e-05
680,1.862521948322591,8.321213915641801e-05
681,1.7306963042414676,8.364092100597395e-05
682,1.715480927752291,8.349071304283504e-05
683,1.8392910227865873,8.269514045691916e-05
684,1.9859054524051711,8.115601888503468e-05
685,2.108677882675299,7.93682949055575e-05
686,1.9140507261910464,8.154343247124485e-05
687,1.698538290412221,8.311477616593361e-05
688,1.5098679623788547,8.405972720772186e-05
689,0.7622889858949538,8.577797415030369e-05
690,0.9443345152052207,8.556518953909652e-05
691,1.1797248162536387,8.519084848456977e-05
692,1.4317265641872436,8.468583805733716e-05
693,1.6665681955989313,8.412158109831044e-05
694,1.8256988659704556,8.339902305403362e-05
695,1.8045511131183842,8.33966995985342e-05
696,1.6696127262095664,8.391024361296226e-05
697,1.6164837249657933,8.398147662021151e-05
698,1.7285467655378157,8.330710213896419e-05
699,1.8628589684638848,8.223151771668673e-05
700,2.0012390491860765,8.078719578867763e-05
701,2.099721984154258,7.930540042499474e-05
702,1.9062680813048414,8.16496572709245e-05
703,0.7944696765979569,8.574015275652443e-05
704,0.9873292457109907,8.550228691602978e-05
705,1.2306031951922185,8.5089882401062e-05
706,1.4791545446511474,8.455742127616284e-05
707,1.6839140392549292,8.391801451592871e-05
708,1.7295275610577183,8.365147976794433e-05
709,1.6010440020772851,8.409209209981158e-05
710,1.521632805748273,8.437651418496927e-05
711,1.6254922942237018,8.389273915654069e-05
712,1.7514107975497069,8.317134129774295e-05
713,1.8787684371669289,8.189708558502642e-05
714,2.007216724228874,8.098527515738647e-05
715,0.8356016691089352,8.56980820223388e-05
716,1.034222358295674,8.54332764964162e-05
717,1.2766671624079045,8.495100466092298e-05
718,1.5101986662970768,8.441705128507752e-05
719,1.6342001815969232,8.389953927910391e-05
720,1.5273329653407455,8.426775250690076e-05
721,1.4216146932342413,8.46964539961537e-05
722,1.5224554542533386,8.43161241246906e-05
723,1.642626910622327,8.37287593286429e-05
724,1.7609560309095236,8.290961478624943e-05
725,0.8851949740595214,8.563222425300946e-05
726,1.0817397387967465,8.533360251063179e-05
727,1.3156749460427337,8.48633737370981e-05
728,1.509691861094887,8.436770396122886e-05
729,1.4550652073802812,8.45358160280604e-05
730,1.326093455731633,8.492406237978156e-05
731,1.4157110244442068,8.465116291813284e-05
732,1.5310280923925403,8.425096064458874e-05
733,0.9343858261336804,8.555287467570504e-05
734,1.123095399229534,8.524710913353568e-05
735,1.3433699757916036,8.482592986047998e-05
736,1.3948774870582532,8.473520659494961e-05
737,1.2802876687097011,8.502763529119092e-05
738,1.3025810874379284,8.491864576285571e-05
739,0.9733739485626148,8.5503942203119e-05
740,1.1534387965159625,8.52078991308334e-05
741,1.3509222494681061,8.480724353536606e-05
742,1.300989827350696,8.499953948531322e-05
743,0.9957651299653407,8.548683430102581e-05
744,1.167761370751863,8.520513523070067e-05
745,0.9447820047925144,8.556357713975842e-05
746,1.1210742705536874,8.526348054827172e-05
747,1.3128582578289105,8.485984386270697e-05
748,1.5190873116687458,8.434133055604697e-05
749,1.7377157470628661,8.367705455008378e-05
750,1.9601742997977092,8.289582238363372e-05
751,2.104201629210697,8.24993413415713e-05
752,1.989189915458715,8.273102852536274e-05
753,1.8645359443105083,8.3208330452009e-05
754,1.0081885410512441,8.546919992983731e-05
755,1.2008524543082275,8.513726587626601e-05
756,1.419447964364341,8.465502778953018e-05
757,1.6523394046864872,8.408591827898252e-05
758,1.8800987369418614,8.345159817129011e-05
759,2.0361595074048218,8.274269111602818e-05
760,1.982137066014761,8.280686795854109e-05
761,1.854173418486926,8.340489568818565e-05
762,1.796498436406433,8.359148120985818e-05
763,1.884579435604024,8.312828551223571e-05
764,2.0314598592874478,8.227423917378435e-05
765,2.1344554528219137,8.245455595413168e-05
766,1.9226996737141928,8.29222364475947e-05
767,1.6909076942008987,8.373240510244226e-05
768,1.4776575740000903,8.439733939572958e-05
769,1.2875576362129362,8.490893614654899e-05
770,1.0627903708919113,8.538508177705976e-05
771,1.2716296719548006,8.500063775066833e-05
772,1.5062345522717369,8.449689770780496e-05
773,1.7409242359127757,8.387787398354238e-05
774,1.9268156926975017,8.311104123709026e-05
775,1.938629730700675,8.287088274768464e-05
776,1.8155731706599416,8.348806816161863e-05
777,1.7228053512333896,8.385207855545166e-05
778,1.7728543271311192,8.354604655573499e-05
779,1.9053851390185998,8.259796156200018e-05
780,2.059907794731235,8.203941121089927e-05
781,2.1355359987023994,8.243866556195169e-05
782,1.897220458606997,8.295552245054207e-05
783,1.6730640027420633,8.376191286024588e-05
784,1.1125510191482566,8.530803530307786e-05
785,1.33170426080525,8.48759252131032e-05
786,1.5681595867849485,8.434368235782282e-05
787,1.780640502073962,8.36580211372989e-05
788,1.8634595730641799,8.318268959309732e-05
789,1.7547429561565964,8.362858096673367e-05
790,1.6345991352927718,8.413812478008389e-05
791,1.6568091678125099,8.399986606136286e-05
792,1.779027457176429,8.335920193229911e-05
793,1.9223973620828885,8.247909944014779e-05
794,2.0741157395292333,8.193656540204716e-05
795,2.1292459518443447,8.23077405738281e-05
796,1.1607639325337413,8.521353814939585e-05
797,1.382060926498121,8.473892111497772e-05
798,1.6076536193286728,8.41728679288228e-05
799,1.756483051262101,8.354827346197813e-05
800,1.6770041252738168,8.382380702663202e-05
801,1.5362302459821617,8.444119269200543e-05
802,1.5366392689337949,8.441876698676032e-05
803,1.6541017894417716,8.39264380263971e-05
804,1.7888344940514342,8.314408664082982e-05
805,1.928985674853594,8.23486925360758e-05
806,1.207613214324562,8.511339766106451e-05
807,1.4228652119784557,8.459884910485933e-05
808,1.616225844619952,8.398719325992988e-05
809,1.5887546725055839,8.41203172530506e-05
810,1.4380423148869177,8.467647926547416e-05
811,1.4058393071594841,8.476226994066991e-05
812,1.5297914333382354,8.43517970524191e-05
813,1.6579464062752742,8.384417773258584e-05
814,1.2493490687009008,8.500044932218323e-05
815,1.4495542600968334,8.454094807042544e-05
816,1.4988102601779327,8.434693051332063e-05
817,1.359524929057746,8.486026296587874e-05
818,1.2928373859542168,8.499382588293203e-05
819,1.4073982083411518,8.471896995454039e-05
820,1.2814410243160874,8.493995361052294e-05
821,1.416082325127848,8.459339228614203e-05
822,1.320631306467822,8.494703876164308e-05
823,1.2486582391633667,8.508952190218073e-05
824,1.3046269347862967,8.491626090381206e-05
825,1.3293058941706102,8.490307354468978e-05
826,1.3852975136757686,8.47369732029238e-05
827,1.5999701263804644,8.411629666031204e-05
828,1.8305658718766888,8.357175239542146e-05
829,2.0381514970387578,8.267109778723856e-05
830,2.040838054759841,8.249288326820502e-05
831,1.9011884014228029,8.31163640554785e-05
832,1.7849591189336296,8.366425577717943e-05
833,1.4680264719329823,8.453607405333109e-05
834,1.6896415036285932,8.399235862672137e-05
835,1.9026215996430926,8.323956742039086e-05
836,1.991447168636302,8.276993216047696e-05
837,1.8738746598077183,8.317060650260536e-05
838,1.7366878528206546,8.384170212543268e-05
839,1.6875031710244843,8.405329856703611e-05
840,1.7846239067924894,8.360821310593111e-05
841,1.9314258082016396,8.286341255614301e-05
842,2.0771229307986694,8.242655001243104e-05
843,2.0266058547485155,8.274573875317283e-05
844,1.8109089249681087,8.360097712887664e-05
845,1.530818810645192,8.436000009266421e-05
846,1.742623152859854,8.382950117372153e-05
847,1.8919819500494999,8.308311069453191e-05
848,1.8120309975563456,8.341007576136303e-05
849,1.6593061465315797,8.404628215837605e-05
850,1.5694793349054639,8.441129411764674e-05
851,1.6509809185711333,8.410919703649151e-05
852,1.7916482277128938,8.342379491200818e-05
853,1.9465446142459963,8.273265307754028e-05
854,2.0893866372203074,8.23986060910108e-05
855,1.5753003032856592,8.419906324363304e-05
856,1.7541494339512687,8.363720191480704e-05
857,1.7249494659365812,8.375499123637287e-05
858,1.5644398747507842,8.429344740615501e-05
859,1.447345757351555,8.471893594369146e-05
860,1.511853370478429,8.449354640167496e-05
861,1.6465778779719027,8.404071160936901e-05
862,1.7954828607568165,8.329984733798635e-05
863,1.5977230447952904,8.410571680085323e-05
864,1.6219556915431141,8.400534225816002e-05
865,1.4673179013939417,8.452163423034229e-05
866,1.3367641844658928,8.49329104064079e-05
867,1.3775744823425127,8.483873103041944e-05
868,1.5053466050400002,8.449251415323675e-05
869,1.5140513094735146,8.43139716579301e-05
870,1.3856373882609665,8.477962702432562e-05
871,1.273442525538314,8.504701361928204e-05
872,1.2530080347946957,8.508496860095949e-05
873,1.3355674928783619,8.490620904269982e-05
874,1.2779148795476556,8.502898436259103e-05
875,1.8891566744715673,8.327262077775072e-05
876,2.0161238863232422,8.26770596763086e-05
877,1.9071487508584954,8.313317012450235e-05
878,1.7489816824983715,8.369386090350511e-05
879,1.6206688092366572,8.42523042086746e-05
880,1.8969849522630555,8.311312080459743e-05
881,1.8401690249033953,8.338573227759555e-05
882,1.676180135570046,8.392298213586995e-05
883,1.5267730945382751,8.450677406750422e-05
884,1.4837491789948156,8.464031304563012e-05
885,1.6004053514878436,8.422002540224468e-05
886,1.756887252296423,8.356889263598754e-05
887,1.9177874709872202,8.3108464154792e-05
888,1.7411757946242772,8.365921468460196e-05
889,1.5805949925831382,8.420051018535234e-05
890,1.425053861417823,8.47466750157001e-05
891,1.3427286552188367,8.493065677743348e-05
892,1.451420216841194,8.466830699947396e-05
893,1.598227760133922,8.420788283603776e-05
894,1.4782229603171133,8.45171420425957e-05
895,1.338310547261989,8.492067147177252e-05
896,1.245176486050817,8.510450225567991e-05
897,1.318972443249497,8.496673857370613e-05
898,1.2857542447090995,8.502118615326344e-05
899,1.2319490720980513,8.512513509775116e-05
900,1.6820877935787293,8.386465874328505e-05
901,1.5189787447609353,8.444527437297431e-05
902,1.3850051462044637,8.484373054036159e-05
903,1.425400476533171,8.471302827369807e-05
904,1.2971286781383247,8.501021236082272e-05
905,1.2613323191254848,8.508472299743734e-05
906,1.3729453532339433,8.485071437854149e-05
907,1.2430397064806427,8.510645785813748e-05
908,1.195497584547892,8.518888366141921e-05
909,1.2083794823501919,8.517941548892567e-05
910,0.0,0.0
911,0.4377531927726393,8.604109699501738e-05
912,0.8608784698454219,8.56612235659323e-05
913,1.2566630519360427,8.508016915382069e-05
914,1.6159689892319442,8.43587862843055e-05
915,1.934192829887302,8.352647992161817e-05
916,2.211007774054647,8.240307757691416e-05
917,2.448787620893294,8.129249496804904e-05
918,2.6503460388111764,8.01896287881632e-05
919,2.771308719814956,7.68933337757857e-05
920,2.568504284213805,7.803435409094071e-05
921,2.3694978728365665,7.892844523372261e-05
922,2.178971711108995,7.962228189366734e-05
923,0.5585350565723327,8.596442442161788e-05
924,0.8797343154409072,8.564661106729798e-05
925,1.232593949783796,8.512463046030227e-05
926,1.5741011193317194,8.44423190780866e-05
927,1.8860195045432069,8.365521984280439e-05
928,2.161743339716493,8.26384326380758e-05
929,2.4004282466038234,8.149509995753341e-05
930,2.601388983597715,8.046068284647623e-05
931,2.6700628980065337,7.771684281232218e-05
932,2.47914528833023,7.812526497956459e-05
933,2.2836567407305797,7.931110897315236e-05
934,2.168229027788344,7.867380082936864e-05
935,2.2501516251390585,7.956872553958344e-05
936,2.1248601381761545,8.062845771134634e-05
937,2.3131944291683104,7.946733211196731e-05
938,2.5115961010998324,7.827394363256415e-05
939,2.7145369563604542,7.701910200707836e-05
940,2.536019292920174,8.079309173057925e-05
941,2.3196744704227803,8.190867157896613e-05
942,2.0666701466153103,8.305816261356872e-05
943,1.7756585194537406,8.396262501286798e-05
944,1.4480261646276407,8.471499266147627e-05
945,1.0916603831757643,8.535124301479237e-05
946,0.7276687390988834,8.581008497029846e-05
947,1.1024568221925297,8.534643333565252e-05
948,1.3845213772478921,8.483697988242116e-05
949,1.674594377787506,8.416249576537854e-05
950,1.9493437263428341,8.342224791368943e-05
951,2.197146664483283,8.24743005000748e-05
952,2.4123562872927335,8.140977729624302e-05
953,2.584816512007387,8.043424594903879e-05
954,2.6350784547260173,7.876560108293562e-05
955,2.4867129849164926,7.887627989693974e-05
956,2.329729088727259,7.956298542874127e-05
957,2.3689915500330097,7.987086384101193e-05
958,2.5372600346170793,7.885621714394344e-05
959,2.3225819001907873,7.99687565927848e-05
960,2.137131846908331,8.241379121933549e-05
961,2.2882095063425236,7.981495216389659e-05
962,2.4823447706019097,7.82520918073898e-05
963,2.6312270674412352,8.02042729491162e-05
964,2.449051923141089,8.116474259081803e-05
965,2.232420042422137,8.231365647594489e-05
966,1.9818251541572895,8.334828367170195e-05
967,1.6996866092421232,8.413652873938541e-05
968,1.3950677228927166,8.481901808892202e-05
969,1.6118321098102442,8.428081379944118e-05
970,1.8550770350002752,8.362129217082714e-05
971,2.0873370128068296,8.285563355666196e-05
972,2.2950401102323945,8.198552256584851e-05
973,2.4689566933946563,8.105429256305123e-05
974,2.5917972801776146,8.019789546111744e-05
975,2.617389294759177,7.944451083699855e-05
976,2.525846379521143,7.970041983955624e-05
977,2.4305216786380406,8.050704040245156e-05
978,2.49154823622848,8.057277663018773e-05
979,2.6489943374710463,7.988654511375622e-05
980,2.6194394141445274,7.890404348075462e-05
981,2.383899488510165,8.024054717036139e-05
982,2.1847800102782555,8.223521559619949e-05
983,2.2889201888676594,8.027044923250883e-05
984,2.472839313245471,7.861952980286828e-05
985,2.57101797261035,8.051557765513375e-05
986,2.3961189243928325,8.14798161683374e-05
987,2.1896720448908393,8.245013249595001e-05
988,1.9545562289826302,8.342677602765137e-05
989,2.0559904170323993,8.298902118818513e-05
990,2.245979602714374,8.219086780418189e-05
991,2.4090370043207403,8.12824565432687e-05
992,2.5338438055946,8.063446765720277e-05
993,2.604515665215326,7.985775015924545e-05
994,2.5995568253153793,7.968427763078924e-05
995,2.5217057313103908,8.03064619355469e-05
996,2.4378833284603285,8.108163608397391e-05
997,2.4690476504446335,8.113304335830838e-05
998,2.596384948468579,8.063299302761796e-05
999,2.738383695343115,7.927631322629114e-05
1000,2.685014019994399,7.883103988778297e-05
1001,2.427208440370786,8.045352163272411e-05
1002,2.2198680650182743,8.218901180805393e-05
1003,2.2999217042807114,8.04789712159507e-05
1004,2.4723023467491707,7.904017528516056e-05
1005,2.539991930806801,8.06600264702985e-05
1006,2.378486560458984,8.161361841613268e-05
1007,2.3921018026996115,8.141055203555336e-05
1008,2.50866275931554,8.055668510371111e-05
1009,2.584784959539919,7.988650820472124e-05
1010,2.6096247012266174,7.965674151929652e-05
1011,2.5740947671110486,8.018516231052864e-05
1012,2.484193310702538,8.09289834560547e-05
1013,2.380467277148301,8.14825561235256e-05
1014,2.3632127947958352,8.17003060293155e-05
1015,2.467746654277823,8.118686568859925e-05
1016,2.5975121108318953,8.032279889048676e-05
1017,2.7293443184628723,7.93354138580619e-05
1018,2.729588869582229,7.856173564334444e-05
1019,2.4522372692707233,8.06466465159805e-05
1020,2.240126525301875,8.215269728216729e-05
1021,2.3083940359719595,8.08943530295567e-05
1022,2.4730045065271034,7.915184235259931e-05
1023,2.578922402859009,7.981132716401178e-05
1024,2.610797911889619,7.979484742338532e-05
1025,2.59707352118902,7.991978356984736e-05
1026,2.533437406630514,8.066614417485913e-05
1027,2.4244059541891545,8.132015854934317e-05
1028,2.2938947071210496,8.183400553648704e-05
1029,2.219184776241944,8.226639001229682e-05
1030,2.2958694523169014,8.187703114942268e-05
1031,2.4343386916382133,8.118858594546332e-05
1032,2.601569267951052,8.025055161690409e-05
1033,2.7050584678091223,7.932045512558587e-05
1034,2.754148134104266,7.855170362259273e-05
1035,2.4629123849518346,8.057256151401916e-05
1036,2.2466994446064845,8.219057728569941e-05
1037,2.604156048255212,7.995965020217298e-05
1038,2.558671187308418,8.043354883099466e-05
1039,2.470916172448367,8.117328386595424e-05
1040,2.343329636191991,8.170169336841292e-05
1041,2.1897652460255137,8.226111965650876e-05
1042,2.060517113064665,8.281241167353149e-05
1043,2.0950669264772896,8.27550444342298e-05
1044,2.2448429006037682,8.205960872704236e-05
1045,2.440451392143181,8.116588996293211e-05
1046,2.582297815004783,8.029370273201827e-05
1047,2.68856775570461,7.930067161418498e-05
1048,2.7590727636491956,7.799622482072178e-05
1049,2.4879519743174745,8.100717476864956e-05
1050,2.3811780376593585,8.151227752301339e-05
1051,2.2393024846685226,8.214320459894868e-05
1052,2.0708231866299323,8.270799684009753e-05
1053,1.903706721228192,8.327895614687118e-05
1054,1.8756401098872064,8.351788689806006e-05
1055,2.036770294738376,8.29278483484995e-05
1056,2.2142881245444612,8.21553526177953e-05
1057,2.4283040407173386,8.11963165732472e-05
1058,2.5748025561993186,8.044001392237799e-05
1059,2.261079216264143,8.21212037476556e-05
1060,2.111348442141503,8.253233342003032e-05
1061,1.9384467709527449,8.309306064750022e-05
1062,1.7584176734967991,8.368484203923301e-05
1063,1.6533881880149797,8.41913550291414e-05
1064,1.8148375787946627,8.366159183249578e-05
1065,2.015889271246982,8.291433622482814e-05
1066,2.245611851345119,8.199478990302926e-05
1067,1.9614139178607162,8.301484529941742e-05
1068,1.796226426284744,8.353001266707004e-05
1069,1.6284754642375772,8.392415567109936e-05
1070,1.4833492059115567,8.446720738556584e-05
1071,1.5815276028299352,8.434745273345054e-05
1072,1.8042900624060767,8.359445874078243e-05
1073,1.6521275726403306,8.398615919113153e-05
1074,1.5190625605286159,8.428852684956479e-05
1075,1.4128578725596816,8.439032201437722e-05
1076,1.3477064148217985,8.48585351026969e-05
1077,1.4400325423573235,8.427559283372752e-05
1078,1.4022837279575668,8.453291141878243e-05
1079,1.167668680186246,8.523782051035704e-05
1080,1.480489156570108,8.463653500740922e-05
1081,1.7825208827125052,8.391881220257937e-05
1082,2.057953096692015,8.307434442462756e-05
1083,2.3005885459852227,8.197177046720152e-05
1084,2.5078680764029904,8.091277043930923e-05
1085,2.650188225544255,7.948556317776724e-05
1086,2.5048419950333582,7.855368250598202e-05
1087,2.308958139977606,7.942610011138779e-05
1088,2.1768076845308735,7.888146534755023e-05
1089,2.358784173222602,7.926538183452736e-05
1090,1.6427813545791035,8.424028480883996e-05
1091,1.901072237412939,8.351588658921017e-05
1092,2.1403926436218375,8.269388351446594e-05
1093,2.351196793944527,8.166806767767784e-05
1094,2.5245696322014624,8.077401992789679e-05
1095,2.622310440402402,7.959922928391622e-05
1096,2.541794088382364,7.884968678337801e-05
1097,2.383617664894685,7.968629870748614e-05
1098,2.3519522865438898,7.992495079794011e-05
1099,2.5193236624602333,7.97375214873718e-05
1100,2.6038653199206654,7.872555862224265e-05
1101,2.3927319241756524,7.984436442830755e-05
1102,2.1681183498493684,8.046181035236324e-05
1103,2.309229685366861,7.971443586859818e-05
1104,2.501175983468543,7.867573267028706e-05
1105,2.5987071464122438,8.005961214708138e-05
1106,2.44409130070578,8.12607748584337e-05
1107,2.242298734035621,8.222488382283625e-05
1108,2.00899068273162,8.322000219044392e-05
1109,1.7503475963749195,8.398843113988478e-05
1110,2.0713112973333514,8.29021091892935e-05
1111,2.2693975830549933,8.213212581086514e-05
1112,2.437115510902172,8.12318707175002e-05
1113,2.5610625810466914,8.033105535688814e-05
1114,2.612198771417022,7.952381259647964e-05
1115,2.559067936708305,7.978651092468766e-05
1116,2.4497481830452816,8.0538775183808e-05
1117,2.4294378096023435,8.086450895649044e-05
1118,2.5602261629334144,8.055085004776839e-05
1119,2.7118038442269676,7.945346121658249e-05
1120,2.6624831183769917,7.891804132574829e-05
1121,2.4191801079989297,8.023556972960378e-05
1122,2.1851076546018517,8.217302466692797e-05
1123,2.3173120524334463,8.015975803267495e-05
1124,2.4997320566135395,7.870342474339205e-05
1125,2.561916170386778,8.039886716544125e-05
1126,2.412319517726231,8.13926413854856e-05
1127,2.223415294474412,8.226425958412287e-05
1128,2.4002853572959153,8.14457812179204e-05
1129,2.520405347890111,8.04772044628467e-05
1130,2.59362742514992,7.981207074994869e-05
1131,2.6036277175061238,7.971063183043268e-05
1132,2.5427510170270007,8.028715442005224e-05
1133,2.4399669133555633,8.096728665163492e-05
1134,2.3881577299421703,8.149390477890912e-05
1135,2.475972461328419,8.108407190226905e-05
1136,2.6099902689900536,8.039185900367662e-05
1137,2.7298142473055926,7.919721172623078e-05
1138,2.6759165929402124,7.917628760427516e-05
1139,2.4325504044159407,8.046950193576517e-05
1140,2.2082583198916033,8.219085468874195e-05
1141,2.3274444402093173,8.025311549252341e-05
1142,2.5000557745846894,7.880653224535584e-05
1143,2.5490572292526252,8.048548933831572e-05
1144,2.5816584466265478,7.991387283646354e-05
1145,2.609687852316487,7.96812568031639e-05
1146,2.5843670298002057,8.010802669862409e-05
1147,2.504427528505207,8.075831132920007e-05
1148,2.3870998938805146,8.14630831565707e-05
1149,2.291359709469174,8.201154184148776e-05
1150,2.331133228438039,8.172608339457805e-05
1151,2.4607501854724596,8.110456256842952e-05
1152,2.6131411548914096,8.021183495208665e-05
1153,2.699910349710005,7.94749696537226e-05
1154,2.6662989966024204,7.908636714251503e-05
1155,2.4359843823976735,8.067688605555309e-05
1156,2.221328863888795,8.22409357063068e-05
1157,2.3317515071947645,8.029174311137207e-05
1158,2.6004541074619927,8.00165138130964e-05
1159,2.5452438418020558,8.062929051394653e-05
1160,2.444736737661995,8.12403391046536e-05
1161,2.308843002517125,8.17141172276396e-05
1162,2.1726533999245965,8.233866685483944e-05
1163,2.1527657451936095,8.246112944556918e-05
1164,2.279801635586327,8.181771879303238e-05
1165,2.4257191830048908,8.112427198158774e-05
1166,2.588732385692011,8.026812772328389e-05
1167,2.6739239523625593,7.932341305784489e-05
1168,2.6552694699193835,7.940925329249169e-05
1169,2.436068974841476,8.079926154932678e-05
1170,2.479164051106471,8.108137369101732e-05
1171,2.360759088714243,8.159531091885497e-05
1172,2.209161621278165,8.224304934351628e-05
1173,2.0443928361180284,8.279696464679557e-05
1174,1.9570595977726652,8.323504432007723e-05
1175,2.07653187390341,8.269074899907137e-05
1176,2.2436843974490572,8.19136491390905e-05
1177,2.438818182314358,8.108961194838271e-05
1178,2.573136476100099,8.023254121955051e-05
1179,2.664065786962086,7.924226982042478e-05
1180,2.24976931109251,8.211592596621245e-05
1181,2.0887630426884822,8.260287415297889e-05
1182,1.9105391044703266,8.321592023602675e-05
1183,1.7650136893667505,8.383224614929879e-05
1184,1.8576110299760094,8.348018529713252e-05
1185,2.04660728775677,8.282392757424238e-05
1186,2.2600013457782513,8.191752865517525e-05
1187,2.4323657178368783,8.108604606708317e-05
1188,1.949367703035011,8.31001116892042e-05
1189,1.7737304416703021,8.366416229982205e-05
1190,1.6069341466760303,8.411491526409134e-05
1191,1.6285330735523282,8.422570015857839e-05
1192,1.836711243708374,8.348557491231379e-05
1193,2.0384064982716783,8.284465441437156e-05
1194,1.6396807218510285,8.395761932466091e-05
1195,1.495377736713225,8.43288385367533e-05
1196,1.4061261494077846,8.474128266818665e-05
1197,1.614932532453794,8.420106834426311e-05
1198,1.4262720155268946,8.446981265877767e-05
1199,1.3751062201089796,8.464951184597521e-05
1200,2.122697870260154,8.279143849445787e-05
1201,2.322097563051069,8.189475981074419e-05
1202,2.4881392312488684,8.097353042688647e-05
1203,2.5935032174492325,7.999718193361966e-05
1204,2.5475505428289122,7.9352787516332e-05
1205,2.3911731909024496,7.976694090770126e-05
1206,2.300886786433083,8.01408390569254e-05
1207,2.4761398955116505,8.025835825044547e-05
1208,2.6807875188326937,7.938244167916394e-05
1209,2.426909369134123,8.125457592746054e-05
1210,2.545097794860077,8.045551413821982e-05
1211,2.600487652549349,7.976617983557205e-05
1212,2.562089556964882,7.983368495228801e-05
1213,2.4484575733300575,8.057639045789904e-05
1214,2.3623675785973046,8.125727570521164e-05
1215,2.462236227908504,8.100021879872469e-05
1216,2.621312855627552,8.018338438406779e-05
1217,2.7230134292633212,7.92085370190464e-05
1218,2.6376387166335595,7.96585605297384e-05
1219,2.4306033123914514,8.068815227119278e-05
1220,2.2542029953844835,8.056034439587594e-05
1221,2.3950491310203024,8.014998662463012e-05
1222,2.5451544794846086,7.954461387029595e-05
1223,2.5768214748496256,8.008329857065525e-05
1224,2.476112487438901,8.101779095862534e-05
1225,2.5895984989345697,7.996280695422609e-05
1226,2.6023525490034785,7.952092495370915e-05
1227,2.548793982202103,8.024075163632808e-05
1228,2.4412905572707753,8.099560090476302e-05
1229,2.3337657546474917,8.170845255013083e-05
1230,2.3608204158884645,8.162638699028478e-05
1231,2.495842674269193,8.077571369766981e-05
1232,2.614059547349675,7.994950904951275e-05
1233,2.6752004004709473,7.937682285793334e-05
1234,2.5934585283327616,7.99458474601219e-05
1235,2.3929986805926697,8.096656568741489e-05
1236,2.237284909285935,8.074253749083231e-05
1237,2.3986427398184067,8.014012176205484e-05
1238,2.543834289231661,7.938493426760661e-05
1239,2.5869079846216017,8.002819139117944e-05
1240,2.512743028915532,8.076881253427933e-05
1241,2.39456044258444,8.136365874795389e-05
1242,2.2612683591816127,8.197459210376974e-05
1243,2.2172881808977984,8.219197206315278e-05
1244,2.334112445043128,8.163479734006237e-05
1245,2.4702271286292943,8.07499309879568e-05
1246,2.59410099068309,7.989551044229109e-05
1247,2.6329628255745408,7.949903336854316e-05
1248,2.5614976072103914,8.018658555990245e-05
1249,2.37193764967754,8.109926714787551e-05
1250,2.237084587325263,8.090394031373541e-05
1251,2.4512687557377792,8.12086891546633e-05
1252,2.3189841915613494,8.17459285894108e-05
1253,2.1644330264237577,8.238479093023437e-05
1254,2.0560261011621894,8.28714959906525e-05
1255,2.1479180606974677,8.240189034868645e-05
1256,2.3026434559343607,8.15874917631334e-05
1257,2.462814697239314,8.071133713418569e-05
1258,2.566899415105699,7.998679775370752e-05
1259,2.6092459920395306,7.953516672223712e-05
1260,2.5498694064765197,8.010788287362059e-05
1261,2.216718692680427,8.215819038489538e-05
1262,2.0486771550874594,8.27309731983131e-05
1263,1.894507105559695,8.339735934229428e-05
1264,1.9453848410348396,8.320884953380941e-05
1265,2.1188477132430825,8.230439152248916e-05
1266,2.281127146389022,8.159627361444148e-05
1267,2.4486141849771585,8.085976389077917e-05
1268,2.5568639861127087,8.013199717243162e-05
1269,1.916840670963162,8.319989454524945e-05
1270,1.744280075183648,8.381419479512732e-05
1271,1.734097717530294,8.389386907621608e-05
1272,1.9226735945852176,8.3154339300743e-05
1273,2.1078043241645026,8.242143487620177e-05
1274,2.296237942165093,8.155925558467282e-05
1275,1.609536407981505,8.408837803562353e-05
1276,1.5271795756263122,8.443153359731914e-05
1277,1.7165405065605737,8.380829000728744e-05
1278,1.9191283131855832,8.313548829861188e-05
1279,1.3933008685891655,8.471909484594914e-05
1280,1.5069603279375907,8.442424240273272e-05
1281,2.59589571731436,7.984555425987741e-05
1282,2.560935998754253,8.0001584384948e-05
1283,2.447753487777313,8.072242520987132e-05
1284,2.321218776300392,8.130393988610528e-05
1285,2.3742025279684507,8.137392317239101e-05
1286,2.538051540796965,8.052948020936403e-05
1287,2.644628114184801,7.96586049319897e-05
1288,2.5501880123908975,8.022179895192058e-05
1289,2.4430705811684024,8.101542274975181e-05
1290,2.3115563014517466,8.162162591326757e-05
1291,2.2700211107417423,8.19858263730106e-05
1292,2.399696869161438,8.12779210108075e-05
1293,2.5240253366200327,8.040626449129821e-05
1294,2.5959020723712376,7.96969995033647e-05
1295,2.580357337459728,7.991973562980537e-05
1296,2.4756891718959135,8.080970994801539e-05
1297,2.3130920543427163,8.160738205204426e-05
1298,2.3078751526602934,8.137656378356064e-05
1299,2.4480052677141857,8.071174715803818e-05
1300,2.397659749551839,8.134544732984995e-05
1301,2.2546340251675625,8.196512868869282e-05
1302,2.1467802524600073,8.25439581502299e-05
1303,2.2367803292290045,8.20004850555286e-05
1304,2.377958761287406,8.108510721597902e-05
1305,2.4848411381659985,8.03908906729707e-05
1306,2.552310166895041,8.000325873815648e-05
1307,2.5382604555330146,8.009240909738552e-05
1308,2.4425822269579203,8.096514889922985e-05
1309,2.291169391988225,8.17446407708606e-05
1310,2.1650206933187293,8.229841866182944e-05
1311,2.017261689786054,8.295716102819954e-05
1312,2.058218252010305,8.274731781944391e-05
1313,2.2149891415899026,8.19933326810217e-05
1314,2.3529890043361466,8.125905519951423e-05
1315,2.4693326141871403,8.051355861426119e-05
1316,2.5283353081831916,8.003843155130353e-05
1317,2.5236434491087323,8.000969772087401e-05
1318,1.8829237371817422,8.343432321161234e-05
1319,1.8722963743497565,8.343624217187669e-05
1320,2.0401797151123895,8.267270724753662e-05
1321,2.2023937069288286,8.182283155079922e-05
1322,2.3490363292540315,8.11739270610987e-05
1323,2.4601632729719185,8.046261001596219e-05
1324,1.6897242307764628,8.401573664862624e-05
1325,1.857465191527006,8.319032616182821e-05
1326,2.0362612742585338,8.255947079228574e-05
1327,2.1982037747983982,8.194581549652848e-05
1328,1.6740785454760994,8.390125047203215e-05
1329,1.8573409233474398,8.312120131437948e-05
1330,2.3070384098709327,8.169309719910074e-05
1331,2.2211036676020672,8.214269917651584e-05
1332,2.3365096877255596,8.149686277636877e-05
1333,2.4591048225721823,8.073912673432604e-05
1334,2.5250912720767427,8.013660295133669e-05
1335,2.125464968340189,8.256004128475968e-05
1336,2.1840846257262503,8.226768413293007e-05
1337,2.3205114965079394,8.134708584746326e-05
1338,2.4241572761821226,8.072834855549552e-05
1339,2.4826943560259607,8.032899170818669e-05
1340,2.4841002973706963,8.041847473750213e-05
1341,2.4255307706086104,8.08689085283677e-05
1342,2.3146641598142375,8.167496218190214e-05
1343,2.0262737397625683,8.279592079263647e-05
1344,2.170407908297304,8.20718985725134e-05
1345,2.301897757730196,8.129605940696539e-05
1346,2.399016890807924,8.09041482781817e-05
1347,2.460547496877784,8.046256575764611e-05
1348,2.4700336391903295,8.032577074894718e-05
1349,2.013589999572869,8.272883723088493e-05
1350,2.163286302326385,8.187147631802859e-05
1351,2.291501944650266,8.136154446093247e-05
1352,2.393831199409841,8.07892224505063e-05
1353,2.012358517510553,8.249717902461778e-05
1354,2.1610488575730153,8.198881629675059e-05
1355,2.301194025501425,8.150451578048092e-05
1356,2.3933564593131913,8.09067752041729e-05
1357,2.440957544650949,8.054239030572307e-05
1358,2.2848819202571495,8.142156979976753e-05
1359,2.370657098554719,8.094914347263312e-05
1360,2.4196664075190966,8.059854160289476e-05
1361,2.427985119676173,8.067106847138443e-05
1362,2.2757351074241217,8.13758002528512e-05
1363,2.362944061674425,8.104398985835326e-05
1364,2.406772622593252,8.078216911177198e-05
1365,3.7615520893508605,7.374939278308019e-05
1366,3.7525163236962764,7.320988382044417e-05
1367,3.723722466575228,7.262740567442635e-05
1368,3.6709243405003957,7.173953583717748e-05
1369,3.589372628279766,7.097345935946552e-05
1370,3.4761780581327884,7.144797077639765e-05
1371,3.3319799252264235,7.204442397125458e-05
1372,3.161299675071365,7.371242782085086e-05
1373,2.9715589764104897,7.56652336509864e-05
1374,2.771308719814956,7.678865741871324e-05
1375,2.568504284213805,7.778730365110841e-05
1376,2.3694978728365665,7.890056312145201e-05
1377,2.178971711108995,7.969806665749823e-05
1378,3.7841806914131833,7.32803886339383e-05
1379,3.757828805879773,7.286663964351593e-05
1380,3.6810716028972483,7.216838024356812e-05
1381,3.5756325337609316,7.175016963356839e-05
1382,3.4424517155788195,7.209870245732026e-05
1383,3.28249091371427,7.242909777063777e-05
1384,3.100238646111801,7.428684863619361e-05
1385,2.9052269760596863,7.607495330143924e-05
1386,2.8017687063732564,7.889055855078616e-05
1387,2.8549344119300053,7.676597488329073e-05
1388,2.6518813397021073,7.765996316193715e-05
1389,2.449052211211536,7.87879311135994e-05
1390,2.348288759387736,7.925149480952993e-05
1391,2.5458757728698,7.8236942051373e-05
1392,2.7414675451824406,7.762675026700829e-05
1393,2.8416115516437825,7.815103002572696e-05
1394,2.7158896126302428,7.975833078717684e-05
1395,2.9150705740082183,7.551429495941743e-05
1396,3.1049803159088,7.375452168475434e-05
1397,3.27614743854182,7.224715648811454e-05
1398,3.4224528354158523,7.185063416690863e-05
1399,3.541248628235634,7.173486830526952e-05
1400,3.633559776426225,7.242616251685555e-05
1401,3.7027998129253694,7.295570834910261e-05
1402,3.8486617213673773,7.148306189603404e-05
1403,3.827358270417578,7.124895025961307e-05
1404,3.717925691815397,7.12952766947294e-05
1405,3.563273791148125,7.190316829373795e-05
1406,3.3820525817881357,7.277667325231166e-05
1407,3.185239435343614,7.398480130554076e-05
1408,2.9909185534487484,7.591084878642043e-05
1409,2.887998555329152,7.783295347128121e-05
1410,2.9634792163018724,7.779093359019018e-05
1411,2.95989416049041,7.618001822028843e-05
1412,2.751350806134341,7.77730829931115e-05
1413,2.555036718661774,7.927251428225694e-05
1414,2.7392807944615445,7.84471180118641e-05
1415,2.8655340865765413,7.786824685583462e-05
1416,2.8687820585847326,7.797273577978354e-05
1417,2.7757982690835044,7.908874123389353e-05
1418,2.68207457143494,7.745167138601245e-05
1419,2.880414277980918,7.542537720040256e-05
1420,3.069697711757895,7.37382756761698e-05
1421,3.242772685172636,7.270343158221068e-05
1422,3.3948940111039008,7.256048533357333e-05
1423,3.52469398836513,7.260298869179089e-05
1424,3.946391266172994,7.079663999862544e-05
1425,3.927210515628793,7.079489531440067e-05
1426,3.794802733695421,7.126024156466719e-05
1427,3.610671000595331,7.234905437410681e-05
1428,3.4131770068113063,7.388927229631533e-05
1429,3.235324595117656,7.540785258038839e-05
1430,3.136046073236848,7.637054490371053e-05
1431,3.1527356828652913,7.570444913991739e-05
1432,3.223742052753858,7.491072069018623e-05
1433,3.074091421102812,7.563643970834571e-05
1434,2.8523585735281825,7.72951109650672e-05
1435,2.795769117286344,7.87613442827232e-05
1436,2.8701874492533657,7.789801413434255e-05
1437,2.873893437356787,7.755194377039096e-05
1438,2.816643195256022,7.823987463167365e-05
1439,2.7126057846049223,7.91844490154981e-05
1440,2.666564872892603,7.725650280936185e-05
1441,2.862280068272062,7.562930109409263e-05
1442,3.0527790574761995,7.401701284063684e-05
1443,3.2316497679605427,7.272466531468426e-05
1444,4.067089301154302,6.902281823449359e-05
1445,4.045884010607204,6.986967344032769e-05
1446,3.9061308158388384,7.174756047927775e-05
1447,3.733835295800142,7.272037889727576e-05
1448,3.583772662931013,7.417254760734491e-05
1449,3.4973734062705915,7.465897265728825e-05
1450,3.491847810843646,7.426267039596311e-05
1451,3.545825684074993,7.364477556069246e-05
1452,3.403384158599478,7.321160064209262e-05
1453,3.1833744752275073,7.450307777233584e-05
1454,2.9415589571870218,7.709068986311238e-05
1455,2.8200895873233156,7.840173655835944e-05
1456,2.8504482669856896,7.775939490404401e-05
1457,2.831490314263224,7.7914838945734e-05
1458,2.769666423830432,7.863087345037053e-05
1459,2.671156940226194,7.9645744967923e-05
1460,2.6608222028556754,7.713717340271998e-05
1461,2.8567014089955403,7.53044696570303e-05
1462,4.2014896440878555,6.651394691770942e-05
1463,4.183366605464454,6.875461154949102e-05
1464,4.069088645338158,7.066210501533999e-05
1465,3.9548374312000485,7.141879071069195e-05
1466,3.8861482888462744,7.26168595957057e-05
1467,3.878375544989079,7.25215445081991e-05
1468,3.900159467205029,7.079593856431194e-05
1469,3.7243149288086346,7.262425241191429e-05
1470,3.515625525919037,7.377670678563142e-05
1471,3.2758419867834885,7.467439662644025e-05
1472,3.0102673143170753,7.673692460100298e-05
1473,2.794640875852513,7.816090004559563e-05
1474,2.816381759388752,7.79449596203542e-05
1475,2.797933059512346,7.795511388312257e-05
1476,2.7435832746015314,7.856983373228381e-05
1477,2.656793147724821,7.958852168633921e-05
1478,4.341657957919638,6.452382800033414e-05
1479,4.340675475357339,6.634735495529455e-05
1480,4.279478109498874,6.866750496038165e-05
1481,4.2357095850076805,6.998901399256042e-05
1482,4.23544032030876,7.078934355924545e-05
1483,4.172912435041541,6.962904406364955e-05
1484,4.022398911443984,7.135909105301419e-05
1485,3.8334626980486037,7.263791923064628e-05
1486,3.6062874055470475,7.349477308733662e-05
1487,3.344122619778631,7.449669135708235e-05
1488,3.0552572129401496,7.665013376202261e-05
1489,2.769067399638722,7.813963260685638e-05
1490,2.79500272257338,7.787900171727295e-05
1491,2.785617073875001,7.796850381981282e-05
1492,4.479935939154287,6.373622421260672e-05
1493,4.502969732194678,6.478517691712899e-05
1494,4.497592631512737,6.640062215103357e-05
1495,4.486710467983059,6.612930163734543e-05
1496,4.4062559826725,6.811908742874616e-05
1497,4.285257539553007,6.960189077780772e-05
1498,4.122392788639056,7.113634017820293e-05
1499,3.9165428388497223,7.246658138814303e-05
1500,3.6689325116129528,7.343730186298863e-05
1501,3.385262284990261,7.45132195705863e-05
1502,3.0770656482004344,7.631718194152151e-05
1503,2.7618094328956606,7.86407420029945e-05
1504,4.608421672191244,6.26314064716157e-05
1505,4.646529847948275,6.257880146551923e-05
1506,4.641095908261507,6.454774874375594e-05
1507,4.593585060593385,6.606323426599382e-05
1508,4.504071146471302,6.804776648041574e-05
1509,4.371064808261752,6.899205545073662e-05
1510,4.1925695172318225,7.097810753949375e-05
1511,3.9680571240690594,7.289998054127726e-05
1512,3.7006762435337817,7.383646565939313e-05
1513,3.3989144145720482,7.47714097036463e-05
1514,4.7196109935059765,6.335893296959662e-05
1515,4.747572261781679,6.385515805557352e-05
1516,4.732255127988087,6.460263206967174e-05
1517,4.674294957756617,6.545009096171715e-05
1518,4.572515554677534,6.760397998649912e-05
1519,4.424556283296868,6.938242196405884e-05
1520,4.228578856275424,7.102575528670269e-05
1521,3.9854567811944155,7.263708186806306e-05
1522,4.807433101723837,6.308294346633356e-05
1523,4.822883842909056,6.318065129430961e-05
1524,4.795325098174575,6.362096488847015e-05
1525,4.724300240847819,6.575089323355526e-05
1526,4.607620067630219,6.737672115879047e-05
1527,4.442691425653691,6.920806905072264e-05
1528,4.867798179539799,6.277490102781339e-05
1529,4.869154443852147,6.203255729932032e-05
1530,4.827471130819706,6.39059484506335e-05
1531,4.741209226466722,6.56708365093249e-05
1532,4.898447012987374,6.166211033235211e-05
1533,4.884737032175322,6.160916581558336e-05
1534,3.7013900757352407,7.19946342605427e-05
1535,3.5975560746507087,7.206548312663972e-05
1536,3.465657723816933,7.210201490468806e-05
1537,3.30819407892499,7.230343360871777e-05
1538,3.1287808713100738,7.359062435543487e-05
1539,2.9349090164392524,7.518772987618289e-05
1540,2.76370092732388,7.787891897981544e-05
1541,2.840730608343626,7.849768067967684e-05
1542,2.8971496526132476,7.750323150446384e-05
1543,2.777975139465533,7.778751370902365e-05
1544,2.5926544966588545,7.879991581040951e-05
1545,3.7669113535383296,7.129880283035415e-05
1546,3.634265443979104,7.186623587693064e-05
1547,3.4658244624930625,7.265652699767537e-05
1548,3.27659767991808,7.368521882386617e-05
1549,3.0828245202105684,7.523443034287951e-05
1550,2.9310172356299136,7.70803718805743e-05
1551,2.9308582684896547,7.769673644100262e-05
1552,2.9884541346479367,7.66275730786338e-05
1553,2.9703510142656633,7.663370924773686e-05
1554,2.829987673558165,7.784024137308619e-05
1555,2.7333644672831108,7.900158166759962e-05
1556,2.8560851117178556,7.797218060656892e-05
1557,2.904341051209811,7.744885584636804e-05
1558,2.8669271284131392,7.789832803635526e-05
1559,2.774218457329638,7.8704135355178e-05
1560,2.7404874658597818,7.709955955735146e-05
1561,2.924834309597856,7.541201239383095e-05
1562,3.1175016957748527,7.372091490370564e-05
1563,3.2976883964131956,7.244176288638016e-05
1564,3.4592989745445935,7.227982905295329e-05
1565,3.862929834691611,7.148552929392634e-05
1566,3.7139832392552767,7.219231909797797e-05
1567,3.534939796319646,7.339348141697609e-05
1568,3.35905378851128,7.456250150987303e-05
1569,3.229137007437316,7.563117821104444e-05
1570,3.1880173002555496,7.53075833778963e-05
1571,3.2053469960510212,7.465241607894744e-05
1572,3.1968120400727655,7.417410175327533e-05
1573,3.0895608932332825,7.556955656088675e-05
1574,2.901769237836499,7.717233825127046e-05
1575,2.839690915945483,7.833431482659085e-05
1576,2.886072311010658,7.756464692997898e-05
1577,2.8761982730877103,7.749583698719444e-05
1578,2.8183825630234365,7.810699841278459e-05
1579,2.7266863195047772,7.888068190816896e-05
1580,2.7299928955461144,7.69819030134841e-05
1581,2.9174598302956056,7.535573170160413e-05
1582,3.1119984425188187,7.374816255953208e-05
1583,3.983329522591247,7.056864995733393e-05
1584,3.8441472054629062,7.210413089381526e-05
1585,3.7007159049456,7.350004881764434e-05
1586,3.593526917660691,7.37653769507322e-05
1587,3.5442423358982915,7.390474175515792e-05
1588,3.5366560213667855,7.296656850721765e-05
1589,3.5130014922173474,7.305343975693634e-05
1590,3.4076889305706457,7.377356482525559e-05
1591,3.224536971215724,7.498548159098381e-05
1592,3.003992541558909,7.696246453272225e-05
1593,2.868496432757662,7.780466845942878e-05
1594,2.8663937094805205,7.748172242292374e-05
1595,2.842290799476108,7.756909845894624e-05
1596,2.784900286166249,7.81201663542902e-05
1597,2.702297575180318,7.898441988513244e-05
1598,2.7270879247219777,7.718289761977303e-05
1599,4.136079992787203,6.916625178898653e-05
1600,4.036448436594727,7.062600458258894e-05
1601,3.953653912071382,7.115768613160624e-05
1602,3.907417836610096,7.171711060461346e-05
1603,3.886576584347431,7.153402651224196e-05
1604,3.845486269900555,7.225752168125379e-05
1605,3.7345576475657056,7.286053912543255e-05
1606,3.5544316868198442,7.374146840326462e-05
1607,3.3267525495571957,7.491537699477437e-05
1608,3.075338735898866,7.675769853367792e-05
1609,2.8833191580867368,7.760721817003558e-05
1610,2.8476267872531498,7.754416987566586e-05
1611,2.822508360486449,7.753136805496345e-05
1612,2.7731140079682497,7.827657772633424e-05
1613,4.315369406504282,6.675279147627631e-05
1614,4.261475761251919,6.8296198945023e-05
1615,4.224450469361487,6.956235087779428e-05
1616,4.198668638637046,7.030038790841154e-05
1617,4.148720818438046,7.089577806759838e-05
1618,4.040097388341192,7.18424386276156e-05
1619,3.8706295073313344,7.286511406867255e-05
1620,3.650720352587618,7.393540503589498e-05
1621,3.3924411883322425,7.479544260974893e-05
1622,3.114873602030565,7.645468412986858e-05
1623,2.891033802431956,7.776815809719016e-05
1624,2.840587699937125,7.735095493024948e-05
1625,4.493069817269533,6.571153532647946e-05
1626,4.4710891238396915,6.727139342263453e-05
1627,4.449692697755237,6.834912018918543e-05
1628,4.40348903897276,6.909743825523072e-05
1629,4.307363295345581,7.013237696095483e-05
1630,4.156398363766032,7.139696795145367e-05
1631,3.9541940043707644,7.281966365752194e-05
1632,3.706867550665142,7.39669460498477e-05
1633,3.4243505925910824,7.482268707267566e-05
1634,3.1274734962131445,7.632129963358445e-05
1635,4.644535805215574,6.56439981271665e-05
1636,4.635234663017329,6.661650359537699e-05
1637,4.602985085757772,6.763824823622008e-05
1638,4.526769730553652,6.819268637472942e-05
1639,4.3997818428833195,6.959183020388641e-05
1640,4.221799922037827,7.123955062478275e-05
1641,3.9950735149124164,7.28071018796353e-05
1642,3.725266848847212,7.399714085656382e-05
1643,4.759332968554972,6.481281392216823e-05
1644,4.746571713541789,6.54586656930553e-05
1645,4.694316608217292,6.649926337940507e-05
1646,4.5940809507904214,6.777248236417944e-05
1647,4.443810541143085,6.924994213190439e-05
1648,4.243249978563456,7.087171320735685e-05
1649,4.835340825502035,6.425595343559782e-05
1650,4.809880896790844,6.459284981529082e-05
1651,4.7373089817975105,6.63296342772368e-05
1652,4.615754400377273,6.768961374845513e-05
1653,4.873044567858528,6.389832414151875e-05
1654,4.830370389572935,6.501755252481509e-05
1655,3.4722645574483657,7.247798208765906e-05
1656,3.2874115436954794,7.326790227603179e-05
1657,3.096645439975703,7.499354394388392e-05
1658,2.933693908237481,7.6900007034326e-05
1659,2.895516826347838,7.751194230072814e-05
1660,2.9477051216103236,7.683355496138945e-05
1661,2.9831509327891714,7.593138873412469e-05
1662,2.9606973693332614,7.66545595163192e-05
1663,2.862768062792372,7.787858462044406e-05
1664,3.5492310937444405,7.309682466970555e-05
1665,3.3785917766491957,7.421096517711427e-05
1666,3.240992503711615,7.504029763286924e-05
1667,3.177496571235435,7.532973461526078e-05
1668,3.1811670057161194,7.458445810693748e-05
1669,3.199600135464443,7.411161876241084e-05
1670,3.1877621748817733,7.48038006792323e-05
1671,3.118754810177034,7.623315998866564e-05
1672,3.0139155053029127,7.720627087766475e-05
1673,2.9813896541607416,7.717390755793653e-05
1674,2.986078034108145,7.616793045810013e-05
1675,2.964843441544475,7.613341625282137e-05
1676,2.917741835347721,7.693892125476377e-05
1677,2.8740562226241306,7.753666069900298e-05
1678,2.9310271287011758,7.62745953746145e-05
1679,3.0973635836845705,7.485515144068379e-05
1680,3.7117331973881607,7.305982449864536e-05
1681,3.599608559078514,7.369469654457804e-05
1682,3.5353562156789495,7.377719710642273e-05
1683,3.517607619298612,7.313975656337981e-05
1684,3.519554876844242,7.285817074567114e-05
1685,3.503054360795235,7.344894744261044e-05
1686,3.433210982230775,7.427438849384927e-05
1687,3.302671994456089,7.585018125796446e-05
1688,3.148706422424561,7.692764225763473e-05
1689,3.039865034407791,7.686264760830895e-05
1690,2.989971016537304,7.645505250916508e-05
1691,2.9497506621079617,7.63171162672329e-05
1692,2.9020560843819836,7.716773839808603e-05
1693,2.8670199985055325,7.733220071132077e-05
1694,3.952027918327679,7.07530481337614e-05
1695,3.8942861277767244,7.121321176688054e-05
1696,3.869024007969653,7.184147305321477e-05
1697,3.85956372833536,7.196608501481823e-05
1698,3.8338487824757537,7.269745819541416e-05
1699,3.757484171766002,7.345572644125075e-05
1700,3.6171858872330414,7.434894779559473e-05
1701,3.4283099044343244,7.521080773774619e-05
1702,3.2251092191798083,7.671458345143594e-05
1703,3.0683762371245566,7.66741194158794e-05
1704,2.9897072776980074,7.629489549228621e-05
1705,2.94419689466454,7.666922602373188e-05
1706,4.213103971285338,6.951190569331085e-05
1707,4.186263400499164,7.04241919397567e-05
1708,4.171032084642437,7.11771698313657e-05
1709,4.140197799080522,7.195139021395227e-05
1710,4.0625490865011695,7.262235862797268e-05
1711,3.923386319966039,7.317376863799003e-05
1712,3.729246608917543,7.410975597620303e-05
1713,3.4971795603245535,7.500384346039295e-05
1714,3.25964550601382,7.645586673299616e-05
1715,3.077002061026021,7.660125838628815e-05
1716,4.44551897873886,6.884601686245253e-05
1717,4.4297475212447175,7.014076959800841e-05
1718,4.400437624910836,7.061278270218207e-05
1719,4.32895936539065,7.094179615888914e-05
1720,4.199850187427516,7.199759679266735e-05
1721,4.013961496755701,7.278153021141752e-05
1722,3.7816023749688963,7.395613981541687e-05
1723,3.519065188915337,7.505660154874199e-05
1724,4.62418290875494,6.822241887663776e-05
1725,4.603100594049271,6.899193425514431e-05
1726,4.544700603907214,6.896362573720537e-05
1727,4.4322198977926845,6.99110974214631e-05
1728,4.263346691269942,7.134372003283462e-05
1729,4.043194974843657,7.285599944298338e-05
1730,4.741603426204421,6.721698059864914e-05
1731,4.70314660881215,6.782585406177434e-05
1732,4.612125699505766,6.879592486435979e-05
1733,4.464717008735232,6.981534918619463e-05
1734,4.799014831783659,6.674139269414759e-05
1735,4.735232235790179,6.776355418956534e-05
1736,3.2409854881617237,7.540842495097123e-05
1737,3.1690012448380096,7.54176935335109e-05
1738,3.165913928604023,7.466849313807692e-05
1739,3.1937099701755547,7.404978650438755e-05
1740,3.2225955944452402,7.468289158713905e-05
1741,3.2382279728008125,7.553472718081963e-05
1742,3.239525193812373,7.694254590073154e-05
1743,3.5304273016829524,7.334553750310394e-05
1744,3.507562411825918,7.311865014105762e-05
1745,3.5179358318053544,7.26132741535682e-05
1746,3.5398757322317325,7.275825621459485e-05
1747,3.5499063245060016,7.384224377055214e-05
1748,3.526333865194519,7.491899086567977e-05
1749,3.462907744442577,7.568090656797777e-05
1750,3.378536236348705,7.599875352201676e-05
1751,3.298854071089642,7.531127774896971e-05
1752,3.2363637575298383,7.419644268977361e-05
1753,3.189470230505684,7.395783363203136e-05
1754,3.160704039288393,7.480375109807498e-05
1755,3.862910623098431,7.110786598598151e-05
1756,3.860617728762888,7.174987295593148e-05
1757,3.8714962205880283,7.229611264440968e-05
1758,3.8705584255506507,7.323680111267065e-05
1759,3.830270963439553,7.351122133069536e-05
1760,3.735997307476685,7.414969674561278e-05
1761,3.599970205264152,7.488478880690964e-05
1762,3.4506183981596066,7.544408091886336e-05
1763,3.3248175708154246,7.495144042931755e-05
1764,3.2400962242411424,7.412826568049955e-05
1765,4.1739396385513,7.141988542932989e-05
1766,4.175559375914189,7.162736786166186e-05
1767,4.166764018575794,7.215081156581209e-05
1768,4.118575024427552,7.262345152124914e-05
1769,4.012961583544034,7.299473807547892e-05
1770,3.8544558621129004,7.365888701947354e-05
1771,3.6627891276265063,7.44140405949078e-05
1772,3.4728818812754327,7.544448168525863e-05
1773,4.425876086803304,7.05184733699502e-05
1774,4.415039505249327,7.086834824574797e-05
1775,4.367508164790731,7.100867323674882e-05
1776,4.262759670544039,7.140655207906488e-05
1777,4.099961632607584,7.226882786331426e-05
1778,3.8918116965384426,7.35343053625871e-05
1779,4.598224619761994,6.96903219632782e-05
1780,4.560224304901444,6.991365247370382e-05
1781,4.465395159989999,7.021164099296867e-05
1782,4.309222021362568,7.125652707815641e-05
1783,4.68415457942482,6.875048199536955e-05
1784,4.607699455707382,6.971175575720717e-05
1785,3.5168911069279107,7.273866797225981e-05
1786,3.5536301061320614,7.28644254582942e-05
1787,3.606190803271239,7.372644218894725e-05
1788,3.659388159971521,7.422152790489628e-05
1789,3.6932869628218232,7.442877122025793e-05
1790,3.88150110774744,7.260123730296704e-05
1791,3.918479897746599,7.283786020868191e-05
1792,3.9506347475755774,7.283301953221773e-05
1793,3.9527983030550673,7.309108162200573e-05
1794,3.9089678497839664,7.334501719758412e-05
1795,3.8238012179183523,7.35780282809395e-05
1796,3.719228860447181,7.40617556859661e-05
1797,3.622992224021853,7.370795046575756e-05
1798,4.198374058752877,7.194381537290386e-05
1799,4.216421922130457,7.204914595867901e-05
1800,4.20123359402386,7.202608314985865e-05
1801,4.132802206283522,7.215774893976798e-05
1802,4.013886120974653,7.255934638106665e-05
1803,3.8650792030994743,7.326294745808026e-05
1804,4.427303047741374,7.089706248281665e-05
1805,4.40680726674748,7.074220291015308e-05
1806,4.329289917475057,7.092025155188135e-05
1807,4.192560088892995,7.158384104019178e-05
1808,4.545639084902397,7.01175411671058e-05
1809,4.471054956456509,7.028079812163132e-05
1810,3.98848224026822,7.280915449662532e-05
1811,4.060161891270295,7.245472061944856e-05
1812,4.105916987761162,7.205062293278592e-05
1813,4.266574121149628,7.13753611846875e-05
1814,4.287252760032287,7.096054223484733e-05
1815,4.255739443088771,7.107898636529509e-05
1816,4.172641276398798,7.161670484675694e-05
1817,4.41579784831372,7.062240424098464e-05
1818,4.366525257284733,7.062115404848263e-05
1819,4.343256145703234,7.05939244166772e-05
1820,3.7615520893508605,7.34529069172161e-05
1821,3.7525163236962764,7.36082661071443e-05
1822,3.723722466575228,7.280678565768947e-05
1823,3.6709243405003957,7.162826110193106e-05
1824,3.589372628279766,7.11020719199756e-05
1825,3.4761780581327884,7.159718815031926e-05
1826,3.3319799252264235,7.208301586605269e-05
1827,3.161299675071365,7.350097771650697e-05
1828,2.9715589764104897,7.541896202667227e-05
1829,2.8169639004240996,7.880143322922595e-05
1830,2.9473985573589396,7.843922192979886e-05
1831,3.0381600043193484,7.803317551273056e-05
1832,3.0849959283949504,7.716223036616107e-05
1833,3.7841806914131833,7.349153066773521e-05
1834,3.7960507424070284,7.25593372972092e-05
1835,3.783620163619108,7.153992385021824e-05
1836,3.7414044995837163,7.127442017068535e-05
1837,3.6652326605241368,7.131961645925075e-05
1838,3.5540797618181306,7.195153102436709e-05
1839,3.4107630273950593,7.227124832055002e-05
1840,3.2413323663601923,7.320999905645002e-05
1841,3.0535144870034356,7.535268956544579e-05
1842,2.9246549451600905,7.820855800170847e-05
1843,3.02373509313673,7.778515712365789e-05
1844,3.0828257632106735,7.685856587816392e-05
1845,3.097980909103187,7.655500645015346e-05
1846,3.07053659518124,7.723825588863695e-05
1847,3.0050866315250517,7.793524859133415e-05
1848,2.994569634688353,7.660626437717536e-05
1849,3.1680779599567934,7.448663721954366e-05
1850,3.3491753085738707,7.28789254960232e-05
1851,3.511863976824982,7.184610748516357e-05
1852,3.646357781907317,7.099686271214777e-05
1853,3.74589098511961,7.097916054785619e-05
1854,3.806825379265604,7.085216510617045e-05
1855,3.8280088178390157,7.128967768846534e-05
1856,3.8068021315030665,7.28586466640009e-05
1857,3.8486617213673773,7.106954749862355e-05
1858,3.8769954472240027,7.093638616160797e-05
1859,3.8752476283291095,7.081626510903208e-05
1860,3.838453101556864,7.068052882187798e-05
1861,3.764318086078689,7.099514871609819e-05
1862,3.6540985483533466,7.16301153490953e-05
1863,3.512255876773753,7.217347068646378e-05
1864,3.345119095243527,7.330965068259812e-05
1865,3.1591908354697606,7.453903435958648e-05
1866,3.056672523736385,7.66573423221299e-05
1867,3.123666926960337,7.551640279775793e-05
1868,3.1572013461599804,7.474837760467784e-05
1869,3.171263933156903,7.516930720833779e-05
1870,3.2007046134737207,7.587701693555653e-05
1871,3.3093710074474623,7.501324682524696e-05
1872,3.470015121961583,7.328288575714701e-05
1873,3.635150775181041,7.225133702411307e-05
1874,3.7835893989686085,7.161525886869831e-05
1875,3.9007238019853427,7.064124049695822e-05
1876,3.9725904871018916,7.020814409358235e-05
1877,3.986559611950033,6.945791404877372e-05
1878,3.9357083598574185,6.887470348366464e-05
1879,3.946391266172994,7.075812676429935e-05
1880,3.985861739806267,7.000141311249679e-05
1881,3.989955332266545,6.955683994727864e-05
1882,3.9554320929547684,6.986302943177392e-05
1883,3.8822161431602686,7.003350809747823e-05
1884,3.773241587019515,7.07674099917122e-05
1885,3.6333147414758407,7.189106928647972e-05
1886,3.4675441953151482,7.287540458717277e-05
1887,3.2801185533156416,7.38279101682243e-05
1888,3.3011812251182353,7.393632425987425e-05
1889,3.3733504653731505,7.398706704271687e-05
1890,3.4516515938529726,7.396811327445228e-05
1891,3.5583191242907866,7.350175834173411e-05
1892,3.690289402017994,7.29512663383665e-05
1893,3.836343649208729,7.229199079770938e-05
1894,3.979654646096101,7.127682954944075e-05
1895,4.102745909872176,7.00519252046044e-05
1896,4.1846667406030225,6.862512771099136e-05
1897,4.200141366170551,6.834640645192472e-05
1898,4.131198080429,6.89068461755517e-05
1899,4.067089301154302,6.923954395381418e-05
1900,4.113084871214884,6.846057581296139e-05
1901,4.119849352592098,6.841916161987603e-05
1902,4.086190160691719,6.899863988580625e-05
1903,4.013707560269349,6.940183569972257e-05
1904,3.90583089312323,7.0136687889692e-05
1905,3.7663627719142827,7.117966641595735e-05
1906,3.5982661858095986,7.274997748658426e-05
1907,3.6305950747519464,7.275053580356283e-05
1908,3.730191613673843,7.284912485420958e-05
1909,3.837907567749977,7.247604734119074e-05
1910,3.9626051600849865,7.216469982660547e-05
1911,4.093071199191506,7.10285707991517e-05
1912,4.222898460384629,7.038160019554617e-05
1913,4.340519263189146,6.9071350731042e-05
1914,4.426372804606045,6.757794323755303e-05
1915,4.448473664792569,6.602172054133273e-05
1916,4.3726575370308,6.637054866822983e-05
1917,4.2014896440878555,6.58610986296958e-05
1918,4.25044414327293,6.583167021951347e-05
1919,4.25778254851578,6.619494933297026e-05
1920,4.223992763618396,6.69414860568787e-05
1921,4.151398277271033,6.819705226569187e-05
1922,4.042786360442762,6.969787930513063e-05
1923,3.924923027786667,7.244996995032427e-05
1924,4.009577683665145,7.229348991776257e-05
1925,4.116937125894106,7.228117597073975e-05
1926,4.235749389658948,7.177994570207258e-05
1927,4.3592672905416725,7.069941555417313e-05
1928,4.48200230348468,6.97011920783559e-05
1929,4.594482358655492,6.77436048808034e-05
1930,4.681804374985818,6.575524480554686e-05
1931,4.71268100849499,6.375244168506642e-05
1932,4.639293200009841,6.300015240615604e-05
1933,4.341657957919638,6.50304126208646e-05
1934,4.390394897072156,6.48937109224505e-05
1935,4.3962049962838226,6.504504655110981e-05
1936,4.360588911597558,6.680727979786752e-05
1937,4.285679556391659,6.795213001582308e-05
1938,4.281058707478159,7.1041003571862e-05
1939,4.364092795204945,7.111683016657465e-05
1940,4.472088960656986,7.067886731963377e-05
1941,4.59258158708564,6.976841770803232e-05
1942,4.717077740192277,6.860340100226574e-05
1943,4.8321754262614185,6.680485996368547e-05
1944,4.927036449907965,6.436266740924894e-05
1945,4.972908479127072,6.26813724005222e-05
1946,4.910875691465274,6.222337976636544e-05
1947,4.479935939154287,6.301969012996147e-05
1948,4.525092458678834,6.316587063875279e-05
1949,4.526749498777286,6.432652108645168e-05
1950,4.513707271627569,6.843773774065723e-05
1951,4.565125871303571,6.961798371007025e-05
1952,4.649908708981665,6.945168736177634e-05
1953,4.759152176497366,6.87154423010711e-05
1954,4.881377042143534,6.787067896678188e-05
1955,5.0126736345036775,6.632821803157003e-05
1956,5.12699047777412,6.512555264424864e-05
1957,5.205620106831133,6.337751826615459e-05
1958,5.170583976391296,6.21994202860352e-05
1959,4.608421672191244,6.25356864024358e-05
1960,4.648984478720087,6.440881024768683e-05
1961,4.685655192495904,6.577342568858189e-05
1962,4.745849511381873,6.636374582648087e-05
1963,4.8349025143803095,6.651647507782232e-05
1964,4.947604116415006,6.683211906275567e-05
1965,5.073976418230249,6.6308865186975e-05
1966,5.203230229839467,6.566142895426858e-05
1967,5.346976816299039,6.4600304961459e-05
1968,5.407601588827192,6.167626746935783e-05
1969,4.7196109935059765,6.247887800172259e-05
1970,4.76650004986778,6.412664941723482e-05
1971,4.826345418357921,6.478220143888114e-05
1972,4.911740060369656,6.484762797677041e-05
1973,5.021139997884559,6.537223626906923e-05
1974,5.145118801933181,6.48806248357708e-05
1975,5.269318925254118,6.565884348258745e-05
1976,5.390692125743461,6.595676373940892e-05
1977,4.807433101723837,6.331863498274632e-05
1978,4.851232530921881,6.3144687113625e-05
1979,4.917320613590001,6.352021484705367e-05
1980,5.008111628355737,6.473844056140152e-05
1981,5.114384550027649,6.510040845404366e-05
1982,5.215816645189916,6.574985515110849e-05
1983,4.867798179539799,6.254032649345255e-05
1984,4.9021302101029445,6.228702705943783e-05
1985,4.96157079982632,6.361453882379346e-05
1986,5.039235063435162,6.441891077468461e-05
1987,4.898447012987374,6.1387222504959e-05
1988,4.9190869788104115,6.15640168606085e-05
1989,3.871268332991213,7.092530239860142e-05
1990,3.9074976464478586,6.997812667917222e-05
1991,3.891369802838948,7.003582657305657e-05
1992,3.827903540027259,7.103471041371661e-05
1993,3.722930479747414,7.10244303286209e-05
1994,3.584096810620509,7.205934940026512e-05
1995,3.420923782947987,7.308491883104637e-05
1996,3.2468916564801393,7.469286677520177e-05
1997,3.1066717318834103,7.61705014741605e-05
1998,3.1026234842579683,7.632753007857236e-05
1999,3.1287482174903993,7.542913716739501e-05
2000,3.9689920193033745,6.984021902772603e-05
2001,4.014956105333114,6.918754084251414e-05
2002,4.001031446784523,6.981063460245007e-05
2003,3.9365644463385627,7.036063876123059e-05
2004,3.831565154140997,7.079210996851334e-05
2005,3.696119491090513,7.170735715371654e-05
2006,3.5416637839046894,7.273927926830778e-05
2007,3.387878968916678,7.375425654765767e-05
2008,3.288079859174764,7.462819621395455e-05
2009,3.2783852254783175,7.416694330838665e-05
2010,3.2998592380059804,7.408936678520681e-05
2011,3.351197677703344,7.438009005688723e-05
2012,3.4470910821699485,7.406226007999967e-05
2013,3.586246048521319,7.309208597711666e-05
2014,3.739704339636533,7.20054011373232e-05
2015,3.884637329112339,7.12028141713989e-05
2016,4.003849740235103,7.051820661450117e-05
2017,4.079717236846305,6.940156708132598e-05
2018,4.093589520686223,6.907537859501693e-05
2019,4.0334342775218825,6.944757971385067e-05
2020,4.089704090159113,6.87141188337427e-05
2021,4.1408404603745295,6.835359304636683e-05
2022,4.127757830150959,6.901560420373596e-05
2023,4.064813111721586,6.961570637091788e-05
2024,3.964760665507455,7.048091106728642e-05
2025,3.839662979927205,7.122132929779837e-05
2026,3.706813982294396,7.234242577798579e-05
2027,3.605529551088329,7.323869585532161e-05
2028,3.5884326751013598,7.328671702429769e-05
2029,3.638168515240105,7.286703681435524e-05
2030,3.7271344716255173,7.25801471159383e-05
2031,3.8433605996637183,7.221352822625837e-05
2032,3.9741688776021156,7.146526962919855e-05
2033,4.106617826553068,7.084088795623562e-05
2034,4.224696624762671,6.991765000288413e-05
2035,4.307164362807562,6.872723321128029e-05
2036,4.324889345368994,6.731359562329728e-05
2037,4.251986798713782,6.77382253322933e-05
2038,4.224128759925718,6.672026781236816e-05
2039,4.2778098075966495,6.656776279408033e-05
2040,4.266944290082469,6.71755826437652e-05
2041,4.209734489252744,6.883495889789772e-05
2042,4.121602901064942,6.992244664406825e-05
2043,4.022060150147612,7.124570825242009e-05
2044,3.9508094312664666,7.219523206759345e-05
2045,3.956394281670274,7.242630394372989e-05
2046,4.0265845575317964,7.245642371143376e-05
2047,4.127274537067668,7.192438205748343e-05
2048,4.244339246134823,7.134809122938152e-05
2049,4.363793483644318,7.003513955718654e-05
2050,4.474294779731614,6.825765001495974e-05
2051,4.5577856516943696,6.673454772990226e-05
2052,4.5821603712852434,6.478809104831674e-05
2053,4.5065427161037075,6.45817783260347e-05
2054,4.364316562280284,6.511369358090011e-05
2055,4.419561576238946,6.48814769003281e-05
2056,4.414444222790329,6.607865583320481e-05
2057,4.370616296899724,6.770430528886575e-05
2058,4.31248145730131,6.931616372987151e-05
2059,4.280739063873552,7.06416814171092e-05
2060,4.312931332621201,7.109561369212256e-05
2061,4.3965992278525095,7.077165859619016e-05
2062,4.504102641642991,7.022599832473676e-05
2063,4.617595321730775,6.909790717259569e-05
2064,4.725134626552473,6.755557119465149e-05
2065,4.81143170414788,6.564086599356747e-05
2066,4.845948862149282,6.32291826466178e-05
2067,4.776408942723265,6.244730540168839e-05
2068,4.502618582277537,6.369831472476064e-05
2069,4.559384461773792,6.369068938641213e-05
2070,4.566974136066147,6.601731545043676e-05
2071,4.5550717352385695,6.772368256132064e-05
2072,4.563151087910532,6.896697184804399e-05
2073,4.618788116409525,6.92670438743059e-05
2074,4.712809935139741,6.891231940987444e-05
2075,4.824723471924421,6.794559427228024e-05
2076,4.941340255319737,6.649414399403189e-05
2077,5.039780129326516,6.459920882299803e-05
2078,5.095337021720112,6.34393304679785e-05
2079,5.042394422745688,6.213886799891265e-05
2080,4.6311668457000845,6.36401798113046e-05
2081,4.690132747847941,6.362721515711706e-05
2082,4.72263259625551,6.529239742847016e-05
2083,4.7655952126360175,6.64404895862744e-05
2084,4.8418921968189,6.730966243198194e-05
2085,4.946902391130067,6.712214220998096e-05
2086,5.0659650088034915,6.607764518224255e-05
2087,5.196417615232813,6.456204379668397e-05
2088,5.297827893435482,6.335801193236617e-05
2089,5.290377474943685,6.13683017511156e-05
2090,4.742481009743728,6.287745916434332e-05
2091,4.804365775350703,6.29795355485492e-05
2092,4.868494964655303,6.414825642623267e-05
2093,4.957763133995955,6.461842190689805e-05
2094,5.071027738684091,6.510926674030048e-05
2095,5.19636778859478,6.519428827826346e-05
2096,5.339187209975623,6.525326208203257e-05
2097,5.459696948743758,6.579820103861053e-05
2098,4.830474322525422,6.277572774726815e-05
2099,4.8934954162288875,6.331213468572256e-05
2100,4.977311559515038,6.384039499567768e-05
2101,5.084028493238736,6.493218974084064e-05
2102,5.200280724279154,6.509832649936207e-05
2103,5.30172624734397,6.546319843912657e-05
2104,4.891005196820251,6.29940055968168e-05
2105,4.949623276980826,6.225453236620614e-05
2106,5.033134562156582,6.40437019286996e-05
2107,5.126755495049942,6.493406676310394e-05
2108,4.921755481994751,6.229630027495643e-05
2109,4.968639956285743,6.230406129955117e-05
2110,4.154189033733359,6.859360258004848e-05
2111,4.2190051707864304,6.800313403039853e-05
2112,4.2045046084847115,6.903403730824475e-05
2113,4.129689492103717,6.965017586402937e-05
2114,4.017282624333485,7.092819506352182e-05
2115,3.886820845804792,7.192376693710247e-05
2116,3.758091527718983,7.245939934213165e-05
2117,3.6553669702779543,7.303846845321658e-05
2118,3.599518144746893,7.293368713810076e-05
2119,4.288648957911407,6.706627373133325e-05
2120,4.355552291085373,6.694980362812205e-05
2121,4.34311755198724,6.768099097109613e-05
2122,4.276245058266597,6.910030191688334e-05
2123,4.180100319496961,7.017862980807224e-05
2124,4.077683262138381,7.134005534690899e-05
2125,3.9954042929968416,7.155925128707003e-05
2126,3.960082660870792,7.23108764402231e-05
2127,3.981112107487465,7.229784687877448e-05
2128,4.0520353077774205,7.18650122008026e-05
2129,4.151834088068603,7.116412440642329e-05
2130,4.262915898627727,7.042836573266019e-05
2131,4.367286880532504,6.899885274642708e-05
2132,4.44328852407059,6.749474986645658e-05
2133,4.460473928403105,6.570378164000945e-05
2134,4.386353361010664,6.57846877486976e-05
2135,4.4288148605458035,6.523490174004753e-05
2136,4.497075882468858,6.464616702303762e-05
2137,4.491694465504859,6.638524698179634e-05
2138,4.441311490226656,6.79634999109134e-05
2139,4.374940934590889,6.96570770505043e-05
2140,4.323013965378762,7.059973686111735e-05
2141,4.314020646347501,7.130188084338136e-05
2142,4.355828776644062,7.133245262053982e-05
2143,4.433067792568907,7.049700680806918e-05
2144,4.527924848482723,6.941612070129144e-05
2145,4.622746570407623,6.779235363369049e-05
2146,4.697432408411443,6.574554991305067e-05
2147,4.719838077370329,6.418801826690247e-05
2148,4.645477049140569,6.228092266471871e-05
2149,4.567077013821362,6.290909158221543e-05
2150,4.636901588229295,6.430038175193756e-05
2151,4.6453055310414975,6.517075548149378e-05
2152,4.6241635650631565,6.75911076962858e-05
2153,4.608150564478081,6.864825869808429e-05
2154,4.6265275666441745,6.941567765724465e-05
2155,4.68616025956696,6.915767735525616e-05
2156,4.77261363845733,6.812071579646734e-05
2157,4.863614265057767,6.656852488876034e-05
2158,4.9422730290186605,6.450882898914999e-05
2159,4.976421635101444,6.297526438852725e-05
2160,4.910937270104306,6.222937537098836e-05
2161,4.695688181643617,6.257089391777901e-05
2162,4.767704825730645,6.297806012513533e-05
2163,4.798903832351698,6.468307151043927e-05
2164,4.823485550453107,6.60177405807613e-05
2165,4.870910570635069,6.685212979390866e-05
2166,4.949006018407285,6.674389916323835e-05
2167,5.051097653245275,6.556179098571272e-05
2168,5.145026216728136,6.429728573276576e-05
2169,5.207662975117276,6.289451733771273e-05
2170,5.165138151013379,6.239419215449644e-05
2171,4.807259435033034,6.248910628791996e-05
2172,4.8821438777156905,6.295264526900636e-05
2173,4.943916537763851,6.36495963006024e-05
2174,5.0196517591103,6.467685042755053e-05
2175,5.117804745191309,6.494549051053221e-05
2176,5.229875813538661,6.466755200505166e-05
2177,5.356505015305296,6.374631657266837e-05
2178,5.396445688344693,6.0898554445601625e-05
2179,4.895672257963027,6.270337355467748e-05
2180,4.972585930944754,6.254588797689674e-05
2181,5.060793303941808,6.306463649234406e-05
2182,5.168129068689884,6.400029863179798e-05
2183,5.283852037924797,6.460103123433692e-05
2184,5.399886172580498,6.497398486410354e-05
2185,4.956638142506061,6.116760583669317e-05
2186,5.030999797806298,6.193936938475362e-05
2187,5.125627958672508,6.340693840882589e-05
2188,5.223973687755799,6.43133172050567e-05
2189,4.987662777379914,6.168515504278398e-05
2190,5.051137504051476,6.210174657836106e-05
2191,4.526216173746084,6.440808567389347e-05
2192,4.600764546442457,6.451979889230386e-05
2193,4.589099179846274,6.623107177022257e-05
2194,4.527306007909048,6.8137727797239e-05
2195,4.4471439061444435,6.947790729945518e-05
2196,4.373818265171615,7.04696828456833e-05
2197,4.3297652146140075,7.100174149890703e-05
2198,4.664067295057163,6.299396623775696e-05
2199,4.7393256356729765,6.350173623728342e-05
2200,4.739407964933489,6.532052913476906e-05
2201,4.701862175900267,6.694398935618629e-05
2202,4.661275967228591,6.848595824483738e-05
2203,4.644979317520839,6.924027682757953e-05
2204,4.666341421841816,6.924793873675674e-05
2205,4.716698830469961,6.830615636488684e-05
2206,4.7827936724485145,6.702016416372532e-05
2207,4.840455115217998,6.486518479962337e-05
2208,4.855483557860316,6.258099221662738e-05
2209,4.7821617429723196,6.225030742598771e-05
2210,4.792410632166534,6.19107873858158e-05
2211,4.8692244911257,6.241832112354705e-05
2212,4.889189253243517,6.399347885595892e-05
2213,4.8897750739411485,6.591664280164179e-05
2214,4.903985681401345,6.677106325453235e-05
2215,4.947150413418734,6.632632776709099e-05
2216,5.009544330012605,6.549096521773711e-05
2217,5.07057914933614,6.404207285215634e-05
2218,5.098608176237314,6.286193925053975e-05
2219,5.036373247473845,6.195752803274514e-05
2220,4.9040594990555,6.225399456512911e-05
2221,4.983652956123931,6.241677989030343e-05
2222,5.032774684182362,6.32392972796594e-05
2223,5.083142948769176,6.471993361227442e-05
2224,5.152279679386308,6.434032848653062e-05
2225,5.239311179058162,6.358306419414679e-05
2226,5.304245455233942,6.260799344753784e-05
2227,5.273254803123539,6.174260387971544e-05
2228,4.992884854781086,6.192779024042029e-05
2229,5.075572312591114,6.166564273575017e-05
2230,5.156305191728129,6.234580098284515e-05
2231,5.2506763062204005,6.380816351078011e-05
2232,5.367624206700171,6.394696427800048e-05
2233,5.481388696374417,6.479717277055128e-05
2234,5.0543798976789125,6.199205238596759e-05
2235,5.136502583032533,6.169746517709674e-05
2236,5.231643876942314,6.274002062025008e-05
2237,5.326357679083403,6.380291039052422e-05
2238,5.085764714512926,6.127840251645785e-05
2239,5.157929106908275,6.191963214407309e-05
2240,4.9095170589273724,6.215641388396104e-05
2241,4.98285881115509,6.249632609453796e-05
2242,4.9825894891603895,6.422241806596395e-05
2243,4.953970433504888,6.53893676088482e-05
2244,4.932224951982343,6.676136582457391e-05
2245,5.020697693565311,6.205052080716968e-05
2246,5.096074248106657,6.215128484818013e-05
2247,5.121024462422454,6.294909068356848e-05
2248,5.1354438891257335,6.373784357714664e-05
2249,5.1643079606330256,6.357154833930811e-05
2250,5.195139973462352,6.357144928022342e-05
2251,5.20768835873915,6.215801078516041e-05
2252,5.146335749966094,6.216723095344038e-05
2253,5.109616556003062,6.197165117520743e-05
2254,5.189232277256483,6.168246023437274e-05
2255,5.249309497893072,6.247240428000897e-05
2256,5.3140002670059205,6.309978378390536e-05
2257,5.380433165224447,6.217312798137723e-05
2258,5.360880783113478,6.133794964299949e-05
2259,5.171508579075442,6.176085332632044e-05
2260,5.253797950584062,6.139669131615906e-05
2261,5.341382789021211,6.228672863652872e-05
2262,5.437672073901714,6.342666816269753e-05
2263,5.203221202571094,6.163576254400463e-05
2264,5.277504606160462,6.134247149869491e-05
2265,5.234834815776649,6.160002866883729e-05
2266,5.30004926194805,6.162019458652732e-05
2267,5.31683402554232,6.254245748131086e-05
2268,5.296832969731281,6.11666348638843e-05
2269,5.370512724086291,6.111885938717615e-05
2270,5.433710745565343,6.156766345953696e-05
2271,5.422704565320909,6.09584975889345e-05
2272,5.328750915835917,6.15238792372851e-05
2273,5.400771083613385,6.166984376391206e-05
2274,5.454698071826328,6.0454199421049357e-05
2275,3.7615520893508605,7.35731916832643e-05
2276,5.599340812023967,6.191675090564098e-05
2277,5.597526093940295,6.18956335276663e-05
2278,5.602465508979437,6.161249317326688e-05
2279,5.622208816543238,6.181740345447655e-05
2280,5.66187424702405,6.19602122284373e-05
2281,5.720936861264627,6.318558862959134e-05
2282,5.793114586069558,6.328025966486897e-05
2283,5.868693830797129,6.323714740005218e-05
2284,5.937813751469172,6.333691774814166e-05
2285,5.993082500204498,6.31870805219591e-05
2286,6.0305971473900035,6.30435512986852e-05
2287,6.049286931991107,6.297553852352223e-05
2288,5.553088794012031,6.221325371146459e-05
2289,5.534450235020912,6.275903414645972e-05
2290,5.542342889395331,6.26312227319337e-05
2291,5.566631479105652,6.247963327451247e-05
2292,5.610285650770235,6.264467304126385e-05
2293,5.673329915841864,6.321863980766733e-05
2294,5.750366833636873,6.346664149733791e-05
2295,5.832157641145411,6.34840525312852e-05
2296,5.908685239249284,6.31888885657202e-05
2297,5.9719176095481545,6.312555912077221e-05
2298,6.0171909694910735,6.302063649236309e-05
2299,6.042927904197618,6.274826703768223e-05
2300,6.0492081025477935,6.279084338754155e-05
2301,6.0363421983848795,6.285504379899037e-05
2302,6.003807832453253,6.311290592746553e-05
2303,5.951875106606835,6.319279337320277e-05
2304,5.883078284793213,6.343093778390504e-05
2305,5.803441800185917,6.351231277046137e-05
2306,5.722289269252704,6.343107133406726e-05
2307,5.6504008340216325,6.297574526174828e-05
2308,5.597012948164327,6.235362671742088e-05
2309,5.566963931500079,6.212885304419317e-05
2310,5.560016687727065,6.214553782802022e-05
2311,5.574344802464843,6.212362386896349e-05
2312,5.424797662907092,6.415065238606634e-05
2313,5.390613297891696,6.439071013047942e-05
2314,5.420649851132351,6.452162760358854e-05
2315,5.485508073527025,6.42331498035647e-05
2316,5.571458833149363,6.392971051990606e-05
2317,5.669124700062248,6.401289398809942e-05
2318,5.768709642954992,6.391645681811783e-05
2319,5.8605580752048825,6.355245036915896e-05
2320,5.936984447581851,6.31697487434822e-05
2321,5.993428749740942,6.289019598387202e-05
2322,6.028275762728098,6.276533018664516e-05
2323,6.041524969289757,6.278669713371675e-05
2324,6.033903427403147,6.282202097817646e-05
2325,6.004551953431932,6.28465881352066e-05
2326,5.9526666955472916,6.317294344649465e-05
2327,5.879303371458587,6.34363782656009e-05
2328,5.789059447035081,6.376256725163511e-05
2329,5.691209484007971,6.406045917595136e-05
2330,5.5995528748447905,6.454005377029776e-05
2331,5.530568310677198,6.40424150034721e-05
2332,5.499112034865285,6.331921295018099e-05
2333,5.5119183991639895,6.308616079839214e-05
2334,5.257253395384519,6.647865839956701e-05
2335,5.234163189874549,6.71273446448692e-05
2336,5.3061408967047505,6.624089814942949e-05
2337,5.421912350901526,6.542598172562231e-05
2338,5.550864121442844,6.450043072363046e-05
2339,5.677132046263309,6.416464273355646e-05
2340,5.790604219236676,6.370318958254535e-05
2341,5.884515084689865,6.331297519465714e-05
2342,5.955146795884646,6.270617983960047e-05
2343,6.001296224211814,6.273112019106376e-05
2344,6.022989676391914,6.280190827053795e-05
2345,6.019991254559841,6.266709951776226e-05
2346,5.992825582746063,6.281767851189431e-05
2347,5.939070134913885,6.317431652906978e-05
2348,5.858691767046408,6.344191424793604e-05
2349,5.755578580290689,6.411433134259978e-05
2350,5.640543660156454,6.451529162523775e-05
2351,5.53392202682113,6.524791332391458e-05
2352,5.464221243127932,6.569803521948055e-05
2353,5.454005364260464,6.524794665551648e-05
2354,5.1076269314115805,6.832934068681357e-05
2355,5.125053178553279,6.78795983768801e-05
2356,5.250602329411302,6.657392451905818e-05
2357,5.409182737482579,6.55002461913283e-05
2358,5.5642631516932815,6.473561114860938e-05
2359,5.701380887026592,6.401931608055658e-05
2360,5.814184884577024,6.355632573822284e-05
2361,5.900087635110779,6.30760373005058e-05
2362,5.958562738428228,6.286442351357106e-05
2363,5.989681841310101,6.267388652984701e-05
2364,5.990580205710328,6.254986085772374e-05
2365,5.964873986316252,6.301551414213388e-05
2366,5.908318503288566,6.329507003456395e-05
2367,5.820550536399245,6.366310740566072e-05
2368,5.706333718827437,6.409931480368287e-05
2369,5.58140295972615,6.509335121722434e-05
2370,5.478439408856376,6.60027727302742e-05
2371,5.436852131508147,6.639793410067941e-05
2372,5.033910369292882,6.848734153504104e-05
2373,5.106505301274085,6.780321633995795e-05
2374,5.271997652552001,6.63644155116025e-05
2375,5.447831885665829,6.510318967662929e-05
2376,5.604294789740402,6.449009367288623e-05
2377,5.732846129627999,6.402002392977022e-05
2378,5.831592322787548,6.338809862224561e-05
2379,5.900697196951271,6.311348039313223e-05
2380,5.940260668000892,6.282987542432853e-05
2381,5.948950083851418,6.2743944540056e-05
2382,5.917894854622856,6.28601767392899e-05
2383,5.857831918142409,6.333663382298893e-05
2384,5.763811040017906,6.373862380756905e-05
2385,5.644724332652296,6.448232155938883e-05
2386,5.529042221674373,6.554211745624595e-05
2387,5.46660638844314,6.614966217070383e-05
2388,5.0721452292015154,6.825441804724516e-05
2389,5.186397476255206,6.742730647282939e-05
2390,5.3584327700042005,6.621553208016027e-05
2391,5.5217050228259925,6.508532203288384e-05
2392,5.657257103237627,6.453334996820443e-05
2393,5.761787437437625,6.359060388409363e-05
2394,5.835738592350892,6.321647361471422e-05
2395,5.879230355945345,6.271384338152105e-05
2396,5.890330986690757,6.270390139190687e-05
2397,5.852311149884889,6.272596880545522e-05
2398,5.78668071566408,6.337415747004675e-05
2399,5.688286246971017,6.396969210298794e-05
2400,5.57922709520336,6.48934817720361e-05
2401,5.515723746106833,6.584917561313346e-05
2402,5.212245953112068,6.782078252305715e-05
2403,5.338127553181418,6.718344616660385e-05
2404,5.4859921066808015,6.603399074561579e-05
2405,5.614533308398524,6.473034261281179e-05
2406,5.713554389201134,6.37203452335118e-05
2407,5.782282384459616,6.29582532366272e-05
2408,5.820781183742775,6.251361491497987e-05
2409,5.826813835677564,6.252483017953667e-05
2410,5.775464662570839,6.259665055106786e-05
2411,5.697287420298719,6.308825460175769e-05
2412,5.595720664139102,6.45663892821197e-05
2413,5.54103143515721,6.52944368506122e-05
2414,5.406834614790235,6.702004483373119e-05
2415,5.521262627788427,6.591409230975677e-05
2416,5.630693657813013,6.467902572286638e-05
2417,5.714401438864609,6.328262887624274e-05
2418,5.768081539563629,6.21283837100673e-05
2419,5.791434334814206,6.195127052346725e-05
2420,5.782661666604497,6.177561267328469e-05
2421,5.736410939339151,6.110114540520483e-05
2422,5.604961017106833,6.200964874385217e-05
2423,5.50479296233359,6.569409459004021e-05
2424,5.607569491821286,6.52226477664994e-05
2425,5.699464085370872,6.354777768993187e-05
2426,5.769190177883119,6.196470787487103e-05
2427,5.807997239600905,6.076713340949679e-05
2428,5.8149082246947845,6.061553846112407e-05
2429,5.790113724392209,6.020805610914005e-05
2430,5.733189313840238,5.952875624757257e-05
2431,5.615231704162053,5.940904334267957e-05
2432,5.781929162345116,6.179865400148512e-05
2433,5.845956519542477,6.043977437322825e-05
2434,5.878246708368861,5.999558773895404e-05
2435,5.876526442377718,6.024041831116087e-05
2436,5.843528954660287,5.9477035065128196e-05
2437,5.786973388872031,5.910112880524436e-05
2438,5.909498764515547,6.0112123319821534e-05
2439,5.941890164744893,5.984286649493554e-05
2440,5.938344144866322,5.9850706015865675e-05
2441,5.901959919537367,5.9854526755161455e-05
2442,5.976877727462294,6.0327185357838494e-05
2443,5.975277473847537,6.004433958917835e-05
2444,5.489688110994644,6.319033265566804e-05
2445,5.483172291708967,6.305935434367092e-05
2446,5.512350568496461,6.368922767479367e-05
2447,5.571614302063972,6.359578810975209e-05
2448,5.652910885727727,6.40913308832368e-05
2449,5.745208655353803,6.396009886007216e-05
2450,5.836629871173052,6.350350237004547e-05
2451,5.917027191211151,6.340254185252795e-05
2452,5.979665025487706,6.304166814934933e-05
2453,6.021487637292538,6.281979387002783e-05
2454,6.042030453346763,6.279029042256646e-05
2455,5.3449442644363065,6.513292604945256e-05
2456,5.367363380396333,6.552985035029357e-05
2457,5.439824937352127,6.516614779715339e-05
2458,5.541680419677107,6.473607814832642e-05
2459,5.655280986126164,6.421820048572916e-05
2460,5.7662313776741305,6.385795232384584e-05
2461,5.863736845052269,6.351652543157786e-05
2462,5.940979371935159,6.315483088152413e-05
2463,5.994871217145117,6.281835760147376e-05
2464,6.024886886074139,6.259610032439038e-05
2465,6.031323008522062,6.27703701144392e-05
2466,6.015233578550215,6.29066609258772e-05
2467,5.974780692382818,6.305616534209244e-05
2468,5.909487941979417,6.331401086722673e-05
2469,5.821128746307498,6.373878830088139e-05
2470,5.715900606808811,6.410570492103598e-05
2471,5.606035179282551,6.448838002088303e-05
2472,5.510226274949882,6.502880083306681e-05
2473,5.450626975917255,6.538851252191257e-05
2474,5.442805837816515,6.451607190900035e-05
2475,5.2135089351207204,6.7059041058604e-05
2476,5.281921262465074,6.659170114859612e-05
2477,5.4020134041273264,6.555108809265937e-05
2478,5.5397475083580465,6.478728941013704e-05
2479,5.673581515933652,6.419685369542423e-05
2480,5.790904149910031,6.360065676990475e-05
2481,5.884893049031819,6.31741556965339e-05
2482,5.952689567704163,6.298770308368602e-05
2483,5.9937571118533315,6.281480691279498e-05
2484,6.008097615211881,6.280473759389955e-05
2485,5.994878438004885,6.287924698583903e-05
2486,5.954636580151181,6.30870344565147e-05
2487,5.885113542289978,6.319260863964345e-05
2488,5.7876654725505166,6.355774506937717e-05
2489,5.66964891028986,6.419333964664261e-05
2490,5.548881147936434,6.508816326627303e-05
2491,5.456076286788427,6.597263517698e-05
2492,5.422416230676706,6.617116748221642e-05
2493,5.149589540679005,6.746201566989898e-05
2494,5.26459190566963,6.661072251921923e-05
2495,5.416744693350045,6.556160627046141e-05
2496,5.569217080071683,6.489993884548969e-05
2497,5.704009229052591,6.418253928687526e-05
2498,5.81330813182652,6.355853196041031e-05
2499,5.894295450379507,6.305571962200885e-05
2500,5.946311016373804,6.29358415394896e-05
2501,5.968833762891927,6.26169630571148e-05
2502,5.956962846095191,6.285062859266361e-05
2503,5.916098754484427,6.319755389251074e-05
2504,5.841996851192162,6.336140276816976e-05
2505,5.737043755308378,6.395164065547257e-05
2506,5.613173601564757,6.46789593777161e-05
2507,5.500576381299489,6.57328222877454e-05
2508,5.443343732186133,6.630924906881568e-05
2509,5.177318310639191,6.741402222776396e-05
2510,5.318315987245624,6.652726634400128e-05
2511,5.475112305010479,6.549159803294718e-05
2512,5.618272515321668,6.46701706677652e-05
2513,5.736342356291074,6.377165258465786e-05
2514,5.82569172648369,6.316817647884235e-05
2515,5.885240412652864,6.29680061589223e-05
2516,5.913737823002261,6.280917054704047e-05
2517,5.900593343576256,6.281920975738675e-05
2518,5.857416195881757,6.289793434969342e-05
2519,5.778701358451312,6.355544299337123e-05
2520,5.670733232917145,6.426760436289682e-05
2521,5.558455812228327,6.528750085751865e-05
2522,5.493177643600812,6.59467027507605e-05
2523,5.28580572373858,6.705783983079946e-05
2524,5.42413926755541,6.628053565983918e-05
2525,5.5599526246793705,6.529918797682281e-05
2526,5.674805317178413,6.421065907461897e-05
2527,5.762718013206783,6.329138591622042e-05
2528,5.821766507220808,6.279440351141938e-05
2529,5.849914095005289,6.251937859805693e-05
2530,5.8432588496232665,6.253571462381692e-05
2531,5.780252780146429,6.298749233310778e-05
2532,5.695066355772092,6.37123245047811e-05
2533,5.594043363616395,6.482493643216175e-05
2534,5.536991796222641,6.579782275945454e-05
2535,5.443622191266115,6.654983539469315e-05
2536,5.55827947332603,6.556289967484497e-05
2537,5.657353799414851,6.428212717938781e-05
2538,5.731814671906611,6.291286506407603e-05
2539,5.778864333113039,6.241431702321309e-05
2540,5.796159412708387,6.208493191265655e-05
2541,5.7791570858984604,6.193170215855324e-05
2542,5.694961520411078,6.229683191847322e-05
2543,5.592823113118412,6.402264592459825e-05
2544,5.535069320693199,6.566728012534712e-05
2545,5.61611678389918,6.495793546781921e-05
2546,5.69828525176373,6.349222300410956e-05
2547,5.755494166100423,6.222337475579953e-05
2548,5.78433755383131,6.174856717616006e-05
2549,5.783340368535368,6.129523471679116e-05
2550,5.749368636115492,6.0648966910150477e-05
2551,5.645847010029316,6.060975562016171e-05
2552,5.511940469179947,6.035480002137653e-05
2553,5.7736146741602274,6.127633931837083e-05
2554,5.821569100978693,6.064889428584106e-05
2555,5.8383820445471875,6.067190208594836e-05
2556,5.8240546523728485,5.9936550734568725e-05
2557,5.780440901289164,5.968355567517962e-05
2558,5.715028953382683,5.928816427397603e-05
2559,5.892847843862219,6.00134864638865e-05
2560,5.906368809080757,6.029915450148901e-05
2561,5.886675819943764,6.003205299834387e-05
2562,5.839535378349346,5.9313986173713694e-05
2563,5.957015216029216,6.011655938724238e-05
2564,5.936639751397653,5.983012941439777e-05
2565,5.355822654402284,6.632489938659104e-05
2566,5.402106204191544,6.595463850348614e-05
2567,5.498791920162048,6.531785142027174e-05
2568,5.620524782174888,6.448532952880958e-05
2569,5.742275579358266,6.382527498702343e-05
2570,5.847741704834908,6.342245947460936e-05
2571,5.928695134525862,6.3153840829174e-05
2572,5.982350338617135,6.293282728889222e-05
2573,6.008677655401979,6.278199796621648e-05
2574,5.30933285253917,6.6619303489989e-05
2575,5.39341040781935,6.600726636282961e-05
2576,5.51658186658815,6.527969620714007e-05
2577,5.649328449606629,6.445437676890529e-05
2578,5.769439532298659,6.377049949647011e-05
2579,5.865368453782365,6.316043005453742e-05
2580,5.932597271547348,6.304859998392136e-05
2581,5.969992379046647,6.291123464742926e-05
2582,5.976121291074119,6.278288535794842e-05
2583,5.952873577874717,6.280184967169568e-05
2584,5.8983414220892625,6.321783343356702e-05
2585,5.812806416558566,6.352106919749688e-05
2586,5.700523489108717,6.417869289881647e-05
2587,5.574820750547511,6.501015336899676e-05
2588,5.463596241666411,6.606192907014915e-05
2589,5.402395342568209,6.635348591205146e-05
2590,5.325693961590424,6.665463296236484e-05
2591,5.4312015994508736,6.601161430249563e-05
2592,5.559737039759657,6.493216764099308e-05
2593,5.6849283927985645,6.422421679436618e-05
2594,5.7901257756044995,6.34711370401671e-05
2595,5.867721352714552,6.306858005797458e-05
2596,5.9146064365689766,6.296864475443522e-05
2597,5.92883564924202,6.272530209271955e-05
2598,5.904053750827838,6.285461488973259e-05
2599,5.848054980650241,6.319408051244002e-05
2600,5.75886856283766,6.35115431087555e-05
2601,5.6454020143999815,6.453778275661298e-05
2602,5.533417843060008,6.553706571073456e-05
2603,5.466412386525258,6.606174038308084e-05
2604,5.3975116508577425,6.635154275515712e-05
2605,5.502841094069257,6.555586188524283e-05
2606,5.616049502738538,6.465628118269978e-05
2607,5.718108480573754,6.3760749027912e-05
2608,5.797420983012696,6.313034274530906e-05
2609,5.847907695482806,6.287390408277045e-05
2610,5.865385819178206,6.252009933070197e-05
2611,5.836357568206267,6.279977762956436e-05
2612,5.7772162375223886,6.341763505320855e-05
2613,5.686605269969123,6.378851991828668e-05
2614,5.5864245448708605,6.495315072848961e-05
2615,5.526522456742102,6.576056277735012e-05
2616,5.504970741588122,6.603525777231458e-05
2617,5.592864014347238,6.527242428096775e-05
2618,5.675962257431583,6.397254216178529e-05
2619,5.7429353641326,6.318691859225624e-05
2620,5.785589204008015,6.257454362027033e-05
2621,5.797432162055898,6.246241854409092e-05
2622,5.756910422277019,6.259533082836972e-05
2623,5.688052040922959,6.3275128864884e-05
2624,5.598776278299973,6.445999234284539e-05
2625,5.552807339636019,6.547935781190584e-05
2626,5.628445727931991,6.495787459821569e-05
2627,5.689044287641018,6.379426442620828e-05
2628,5.733695195784603,6.248878492429435e-05
2629,5.756425774785162,6.20668411758835e-05
2630,5.7509293015297045,6.154794674914559e-05
2631,5.709566563158288,6.135357326254862e-05
2632,5.593737910266513,6.2128986799862e-05
2633,5.515525233737864,6.556740952629438e-05
2634,5.7493210710691995,6.233479242790807e-05
2635,5.778406379088236,6.154260842063413e-05
2636,5.782604630247542,6.090751336583319e-05
2637,5.759206362838174,6.0506078666182536e-05
2638,5.705339800982477,5.988989364988516e-05
2639,5.597737820944189,5.9556638894425276e-05
2640,5.847116485331115,6.00976908541773e-05
2641,5.843599999835334,6.0204017684462986e-05
2642,5.812150956024035,5.983609735187518e-05
2643,5.758330459975066,5.936947936630218e-05
2644,5.902162248441872,5.996499814249325e-05
2645,5.867896602997038,5.9826997399379165e-05
2646,5.419168780696729,6.616960216397458e-05
2647,5.497056999183743,6.563474648743284e-05
2648,5.611479344674412,6.483948427442203e-05
2649,5.72864201360904,6.385421974093668e-05
2650,5.825762265546018,6.338413235666563e-05
2651,5.89307938088188,6.299255455386777e-05
2652,5.927408387501107,6.268296863578934e-05
2653,5.47100439656307,6.589291687310026e-05
2654,5.549161274960221,6.544616825613936e-05
2655,5.650396695993113,6.437046833765775e-05
2656,5.746818510786277,6.376968901969475e-05
2657,5.820208714553319,6.315622579818128e-05
2658,5.862097262659526,6.285300794314476e-05
2659,5.865413844772134,6.277232977914975e-05
2660,5.833056288841437,6.301652367065024e-05
2661,5.76600076216159,6.356111296482692e-05
2662,5.671999816602161,6.423054170514881e-05
2663,5.573029475986957,6.532175351847715e-05
2664,5.5082085706517905,6.58725289543499e-05
2665,5.5448735453003595,6.550673183450174e-05
2666,5.6092100943972145,6.461613718496955e-05
2667,5.6840528384847815,6.368169700507136e-05
2668,5.748934404134959,6.332943161813128e-05
2669,5.788900674063852,6.2981516924921e-05
2670,5.795150656848083,6.258680660907687e-05
2671,5.754096058361985,6.283185565913702e-05
2672,5.686850788750535,6.351574267144735e-05
2673,5.606924559386241,6.458018446236675e-05
2674,5.56110305072072,6.542413225330374e-05
2675,5.62853376926341,6.473643353733242e-05
2676,5.669666570122345,6.383207288631208e-05
2677,5.708042342634494,6.301930982734037e-05
2678,5.730101712718905,6.2388434515533e-05
2679,5.723625954323953,6.204102587979872e-05
2680,5.665205593940731,6.224501140817592e-05
2681,5.590589720449894,6.372881305848624e-05
2682,5.55852124878318,6.51847185566289e-05
2683,5.711834629322708,6.269440860595917e-05
2684,5.724409614165145,6.227663486200041e-05
2685,5.720686537595483,6.193008356499577e-05
2686,5.69159833932268,6.130780204478298e-05
2687,5.608740332667185,6.084165636246486e-05
2688,5.48304503459957,6.0601659284012066e-05
2689,5.7820783828366595,6.0978874402596896e-05
2690,5.764802616693654,6.0716474323166105e-05
2691,5.72451967776604,6.001522851161031e-05
2692,5.663932664748135,6.0187313446945874e-05
2693,5.823400660838443,5.9960627641951075e-05
2694,5.780469816559226,5.9880626807369215e-05
2695,5.560395791618411,6.557688612652767e-05
2696,5.611643364984115,6.471710187085021e-05
2697,5.686451141139134,6.380556156508061e-05
2698,5.752190472355106,6.31941856155704e-05
2699,5.789458236801337,6.269294731893264e-05
2700,5.614701290074761,6.464985867296938e-05
2701,5.643602361923222,6.394434489935163e-05
2702,5.683585207839439,6.315131971520297e-05
2703,5.710297611149941,6.232309124324461e-05
2704,5.703061894267924,6.251408328684414e-05
2705,5.66602066619304,6.273857619573966e-05
2706,5.614954158631443,6.415997299918297e-05
2707,5.590915302125427,6.504769827532472e-05
2708,5.665433868284057,6.341513929343772e-05
2709,5.665899910563068,6.287930212289767e-05
2710,5.6609789240747865,6.192839395843083e-05
2711,5.634604981257813,6.1438306473233e-05
2712,5.569304688501658,6.234800974777112e-05
2713,5.552073668770904,6.412731426011197e-05
2714,5.7068359847714945,6.144003045461003e-05
2715,5.678036880311972,6.142615527878047e-05
2716,5.6295804406058085,6.096915225145945e-05
2717,5.544590933867911,6.0573744111646904e-05
2718,5.731298043820488,6.0219732148057113e-05
2719,5.682112047404489,6.024005858228002e-05
2720,5.612557657611046,6.38244597503328e-05
2721,5.607696330353183,6.307409495398658e-05
2722,5.618805184634504,6.206277512628586e-05
2723,5.625243350631897,6.246294540960631e-05
2724,5.587969035368206,6.127010408056314e-05
2725,5.540232553737262,6.130916719498e-05
2726,5.536162460504332,6.286320108963513e-05
2727,5.6307917179480995,6.058658719066478e-05
2728,5.574664514506077,6.0166477806210714e-05
2729,5.521562080996954,6.073996911618409e-05
