Frequency_THz,Cv_Contribution_eV_K
0.204959477882735,8.611255202286162e-05
0.40530189983257375,8.593294958212642e-05
0.5968863273401476,8.564401360972779e-05
0.7764727143134307,8.52723268677732e-05
0.9421279523995434,8.481364078942753e-05
1.0936548335042755,8.426048257080773e-05
1.232967740605677,8.352825089105038e-05
1.3641631054882104,8.282954992484756e-05
1.4929875380694195,8.176678795347581e-05
1.6256278990098643,8.014389948454066e-05
1.7670180564806104,7.901658751102491e-05
1.9161047098584156,7.784204097869208e-05
0.1698143054575843,8.612916499675309e-05
0.3104351973785022,8.602842221294097e-05
0.487141394748063,8.581780840028527e-05
0.6620462513252287,8.551487552694502e-05
0.8261650554963702,8.514416994973069e-05
0.9763556912749605,8.470040938861516e-05
1.1124922565967879,8.416757008319605e-05
1.2370065158063706,8.349303737602832e-05
1.3545325369084715,8.285091409170562e-05
1.4711361534153466,8.19548134746394e-05
1.5931140672489956,8.027327342969052e-05
1.7255649833550442,7.927166501331206e-05
1.8556344640476086,7.883122244441932e-05
1.705987677579987,7.970151620077816e-05
1.5708718131744086,8.106347058394676e-05
1.4456110797211585,8.243044308745195e-05
1.3240258347138103,8.312116331404498e-05
1.1994925270448638,8.379109540300846e-05
1.0661515372378838,8.438725657590397e-05
0.9198932301734833,8.487944020814e-05
0.7589435972151097,8.530186503414425e-05
0.5843852803138491,8.565620710013478e-05
0.40258185750301345,8.592620154429444e-05
0.24265602945974396,8.608267466636263e-05
0.32225641342876393,8.601344075702416e-05
0.4288265343568974,8.589169477351912e-05
0.5721709918203509,8.567529774006795e-05
0.7213789982957843,8.538440496077332e-05
0.8643115880721519,8.503821887845451e-05
0.9965128067837582,8.461675442520829e-05
1.1176824460318722,8.41236214376345e-05
1.230459770805392,8.352247783797911e-05
1.3395529732956568,8.288734413474385e-05
1.4506581484370475,8.204440717676877e-05
1.569194751065806,8.026908594530616e-05
1.6990415749479144,7.939567477727924e-05
1.6738955841366199,8.077176963330078e-05
1.5334230975156276,8.205129625498871e-05
1.405036903004025,8.277627210092332e-05
1.2832361991276773,8.338389108252742e-05
1.1615117642099184,8.400486991415928e-05
1.034111734787689,8.449421227144164e-05
0.8975169120917379,8.493727777074903e-05
0.7519009917790682,8.530206361527513e-05
0.6037919719899114,8.560665880227354e-05
0.4730662910106407,8.58238717033123e-05
0.44465367777830306,8.586738887823685e-05
0.5245299702101881,8.574978894674631e-05
0.6382025755977577,8.554924607305653e-05
0.7628671556961608,8.528677875973686e-05
0.8867022129100418,8.49632303653752e-05
1.0048789549124684,8.457644748817454e-05
1.1169092913718546,8.413844439858701e-05
1.225123981494564,8.353521519373637e-05
1.33341760419299,8.295081038489181e-05
1.4459981916526212,8.198828036846495e-05
1.5663033875118388,8.036960436097396e-05
1.6401307929314992,8.146698851279104e-05
1.489061782613534,8.240309719473074e-05
1.3533546154183091,8.308575440264922e-05
1.23034421667727,8.372029798287457e-05
1.1146843000153168,8.418415874133059e-05
1.0011528650622696,8.460758088726744e-05
0.8870900263964936,8.495821334663221e-05
0.7747155219881647,8.523896730745974e-05
0.6738355902319384,8.546264725528901e-05
0.5321730140887645,8.573479271201292e-05
0.590538841781441,8.563585239264283e-05
0.6817356718900874,8.545963205360956e-05
0.7886407767311726,8.522551422376899e-05
0.9005496182858759,8.491019385461384e-05
1.0124376008345826,8.45453597208504e-05
1.1231602346561662,8.411465867002008e-05
1.233881430990304,8.349092501226583e-05
1.346715805171485,8.289776372782212e-05
1.4636526630038396,8.207036980406921e-05
1.5859602325612554,8.036690621239872e-05
1.4361163247388675,8.269000453207553e-05
1.2922036064609639,8.339690258804544e-05
1.169244346590464,8.396791635190982e-05
1.0642165031101927,8.437243424672419e-05
0.9728060468017161,8.469833109768392e-05
0.8924246357325735,8.493812285241786e-05
0.8243997886042213,8.51138807852913e-05
0.5892301264407356,8.563849751468217e-05
0.6335601818796113,8.555595873469145e-05
0.7118321791161148,8.539781677940882e-05
0.8101957166826085,8.516546998558371e-05
0.9185146047507854,8.48518902099535e-05
1.03113804197321,8.446889517496029e-05
1.1457026045013077,8.401811522549899e-05
1.2616812418283527,8.337700745000314e-05
1.379184181484832,8.279427442301993e-05
1.4982605662199886,8.203570385095183e-05
1.380137493015077,8.30295004230998e-05
1.230390868492499,8.36989237756512e-05
1.1105632687653848,8.418921625313286e-05
1.0205596016200262,8.451405526568894e-05
0.9568003137088078,8.473416651387733e-05
0.9150929082785465,8.48726464510621e-05
0.6287141307906505,8.556529397964512e-05
0.6681509469731781,8.549156458136304e-05
0.7426897213532434,8.532579050444465e-05
0.8398214544095062,8.50808831448686e-05
0.9494363488187177,8.475717063546403e-05
1.0651665511683295,8.436187864228316e-05
1.1834837469305697,8.384333479012469e-05
1.3024024638664227,8.322545815924275e-05
1.4205451898420176,8.264698808745464e-05
1.326758178128922,8.329849750181965e-05
1.1772373693241107,8.391532099724395e-05
1.0661118726429661,8.433973491745788e-05
0.995542853216889,8.459017947458808e-05
0.9615629656977291,8.472170219139779e-05
0.6668371706644376,8.54924378667867e-05
0.7082703023122544,8.540339569035228e-05
0.7837459147310247,8.523151577291426e-05
0.8815441971241684,8.496376837860841e-05
0.9919369918754908,8.46184279613206e-05
1.1083550419947776,8.421132075080535e-05
1.2265638075633039,8.37044823487628e-05
1.3436003294942624,8.310192196354234e-05
1.2816789545898122,8.349727974734132e-05
1.142247270950156,8.404786480754481e-05
1.0480373705476305,8.440222158145285e-05
1.0011522639340498,8.457140469215427e-05
0.7137882866315108,8.53900335601265e-05
0.7581870830001672,8.528770569721973e-05
0.8333350748094281,8.510145208450293e-05
0.9289867022273336,8.481420377861291e-05
1.0364360677949156,8.446527984225027e-05
1.1492788401049787,8.407231103827919e-05
1.2627988934105805,8.358473992015457e-05
1.2628557650421701,8.358789639236253e-05
1.1361295460827903,8.407394545325217e-05
1.0683726074940885,8.43048748116297e-05
0.7677785316132039,8.526761485274558e-05
0.8111181850989668,8.515079917772775e-05
0.8817125870328332,8.495267038979875e-05
0.971263635982012,8.468191857675284e-05
1.072082963923233,8.43479016743645e-05
1.1777728187554932,8.396398194224084e-05
1.2533583614033166,8.364564017134916e-05
1.1697392535282631,8.395789611955705e-05
0.8188754937914712,8.513631297500161e-05
0.8562491939959951,8.502567687974086e-05
0.9187417330193676,8.484254217872998e-05
0.9995761864326136,8.459661832406864e-05
1.0915143284351934,8.42910644358085e-05
1.1878818779181157,8.391372129733205e-05
0.8571944498987955,8.501903732202714e-05
0.8855922033115615,8.494287683233101e-05
0.9383605690035847,8.477979484588081e-05
1.009418813058528,8.456374419447434e-05
0.8772341840215697,8.49681500062229e-05
0.8956319777119629,8.492334949978472e-05
0.37028266432656753,8.596078867847725e-05
0.5070597544464462,8.577666593565631e-05
0.6667053281419746,8.549327658976927e-05
0.8226873648137426,8.514380264948156e-05
0.9669292767886136,8.472408528097882e-05
1.09816685003952,8.422729115728022e-05
1.218852634228238,8.36462951874551e-05
1.3338924399417607,8.301487751687682e-05
1.4493773065381454,8.225080074838606e-05
1.5706367784065636,8.083367982486851e-05
1.6944058975683665,7.957061707943997e-05
0.4849202668777687,8.580758277716043e-05
0.5966800318169965,8.562244514133495e-05
0.7302975092516794,8.535447167157262e-05
0.8633817367762934,8.503438780597425e-05
0.9882536964021653,8.464235115464607e-05
1.104140796082001,8.419828353761138e-05
1.2138593426943802,8.359788961718564e-05
1.3219945069117454,8.303455660458423e-05
1.432908001250944,8.223805803337703e-05
1.5459996759765084,8.05714943756782e-05
1.6175235988005716,7.997242309132597e-05
1.5335659222066282,8.151629161353118e-05
1.411714856772483,8.265212746575119e-05
1.2940543249152983,8.329402124992835e-05
1.1802908194552213,8.387748897913454e-05
1.0653790215849626,8.436429475112072e-05
0.944970282702868,8.47879225389354e-05
0.8181407567473918,8.514089239328085e-05
0.6901424137602727,8.543147884753353e-05
0.5766528088642987,8.565311334844791e-05
0.5697339158387619,8.566902952426982e-05
0.6598796332271687,8.549987903833568e-05
0.7712097374341376,8.525901543366383e-05
0.8860181219927982,8.49609280919397e-05
0.9979814771394544,8.459878937544682e-05
1.1064004529766935,8.415543742609179e-05
1.213309724335034,8.362205994818783e-05
1.3213988154245433,8.302503168807515e-05
1.430732192750695,8.22736277295683e-05
1.5227287793131674,8.103880147037702e-05
1.4835230048601176,8.210502226055177e-05
1.3611799607799713,8.296294873358069e-05
1.2405700215610735,8.359116161237965e-05
1.130421412986824,8.410088510430824e-05
1.0278006910954571,8.45001130738555e-05
0.9292360198780815,8.483278157110908e-05
0.8348121991573915,8.509123567879269e-05
0.750764460760026,8.52914646570466e-05
0.6258259321918819,8.556762845359242e-05
0.7011254808872515,8.541542059745451e-05
0.7984906617774217,8.519667735990627e-05
0.9039875764144252,8.489548885616913e-05
1.0118776660518252,8.453911547377958e-05
1.120597294489242,8.409854983144981e-05
1.230341607331978,8.353091556763199e-05
1.340397027981413,8.298122572113776e-05
1.4397802373682937,8.234073171750998e-05
1.4319217053362083,8.257589011079952e-05
1.307160163271825,8.329507746962031e-05
1.1837044330845203,8.389094564331887e-05
1.079998125034775,8.429866714557689e-05
0.9953597830154283,8.460767066082573e-05
0.9265477474216415,8.484395778115536e-05
0.872301460492855,8.49911077495537e-05
0.6648420042978376,8.549021397195763e-05
0.7340798177207364,8.534715128142351e-05
0.8265300394794749,8.51237707098837e-05
0.9304561500549268,8.481671960849022e-05
1.0398788287421827,8.444436903331964e-05
1.1518891387350796,8.400303905388827e-05
1.2642603258769296,8.341144971783284e-05
1.3692054621036995,8.287526988367478e-05
1.3851730802933715,8.283912313091456e-05
1.2573167054253496,8.357227881323069e-05
1.1336567573235208,8.41054952973725e-05
1.0401941476295211,8.443126636006361e-05
0.9775275812702446,8.466153928527431e-05
0.9412727813776319,8.479706573615123e-05
0.7024107148259628,8.541703967978138e-05
0.7723764798810974,8.525466949394532e-05
0.8649856442702336,8.501031638200557e-05
0.9699248807824179,8.468563929143426e-05
1.080988444863937,8.430399082625969e-05
1.1940561742508486,8.385023049737247e-05
1.3029475954887684,8.332289597334603e-05
1.353020611581497,8.307079619860199e-05
1.2167189661372013,8.376477740272834e-05
1.0994398503743756,8.420892382629506e-05
1.0216852645846244,8.449669805657497e-05
0.9833462869446139,8.464426259685305e-05
0.7485876083625054,8.531293454837812e-05
0.8205062441989583,8.513383890952907e-05
0.9126612204875559,8.487093792682432e-05
1.0163618947706257,8.453608899633121e-05
1.125600712415509,8.414981256564888e-05
1.234819184488242,8.370350763389059e-05
1.309695727196988,8.332767985505326e-05
1.1915347310297015,8.387806109322598e-05
1.090932506823817,8.424644058218204e-05
1.0353816540420013,8.443279180393071e-05
0.8018391915392223,8.518097121100316e-05
0.8721921412596285,8.498888120629087e-05
0.9601740580699327,8.471315999510287e-05
1.0588696214956057,8.438833161259132e-05
1.1626056227647739,8.402009827210698e-05
1.2598304781740146,8.36000855098413e-05
1.191182482465988,8.388487112763038e-05
1.1190000886916454,8.414228534668215e-05
0.8525169841607696,8.504074465660278e-05
0.9168358810645768,8.485162305422086e-05
0.9972551406115814,8.459602003284593e-05
1.088301077191922,8.429114660843974e-05
1.1850132983491821,8.39383950833078e-05
1.2300551575597671,8.373454452911678e-05
0.8907548291795165,8.492467660940831e-05
0.9461990543565032,8.476758348226588e-05
1.0172945554695396,8.454725484700038e-05
1.0991334457554,8.426477269012569e-05
0.9108505778845117,8.487472679727062e-05
0.9563228232555863,8.473336704850149e-05
0.6570423438383566,8.549987480942956e-05
0.7519579757740478,8.529520164441924e-05
0.8597322037959757,8.503168827463163e-05
0.9680340996866534,8.470794926953749e-05
1.0734370002255331,8.431926444628696e-05
1.1777230912709888,8.38494838180022e-05
1.284336559161958,8.325286304924509e-05
1.3935531863105906,8.257789427986349e-05
1.4875171873922357,8.160854140661596e-05
0.7112285072817562,8.53863062913696e-05
0.7921728616395455,8.520188619004917e-05
0.8860491697799416,8.49568286452651e-05
0.9836188962846636,8.463495884739492e-05
1.0825940694805585,8.428273274132593e-05
1.183933453387066,8.38185220670259e-05
1.2876545526606022,8.322502031831222e-05
1.3839134058427458,8.265366066676448e-05
1.4209821888903922,8.234572442986496e-05
1.345784408003664,8.292731228146257e-05
1.2379206912952643,8.351614403607127e-05
1.1342053567729213,8.407431382789043e-05
1.0398420975320215,8.444309528202536e-05
0.9529750031656768,8.475419397017828e-05
0.8725959337432118,8.49943356510146e-05
0.8024537457519698,8.517247833389778e-05
0.7490443905294614,8.530398118016935e-05
0.8239831577279986,8.512509485912862e-05
0.9127173464782372,8.487287002275997e-05
1.007925455702144,8.455483735294928e-05
1.1070988251852907,8.419019989059677e-05
1.2088823742506407,8.372697676247008e-05
1.306680652505756,8.317612801012112e-05
1.3662991082231075,8.285234011912502e-05
1.303510037757654,8.322828881233147e-05
1.1950860654101316,8.382062216218303e-05
1.0954967150395496,8.423860826001271e-05
1.0146849704902037,8.453629561246409e-05
0.9514982695430988,8.47635708907065e-05
0.9039322286914155,8.490865891519157e-05
0.7852978048191395,8.522203583609465e-05
0.8609875950687728,8.502606823316595e-05
0.950164354881944,8.475493714893899e-05
1.0465190085172924,8.443287822395537e-05
1.1466936882741965,8.404369227350742e-05
1.2455271117115758,8.35975960068389e-05
1.3183996205769128,8.319687713393673e-05
1.2707183553661496,8.347274639848819e-05
1.1622400688478178,8.398571615521173e-05
1.069816803002636,8.433559146394044e-05
1.0057360427965145,8.456878069397388e-05
0.9678283024776293,8.470061515005165e-05
0.8299292212568443,8.511002470642692e-05
0.9080156143860383,8.48837121155854e-05
0.9976657678450407,8.46039499386488e-05
1.0935309485698121,8.427128536358063e-05
1.1910868365522325,8.38903078690918e-05
1.2744901309610728,8.35022561059926e-05
1.246688524536956,8.36328558389744e-05
1.1432270789136367,8.406827396898894e-05
1.0639125445435371,8.434199982902984e-05
1.019710241663397,8.451302984583817e-05
0.8818986111500376,8.49642866620662e-05
0.9592912798724376,8.473101683786671e-05
1.0460285505967726,8.44453816678065e-05
1.1378859714403855,8.411712138412547e-05
1.2272218101205856,8.377014575890003e-05
1.2409332567496638,8.368378267030331e-05
1.1444005306963774,8.405833284118728e-05
1.0860783116172632,8.428814927362522e-05
0.9320379983554444,8.481152234207671e-05
1.0043462700024475,8.457933239772251e-05
1.0848490274847111,8.431452956101606e-05
1.17094957641836,8.399284510080721e-05
1.237805230431939,8.371198034975325e-05
1.1753981913538547,8.394469269275473e-05
0.9704130158365433,8.470079016555995e-05
1.0345427013862556,8.449521522076617e-05
1.1072346647249944,8.423782487046336e-05
1.187851706278934,8.393420997280442e-05
0.9908089242388574,8.463131976081663e-05
1.0451656599235013,8.445812886994809e-05
0.8380120879107958,8.508477558444289e-05
0.9017815591918928,8.491288160373269e-05
0.9764507110731698,8.467869967512153e-05
1.0596049170143804,8.436777344325237e-05
1.1514929501972124,8.399994845469604e-05
1.2494255843496518,8.348256817088832e-05
1.3331152292180186,8.299106645543797e-05
0.8721917978032613,8.499799855157553e-05
0.9367472696172978,8.48056488583213e-05
1.011981502397262,8.455326247062018e-05
1.0956633276649648,8.42383148106337e-05
1.1857579822588946,8.389208654781461e-05
1.2703541143183192,8.34469180517235e-05
1.294452460395584,8.326417621895778e-05
1.2191781917122204,8.369183865521921e-05
1.1267978973833632,8.412772898330799e-05
1.0469105237885656,8.442693005542016e-05
0.9833174771942803,8.46513620477508e-05
0.9348656201955482,8.48197064734973e-05
0.915178284401289,8.487035431004938e-05
0.9828073096847629,8.466498940763345e-05
1.0592783851838365,8.439469032200719e-05
1.1421491719812626,8.408343526404178e-05
1.224752884370095,8.374665386157416e-05
1.2688903379771233,8.349673566686116e-05
1.1994283271239192,8.384174676305908e-05
1.1141734435240507,8.417196958437734e-05
1.0491027524634482,8.442257246930299e-05
1.00664699698936,8.456813342476284e-05
0.9663216076187043,8.471035128843983e-05
1.0343242707761586,8.448391347394999e-05
1.1088368353610405,8.4219810463e-05
1.1867393302056048,8.39247901769862e-05
1.2444287326788717,8.366710775788855e-05
1.189950551905042,8.38883638657791e-05
1.1169332793640323,8.416613361295447e-05
1.0704624139152035,8.433872219265022e-05
1.0166122521806167,8.454476847405937e-05
1.080545477982661,8.432859292332189e-05
1.1498237557540665,8.407636588996524e-05
1.2183083843242775,8.381466417118677e-05
1.1944948993345812,8.387636404879855e-05
1.1416470207879188,8.40840218069073e-05
1.0557511895153153,8.44250429865461e-05
1.1123078541092988,8.422313086247777e-05
1.1765881436844754,8.398259692643205e-05
1.2312415919295256,8.374331810693114e-05
1.0768110751514748,8.434653828829646e-05
1.124062431666578,8.418757647968343e-05
0.9759604645104144,8.468531015489765e-05
1.0281839016617995,8.450308948219115e-05
1.093169162486979,8.42661008113411e-05
1.1701752691582445,8.396809015854601e-05
1.2443343897666352,8.362982770832128e-05
1.0267755382971397,8.451310717819618e-05
1.080281114619368,8.432140431959143e-05
1.143330724113987,8.408137268484006e-05
1.2106741267534893,8.381329002391883e-05
1.2280985784682747,8.371528616109949e-05
1.163615754519562,8.399920299290073e-05
1.1017797052857374,8.4238882429179e-05
1.057397213545226,8.440106575460114e-05
1.0779701891428572,8.43418888584431e-05
1.1280873108900353,8.416291142072313e-05
1.1851265356587974,8.394001256964147e-05
1.2221296606079108,8.37677110387175e-05
1.1673901135175213,8.399430923307869e-05
1.1246789142006157,8.415263416152767e-05
1.1184924694119218,8.42030958072776e-05
1.1617173392386422,8.404582313758938e-05
1.2125370227891394,8.38358865458125e-05
1.18765094250414,8.391946867927988e-05
1.1405401156657586,8.412163836686175e-05
1.1755356502951042,8.39953065229039e-05
1.1100148163751518,8.421800901802898e-05
1.151181261634126,8.406887207608842e-05
1.202945761501471,8.38564882562743e-05
1.152359578942632,8.407610436254553e-05
1.186155286472913,8.393218513293057e-05
1.2012860571492716,8.387065252243968e-05
1.1689893639786717,8.400442290688236e-05
1.1756202413065127,8.398339319816971e-05
1.203138168686823,8.387654587106124e-05
1.1935278769242987,8.390581566823786e-05
0.204959477882735,8.611256246778099e-05
0.40530189983257375,8.593299615303066e-05
0.5968863273401476,8.564455212485805e-05
0.7764727143134307,8.527145676172208e-05
0.9421279523995434,8.481714231406842e-05
1.0936548335042755,8.425029687679549e-05
1.232967740605677,8.354278681788393e-05
1.3641631054882104,8.281363538424872e-05
1.4929875380694195,8.160258833768985e-05
1.6256278990098643,8.006916613490016e-05
1.7670180564806104,7.903471973523616e-05
1.9161047098584156,7.786396940027595e-05
0.1698143054575843,8.612921511050391e-05
0.34612369167514045,8.59948460181403e-05
0.5551721045078989,8.571499283073634e-05
0.7515000475323464,8.532932179241611e-05
0.9336644122681971,8.485038687844694e-05
1.1030855292585915,8.424885567465212e-05
1.2624808055455423,8.344321194465197e-05
1.416137380801537,8.262757581678367e-05
1.569555922492249,8.134102914467355e-05
1.728291920276739,7.963561927812399e-05
1.8964945656439502,7.86186657115014e-05
2.0203544682176875,7.766558056193445e-05
1.8696446508710678,7.823796027839351e-05
1.9533906020526663,7.718591885938664e-05
1.8068058659718156,7.876280249313016e-05
1.6512039312520417,7.975243066215744e-05
1.503429038963088,8.163724673690118e-05
1.359948707423308,8.283515590337935e-05
1.2151428964343574,8.363696078816295e-05
1.0639026987412927,8.439083821404412e-05
0.9030108192920486,8.494517409307659e-05
0.7316450830675153,8.537880502662697e-05
0.5515987311467241,8.572832029695692e-05
0.36879274869582795,8.597735263696545e-05
0.32225641342876393,8.601324638862008e-05
0.46103131395631225,8.584964476008043e-05
0.6583231201654219,8.551845199866964e-05
0.8621213227326473,8.505254832273647e-05
1.0615491105090464,8.44353273477556e-05
1.2559027385334534,8.362271088916259e-05
1.4473942267162339,8.266707358296162e-05
1.6388355263426402,8.161712247608526e-05
1.830839315984415,8.011528724947648e-05
2.00499786081511,7.909854891971987e-05
1.9822160005003369,7.874008928682934e-05
1.8290991253859448,7.946788993850851e-05
1.8402341479230098,7.839363015444526e-05
1.9537539830271844,7.703509995503943e-05
1.8311383124182545,7.848681676799043e-05
1.6610311330583363,7.962036728647737e-05
1.4988202644985005,8.176625441011314e-05
1.3436688369437415,8.29122837386447e-05
1.1907211767972392,8.374042089317255e-05
1.035619670577705,8.449690900606111e-05
0.87618817492289,8.502138076123551e-05
0.7131866120325331,8.54194705966759e-05
0.44465367777830306,8.586679281556374e-05
0.5566795305246324,8.569701294973433e-05
0.7416523527764243,8.53351600714572e-05
0.9543319946569603,8.478100063966765e-05
1.1769967073149428,8.401382450766972e-05
1.4025719086989386,8.303661837105909e-05
1.625721343651602,8.192039422905214e-05
1.8344342505431952,8.074431596543811e-05
1.978287306885047,7.950382129500599e-05
1.943513936481608,7.938995650233805e-05
1.8030199836785112,8.021963442273166e-05
1.6962008120024694,7.945182671926711e-05
1.8340728781040592,7.844004933139256e-05
1.9466211391257338,7.709560105854225e-05
1.8382846367433852,7.823566774203533e-05
1.6569573760786158,7.955477215327569e-05
1.4854037930944701,8.177597921306825e-05
1.3255970121528584,8.296994356898863e-05
1.173107921483323,8.381354586056904e-05
1.0238783456933822,8.454127151726538e-05
0.5321730140887645,8.573569157105267e-05
0.6268514812860072,8.55675824230402e-05
0.808778055963638,8.51737327060061e-05
1.0343172619107748,8.452384162952972e-05
1.277474082266564,8.36111344603531e-05
1.5210882731851336,8.250918721395887e-05
1.7446887850775077,8.130304040955735e-05
1.9000678121586356,7.999202028832252e-05
1.897191764562307,7.981908652914079e-05
1.77048624640891,8.07010274591042e-05
1.5992311620219415,8.186840912062813e-05
1.7139619115951368,7.942673399338164e-05
1.845291455394698,7.83827763854698e-05
1.9466781595671951,7.71151179311457e-05
1.835689524677954,7.818700061712734e-05
1.6479685483998485,7.950318120302131e-05
1.474384044731982,8.152981883409825e-05
1.3177812070159505,8.30260774023703e-05
0.5892301264407356,8.563711886687899e-05
0.6764332191736394,8.546976449533399e-05
0.8641173311880513,8.503254561590056e-05
1.1028201530332407,8.427398784481441e-05
1.3569097852737129,8.327437954180325e-05
1.5983549949616274,8.211920621449179e-05
1.786322803049425,8.087000392791091e-05
1.8358420062542822,8.021764272240764e-05
1.7299618598833286,8.08631988595522e-05
1.5681573571833507,8.206054128575072e-05
1.6188115951916304,8.043918454494319e-05
1.7407715840406583,7.932972867131209e-05
1.8622983610923378,7.83044065602568e-05
1.9499392968722795,7.710777030642541e-05
1.8317760621907182,7.815926852556108e-05
1.6436188676783887,7.95129101830336e-05
0.6287141307906505,8.556724433512688e-05
0.717442634367167,8.53846269756837e-05
0.9146987526267674,8.488704332119043e-05
1.1621441157650223,8.404418584220843e-05
1.416238364135464,8.29956826208385e-05
1.6379524599155428,8.179924639148041e-05
1.7521880959678229,8.089584016201413e-05
1.6803429365573275,8.119702158558032e-05
1.5190934294256033,8.230601789618023e-05
1.5368491349389393,8.194237860660076e-05
1.6508924172819281,8.02602908890347e-05
1.7633300767589999,7.926786110832713e-05
1.8740112911432636,7.828056293171313e-05
1.9515869595614845,7.709025240182062e-05
0.6668371706644376,8.549193912823122e-05
0.7616912080456026,8.528402999399663e-05
0.9659666480096902,8.472175647728215e-05
1.214946730964179,8.383513695038253e-05
1.4593250882673552,8.275406633095199e-05
1.6375717628832167,8.167210467816403e-05
1.6207163042547745,8.166522136159233e-05
1.4664658502863797,8.258257714154863e-05
1.4572197653533736,8.252210097615438e-05
1.566035457645426,8.167933803663325e-05
1.6701947940336397,8.02035344733603e-05
1.7719913285507967,7.923949611641078e-05
0.7137882866315108,8.539068526787953e-05
0.8129573008396398,8.515721936794434e-05
1.017645342035946,8.45407096945603e-05
1.2610690560003135,8.362396893952883e-05
1.4848068552649085,8.254285712628313e-05
1.5505712689816007,8.207235725263653e-05
1.414872080541983,8.28796071940308e-05
1.3733595854860188,8.298915502466804e-05
1.4783577099637668,8.241964652717426e-05
1.5767902136642857,8.168309200308523e-05
0.7677785316132039,8.526781517348088e-05
0.8655456716811678,8.501591937572259e-05
1.0644879205388733,8.436420204343712e-05
1.2980057097282898,8.345597339633324e-05
1.465029917147548,8.259093906420311e-05
1.3737202028941051,8.310364740090782e-05
1.2831215370630114,8.349520746931596e-05
1.3841076519043103,8.291991771011032e-05
0.8188754937914712,8.512715322608354e-05
0.910104557391587,8.486229896915862e-05
1.1009757208808484,8.424211831679284e-05
1.3253638554133418,8.336982596006512e-05
1.3567122768541247,8.317646133969566e-05
1.2835739305324119,8.353430328950009e-05
0.8571944498987955,8.500762240820346e-05
0.9396573314897539,8.477798864995549e-05
1.1239362851403734,8.417511787816498e-05
1.3530962561752442,8.326061628742146e-05
0.8772341840215697,8.496344366227042e-05
0.9502559485516934,8.475318448837317e-05
0.49732692977070064,8.580784585628917e-05
0.6793438470010733,8.548771735410684e-05
0.8602605095577375,8.506204317332992e-05
1.0355149924617744,8.452060737571297e-05
1.2052846302888052,8.376777265720884e-05
1.3721597314897684,8.291215087023927e-05
1.540265126502243,8.1856409076619e-05
1.7140911788314652,7.994740030820658e-05
1.8968412862790256,7.877092582370095e-05
2.046954399913005,7.77452590065248e-05
1.891450291370552,7.881276700377538e-05
0.590506715719558,8.564824828735953e-05
0.7654028152734449,8.529377416868133e-05
0.9553148421615442,8.478066310678506e-05
1.1524090479595086,8.407899369015446e-05
1.3539621832065198,8.317475178205684e-05
1.5592031859709066,8.21310905050596e-05
1.7664310596279493,8.094188228559975e-05
1.9627109797173334,7.948740918845946e-05
2.024190549571592,7.880697089110227e-05
1.8961458667129325,7.95152524103139e-05
1.8046135464194604,7.990709105583845e-05
1.8918782892519654,7.873288609452224e-05
2.0412874239670127,7.725012198704442e-05
1.8927539931713948,7.862932687280866e-05
1.6946061224445232,8.00548571701285e-05
1.508769059408078,8.207239558336099e-05
1.3334614411938956,8.30719896052026e-05
1.164981789353867,8.394641187035931e-05
0.9999659979502209,8.463841856399385e-05
0.8370583078283984,8.512515937717099e-05
0.6646348437675708,8.550110976992201e-05
0.8347385194905715,8.511857208804185e-05
1.0387881383256246,8.451178821811219e-05
1.2621159646427313,8.364928189367398e-05
1.4936256699729014,8.25732784564947e-05
1.7210213659692288,8.141627549518815e-05
1.9151650049617202,8.010231354894808e-05
1.9778773587657297,7.933928526579933e-05
1.8775273373714014,7.992244753035534e-05
1.7586021595406336,8.0749783892963e-05
1.7693730610326952,7.960620674195077e-05
1.894949462400074,7.856243582554503e-05
2.030525253715129,7.711526452561285e-05
1.8787157202751283,7.856225413376839e-05
1.671347663103365,7.984780917088866e-05
1.4817293983613369,8.209451148795386e-05
1.3091734565906685,8.315341073714241e-05
1.14971962513114,8.401143244616566e-05
0.720269520274814,8.538173175172752e-05
0.8931657052335286,8.496069640375095e-05
1.1133600328493471,8.424200265206966e-05
1.355515408604607,8.327487828675206e-05
1.596988388761077,8.210149933353706e-05
1.8065044806222803,8.08717130478761e-05
1.9089218913048338,7.981119557613437e-05
1.8419514138434772,8.026719611578714e-05
1.7127630897186925,8.116825466507414e-05
1.6695409648372757,8.09677631025388e-05
1.7730939651373834,7.943471714944534e-05
1.90561832806657,7.842971813841389e-05
2.023266827014282,7.707461201285835e-05
1.863725460495208,7.85683593517536e-05
1.6554767289951422,7.98989968435563e-05
1.4709861804392317,8.205219114451228e-05
0.7640629579258699,8.528383240078067e-05
0.9451407938286144,8.479828063444423e-05
1.17812842787583,8.398946373542487e-05
1.4268305565898154,8.292685069701695e-05
1.6572284344537453,8.175017311298716e-05
1.810590186955128,8.047724292874527e-05
1.7910412664641713,8.054723424789426e-05
1.6605033752670437,8.151640220281182e-05
1.579249874368919,8.1925564426254e-05
1.6700487216268698,8.053919713388269e-05
1.7899251526370037,7.933164756515363e-05
1.9171799160905603,7.833166322084357e-05
2.0196850784425373,7.703805869521497e-05
1.857426633058943,7.855229866022803e-05
0.8061663661601797,8.517846219773949e-05
0.9955821127624761,8.463036910727826e-05
1.2344827985793965,8.375970266469104e-05
1.4784270028428903,8.266096098592975e-05
1.678089932816721,8.148172523263537e-05
1.7235375530983803,8.091080984647823e-05
1.6008955343886218,8.181645942830424e-05
1.4965762853206321,8.243591347565117e-05
1.5757007192971249,8.187365014199167e-05
1.687289456175351,8.033313337460925e-05
1.802572506823613,7.926235267185277e-05
1.9220338633337128,7.831288130873482e-05
0.8534626713734658,8.503991578671669e-05
1.0465245506107208,8.446413927096765e-05
1.2835957404891933,8.353312149495087e-05
1.5124619961695462,8.242042500250292e-05
1.6354265006728856,8.156292772209624e-05
1.536054075147484,8.219389873853997e-05
1.4089874754901868,8.292859979562047e-05
1.4824949419136657,8.242409117541025e-05
1.589026169830046,8.170183760717505e-05
1.6950318412271514,8.028555644050444e-05
0.904715135570571,8.489083900541538e-05
1.0950291316632257,8.427021359434904e-05
1.3240104097350356,8.333277897045675e-05
1.5163775770090748,8.232271172538086e-05
1.4717301042249362,8.257997769730706e-05
1.3351957798242633,8.329511754395708e-05
1.3864229585980947,8.296589533946124e-05
1.4892379069749682,8.239720876512342e-05
0.952490278165362,8.473219166786065e-05
1.135698141330665,8.409959790851477e-05
1.3529725599985436,8.322439991421913e-05
1.4174883740613253,8.288649354348777e-05
1.308191447196015,8.341861311291866e-05
1.2843430845146249,8.35024790948602e-05
0.98910304107992,8.462430227900358e-05
1.1650650702017835,8.399978408988226e-05
1.3695931707070437,8.313094257747413e-05
1.3309349067652736,8.330645441256528e-05
1.0097948743848268,8.456132160835447e-05
1.1786788684296121,8.39657654878769e-05
0.9201178834235454,8.489526925230534e-05
1.0945933471262217,8.429974404769501e-05
1.2847195378395484,8.347682071697359e-05
1.4889926293132958,8.245293422829424e-05
1.705074783925005,8.122705051025841e-05
1.9250535641816757,7.964552422770533e-05
2.0624754668929275,7.876309022618509e-05
1.9438847229356282,7.909468148004759e-05
1.8281121514711511,8.024074551776288e-05
0.9901429348090662,8.467235907985568e-05
1.1818892906937704,8.398236178917995e-05
1.3992408167484778,8.298949296665742e-05
1.6301262559129632,8.185355237172314e-05
1.8541925186716466,8.05672962328906e-05
2.001388010255063,7.92838091921479e-05
1.9461372237466146,7.943086503095822e-05
1.8243720644211723,8.059291499628854e-05
1.763870969607746,8.094666545445912e-05
1.8391493732956863,7.998354199593234e-05
1.9755906985293075,7.874620092335819e-05
2.08971518554398,7.867202202339546e-05
1.8877073904611794,7.96673014123812e-05
1.6587475238221732,8.131269160375899e-05
1.4477864685298223,8.260766498351013e-05
1.2594603313637107,8.35779309897366e-05
1.053286977934239,8.444956299762847e-05
1.2605418659147027,8.365221794748603e-05
1.4927237269737788,8.25780313505492e-05
1.7233059969801265,8.137181529138627e-05
1.9011360378549762,8.000626461164303e-05
1.9100006912555938,7.976695804934737e-05
1.793253634764708,8.08011425237117e-05
1.69794410612233,8.143492033844328e-05
1.7316728169018518,8.102284592201818e-05
1.8512486471963194,7.955377373730422e-05
1.9963025307668985,7.85511792393901e-05
2.0955092085148452,7.862317467859996e-05
1.8632159880153274,7.957550453859059e-05
1.6412454536740364,8.146220490724079e-05
1.1109188982575546,8.424320653216457e-05
1.3267451204207712,8.336549838894504e-05
1.5589591552882132,8.224350541006298e-05
1.7649730523351308,8.09642516463463e-05
1.8429337786311184,8.018319707436379e-05
1.7411441132413055,8.106049571473432e-05
1.6193691420136216,8.185747492514428e-05
1.6222837433033646,8.179961660802547e-05
1.7308186816603097,8.091633321417703e-05
1.8631446929670197,7.933240226450849e-05
2.0070083203801916,7.844425431157483e-05
2.092008204020379,7.85490213102604e-05
1.1645242088657162,8.403213982961726e-05
1.3809027881265399,8.308748810685977e-05
1.6010590533602533,8.194155454678645e-05
1.7446863563730761,8.088136154573672e-05
1.6730371119228786,8.142248388001209e-05
1.5328438776101059,8.232812821605414e-05
1.5106045387766114,8.24255762385262e-05
1.6143193753031373,8.172883823631188e-05
1.7374514320826757,8.063668884032269e-05
1.8681429428139749,7.92866229063331e-05
1.2139675209458196,8.381485296158914e-05
1.4237127130053495,8.285077427143044e-05
1.6124999923880834,8.175066994624539e-05
1.5943350450850675,8.18345054952896e-05
1.4478262822529213,8.276922644178746e-05
1.3913953893752515,8.30375329504946e-05
1.500099188580338,8.238823519536257e-05
1.616756549960791,8.173471064727922e-05
1.256345826372486,8.362372442892175e-05
1.4519868450442381,8.268638068674087e-05
1.5124540460618288,8.23348976808765e-05
1.3809004838812735,8.308063253989204e-05
1.2908633778049063,8.351503171403158e-05
1.3884783854824878,8.301738953676434e-05
1.2884976626026166,8.349292614041573e-05
1.433097668265641,8.275333717877044e-05
1.348455369654409,8.323536037534161e-05
1.278666533329791,8.353583742701295e-05
1.3121249912173505,8.340573751773698e-05
1.3589381798501767,8.31424397989093e-05
1.3648718506202238,8.316683751772258e-05
1.577639404916675,8.206649424894643e-05
1.8050486537521817,8.080629905626e-05
2.003088130413511,7.934859205755276e-05
1.9965417899843978,7.905870352787882e-05
1.8650649307779614,8.011618422253339e-05
1.7564103238193054,8.11217952271229e-05
1.454255582842519,8.273974843214606e-05
1.672085818954777,8.16230609182982e-05
1.8775610607122932,8.03114651882296e-05
1.9563781949824104,7.949724658467915e-05
1.8474077307152434,8.028565587637876e-05
1.7166365740757732,8.134260828450894e-05
1.6645193239883345,8.165574819809144e-05
1.7530436556461055,8.106404933679098e-05
1.89029053407489,7.974484612933806e-05
2.027175132881362,7.889063213053497e-05
1.9935781689721825,7.946329537619641e-05
1.7857224785618293,8.093645992555607e-05
1.521325863026435,8.23885604494182e-05
1.7269893309689484,8.12403295133817e-05
1.8671347248973773,8.010437110916378e-05
1.7958983824822408,8.064590252299809e-05
1.6502900094561275,8.168620026774463e-05
1.5570328520823902,8.225941719814972e-05
1.62682148787178,8.179687836743933e-05
1.7576272559367243,8.092994933307992e-05
1.9031552000123462,7.961233368895243e-05
2.037486159348459,7.877748839325307e-05
1.5681647921065174,8.211410926733675e-05
1.7397758725194894,8.102787158486229e-05
1.719326232135148,8.115169605615532e-05
1.5674363518686065,8.210540457701795e-05
1.4470915432989828,8.284404977003377e-05
1.4968396526922914,8.251871085982715e-05
1.621526722816548,8.17998705573086e-05
1.7607338331019236,8.076648689852174e-05
1.5923640225233349,8.192036644947382e-05
1.626003289816388,8.168549709439821e-05
1.481447197071177,8.255652875812898e-05
1.350836167174881,8.326020153293499e-05
1.3721078051205706,8.317563572547713e-05
1.4901090195925994,8.254911867420624e-05
1.5259115480876535,8.222085157912381e-05
1.4082547111716273,8.29257308320074e-05
1.3000255884012135,8.346283105565876e-05
1.256020782481505,8.367095181794627e-05
1.3633199304518249,8.314260838391818e-05
1.3073711159869208,8.341285219736375e-05
1.8647850249795457,8.045293924186772e-05
1.9778381891426853,7.937786198204134e-05
1.8785106252577128,8.009160465033385e-05
1.7296394708559533,8.121148991381044e-05
1.6072226388836257,8.197847880702607e-05
1.8712126549197057,8.014522754009549e-05
1.8233064822884362,8.048868597619937e-05
1.6697021967523749,8.154397221110063e-05
1.525649098085086,8.239311222088327e-05
1.479527860554678,8.269058861666941e-05
1.5897889800553826,8.19863234652924e-05
1.7378317741994793,8.114327227043576e-05
1.888663222528258,8.000696589192567e-05
1.7352128748362536,8.109612978616875e-05
1.5860002286759194,8.19547901378983e-05
1.436381163020511,8.285886577003994e-05
1.3501235945256416,8.328327065999361e-05
1.4499017771432436,8.279684757518983e-05
1.5883150596555786,8.198585782652246e-05
1.4934302760858873,8.248662739036845e-05
1.359718838665761,8.320778980559966e-05
1.265489659506669,8.362293908042004e-05
1.3255292322006242,8.337748045004251e-05
1.313087259192018,8.341267837225065e-05
1.2605975707814046,8.363142423508346e-05
1.6764775722854433,8.1494035912718e-05
1.5215950222056283,8.235202837430955e-05
1.3928858879905477,8.308193696900633e-05
1.4389627119016914,8.283930002253177e-05
1.3160304938884178,8.341190432798453e-05
1.2771709957098418,8.358508354877297e-05
1.3834178748584147,8.311550744497103e-05
1.2689568854334783,8.360027112598282e-05
1.2222094955921547,8.37846801767987e-05
1.2316743884916281,8.375437045051834e-05
0.4371533362005765,8.587318687214097e-05
0.859732966148153,8.501695752454404e-05
1.2550218531656965,8.372523209106073e-05
1.6138073786258589,8.212788046275688e-05
1.9313985688331294,8.036491265183433e-05
2.207458933950485,7.844810025646401e-05
2.4444724115409584,7.658379626175646e-05
2.645426790294873,7.508050933731285e-05
2.689572282818077,7.360128704580488e-05
2.484976345064803,7.49962495912168e-05
2.2884705268153924,7.630000966108966e-05
2.1097547552596985,7.770984907920512e-05
0.5552283968154957,8.570107746226895e-05
0.8757657971208272,8.498982874277099e-05
1.228620814697127,8.383594354683004e-05
1.570023075195297,8.234219881728075e-05
1.8815894394346393,8.065964740089793e-05
2.15671074104972,7.881100516317272e-05
2.394650213930091,7.69461241943526e-05
2.594279595951777,7.544015439842567e-05
2.6002518438110154,7.43091346307702e-05
2.3989605849721567,7.556370413328466e-05
2.202772228313083,7.677458064194935e-05
2.0768398116619524,7.777009374884886e-05
2.177854658267663,7.718813386937584e-05
2.0769567030099068,7.828974957533607e-05
2.2355146129384296,7.672165877976894e-05
2.4293323503539517,7.536601424127087e-05
2.6333657454115706,7.395455801858263e-05
2.5303974278512515,7.59194996872416e-05
2.31478533402171,7.758276959023012e-05
2.062546225589077,7.949712267619504e-05
1.7721737678620628,8.129814645539589e-05
1.4450177736482432,8.293581728963621e-05
1.0890712109319645,8.433034108602818e-05
0.7257216663321419,8.535335501799382e-05
1.0957083236321659,8.433034560900988e-05
1.3765876467333646,8.324906803622217e-05
1.6660871816144245,8.18313633501008e-05
1.940324775407988,8.025396431455154e-05
2.187417214051486,7.858472170924776e-05
2.4016489984398763,7.681468169562672e-05
2.571371137429071,7.555431613189916e-05
2.5907996826703696,7.479603550441528e-05
2.419155090433425,7.554645477168846e-05
2.250880569102364,7.633637557112823e-05
2.2957478611234783,7.629251673983684e-05
2.456946746797383,7.53158515134218e-05
2.2530452513988513,7.67752574131191e-05
2.100692662194428,7.868579836717018e-05
2.212477157742798,7.696015449836288e-05
2.399556402191764,7.557983089108811e-05
2.600052379695487,7.419899210420414e-05
2.4419572461865413,7.65829578894391e-05
2.2261991292882626,7.825920751929761e-05
1.9764426469819312,8.006083584161512e-05
1.6950487466652069,8.171386335248297e-05
1.391241967034055,8.317215678583268e-05
1.6014293448424002,8.215671678019e-05
1.8431370258596445,8.078377859903295e-05
2.074131591361565,7.93543141282757e-05
2.2804584362054787,7.778168816928486e-05
2.4527067142824164,7.638016856591766e-05
2.5727106045287256,7.548675317634981e-05
2.5896695059124304,7.516446961989108e-05
2.4878200682921894,7.557726194756451e-05
2.3913728651025035,7.61281318649788e-05
2.4585815768235264,7.583620224991173e-05
2.6222853289354804,7.484137935608699e-05
2.5434822257651466,7.480458816057292e-05
2.318812009786165,7.64263340641307e-05
2.140010878659843,7.823860978493106e-05
2.2111121733311174,7.708219235756074e-05
2.3877647063595018,7.569235586762953e-05
2.5619556965168955,7.565226995128248e-05
2.388017307535881,7.692000961032351e-05
2.1826615561265386,7.856397023234889e-05
1.9486600094397069,8.022661620398145e-05
2.0418988447372404,7.955362638858689e-05
2.2302909232976837,7.814940900169781e-05
2.3917597293888746,7.676503590483146e-05
2.5148022710622207,7.589872359411503e-05
2.583636121864902,7.537024318340441e-05
2.5771609236953505,7.535717401030396e-05
2.500143550127354,7.58325139142694e-05
2.422483157166728,7.636527378210065e-05
2.4597674227974604,7.61901323937479e-05
2.588267358821538,7.533613235003008e-05
2.730718562509142,7.432784662319472e-05
2.6145638759417955,7.436108614892652e-05
2.366548946600247,7.61791765917835e-05
2.1689876939372716,7.806666974770128e-05
2.217899991597637,7.709674033211031e-05
2.384790705261898,7.571664703079714e-05
2.530389408033669,7.587425597444373e-05
2.370081393745271,7.708909952224397e-05
2.3750668602671965,7.686258396742728e-05
2.49066548651972,7.606363569255512e-05
2.565872954849524,7.549855563131692e-05
2.5901166421757504,7.531442671212172e-05
2.5552102628032705,7.554044010902058e-05
2.4685706232914515,7.614818355561105e-05
2.3721238609609574,7.68589212818587e-05
2.3618642654137214,7.708400004105574e-05
2.4658461644122203,7.628895703570933e-05
2.593436428077364,7.53652720088991e-05
2.7231887002359505,7.440410461704639e-05
2.664430708556453,7.405687882462586e-05
2.3950128357355305,7.600236226614462e-05
2.1846540025351615,7.811795138925747e-05
2.2233379085664327,7.712541690047221e-05
2.3844829823625284,7.574902253746237e-05
2.561182162113184,7.551859030485207e-05
2.5936045179789606,7.527775756676365e-05
2.580683014628227,7.536776649987861e-05
2.518695008392767,7.579892728040792e-05
2.413098788074092,7.656040827163217e-05
2.288749321712305,7.752574521575987e-05
2.2212327725003536,7.81243599311587e-05
2.2974906745954105,7.754231926272746e-05
2.43306950258678,7.650500749233936e-05
2.5977153357787297,7.532520449874671e-05
2.698866918762248,7.455851680153521e-05
2.692802930810713,7.38683392785997e-05
2.4075419632642134,7.593911893459216e-05
2.189417406531189,7.811133999969013e-05
2.589193387533973,7.53123728745992e-05
2.5460400494189606,7.560930528646843e-05
2.460928020431222,7.62082379621808e-05
2.336880881616234,7.717148335075452e-05
2.188383684034961,7.827807000933699e-05
2.0654135642269194,7.921537932751748e-05
2.0999688891752233,7.896256623509944e-05
2.2465431687763133,7.783535819969463e-05
2.4394915175405476,7.643626804395769e-05
2.578859415698731,7.542751692898003e-05
2.6825931459860164,7.465983450798815e-05
2.7018544098328285,7.382813325909894e-05
2.4791142324261846,7.608492379977811e-05
2.3760842295930216,7.688876195795824e-05
2.238208614336201,7.795637096590045e-05
2.0743979292010826,7.90594119076247e-05
1.9125554830077418,8.01009510022195e-05
1.8842351229832377,8.035211827492542e-05
2.041537357706545,7.931740322800621e-05
2.2165644476673294,7.80278055186117e-05
2.4279667579703887,7.648923545240962e-05
2.5716561568758083,7.547243037560268e-05
2.2607465028556097,7.776896232586134e-05
2.115701331426616,7.877300133880015e-05
1.9476401302404291,7.988689267922499e-05
1.7725898880100732,8.094278587576672e-05
1.6671984062017406,8.164632948720865e-05
1.8223767882376616,8.062988973507623e-05
2.0210353855853658,7.94152204775689e-05
2.2481994401563896,7.779109751179894e-05
1.9710947130348606,7.973508167128429e-05
1.811109380618933,8.066621566683731e-05
1.6483630537150378,8.15819858202505e-05
1.5064103100993371,8.241042576071751e-05
1.591325223302732,8.212361279099254e-05
1.8117547730117638,8.070383104298703e-05
1.6723729201481696,8.148683774000164e-05
1.5439618194795233,8.211781415155296e-05
1.4411159009831183,8.264917815680234e-05
1.377318496417959,8.306317978336066e-05
1.4684095644063573,8.244564499103624e-05
1.4319261783858839,8.258331457081343e-05
1.1624227975027708,8.40871225713357e-05
1.474732636870033,8.280020383586326e-05
1.7763763782752597,8.125872202124913e-05
2.0512626685182727,7.95537390024084e-05
2.293140712169701,7.77141838532555e-05
2.4993581793705246,7.612031888926587e-05
2.6097553722095443,7.462018830662512e-05
2.4268393839309974,7.54138042578182e-05
2.2296424432989568,7.663709783566694e-05
2.0887408787711075,7.762630105324462e-05
2.281575013173531,7.639408295397396e-05
1.6333338534951911,8.200124754567003e-05
1.89060949649634,8.05217967336267e-05
2.128940469846574,7.898542943141407e-05
2.338537423559714,7.731612900763865e-05
2.509914808971152,7.599009130184508e-05
2.5951011840074565,7.51254494251338e-05
2.485612149963862,7.532183496561457e-05
2.3175655162296165,7.616663767692678e-05
2.287837882733503,7.636522427803955e-05
2.4602710192768424,7.5485883664308e-05
2.5248160629406975,7.485136711345872e-05
2.323580408064307,7.626274122430625e-05
2.113741677302468,7.80255364149489e-05
2.230868402684748,7.674104570780197e-05
2.4227939024184666,7.548542337395756e-05
2.5738735624302933,7.523062731621904e-05
2.434052925754793,7.656137097818482e-05
2.2335064165566387,7.818898397332744e-05
2.0011759219694483,7.987071467553198e-05
1.7434480020003174,8.14368583196254e-05
2.057639867031615,7.944748372659658e-05
2.254158513169439,7.797442606794884e-05
2.4201043478098048,7.658215721824609e-05
2.5416831860349185,7.570678740002186e-05
2.588139533528994,7.52781181233043e-05
2.527852624663332,7.55026597707068e-05
2.4172136133953277,7.610529495147277e-05
2.4038073065808927,7.626870648451894e-05
2.539108137041614,7.547728046488727e-05
2.6958290806169702,7.444903055615214e-05
2.597633651095737,7.453520640893114e-05
2.3587094547514686,7.61357051194854e-05
2.1395826643277065,7.820129294497837e-05
2.2368313670361553,7.67995319388333e-05
2.4200769063145167,7.553756131400003e-05
2.5416308622558277,7.560813516488769e-05
2.401555946910848,7.68078800802706e-05
2.2141879062683456,7.832247934356732e-05
2.3830867924411563,7.681366555617213e-05
2.5017006902595766,7.598050361427438e-05
2.5733095682415574,7.544754463587854e-05
2.581930074776374,7.534312321607204e-05
2.521238504918604,7.572474691585051e-05
2.4229504631359857,7.638886041629815e-05
2.380083142369204,7.674226738961809e-05
2.470282442929766,7.618668865454293e-05
2.603554918443604,7.525968939801291e-05
2.7216658500362176,7.439389772972102e-05
2.6280966154430225,7.449550451432292e-05
2.3792363330296924,7.610481736899279e-05
2.156710037584872,7.817884199466367e-05
2.244050692550583,7.681812119385384e-05
2.4195343025501326,7.557800130475317e-05
2.5297000681864024,7.57217171305706e-05
2.5632727179949257,7.551179598353688e-05
2.591075000031776,7.529991783619966e-05
2.566104152869156,7.546678416079732e-05
2.4881297185579196,7.600642302563284e-05
2.375832438515303,7.680003090176541e-05
2.2887205576394405,7.758730508196962e-05
2.3312196702622803,7.73184885434497e-05
2.457947261614735,7.633009867626092e-05
2.607865830612477,7.525194732124638e-05
2.6910376717171562,7.460857529739577e-05
2.6309838930121354,7.461878794313886e-05
2.3872161533833447,7.611705287341557e-05
2.1647496301689517,7.828195226062531e-05
2.2471003956968687,7.678959725775313e-05
2.584701379321554,7.533652579083416e-05
2.531247262726231,7.571747445888092e-05
2.4334287009693933,7.640630369544358e-05
2.3020360983898303,7.743453729982599e-05
2.17289136202931,7.84378394356443e-05
2.1566546691717194,7.85920419819803e-05
2.2799320280481035,7.760822939495607e-05
2.42273362407532,7.655118043853817e-05
2.5833977077601507,7.540273615085839e-05
2.6650996670217073,7.477670677825437e-05
2.625526465238867,7.474192404666419e-05
2.388831283210632,7.611678807548957e-05
2.469674642934493,7.615367063678108e-05
2.3547151622432843,7.703244455967749e-05
2.207414130242455,7.816744058488333e-05
2.0482973397735176,7.923605989387718e-05
1.9648128785718697,7.986390192149279e-05
2.0795909831068324,7.902058714983895e-05
2.2434769151074954,7.779354179184887e-05
2.436271157323433,7.643190557984967e-05
2.5680880717559273,7.549629137868375e-05
2.655407363353628,7.484405124170946e-05
2.248998740153839,7.78235235278123e-05
2.09255487260201,7.889712545720632e-05
1.9194279987603262,8.008486266020297e-05
1.777742982884261,8.096413833823824e-05
1.8634817942773343,8.04180176576845e-05
2.0491446743243413,7.920694382429038e-05
2.260250719292384,7.766275543572651e-05
2.4301017435460444,7.646114792039579e-05
1.958777958679141,7.979142120348276e-05
1.7882638233128356,8.085494002531559e-05
1.6259409965716618,8.177950250675939e-05
1.6370750498551234,8.184464437329077e-05
1.8415759355017345,8.051420438293456e-05
2.0410033037457036,7.920503691968298e-05
1.659758305724904,8.152058630504114e-05
1.5199912702060674,8.227516883138988e-05
1.4245603446984518,8.287486906757463e-05
1.6217181241426597,8.189761070162992e-05
1.4545982844969712,8.2559352764982e-05
1.4047446101763885,8.28550643263573e-05
2.1107241616518735,7.911198479258748e-05
2.308594123974865,7.751466313787994e-05
2.4724151414488893,7.62437949809291e-05
2.5685919960944923,7.540563478564877e-05
2.494164374253443,7.538241015828511e-05
2.327200062568848,7.623774882761416e-05
2.242211915014164,7.660389060031112e-05
2.427003315113931,7.579254427647318e-05
2.635588130924225,7.444384913077244e-05
2.4097671403545697,7.664898968716306e-05
2.525501774055262,7.582277291265693e-05
2.5762872824239835,7.538461091532054e-05
2.530305624096977,7.553310799031347e-05
2.413515778799641,7.617477437773356e-05
2.3362900777773343,7.66653007162508e-05
2.443515177318831,7.612503094521985e-05
2.6065406985985464,7.512129208113348e-05
2.7131500594962086,7.445837720172977e-05
2.6071342605926096,7.488138507911678e-05
2.390438826121782,7.612087629786536e-05
2.1962213280948504,7.682065843591201e-05
2.3295445581200402,7.627686748906421e-05
2.4921553200265087,7.545503445612574e-05
2.5521688150238835,7.554103851271018e-05
2.460085546472361,7.632439966264868e-05
2.569483198522281,7.547400034230228e-05
2.580627517299571,7.536554581582882e-05
2.5260461269324708,7.56983649453832e-05
2.42067681699926,7.638882918087186e-05
2.322159722605643,7.710307390993431e-05
2.355866681679092,7.697548345197343e-05
2.4886978603244727,7.605828088523283e-05
2.6054846546215495,7.525148992635803e-05
2.663402411652235,7.479450400592176e-05
2.5688576798071936,7.524230515197446e-05
2.359059912344607,7.640316100681969e-05
2.1733463366735775,7.697568219311236e-05
2.331582467138157,7.630364071460957e-05
2.4908486070141427,7.548912927800458e-05
2.5688429929890453,7.545399268122922e-05
2.4959970832118823,7.594709623151697e-05
2.3811675238838177,7.673613225370978e-05
2.2552396065429283,7.773180769524327e-05
2.2186225598139226,7.810020926763023e-05
2.3308592909499892,7.717092138348116e-05
2.46315294287367,7.625231654227219e-05
2.5849836024159414,7.53820171964868e-05
2.6204832843599273,7.509119816889474e-05
2.5396784162590524,7.546629333276602e-05
2.3408891622523664,7.656367857651425e-05
2.170061757436925,7.708611107709137e-05
2.440007569485776,7.636112103482781e-05
2.3114910033616947,7.733430429818328e-05
2.162820794807984,7.845073428574035e-05
2.0615559173782256,7.924551866605133e-05
2.147759755641772,7.855288123724755e-05
2.2976459000029577,7.735381303650535e-05
2.4553995108772693,7.628702228472651e-05
2.5574786616015226,7.555413228540091e-05
2.5968028352364576,7.524604029134385e-05
2.528907917428997,7.555981940493556e-05
2.214947172431409,7.807098253701112e-05
2.0521119177030616,7.921473910573972e-05
1.9040440819610638,8.019936833067497e-05
1.948033058330132,7.991498239464342e-05
2.116148821013909,7.867482322973433e-05
2.275393015014792,7.747548924111947e-05
2.4412457806190857,7.63545111325086e-05
2.5474796950059946,7.56164725184082e-05
1.9257933625121004,8.001253182717608e-05
1.7585997881319815,8.103642358223555e-05
1.7395645497691508,8.120819579030216e-05
1.9221461407798661,7.993434392547782e-05
2.1044912370944435,7.865579235290071e-05
2.2909994574808374,7.736548398892611e-05
1.6291889431150626,8.169968199862586e-05
1.5380335741423312,8.231058262871653e-05
1.7179238861005766,8.120156020087053e-05
1.9181043500704658,7.995815075424239e-05
1.420594967301174,8.281342115797551e-05
1.5103770138939112,8.24124260068213e-05
2.5715492158948967,7.541078549185905e-05
2.5282098447500028,7.555946716998195e-05
2.4097069256734,7.619500670977446e-05
2.290848519707457,7.69077584790071e-05
2.3577012050038824,7.666172123949635e-05
2.523316976165517,7.569686718583836e-05
2.6332168607369564,7.503317597053861e-05
2.5269618646862857,7.568278261112105e-05
2.4203014039110444,7.637147112668819e-05
2.2955246367664954,7.719938100201076e-05
2.2662099641927718,7.757600143479109e-05
2.3915620112030718,7.66910827058187e-05
2.512990393894283,7.587480971959091e-05
2.5837673498901297,7.538389074652799e-05
2.5671329065480606,7.547160435592586e-05
2.461086385965796,7.612009500280999e-05
2.2987912251283804,7.702699564815785e-05
2.273355424306561,7.70070168407023e-05
2.40874659429608,7.621350140980476e-05
2.3835569329599506,7.671207734175937e-05
2.2462595960480085,7.774593462208142e-05
2.1489915416900294,7.85746552722127e-05
2.232816471920588,7.784864079263322e-05
2.3683256934975963,7.686043586321796e-05
2.4722960076077873,7.615124398544874e-05
2.5389777429882883,7.568796266855922e-05
2.524334561942065,7.575570362055315e-05
2.4281282111108586,7.634520709672146e-05
2.277838895447833,7.715555606733218e-05
2.1627495809286974,7.841310922122811e-05
2.0231402558626894,7.946388046655006e-05
2.0575209639651804,7.919517946994634e-05
2.207273349737543,7.791589158786365e-05
2.3417779375672723,7.701034803981623e-05
2.4565952785703553,7.622933913108615e-05
2.5146846842071655,7.583110008115906e-05
2.509584538590995,7.58498899729205e-05
1.8927055129841799,8.025990469006323e-05
1.874546771132395,8.038340485872183e-05
2.0346084326674805,7.920639400673991e-05
2.1933556589923606,7.797278750641753e-05
2.337850526740824,7.70272126354241e-05
2.447393396535469,7.629394670165328e-05
1.6953932343564304,8.14513441381765e-05
1.8541707940219145,8.034593473041556e-05
2.0296608163741205,7.913977787045172e-05
2.188974290521731,7.798357837641854e-05
1.6734972622858955,8.145934199559355e-05
1.8533343202044075,8.034391403897332e-05
2.28914716768975,7.722985514721568e-05
2.2182465467115713,7.795710291254855e-05
2.327784587745243,7.709087170956774e-05
2.44626402828464,7.631516420577095e-05
2.5105379069395544,7.587222725989159e-05
2.127616665184869,7.87230408248466e-05
2.1796425937575115,7.823196041754092e-05
2.3090640894232224,7.72376903520231e-05
2.4094966804020266,7.654697621899291e-05
2.4667780038716276,7.616038619508386e-05
2.4685278504004953,7.61479980543212e-05
2.4118929299576135,7.653272090570487e-05
2.3057125059555283,7.722911755305514e-05
2.0253297854288923,7.939445093265198e-05
2.161024406599108,7.823789705111106e-05
2.2887821601517135,7.734793314563141e-05
2.3836500338270112,7.670199690009537e-05
2.4444075368030553,7.629421255552688e-05
2.4542419212719317,7.622507765190641e-05
2.006853508775497,7.943608082582214e-05
2.152578631501665,7.820892156089722e-05
2.2781481637416996,7.740675978754214e-05
2.3786373263450256,7.672573596453567e-05
2.004573727215715,7.928935451730784e-05
2.150222525597374,7.822425049886068e-05
2.2891302097305632,7.733817428705981e-05
2.377907814198573,7.674190099449736e-05
2.42407366254122,7.642627150209e-05
2.2712431580990318,7.743761349309306e-05
2.3548066238144307,7.687775137988443e-05
2.4027310196866845,7.656141314557389e-05
2.4110407379979266,7.650579442717286e-05
2.261990519961244,7.750230467395599e-05
2.3472125138738127,7.692305439619195e-05
2.389893715667044,7.663545636784128e-05
3.7046154381922167,6.569835819622334e-05
3.6954867021776256,6.577661797856375e-05
3.6663330148288398,6.601591389584902e-05
3.6126810304420665,6.648280031843279e-05
3.529459437502176,6.717051218742513e-05
3.4134629986947465,6.813452783728902e-05
3.26518392296298,6.930449220560391e-05
3.0893718537665267,7.068302622638113e-05
2.8942176700121696,7.213776091749556e-05
2.689572282818077,7.35952616228611e-05
2.484976345064803,7.49926964221045e-05
2.2884705268153924,7.628919183349309e-05
2.1097547552596985,7.770343726258127e-05
3.7277996342453785,6.551582200681438e-05
3.70102236733782,6.574597804211714e-05
3.622856081291983,6.639976111457355e-05
3.515328886569905,6.728892432429652e-05
3.379193858207363,6.838830082499047e-05
3.2152561180896244,6.970748385883255e-05
3.028159395244808,7.114497248527973e-05
2.82874332222715,7.263481933179793e-05
2.7834537284800365,7.391127251426871e-05
2.771879597454981,7.305222115951884e-05
2.5670975104887166,7.446573591912552e-05
2.3668103776928686,7.583999762431771e-05
2.2669197602248743,7.646948854335135e-05
2.464069541655727,7.520298703923945e-05
2.664545922411307,7.38746420135256e-05
2.8184461406485535,7.3390040525456e-05
2.709523496075588,7.458721399297866e-05
2.837943959670382,7.25236376625342e-05
3.032917443677001,7.109310021054447e-05
3.208811695711419,6.973960296513116e-05
3.3588513832124027,6.856026561991156e-05
3.480300737750466,6.757564422199795e-05
3.574405441191946,6.679499330981492e-05
3.6448758790913423,6.620172575686583e-05
3.7935264336011305,6.495762567445849e-05
3.7716148914025127,6.514934201541577e-05
3.6598975465077324,6.609734601420114e-05
3.5021162745043117,6.742718926366351e-05
3.317126793345471,6.89212324003625e-05
3.116045827524469,7.050071745700015e-05
2.9189335541390546,7.198542603168745e-05
2.841782210306161,7.308191300081006e-05
2.935923845652186,7.261267031008283e-05
2.876284624193634,7.233209139568622e-05
2.6671556051117777,7.383757017155562e-05
2.489523864929823,7.522656118391822e-05
2.6834497210728356,7.403124612277625e-05
2.833317145629615,7.321558786219953e-05
2.8571286492994243,7.336044753922037e-05
2.767412000427733,7.412027049368667e-05
2.623422705863045,7.522470601577477e-05
2.8024617863616856,7.27706769074315e-05
2.9967991901311937,7.135637556435415e-05
3.1745757772268566,7.000120291404724e-05
3.330525831553655,6.877262867224967e-05
3.463275405093514,6.771912166334756e-05
3.8922294114189824,6.411675754181326e-05
3.871990321883506,6.430427011490782e-05
3.7368943715810268,6.547774875578509e-05
3.5495666512518067,6.708051051151184e-05
3.348845431306423,6.872619290498035e-05
3.168998399147627,7.016085694896843e-05
3.074254691792732,7.10262167362858e-05
3.0986696982743505,7.101895656373656e-05
3.171114445285055,7.050428353548117e-05
2.991845583245776,7.152407633849214e-05
2.7711767533107925,7.317517229719877e-05
2.7770439159357556,7.383853603877471e-05
2.857854933783631,7.331781164135012e-05
2.8639514530055346,7.333099556789359e-05
2.8068966865974243,7.379072404944405e-05
2.7029566692222002,7.459570234968651e-05
2.5829136777894726,7.43021765833408e-05
2.783245572913065,7.289490926679861e-05
2.9791595273516553,7.147800416676674e-05
3.1630536644034013,7.008998359147675e-05
4.012772967429426,6.307226983352779e-05
3.9901487325787417,6.328521719672218e-05
3.8480740035428243,6.456080065279891e-05
3.6734378713335474,6.608438512098397e-05
3.521477433542705,6.73892513989201e-05
3.4340884225306336,6.813464402154028e-05
3.4278003794333127,6.824612315732831e-05
3.479858396825581,6.783361618826098e-05
3.324934193191525,6.89630701814597e-05
3.104537454547251,7.071752244864258e-05
2.865231978663564,7.254133111229722e-05
2.8118952149655296,7.371861475231263e-05
2.8411962670592232,7.349424495081942e-05
2.821220118996778,7.366298066741064e-05
2.7589423950606604,7.415140086386507e-05
2.6607017862257316,7.489773489439948e-05
2.5759502352263497,7.436237341224247e-05
2.7771883697367534,7.295826525408458e-05
4.145663891248894,6.190306964677386e-05
4.126196418300064,6.210124082533302e-05
4.010301163839255,6.317410750878336e-05
3.8943154775397804,6.421242620005825e-05
3.8237851528183966,6.484842580440156e-05
3.8139004276410207,6.49524569452414e-05
3.82827795998863,6.476245578845277e-05
3.6500650480249317,6.63126040207815e-05
3.440440133971389,6.806720716719736e-05
3.2016834402469776,7.000628449081608e-05
2.9394241753296932,7.202731599954999e-05
2.786485583991003,7.391601581023366e-05
2.80655633852627,7.376447134642071e-05
2.7870572956029296,7.391746515197101e-05
2.7324381680072727,7.434556275939036e-05
2.646126128255665,7.500595411401706e-05
4.2834623529639515,6.068167226756347e-05
4.281380829125229,6.072235618357077e-05
4.218927936075646,6.131549852942975e-05
4.173606974480799,6.175268026794011e-05
4.171621454495299,6.178020669815472e-05
4.104281196439163,6.233777171059569e-05
3.9519018437395093,6.369362747453495e-05
3.76197688185172,6.536905576749528e-05
3.5350680067671525,6.731479883660911e-05
3.2746687968106296,6.944609122078459e-05
2.989128784493956,7.168408527012631e-05
2.760728441381335,7.40924123042079e-05
2.784964990608363,7.391761697849807e-05
2.7745999071648453,7.400581266177897e-05
4.419379701927728,5.945347860496301e-05
4.441513944863566,5.927721335851732e-05
4.435134427462702,5.934427989226371e-05
4.422036860547723,5.9454867477625896e-05
4.34005404692429,6.020510599730822e-05
4.2177386348478985,6.133341471594463e-05
4.054030160608782,6.281158531238748e-05
3.8480617311051626,6.463559701970535e-05
3.601225753145413,6.677033168463798e-05
3.319264471822764,6.910627728392573e-05
3.0136568960274324,7.149991194193641e-05
2.7507679043383653,7.416167947554862e-05
4.546246335813116,5.829516259032337e-05
4.5837073955292835,5.7961560248169515e-05
4.577487091958841,5.80273564152673e-05
4.529114413907677,5.848149847055422e-05
4.4387651846160745,5.931598905055326e-05
4.305097341167255,6.054753675682671e-05
4.1262691759823,6.217733727190455e-05
3.9018555623349656,6.417223787949354e-05
3.635016572549927,6.648653977983869e-05
3.3341837675966586,6.898659806511839e-05
4.656828888456607,5.729152788043637e-05
4.684630338113105,5.703685131319712e-05
4.668989209418762,5.718861606815114e-05
4.610581805839456,5.7734885139440394e-05
4.508303068450369,5.868628413021679e-05
4.359878353213278,6.0064954508588854e-05
4.163524903540186,6.18560907997389e-05
3.920100941771572,6.401806618154285e-05
4.744860664213399,5.64799093985778e-05
4.760420399478296,5.634157844989148e-05
4.732724031872974,5.660656138260239e-05
4.661341457896124,5.726909276376895e-05
4.544125508661197,5.836056223956997e-05
4.37850876506286,5.9896463306119154e-05
4.805788493217991,5.591535471376156e-05
4.807259323624574,5.590434671622874e-05
4.765356300376294,5.6303596475118815e-05
4.678557658710128,5.711306138786276e-05
4.8368689262233415,5.562883735469534e-05
4.823084239672552,5.5755114948158784e-05
3.643493019988003,6.621679710259245e-05
3.5375455272028797,6.710815090774766e-05
3.4027749850970466,6.820872776665284e-05
3.2415823319307138,6.949627710861474e-05
3.057625775901836,7.091949703659437e-05
2.85907936050732,7.237106243663498e-05
2.714812663651471,7.407652445586228e-05
2.825639256526953,7.359115935552962e-05
2.8612375206342393,7.295178624792755e-05
2.7087302662476684,7.369026503220784e-05
2.5186029372581884,7.496162593503386e-05
3.7096971059194943,6.568821979765622e-05
3.5741899374412522,6.68277184150683e-05
3.402199124315754,6.825261966003046e-05
3.208990667036475,6.978659691046497e-05
3.0116833413105546,7.129229697026746e-05
2.8672553966241128,7.254960886011601e-05
2.891748247379947,7.279365604851885e-05
2.9528160038189553,7.237899980360727e-05
2.9211073639715286,7.24367201598381e-05
2.7700229133959144,7.34305126311385e-05
2.698180421422265,7.419789983624119e-05
2.827526873940758,7.334760488415753e-05
2.886164698863573,7.304732042669713e-05
2.8519430024647257,7.337948625099938e-05
2.7577666554256126,7.410241294538201e-05
2.6733473865248687,7.401572608529271e-05
2.8482802758579355,7.2452082310666e-05
3.04577832650146,7.09949472793707e-05
3.2306170019855225,6.958346906457256e-05
3.3961596812395425,6.82771706469484e-05
3.8058254246736523,6.488791111181794e-05
3.653895614660058,6.619618795369593e-05
3.471716563106059,6.772509103799822e-05
3.2932873484338523,6.918876602163473e-05
3.163776024126711,7.02502939047493e-05
3.1271370187902066,7.066455920691217e-05
3.145999839828538,7.058912923037384e-05
3.132845526218599,7.06546496624223e-05
3.0185965418412417,7.146458947224958e-05
2.826951993553915,7.287540065966316e-05
2.8195887458159987,7.354336883378191e-05
2.8698130611229833,7.320632563350501e-05
2.860535208067561,7.330405866387876e-05
2.802500706111469,7.375913669165941e-05
2.70826528394058,7.443929101147387e-05
2.6560531950141018,7.396866316755191e-05
2.84021111069388,7.249966472090518e-05
3.0399506152037903,7.104499558306383e-05
3.925570570362779,6.388088414045e-05
3.7839116638551276,6.512320811635537e-05
3.6382639047552474,6.638146499056049e-05
3.529430616133532,6.733008858773886e-05
3.4788045141727113,6.777485238467543e-05
3.4690542383166107,6.786903060049788e-05
3.4418879298830594,6.807165066664144e-05
3.3334087960238103,6.895158431875392e-05
3.1492805706986657,7.03997032444091e-05
2.931475590725172,7.205784949643639e-05
2.8390064987606056,7.330571002514357e-05
2.8483107651703836,7.335232526090241e-05
2.8254699697801837,7.355744502807251e-05
2.768184939591958,7.400178466910154e-05
2.6826946390932256,7.461444679341113e-05
2.6513915435478412,7.396562141916938e-05
4.076924567341563,6.255449681888654e-05
3.9752264224102256,6.347952305204064e-05
3.890408559503804,6.423882434219359e-05
3.84202989722678,6.467750817311048e-05
3.8187367548404234,6.489352424341424e-05
3.7751420418710304,6.525404764049265e-05
3.662534425604879,6.6220953508132e-05
3.4820484436453487,6.773847319182595e-05
3.2555781168233726,6.959293855880584e-05
3.0085931268650548,7.152335989340795e-05
2.845707447076087,7.3118392422189e-05
2.8278558328841843,7.346877067994191e-05
2.805128545207848,7.369878527656065e-05
2.75616588933194,7.408521316279653e-05
4.254174010984014,6.098253689370874e-05
4.19845093059039,6.149700126893632e-05
4.159596553699573,6.185815524770319e-05
4.132036817429797,6.211036709651683e-05
4.0805999419916805,6.256542308570607e-05
3.971021617250363,6.354801649135973e-05
3.801272181596879,6.503276929136265e-05
3.581970177496267,6.69194923832413e-05
3.325418493725606,6.905590852291065e-05
3.0518173876058077,7.122651747323302e-05
2.850471708917258,7.303506229485296e-05
2.820286369678054,7.352558619766419e-05
4.430131016220944,5.93837802710988e-05
4.4068607173435685,5.960804601982381e-05
4.384408570366651,5.981476266474127e-05
4.337462775267635,6.0249626948028105e-05
4.2408150989200815,6.113219039166823e-05
4.089580162571125,6.250519447699753e-05
3.887535858935929,6.429926754202235e-05
3.6409168823748876,6.64302438005641e-05
3.359718225384601,6.877561830964752e-05
3.0657307350125933,7.111397209738717e-05
4.5810157432584715,5.799930012101647e-05
4.5711900136354,5.8102281943940404e-05
4.538657455703927,5.840555936931244e-05
4.462179526674695,5.911666161194644e-05
4.334909718304367,6.029537936974446e-05
4.156746007499776,6.190200529494763e-05
3.930010036753835,6.393090448956436e-05
3.660345804813401,6.626751315029295e-05
4.696284794637939,5.693520046336482e-05
4.683534561104566,5.70667063362133e-05
4.631186607969369,5.754654377015147e-05
4.5306499567141225,5.848935520350703e-05
4.3799420428606215,5.987575440153149e-05
4.178852391954375,6.171456629452081e-05
4.773155381193472,5.6227806256228246e-05
4.747778096869579,5.6471952300697624e-05
4.674911409414595,5.71504339119978e-05
4.55275640005605,5.828181036172935e-05
4.811470997911781,5.587753026102215e-05
4.768626866020207,5.627703348600389e-05
3.4085534220243345,6.81969164872214e-05
3.2195708897658664,6.969514440584133e-05
3.025060626221117,7.11842938741856e-05
2.865686133659875,7.248297200801303e-05
2.851779596493104,7.302200202298422e-05
2.9123993126687155,7.268164616141955e-05
2.947717168047966,7.241923666828442e-05
2.9211079464786205,7.256780238458287e-05
2.8154358967873083,7.329013085447249e-05
3.4858175462330023,6.760080142638064e-05
3.3123431321082872,6.901802523826957e-05
3.1745756737761437,7.014784347619182e-05
3.1154495933189112,7.070660207185174e-05
3.122536950737626,7.075551105041814e-05
3.1402808043006596,7.063617036532225e-05
3.124607793688117,7.071654991654723e-05
3.0492327718088736,7.123158460702435e-05
2.9391658811809998,7.195405446271762e-05
2.9291620508104113,7.234531198237368e-05
2.946394241921547,7.235792807105497e-05
2.9290960540301594,7.254873500018007e-05
2.8816211483228344,7.289519680597398e-05
2.827928786326999,7.313331389147384e-05
2.861547446238021,7.249038214989801e-05
3.025515419428749,7.116929096753614e-05
3.648862762936926,6.628458725339499e-05
3.5349396658125927,6.726234426730103e-05
3.4698589957370585,6.78314869466517e-05
3.4513418353618817,6.800826125150127e-05
3.4518732075619316,6.802389437829887e-05
3.433578057191522,6.816479201244568e-05
3.362156670098701,6.872574249821979e-05
3.230931064026275,6.977242006602703e-05
3.0806032455994163,7.097000328879466e-05
2.9865305975550247,7.184910961627656e-05
2.949040552540621,7.229922409337681e-05
2.913560365485615,7.263753221365485e-05
2.8655895775389997,7.299690120290723e-05
2.8201083262263156,7.318396482043945e-05
3.888435770322203,6.425050760335325e-05
3.82882605778165,6.47818293335779e-05
3.802044097394819,6.502275035388283e-05
3.791367138699467,6.512894257808662e-05
3.76490024302953,6.53586624669894e-05
3.6883323246123747,6.601864589686868e-05
3.548355915036323,6.720437589764536e-05
3.3606642169015486,6.875642258878644e-05
3.161287841901346,7.036359521796041e-05
3.015500819043161,7.16134151035897e-05
2.94843753037674,7.22709962211766e-05
2.907925032725408,7.266531949914227e-05
4.148198365281007,6.196938310231685e-05
4.120033563297881,6.222124950429884e-05
4.104064892139106,6.236701458661621e-05
4.073088611720063,6.265107609053594e-05
3.995690981978932,6.335271139691489e-05
3.8569651673823127,6.458190364259312e-05
3.663511670378001,6.62538171584012e-05
3.4326482962956715,6.817212721880266e-05
3.1980541059387972,7.007490796628098e-05
3.0244897422148944,7.153555668597683e-05
4.3803447764863686,5.9861572217093135e-05
4.364254888148286,6.0020873344420814e-05
4.335171182819527,6.0291555599054844e-05
4.264105206221673,6.0942856735015125e-05
4.135321882089026,6.210812253203136e-05
3.94971677846946,6.37648364202514e-05
3.7176906326968453,6.579655676788483e-05
3.455643806206051,6.800172059114108e-05
4.560090025875958,5.8214169868510787e-05
4.539421303937803,5.841452348552408e-05
4.4814626600022365,5.8956316638144404e-05
4.3691298899988595,5.998981170483826e-05
4.200157315087398,6.153880528109945e-05
3.9797383233989816,6.35063627074958e-05
4.679097602995413,5.710988459683966e-05
4.641118511446526,5.7476635087891175e-05
4.550090925590278,5.8329770694384684e-05
4.402256005149749,5.968913126877343e-05
4.737585021722357,5.6575744862457365e-05
4.673828294773329,5.717028274602983e-05
3.1742881842446895,7.014046544934395e-05
3.106774504596362,7.076294541594345e-05
3.1080589486490906,7.085048008644328e-05
3.136244195676207,7.066306093361407e-05
3.1623557174568124,7.042226399815961e-05
3.1729670836254678,7.028868260980225e-05
3.1689739258920278,7.025196558107974e-05
3.464991929351947,6.788396872705495e-05
3.4420650311375343,6.808479211155073e-05
3.4520608782961775,6.801689395744936e-05
3.4732246771496116,6.784514598136659e-05
3.4824688625683717,6.7762959430148e-05
3.4583579438872225,6.795505642021043e-05
3.3949814253648447,6.847319173454355e-05
3.3123836609145454,6.914326891602665e-05
3.2364066322799587,6.98032543209783e-05
3.1777989656273102,7.032203075465443e-05
3.1329644674822195,7.068390969825129e-05
3.1031518388802977,7.088635746561067e-05
3.796210837955834,6.506499283329877e-05
3.793361292840629,6.510810914088443e-05
3.804274766922262,6.503011568244722e-05
3.8039090543278276,6.504023171247081e-05
3.764430581567115,6.538693072755963e-05
3.6708116651668847,6.619959415046816e-05
3.5353917852171812,6.732525594558479e-05
3.387203513746647,6.85496199117735e-05
3.2638911598813762,6.956861488606571e-05
3.182134944699719,7.027502940041137e-05
4.107291686990569,6.234791677172119e-05
4.10933366560058,6.233366771137258e-05
4.101581369970474,6.242057767037572e-05
4.054565019893636,6.284795747731455e-05
3.9497633456142593,6.378572516578728e-05
3.791611489283596,6.51647610710932e-05
3.600012696450859,6.680053170346264e-05
3.4104057977590916,6.837578102088467e-05
4.360992431448723,6.005404564135077e-05
4.351349087024238,6.015477453561132e-05
4.305019870907156,6.05916385852601e-05
4.2009660211419835,6.154692922344638e-05
4.038288460314351,6.301085644052343e-05
3.829793035469393,6.483845075458588e-05
4.535748302287886,5.846483447318679e-05
4.498897039961527,5.881989539491382e-05
4.404561958148372,5.9686618652415575e-05
4.248223320661817,6.112505583262269e-05
4.623321001977527,5.765948626766431e-05
4.547285623957704,5.836957925873617e-05
3.4516177750191153,6.802706501356561e-05
3.488365828547978,6.772944662758187e-05
3.5409448746605454,6.728759741874453e-05
3.594378988662621,6.683144776169588e-05
3.6285459819159787,6.654356503106384e-05
3.814833131311769,6.495002915502397e-05
3.8530507276837263,6.461373096544654e-05
3.8867799143365276,6.433181246035978e-05
3.890264000660543,6.432028299133099e-05
3.846910822824336,6.469974976902934e-05
3.7613003157801854,6.542271876099277e-05
3.65572817401285,6.633590179203075e-05
3.558483585459681,6.714479643093182e-05
4.133724268854775,6.213049132687228e-05
4.153758637386953,6.197502087053799e-05
4.140273262396789,6.210373858119888e-05
4.072606757397457,6.271875194810081e-05
3.9533602521027844,6.377765359750867e-05
3.803329994532178,6.506655853004344e-05
4.365656646901118,6.004290684264605e-05
4.346940289790716,6.0234980901222816e-05
4.2702290061923724,6.093633921955815e-05
4.133214244107242,6.218107245464829e-05
4.4861035576639186,5.895424773555945e-05
4.412312990088231,5.963899711405997e-05
3.925276899253335,6.400273180529029e-05
3.999075437308572,6.336895502269445e-05
4.046160752405351,6.295666224582747e-05
4.206474959412585,6.151583914002996e-05
4.228997432184205,6.133066632363097e-05
4.197913082375705,6.161673450652192e-05
4.1137393545380645,6.236322576051925e-05
4.358028149943495,6.01519681844501e-05
4.309485478497614,6.060010976882924e-05
4.286678829800454,6.0816032249967875e-05
3.7046154381922167,6.570393581011182e-05
3.6954867021776256,6.577740727995849e-05
3.6663330148288398,6.602370442036347e-05
3.6126810304420665,6.64774135512224e-05
3.529459437502176,6.717717526415258e-05
3.4134629986947465,6.813398291892615e-05
3.26518392296298,6.932311974413385e-05
3.0893718537665267,7.068861382188164e-05
2.8942176700121696,7.213213304967888e-05
2.811730249275465,7.38159323675493e-05
2.9421412812505534,7.27782142604467e-05
3.033045856251285,7.203678041845763e-05
3.0800158269861564,7.16466103406339e-05
3.7277996342453785,6.550464228030773e-05
3.7400120689020997,6.540926175364344e-05
3.7274242084247677,6.552622855323372e-05
3.684264946562773,6.588756927054261e-05
3.606049989343789,6.655532269499142e-05
3.4915222180272663,6.751536078889113e-05
3.3434998417116644,6.871922586184056e-05
3.168428821803488,7.008875461561766e-05
2.974915726047636,7.15623226329681e-05
2.914650284000699,7.295969632465292e-05
3.014418356937161,7.215924636077488e-05
3.0737107670423196,7.167351476183792e-05
3.0887593411933887,7.155003678216545e-05
3.0603387549350223,7.177926311579931e-05
2.990972484692765,7.230993001910974e-05
2.930390311576679,7.226177017721759e-05
3.0927177506281036,7.069283354265896e-05
3.2794655183024433,6.924109212812534e-05
3.4474835805413053,6.789130847831425e-05
3.586149161358162,6.672937633154388e-05
3.6885025026268248,6.587123309469867e-05
3.750991153017473,6.532794174316554e-05
3.7726490881804713,6.512420236952168e-05
3.7509500401125733,6.530885653095519e-05
3.7935264336011305,6.49567025021055e-05
3.822181386654046,6.471455721420264e-05
3.819965338691225,6.474082596909324e-05
3.781671900214237,6.507768867565565e-05
3.704795027038452,6.573067087821117e-05
3.590509869925629,6.673026271170029e-05
3.4434623335519587,6.794236865416543e-05
3.27054908702419,6.93318770915521e-05
3.079253037132653,7.081233372633582e-05
3.0313779936167027,7.188912864381632e-05
3.0976190210020347,7.134833936114497e-05
3.128341853540401,7.107865989390574e-05
3.134029046938814,7.095921737192464e-05
3.142306999514965,7.068862784845474e-05
3.2347049858256063,6.969116477441325e-05
3.3977488290223703,6.835489375690048e-05
3.568500133901772,6.692928636283131e-05
3.7221078746916483,6.561450844977976e-05
3.843272720670341,6.457669877438367e-05
3.9178456191434443,6.391485863498623e-05
3.933110538974856,6.376335130696807e-05
3.8820381808775513,6.419810443202315e-05
3.8922294114189824,6.411939755094357e-05
3.931519381065097,6.377237353636675e-05
3.9344726124426272,6.375583903929831e-05
3.8977232936319672,6.40940810612007e-05
3.821128269536453,6.476161610503653e-05
3.7077091333563224,6.574514106740556e-05
3.562624228895785,6.697406682413494e-05
3.3916661085340327,6.83848838713978e-05
3.2000079095272373,6.992295793123333e-05
3.2455321167590623,6.989313614409643e-05
3.3116848688552083,6.930420709701934e-05
3.382171023305235,6.866440431795676e-05
3.4841066114961716,6.774522339005825e-05
3.6170544475317397,6.657875671020387e-05
3.767550661437686,6.528746663097796e-05
3.915988717042106,6.398975390169553e-05
4.043615552921623,6.284075073796343e-05
4.129038290555463,6.207434510352806e-05
4.14680503855706,6.190299793556592e-05
4.0786760213353555,6.24944649066224e-05
4.012772967429426,6.308180460299491e-05
4.057882114485162,6.26849553275885e-05
4.062840554906201,6.263989350582591e-05
4.026456254774423,6.29767453725953e-05
3.950394071879084,6.365435844929618e-05
3.8382990809522366,6.464092044540997e-05
3.694417865326303,6.589013407284809e-05
3.5223992287336534,6.735308670812018e-05
3.561693123140665,6.715509250868403e-05
3.6584325013833303,6.631984601317572e-05
3.764394953141554,6.538209402550157e-05
3.890025290527597,6.428214894848513e-05
4.023536476174382,6.309012809443909e-05
4.157506260423487,6.188449747775737e-05
4.279269365058614,6.077808126743801e-05
4.368570851895052,5.994553505669926e-05
4.393229965453736,5.9704886595803646e-05
4.319055433394742,6.03496247593079e-05
4.145663891248894,6.190969296827489e-05
4.193204979947754,6.148687930185106e-05
4.19842928392658,6.144624648736899e-05
4.161909729149515,6.178046163719067e-05
4.086109699910239,6.247292847949845e-05
3.9740852782851577,6.347116773234988e-05
3.85810675873277,6.458750033541399e-05
3.9406640468979424,6.386185139991576e-05
4.046827216912647,6.2923442496403e-05
4.1658425894412145,6.18564745707684e-05
4.290832426857377,6.07163151338857e-05
4.4163529202763465,5.9564385092912515e-05
4.532029104324189,5.849452504557991e-05
4.622131046622962,5.764674894826288e-05
4.654932059154696,5.731765051440144e-05
4.583054592882302,5.797157453953615e-05
4.2834623529639515,6.0681226009572396e-05
4.330690500072858,6.025555804140601e-05
4.334565558472327,6.022968289058075e-05
4.296696930003241,6.0583394885577185e-05
4.21937173485981,6.128513857877955e-05
4.2155895545104825,6.139376486802009e-05
4.297433027981239,6.0660558567745895e-05
4.405114349941757,5.968198693398824e-05
4.526419935045076,5.857455024153601e-05
4.652516265372097,5.740226714116729e-05
4.769893602493967,5.6306815429449386e-05
4.866832907993046,5.539700848764543e-05
4.913691473450851,5.494483382154557e-05
4.852185197397142,5.549744019173158e-05
4.419379701927728,5.9456654788008314e-05
4.463354234985711,5.9062517644291016e-05
4.46360823195094,5.90616555645176e-05
4.4501736990073475,5.922930341739294e-05
4.500709001481585,5.878630239008431e-05
4.585095802773938,5.8009769072382e-05
4.694699221475133,5.7005049839612953e-05
4.818193249116394,5.586952627005818e-05
4.951299353602021,5.463146307826574e-05
5.067568130390322,5.354963402286606e-05
5.146779337074183,5.279023784482527e-05
5.110860498305873,5.3106381514043125e-05
4.546246335813116,5.8303872013640394e-05
4.586268472310134,5.793891418896516e-05
4.622414350379413,5.762918714391433e-05
4.682304681732527,5.708229988420028e-05
4.771524245153558,5.626726233029412e-05
4.8850727806686205,5.5230908507263416e-05
5.013115964287715,5.4046480533155385e-05
5.144908430929402,5.282895681282793e-05
5.290968802402348,5.14771166113236e-05
5.3481675658367696,5.090932775955066e-05
4.656828888456607,5.729432467256552e-05
4.7036535109397,5.685729266774479e-05
4.763591329353184,5.632000347306153e-05
4.849470663420162,5.553461236820627e-05
4.959940029842775,5.451465137909699e-05
5.08572949352402,5.335801043732482e-05
5.2126048172693,5.219113416328168e-05
5.3375440513713075,5.104351439905279e-05
4.744860664213399,5.647713474340553e-05
4.7889441531538735,5.606958996862731e-05
4.855563487064286,5.546409105657616e-05
4.947293525543562,5.461618324351806e-05
5.054979136729796,5.363726419778253e-05
5.158143644588464,5.267663487266687e-05
4.805788493217991,5.592017956815662e-05
4.840484369488088,5.5594763422052364e-05
4.9005232767552265,5.5049177153783844e-05
4.9790163142654285,5.43266149393315e-05
4.8368689262233415,5.562919717239818e-05
4.857710999725513,5.5440558986806676e-05
3.8165937685457783,6.475326450225023e-05
3.853208042795676,6.44424870281359e-05
3.836203752013751,6.460452561546286e-05
3.7705820012866376,6.518423274251251e-05
3.662117309146925,6.610821960349562e-05
3.5185183548125654,6.732200084307775e-05
3.3497150714225206,6.86960609785694e-05
3.1709904206125517,7.014016064609857e-05
3.0480963720926595,7.141861034892808e-05
3.074893754593476,7.152382855614841e-05
3.1066527908536323,7.130871309955995e-05
3.9152080270321528,6.392173112906754e-05
3.9610046900195073,6.352892230040066e-05
3.9455534602286138,6.367373623848065e-05
3.8782921064186135,6.426704870392152e-05
3.76929553914923,6.521885018791518e-05
3.628893184790531,6.642450913740108e-05
3.4692701160814208,6.775429314634618e-05
3.3130215762081496,6.909575542946332e-05
3.223631335026147,6.99705256359158e-05
3.224084920247761,7.008442231281471e-05
3.2433930790985555,6.991287540661458e-05
3.285026568676061,6.947639693093754e-05
3.373053754404294,6.863730416196973e-05
3.5133602576985155,6.743412204611236e-05
3.6717693752622917,6.608710378951964e-05
3.82189432365784,6.478935248069869e-05
3.945466275150788,6.369505338665224e-05
4.024528431638894,6.299822828154775e-05
4.040270905426349,6.282977052604851e-05
3.980450045205895,6.335799813774975e-05
4.035694304770128,6.287859237656576e-05
4.085960154742611,6.243373013277235e-05
4.070790053060096,6.25844715597383e-05
4.004709245364424,6.317689846314033e-05
3.9006696765722966,6.410790729090244e-05
3.771194343563986,6.523791890022728e-05
3.634694907677543,6.64193385928218e-05
3.5329228002610518,6.733559801498912e-05
3.5171952743058514,6.750859995332188e-05
3.5655607442296424,6.710677772933615e-05
3.6529768688778184,6.632994167904596e-05
3.7703985513414824,6.530969235723775e-05
3.904819614657077,6.412303757844643e-05
4.041839985362403,6.289975381599569e-05
4.164258278377107,6.179440831975535e-05
4.2502523631580535,6.100176834523221e-05
4.270503960680508,6.0808807354269056e-05
4.198930715898737,6.144544686173474e-05
4.168562859362344,6.170740464273732e-05
4.220901443046041,6.125195429512014e-05
4.2078007407786835,6.137637289935728e-05
4.147671089729192,6.191965772753749e-05
4.056265469502816,6.275334081338229e-05
3.953734796205011,6.368514006863113e-05
3.880654131295238,6.435229108891408e-05
3.885211859358308,6.434220492060101e-05
3.954762924404989,6.373064363115991e-05
4.055918083600079,6.282455232435531e-05
4.175228255646637,6.174734987767794e-05
4.298038840131272,6.0633849280903254e-05
4.412141564299027,5.9574326201561716e-05
4.498719318002775,5.876499463468089e-05
4.525378689294688,5.850695728055918e-05
4.451436757410374,5.9175003543225204e-05
4.306355102893774,6.047839478846787e-05
4.360238753215712,5.998641889110076e-05
4.353249535509556,6.007590580605711e-05
4.307260076998788,6.0506034281463756e-05
4.247056095816225,6.107462482666859e-05
4.213699785321846,6.140266352176719e-05
4.244808495385936,6.113460098480697e-05
4.328337249408246,6.038317637173252e-05
4.436797868772966,5.938965718990705e-05
4.552369090135838,5.833141685139063e-05
4.6625192665454325,5.7302117161615385e-05
4.751147760338808,5.646087215549122e-05
4.787088247362479,5.610962411536025e-05
4.718617444900484,5.672312360319191e-05
4.4422766821959385,5.9243102570693985e-05
4.498054028058958,5.8745630576365274e-05
4.504433317868253,5.8709636968254824e-05
4.491258696087575,5.884734305157993e-05
4.498221637312627,5.880491036033371e-05
4.5532702572546135,5.830821179376418e-05
4.647665233847502,5.744549630548914e-05
4.7610141238104005,5.639920625220609e-05
4.879395790693608,5.5299112970765264e-05
4.979690243139556,5.435713676381572e-05
5.0358966930108435,5.381140655265635e-05
4.982862939634313,5.428835762523199e-05
4.569176253196799,5.8098781514616244e-05
4.6276591917120955,5.756624659398129e-05
4.659530542024043,5.728593016114203e-05
4.701929915427146,5.69074843588492e-05
4.778210661031185,5.6214756938177665e-05
4.884092913022036,5.524784693663795e-05
5.004957401792126,5.4131016706629055e-05
5.137403960235832,5.289657422765135e-05
5.239858046583472,5.1933510154076676e-05
5.230598434276078,5.199054405131585e-05
4.679837344030058,5.707496287159576e-05
4.741669235181839,5.65136266192486e-05
4.805748518270934,5.593765231753109e-05
4.895452356761256,5.511037438241881e-05
5.009956522216619,5.406550469326098e-05
5.137460530268805,5.288219775767639e-05
5.283441217636391,5.153912903260931e-05
5.409139854774714,5.0389747101720646e-05
4.767982503359858,5.626304918269428e-05
4.831285769228128,5.568208794004734e-05
4.9157207610457005,5.4911978194468125e-05
5.02368306150895,5.3921782892756375e-05
5.141869641037565,5.283638550633537e-05
5.2456825652329835,5.188366081505764e-05
4.829021659655592,5.5704752804122906e-05
4.888099837658053,5.515625214062242e-05
4.972500685965684,5.438882830884904e-05
5.067329070116502,5.350920359559545e-05
4.860170263497718,5.5418577011906155e-05
4.907423097129848,5.4981997755130606e-05
4.1008141747081455,6.230836837501929e-05
4.164642306522393,6.174066133835614e-05
4.1478480763921075,6.191458492738393e-05
4.069664063668709,6.262049868093645e-05
3.953030300032513,6.366394396342836e-05
3.817992848720917,6.487100024792226e-05
3.6854974997378562,6.601441788376295e-05
3.581577895575633,6.693851280508216e-05
3.526759139934856,6.742466526399508e-05
4.233627523225251,6.112302852129162e-05
4.299146617422521,6.0546002598942884e-05
4.284399847198488,6.069519191615349e-05
4.214462135907707,6.134619100020943e-05
4.114774421893562,6.225539934949564e-05
4.008900275663962,6.322261549397114e-05
3.9240402446553686,6.397512868748068e-05
3.8874392248291314,6.431467977719552e-05
3.908188577844556,6.41360831032264e-05
3.9802073291430315,6.349123199551092e-05
4.0826394998550075,6.25667988445332e-05
4.197336018383043,6.152877499515121e-05
4.30542308836393,6.052746885445621e-05
4.384600382312517,5.9803488792317395e-05
4.404182472285163,5.9596347158897674e-05
4.33163228512466,6.024950388471728e-05
4.371368490217117,5.9894513465239e-05
4.438284259758335,5.930007979308229e-05
4.430997100815612,5.9376914251424657e-05
4.378248685195706,5.987928262500147e-05
4.309335042062305,6.051695470107631e-05
4.255169913491114,6.1016725541573015e-05
4.244817029273985,6.112970227751831e-05
4.286594095708753,6.075939735712553e-05
4.365027165227947,6.0033078038859696e-05
4.462263698949447,5.914468270709389e-05
4.559910293790274,5.822425599357607e-05
4.637107988317245,5.750204434494698e-05
4.661296681244435,5.725386065037302e-05
4.588307936272044,5.791968543352646e-05
4.507235670359732,5.865771425684579e-05
4.576097166376028,5.80364703969362e-05
4.583203520528751,5.7986139736009287e-05
4.5604918761917705,5.821156227771314e-05
4.5429527659137285,5.8392999304512436e-05
4.5604376998491425,5.823691472041248e-05
4.620354096007286,5.7696102049678865e-05
4.708052822538614,5.6888649949328056e-05
4.801006401248546,5.601486232937812e-05
4.88151674676103,5.525805993894833e-05
4.916615460107589,5.491046890140701e-05
4.851653877718222,5.549907834771343e-05
4.634151064545034,5.75043704956002e-05
4.705681393196403,5.685023225821428e-05
4.736123917274346,5.6586547760409625e-05
4.759888785362731,5.63755617500164e-05
4.807007007335543,5.595200765237331e-05
4.88581197580181,5.523132327928905e-05
4.989368665313499,5.4269492233913194e-05
5.08497214517802,5.33775677436778e-05
5.148153406050016,5.276964742263382e-05
5.105037681022704,5.315556685667745e-05
4.744968292743665,5.647673774552859e-05
4.819756241375874,5.5793158338979e-05
4.88130951110963,5.5234747214741816e-05
4.957266890474943,5.454101483772305e-05
5.056584529457664,5.362913349423524e-05
5.170815308101082,5.2580400983653835e-05
5.299395136723493,5.139128247430633e-05
5.336695122087955,5.101181838146743e-05
4.8333921642098066,5.566258601533876e-05
4.910519911730838,5.495741692819021e-05
4.999280239929775,5.414002431685798e-05
5.108023343402988,5.314624491134167e-05
5.2261519921238655,5.206122026381585e-05
5.345539827008004,5.096395899119828e-05
4.894727554009569,5.509733491531317e-05
4.969534574178609,5.440973501790206e-05
5.065256035602445,5.353302136321904e-05
5.165210775005462,5.2611938065136286e-05
4.926064060952157,5.480878869999745e-05
4.989967154744601,5.421828198657029e-05
4.469147818688933,5.901050155026386e-05
4.542280925152455,5.835169565566247e-05
4.528678461462208,5.8493465788086186e-05
4.464358768465376,5.910477525260508e-05
4.381382543109701,5.987357639288756e-05
4.305591649364159,6.057383489876282e-05
4.260126187813378,6.099156633430972e-05
4.604698453973683,5.777927610271829e-05
4.678971783055152,5.709390180725323e-05
4.6777027833981,5.712118149242572e-05
4.638375811819266,5.750794139631342e-05
4.595985502290172,5.7909090495060126e-05
4.578576739910521,5.80801967180623e-05
4.600026159816378,5.787956120104063e-05
4.651612844619328,5.739956524142688e-05
4.719642491860763,5.676537289776996e-05
4.779165181661533,5.619868118773333e-05
4.795428583901673,5.6031409443932974e-05
4.72298774573637,5.6682891005977635e-05
4.731378173110804,5.659675303149607e-05
4.807674183265435,5.5911035208327004e-05
4.826788214465942,5.574741371532967e-05
4.82633993865323,5.576723230536585e-05
4.8399577194151995,5.5647397668819624e-05
4.8835664014139475,5.5249718745902556e-05
4.94707465884892,5.4655995466272155e-05
5.009488216754319,5.4071165097031076e-05
5.038153561033469,5.378646478023909e-05
4.976011405277877,5.434344649336389e-05
4.842206163366686,5.558592901066403e-05
4.921632280153303,5.485084174052542e-05
4.970370821996097,5.4416931050794664e-05
5.020694545480537,5.3962004231663024e-05
5.090700357579917,5.3320250213428465e-05
5.179087835085222,5.249511888494232e-05
5.244700770220037,5.1879079578439964e-05
5.212876002968384,5.215378515926739e-05
4.930895802897649,5.476088345145673e-05
5.013703440196756,5.400326197532518e-05
5.094840545832883,5.3257943113133984e-05
5.1905641287921105,5.2379409379580786e-05
5.309979690058885,5.12824113703041e-05
5.423312532428872,5.0218347072881434e-05
4.992595714812872,5.4189803014873874e-05
5.075134563286337,5.343567517117231e-05
5.171519672174976,5.2547289416173885e-05
5.268251694276171,5.165793398836566e-05
5.024184741762817,5.3896871625815415e-05
5.09684313518603,5.322652191201502e-05
4.848878342834654,5.552316309740622e-05
4.9217901252512135,5.486227829601651e-05
4.920713839948554,5.488379119854412e-05
4.890895386275715,5.517311761771214e-05
4.868275039580291,5.539432539049328e-05
4.95928849566069,5.4505235106725674e-05
5.034513867330043,5.381256712018625e-05
5.058994730535563,5.3592394628371184e-05
5.07305915258898,5.3476552012838733e-05
5.102220157882049,5.3206449143174514e-05
5.133817713945395,5.2912260664638695e-05
5.146834102290101,5.277589674529022e-05
5.085398795017066,5.3337005114663034e-05
5.047993558897188,5.367803417486121e-05
5.127666432690673,5.2952856767095235e-05
5.187905679425527,5.2398589157906315e-05
5.253480605176833,5.179350217076532e-05
5.320704368180825,5.1172331332967116e-05
5.300408679964486,5.134963907921751e-05
5.109958062722202,5.310640127599188e-05
5.192647143912649,5.234108333476438e-05
5.281541278446892,5.1524965346988304e-05
5.380379141670565,5.062675498926511e-05
5.141778268593186,5.2809002331918596e-05
5.21666291658572,5.212027347684261e-05
5.1737063210367085,5.2520544548273605e-05
5.239003626454583,5.192093883083487e-05
5.255610338639367,5.1775920916954265e-05
5.235705226202672,5.1944102050812e-05
5.309697365105333,5.126669977146304e-05
5.373552163330297,5.067735985197866e-05
5.362211477592669,5.077546097052823e-05
5.267662120704982,5.165158653311819e-05
5.340406182459411,5.097586837054727e-05
5.394200032787808,5.047498977044602e-05
3.7046154381922167,6.57017765341586e-05
5.561332626951481,4.8912945035600056e-05
5.559735075787659,4.893037647528709e-05
5.5650600755074295,4.888446434247557e-05
5.585398964741522,4.8701744462677614e-05
5.625905272857117,4.8339392684153124e-05
5.686030394356929,4.779236867942345e-05
5.759378141951352,4.7129422662345846e-05
5.836062393082612,4.643856083536919e-05
5.906067829576327,4.5806843909550736e-05
5.961929850643719,4.531158953090956e-05
5.999767324532694,4.4968299802618576e-05
6.018586245863071,4.479526816240561e-05
5.514566774022676,4.9350488895851076e-05
5.4959234387917135,4.952572145882087e-05
5.504240880892344,4.9448920713689844e-05
5.529169149333039,4.9221578500315856e-05
5.573666479322737,4.8818272487813095e-05
5.637748105172595,4.8236953090802356e-05
5.715940425784023,4.7528130018344306e-05
5.7988605346983135,4.67774387392223e-05
5.876337824671561,4.607862726377458e-05
5.940245920703865,4.550718588989593e-05
5.985916222624152,4.5094955667760794e-05
6.011834824740488,4.4857871095432936e-05
6.018156419291363,4.479719968501229e-05
6.005218072573002,4.4918391662384876e-05
5.97244899607215,4.521488275639533e-05
5.920041068579747,4.568563260788452e-05
5.85048171315208,4.631144013831715e-05
5.769828505388027,4.7037670021270925e-05
5.687524138300669,4.778263072534878e-05
5.614510657467023,4.844907427625267e-05
5.56016243545775,4.8940122047172955e-05
5.529392244774518,4.92185883393147e-05
5.52199423759703,4.928169556988108e-05
5.536191939182891,4.914888903228386e-05
5.385131766102296,5.0562409569006404e-05
5.350896157969872,5.088775368826259e-05
5.381665301413579,5.0601482479530224e-05
5.447514976343145,4.999329880302081e-05
5.534556919762365,4.919196649517407e-05
5.6333652024483145,4.828646568162635e-05
5.734061333322736,4.736968905285344e-05
5.826873655654475,4.653012026236549e-05
5.90402480054369,4.583014889597304e-05
5.960930464234914,4.5319241700891815e-05
5.996018657439733,4.49996758742356e-05
6.009362206277008,4.488193398661275e-05
6.0017459515176075,4.495019121091147e-05
5.972279438761976,4.5219091691411816e-05
5.920088702062665,4.568850107495135e-05
5.846166616799754,4.6355028118175823e-05
5.755100014109207,4.718343909676227e-05
5.656225016854213,4.8078908624550575e-05
5.563462089850612,4.892869828993594e-05
5.493447147032147,4.956704414436366e-05
5.46122433485937,4.986124476707074e-05
5.473716516159564,4.9736999154852e-05
5.216257408889315,5.2154788360983404e-05
5.193301674982313,5.23748465306216e-05
5.266247643880648,5.1691107101648836e-05
5.383125767650268,5.060240429466163e-05
5.513166043410776,4.939952230030036e-05
5.640471343333412,4.823100145615077e-05
5.75486279207498,4.718432592955584e-05
5.849499665082774,4.63245862182784e-05
5.920629666531135,4.5680788729882075e-05
5.967072748460703,4.526222501935175e-05
5.988918916174896,4.506749086605937e-05
5.986016639843946,4.509708070474472e-05
5.958892399244952,4.5342320334621154e-05
5.9050656834208075,4.5826424519937254e-05
5.824438814208287,4.6559684029380826e-05
5.7208565898775285,4.75032189784489e-05
5.605132221670665,4.856317687348383e-05
5.497648791374839,4.955222701917633e-05
5.427049379084209,5.0199403577529765e-05
5.416204572402773,5.0290083593723463e-05
5.065724045036551,5.3584335812801876e-05
5.0834421043579585,5.342008634310615e-05
5.2097615667320945,5.223485913238773e-05
5.369178182832125,5.074686963846921e-05
5.5250974183957435,4.9301575273778607e-05
5.662997159950388,4.8030032110086236e-05
5.7764528460632,4.698821126885523e-05
5.862831032200705,4.6204581649476196e-05
5.921609749036892,4.567223984309191e-05
5.952911280089187,4.539193463072738e-05
5.953972865841301,4.538614473012716e-05
5.928471330844887,4.5617573595682e-05
5.872129075652208,4.61269966668763e-05
5.784543392102311,4.6926857378368224e-05
5.670435570201729,4.797780451102913e-05
5.545488319465238,4.913151889279373e-05
5.442250847022909,5.008239132832087e-05
5.400090198076697,5.046250523995137e-05
4.991656471465512,5.430137863190072e-05
5.064197575653412,5.362156950794395e-05
5.229805210814355,5.206125591668022e-05
5.4060043543817065,5.0412382087163874e-05
5.562947639004111,4.895329420747945e-05
5.691960615761894,4.776503756762192e-05
5.791065604642051,4.685711115577224e-05
5.86040317447342,4.622417413221602e-05
5.900106692323665,4.58630989595466e-05
5.908921864452475,4.578912612833491e-05
5.878206039506254,4.6071869280380635e-05
5.818640113673645,4.661672560511785e-05
5.72535079920281,4.747844686789341e-05
5.607270374429689,4.856943486818074e-05
5.492691775390541,4.9632880705392785e-05
5.430678969631848,5.0205789845443124e-05
5.029251983686054,5.39665319471648e-05
5.142697829248735,5.289846688777267e-05
5.314201364051166,5.128580323340191e-05
5.477387959682586,4.975476773879584e-05
5.613050842174052,4.849369890695164e-05
5.717709152863789,4.752445979613244e-05
5.7917240429655665,4.684869394016315e-05
5.835216069165677,4.645226850501884e-05
5.8463214506861405,4.635273806328272e-05
5.808616084949228,4.669984345012693e-05
5.743695165056272,4.730349088391365e-05
5.646728486498532,4.8204251687053334e-05
5.540064821934287,4.920024469571759e-05
5.478713094879616,4.9776801966600325e-05
5.167342119116019,5.268454652125302e-05
5.291841826152535,5.150971566863304e-05
5.438838442493712,5.01256543761167e-05
5.566983604642594,4.892575192294598e-05
5.665807274428442,4.80062001720268e-05
5.734361232165102,4.737165663815441e-05
5.772645826401904,4.7014585514166856e-05
5.778453501683786,4.696770343240817e-05
5.727187342203828,4.7436588296878454e-05
5.649779730264666,4.815855887831445e-05
5.550789215168878,4.9091579726414505e-05
5.50002265737923,4.9579633278088464e-05
5.358524174279567,5.088999357858503e-05
5.4713322255064005,4.983344588966181e-05
5.579787829898862,4.88152394793743e-05
5.662923935944169,4.803712414640275e-05
5.716177934297148,4.753764801837001e-05
5.739093583440184,4.731929485551654e-05
5.729806940257254,4.740598868318597e-05
5.682953751053425,4.783110357358311e-05
5.551606315055162,4.904894578542534e-05
5.457730508252837,4.9959024813018116e-05
5.555280659972798,4.904718409332394e-05
5.6455948799515685,4.820889231413337e-05
5.714351176142032,4.756634388487023e-05
5.752501399043478,4.720675346421871e-05
5.758840064553549,4.714411820056673e-05
5.733403714647177,4.736694028937033e-05
5.675644321559515,4.789415097751005e-05
5.556396678306999,4.89908945962361e-05
5.725978113185655,4.7465384391744536e-05
5.788724817401032,4.687729938693498e-05
5.820242534978726,4.657998172301833e-05
5.8180296939880085,4.6598446994184624e-05
5.784715328778882,4.6901651034106986e-05
5.728146277792297,4.741239787046897e-05
5.850831713970532,4.630540484016681e-05
5.882460045825224,4.601084781734816e-05
5.8786192375695085,4.603941215182129e-05
5.842369289674491,4.6371239406992034e-05
5.916785124500455,4.569927522986522e-05
5.915089965201584,4.571305019676526e-05
5.450910141208905,4.994845078417758e-05
5.444705450738382,5.000835225766309e-05
5.474594075825629,4.973699108600889e-05
5.534818035728199,4.9183667935421355e-05
5.617220214668933,4.843011790918121e-05
5.710653058250546,4.757949125638804e-05
5.80310207600214,4.674250874534862e-05
5.884304051601523,4.601020736568649e-05
5.947473597078157,4.543837598920611e-05
5.989581204456486,4.50599031221907e-05
6.010233549350997,4.4874327356110377e-05
5.3050655886134415,5.1320096994528135e-05
5.3280937412026494,5.110907156613421e-05
5.401522328367318,5.0429518485649605e-05
5.5044551066288445,4.947898217084997e-05
5.619132614098928,4.842348940586839e-05
5.731066217138832,4.739975697729388e-05
5.829369537795987,4.6507767691400616e-05
5.90717150862779,4.5807492663186956e-05
5.961392392358645,4.531305730894952e-05
5.991563741878351,4.504482867754549e-05
5.998055937795824,4.4986040156306495e-05
5.981961441922139,4.513229863450628e-05
5.941385552856974,4.5495227293639806e-05
5.875783333624477,4.6089411120407336e-05
5.786877899089274,4.6898076113075305e-05
5.680867045129757,4.7858122070613046e-05
5.570041394451539,4.887863688064153e-05
5.4732051306372655,4.97678037339537e-05
5.412691772935475,5.032346075992766e-05
5.404331909676312,5.0392849529622e-05
5.172695098274786,5.2569151379018334e-05
5.241826837792902,5.1925357074402397e-05
5.362823132320663,5.08013297673476e-05
5.501470058586641,4.951740086966059e-05
5.636155879333168,4.827534075606769e-05
5.754198103736848,4.719186576344373e-05
5.8487204631715395,4.633460950680339e-05
5.91685690337979,4.571507986626237e-05
5.958111567587101,4.53456038698388e-05
5.972554826151558,4.521512080488227e-05
5.9594527360530964,4.533970180874899e-05
5.919294919967093,4.5701278324364344e-05
5.849773476838419,4.6330174315285966e-05
5.75218917524232,4.722374673941671e-05
5.633863306490609,4.8305529715527375e-05
5.512597113827255,4.942238384490543e-05
5.419108615353592,5.028430320330708e-05
5.384766906578356,5.0594324145770294e-05
5.10802842840342,5.319323106181447e-05
5.223433706864878,5.2111869685507986e-05
5.376104098251217,5.069168843195633e-05
5.529139182048803,4.9267082795660696e-05
5.664458539736451,4.802132556626289e-05
5.774175838574076,4.7013408752769525e-05
5.8554428114606685,4.627302222402655e-05
5.907621014708213,4.579772689292052e-05
5.930251626897467,4.5595853213297546e-05
5.9185760521032345,4.57059040851494e-05
5.878004797630011,4.607727860943373e-05
5.8042863463421375,4.6750727677714165e-05
5.699793669793224,4.770980006796731e-05
5.576429312050298,4.884764669378258e-05
5.464187419519427,4.988783647776101e-05
5.406775814996509,5.0413913804769063e-05
5.134670852876994,5.2962242981193046e-05
5.275500786539606,5.1641562762860064e-05
5.432330969293251,5.017471711643211e-05
5.575656850350903,4.884189724069311e-05
5.693906156025688,4.774913895299205e-05
5.783373682848056,4.6928881504776144e-05
5.842969404077563,4.63849897844931e-05
5.871490904119145,4.6123693339596164e-05
5.858519995890978,4.624604481645648e-05
5.815773007402019,4.664362165383598e-05
5.737852604602413,4.735965977759503e-05
5.631188940038167,4.834759690577977e-05
5.520690561260978,4.937543034643341e-05
5.456638371117846,4.9969265634380224e-05
5.241184606217242,5.197717732593121e-05
5.378838429511568,5.068310111002432e-05
5.514281687730861,4.941717090309694e-05
5.628948414045099,4.835129964987865e-05
5.716721593258805,4.753631162066125e-05
5.775611844287561,4.699559191271109e-05
5.803597870706212,4.6737651457875665e-05
5.796865455866931,4.680024231014185e-05
5.734362524503241,4.738050947847372e-05
5.650395120359176,4.815943460199876e-05
5.5519991349195035,4.9086153501856744e-05
5.497914739284745,4.9596628737177994e-05
5.395903060707067,5.053218866894437e-05
5.509565851964225,4.9468646220253186e-05
5.608014383999908,4.854570279173411e-05
5.682033787735872,4.785778484378597e-05
5.728685388105681,4.742259952495242e-05
5.745572356229756,4.726283527485857e-05
5.728182818175682,4.7422817306444116e-05
5.644137230757372,4.819703761642099e-05
5.5437597646846575,4.913993742982451e-05
5.490789374074071,4.965723582339503e-05
5.56451827229241,4.895820268345428e-05
5.645573061400421,4.820201972050258e-05
5.7020204320668135,4.7675156421964737e-05
5.7302449139705,4.740696157616479e-05
5.728621501719974,4.7414607163173454e-05
5.693906846758141,4.773048524232597e-05
5.58927114243652,4.8689055699035296e-05
5.452759496182843,4.9942399195327534e-05
5.718199668398398,4.7533321344896155e-05
5.765137986398188,4.709372010644331e-05
5.781233464257872,4.6937930081531684e-05
5.7663133615684155,4.7069252138499295e-05
5.722141688057074,4.746955127948931e-05
5.656392468544488,4.806918113324435e-05
5.834499843273873,4.6453526566010044e-05
5.847380517015506,4.6330782419577904e-05
5.827392578754877,4.6511715442059446e-05
5.780338695167809,4.693558253043728e-05
5.897105574406858,4.587448594398781e-05
5.8767538493266045,4.6056686544010194e-05
5.316780597227924,5.122379531484742e-05
5.363747006075169,5.07914959016941e-05
5.4612813234698425,4.9888382571653306e-05
5.5838155417619975,4.875893524945234e-05
5.706228523776251,4.763705467646705e-05
5.812170022786217,4.666880544198683e-05
5.893403827782669,4.592931089622177e-05
5.947180249053248,4.544492663659311e-05
5.973531642797884,4.5206648633244325e-05
5.26951138973525,5.167917549815496e-05
5.354111985454208,5.0894540754856655e-05
5.477790761744959,4.974366695371993e-05
5.6109555084609175,4.851581878412817e-05
5.731374150122726,4.740740826395166e-05
5.827484984114836,4.652966676976156e-05
5.8947879219283665,4.5919197365784596e-05
5.932199842555854,4.557945459734658e-05
5.938368895051523,4.5525368090855284e-05
5.91524396193297,4.5738152681546884e-05
5.860858693427594,4.623121748432885e-05
5.775450096710446,4.701040809782669e-05
5.663234276942353,4.803921747220961e-05
5.537502879350545,4.920376517992084e-05
5.42605864592966,5.02337861637172e-05
5.36439147536933,5.079698853824576e-05
5.284585608522299,5.1549630078016106e-05
5.390209176434846,5.0569695059667336e-05
5.518787050634555,4.937288267979869e-05
5.643984512040179,4.821608790349585e-05
5.749155486266407,4.724358392009187e-05
5.826690441258635,4.653449887511392e-05
5.873512798966889,4.610907682775052e-05
5.887740509217268,4.597934837254072e-05
5.863194580287914,4.620607152667201e-05
5.807619227512468,4.671890204644183e-05
5.719087781628741,4.753004016815749e-05
5.6065305760992645,4.857299594025699e-05
5.495548315365494,4.960465560087282e-05
5.428997287573557,5.0219180935179106e-05
5.354330544979809,5.0908792338770876e-05
5.459289583709167,4.9928675340043904e-05
5.572108113697453,4.8879998517210136e-05
5.673819955503194,4.793689740539205e-05
5.752831960677182,4.720837637251157e-05
5.803075145394219,4.67452968971571e-05
5.820419938627594,4.6588430067888794e-05
5.791604204068067,4.685427820136189e-05
5.73310210966382,4.7395318207052216e-05
5.643813165828447,4.822498385318681e-05
5.545797291730911,4.9145383093860885e-05
5.4878704310374795,4.9682772567242394e-05
5.458786385117143,4.993727340072574e-05
5.545876824639072,4.912285127090299e-05
5.628273049593385,4.83580983514101e-05
5.694652288722848,4.7740523607495876e-05
5.736808311034864,4.734915954522738e-05
5.748276109050891,4.724373597350169e-05
5.707758755582245,4.7615051991758294e-05
5.639630992501492,4.824697018556774e-05
5.552732688009961,4.907077594956135e-05
5.510221365019887,4.9480230788177645e-05
5.578415191725969,4.882504179675537e-05
5.637929777357035,4.8270034468758716e-05
5.681695947946621,4.785618711949166e-05
5.70367186513662,4.765062032086004e-05
5.697495216175519,4.769699154478576e-05
5.655513958723413,4.808429465262228e-05
5.539940092205386,4.9153487725331905e-05
5.4670816760327945,4.9862468286546494e-05
5.695175071330619,4.7740228116850496e-05
5.7231422585786556,4.7473340284964754e-05
5.7264316729424785,4.74377206534307e-05
5.702205129786723,4.765369316912921e-05
5.647447632883542,4.815165101634168e-05
5.538634052418429,4.915087015493235e-05
5.78954733173848,4.6864915472336885e-05
5.7852485248945795,4.6891728327337306e-05
5.753301879970606,4.718323567594184e-05
5.699352796276915,4.767862702204513e-05
5.842687489743764,4.6368827855471445e-05
5.808418007073253,4.668225137153962e-05
5.380042032402502,5.066395560599083e-05
5.457928286917518,4.99480518130019e-05
5.572016426126289,4.888418272596055e-05
5.688773265871526,4.7806028797580364e-05
5.785538043651558,4.6914828761903293e-05
5.85257736040045,4.630137289507886e-05
5.886734525836073,4.599285414260262e-05
5.429768776836251,5.020784051494637e-05
5.5073677121156015,4.9486542123250906e-05
5.607801646362125,4.855271096493409e-05
5.70350784005227,4.766590516986676e-05
5.776373610774781,4.699682237011573e-05
5.817946035783722,4.661150729641178e-05
5.8212202556251285,4.658698214794289e-05
5.789167893621754,4.68762343783235e-05
5.722781510026897,4.749042113249766e-05
5.629887181519179,4.835479932662116e-05
5.532380409070507,4.926051276196556e-05
5.468678926393775,4.985508309017365e-05
5.500509802012145,4.954830338168484e-05
5.563798108907314,4.8963121630823806e-05
5.637556277311235,4.8269448075219054e-05
5.70157106922584,4.767705439723262e-05
5.740961040697347,4.730989228375238e-05
5.746958993671444,4.725819117111732e-05
5.70625543210248,4.763338671501693e-05
5.640088098230447,4.825170809041599e-05
5.562329018064258,4.898501003795305e-05
5.518952428535921,4.938803809339465e-05
5.580166188945075,4.880606257424401e-05
5.619924562729555,4.843326701211646e-05
5.657117468648305,4.808520882151126e-05
5.678286654896562,4.787944510441932e-05
5.6712449972282055,4.794509161186567e-05
5.6129441510664,4.8480071816145e-05
5.539997948210298,4.916728356955615e-05
5.5114397104332005,4.9457197553218336e-05
5.659036227909825,4.806989777448234e-05
5.670160254431871,4.796128699599921e-05
5.665270021453243,4.799827047934077e-05
5.6352212610284536,4.826646906443387e-05
5.551409203249692,4.9034938162973555e-05
5.428418356693411,5.0203187567175266e-05
5.725341970878117,4.745118306610221e-05
5.7069508834995615,4.761003635583291e-05
5.665853825657746,4.7985454226797135e-05
5.604811831629376,4.854242393298432e-05
5.764341893372842,4.708004974620406e-05
5.721230460754345,4.747530274825249e-05
5.517536753274866,4.9397167913814195e-05
5.567160171136461,4.893763400277043e-05
5.640330091729869,4.824832961193541e-05
5.704983230247973,4.76480005149456e-05
5.7417262942693705,4.730619969482141e-05
5.567571548467167,4.892926089398427e-05
5.594600509367929,4.866906895813827e-05
5.6330539303937135,4.830229693608013e-05
5.658879086276763,4.806100901029446e-05
5.651452136772875,4.812484158377474e-05
5.615052570498955,4.84700697887548e-05
5.565790049203216,4.8936213968760306e-05
5.544272199038029,4.914834819621564e-05
5.613566294105143,4.84882110802943e-05
5.6121843103539915,4.849404042518413e-05
5.6059769588128185,4.854066418577829e-05
5.578933463882652,4.878684816244048e-05
5.5142878788581475,4.938968990292689e-05
5.5000814619476035,4.953909638207041e-05
5.650612420969177,4.813231447703445e-05
5.620334660454518,4.840614703714162e-05
5.570815374489091,4.8858137034535275e-05
5.484827945567864,4.964600217829967e-05
5.6723738864226565,4.7925107833580064e-05
5.622755946674203,4.8377671997766895e-05
5.560969152075547,4.897712314966903e-05
5.553897019418688,4.9030301861319154e-05
5.5638351808682085,4.8927757976631114e-05
5.5690437810288,4.888225885917996e-05
5.530111917962388,4.923667044336556e-05
5.481813237410466,4.967826908104718e-05
5.479547149541988,4.970593815003891e-05
5.571616084599336,4.8843533154736403e-05
5.514839341186664,4.936953976861735e-05
5.461842997179508,4.986155587280068e-05
