Frequency_THz,Cv_Contribution_eV_K
0.22113256176168472,8.615667713673353e-05
0.4366677223199046,8.610487855208975e-05
0.6415197701385879,8.601695593270493e-05
0.8316897712739447,8.587709103315293e-05
1.0049848247806132,8.566264781398789e-05
1.1618383016108855,8.537857945412076e-05
1.3058813448688695,8.480515807537827e-05
1.4436381832691256,8.443022878898502e-05
1.582913306987037,8.417891385107922e-05
1.7302994593486152,8.394184054382443e-05
1.888869199264058,8.371610359280694e-05
2.0527912976339895,8.360217742667566e-05
0.18666898947891827,8.61605869803532e-05
0.33766259282146627,8.613193723285034e-05
0.5259604281006677,8.606996925726854e-05
0.7107748209967532,8.597318782474157e-05
0.8820776443863668,8.583029616463117e-05
1.0366641476509026,8.559777668608585e-05
1.1754115126225915,8.534304944784526e-05
1.3027980554140985,8.483700366740762e-05
1.426005528559196,8.446193197731039e-05
1.5531097349379963,8.423361917146591e-05
1.6908805789732442,8.399310616413032e-05
1.8431100045334066,8.374713907191324e-05
1.960432791298532,8.370603113084108e-05
1.7997385015970517,8.391691522651223e-05
1.6511952063780615,8.414600928238186e-05
1.5153736535703068,8.43710080227816e-05
1.38748478101361,8.461647814213373e-05
1.2600818979432507,8.517815929942015e-05
1.125213027526251,8.548784558776188e-05
0.9765268695782282,8.572336954990854e-05
0.8107251234782665,8.589983758542961e-05
0.6284275481240622,8.60225676273259e-05
0.43659384164039167,8.610201061750766e-05
0.26602911107683247,8.614711674339085e-05
0.35148126309063493,8.612657292368792e-05
0.4637642055010482,8.609144249446061e-05
0.6136810882521678,8.602824674217908e-05
0.7682663486757529,8.592173957896885e-05
0.9144278217347476,8.578340214029432e-05
1.0478842696994188,8.556388163078656e-05
1.1697056143803364,8.532935606967788e-05
1.2849169351689862,8.48325871802016e-05
1.4009393717772156,8.449775930987874e-05
1.525426178191509,8.425125043137325e-05
1.6640588775971235,8.400088369606186e-05
1.8192172729552911,8.373942781821665e-05
1.7326218896584973,8.412725878043719e-05
1.581475064350826,8.43467113977896e-05
1.4462678649022804,8.459074951177175e-05
1.3223464152021904,8.50904195957017e-05
1.2019429927318148,8.539070929009376e-05
1.0771002740070177,8.561240093143938e-05
0.9422435878558414,8.577829727983994e-05
0.7963490669744442,8.591337550591177e-05
0.6458245293773601,8.601069836066548e-05
0.511277387017257,8.607210389843518e-05
0.4778382293721815,8.608548157114574e-05
0.5580845005467504,8.605198126965019e-05
0.6733094392689513,8.598791312201492e-05
0.7993038170084414,8.588348540967054e-05
0.9235345256122566,8.575812801182044e-05
1.0416428231905615,8.555568499521985e-05
1.15485752802939,8.535213716728773e-05
1.2680768001376201,8.486994202604035e-05
1.3876812227767694,8.452027938341622e-05
1.5191164056698077,8.426351436725466e-05
1.6650487911037157,8.399513395664208e-05
1.6720785041935924,8.432437496414997e-05
1.5096019461914776,8.455061931758868e-05
1.3676481519939976,8.494528329704424e-05
1.244183617514396,8.530452580340483e-05
1.1324748505935833,8.549575389050884e-05
1.0250005855534645,8.568219029336567e-05
0.9170713835887996,8.580316590419135e-05
0.8098188390506064,8.590149028159697e-05
0.7128940656710722,8.597394183279036e-05
0.55828379436649,8.605099387914796e-05
0.6116585033085917,8.602478113380334e-05
0.7005990701833971,8.595036846748088e-05
0.806903984227039,8.58551442268154e-05
0.9191940262211536,8.573718309546397e-05
1.033008435798229,8.555037620805664e-05
1.1489379408802571,8.535142115415444e-05
1.2703441580625443,8.486905323141243e-05
1.4009032860995034,8.451767923678199e-05
1.5425532861373843,8.42620588308673e-05
1.6117929433702987,8.445804005103295e-05
1.4351938453408182,8.478632006523942e-05
1.283589929583066,8.523513780563464e-05
1.1597155992954278,8.54242427443171e-05
1.0595860837324995,8.560849751467599e-05
0.9767678997127796,8.573805626409935e-05
0.906618908643495,8.58043956352283e-05
0.8491922926263453,8.586103533915758e-05
0.5971381066404002,8.602667844852008e-05
0.6328127105302253,8.598976809869304e-05
0.7080005884780843,8.594059952586105e-05
0.8074481965704332,8.584989866303065e-05
0.9198430543495045,8.571776770236833e-05
1.0397381445260114,8.552587318064387e-05
1.1660253032213488,8.532429221516885e-05
1.2995088240784596,8.486843259126697e-05
1.4406789967910896,8.452122245559346e-05
1.565601183170522,8.457664042637312e-05
1.362010657113889,8.499944213408912e-05
1.2025945353491116,8.534744933752157e-05
1.0803519347493253,8.553063415026525e-05
0.9951364996119614,8.568245712468924e-05
0.9417385677354935,8.576467855737672e-05
0.9138245121370395,8.579992226622207e-05
0.6113636606596119,8.598731229606527e-05
0.6423247709069433,8.596524695539721e-05
0.7170789365151573,8.591594014916737e-05
0.8204498245674068,8.583142051706782e-05
0.9402580024576606,8.569102067286502e-05
1.0698126670431298,8.550122568402975e-05
1.2062441135294333,8.529640306896188e-05
1.3480668076622597,8.490196859431342e-05
1.4934213081823087,8.450599496574589e-05
1.2941620707427572,8.521647719038544e-05
1.1335176340990314,8.543424078492224e-05
1.0185504421916745,8.561362153317194e-05
0.952418976273392,8.572377326999562e-05
0.9300549700997343,8.576371104218706e-05
0.625729389599177,8.598525645194593e-05
0.6632681495543366,8.595763461375344e-05
0.7448833332437363,8.589009223894358e-05
0.8548743874961566,8.580054634956745e-05
0.9810537551640313,8.565331089480557e-05
1.116353510533112,8.547006911806852e-05
1.256810473180955,8.528444432722773e-05
1.3993977374744786,8.485421822652867e-05
1.2366979052998837,8.532825184011084e-05
1.0860588802311062,8.548647231339449e-05
0.98781750936231,8.56422991431948e-05
0.9456122109292076,8.57198147081835e-05
0.6590753494518317,8.596044115679727e-05
0.705723800941092,8.593460961216462e-05
0.7920257300566296,8.586413844829008e-05
0.9037077799554554,8.575355243900008e-05
1.0299956712409957,8.560365581046802e-05
1.1640571362176046,8.543551527245438e-05
1.3011609084102935,8.519848060256861e-05
1.2084216163932064,8.539843681240477e-05
1.07203330280634,8.552072460520985e-05
1.002208093211028,8.561887934745426e-05
0.7116467238186769,8.593188588303306e-05
0.7613562787227963,8.589830946773598e-05
0.8451746979246331,8.582653378426961e-05
0.9516983922417821,8.572491529393535e-05
1.071757850322387,8.55877840841494e-05
1.1985411382654862,8.540579359147289e-05
1.1922009369102151,8.545529570650829e-05
1.1037676718010219,8.553023591116323e-05
0.7689196510692554,8.589342172457613e-05
0.8137108810332067,8.585088235150376e-05
0.888850716310789,8.579756629745783e-05
0.9854644025737667,8.57106065330547e-05
1.0952406371234389,8.557954001478491e-05
1.2109770458792113,8.540240217863628e-05
0.8149940158773735,8.586373022427471e-05
0.8495531417640285,8.584470694014332e-05
0.9128535200841664,8.579574449868506e-05
0.9974692243818726,8.571649034632633e-05
0.8399985301991902,8.586628913372944e-05
0.8621193312268445,8.584718860742097e-05
0.40290559616430616,8.611153529505572e-05
0.5462512472898328,8.605860475018288e-05
0.7118220142082095,8.597614178011628e-05
0.8717856779969452,8.584556295687319e-05
1.0177212514635183,8.565683524870711e-05
1.14921138005418,8.544135350921424e-05
1.2706600976541607,8.506956817410646e-05
1.3894765061320304,8.459113854278506e-05
1.5138447301770999,8.436101787814344e-05
1.6499379666797553,8.412278468533292e-05
1.7952417823983173,8.38596768855401e-05
0.520395459491506,8.606766002156944e-05
0.6336861864396066,8.601707473246272e-05
0.7690182567874876,8.591727302426747e-05
0.9028312073683463,8.579584101305113e-05
1.0272908239113172,8.562975263951477e-05
1.1428788259347695,8.540961837479089e-05
1.2547780141055545,8.502014550334262e-05
1.370203459885626,8.458397114517285e-05
1.4952220772901483,8.433739722369429e-05
1.6284867817455804,8.408526916582471e-05
1.7019181795865437,8.398349494196732e-05
1.586305539582126,8.427974786107768e-05
1.4493056946123464,8.452914892666705e-05
1.3245112246634774,8.4929124742914e-05
1.2094638942634,8.534389425733778e-05
1.096795225046994,8.553985471353952e-05
0.9797117528852881,8.573153036314019e-05
0.8555442926150126,8.58527440895393e-05
0.7289278873832671,8.596161696957879e-05
0.6158588212539886,8.602511967429938e-05
0.5979996211008786,8.603417522107473e-05
0.6850404162171841,8.597345369534639e-05
0.7951390668505719,8.588805261383105e-05
0.9092253862817221,8.577343816777369e-05
1.0209948456668434,8.558999917792518e-05
1.1312864029137948,8.539032528554135e-05
1.2444689191428475,8.49748686526781e-05
1.3651243760388496,8.456965207570026e-05
1.4927622793939541,8.431127815840039e-05
1.593137695391847,8.414586051405983e-05
1.5139235510260465,8.442234690853576e-05
1.3733927053113664,8.47674509120139e-05
1.2457317617317702,8.523658287537407e-05
1.135566856168813,8.546379883836216e-05
1.0375667350683897,8.565059948077685e-05
0.9458945890405093,8.576800001398332e-05
0.8589830541577148,8.585469568730218e-05
0.7823873110001678,8.592587130079425e-05
0.6364802956599632,8.600841869665452e-05
0.7060606627232172,8.594735787345493e-05
0.8019947376439797,8.587317659943146e-05
0.9084908828770992,8.576645925878435e-05
1.0197317220102913,8.556291462676994e-05
1.1354501432335502,8.539472551635132e-05
1.257347372673024,8.497982673675763e-05
1.3845098950145227,8.455805563143739e-05
1.495065744959972,8.435846361273679e-05
1.4436768194048004,8.45567606288833e-05
1.2972999377697685,8.504808800059542e-05
1.1660094822650757,8.539192496230409e-05
1.0624562171311427,8.556757480986018e-05
0.9839872188610097,8.570495916743445e-05
0.9252327069451879,8.57865672172428e-05
0.8832108089600528,8.583702944893652e-05
0.6512912761500123,8.598188589068185e-05
0.7158859395504753,8.594347585637985e-05
0.810337440817178,8.584968901236592e-05
0.9201683748517765,8.57341473479332e-05
1.0388275969740455,8.553627324346639e-05
1.1639822301027936,8.535899060636518e-05
1.2933086932378992,8.503060700470707e-05
1.4113787068904184,8.457839471003353e-05
1.3808064371563864,8.48235819128262e-05
1.228823392997427,8.526123991182045e-05
1.0965120635750623,8.54748623140009e-05
1.0028605570171352,8.564176811267529e-05
0.9473575174041684,8.574572642385714e-05
0.9237753491636918,8.578164145604323e-05
0.6660172430722793,8.596051626128884e-05
0.7361354893854318,8.591738908034213e-05
0.8364357403234212,8.58290271516698e-05
0.953119851670934,8.568905481944159e-05
1.078992943157872,8.550867090260495e-05
1.209591532867196,8.533873131054191e-05
1.3338014254368493,8.502141583181706e-05
1.3402953932263042,8.501477065025106e-05
1.1730710237970914,8.53677619128238e-05
1.0470062803150064,8.556032546338118e-05
0.9690184814448889,8.569536327053003e-05
0.9386705027242686,8.574546827153908e-05
0.6987208892253222,8.594797562268286e-05
0.7765166851636434,8.588529654543627e-05
0.8812475343792593,8.579219294527721e-05
1.0008135397207802,8.566273594195817e-05
1.1280585331298452,8.548005615417819e-05
1.2547194072076204,8.530639832217167e-05
1.2890730088359783,8.520909928144568e-05
1.1363982121999698,8.544861539933696e-05
1.028404576834059,8.55933867713379e-05
0.9737615311152442,8.566903968982941e-05
0.74990608594911,8.590058048649584e-05
0.8296945196002953,8.585102595055055e-05
0.932486087161099,8.574784551834035e-05
1.048539223166301,8.562304224317589e-05
1.1706096362613254,8.545695339016501e-05
1.2474753490150359,8.533117415022137e-05
1.1289263423274778,8.55130638147e-05
1.052916929959155,8.558244724195355e-05
0.8058353151250268,8.586354484996724e-05
0.8802346376256449,8.58114906201593e-05
0.9752577270000382,8.572972176087647e-05
1.0832341133123715,8.561949197783086e-05
1.196731861052699,8.544157841259959e-05
1.1662591500566986,8.550646767023773e-05
0.8510443320667074,8.58413961148055e-05
0.9151641543071315,8.58011171764786e-05
0.9992731831139267,8.57212363909889e-05
1.0967394646352169,8.560959941379953e-05
0.8756697827633785,8.583264955901484e-05
0.9274958186162302,8.579931443201155e-05
0.6888006681984528,8.598634581845705e-05
0.7792677208493566,8.591477742396227e-05
0.8831547923088173,8.582168701072803e-05
0.9879301934493433,8.569917330634621e-05
1.0910607333459728,8.549983801546308e-05
1.1963644308581187,8.52909142519126e-05
1.3095994892268445,8.474061752348016e-05
1.432351517106508,8.444517406106677e-05
1.5444789395135745,8.419046618768269e-05
0.7265493605263681,8.594781000865097e-05
0.8008607855716353,8.58848206726753e-05
0.8907943379617446,8.580662675331594e-05
0.9865935629682394,8.566873811521769e-05
1.086767223178578,8.548856039751139e-05
1.1938883076436366,8.520788530143309e-05
1.3088217394453099,8.471255056141838e-05
1.4185228569998714,8.440878983827338e-05
1.453254279571579,8.434872215706406e-05
1.3596033905348313,8.456628835650212e-05
1.2385278268186493,8.51395703657769e-05
1.1288812373391406,8.542361596561681e-05
1.034828920861264,8.561531625982696e-05
0.9526455236264318,8.573995308049223e-05
0.8796590104838086,8.583160102318566e-05
0.8188438660437151,8.588760635214852e-05
0.742249384666557,8.592659972991595e-05
0.8116180119935217,8.586785988180273e-05
0.8994730928184077,8.577926384018746e-05
0.9973147105560762,8.563597177364601e-05
1.1028225252376673,8.545958316219797e-05
1.2149126751486112,8.518436824909009e-05
1.324165170410149,8.472287491352335e-05
1.3812577767017535,8.452283067215799e-05
1.295193071689458,8.487875874431661e-05
1.1734700903337945,8.53342087154085e-05
1.0684317585427732,8.551889182284468e-05
0.9890899302140179,8.568903702040733e-05
0.9329466241114724,8.576976782433125e-05
0.8966026323563566,8.5811585330841e-05
0.7575213919858945,8.591481686337552e-05
0.8319053296147837,8.584993097090971e-05
0.9253284949843075,8.575346794276721e-05
1.0295922401982882,8.561175603857249e-05
1.140588706943124,8.542025541284728e-05
1.2507296970885577,8.517581440703768e-05
1.3211418812548386,8.483959808339874e-05
1.2445400836841016,8.518281307890615e-05
1.1226682483707278,8.54291824957404e-05
1.0253028354326506,8.560036535267267e-05
0.9637474242691351,8.570569391153069e-05
0.9349318880166682,8.575955865762299e-05
0.7890925116174183,8.588866186832355e-05
0.8710097933521888,8.582479323818652e-05
0.9695412218766006,8.572025982393548e-05
1.077093314638821,8.556643358448883e-05
1.186887238942108,8.539999927954941e-05
1.270436262460506,8.519488882795801e-05
1.206782557301915,8.53254626261148e-05
1.0904733344679254,8.550918074123254e-05
1.0073501675603365,8.563920046893306e-05
0.9669817396691247,8.569983305735293e-05
0.8378683902549319,8.585332107808767e-05
0.9224511531399818,8.577528642120358e-05
1.0204876051758844,8.567850573317916e-05
1.125237029364909,8.554118370187378e-05
1.2205004204216787,8.53908078701665e-05
1.1935840673727323,8.539258875079192e-05
1.083435388133688,8.554904981948329e-05
1.0237664570627545,8.563040621597305e-05
0.8914718863375874,8.581065193927716e-05
0.9717888076646345,8.573830567470297e-05
1.0638991279409895,8.56555487555375e-05
1.161822423517988,8.552553065410531e-05
1.187003593301284,8.547528392041328e-05
1.1118027808311999,8.554825356268044e-05
0.9352189279354081,8.578646354034408e-05
1.006389182851975,8.573606878773935e-05
1.090308990755379,8.564410711833762e-05
1.1860391904222098,8.551239393321826e-05
0.9592308974419581,8.578252421558465e-05
1.018893436372912,8.573156262673984e-05
0.8342879717410463,8.586519201425484e-05
0.8896628737994705,8.581016988062867e-05
0.9597346382748735,8.572538276133044e-05
1.042338448543996,8.55819482354785e-05
1.138577633517427,8.537689903330564e-05
1.2458110643427296,8.500339870104147e-05
1.3400991375152733,8.45650496707881e-05
0.8493294394647514,8.585126925716335e-05
0.9092279356256006,8.579765263683138e-05
0.9844412511488589,8.570497632394672e-05
1.0721033951207426,8.553288260771062e-05
1.1695373085054814,8.535779263224051e-05
1.261161809750443,8.503795049121478e-05
1.2803920761030738,8.49609491811495e-05
1.1945728456271154,8.529102152429708e-05
1.0943792735418465,8.548806355663012e-05
1.0118008613776979,8.565802317417644e-05
0.9509116011862404,8.575190605492186e-05
0.9101762902751429,8.580084204887717e-05
0.8799214390004586,8.582057118259959e-05
0.9475466052540273,8.575293087814293e-05
1.0282170972449,8.566168010184246e-05
1.1179399522044422,8.551521250691976e-05
1.2065652689468447,8.532791643471405e-05
1.243935917037025,8.519288843000206e-05
1.1592854205138292,8.539926267622939e-05
1.067419305990605,8.55719343003254e-05
1.0014024551862803,8.567131347255565e-05
0.9638107878308535,8.573612578990653e-05
0.9271709222618815,8.578192906125383e-05
0.9984288986084325,8.570688275187515e-05
1.0793827887346372,8.562201584358232e-05
1.1637979127631985,8.54844634169834e-05
1.2139353673501316,8.533619930178196e-05
1.1390365910141451,8.546623288237584e-05
1.061034097049822,8.560181123858595e-05
1.0157567789234683,8.567457537629407e-05
0.9794891436621602,8.574266149149616e-05
1.0477408117308995,8.568460080925378e-05
1.1236030299684134,8.560195174586374e-05
1.189533292366794,8.54574015483197e-05
1.1366310067028358,8.5528069911588e-05
1.0817336940920077,8.561015578056449e-05
1.0225850739525797,8.571479680700965e-05
1.0829976931007468,8.566211361175391e-05
1.1539675278580421,8.557837800819323e-05
1.1706852878578902,8.551242264780405e-05
1.046411608215215,8.570798553563807e-05
1.0966415732043693,8.564715299923291e-05
0.9398723003206838,8.576864813174452e-05
0.9887391904391649,8.571591353395474e-05
1.0547771811579607,8.560297205666387e-05
1.1363669102423821,8.546081126487102e-05
1.2156015789113341,8.527608942653532e-05
0.9867825944772485,8.572572639686349e-05
1.0400744147292134,8.567488213310808e-05
1.1059385032078903,8.558132031007076e-05
1.1759881596293031,8.542236048603701e-05
1.1871939578920963,8.539293180833749e-05
1.1178285002949784,8.553399578385711e-05
1.0538228970318586,8.562936294905294e-05
1.0113557640483537,8.56843506956152e-05
1.0393026627017092,8.568821513339878e-05
1.0903367911450634,8.563958460845508e-05
1.149417578492816,8.55438892949832e-05
1.1770283385641076,8.5452686479059e-05
1.1140759585749278,8.557420818912045e-05
1.0718303705454464,8.562457545991547e-05
1.0829112213553762,8.565903100205317e-05
1.126722203292429,8.560642414628298e-05
1.1713956208787706,8.552866863359967e-05
1.1305718554700213,8.557145502349117e-05
1.107152932454674,8.563824900024037e-05
1.142946806899697,8.559272485177827e-05
1.0653192625643952,8.56533368893441e-05
1.1055692823610455,8.56040425282545e-05
1.158183694452672,8.550072555485818e-05
1.1104225726125927,8.562822323828204e-05
1.1427012669506784,8.557887503086771e-05
1.15039416070391,8.55440918713603e-05
1.118927588203799,8.559460629962155e-05
1.1355871011550391,8.560088549666149e-05
1.162757248405818,8.555999461259493e-05
1.1452630815738452,8.556819669188591e-05
0.22113256176168472,8.615668326359857e-05
0.4366677223199046,8.610491274590452e-05
0.6415197701385879,8.60173098943892e-05
0.8316897712739447,8.587780443475502e-05
1.0049848247806132,8.565685114983709e-05
1.1618383016108855,8.538660907853115e-05
1.3058813448688695,8.483501999398265e-05
1.4436381832691256,8.443763126728967e-05
1.582913306987037,8.418385831826647e-05
1.7302994593486152,8.394375904634763e-05
1.888869199264058,8.371079835574024e-05
2.0527912976339895,8.360631489217714e-05
0.18666898947891827,8.616056578168833e-05
0.3730466819626789,8.612294281957792e-05
0.5946660654318987,8.604030519050601e-05
0.8022238685592107,8.590776104603614e-05
0.9931434211990599,8.56915618066863e-05
1.169087133337678,8.539521254068064e-05
1.3341422306009996,8.4867254751999e-05
1.4946652347287803,8.440628949110122e-05
1.657734785905192,8.412570943589937e-05
1.8281898063509845,8.388818236804237e-05
2.0031493095736357,8.369554991272128e-05
2.0996924927433027,8.375775677865427e-05
2.009226661765742,8.354971668126846e-05
2.111788917770455,8.363437358775906e-05
1.9372780150366002,8.36064081288769e-05
1.7614115673707402,8.384581388222764e-05
1.5974170503186031,8.410761548297044e-05
1.4425355076895776,8.440563882340456e-05
1.290048188732869,8.485231029490771e-05
1.1324356709437775,8.542326899668238e-05
0.9642027619458275,8.57123149764246e-05
0.7833098454658276,8.591874201597349e-05
0.591532817081336,8.60404155639267e-05
0.39584326617870225,8.611827589302563e-05
0.35148126309063493,8.612670998707534e-05
0.49538216236330973,8.608062827115479e-05
0.699469815728353,8.598345064026648e-05
0.9099676383039044,8.581756888978697e-05
1.1149174347914512,8.554066508105891e-05
1.3138229333404021,8.522048356655792e-05
1.509833078480118,8.458448178338359e-05
1.7062372770941392,8.426858653414187e-05
1.9013089374189536,8.4012217430206e-05
2.065298452231229,8.386376530970754e-05
2.0495121010175126,8.379771369944652e-05
1.898096226188404,8.390763994598349e-05
1.9900113809650881,8.346937714598439e-05
2.1716960574771083,8.362255869099845e-05
1.9670151819138049,8.345995258115887e-05
1.7710173050737223,8.375372890206869e-05
1.5916041515714872,8.406225644100894e-05
1.42508912235462,8.436034296126552e-05
1.2643235508146928,8.487450030376809e-05
1.102326903375864,8.545760692740242e-05
0.9351080669682479,8.572321680137314e-05
0.762937380427476,8.593119452538294e-05
0.4778382293721815,8.608470714210344e-05
0.5897438531322454,8.603871280044727e-05
0.7762354454876494,8.592755589756865e-05
0.9913551786993262,8.574131090211928e-05
1.2166243622108583,8.545833631488842e-05
1.444923506971225,8.509640944252834e-05
1.67107329271387,8.456339134337816e-05
1.8828376088927385,8.419117771811008e-05
2.0305219687571037,8.395779273370337e-05
1.9982674513281133,8.390978648851442e-05
1.8483529853448044,8.407617817908324e-05
1.8248590117019574,8.372315035785798e-05
1.9952354891833344,8.339284393042002e-05
2.1537560931931967,8.257881733414034e-05
1.9702328046658986,8.330159941940694e-05
1.7614202253996443,8.368370074603819e-05
1.574049088079414,8.400582596901213e-05
1.4043788692523744,8.432061687796264e-05
1.245010694664908,8.487261435360524e-05
1.0895459486412904,8.545509137149578e-05
0.55828379436649,8.605144145797172e-05
0.6479428024107516,8.600565599778177e-05
0.8284405841177627,8.588288779981175e-05
1.0550855204644247,8.5673262146972e-05
1.300727348381929,8.538064835510077e-05
1.5479621434825857,8.504588224779672e-05
1.7771017237453024,8.445711988487486e-05
1.9416123341229532,8.412258577307773e-05
1.940232175878998,8.404049598911298e-05
1.7995570474548832,8.421892487095185e-05
1.6945911730207186,8.400079016480972e-05
1.8540830391693925,8.368271910005155e-05
2.016125724562835,8.33092004568736e-05
2.1393672799432206,8.254210062167015e-05
1.958182120769391,8.319874234834008e-05
1.7460992655212206,8.363137550673287e-05
1.5596860120935954,8.398940909766714e-05
1.3952953881500767,8.432234186921331e-05
0.5971381066404002,8.60295785512757e-05
0.6767623189691901,8.597404479622276e-05
0.864176040104304,8.584314807257641e-05
1.106431534186375,8.562161126615526e-05
1.3657361327851623,8.529810563527177e-05
1.6139582304555697,8.485956101493924e-05
1.811535871303035,8.43403483642395e-05
1.8654634483892658,8.418825272320357e-05
1.7453350257661853,8.43309587974212e-05
1.5884230107929143,8.425215138603892e-05
1.7400234794137541,8.397702168273554e-05
1.8920460067309954,8.365532975155352e-05
2.039743081483764,8.320922561958039e-05
2.1305559020682536,8.252118773038788e-05
1.947187702075251,8.31595586833376e-05
1.739064266895684,8.36165651350422e-05
0.6113636606596119,8.600180980911333e-05
0.6943020179613673,8.595437654531306e-05
0.8964189654830144,8.58109965979025e-05
1.1518812944653996,8.556177846004814e-05
1.4143937612098179,8.520750528698466e-05
1.6451960820235831,8.465341250741738e-05
1.766166031633614,8.434910911414342e-05
1.6823230070775754,8.44532769897875e-05
1.5029926074612403,8.477213261996637e-05
1.6395341465146387,8.425938969083824e-05
1.7833433397541743,8.395146752465802e-05
1.9225957630433976,8.362629829052194e-05
2.0546891916824706,8.319458007837145e-05
2.127378714221002,8.252436519156932e-05
0.625729389599177,8.598171367492417e-05
0.7205201111651065,8.591798788394252e-05
0.9355823862592283,8.577137661037897e-05
1.1959520357315516,8.549074721942599e-05
1.4500143313598435,8.50460902068233e-05
1.635474859902344,8.4566788428732e-05
1.609346039570974,8.457667188035934e-05
1.4375783228418846,8.492418724128972e-05
1.540927130533104,8.44902823325303e-05
1.6782169750669451,8.422938839634003e-05
1.8091949392310185,8.393557786574477e-05
1.9341512570246167,8.360066466585243e-05
0.6590753494518317,8.596742704533692e-05
0.7641409298423498,8.589703782492678e-05
0.982662871003484,8.57129719280149e-05
1.2378514778344574,8.539528066607022e-05
1.4692012173271003,8.494493097939071e-05
1.5269541386973104,8.471073467064812e-05
1.37404495584985,8.510053330145541e-05
1.43722077680589,8.482308997939065e-05
1.568512159547281,8.447747824621793e-05
1.6924831689825655,8.422185231624925e-05
0.7116467238186769,8.592746021342307e-05
0.8181964913760681,8.585459394400422e-05
1.0302183729331456,8.564575945109371e-05
1.2729312813456066,8.53511746399963e-05
1.4335716315270137,8.492126490250291e-05
1.322617847273126,8.526743309573385e-05
1.3265297877616415,8.520341068675033e-05
1.4509976650827785,8.477759636568679e-05
0.7689196510692554,8.588909169966857e-05
0.8685211810901673,8.58100720572814e-05
1.0693840284039158,8.562654376482891e-05
1.2972827426697167,8.53289846234142e-05
1.2984376629283485,8.534564595859178e-05
1.2207762693605952,8.546195803247754e-05
0.8149940158773735,8.586790324579834e-05
0.9035371421423745,8.579947264700351e-05
1.094747477706915,8.562491824154334e-05
1.31598351660133,8.52767619219509e-05
0.8399985301991902,8.585918220089054e-05
0.9163667788726311,8.58015689425023e-05
0.5333424301796131,8.606859022715042e-05
0.725482668287904,8.596333743132093e-05
0.9153291309788867,8.57877142701188e-05
1.0976837780224442,8.550606406325546e-05
1.2733113708835153,8.503641031612667e-05
1.4464092869607679,8.44723679865054e-05
1.622894899876387,8.420013996331982e-05
1.8076137014488625,8.392692183675069e-05
1.9993571581671232,8.368142045950422e-05
2.1271864279934065,8.3750517047456e-05
1.9920172186706224,8.37049152850595e-05
0.6295560009156579,8.602217623277621e-05
0.8096268455089514,8.590080212924738e-05
1.0040164637181044,8.569788198226527e-05
1.2047999452363811,8.541392253607641e-05
1.4098989770168817,8.496304153606721e-05
1.6192664472865916,8.441224352850014e-05
1.8307367087926039,8.413107531204608e-05
2.0271189368625055,8.38917198974288e-05
2.092465164918336,8.380194784550508e-05
1.9669877022213305,8.388460301659075e-05
1.8843492959647634,8.392977307337643e-05
2.0113455981569364,8.361790274630109e-05
2.1746649560672364,8.365614407500167e-05
1.9989394496527806,8.357346422230455e-05
1.7863662141517027,8.386302070593571e-05
1.589139148035414,8.416507115450243e-05
1.4058473354122787,8.445704786696532e-05
1.2313640548145723,8.508685740709223e-05
1.060497244826771,8.55403361768472e-05
0.8908182412834926,8.581165962272655e-05
0.6976119556734122,8.597758397310499e-05
0.8685257945145027,8.584983459151235e-05
1.0737242682133064,8.562566166859728e-05
1.2987982984800983,8.533731684710075e-05
1.5329726579914633,8.495316149414127e-05
1.7643317677313812,8.436730293407827e-05
1.9652071881264788,8.407589414120027e-05
2.037402168510341,8.391071179989699e-05
1.9314251031452419,8.40208888944555e-05
1.8139122408146806,8.415394413905072e-05
1.8768730800482407,8.385110758609415e-05
2.035654405319678,8.34992189732339e-05
2.2080462873102182,8.278835267256171e-05
1.9822443046154166,8.346492283124982e-05
1.7591894953933234,8.383332810304484e-05
1.5593632196084393,8.415740843750475e-05
1.3800053126066698,8.446154928196199e-05
1.21533475692248,8.510101741885858e-05
0.7376393676793289,8.59371590678485e-05
0.9098065967381171,8.58066675001201e-05
1.1312681527756252,8.55687251483432e-05
1.376488832840467,8.525756731245466e-05
1.6230447156074181,8.485592964378071e-05
1.8414041372899634,8.430656828088947e-05
1.9554721831871675,8.406948555021266e-05
1.882434961210661,8.414300043255141e-05
1.749245483408096,8.43250156025301e-05
1.76106827175004,8.409610055826407e-05
1.90202831457863,8.377444246344319e-05
2.0612954491730098,8.340961157535644e-05
2.185396707034847,8.268005992028746e-05
1.96146036086466,8.341285670772361e-05
1.7398689686119013,8.380081086239267e-05
1.5473106269666994,8.414002864359241e-05
0.7600850233627368,8.591503410872e-05
0.9429220241571118,8.576920899359311e-05
1.1805511589040882,8.550301040083033e-05
1.4356905738069408,8.516100810244559e-05
1.674833866188124,8.46505503525023e-05
1.839932262826953,8.427697981643392e-05
1.8175816821685198,8.426274964165278e-05
1.6793487370081177,8.446767607533496e-05
1.6545232460550237,8.433254849222812e-05
1.7845024015427353,8.402738351891689e-05
1.9319958486866637,8.371481092109073e-05
2.0806365658294195,8.331513500283602e-05
2.1697741994688458,8.270787218685222e-05
1.9524057114760782,8.339546767575333e-05
0.7820304876867701,8.588503731241993e-05
0.9783436719550348,8.572507487949419e-05
1.2259717691595104,8.542754524234741e-05
1.4790850521917251,8.500754530029248e-05
1.689010551363749,8.45052947296254e-05
1.7350791098812333,8.440761704393572e-05
1.6015686133753528,8.46059977018067e-05
1.5496148981750395,8.456556901174309e-05
1.6733076434951464,8.428027513403918e-05
1.812495766595811,8.399127245532763e-05
1.9510201324147616,8.367831058982967e-05
2.0877410865171977,8.32861062989364e-05
0.8167063604086906,8.585540470202437e-05
1.0211202917521434,8.565719747890878e-05
1.2690556671770774,8.533026948178827e-05
1.507332760531187,8.488489050814357e-05
1.6324730257882922,8.455738714457594e-05
1.5184656806314536,8.477109238898696e-05
1.4397338949502743,8.497419385055974e-05
1.560890255901486,8.452506370545875e-05
1.6938737423259962,8.425631585324636e-05
1.823716147111955,8.397586746541633e-05
0.8645858228616354,8.579776806614124e-05
1.0676895954882042,8.560579660275e-05
1.3067524458681903,8.524887844328168e-05
1.50240269998298,8.484146673073385e-05
1.4375864696651113,8.495319181251596e-05
1.3287432340186074,8.52540568216568e-05
1.4438604660654653,8.495914745865062e-05
1.571092030298742,8.451076848894535e-05
0.9153100236321938,8.575561580770109e-05
1.1098116090945165,8.556053878480582e-05
1.3331421491625577,8.522695699625492e-05
1.3708061643762406,8.513391125555613e-05
1.2520656005498814,8.539793614260709e-05
1.3199394479935807,8.52531983999193e-05
0.9568077257136625,8.572187513826943e-05
1.141165674806201,8.552080219378229e-05
1.3276631812001356,8.523836652424192e-05
1.2693036638417978,8.53961071958983e-05
0.9809751138418604,8.572620635991772e-05
1.1562432477836762,8.552747596831487e-05
0.9684088597621378,8.573908082442692e-05
1.1463939936276215,8.546750476941932e-05
1.3397467122895728,8.502764254401193e-05
1.5478457926248184,8.445096840318992e-05
1.7688965256682871,8.415766295815184e-05
1.9937706016223256,8.388485457286859e-05
2.143505859139713,8.37662913804131e-05
2.0317915127240602,8.380416809126394e-05
1.8992956624029285,8.404026681071088e-05
1.0253482759196078,8.56718904854779e-05
1.218761579457126,8.540704991852597e-05
1.4384461891761415,8.50307324373108e-05
1.6731770680051852,8.448692758134344e-05
1.9044001720476387,8.414298638903467e-05
2.0692384442559293,8.391027430495282e-05
2.016732039642488,8.39355271148898e-05
1.882726509193164,8.415607919848353e-05
1.828028983464089,8.423017603403148e-05
1.927838893460442,8.397051467192129e-05
2.084195340385129,8.369988992353615e-05
2.1755303865350895,8.372268844157185e-05
1.956000227457358,8.386058916041193e-05
1.7215493227042005,8.416074560760922e-05
1.5061385770664042,8.44568561714994e-05
1.3143711942672387,8.501678696001162e-05
1.0715063775545546,8.562549321631724e-05
1.2817290258489935,8.534154572883511e-05
1.5185503372146985,8.488224902727263e-05
1.757080496636776,8.44438955370768e-05
1.9509630355789274,8.411173011130135e-05
1.9663802619162294,8.405841050772928e-05
1.837025638382958,8.427220521235977e-05
1.7472164807005945,8.440377294465273e-05
1.8122927453673041,8.418769008166751e-05
1.9566856918817606,8.387766438057571e-05
2.1199862329031385,8.360629143526286e-05
2.1716356454438093,8.359697421406202e-05
1.929447695287192,8.384636651172572e-05
1.7033315343685287,8.416779045519767e-05
1.1134025974064827,8.55769863179286e-05
1.335722192119667,8.526175979796274e-05
1.5762458050828467,8.481961757216741e-05
1.7950975434564922,8.436739820507777e-05
1.8833975685036672,8.42048433898886e-05
1.7677074233842176,8.440555010649526e-05
1.6500018642063077,8.462501813044739e-05
1.6899503453872124,8.440849353240842e-05
1.824715710182747,8.412406237442534e-05
1.9783191951694448,8.381744232443714e-05
2.137305335345598,8.352733458218526e-05
2.1630304336990247,8.355002740729006e-05
1.1562193463717874,8.550549770525453e-05
1.3823774280658414,8.512957535893285e-05
1.613378717068333,8.470293463201432e-05
1.7678110475761153,8.438228539782083e-05
1.6803381746414303,8.453676328113776e-05
1.5402889330577856,8.493236731670658e-05
1.5616505460674532,8.480160773393782e-05
1.6917339311724662,8.43726911380656e-05
1.837327077845174,8.409263813061205e-05
1.9862973810018314,8.380932738910728e-05
1.2005278406130575,8.541991915298867e-05
1.4213407703884464,8.499895901885641e-05
1.6194842508262128,8.459986105495025e-05
1.5822696318760419,8.468693214029588e-05
1.4288176184684036,8.513113253926513e-05
1.4201535903777793,8.511762466933994e-05
1.557741399384809,8.461192979529868e-05
1.6968023508422807,8.435350676361243e-05
1.2417158485020319,8.532956782665462e-05
1.4466021342095376,8.496912294154013e-05
1.4837186787006766,8.489931874300244e-05
1.337495622068847,8.52628893505366e-05
1.2973520029220766,8.533358169109996e-05
1.4249675660161292,8.50991465445542e-05
1.2737951893372743,8.531561642760288e-05
1.3961989297014479,8.499643822284476e-05
1.2912251931722494,8.535275569286182e-05
1.216888220575517,8.545632491107117e-05
1.2958935520644315,8.525016635517383e-05
1.2979636971204969,8.533075668428862e-05
1.404469405019217,8.505567882305832e-05
1.6208317600251418,8.447953001752229e-05
1.8542601022266811,8.41720362210396e-05
2.07043392069547,8.390477273551448e-05
2.0833398459603734,8.384945730707131e-05
1.935457976403181,8.408759871622896e-05
1.81196506762117,8.432328731933518e-05
1.4805457730763238,8.492264866022632e-05
1.7055906210110603,8.449076252567841e-05
1.9254944758951715,8.416209195685965e-05
2.025410574069555,8.39933916088679e-05
1.898783942655251,8.419488226706577e-05
1.7553762002526212,8.445399033311701e-05
1.708979817566455,8.456319375379912e-05
1.8142236417847848,8.429392417834785e-05
1.9701141275994831,8.400508572447333e-05
2.124941756014071,8.377990471342549e-05
2.0561681803714373,8.390729534352195e-05
1.834185588451658,8.418953259749436e-05
1.5391138529608221,8.483708410043117e-05
1.756735125635618,8.441997938389899e-05
1.915966712973458,8.417215414244118e-05
1.8267689744697733,8.433420864065503e-05
1.6672663940103305,8.464740369630741e-05
1.5809657215822237,8.491747220751755e-05
1.6733284466377578,8.452116728054162e-05
1.8232880012164445,8.424087699982594e-05
1.987019602260341,8.396843990857472e-05
2.1389956117708158,8.375687618845845e-05
1.5814320937894306,8.472646667855786e-05
1.7677595227548386,8.440780985352598e-05
1.729154901350018,8.448921601946455e-05
1.5605226958364722,8.482351358695272e-05
1.4473928102372404,8.51510180066228e-05
1.5253604662986056,8.491965789117848e-05
1.6696011858846427,8.449370209890888e-05
1.8276809386598876,8.423278613192697e-05
1.6024702309026166,8.463288280009976e-05
1.6162717592294846,8.464979240360283e-05
1.4520974543874332,8.502128814257332e-05
1.323255282873732,8.533692223430944e-05
1.381857630886492,8.52181818867624e-05
1.5189733691435776,8.487886157864553e-05
1.5001210214554315,8.482135988975242e-05
1.3615968229083262,8.518725094606582e-05
1.2457906377607133,8.54230751678618e-05
1.2489791550525888,8.544113878141419e-05
1.306165429757781,8.530303354169352e-05
1.2467464746024404,8.540407508539623e-05
1.9110990831798482,8.417874825495984e-05
2.0530926877581734,8.396353707086068e-05
1.933600356513049,8.41412515648352e-05
1.7665481658350766,8.44193198784618e-05
1.632610655025331,8.477958077886437e-05
1.9215933765639148,8.417335046360223e-05
1.855031505545705,8.429582859607083e-05
1.6811645612186439,8.456103647866313e-05
1.5267281803767148,8.49900421617082e-05
1.4866306760563957,8.510394270871589e-05
1.6094336527755964,8.467228593390319e-05
1.7739128268688877,8.439133252359325e-05
1.9444045850501943,8.411962281686866e-05
1.7453146730320628,8.447000327411645e-05
1.5738618087071732,8.47439269909281e-05
1.4126947107317427,8.51843094717114e-05
1.3345328073355733,8.534757545656003e-05
1.4516144963252968,8.510172048146116e-05
1.6065013948364668,8.463829043147538e-05
1.4616862807636275,8.495879633002871e-05
1.3156063375298657,8.531957206077721e-05
1.2255676039350505,8.547729763504681e-05
1.3112929901312091,8.535633516228231e-05
1.2568218462340335,8.539883000924707e-05
1.2016377424636415,8.547939357936414e-05
1.6860657933953889,8.45553951802504e-05
1.5150551106812862,8.49012478696848e-05
1.3759622583661761,8.526847098631622e-05
1.4105922430574396,8.513992184321809e-05
1.2770185389616848,8.539364086299341e-05
1.2443278147576264,8.546246941658506e-05
1.361278905498232,8.5253366669872e-05
1.2156091815838106,8.546640534524485e-05
1.1672605357698989,8.553598675006992e-05
1.183732996781312,8.551958604045957e-05
0.43832018496303815,8.610005319827267e-05
0.8619545838973622,8.58878525941571e-05
1.2581925856884562,8.555466224949007e-05
1.6179694331764571,8.511416187497786e-05
1.9367678168101787,8.45567666279656e-05
2.2142699442753115,8.390931949549543e-05
2.4527415453417123,8.345337617185982e-05
2.6548276685297556,8.302111082965272e-05
2.821689010149269,8.264908016399269e-05
2.6511234008912696,8.222263869438624e-05
2.4536341928963834,8.255465598810258e-05
2.269294525454693,8.269493596682967e-05
0.5617215648513616,8.605687926952526e-05
0.8835838726029985,8.587709067921437e-05
1.2364529615452817,8.557284947163325e-05
1.57804376733411,8.514529406526407e-05
1.8902766239328634,8.461804481365316e-05
2.1665535209418447,8.398085144771358e-05
2.405920008872966,8.353477549245868e-05
2.6078520477944047,8.311685747882828e-05
2.72296404348448,8.249367100185102e-05
2.556793857670134,8.244343906685347e-05
2.3676366401292266,8.265279683689548e-05
2.2733516316442675,8.260060839389442e-05
2.3334589850862315,8.271873785357674e-05
2.2155735808226282,8.26416849421093e-05
2.3940692060779387,8.266211481840289e-05
2.592468392009249,8.233371212528611e-05
2.7217252402947816,8.287334764558805e-05
2.541266695055891,8.325926798260239e-05
2.3242602320375263,8.369671365370032e-05
2.0705518815646413,8.417131740933166e-05
1.778952410846113,8.483559596500246e-05
1.4508850085295504,8.532510459722109e-05
1.09413262316879,8.571004582226867e-05
0.7295321975881024,8.597078730103818e-05
1.1089644843099078,8.569910610409427e-05
1.3921998348520108,8.53700566419043e-05
1.6828742147581832,8.49268486840404e-05
1.9581651246130183,8.438083081741947e-05
2.2066960263223234,8.387406468345574e-05
2.4228621751144046,8.346969615849866e-05
2.5974167579223906,8.310512291464759e-05
2.669475527139757,8.274412512537894e-05
2.5476523001333278,8.263464188817982e-05
2.4018960530664883,8.270955342589036e-05
2.4373876769957055,8.273360400800563e-05
2.6146828442617567,8.255764471769423e-05
2.3974961048478023,8.273406498447594e-05
2.1796538730683284,8.261286612912754e-05
2.3657299177560525,8.280075386874059e-05
2.5629921851260344,8.243640053487807e-05
2.63861515449112,8.30396676398935e-05
2.4557897221920935,8.342700272301997e-05
2.238333246980587,8.384757655906003e-05
1.9869427367890256,8.438469817349723e-05
1.7040994378703538,8.494467958923296e-05
1.3987137657642874,8.538499424517258e-05
1.6218748137756833,8.500523009018397e-05
1.8666344643056028,8.450971311080966e-05
2.1001858030387126,8.402573801917878e-05
2.309310742979378,8.365897149181544e-05
2.4849151468060855,8.331086088126227e-05
2.6103032503687427,8.304084614543932e-05
2.6427700534354774,8.288082283494334e-05
2.5598747408613205,8.28816732414391e-05
2.4649999853262834,8.298803478082667e-05
2.5199042262700946,8.296697901880334e-05
2.671491197437675,8.275934778863369e-05
2.6951759166882683,8.225542540370168e-05
2.4508825869585094,8.272510095374666e-05
2.228466304185002,8.358327611472936e-05
2.3666267160716394,8.289495395170774e-05
2.555114494499364,8.246113798817867e-05
2.5796412500327253,8.315538041774436e-05
2.403825123976772,8.351984984274782e-05
2.196334033667801,8.391245334312502e-05
1.9601589206555583,8.444959222410906e-05
2.0696105692030207,8.406764790500044e-05
2.261175493863868,8.372076472445251e-05
2.425843920691539,8.340558648763403e-05
2.552452370245144,8.315456363747102e-05
2.6249525461478793,8.29838797018342e-05
2.6213541245042955,8.295251524523362e-05
2.542452870480557,8.306691588186161e-05
2.452230955594131,8.323329592573575e-05
2.4769380877906957,8.324656224013548e-05
2.603310395972137,8.302801785191567e-05
2.7451755179480024,8.275029664028314e-05
2.7545857258456494,8.216999880495882e-05
2.4877833305566757,8.272317226067502e-05
2.2698200184711457,8.356561024099595e-05
2.380531391125576,8.294236474883828e-05
2.5566145600774446,8.250064388994458e-05
2.5491215771876665,8.321521218617732e-05
2.38647286001037,8.354743684738919e-05
2.4085800338734864,8.344007223183596e-05
2.5260983042890137,8.319657187122306e-05
2.6031702457207992,8.302832534466277e-05
2.6286667275477713,8.296432405118554e-05
2.592596833231423,8.302468221757607e-05
2.499553236485679,8.320150427466606e-05
2.3885961970357403,8.343368318813218e-05
2.363979081283439,8.353652460028644e-05
2.4690318750066744,8.33447501549528e-05
2.6009889635637475,8.306510054762356e-05
2.734909266541046,8.277777380846912e-05
2.7935526921263083,8.21224283518723e-05
2.5084831991171943,8.273790231456469e-05
2.295690929808785,8.353684091709068e-05
2.3914156013878225,8.296457190385041e-05
2.5581963087469672,8.251276917034047e-05
2.5960752313577724,8.303743771573838e-05
2.627425533850827,8.296840682204771e-05
2.612953934565653,8.29819977735972e-05
2.5477530627193485,8.311702842831936e-05
2.4353926745586967,8.334223456177855e-05
2.2987994200164,8.36278790423241e-05
2.216679387775681,8.382964724153837e-05
2.293711360626608,8.368969126808305e-05
2.4350451326841154,8.339553116981805e-05
2.604834419143801,8.304992404003172e-05
2.7106443941003446,8.28196691827384e-05
2.776794423055415,8.2671808042961e-05
2.5170407105339847,8.273561140005533e-05
2.3045312786580427,8.352616021443728e-05
2.618556669210416,8.297555783978515e-05
2.570772972674053,8.30705778395579e-05
2.480423674945825,8.325524518939268e-05
2.349348299998832,8.351458348177764e-05
2.190742778869083,8.382493358853974e-05
2.0551176463385707,8.411019488239587e-05
2.0896277824238823,8.405547163756144e-05
2.2425770403268586,8.375015977307422e-05
2.4408184273151923,8.336801101576155e-05
2.5851274434704092,8.307558806544348e-05
2.693925921722972,8.284664585805288e-05
2.766760568104812,8.269103689393712e-05
2.496263323966884,8.32231014386726e-05
2.3857558590339933,8.343639195285851e-05
2.239880135942925,8.37195002170559e-05
2.066699085758613,8.403843947476091e-05
1.8942183348309487,8.434690585634167e-05
1.866501902561952,8.443693436895015e-05
2.0314300686651996,8.410919517340232e-05
2.2114085978210767,8.377668830889922e-05
2.4280330014408023,8.337750777706912e-05
2.5773344200903647,8.308366185502343e-05
2.2608633225838393,8.367792424237167e-05
2.1063957965519413,8.396580049015291e-05
1.928562682395141,8.42585670967875e-05
1.7434155312088278,8.455164572428861e-05
1.6390780434618246,8.482783685996469e-05
1.80671870795033,8.444552763637667e-05
2.0101358709837918,8.411059374246269e-05
2.242417775566856,8.372136951609683e-05
1.9510239409925496,8.422626282909699e-05
1.780477700891124,8.448614678734136e-05
1.607513422922402,8.472588796836792e-05
1.459299508089127,8.500360196433442e-05
1.5711511737079895,8.490891486210131e-05
1.796216701917721,8.444748299284812e-05
1.630791112955334,8.469909678713658e-05
1.492812961808117,8.486929584930723e-05
1.3830233168629398,8.500401528022354e-05
1.3294401886341263,8.532702650297462e-05
1.4100702348976208,8.496420862167355e-05
1.370957199074981,8.501414222600788e-05
1.1727533691518084,8.56366600464615e-05
1.4860732191569472,8.526477789463559e-05
1.7884820549792537,8.478078847967767e-05
2.06444053387669,8.414329931044157e-05
2.3078002623018214,8.37103853886836e-05
2.5160061588405034,8.3293951981085e-05
2.67177158070092,8.288925539466414e-05
2.5782340672794333,8.245273804926587e-05
2.387962064855133,8.267816901701068e-05
2.2733994990849515,8.260842945442999e-05
2.4385538307285306,8.262962038457645e-05
1.6519401692863893,8.496891101454102e-05
1.9112569362355054,8.445748455574757e-05
2.1515938348264925,8.395558618643425e-05
2.363620794858649,8.356644678460159e-05
2.538797353592689,8.321874565242516e-05
2.6452476104768414,8.292221316949044e-05
2.590580822341926,8.272974135949814e-05
2.443238448253079,8.280311866988857e-05
2.410270700228315,8.283407628562169e-05
2.571742167390154,8.268753076805722e-05
2.682184797373877,8.223634998805123e-05
2.462417992402812,8.26821996764212e-05
2.246185864337522,8.268693407223812e-05
2.3857900168678796,8.278201416288863e-05
2.5736840677804,8.254757134600013e-05
2.61469639948826,8.304804008405955e-05
2.453766388583665,8.341066657471051e-05
2.2508156179700882,8.379954393213145e-05
2.0165555781908844,8.426047871516176e-05
1.7570274837167814,8.48248120577321e-05
2.0845695932338097,8.404517408626657e-05
2.2842371947235303,8.369188349080881e-05
2.453752889061392,8.336761934175821e-05
2.5799940647105712,8.31015678350172e-05
2.6351470186755015,8.294051626112433e-05
2.587887171085029,8.293414718020746e-05
2.4792100866737603,8.305652692990505e-05
2.4516021837520072,8.312803909883838e-05
2.5778678692624224,8.297283496104227e-05
2.724436802848974,8.274520523009278e-05
2.718968773764945,8.241262489636627e-05
2.478345253036944,8.272856421061224e-05
2.2294183483644354,8.352315977786372e-05
2.394854783736194,8.28498975947308e-05
2.5720625749384878,8.26129780067379e-05
2.576998967625261,8.312950869468499e-05
2.42268048701447,8.346158037874052e-05
2.2323371449784783,8.38282083273098e-05
2.4169702638957906,8.34223840094299e-05
2.538613453239045,8.317202098304311e-05
2.6134695567925346,8.300574741216954e-05
2.6248219674748197,8.296350184044393e-05
2.5637008400171943,8.305509708693793e-05
2.4564270040490244,8.324952795515685e-05
2.3953258791846475,8.340463280304094e-05
2.4806933232081585,8.327936359389285e-05
2.6157037945738013,8.302050383378554e-05
2.737090726951634,8.277673463963186e-05
2.713988317440628,8.257749216520986e-05
2.483427649693861,8.281886507166257e-05
2.261856619724522,8.358245222151678e-05
2.407234136914131,8.289776205772274e-05
2.5719863826925815,8.264394707796727e-05
2.5639888563515103,8.316277789747282e-05
2.5994870947601623,8.302271290528966e-05
2.6277849279940213,8.296547962464721e-05
2.6021836299046277,8.300515730003264e-05
2.520385391451797,8.316863472074138e-05
2.3981701164825,8.340194054879771e-05
2.2936662752143286,8.364410894011843e-05
2.3304889310312165,8.360581339235133e-05
2.4630823926704957,8.334005259676226e-05
2.617964964554538,8.302105968811224e-05
2.7079035088394376,8.282610919488577e-05
2.69427915020367,8.268743305529964e-05
2.481967743682571,8.288107193883818e-05
2.281274979049462,8.354812722918347e-05
2.4125778357481655,8.291424397451161e-05
2.615670755599165,8.297897412046675e-05
2.5587625693020932,8.309183287976314e-05
2.455647542715232,8.330292067734333e-05
2.3153429827028646,8.358079364131332e-05
2.172086181256714,8.387156603462166e-05
2.148356403650182,8.395055688598621e-05
2.279239199524484,8.368541925376309e-05
2.428282960645126,8.338620877386284e-05
2.593626675530138,8.306388331039316e-05
2.6820003734004705,8.286827130647485e-05
2.679287857508169,8.273999065442173e-05
2.4805084122206256,8.29088067865937e-05
2.4881504262075653,8.323594607417085e-05
2.3663331993424905,8.348193742719894e-05
2.2104612900927503,8.37774938635123e-05
2.0400052176327836,8.409321625014875e-05
1.948743627855258,8.428659155850234e-05
2.073052993537583,8.404055619723702e-05
2.243476843487771,8.37265945393948e-05
2.4409484616783463,8.33491119244835e-05
2.5777701194794744,8.308135404465987e-05
2.672034098821803,8.287596984374188e-05
2.250008630788888,8.370232345321256e-05
2.0844018280082968,8.400061916901835e-05
1.9009927267864692,8.43106973845194e-05
1.7516006534813215,8.463247026466659e-05
1.8513423003310325,8.43886079282388e-05
2.043651476477612,8.405865351371539e-05
2.259338603905074,8.367886059113841e-05
2.4342270460371838,8.335572502478233e-05
1.9392585041343484,8.424590550452647e-05
1.758346892518958,8.452424496381814e-05
1.5869532995638902,8.477333828914977e-05
1.6196886312379335,8.481021881874697e-05
1.8314112360893169,8.438420196147349e-05
2.035397287326014,8.40656882098969e-05
1.6185184874906853,8.471124458988008e-05
1.4694388617585474,8.490126628331423e-05
1.3901651008158535,8.519762855511817e-05
1.6076796682182086,8.480775901277828e-05
1.3963607130884248,8.49818284595658e-05
1.3437742108850834,8.510915083511683e-05
2.1343743920262983,8.397834262679727e-05
2.335296914326804,8.361600537743701e-05
2.5034164760390727,8.327906724348789e-05
2.615521606727345,8.300953827228799e-05
2.59353046477549,8.279347244473903e-05
2.4491592667840067,8.285873862675855e-05
2.3545506692434013,8.290280457166403e-05
2.5196937629564484,8.282387338814481e-05
2.71385513340115,8.262198017488803e-05
2.4436362592164365,8.338056815867753e-05
2.5642012756794066,8.312932546936081e-05
2.6236807915187628,8.296885452138147e-05
2.59175556566703,8.295451183379458e-05
2.480822818036055,8.307678881034016e-05
2.385838711914268,8.322086051034385e-05
2.4782768641578974,8.315475816585919e-05
2.6340954198960653,8.292028079778751e-05
2.7322534814282093,8.277626114482756e-05
2.6625542208478175,8.277199521368532e-05
2.4664568164640728,8.296815085882308e-05
2.3087971961329536,8.297909000102217e-05
2.454844590111839,8.291471189279658e-05
2.5906781408149784,8.284235167340455e-05
2.598888584638918,8.30457653544187e-05
2.4916639864354924,8.329897983651598e-05
2.6092091460786553,8.302283581147024e-05
2.6235315455624284,8.29640705451987e-05
2.5709331923637144,8.303999215324594e-05
2.461386501258886,8.323469148562025e-05
2.344932366257662,8.346178359850792e-05
2.3648724068381677,8.347298198640108e-05
2.502488461072948,8.322582205436855e-05
2.622380926943598,8.300096072256002e-05
2.686241666422586,8.286056282280086e-05
2.6149085291541603,8.289244582388919e-05
2.4236330213911277,8.308742444438533e-05
2.298319626750307,8.310453745005595e-05
2.460074497936211,8.293195060278895e-05
2.589286919710929,8.286465414577386e-05
2.60449996298864,8.299890241211412e-05
2.5290986837268856,8.315246015590866e-05
2.407720608321636,8.338210552620058e-05
2.267212939545544,8.365925106846554e-05
2.2153734705380304,8.379065397203211e-05
2.3371287240598146,8.355908197870261e-05
2.477127784567367,8.328419353364816e-05
2.6030522641614855,8.303084961989948e-05
2.6449344221967266,8.292582434510041e-05
2.5812960699197207,8.296245052760417e-05
2.400375240050027,8.316435260740903e-05
2.3007992448481844,8.314624428459627e-05
2.4621127937008396,8.328744601239266e-05
2.326149682916276,8.354633875088185e-05
2.1657979105678242,8.385387989270449e-05
2.0499304954896598,8.40952270446801e-05
2.1479103050770907,8.390249934206148e-05
2.3074769103870407,8.359654731951403e-05
2.470096662956244,8.328424650563341e-05
2.576244100504824,8.307042393974108e-05
2.621388898267812,8.296496510179931e-05
2.569174818312996,8.299020234147478e-05
2.218035165073904,8.376134906324268e-05
2.0447768419816215,8.406558856621542e-05
1.8843207563003683,8.43587419548539e-05
1.9426287755754599,8.423668298164987e-05
2.1213478098074874,8.391228841803788e-05
2.2867196601033393,8.361082911051886e-05
2.455909600878329,8.330117156647649e-05
2.5662264443443292,8.308663388942998e-05
1.907229923062571,8.42974768671279e-05
1.7291398039121164,8.457476461707368e-05
1.7286769319995727,8.458340351664519e-05
1.9229328038748337,8.422477829892964e-05
2.1109011117091523,8.391554758183827e-05
2.3013389440348573,8.35802727768984e-05
1.588829738252803,8.475788273985058e-05
1.517374487603585,8.495525354161815e-05
1.7147927704262516,8.45362412834284e-05
1.919845630880296,8.423049316495802e-05
1.3651003730861073,8.50961987471899e-05
1.5030703376213617,8.494864631529246e-05
2.6192277157885235,8.29822575307708e-05
2.5915614205096995,8.295717069274684e-05
2.483391438761209,8.307687743054931e-05
2.350147152770891,8.32655086533364e-05
2.3886313066161864,8.329210835967779e-05
2.5515731569592197,8.307123328389321e-05
2.6556808345176948,8.29258494309095e-05
2.572779416759921,8.304057326128654e-05
2.4653153492544706,8.322012081906122e-05
2.327615663871744,8.346897588942852e-05
2.272935360299061,8.360361525991413e-05
2.4076591283586692,8.338598863605319e-05
2.5349923679315656,8.315501507044675e-05
2.6080108494135232,8.302116237850084e-05
2.593407813610145,8.303307715486544e-05
2.489699575170095,8.318072474687695e-05
2.325720647344634,8.337922633924986e-05
2.341626995019244,8.329096833518075e-05
2.4848908900012088,8.308004364648505e-05
2.411521673996511,8.336246814130414e-05
2.263072116264354,8.364969796757076e-05
2.1440348758466055,8.388002009319733e-05
2.240864213237754,8.370468065900813e-05
2.387591060358841,8.343062080817481e-05
2.497356240961096,8.321649884146675e-05
2.565683856495439,8.308848941570011e-05
2.5522611965106012,8.310434769478808e-05
2.456900674624457,8.324872037927145e-05
2.3030010452604994,8.34023266700493e-05
2.1670780653948367,8.384174203503825e-05
2.0109186650220927,8.412831572703123e-05
2.0591406917787736,8.401936408003784e-05
2.222632439957233,8.372058021630656e-05
2.3640726007279995,8.346250256245302e-05
2.4820444595482405,8.323771555232963e-05
2.542116900761888,8.312102864156298e-05
2.537900065079877,8.312535693004512e-05
1.8725126340864298,8.435909138417851e-05
1.8703489258181942,8.432281468242632e-05
2.045539644567521,8.402682602294148e-05
2.2111725598996257,8.37317501504561e-05
2.360064168894671,8.346285194922511e-05
2.472928489351635,8.324578427466208e-05
1.6845498696187788,8.467513873804911e-05
1.8604038984244298,8.431779690268167e-05
2.042474597293172,8.401585351151742e-05
2.2071347480638024,8.372895101180912e-05
1.6742065633461247,8.458186036086572e-05
1.8608724330698485,8.430735827228962e-05
2.325113156109951,8.346685392688691e-05
2.223138896450942,8.366137693346755e-05
2.3455141444197385,8.348081393639504e-05
2.4720608243483806,8.326039512240916e-05
2.5396391606923387,8.312959844059806e-05
2.1229804562278116,8.389990626191045e-05
2.189061195486857,8.37734459679222e-05
2.332056379629103,8.351737886532306e-05
2.438691055712014,8.33196594079612e-05
2.498467976435779,8.320240222271113e-05
2.4996754993129624,8.31969341850268e-05
2.4394417084095577,8.331309733868847e-05
2.3241563531977194,8.35094307141232e-05
2.027706565560291,8.406192249530045e-05
2.179710454242147,8.378816692796039e-05
2.314711513184456,8.354117907304318e-05
2.4140622293389997,8.334453112464445e-05
2.476494206245962,8.323273560166013e-05
2.485845926293572,8.321858711077097e-05
2.0200608448547266,8.405543228015368e-05
2.173545689380646,8.378408448868955e-05
2.304399243717254,8.355797799936774e-05
2.4086653250074894,8.336229327470542e-05
2.0196283572123686,8.405060623922315e-05
2.1713450730811075,8.378686099134118e-05
2.313397160734821,8.354459156539336e-05
2.4086106584676363,8.335409802285288e-05
2.4574958966045766,8.326209619711876e-05
2.298141837946478,8.356371155871564e-05
2.3860006934491493,8.339517301913584e-05
2.436089606096749,8.33021810455293e-05
2.4445233172495064,8.328526312020631e-05
2.288905428838237,8.357642795088488e-05
2.378084224720595,8.340967697360464e-05
2.4230406721577302,8.331952498474561e-05
3.8168031925776456,7.96130258372689e-05
3.807861495452176,7.964054859888701e-05
3.7794279062349587,7.970990771069729e-05
3.7274747560346935,7.984648797847444e-05
3.647559621361482,8.005124859988628e-05
3.537087258051291,8.033053635651989e-05
3.3968214061126334,8.067201757777839e-05
3.2310607418823567,8.105217749172276e-05
3.046562159821539,8.144055364051823e-05
2.850894130009465,8.185206319153304e-05
2.6511234008912696,8.222151841362717e-05
2.4536341928963834,8.25510717233703e-05
2.269294525454693,8.269175048990674e-05
3.8389027906654714,7.955733110760701e-05
3.8129744848722544,7.962347289536742e-05
3.7375985192041985,7.982292536468872e-05
3.6341974020578327,8.008718763795789e-05
3.503878934597647,8.041467273258418e-05
3.3477360226770077,8.077425753017683e-05
3.170101010269423,8.118370818794131e-05
2.979567303005999,8.158845952288866e-05
2.8342323470312714,8.223613225058942e-05
2.935577682059411,8.232864218058509e-05
2.7357894952355077,8.2067796583824e-05
2.5333433571999926,8.24432485316526e-05
2.4327110076690146,8.259827626038897e-05
2.626054539748496,8.233238913042166e-05
2.811315427831791,8.209536379958747e-05
2.8544279840841855,8.252184665937297e-05
2.7932424991422224,8.19673199720573e-05
2.98970290730327,8.156271259542747e-05
3.1747908210197644,8.117234552300212e-05
3.341459349608821,8.079566105984548e-05
3.4841806265024564,8.045116953800726e-05
3.6004083110760012,8.017529924352588e-05
3.6909735900197527,7.993426639268115e-05
3.759013768543773,7.976677365853715e-05
3.902207336139484,7.940016527585282e-05
3.881522350157694,7.945941394614978e-05
3.77433953012683,7.97482886444872e-05
3.622741863747073,8.013283052127808e-05
3.4451605549919355,8.056188874399492e-05
3.2524407638668276,8.101144466797655e-05
3.0612880680156316,8.143122735115548e-05
2.941387891087989,8.18540346123999e-05
2.994848618979648,8.200796755850587e-05
3.0415864494976246,8.149689945560056e-05
2.8344310615270185,8.19397667129439e-05
2.618376147716214,8.233701276882289e-05
2.786562664321492,8.234764710277897e-05
2.889785690269637,8.231756526674433e-05
2.8787867340680693,8.246957493693286e-05
2.783640520678996,8.271312623990944e-05
2.761306991881165,8.203574759665182e-05
2.955740259447546,8.164735101263385e-05
3.1402739622296565,8.12393074716302e-05
3.308892014730733,8.085031134553364e-05
3.457346286632305,8.051251041618307e-05
3.5843003554687787,8.019969064015513e-05
3.9990534850672717,7.913732032131072e-05
3.980953385445819,7.919496724592811e-05
3.8512153242321006,7.955065661848395e-05
3.670221068229411,8.004289230584178e-05
3.4758815126850724,8.05302506872349e-05
3.300207570880629,8.094870566281738e-05
3.1979899123840507,8.123811608322253e-05
3.208353576165476,8.132009248527467e-05
3.2782114808015925,8.120411461571292e-05
3.1544421676299135,8.129005565061964e-05
2.932171997051912,8.175916492647073e-05
2.811457927210088,8.253680104541579e-05
2.8810200153281276,8.243079159105981e-05
2.8830971480819696,8.245534855902479e-05
2.8258460433614134,8.260187009750416e-05
2.7217720175241054,8.284020522752731e-05
2.747193978232074,8.207331417833328e-05
2.9386039671473703,8.166697375513107e-05
3.1240361823438048,8.126410315354804e-05
3.2981475998043006,8.08866406099114e-05
4.119998651069564,7.880744071751152e-05
4.100250155054619,7.887607492501066e-05
3.962832229625395,7.928211829227755e-05
3.7928694531368934,7.97533542800372e-05
3.6447389294459103,8.015313650229138e-05
3.5595158898853656,8.038037168135454e-05
3.555012898390324,8.04211572310339e-05
3.6110394235984464,8.029982756363476e-05
3.4799467325936453,8.053439143283132e-05
3.2603943729929017,8.106128067526179e-05
3.016385989498606,8.16294900183855e-05
2.827599424721567,8.257924271721141e-05
2.8590991593822404,8.250805962600608e-05
2.841191629284182,8.25535671987461e-05
2.77984625251174,8.270157760754275e-05
2.681098612633758,8.292585180501862e-05
2.7425575353172493,8.208546280343453e-05
2.933475232528772,8.168700360029594e-05
4.255994434772395,7.842333809544651e-05
4.239265712816687,7.849578329747778e-05
4.126642300422433,7.883464062457305e-05
4.014144687278298,7.917635534483086e-05
3.94731446829364,7.93735130660375e-05
3.9416695368988153,7.939545197947172e-05
3.9704946982056204,7.926355144935207e-05
3.79691111493079,7.974214304920864e-05
3.589095897622465,8.028916047816799e-05
3.3483225134169494,8.09010356072524e-05
3.079608340993809,8.150568629567207e-05
2.8021996327056224,8.262897324611046e-05
2.825610903073841,8.257387529251196e-05
2.808222523667752,8.262072726141006e-05
2.7541633111196395,8.274756023734203e-05
2.66693121892371,8.294929710941301e-05
4.398610101220443,7.800165963341103e-05
4.398775641459852,7.801925239754984e-05
4.3388792685850985,7.821708586672702e-05
4.296692742636688,7.836659306886534e-05
4.29816067164866,7.836657664769197e-05
4.240210308544783,7.849920729713797e-05
4.091482832859449,7.894101341130245e-05
3.903459373062701,7.947002338296503e-05
3.6759716737318002,8.007949768212707e-05
3.412052395701727,8.075505443206286e-05
3.119947467982532,8.143764736562245e-05
2.8142025382882134,8.209009275950426e-05
2.8044317234867067,8.261678259340086e-05
2.796039504027614,8.264365461005831e-05
4.539321087253236,7.75715402171555e-05
4.563301035740166,7.751346601568318e-05
4.558978350880153,7.753548144529643e-05
4.550235240926477,7.754592537389257e-05
4.471277993010658,7.780053593777504e-05
4.35154826306932,7.817685367732e-05
4.1894682749403165,7.866103476521483e-05
3.9836779509588616,7.925850382734458e-05
3.7352480123708056,7.993432093872133e-05
3.4498515021085714,8.066234932746082e-05
3.139091275481343,8.139863453066665e-05
2.8204610931576783,8.207945454805135e-05
4.669496857982995,7.716000756879397e-05
4.708278318036635,7.703694089669855e-05
4.703639325459623,7.705742905617704e-05
4.656981607173801,7.72155769154765e-05
4.568277664388102,7.750296300106537e-05
4.435892633653846,7.792099208329546e-05
4.257678276563263,7.848056738892013e-05
4.0330075146828275,7.912091989141836e-05
3.7650229148850176,7.985847427995496e-05
3.462278659065215,8.063073524264512e-05
4.781361238171951,7.680180608081265e-05
4.809505975491402,7.67100875608405e-05
4.794519139134308,7.676447277162756e-05
4.736995803066691,7.695968517577418e-05
4.635689153830569,7.728959183056654e-05
4.488152745992852,7.776155696070374e-05
4.292492032533512,7.83668112114196e-05
4.049594307034934,7.907074911908953e-05
4.869033586363011,7.651219521224981e-05
4.884392961470049,7.646964436054896e-05
4.856971814141619,7.655742377500419e-05
4.786287417886026,7.679807925580047e-05
4.67010812118983,7.718370044184857e-05
4.505812812436095,7.770825066044873e-05
4.928880726247669,7.631604674174545e-05
4.9301307546355035,7.63122469713071e-05
4.8886571489307284,7.645415762333921e-05
4.802903405620895,7.674448393597641e-05
4.959122048238106,7.621266783044338e-05
4.945483454784228,7.625935736744066e-05
3.7576037337339008,7.976809272243151e-05
3.6558293774580637,8.00390183583707e-05
3.5267161076213425,8.035221484849218e-05
3.37283802783668,8.071480694455843e-05
3.1977495120256094,8.111426402654944e-05
3.0083715656772267,8.153123555615821e-05
2.828480754768235,8.196290271763445e-05
2.8575355464184824,8.244939981296982e-05
2.9241460185816646,8.223406647319415e-05
2.8398083722934846,8.210884679180868e-05
2.662997190434728,8.237962730135796e-05
3.822529612894883,7.960886872249769e-05
3.6926848016861844,7.996519211814791e-05
3.5276916892253096,8.037819724315818e-05
3.3422989110322243,8.081435487554596e-05
3.1520461456658952,8.123703526833455e-05
2.9964471409886237,8.161719551190288e-05
2.974468962206883,8.191173380126327e-05
3.0264939374414164,8.189037388171888e-05
3.018519506074137,8.183494423190896e-05
2.8898601715999046,8.19904838920189e-05
2.7633995308334987,8.25229745691202e-05
2.881805667789207,8.230345745247159e-05
2.922024672584632,8.229197060741495e-05
2.882489349678247,8.241120893790193e-05
2.793496504065199,8.255242659964312e-05
2.813340978468576,8.195539477611678e-05
2.9989287389739934,8.153440842995549e-05
3.187005364479482,8.114619159682196e-05
3.3627659024884613,8.074356611344536e-05
3.5205983778201735,8.035650602409707e-05
3.918549413442643,7.938135300569927e-05
3.772543507974323,7.977078373675757e-05
3.5965732881024683,8.023092659552836e-05
3.4232440407928957,8.064857119364415e-05
3.293497841986938,8.099015634172358e-05
3.249068845172055,8.116268920381593e-05
3.2653108904103814,8.116062670795809e-05
3.2610991078978135,8.115755910270253e-05
3.1605689358403013,8.133233742560995e-05
2.9770295933538935,8.169044320192317e-05
2.866394237874932,8.226989356399455e-05
2.9034607890928115,8.232485368664521e-05
2.8924207406764872,8.237648990322141e-05
2.8349333974992508,8.250617244797604e-05
2.749004189047757,8.260071716595346e-05
2.8058499802409393,8.194787928752001e-05
2.9922072071497223,8.156463930403997e-05
3.1818115259398616,8.113205001473506e-05
4.039721096717691,7.90533165640306e-05
3.9030009001927843,7.944809561581477e-05
3.761780288891364,7.982807635962516e-05
3.656294420244031,8.012588316394323e-05
3.6084738109017174,8.026358630533883e-05
3.60310391516405,8.028826640949657e-05
3.5828431455422254,8.032413789009484e-05
3.480509466275232,8.056661303215182e-05
3.2982243299939147,8.099927721881702e-05
3.075363390591101,8.150739787253616e-05
2.9061289500940224,8.209061995513696e-05
2.8858829993889494,8.234121877399739e-05
2.859616231510654,8.243441853345982e-05
2.802256793203434,8.256453237753651e-05
2.726861502942188,8.260994303170842e-05
2.8038662061851656,8.1961487815909e-05
4.193966262603946,7.862430485775789e-05
4.0963998452488015,7.891890198453434e-05
4.015624124784205,7.916216856341526e-05
3.971518505348894,7.928624666964847e-05
3.9530896425445947,7.93476575123629e-05
3.9144220578527373,7.944397338365075e-05
3.8050778643566527,7.973549691344023e-05
3.625248703706417,8.02097631772418e-05
3.3963648478766824,8.078010970524177e-05
3.141063345282601,8.136381560843708e-05
2.9265864622818496,8.199386159282783e-05
2.868798526346694,8.234499504933047e-05
2.8403364229298727,8.246801302798566e-05
2.7906992811375364,8.258345477085332e-05
4.3753718545570575,7.809259073401727e-05
4.323311779291375,7.826415506525123e-05
4.28811072772486,7.836205551684875e-05
4.2640837378114,7.844456736648619e-05
4.215576758453057,7.858477993958546e-05
4.107847739347645,7.889777548904416e-05
3.938603408962403,7.93877333089245e-05
3.7180455927833247,7.997755730495515e-05
3.4580466638748755,8.06332654321274e-05
3.1768850151835055,8.129929317330216e-05
2.935667671447334,8.19421105005971e-05
2.862268642538697,8.235507881748031e-05
4.554889090617427,7.754144338359202e-05
4.534208726495184,7.760597519217082e-05
4.51386690244394,7.767325419881805e-05
4.468384925384716,7.781325877003033e-05
4.372745560855176,7.811568898749921e-05
4.2220040127875516,7.857527435688844e-05
4.01958717517706,7.916011541076566e-05
3.7715041784494496,7.983672590696595e-05
3.487647299684148,8.057568710415449e-05
3.1881667531133107,8.128037074125471e-05
4.707008137449906,7.705138763637228e-05
4.698245532607249,7.70880997843824e-05
4.6662786368083164,7.719512036433724e-05
4.590308127160198,7.744355883629817e-05
4.463567399158741,7.783611519964631e-05
4.2857170676201966,7.83843484640907e-05
4.05893619608171,7.905795722977209e-05
3.788912870800925,7.980510107904036e-05
4.821399318811168,7.667614824860734e-05
4.808640704178492,7.672862144204446e-05
4.756472551565604,7.68958144499547e-05
4.656512017331109,7.7229640315394e-05
4.506634110829778,7.770542049170666e-05
4.306536853064137,7.83284126067312e-05
4.896597460661307,7.643579764980846e-05
4.871060542337945,7.651521391696469e-05
4.798764224818717,7.676366181049601e-05
4.677770175967203,7.716365000357444e-05
4.933719299123319,7.630082982759088e-05
4.891206322513385,7.644577557385507e-05
3.534209014116748,8.035788590629814e-05
3.353335493053888,8.07782466595252e-05
3.1662530113933793,8.120525213553126e-05
3.0019282096371405,8.158976453649864e-05
2.9437713366284037,8.191735682593674e-05
2.9858936801629135,8.19581723368208e-05
3.0212670105891277,8.189301140142593e-05
3.003856222167052,8.1878163826936e-05
2.919546652402383,8.192422805007856e-05
3.6110404262745877,8.017798029603596e-05
3.4432246451937476,8.059907208272945e-05
3.306227523842509,8.094934844559912e-05
3.2394325926918333,8.114896382004528e-05
3.2402368249009688,8.120519665152148e-05
3.2594588124909247,8.117687857080353e-05
3.2513689555927177,8.117033762260034e-05
3.188195518777725,8.12672668927041e-05
3.087358968680112,8.143607807413e-05
3.0375096653908864,8.167853006417628e-05
3.0286439822577873,8.182365380170008e-05
3.002807168275156,8.191845152197341e-05
2.9564986964133566,8.200739717797474e-05
2.924695297304362,8.192641662097034e-05
3.000360905870252,8.158500051914163e-05
3.1672210474614944,8.121064870992728e-05
3.7731915152828686,7.980259219287679e-05
3.6629119220312996,8.009839327411286e-05
3.599626422629327,8.028154195084583e-05
3.5827622725494424,8.032436944753864e-05
3.5861382305966707,8.032799029368549e-05
3.571347816904143,8.036030463380264e-05
3.5029261567139267,8.052289772628906e-05
3.372904172631029,8.082484909555591e-05
3.215895069481908,8.118626521192888e-05
3.094847238992025,8.155253172512966e-05
3.032883249237477,8.180085347627881e-05
2.987760282758033,8.194568437899624e-05
2.941051531439709,8.203190179745078e-05
2.9184691304658164,8.192644279105094e-05
4.014327347814936,7.915843158996623e-05
3.9584534410563923,7.932837528744936e-05
3.934716041519636,7.939128273810987e-05
3.9264648444809684,7.942044101507244e-05
3.9014758425139897,7.948593014751483e-05
3.8252738913391773,7.969307975685245e-05
3.6846117053950347,8.006498857043749e-05
3.494565387863138,8.054414919580055e-05
3.2879910936883534,8.103525468095308e-05
3.1220016171710423,8.1484342361666e-05
3.0325231452632377,8.17839249929669e-05
2.982160785324813,8.195484409979154e-05
4.2768091368074534,7.840227351367686e-05
4.251293204654886,7.848256306136239e-05
4.236802973100524,7.852026557355818e-05
4.206108110451857,7.862587340395457e-05
4.1281920430329,7.886148490736142e-05
3.988561445317199,7.925146728718181e-05
3.7937009740525713,7.979645525955001e-05
3.5604352786535753,8.039949724924128e-05
3.3202785339088714,8.09731773819387e-05
3.1300293049653787,8.146582115336329e-05
4.50959139270061,7.768789570707781e-05
4.494153640150297,7.774634106716524e-05
4.464629419403851,7.78445984859106e-05
4.3927343314961576,7.80659733826832e-05
4.263272090573466,7.846450568887883e-05
4.077054003282131,7.901722155117868e-05
3.8443068585609703,7.966731461578891e-05
3.5812493217871695,8.033059087834437e-05
4.687267089886297,7.712662716781395e-05
4.66579501904894,7.719774254736326e-05
4.606958778841672,7.739939831901824e-05
4.494307246952073,7.77598647232972e-05
4.325485689391463,7.827790259969154e-05
4.105531656136893,7.892905138022927e-05
4.803178310770998,7.674859121479154e-05
4.764261385987546,7.687958731425907e-05
4.673229479074593,7.718587899763976e-05
4.5262003776179816,7.765290919040313e-05
4.859560378572691,7.656192960853673e-05
4.795748176576698,7.67758893568174e-05
3.3064747073846257,8.094219197158876e-05
3.2310713766156542,8.116448174017244e-05
3.224115586222196,8.123481957266134e-05
3.2514872188562807,8.11957582251803e-05
3.282929906019153,8.110884138835092e-05
3.3030707269265664,8.102771191236518e-05
3.3088147927523446,8.096995061614916e-05
3.5946411502764315,8.027645286124472e-05
3.571979539478911,8.036635521052677e-05
3.582764580296117,8.034658704777047e-05
3.605425159769606,8.027920880601944e-05
3.616139636059693,8.024524864526933e-05
3.592991108220827,8.029651103598102e-05
3.52946474054488,8.045034609097979e-05
3.443543868629305,8.066649834156001e-05
3.3606743614376215,8.088578142487405e-05
3.2948001495904786,8.107403783119308e-05
3.246179032264698,8.12028375842577e-05
3.218584336020123,8.122999718205038e-05
3.928334747949608,7.941469979815053e-05
3.926621508649201,7.941984751802613e-05
3.937483782585641,7.939875627064931e-05
3.9359874125853396,7.941056859468956e-05
3.89489324818039,7.952269950904382e-05
3.799950692639596,7.977114962082371e-05
3.6633212749111297,8.013273103715334e-05
3.512936249831526,8.049372203717174e-05
3.385039943943212,8.083975628807064e-05
3.297865193681729,8.107025699206499e-05
4.239408598941496,7.852049643333384e-05
4.240642590877264,7.852183260278167e-05
4.230842337185934,7.85608719733099e-05
4.1815023122075585,7.870925046066345e-05
4.075068109282516,7.902635842395424e-05
3.916174390381816,7.947055904046134e-05
3.7244095034504685,7.997613026918548e-05
3.5342776417282087,8.046378016979982e-05
4.48971560297063,7.776649888750135e-05
4.477733075586952,7.781358843836797e-05
4.429027849648396,7.797040148261464e-05
4.323575505398276,7.828578301700291e-05
4.1606127229971275,7.877433275847772e-05
3.9527406268952405,7.937670334912636e-05
4.659773767382725,7.723332199141862e-05
4.620663003019432,7.736742430819758e-05
4.525333053206306,7.767164449545895e-05
4.369277681279016,7.814861876304284e-05
4.744132953700902,7.695598913779952e-05
4.6672644759483655,7.721985569637261e-05
3.581135301594389,8.035038891162242e-05
3.617824566470372,8.025811930627145e-05
3.670298140602153,8.011027955291241e-05
3.723209868292265,7.997575529596327e-05
3.756820271244839,7.989136250600746e-05
3.9469617586580563,7.937117572694406e-05
3.9827543207114187,7.928004777349793e-05
4.013389003693004,7.919834377615579e-05
4.014268922035327,7.919797318445043e-05
3.969961545061757,7.932385569915654e-05
3.8852085934988754,7.955486603591315e-05
3.781604709771912,7.983055393259687e-05
3.6863838829539675,8.00717838267744e-05
4.261955618179989,7.846461906569897e-05
4.278093260958746,7.843181875046721e-05
4.261253572993615,7.848676807772815e-05
4.192060187991391,7.869571424589717e-05
4.073429384734915,7.904228551736415e-05
3.9257718886333945,7.944814247501578e-05
4.488038569828227,7.778835498167973e-05
4.465825389223714,7.786956644988255e-05
4.387507509686132,7.811759137096836e-05
4.25101207177186,7.852755847384679e-05
4.604364889086204,7.74327896005058e-05
4.529003713687009,7.767736452783692e-05
4.050625051742177,7.910309582463611e-05
4.1202735737267115,7.890311954264226e-05
4.164754200405133,7.878177488343895e-05
4.325790471107483,7.830000092755692e-05
4.344699034868008,7.825542391952885e-05
4.312762136592749,7.835165532800243e-05
4.230676018678853,7.858854756362927e-05
4.472811438154953,7.785783436084357e-05
4.422825774093586,7.802763229717652e-05
4.399110818586904,7.809495328161374e-05
3.8168031925776456,7.96100793737162e-05
3.807861495452176,7.964166640494412e-05
3.7794279062349587,7.971298465070227e-05
3.7274747560346935,7.98546437824653e-05
3.647559621361482,8.005761833989069e-05
3.537087258051291,8.032045828919277e-05
3.3968214061126334,8.067030591460335e-05
3.2310607418823567,8.105126848375795e-05
3.046562159821539,8.144342001423127e-05
2.850894130009465,8.185546544374044e-05
2.9520882025881408,8.234385942219278e-05
3.0426641465046287,8.212071921278543e-05
3.08934384886274,8.20020833372322e-05
3.8389027906654714,7.957118386117809e-05
3.850455029928104,7.952461709702747e-05
3.8381996377606935,7.956576554852658e-05
3.796928464411136,7.968106333087284e-05
3.722768023930802,7.987583716382233e-05
3.614905454729542,8.014553962032806e-05
3.4761423246649654,8.049070682303817e-05
3.312155555275458,8.087655892607613e-05
3.1299113918426906,8.128667364856974e-05
2.936021789604164,8.168879726745839e-05
3.03337811765978,8.211324885811545e-05
3.092200054612313,8.196378301389068e-05
3.1075967085816716,8.192324686306023e-05
3.0817458380344664,8.197366638243852e-05
3.0241146378872683,8.202903420610809e-05
3.0664787839352674,8.146235261186695e-05
3.241413696127662,8.103890992837312e-05
3.4169524740051345,8.064085545066827e-05
3.574487409170737,8.026278253997847e-05
3.704926134105923,7.992714637168315e-05
3.801693474280539,7.967015159102172e-05
3.8610835482249772,7.951438424296482e-05
3.8817744038410686,7.94452885443062e-05
3.8610211372055936,7.950406297277148e-05
3.902207336139484,7.939179640636005e-05
3.9302569895212836,7.93265434981275e-05
3.9290007445413715,7.933310075056385e-05
3.8937046408681932,7.942501973705355e-05
3.822272697027997,7.961920619113132e-05
3.7160250268793567,7.99037367007329e-05
3.5792319708130513,8.025054889254902e-05
3.417687133222447,8.064945370030915e-05
3.2370224218533736,8.106084944863368e-05
3.0847426715002064,8.184752951332031e-05
3.1527352690624397,8.168258280864274e-05
3.190164025099808,8.15634715318495e-05
3.2147638598083885,8.142524917710065e-05
3.264555598346247,8.114700778121837e-05
3.3832160123798842,8.077295507552726e-05
3.5405486902607066,8.036611147809703e-05
3.7001679790399185,7.996573691768717e-05
3.843565810864242,7.959021214794146e-05
3.956742557249143,7.927328277506593e-05
4.025920190686651,7.908511889913375e-05
4.038567557605655,7.903694692625645e-05
3.9878767527942705,7.916110072761718e-05
3.9990534850672717,7.915208743721028e-05
4.038743836029074,7.903170583789911e-05
4.043998059545652,7.902534099129084e-05
4.011693101140548,7.912023448968818e-05
3.941808062178184,7.929577609905436e-05
3.837177562223201,7.959214984305099e-05
3.7022563624566875,7.995598397976194e-05
3.5415035849051706,8.036125880929805e-05
3.3582126482708414,8.080903378160346e-05
3.3587852957138336,8.099838165928535e-05
3.436738594248627,8.076930901269035e-05
3.521742197339835,8.05199391817002e-05
3.6316938963945473,8.020779472627643e-05
3.7620755817896785,7.984639232153585e-05
3.903674190855589,7.944643335851202e-05
4.04196508751387,7.907216332332559e-05
4.160601672869428,7.871126963534395e-05
4.239048135277084,7.847826165979358e-05
4.252206469140885,7.843281871129662e-05
4.182382844887962,7.863137961200448e-05
4.119998651069564,7.880951784212934e-05
4.166916449222541,7.86770864785675e-05
4.1755006588810355,7.865326961408951e-05
4.1445510098586205,7.874973730240603e-05
4.0755943057638175,7.89447761565192e-05
3.9718376905872645,7.924285164968983e-05
3.8366458892203084,7.961446321177071e-05
3.672328414957649,8.00560059305483e-05
3.698703350901467,8.00714915856681e-05
3.800980937600317,7.979023370675465e-05
3.9102053558608794,7.948191844372489e-05
4.033868832586951,7.912563280347263e-05
4.161317044099188,7.875914466883061e-05
4.287085165102564,7.836870487851457e-05
4.400637814772906,7.802603836797945e-05
4.483080107125495,7.776401285250841e-05
4.502610634079679,7.768227658122227e-05
4.425091346300049,7.792586424694804e-05
4.255994434772395,7.841546478746492e-05
4.306392943573044,7.826868328100459e-05
4.31585343806651,7.825165091893238e-05
4.2847743562866265,7.83438082567832e-05
4.215334386164871,7.856065940635209e-05
4.110050384872707,7.887184696006203e-05
3.990562772571646,7.92657913731625e-05
4.077311595557525,7.901817893069897e-05
4.185871081972893,7.870397610781047e-05
4.304505579215598,7.834905323413356e-05
4.426592955681077,7.797375989993621e-05
4.546606766054989,7.759318516879725e-05
4.655943372634936,7.724520269069173e-05
4.740513654111884,7.695562528168377e-05
4.769467539936662,7.684801832453793e-05
4.694523282051743,7.708159087539568e-05
4.398610101220443,7.800282206880892e-05
4.448882898306192,7.78503761925676e-05
4.456634229457344,7.783151134225784e-05
4.42325399638347,7.793818464570665e-05
4.3507190053369325,7.816641767889932e-05
4.345451076988205,7.822437963152159e-05
4.429707837551207,7.796952804715542e-05
4.53806642268191,7.763104136230214e-05
4.657806045694511,7.725115479429364e-05
4.7807560690078885,7.685151562095544e-05
4.893613125633249,7.647254395209873e-05
4.986404457019544,7.614744832108413e-05
5.0312862878447095,7.597889590963944e-05
4.968705039516621,7.618163586309214e-05
4.539321087253236,7.756203669863102e-05
4.585685919063484,7.743315754640661e-05
4.58875360353524,7.742100928520631e-05
4.576217527301742,7.748856913803289e-05
4.628571294367011,7.733281061763692e-05
4.713810013872549,7.705984467059009e-05
4.822761946138142,7.670972661830117e-05
4.943788922555832,7.630470987667279e-05
5.073330618400764,7.586280559262597e-05
5.185707208534621,7.546341537005612e-05
5.263718619313786,7.517494153004049e-05
5.22958409207727,7.528292873228883e-05
4.669496857982995,7.715671289603697e-05
4.710645302181287,7.703346276108879e-05
4.747898112429066,7.692806271915407e-05
4.808463614064863,7.67288689971109e-05
4.897428225591006,7.644458981445035e-05
5.009369966223151,7.606555800288397e-05
5.134161171904137,7.56414773584112e-05
5.260956057149629,7.520569579847486e-05
5.402350841254571,7.469465001943044e-05
5.466439737302229,7.443518699759593e-05
4.781361238171951,7.680706707771714e-05
4.828356422232908,7.66536685493331e-05
4.8881694361146675,7.645829703696666e-05
4.97315895558496,7.617844326619271e-05
5.081586857468028,7.58143981449266e-05
5.203866281428688,7.539655491475672e-05
5.325514582828714,7.49698069095264e-05
5.443465332928853,7.454969094042318e-05
4.869033586363011,7.651969911634806e-05
4.912586441582371,7.636715731403368e-05
4.978205531238836,7.61531221247866e-05
5.0681449763407125,7.585092953974827e-05
5.17311199191582,7.549225252321179e-05
5.272921644081164,7.514740979945105e-05
4.928880726247669,7.63115635879293e-05
4.962879863557196,7.620026040258134e-05
5.021780929164335,7.600811623289722e-05
5.098696249399722,7.574639287764172e-05
4.959122048238106,7.621429862245066e-05
4.9795804516936135,7.61432963925731e-05
3.9243774175854074,7.934006844177567e-05
3.9602719072389743,7.924313328794275e-05
3.945042397790851,7.929510378731452e-05
3.8837179132877897,7.946287665071836e-05
3.782172800608883,7.97425353130615e-05
3.647979884312661,8.008201392866715e-05
3.4902795250907586,8.048384910133535e-05
3.3211731120130024,8.087807780238188e-05
3.172879543632119,8.13117578264454e-05
3.136724577815589,8.16641687780872e-05
3.1542963053076694,8.16992917103179e-05
4.0212988372519805,7.90835046790646e-05
4.06748257938488,7.89581403863669e-05
4.055104488305641,7.899295055792726e-05
3.993412464109398,7.917012045784432e-05
3.892341292569328,7.946135350198245e-05
3.7617328511690267,7.980845080044591e-05
3.612342717962635,8.019267091826561e-05
3.461590508105373,8.059196627120284e-05
3.3550172164924636,8.091905390397962e-05
3.336227113347631,8.105585312776841e-05
3.359735740386088,8.098032709910861e-05
3.419258318778397,8.07801467090541e-05
3.5204000643948836,8.047501158183505e-05
3.657564080394096,8.009982984681632e-05
3.806094421992268,7.969998448542712e-05
3.9459525858118,7.931067116354374e-05
4.060882037148347,7.898236825671799e-05
4.133576694025343,7.87757682706741e-05
4.145553649394462,7.873970437088763e-05
4.085001020210463,7.890715269144786e-05
4.1423281245994445,7.874171512597048e-05
4.194384822597234,7.859806933084713e-05
4.183406448312907,7.86370521837049e-05
4.12357592261276,7.881496894281713e-05
4.027446152365521,7.909702632244079e-05
3.9066345460083727,7.943690798856211e-05
3.7774272474312727,7.979950098297105e-05
3.6770604129087565,8.008335357311897e-05
3.6590760316633264,8.016313544545543e-05
3.710054298949825,8.003214607907594e-05
3.800153984431506,7.977605252879006e-05
3.914950945644126,7.94560483088225e-05
4.042151103036708,7.908782291976251e-05
4.170119458367759,7.871062927043122e-05
4.283935803905563,7.835987960637398e-05
4.362908738132571,7.812879454141252e-05
4.378087353012993,7.806664854529506e-05
4.303791231352124,7.828292995600851e-05
4.278394242054727,7.835670628970976e-05
4.33346465508307,7.819965094335739e-05
4.324851222985475,7.822617646070383e-05
4.2705457149798285,7.839764395913649e-05
4.185645794967848,7.865633753576532e-05
4.089053797385585,7.895217386010153e-05
4.019668310775499,7.916348012740699e-05
4.0263431926944,7.916026338758134e-05
4.0971789850896085,7.896156226170801e-05
4.19739285738787,7.866496476791068e-05
4.312258129493614,7.831389158772712e-05
4.428426498611418,7.796130356785006e-05
4.535388233327734,7.761312826067938e-05
4.61582544236922,7.735478800881558e-05
4.637909769540256,7.726894872395261e-05
4.560560847577909,7.750103697185639e-05
4.421054728126299,7.793775865857537e-05
4.477707313176315,7.776531975570076e-05
4.4744851115365085,7.778230275295534e-05
4.432821492336726,7.792118713699643e-05
4.376753273308162,7.809308629304244e-05
4.3466411660329225,7.82130868626228e-05
4.37995130408676,7.812213924633696e-05
4.463801969671617,7.786570581882438e-05
4.570396772666635,7.752609458545435e-05
4.681865601892426,7.717106173892651e-05
4.786835157580424,7.681867307520306e-05
4.870817737148313,7.652827562161656e-05
4.903911704592247,7.641595695045245e-05
4.8332657506216075,7.663879211874964e-05
4.561809222345885,7.750514669206222e-05
4.619612032902022,7.732318362842737e-05
4.628448385370659,7.730353584910649e-05
4.6178518094708645,7.735245694427002e-05
4.627092409128757,7.733997679651675e-05
4.683372304231633,7.716310178464773e-05
4.7770819564564695,7.68643719046891e-05
4.887622243913274,7.649354672932081e-05
5.0025128694014525,7.610680012874225e-05
5.0991034855188095,7.576709182368483e-05
5.153995603630605,7.555808577803299e-05
5.101133934944744,7.573269930653939e-05
4.692076636083426,7.7088894603136e-05
4.75157774765701,7.690896691336871e-05
4.784761629686043,7.680625340256339e-05
4.82835406673975,7.66718603527079e-05
4.904741840859919,7.642463525457277e-05
5.008958614357235,7.607567525305096e-05
5.126293679926221,7.567621439525609e-05
5.254785569076375,7.52275199232418e-05
5.355092058410668,7.485479079067236e-05
5.34949764916098,7.485874793035099e-05
4.8041115301037625,7.673429209694522e-05
4.86610404519876,7.652967386756964e-05
4.9303529397107075,7.632232264807379e-05
5.0192715252188576,7.602022363132995e-05
5.131394632457953,7.564149879574864e-05
5.254673762728853,7.521878868096502e-05
5.394419123890919,7.472546680544892e-05
5.509953636166168,7.431543903260962e-05
4.892012257680412,7.6441885245888e-05
4.954805911012452,7.623363922806748e-05
5.038084110590952,7.595736615569064e-05
5.143659672598013,7.559637285275773e-05
5.258097027991366,7.520117953636237e-05
5.357293733090579,7.4844648338713e-05
4.952079142794996,7.623683828033193e-05
5.010291053174603,7.604159459585001e-05
5.0929978753665575,7.576358836827046e-05
5.185509822982649,7.5449325551024e-05
4.982454918881357,7.613463472696519e-05
5.029017970215478,7.598131441406686e-05
4.20623498718094,7.855808155018978e-05
4.272100154252667,7.838607868587347e-05
4.259915797711006,7.841643757518147e-05
4.188445686923907,7.863584830815501e-05
4.080194552069933,7.896517635184735e-05
3.95421652956986,7.931395213390589e-05
3.8292584594803385,7.96710335357753e-05
3.728065044211578,7.996200529382635e-05
3.6716640656195465,8.012370828695128e-05
4.342425223210142,7.816903690069187e-05
4.410770810520659,7.796724687580022e-05
4.400669820831961,7.800835629662433e-05
4.336843280567145,7.821241213369695e-05
4.244187361389532,7.848529498857772e-05
4.145167369206733,7.878758998984729e-05
4.065458443635538,7.903919567703901e-05
4.031455623480628,7.913823838780052e-05
4.0527616750221975,7.908753483936129e-05
4.122574885767195,7.888002876901888e-05
4.2197733496263075,7.85859519655188e-05
4.327310967405608,7.826006248036409e-05
4.42802894070442,7.793615078777214e-05
4.500883548299223,7.770326422906992e-05
4.515656128680378,7.764569966469995e-05
4.439904791304392,7.787467822682313e-05
4.485092325352698,7.773782248981118e-05
4.55475497711308,7.752616125950612e-05
4.551304560017276,7.75512125590692e-05
4.503281012207026,7.770818426536089e-05
4.439428247982236,7.791273746632016e-05
4.389719637662704,7.80768000878856e-05
4.382090645733209,7.810515322112832e-05
4.423955960400821,7.797803741636561e-05
4.500036501818847,7.774192430313567e-05
4.592564339464458,7.744793246903671e-05
4.684604332195404,7.714822726795543e-05
4.756799812325787,7.690773991446955e-05
4.777416194569358,7.682099407535219e-05
4.701632793838536,7.705514842247527e-05
4.625820718161618,7.730490115346331e-05
4.696665711304087,7.708232526727068e-05
4.706401830328,7.705495298594843e-05
4.686846723484406,7.713140762769652e-05
4.672374489171007,7.719063638186911e-05
4.691670275316526,7.713401773075148e-05
4.751061351937105,7.694499106538913e-05
4.836312089232396,7.666308002938235e-05
4.925391368711938,7.636115356725899e-05
5.002205456854223,7.609412165407434e-05
5.035395592080969,7.596556599432225e-05
4.9693554421070605,7.618002606870959e-05
4.756196987514036,7.688731679815532e-05
4.8287601919573335,7.665557004032838e-05
4.8607656414496825,7.65497838582918e-05
4.886211314652622,7.64778844665592e-05
4.9339956939636895,7.632719169308941e-05
5.011440974694782,7.607001835514237e-05
5.112117182553427,7.572239856853384e-05
5.204384235275485,7.53912473286676e-05
5.26645101525003,7.516546514302948e-05
5.224512245801531,7.53034040385038e-05
4.868588396564645,7.651500379281878e-05
4.943631701345298,7.626302605432685e-05
5.0056891978120115,7.607057830887297e-05
5.081276868202269,7.580702501687669e-05
5.178348211825234,7.548467446402945e-05
5.288336035868931,7.509363309100693e-05
5.412987794763428,7.464965696574657e-05
5.455596350282885,7.447993830947419e-05
4.95704783597747,7.622059560859689e-05
5.033809931382945,7.595561567870814e-05
5.121547015847107,7.566453214766388e-05
5.22758050800573,7.53054011358059e-05
5.341017953370515,7.490864839773632e-05
5.453836005893971,7.450653639407557e-05
5.017687233253344,7.602203175779385e-05
5.091667882760665,7.576238894882428e-05
5.1853009719085765,7.544304947411868e-05
5.2821462582165735,7.510722781536814e-05
5.048423106947746,7.59066783296475e-05
5.111529614334521,7.568868689658663e-05
4.5821902016962275,7.744125812631674e-05
4.658211112531724,7.720424961749525e-05
4.648500232298686,7.724348155716107e-05
4.589216588447793,7.744447155691057e-05
4.511829569566718,7.770259613042624e-05
4.440929257349129,7.793045575538892e-05
4.398267940374487,7.806110128074907e-05
4.722412290800182,7.699296530461586e-05
4.798712817772099,7.67478405023538e-05
4.800171708374851,7.675947889714248e-05
4.764409463746599,7.688892099617624e-05
4.725619963185234,7.702402898208237e-05
4.710434846825388,7.707777142651396e-05
4.731724147309197,7.7003984610882e-05
4.7808759779335634,7.683854226583523e-05
4.845057952566589,7.66254814968947e-05
4.900864361713767,7.642620862206078e-05
4.9146438614049615,7.63671690640642e-05
4.8403922362830825,7.661397091318811e-05
4.852487353056602,7.656963531583783e-05
4.929879038360608,7.631677806879702e-05
4.950733288807475,7.625432299102492e-05
4.952379183285262,7.626005863083198e-05
4.9672077480092,7.621433601068253e-05
5.009961032667706,7.606655562344953e-05
5.0712649193380335,7.586010008728931e-05
5.130924353474358,7.564578167919549e-05
5.158300025460899,7.55403392007572e-05
5.095936233714656,7.575238807991506e-05
4.965021501809472,7.619631929285814e-05
5.044844780207278,7.592304407351095e-05
5.094403009795731,7.57642329634224e-05
5.144867512193533,7.559335976950365e-05
5.213189983840116,7.536380645133081e-05
5.298898116526359,7.506068542800007e-05
5.363131523670793,7.482282136777399e-05
5.3329676385179186,7.491348581049985e-05
5.05403839891752,7.58975541006494e-05
5.13666815510293,7.561131681967174e-05
5.217068228521545,7.533190095446568e-05
5.3101739529908745,7.500749351214088e-05
5.424734336746786,7.460560556890009e-05
5.534014923969862,7.421510955569979e-05
5.115370101097251,7.56837459508513e-05
5.197142354322523,7.539833092021266e-05
5.2911381050646105,7.507442526022599e-05
5.38394491745222,7.474778340599084e-05
5.146572994282014,7.557323226197687e-05
5.218307560105654,7.532711920632926e-05
4.969279393100603,7.617895480914499e-05
5.04310338321434,7.593517647115394e-05
5.0436664940931415,7.594032756096161e-05
5.01625508227258,7.604505618953562e-05
4.9953835619228375,7.612067019151253e-05
5.081293418724801,7.58002023891554e-05
5.156877780283792,7.554449206594654e-05
5.182334186896093,7.546111449599183e-05
5.197132606082258,7.541171998109026e-05
5.225719025425129,7.531923133221758e-05
5.255789055316514,7.520920409667892e-05
5.267848949509578,7.515480597125353e-05
5.206535503993369,7.536052624602622e-05
5.170480263072632,7.548971264060676e-05
5.250095751959836,7.521042409759463e-05
5.310061925417981,7.500340286271435e-05
5.373918288136034,7.478408245053168e-05
5.439564171527167,7.454469974530178e-05
5.420738377886348,7.460193464623195e-05
5.232339987240861,7.527654228580223e-05
5.314289691861483,7.498351546888131e-05
5.4006511173919325,7.468180257484111e-05
5.494506749713671,7.434407945009949e-05
5.263966571574278,7.516132905430713e-05
5.337710759807998,7.490213564677705e-05
5.295278888557064,7.504975598755442e-05
5.360458333373381,7.482390627328707e-05
5.377444356350938,7.476494009623925e-05
5.357315325641708,7.483406729246054e-05
5.430730879608086,7.456986914129698e-05
5.4933112669079325,7.434470540004238e-05
5.48262113654949,7.437854313903154e-05
5.389215231533545,7.471847869024095e-05
5.46056805945153,7.445863200989011e-05
5.514639940733113,7.426152193892089e-05
3.8168031925776456,7.961435246016701e-05
5.636534372069532,7.382602448918058e-05
5.634529455871118,7.383284476774398e-05
5.63912938068425,7.381256840277765e-05
5.6583426386255775,7.37409432606999e-05
5.697250792380116,7.35916519659116e-05
5.7553486682429975,7.3373507934217e-05
5.8264615287039865,7.310215920097153e-05
5.901039594938092,7.281595923265602e-05
5.969367805711923,7.25540064083536e-05
6.024119905670984,7.23384575469589e-05
6.061365865890013,7.21963536551853e-05
6.079954545721967,7.211882233455869e-05
5.590799044214146,7.400171207414577e-05
5.572185934098427,7.407216867729891e-05
5.579692846228824,7.404044837860471e-05
5.603399992002449,7.395196900397917e-05
5.6462879360667575,7.379289601998943e-05
5.708387684987762,7.35510523956786e-05
5.784372128651148,7.32671645234529e-05
5.865138225016336,7.295727448474505e-05
5.9408132523717585,7.266555664516232e-05
6.003451723268085,7.242437014846995e-05
6.048388984576831,7.22432448658961e-05
6.07398036572172,7.214592322071863e-05
6.080228438646633,7.211892154227493e-05
6.067416862023544,7.21732870020431e-05
6.035072681474263,7.22986274536376e-05
5.983546840014508,7.24987559645591e-05
5.915424804920156,7.276128743724438e-05
5.836704354094869,7.306398187985867e-05
5.756598526335043,7.336798276009402e-05
5.685734719486751,7.363859124604486e-05
5.633219117309149,7.383668161927495e-05
5.603820301108562,7.394647486151967e-05
5.597271891665188,7.397478901964941e-05
5.611697625678863,7.392411821924768e-05
5.463688333491132,7.447675746477867e-05
5.429587984778644,7.46022730005188e-05
5.4589405425950215,7.450010035855458e-05
5.522874138432309,7.425611039432843e-05
5.6078183353494575,7.394047409672207e-05
5.704439432821516,7.357283776738512e-05
5.803015586431416,7.319798102930426e-05
5.893997614185202,7.285134323955485e-05
5.969783252634524,7.25542617652631e-05
6.025830835633166,7.233796847015091e-05
6.06047856434988,7.219966865700473e-05
6.073650983426145,7.214846517692361e-05
6.06601681736945,7.21797391610218e-05
6.036747911391162,7.229247901732432e-05
5.98511139199243,7.249600232459144e-05
5.9122284723248,7.277693611255757e-05
5.822712659484248,7.31221311257846e-05
5.725785357450978,7.349222683023707e-05
5.635134817612664,7.383199486006525e-05
5.567091024679885,7.409000274575685e-05
5.536327141307048,7.419854381646932e-05
5.549391105838891,7.415647439722569e-05
5.297539565157479,7.509230773195586e-05
5.274357646611551,7.517692219450758e-05
5.3454181896596475,7.491549633438129e-05
5.460152981768397,7.449630259149419e-05
5.588103344633132,7.401849064237105e-05
5.713429355486292,7.353920550097815e-05
5.826075872403634,7.311239856288731e-05
5.9193434431261425,7.274824682718317e-05
5.989542443861645,7.247815538864426e-05
6.03544358888604,7.229780834018587e-05
6.057008614167911,7.221356830178936e-05
6.053917220384282,7.222769039625934e-05
6.026691066509029,7.233507047881207e-05
5.972964751989184,7.254321085755578e-05
5.89277009348942,7.286089303484127e-05
5.790042058512884,7.32518787448327e-05
5.675601453175594,7.368798970968567e-05
5.5697461397504116,7.408713048249801e-05
5.500856918943028,7.433625295261011e-05
5.491194275390143,7.437438520992398e-05
5.148916596973976,7.563598396716392e-05
5.166094869573492,7.55758660992356e-05
5.2909183216374975,7.512433627173442e-05
5.448728847911008,7.454061967735803e-05
5.603050728071383,7.396400680499382e-05
5.739469502641118,7.344833562075197e-05
5.851698212368053,7.301475214878445e-05
5.937188679979475,7.268198812056121e-05
5.99540671941594,7.245446122093079e-05
6.026372595876352,7.233463965370522e-05
6.027120275559559,7.233270701073797e-05
6.001203844316646,7.243348715816541e-05
5.944409873972935,7.265869316761453e-05
5.856413168007854,7.29980535930296e-05
5.742020484223928,7.344070248449697e-05
5.617024288567789,7.391993777504702e-05
5.514248782446377,7.430151879258198e-05
5.47315360422444,7.445157754553528e-05
5.0756661201061215,7.590947895076236e-05
5.148348251489096,7.565102447651588e-05
5.313756833154264,7.50430928835622e-05
5.4892779352837575,7.439881008466793e-05
5.645322920759463,7.38119767774237e-05
5.773475606162504,7.331862361642038e-05
5.87191912163438,7.293462366722496e-05
5.940836143627223,7.266522251155826e-05
5.98029144820287,7.251382944790436e-05
5.988874085410526,7.247969487591048e-05
5.957487086562242,7.260486486518295e-05
5.896920236884077,7.284240461542133e-05
5.802144946822275,7.321316286967428e-05
5.682008432761887,7.367808004585153e-05
5.565154271360498,7.4120318333603e-05
5.502223160678759,7.435690413716652e-05
5.114638408528077,7.578587398849137e-05
5.229715527003924,7.536826144684268e-05
5.402297610292305,7.473368439080435e-05
5.5656870107015095,7.411574446716877e-05
5.701169744121339,7.360098583056958e-05
5.805615224863428,7.31935608331298e-05
5.879541406774575,7.290225838640175e-05
5.923063796554727,7.273201978484952e-05
5.9341817911044314,7.269059332974091e-05
5.895864581245142,7.284310983623373e-05
5.829537336444037,7.310142960129494e-05
5.729722483095153,7.349366163643372e-05
5.618241677459895,7.39223867573957e-05
5.5525280911475186,7.417620035604929e-05
5.256805289867596,7.528537790178228e-05
5.384074140125165,7.48096136932143e-05
5.532811005952142,7.424510153077586e-05
5.661765176550001,7.37548218010865e-05
5.761008743230657,7.337229581389503e-05
5.829937405816038,7.309921594934318e-05
5.868673583105268,7.29400038689499e-05
5.874948955877571,7.29128936052639e-05
5.8235362194696725,7.311207708355682e-05
5.744625868149387,7.34235456335431e-05
5.6405310296201705,7.383417041754681e-05
5.581865249131601,7.406739432042517e-05
5.4548225484988695,7.456109064329469e-05
5.5708717933248675,7.411561088426382e-05
5.68128161988327,7.368331619507856e-05
5.765570707998312,7.336006022125341e-05
5.819688013692202,7.313746889399517e-05
5.84348512179741,7.303582101804452e-05
5.835226637053898,7.306392352387002e-05
5.789575004008436,7.323686782236695e-05
5.658107991718329,7.374256977133782e-05
5.551622639577675,7.416789949024474e-05
5.659545506220675,7.377553073773378e-05
5.75302466070763,7.341447904147253e-05
5.823725123654728,7.313629921782655e-05
5.86318983428751,7.297240684294794e-05
5.87066373927426,7.293147036312942e-05
5.846485502826831,7.301545997121231e-05
5.790346537834513,7.323387032366044e-05
5.6735842693141665,7.367388053480334e-05
5.8375792176762,7.308396522510062e-05
5.902893215264504,7.282048052481491e-05
5.935954724649343,7.26804369372523e-05
5.934712009431144,7.268209788259026e-05
5.901999062104071,7.281006911283112e-05
5.845413704102018,7.302049118509191e-05
5.967880571205354,7.256025900818702e-05
6.001037852077199,7.242271873776934e-05
5.997775790081896,7.243478478174101e-05
5.961232790190162,7.25734784930893e-05
6.03669693247134,7.227771540450935e-05
6.0351878603150295,7.228640638550738e-05
5.527701570461942,7.423205436436315e-05
5.520919039322632,7.426297757280213e-05
5.549449716238234,7.41531127924921e-05
5.607833747914148,7.393462762483782e-05
5.688119844111816,7.363357484720546e-05
5.779385470058698,7.328175992096598e-05
5.869880357954219,7.293970894076363e-05
5.949563778945783,7.263179978363933e-05
6.011742758380558,7.239006938175794e-05
6.053330828320404,7.222744660179419e-05
6.07378979836751,7.215042934833879e-05
5.384119023410666,7.476909900920038e-05
5.405981924675576,7.469643850600796e-05
5.4775455055692035,7.442472523017015e-05
5.578409196359262,7.40502625949442e-05
5.691029420880006,7.362894493895156e-05
5.801094990521852,7.321028575326435e-05
5.897892874121597,7.283655377164191e-05
5.974650309470339,7.253510293139107e-05
6.0282669726005915,7.232625708251757e-05
6.058158472026113,7.220830211024211e-05
6.064547309540442,7.218643335430863e-05
6.04844877908895,7.224825369477906e-05
6.008081320928807,7.24024314548652e-05
5.943037531828235,7.266079685040394e-05
5.85514386595641,7.29985430938458e-05
5.750603729403468,7.339848214741516e-05
5.641599298288346,7.38103054914368e-05
5.546724243542016,7.41655838989421e-05
5.487957916918149,7.438928984580261e-05
5.4806092111673825,7.441416772222632e-05
5.2537029143928935,7.525440873505807e-05
5.3214504690469955,7.50084346837488e-05
5.440707895553863,7.456928812132141e-05
5.5776126895310645,7.405531962419912e-05
5.710684020253175,7.355295899821007e-05
5.827371786753111,7.310844653600123e-05
5.920899351399106,7.274451946097234e-05
5.9884106055260995,7.248075742540255e-05
6.029326503662391,7.232512926377401e-05
6.043580565196699,7.226880621403122e-05
6.030241778275322,7.232178378795864e-05
5.989892753440687,7.248060519263717e-05
5.920323401491045,7.275149438132321e-05
5.8229458039688335,7.312553129902884e-05
5.705156128220401,7.357680720728608e-05
5.584796805197432,7.403559583343418e-05
5.492588673226856,7.437716157851281e-05
5.459530701856402,7.449339167896143e-05
5.190630058727287,7.54851117326399e-05
5.305278423335739,7.507699223830103e-05
5.456974414047789,7.451689600503449e-05
5.608954628431861,7.394558554433834e-05
5.743291275965639,7.343243310867228e-05
5.852236510991227,7.300981122714705e-05
5.932996424186876,7.269956752510709e-05
5.984886698635322,7.249556765453586e-05
6.0073237815968765,7.240704751125681e-05
5.995265587178604,7.245956260626657e-05
5.954100490598618,7.262062903057312e-05
5.8795893983561145,7.291251145702755e-05
5.774130999851959,7.332083226347874e-05
5.6496909966092455,7.379848212015702e-05
5.536661118405829,7.422583031890946e-05
5.479531143329361,7.443351414589664e-05
5.2195411637033615,7.54025396974233e-05
5.360740484848043,7.487731273809017e-05
5.517545089810786,7.4296748462142e-05
5.660589282534659,7.37530571832783e-05
5.778530241422698,7.329686859621263e-05
5.867806791862653,7.294982764277376e-05
5.92734458546752,7.271671696649774e-05
5.955843321577594,7.261027640301695e-05
5.942541385391739,7.26606748423154e-05
5.898940344421809,7.283520221355148e-05
5.819427695092634,7.31441865704728e-05
5.710137052460252,7.35717380706829e-05
5.596031684728892,7.40071934554049e-05
5.529465128189157,7.425937509273015e-05
5.330066826412445,7.500833963820107e-05
5.469096197232023,7.448546064271695e-05
5.605302980600659,7.396755242797272e-05
5.720372142920899,7.352624147065495e-05
5.808457006400508,7.318183162627994e-05
5.8676934194304895,7.294894841855057e-05
5.896026063033502,7.283710827175622e-05
5.889465374786269,7.28634415721965e-05
5.825976080662765,7.311206242875731e-05
5.739595825511,7.344584871255847e-05
5.635951016681969,7.385961163493099e-05
5.575884371891349,7.408697923309164e-05
5.491010314557621,7.441029312258522e-05
5.606669040899754,7.39685895752558e-05
5.706381382549795,7.358309851664209e-05
5.781300014897326,7.328709106374998e-05
5.828763838645964,7.309753439443602e-05
5.846479187558689,7.302858249323697e-05
5.829872500838696,7.308476633069959e-05
5.745554518143734,7.341144863642234e-05
5.641745744709232,7.381670176175701e-05
5.579151195802551,7.407413161901106e-05
5.6673993283805295,7.373977956024868e-05
5.750686733480939,7.341654967914996e-05
5.808662125291165,7.318382416031632e-05
5.838125058652126,7.306221507178186e-05
5.837745883141056,7.305804104178719e-05
5.804496604345906,7.317599437092061e-05
5.7020645593663355,7.35681413058903e-05
5.5705829589341445,7.40525550680466e-05
5.8287266123047745,7.311206113020646e-05
5.877698628082886,7.291495100864263e-05
5.895221044598947,7.284086253021437e-05
5.881463350726507,7.288459660098091e-05
5.838365264841537,7.304637674659068e-05
5.77323501481813,7.329694212834747e-05
5.950904570214564,7.263073823673784e-05
5.965058690402358,7.255891959256554e-05
5.945638757035031,7.263915500906993e-05
5.898378502007904,7.282026520772317e-05
6.0166413247120065,7.236182970037598e-05
5.996227729739176,7.24371020252759e-05
5.394272311413664,7.473634170314925e-05
5.439944255812963,7.4572128954794e-05
5.535863508633876,7.421879186929568e-05
5.6568852106567515,7.37622896298274e-05
5.778063301509809,7.329958668879702e-05
5.88313288448799,7.289513570695029e-05
5.9638672389913285,7.258038571910496e-05
6.017442017315208,7.236985547989249e-05
6.043765297930695,7.226663701197698e-05
5.348652128976507,7.49109399050227e-05
5.432275452866002,7.460366086821518e-05
5.555013881274089,7.415130352189344e-05
5.687418957573428,7.364921425736658e-05
5.807293415062268,7.318929901159228e-05
5.903098572887576,7.281351708685807e-05
5.970294997846992,7.255094579274417e-05
6.007697897572305,7.241327707426175e-05
6.0137949197238285,7.238618663493869e-05
5.990416083541462,7.247749332812513e-05
5.935711055248371,7.269020512771266e-05
5.85000512685809,7.302718321818047e-05
5.737593100876152,7.345948389218828e-05
5.611844331522306,7.393935947794512e-05
5.5007610233151665,7.435362415570149e-05
5.439950520151523,7.457339063894183e-05
5.366387782876872,7.485562582643104e-05
5.471834629915258,7.446386540814976e-05
5.6003838132533765,7.398717408193589e-05
5.725624628465498,7.350381150822614e-05
5.830898079376485,7.309919951626625e-05
5.908593693326018,7.279309201987058e-05
5.9555686344697625,7.261100114505889e-05
5.969813929749805,7.255642732452359e-05
5.944799224259517,7.265582443794219e-05
5.888367121326815,7.287760583135592e-05
5.798502133681965,7.32234387837499e-05
5.68408612255803,7.366975315952516e-05
5.571041033916703,7.409752225019867e-05
5.503517984816876,7.434829792692955e-05
5.4403403192550455,7.458958369882454e-05
5.546074211782594,7.419210482453024e-05
5.659707175811867,7.375957401870565e-05
5.762148404031655,7.336280979806538e-05
5.841793567358,7.305412604630227e-05
5.892549592273514,7.285603442331361e-05
5.910178796981741,7.278254829090874e-05
5.8809499694012235,7.289947356828849e-05
5.821176694917204,7.313620528571143e-05
5.729246059139205,7.349258722291757e-05
5.626877937150977,7.389049799024186e-05
5.564956518160607,7.412727185907547e-05
5.550830230989262,7.418058955648337e-05
5.639543186719387,7.384159346563536e-05
5.723361029780331,7.351522778804625e-05
5.790946626772793,7.325081953269478e-05
5.834115380635594,7.307937481621536e-05
5.846346832716464,7.303198637505627e-05
5.805834836403203,7.318173499468946e-05
5.736273260764079,7.345641048881917e-05
5.644653429125148,7.381266991013429e-05
5.5951973101650845,7.401467418851918e-05
5.6781617676042675,7.369853776200562e-05
5.7398508983636445,7.34524621307209e-05
5.785390473596775,7.327093534163385e-05
5.8088763128304794,7.317226145613625e-05
5.8040558947591885,7.318556867404791e-05
5.763306350144065,7.333986826035979e-05
5.647294847321271,7.37817157498154e-05
5.563713042181781,7.412120019311694e-05
5.8031589898097895,7.320788669310564e-05
5.833357655092379,7.308349216372337e-05
5.838450280637488,7.305686569226628e-05
5.815852508479192,7.314099670962192e-05
5.762829198850027,7.33380255299598e-05
5.656351962019922,7.373666104335799e-05
5.904377459249693,7.28056407024693e-05
5.901624611903261,7.280664610335545e-05
5.87064086075119,7.292533575507715e-05
5.816908374202652,7.31319176937356e-05
5.961325213057165,7.2576005853002e-05
5.9270398817374215,7.269964696171759e-05
5.457927123494885,7.451643260528935e-05
5.535879376381702,7.422981145628339e-05
5.650696399074899,7.379388856478629e-05
5.768317423104786,7.334097582830946e-05
5.865833550681012,7.296532098228943e-05
5.933455285394853,7.269490068227348e-05
5.967969292128381,7.256330156082703e-05
5.511925882629413,7.431965733333013e-05
5.590681062654833,7.402327249983076e-05
5.692755752266031,7.363272193402617e-05
5.78992477564377,7.325766690647592e-05
5.8638636008235965,7.296510296789902e-05
5.906083985394599,7.279877083189749e-05
5.909449902356468,7.278825999856752e-05
5.876785535484225,7.291640668262528e-05
5.809051305281959,7.318220036905566e-05
5.713924734795961,7.355349039441117e-05
5.613455842166188,7.394412354683582e-05
5.547473449521127,7.418922537710502e-05
5.588941850859262,7.403049103367499e-05
5.654345802821403,7.377885154031711e-05
5.7302905596081795,7.348583675453993e-05
5.796054467530462,7.322823370813353e-05
5.83660982401642,7.306832652685612e-05
5.8431207747523874,7.303828707708461e-05
5.801723988363995,7.320208932097653e-05
5.733412184873248,7.346609031551249e-05
5.651319840817978,7.379806210179232e-05
5.603034554746067,7.398272642284824e-05
5.676601664007005,7.369706507274076e-05
5.719112098912497,7.353027612214886e-05
5.758670884440591,7.33683550224677e-05
5.7816199449808305,7.327512060032597e-05
5.775710202042393,7.329357847481391e-05
5.717183890622004,7.351571886759595e-05
5.640943490796039,7.381588881772749e-05
5.605360610605552,7.396274552709897e-05
5.764321411723216,7.3349539678702e-05
5.778334676603274,7.328916512535842e-05
5.775759102398657,7.32982921529249e-05
5.747605581317898,7.339505644126826e-05
5.665678546727369,7.370367934690868e-05
5.542227739202455,7.416069201722355e-05
5.838482843738846,7.305662482912731e-05
5.8222923535612345,7.311082216705e-05
5.782782263079527,7.326215778232021e-05
5.722601558307391,7.349023946616855e-05
5.882106640682538,7.2880736711404e-05
5.839326003655511,7.304512407590628e-05
5.602998730559927,7.39804589208327e-05
5.65588855216367,7.377440611227772e-05
5.732346742796862,7.347605294770571e-05
5.79917782917596,7.321135207133487e-05
5.836973240005025,7.306413614166479e-05
5.661555037912438,7.375239728437966e-05
5.69232461744069,7.362790180447471e-05
5.733830580936945,7.346154257059076e-05
5.761426219378783,7.335219162300526e-05
5.754382631160968,7.337592956686758e-05
5.716710044976134,7.352462684996412e-05
5.663856098488112,7.373674760563351e-05
5.637305509599802,7.384202975123662e-05
5.716990464845016,7.35298136619512e-05
5.719281519349417,7.351415375280389e-05
5.715623187010606,7.352349440063842e-05
5.689903945559085,7.361418868663701e-05
5.623976405665161,7.386762377553279e-05
5.60374854132782,7.39594474692415e-05
5.762701788951884,7.334697355769727e-05
5.735340407487684,7.344756816129659e-05
5.687900114797383,7.361881933581448e-05
5.6038411551807545,7.392695931909767e-05
5.78982160663501,7.323745022304319e-05
5.7410316450132015,7.342124812993412e-05
5.66383632826108,7.373297283658393e-05
5.661150580638658,7.373600201186515e-05
5.673405138834167,7.367847590695567e-05
5.681058592878417,7.365572113624216e-05
5.645391594525857,7.378410767941524e-05
5.598192821053247,7.395587229281778e-05
5.5923621669806804,7.398670943965915e-05
5.689515634554281,7.361605616715443e-05
5.633996169037103,7.381734976356734e-05
5.580774784715063,7.402056954833029e-05
