Frequency_THz,Cv_Contribution_eV_K
0.1973420552443624,8.593757561395235e-05
0.3905465291937256,8.52538847068475e-05
0.5759340057765019,8.418749026704034e-05
0.7506385513746866,8.284077553869828e-05
0.9128578467112944,8.130476201347793e-05
1.0620749528705993,7.967853851664566e-05
1.199282150470662,7.799950100456876e-05
1.32711768638621,7.629491677325764e-05
1.4497198716376565,7.451112007317289e-05
1.5720167197223311,7.239403206259025e-05
1.6976174978974132,7.007148457885152e-05
1.8168244500056288,6.582227825302511e-05
0.16177048364920174,8.600787528497421e-05
0.29754111355967455,8.562517591156886e-05
0.46885674526164345,8.483140970585561e-05
0.6391955426510882,8.371028891121487e-05
0.8000752346514101,8.23703954649857e-05
0.9483772855132958,8.090855457411672e-05
1.083455275021292,7.940089046288123e-05
1.2066307398791645,7.787623641538682e-05
1.3210172858527094,7.63413225572427e-05
1.4312077910107983,7.474431553630816e-05
1.5426007486878932,7.284273625420797e-05
1.6599108541463081,7.070982440490685e-05
1.7812216754472552,6.71106003269356e-05
1.6555534480439105,7.098064844841096e-05
1.5305997798618047,7.31143357129121e-05
1.41232281178467,7.499294311269475e-05
1.2945501135714819,7.666129663655805e-05
1.1715519651455675,7.829612002555185e-05
1.0388283125346698,7.988493109097663e-05
0.8935354189832322,8.144479056818266e-05
0.7347053378682179,8.292526530059822e-05
0.5636634755866788,8.423036862315245e-05
0.38649021989295146,8.524440835981782e-05
0.2315225661636565,8.583444879623817e-05
0.30839011254146625,8.55731885317989e-05
0.41234960316059766,8.511389193177152e-05
0.552709634241055,8.429857013815005e-05
0.6995137989926511,8.321676412604323e-05
0.8410726307819453,8.196237288122702e-05
0.9728341169590293,8.062601048410772e-05
1.0938020569195936,7.926326676766661e-05
1.2053633051926689,7.787347777281735e-05
1.3106996294681488,7.64580484270815e-05
1.4142324298228792,7.493595066203645e-05
1.5209102066559288,7.315559350419462e-05
1.6350306138927904,7.104046746854254e-05
1.6445894613664391,7.118518871468497e-05
1.5102245200626525,7.344474817982087e-05
1.3857207456624108,7.529973133209915e-05
1.2652287630155012,7.697278904128863e-05
1.1429540034087589,7.857043452344975e-05
1.0142984114630134,8.008635494905297e-05
0.8767842999481571,8.154253982498323e-05
0.7311844135410742,8.289265131177482e-05
0.5840928475890175,8.404274949559565e-05
0.4550461839368253,8.486605036298021e-05
0.4290680106027542,8.501650221993457e-05
0.5088695285409659,8.456113585380545e-05
0.6219040532729452,8.380004423127911e-05
0.7460297850270013,8.281039999933979e-05
0.8697641909041666,8.167095153831153e-05
0.9880547070458316,8.045088520499264e-05
1.0995803315088397,7.918448695941965e-05
1.2053796204841951,7.785085289798925e-05
1.3079989553402331,7.6480263793844e-05
1.4108190022457086,7.499215347557677e-05
1.5174605387024414,7.321886318824132e-05
1.6251604561673552,7.150062788731597e-05
1.4794672370044597,7.382992390760202e-05
1.3467252869863746,7.578611806358917e-05
1.2239714466502192,7.746944598058456e-05
1.106512350838308,7.896291214536444e-05
0.9901884781101166,8.029630682300468e-05
0.8732712724118248,8.151928171921392e-05
0.7584738677935333,8.260690361958079e-05
0.6556596508927781,8.347958117140925e-05
0.5200686246299504,8.448247888592704e-05
0.5807837882531035,8.408324174898036e-05
0.6730269690069375,8.340257133949192e-05
0.7802131565972426,8.250339145305937e-05
0.891967994576897,8.144170960982517e-05
1.0030152008725202,8.027753136543451e-05
1.111388498922782,7.90281299019125e-05
1.2171452604241038,7.767943751136631e-05
1.3214976463470198,7.627321171136736e-05
1.4262546377169685,7.474751631718358e-05
1.5335254099524842,7.293567244530395e-05
1.4364895755480265,7.442868066483878e-05
1.2959254646995355,7.645330701274118e-05
1.1733065034030024,7.80994389306545e-05
1.0660692003379344,7.940991041494776e-05
0.9708214414796749,8.04743015376339e-05
0.8858426515990251,8.136063788263104e-05
0.8129799024331084,8.207778891996829e-05
0.5854859596129456,8.404621539053209e-05
0.6336351198254112,8.370182962275778e-05
0.7132319560715947,8.307398479493396e-05
0.8111019713482942,8.221428616060276e-05
0.9176251036893391,8.11756700065082e-05
1.0270373327404967,7.999160811980476e-05
1.1363501588663119,7.869364240637655e-05
1.244304907904977,7.728268583704723e-05
1.3506595866753799,7.582661440396513e-05
1.455856903272859,7.429202640513723e-05
1.3881462782951324,7.509353943986862e-05
1.2424676396348833,7.71500896556927e-05
1.1235571225208534,7.870863328730799e-05
1.031420024743633,7.979596214875438e-05
0.9631601099023627,8.05439463607424e-05
0.9154166682666015,8.104476143976826e-05
0.635918413934787,8.36834414275855e-05
0.6788901914329742,8.335216689434619e-05
0.7533376344306363,8.273173289901833e-05
0.8478371551309939,8.18583542103868e-05
0.9530732517402165,8.077769513313718e-05
1.0627495506729523,7.954692439977428e-05
1.1729598152355356,7.81854277567183e-05
1.281370412679106,7.674122241465678e-05
1.386696919641076,7.528638718206573e-05
1.3409864955554107,7.572703575023327e-05
1.1960338079497628,7.773086792943294e-05
1.086362809194942,7.913410122870797e-05
1.0138431832849217,7.998426555849675e-05
0.9749530815206485,8.041277900471072e-05
0.6837896428250609,8.330898695778055e-05
0.7268005979040396,8.295078504261683e-05
0.7998332175970567,8.229960760819514e-05
0.8925999772108426,8.139111780655205e-05
0.9962622711202308,8.027847851284519e-05
1.1043967796192304,7.9017507846592e-05
1.2125851889636519,7.763591312333001e-05
1.3178183612599503,7.620048280964671e-05
1.3011094805143772,7.623932357418375e-05
1.1661804097401531,7.80944240943077e-05
1.073465904673058,7.925840729010127e-05
1.0245824735813411,7.985625045368874e-05
0.7361519488713365,8.286414870868451e-05
0.7797109984010813,8.24715309462587e-05
0.8504283214270756,8.179325342152954e-05
0.9394505860355787,8.087298032453887e-05
1.0388190727944486,7.976287789398887e-05
1.1422742878200556,7.851428866172744e-05
1.2450799943876938,7.715621182213503e-05
1.2862013050555117,7.640625566325783e-05
1.163288786604474,7.808727471154644e-05
1.096252384937519,7.89537670032038e-05
0.7907637849424308,8.235894214930021e-05
0.8316262084502375,8.196348932042782e-05
0.8968875962580186,8.130421283180511e-05
0.9793286195090929,8.04145845951643e-05
1.071803892415029,7.935744351750707e-05
1.1680767103293441,7.815477345668218e-05
1.2630717260450153,7.688700837255537e-05
1.1977116478485723,7.760426544193723e-05
0.8394883391347413,8.18752839284293e-05
0.8739070142855264,8.152325791166225e-05
0.9312033104155539,8.09263462382676e-05
1.0053366807090822,8.011628501974265e-05
1.0894660230978839,7.912561240430244e-05
1.177138250012877,7.801998000317563e-05
0.8747426146607056,8.150961508734767e-05
0.9006368334439858,8.124461995829647e-05
0.9490134349828067,8.073239110588924e-05
1.0142611330781577,8.001201350837125e-05
0.8927887034606709,8.132223960623891e-05
0.9096507222967122,8.114576400264625e-05
0.3548276334381678,8.537818924910713e-05
0.48860535968786656,8.468285968390413e-05
0.6455742254434298,8.3620361213906e-05
0.7998096421344915,8.232262251810731e-05
0.9433884256488284,8.09100628312539e-05
1.0745987631917884,7.945263659026363e-05
1.1948451266305176,7.797998654794202e-05
1.3076033883024187,7.64811881925383e-05
1.4176033818105274,7.491941722135303e-05
1.5292630936764708,7.310042715813944e-05
1.6378381723424582,7.107255846161492e-05
0.46827080153724093,8.479441623651223e-05
0.5794068404826607,8.408337627415328e-05
0.7122936932778389,8.30687960354365e-05
0.8451101176233747,8.1882207779143e-05
0.9702419097896198,8.061427496815584e-05
1.0862794471780044,7.931919756360266e-05
1.1948182867409145,7.797848339879329e-05
1.2990147402900263,7.660261809349385e-05
1.4021734265791865,7.514151384114363e-05
1.503829635137949,7.350299798329284e-05
1.570720258993934,7.223415686207678e-05
1.5049722172279276,7.3465791898421e-05
1.3925896481203224,7.523478057653623e-05
1.2793128104649507,7.681237188280005e-05
1.1666292096500934,7.82792731717106e-05
1.0508476795130248,7.966937731221965e-05
0.9289164109692523,8.099127259431322e-05
0.8008107117659748,8.225019049006856e-05
0.6720983537083669,8.336149806682632e-05
0.5583056955190541,8.421282966326224e-05
0.5566263554257509,8.42352032187911e-05
0.6482342167031023,8.357022630272423e-05
0.760126449962029,8.265182477432137e-05
0.8752764696778681,8.158518117182978e-05
0.9873486466985536,8.043303654101715e-05
1.0949005381297712,7.920940619821063e-05
1.198802233222868,7.791238977087396e-05
1.3007019512318854,7.656955391616526e-05
1.4006617267747663,7.514613458569177e-05
1.485682137423739,7.379757265980336e-05
1.4652462817673289,7.410843091332443e-05
1.3540092157203727,7.57375610283709e-05
1.2374435554392558,7.732294324463277e-05
1.1276681634558525,7.872387692347028e-05
1.0231249123998278,7.993394324382621e-05
0.9215020892960131,8.101769870929142e-05
0.8236657413376653,8.198989837862291e-05
0.7361517298741348,8.279601157635329e-05
0.6208362275329765,8.378022579414449e-05
0.6986463727218117,8.316759505000004e-05
0.7965998144732009,8.232339650758671e-05
0.9016354497020215,8.131262912508444e-05
1.0080331997788985,8.019053938883776e-05
1.1135964762975936,7.896823046358167e-05
1.217719056647475,7.765411878432363e-05
1.3195161122379155,7.627129778468259e-05
1.4114559802758533,7.496085076230254e-05
1.421845407741156,7.476101751652917e-05
1.3102772696505944,7.630250329278359e-05
1.1908941373175597,7.788221299323436e-05
1.0873162525054798,7.918148652173456e-05
1.0000680784983256,8.015892143397048e-05
0.9268734841140898,8.093723138571507e-05
0.8671935893365916,8.154465187717097e-05
0.6704282549468344,8.340159182542883e-05
0.7415939869982288,8.280575252699557e-05
0.833153342623574,8.197510777818158e-05
0.9345159112672616,8.096098684736211e-05
1.0398844768328033,7.980937994679253e-05
1.145998370885577,7.853685567983308e-05
1.2504558280371334,7.71806230332859e-05
1.3476358767144,7.585499616439304e-05
1.3816233955539263,7.529614887058175e-05
1.2689421823815255,7.680492870033711e-05
1.1493784145993495,7.836933949783079e-05
1.0560338307097379,7.951442594553906e-05
0.9903360058296861,8.024999775411632e-05
0.9486619793290196,8.06948373173448e-05
0.7174815993169547,8.3016959904495e-05
0.7873733312221407,8.239357599207959e-05
0.8767777004292868,8.153480252083464e-05
0.9767093233725943,8.048491941187385e-05
1.0812794351675195,7.928386688313757e-05
1.186359800893096,7.798158367636483e-05
1.2870106577566311,7.663287006363662e-05
1.3499647290853911,7.569971324677922e-05
1.2350698850362902,7.720589601310204e-05
1.121657176169381,7.867921906301898e-05
1.043939262702462,7.963509732309353e-05
1.0022554279601177,8.010983612021235e-05
0.7690799818490668,8.255765404178861e-05
0.8386532669948181,8.189302726407214e-05
0.9256156401044646,8.10056917307558e-05
1.0225336471707482,7.994047704820874e-05
1.1237655634526373,7.873819694016084e-05
1.224373270864621,7.743796874006708e-05
1.3062045860118103,7.628560955063259e-05
1.2148406839565826,7.742291977916221e-05
1.1173468207244996,7.870519662154973e-05
1.0613404009237186,7.94157351027472e-05
0.8231984383923511,8.204061949352573e-05
0.8897580319033255,8.136211730454067e-05
0.9715605667438453,8.04868018374992e-05
1.0627319411334286,7.944371867834428e-05
1.1580256491378433,7.827016840111713e-05
1.2506956899744024,7.703457387939443e-05
1.2175203680939837,7.7339176516193e-05
1.1469318618958293,7.829611647399504e-05
0.8718338763207562,8.15408419971565e-05
0.9320223787301745,8.09004999289004e-05
1.0062482336428236,8.008161044561322e-05
1.0898497424825795,7.910032730532905e-05
1.178151797232744,7.799147021408913e-05
1.2572185994536387,7.677152839227716e-05
0.9072936266078301,8.115642891484356e-05
0.9591117220614159,8.059777749507117e-05
1.0246228395720929,7.986121205454176e-05
1.0996056169321136,7.897490602348626e-05
0.925559277291228,8.096451550679687e-05
0.96832918950326,8.04964622151745e-05
0.6423245264449506,8.359378764652844e-05
0.7393342651683193,8.278920702130048e-05
0.8488800917434971,8.178484640445499e-05
0.9587546070170075,8.068165530533072e-05
1.0650990537161191,7.951936055612048e-05
1.1686801187622717,7.828198405320928e-05
1.2717449407181096,7.696032864856589e-05
1.373809090293202,7.553292413962414e-05
1.4582229487216558,7.421482489983933e-05
0.7041138676818515,8.309370128138485e-05
0.788009042856403,8.235396362130611e-05
0.8835903594401691,8.144556947276027e-05
0.9819021079881807,8.043213206444314e-05
1.0802806971559522,7.93417702136895e-05
1.1788862458880665,7.813897806495263e-05
1.2772344859588949,7.684717571171207e-05
1.3667936567439747,7.561843602591788e-05
1.404136283696564,7.508137166755422e-05
1.3379154360439316,7.60116044089258e-05
1.236651929097388,7.736216749192145e-05
1.1359436461064414,7.864211143402166e-05
1.0416327380192827,7.974341987257509e-05
0.952788336699122,8.069328113326065e-05
0.8691741066047645,8.154332908569248e-05
0.7948568386632265,8.226457250497753e-05
0.7517111178629453,8.26856689659654e-05
0.8290135041931719,8.196727268994113e-05
0.9180779077784926,8.1086190400286e-05
1.0121082849066192,8.008385926128703e-05
1.1084573821245944,7.896758819738901e-05
1.2055337725508057,7.776880533058494e-05
1.2977643800641354,7.654940347571039e-05
1.3573923831682133,7.571386710176092e-05
1.305898439382997,7.637511133669036e-05
1.2038829881965472,7.77421893265592e-05
1.106836899439106,7.894907696050786e-05
1.0254692811045305,7.987960293249855e-05
0.9592915887921821,8.05942756198654e-05
0.9068740125313541,8.113989573166187e-05
0.7968514226818898,8.227775389735403e-05
0.8730635998801061,8.153092138994702e-05
0.960408300564471,8.061932390538351e-05
1.053318899322865,7.958436286508312e-05
1.1486469715851273,7.843621102826366e-05
1.2420387530322679,7.722978931373995e-05
1.3144720194011523,7.624553114904806e-05
1.2810156491489815,7.66358028525968e-05
1.1789421382392913,7.799279041323474e-05
1.0886488975876538,7.912041019298867e-05
1.023491055667538,7.986979392072638e-05
0.981749823604827,8.033038311902915e-05
0.8468519612050839,8.17896489047907e-05
0.9233586095846429,8.09931801101303e-05
1.0092297072241603,8.005269489050835e-05
1.0999507776895914,7.89952951027337e-05
1.191731712328118,7.784757395696319e-05
1.2730608049805487,7.675425282800393e-05
1.262748459437284,7.683853077339732e-05
1.1655744202915133,7.809575872727598e-05
1.0877992745479035,7.909096964951119e-05
1.0419565136045221,7.963999342689814e-05
0.9001397597707916,8.123298735414919e-05
0.974566240470899,8.041540484435325e-05
1.0564347443987105,7.947470203910719e-05
1.142404339053634,7.843666085536862e-05
1.227226493573096,7.733240039371016e-05
1.258615120258138,7.683520535878632e-05
1.170221052305794,7.799194144183172e-05
1.1123862627469425,7.875691585462153e-05
0.9489048959271114,8.069390323669526e-05
1.0178570669708256,7.990773415598169e-05
1.0932358565250366,7.901977846568462e-05
1.1733493961376305,7.802133242725521e-05
1.2493555619042693,7.696643854763959e-05
1.202398558318386,7.753492834690809e-05
0.9851085816182006,8.028376855814944e-05
1.0462296988899091,7.956951706843181e-05
1.1139225798421855,7.87538457779113e-05
1.1878151081223052,7.781682966973212e-05
1.0040287579599936,8.006641679025705e-05
1.056082140919474,7.945216753369532e-05
0.8393463455508531,8.183947725755441e-05
0.9067451909288661,8.116367270833265e-05
0.983372514246841,8.036251211395438e-05
1.066733376037994,7.944025498115042e-05
1.15666672741541,7.836405519190053e-05
1.2503892493864095,7.71652151594958e-05
1.3292094585300274,7.611253133011145e-05
0.881722001366027,8.14179188412079e-05
0.9482431669159919,8.071640771926687e-05
1.0234800830482966,7.989527682098968e-05
1.1054531372906198,7.894806942581856e-05
1.1923361917146578,7.787847260215628e-05
1.2737531004942635,7.679403442352308e-05
1.300147503315791,7.64284691642449e-05
1.2295705087946702,7.736517041404255e-05
1.1405215010627694,7.850622022639403e-05
1.0617355606840335,7.943893200994046e-05
0.9969718884213321,8.017132537910327e-05
0.9452382338960433,8.073684792541576e-05
0.9298768535958774,8.090349037551536e-05
0.9975199432425174,8.01505691753441e-05
1.072198732910528,7.92938852985372e-05
1.1520541835251503,7.833311583572602e-05
1.2317862693236636,7.730962568206219e-05
1.278708769391124,7.665207477714479e-05
1.2165579893474758,7.745460964156648e-05
1.134018403986624,7.852958689354364e-05
1.0692469565274876,7.931577181144196e-05
1.0247088887610898,7.983240222926537e-05
0.9826370412703048,8.030846930446744e-05
1.0492930018260818,7.952933571816548e-05
1.12098062887813,7.866826787112394e-05
1.1957073642910572,7.772911526034292e-05
1.2556444378594074,7.69192416531797e-05
1.2116029394041892,7.746143595672571e-05
1.1406183571907123,7.839923839056568e-05
1.0935599919596024,7.90000677559881e-05
1.0321191481635617,7.972124626607014e-05
1.094222235359498,7.897487771198231e-05
1.160410122978346,7.815006392049067e-05
1.2278772755889198,7.726762216796873e-05
1.2190039767326384,7.732962976161278e-05
1.1670504014295202,7.803051861357912e-05
1.0696485459883487,7.926512288006555e-05
1.1245117281399406,7.85860248594497e-05
1.1853230628881615,7.781279579653802e-05
1.2570334447998883,7.677660463838664e-05
1.089575175695885,7.90194450900395e-05
1.1355134822854076,7.84457965265819e-05
0.9911020120454346,8.021473668506651e-05
1.0447712432576155,7.959596719300776e-05
1.1093674819737054,7.883792551163318e-05
1.1845016323958755,7.790553148516363e-05
1.25661513754465,7.695312476737321e-05
1.0435461094085146,7.959297602118132e-05
1.0971866300238915,7.894611574151461e-05
1.1590479984218378,7.818416342845948e-05
1.2251937599554188,7.731907722321073e-05
1.2456637919076887,7.702607082168617e-05
1.1831083782465832,7.785543295527038e-05
1.122063310777107,7.86358923633229e-05
1.0768030158634665,7.919839977475019e-05
1.094220663386125,7.896618803455058e-05
1.1439655338171868,7.834084571894716e-05
1.199923567332169,7.761442657383662e-05
1.2407604432885107,7.705076214738481e-05
1.1900758568199075,7.772750087643262e-05
1.1470699203737493,7.830238862501311e-05
1.1334930812659607,7.846056375795832e-05
1.1763910734184457,7.790291644044881e-05
1.227520801143157,7.721926546796524e-05
1.211953484055082,7.741517086150729e-05
1.1546464791847084,7.818057480254462e-05
1.1892796275579305,7.772715573789598e-05
1.128902930317039,7.853688913118202e-05
1.1705154260843118,7.799735963473293e-05
1.2220002719363605,7.730707964583775e-05
1.1701442799401203,7.797852820524483e-05
1.2045446390625896,7.752651793242655e-05
1.2230054678188986,7.726756701069095e-05
1.1902828631290345,7.77116414591862e-05
1.1926380268360623,7.767594160306443e-05
1.2203006193751353,7.730551632706658e-05
1.2141082490887551,7.737702270121588e-05
0.1973420552443624,8.59375936398549e-05
0.3905465291937256,8.525379211715024e-05
0.5759340057765019,8.418708245570674e-05
0.7506385513746866,8.283518966664258e-05
0.9128578467112944,8.129850295298768e-05
1.0620749528705993,7.967616591098302e-05
1.199282150470662,7.799190806590255e-05
1.32711768638621,7.630264493516758e-05
1.4497198716376565,7.449215152318462e-05
1.5720167197223311,7.241375981384194e-05
1.6976174978974132,7.007003899476792e-05
1.8168244500056288,6.588168218204581e-05
0.16177048364920174,8.60081128979361e-05
0.33337158472893197,8.549223044980087e-05
0.5365439413585076,8.444076870349575e-05
0.7276759045727312,8.303050439556668e-05
0.9058656534443222,8.136999841708414e-05
1.0724131079343653,7.954537822783178e-05
1.2293173733351472,7.761305035602998e-05
1.3796414183574606,7.552843806783396e-05
1.5275500351760791,7.327528505712579e-05
1.677649880539918,7.068647783063692e-05
1.832445986726477,6.775905224123818e-05
1.9257821500463594,6.405527762792725e-05
1.7921768417577804,6.831773666073269e-05
1.8408503990457603,6.49672558540139e-05
1.7341147264190622,6.937467584370948e-05
1.5962253044709285,7.199043375709233e-05
1.4589709928696821,7.439900262635732e-05
1.321696678675188,7.640232815149308e-05
1.1805362263507075,7.828739325345692e-05
1.0321026215142708,8.005231418467646e-05
0.8744789345495833,8.172022720800944e-05
0.7074720651515154,8.322523284309167e-05
0.5328776200781726,8.448588480154054e-05
0.35609862555595156,8.541567912637672e-05
0.30839011254146625,8.557400296174044e-05
0.44481457610464165,8.494903208442973e-05
0.6389343076373566,8.369754435721246e-05
0.8396237354279285,8.19814816804466e-05
1.0365470465367337,7.990223873532141e-05
1.228893142332927,7.752822672491455e-05
1.4183553559715636,7.484548630829986e-05
1.6073238709767288,7.189797566909427e-05
1.797221970693223,6.865812147716996e-05
1.9765810592612898,6.53421800614228e-05
1.946562625810906,6.588827738231898e-05
1.793539747605904,6.854122268419437e-05
1.7563015509649988,6.838604607875197e-05
1.845175684497543,6.485841087003736e-05
1.7590714294818894,6.895899203128183e-05
1.607794977566028,7.188810092088984e-05
1.4555859134935103,7.450537030454092e-05
1.30612794224333,7.666001306868653e-05
1.1567174217661935,7.862125373733644e-05
1.004646659678659,8.038551322739825e-05
0.8487142109125101,8.198665101799418e-05
0.6899190315215862,8.33710981077855e-05
0.4290680106027542,8.501688258859733e-05
0.5412058321938025,8.435892861215135e-05
0.7254293972185918,8.297873742410575e-05
0.9369099845381568,8.094094045411102e-05
1.1583302459158205,7.834206607729365e-05
1.3826542152231471,7.525514200033872e-05
1.6044816756367963,7.182448511962861e-05
1.8119969224830297,6.829897882983305e-05
1.9545577091236008,6.569592567255875e-05
1.918256160012934,6.635891098255651e-05
1.7818415632604554,6.878147272880081e-05
1.6310037901142382,7.117091108177689e-05
1.7510332772500448,6.872918145763505e-05
1.8472160317693882,6.507530261374774e-05
1.7713755357942822,6.8417345152897e-05
1.607584959886223,7.193178682267041e-05
1.4444999146577913,7.471862554797748e-05
1.2893547084697574,7.694005592630389e-05
1.1398881059287038,7.884101108207308e-05
0.9933845064012214,8.052515471035383e-05
0.5200686246299504,8.448436764829553e-05
0.6170425353474598,8.38228692545406e-05
0.7994895917298501,8.22963805371431e-05
1.0243862118224225,7.992909657096158e-05
1.266312550086403,7.684950833579916e-05
1.5082330949512999,7.32830553620218e-05
1.7293514131413525,6.965887302325176e-05
1.8809554504934811,6.70060444565802e-05
1.877989618819106,6.703869037792069e-05
1.7575440194930365,6.91388585338795e-05
1.5936335155607095,7.197787333342346e-05
1.6453627283898464,7.100047134146696e-05
1.7613257780817653,6.868428245298409e-05
1.8542403463235952,6.495242323187447e-05
1.7752798548300375,6.828027220039725e-05
1.6022417241930724,7.208584723172233e-05
1.4351973063242105,7.485654120135773e-05
1.2821436734954703,7.703969720787369e-05
0.5854859596129456,8.404826612700268e-05
0.6759704196765949,8.336617851602491e-05
0.8636297356691829,8.165945961859481e-05
1.1006383829071333,7.898977339305981e-05
1.3523264237155088,7.559067366693793e-05
1.5907130241056775,7.19184071544935e-05
1.7745760812209816,6.88558785718223e-05
1.822814459556516,6.797616198803625e-05
1.7233547731955359,6.969389630102954e-05
1.5694300048308525,7.227877200321528e-05
1.5610311263289405,7.251536683221031e-05
1.6679609223087422,7.068728080744693e-05
1.7768465792729329,6.843028371566927e-05
1.862075636481876,6.47611690266034e-05
1.7755991482937694,6.846522610679446e-05
1.5993479085388973,7.213358872669535e-05
0.635918413934787,8.368185995768956e-05
0.7270413374216648,8.293984099207139e-05
0.9221948122999051,8.104696279836836e-05
1.1661497486995214,7.814497172824823e-05
1.4165638348800023,7.46193775797341e-05
1.6343796844994896,7.119208783729693e-05
1.746139920059884,6.930691035011489e-05
1.6797086229400853,7.037377754367548e-05
1.5263091051988762,7.289404147348636e-05
1.4886082201510766,7.379476871772837e-05
1.5879933029507922,7.210325075812013e-05
1.6871267823164675,7.037136166335547e-05
1.7875166099536124,6.826941552731567e-05
1.86538286346693,6.461658590491231e-05
0.6837896428250609,8.331246204399496e-05
0.778725581658251,8.248210048350838e-05
0.978643312807239,8.041468628012274e-05
1.2228659516408547,7.737432571881656e-05
1.4631769824606309,7.388487957934679e-05
1.6385929694347197,7.110352270692938e-05
1.6259161286118038,7.12534921872021e-05
1.4791759756600096,7.355428790488393e-05
1.4182275531198663,7.478605845128559e-05
1.5132651927574667,7.337362985262897e-05
1.6042130650646917,7.18145071315261e-05
1.6944952280548253,7.016094648461848e-05
0.7361519488713365,8.286447408098162e-05
0.8331158571781374,8.195148779019845e-05
1.032328152185534,7.97816453298031e-05
1.2709554433919155,7.667705801534966e-05
1.4916596622242704,7.343021128708117e-05
1.560991705241086,7.22860290949005e-05
1.4326255714142857,7.422574250166118e-05
1.3437787932742051,7.580183802908825e-05
1.436279148044243,7.450116866541164e-05
1.5223286962538427,7.320662165960853e-05
0.7907637849424308,8.23593452298822e-05
0.8851808302780387,8.141385279168211e-05
1.0789628334299632,7.920479528572436e-05
1.3088076677610163,7.612066845483452e-05
1.4784771390372884,7.355315911235483e-05
1.3957442507670645,7.472957442863942e-05
1.279466884704794,7.646461918540535e-05
1.353095767569569,7.565870809714238e-05
0.8394883391347413,8.187669096081892e-05
0.9274634597106655,8.095548224587018e-05
1.1143871731745936,7.874674672518404e-05
1.3372063888358365,7.568059160076488e-05
1.381666960718189,7.490507691756767e-05
1.3103890646981158,7.598232979864837e-05
0.8747426146607056,8.151267554937999e-05
0.9548144270303197,8.064676551076213e-05
1.1363479432703492,7.845923751567183e-05
1.3633796737160526,7.529296809497965e-05
0.8927887034606709,8.132288236376841e-05
0.9645052109278476,8.054138817304621e-05
0.4803468545725221,8.478195598970596e-05
0.6576626047107436,8.360197219624014e-05
0.8344816125363622,8.208769770465322e-05
1.00655711137046,8.031939262946708e-05
1.1737759430034276,7.833422754583954e-05
1.3378641583902815,7.612261618197633e-05
1.5017697598728965,7.370895321260068e-05
1.6689886764946043,7.085747256565565e-05
1.8417355679096559,6.766459710032816e-05
1.9626659309106913,6.377542147832821e-05
1.8364187185145204,6.773361166771752e-05
0.5721427496165443,8.418437854682065e-05
0.7446502056295745,8.286470598535393e-05
0.9325150576579252,8.105857432819435e-05
1.12796162830049,7.881380109614322e-05
1.3279620842100235,7.614906762287028e-05
1.5313553625428653,7.309166116263856e-05
1.7365757377125428,6.972021693660158e-05
1.9330669375804306,6.614448852939104e-05
1.9913243312596742,6.504575373308285e-05
1.8617857453023308,6.73568719476704e-05
1.7683618159890802,6.900047889884324e-05
1.8309628568258913,6.785743266330125e-05
1.954287335114727,6.410262897428328e-05
1.8390706345706904,6.776308332252128e-05
1.6514169251292827,7.121968108189718e-05
1.4716433692372894,7.421165033368415e-05
1.300061745221185,7.671048324602146e-05
1.13420180857262,7.88618024047936e-05
0.9717478122160829,8.072788716159132e-05
0.8118880401587042,8.231450423837214e-05
0.6492346347542486,8.360410766830909e-05
0.8189339303936163,8.215848918815864e-05
1.0224033427216555,8.001548486912353e-05
1.244884155025994,7.721098916155266e-05
1.4751627354375403,7.386221856679385e-05
1.7008006126747457,7.020521404629238e-05
1.8920908884249474,6.683334842635579e-05
1.9508478471888644,6.57441032101425e-05
1.8530312143899372,6.74741645075348e-05
1.7351809483546696,6.9542160203679e-05
1.7199230170168092,6.980636660879163e-05
1.8255777076784776,6.782895148066753e-05
1.9451741883268117,6.421558937902797e-05
1.8281483671784517,6.799463007510571e-05
1.6304843131546347,7.15738418336348e-05
1.4459631707214784,7.46455482134294e-05
1.276475296508514,7.705661498231547e-05
1.1192773071588469,7.906001730427397e-05
0.7121259337819037,8.308818531262595e-05
0.8852554575533897,8.147770640997871e-05
1.104769726760758,7.898099740496069e-05
1.3454480781173586,7.573141989245086e-05
1.584562269494662,7.205495748011959e-05
1.7901271138935895,6.860913803497948e-05
1.888008037331779,6.684633839361518e-05
1.8241256464143327,6.797858139399925e-05
1.6981598899857235,7.015223988705319e-05
1.6301103451933021,7.13939768264904e-05
1.7117369716456454,6.995633333425671e-05
1.8303102244746994,6.775765955341542e-05
1.941946064531573,6.4055453257638e-05
1.8168425252325158,6.814596763909272e-05
1.6164209017351066,7.181028178210826e-05
1.4358449864101934,7.481279914344028e-05
0.7654331798084176,8.261454210533394e-05
0.9456558415061517,8.082035880361116e-05
1.1765186811461827,7.804072444100253e-05
1.4223070196240153,7.45613892954745e-05
1.648817547711377,7.097493192758218e-05
1.7974357141902462,6.84706214309117e-05
1.7796862551901165,6.872152079882775e-05
1.6537727429631266,7.08292812427809e-05
1.5489331398326418,7.269683513100149e-05
1.6162816220613079,7.162294082906934e-05
1.7220216436457152,6.97437425478999e-05
1.8386519154224594,6.753695953533263e-05
1.9417047665392524,6.3727114457776e-05
1.8121274597758041,6.821104645410804e-05
0.8161715278618675,8.214508311212495e-05
1.0026585165013877,8.01740507535969e-05
1.237796616170644,7.719896128777902e-05
1.4777787544146057,7.368498469279269e-05
1.6732011417818775,7.054689486441266e-05
1.7189108472829746,6.973660092598867e-05
1.6019471108863657,7.161829912521814e-05
1.4798548521838526,7.368703130555208e-05
1.5300846806180657,7.3067498099751e-05
1.6278526861706104,7.138432140453387e-05
1.7315744655132184,6.953874557603152e-05
1.842495556636161,6.739197819127061e-05
0.8687439060189388,8.162145236601518e-05
1.0571639189775288,7.951468934689817e-05
1.28970655453062,7.645046218918242e-05
1.5147049575515537,7.308120429144293e-05
1.6371239199719492,7.108801631338401e-05
1.5446196732269333,7.2478657987227e-05
1.4063016895114226,7.471060898433194e-05
1.4459505933429455,7.430872391897412e-05
1.539531459775156,7.289144769734148e-05
1.633843068144064,7.126568114139904e-05
0.9214384610596241,8.105371039874323e-05
1.1065961554651425,7.888890913833197e-05
1.3314926164027718,7.581889200347291e-05
1.5227012058784317,7.291950606938925e-05
1.4869041914655363,7.335866888559375e-05
1.3510551696286885,7.544898136644259e-05
1.3596744506704426,7.553148163512849e-05
1.4507965264980935,7.424602109009787e-05
0.968068973399474,8.052339563527025e-05
1.1467503921564761,7.835720857955172e-05
1.3616231550936606,7.53549039739564e-05
1.437480249019472,7.409898534458246e-05
1.333153167777578,7.565520859147205e-05
1.2675803495560283,7.680252127927882e-05
1.0027096915000995,8.012025368895252e-05
1.1753028651823798,7.796274331667237e-05
1.3834805128327479,7.497088124697524e-05
1.3573178983365362,7.526425506526507e-05
1.0219720901216558,7.98913195132683e-05
1.1883115803489697,7.77852334320446e-05
0.8975082843022729,8.14429843908532e-05
1.0704119161207748,7.955359634437159e-05
1.259132031003439,7.715590850240338e-05
1.461728741710895,7.421442727312185e-05
1.675560367123053,7.07778438102791e-05
1.8933860642954892,6.690493395407762e-05
2.023608830296844,6.44303129340648e-05
1.901832187942258,6.664867532419877e-05
1.7950038521245928,6.852703907474577e-05
0.9736434852573331,8.059416677072645e-05
1.1645870394175304,7.831646037348669e-05
1.3808416514607849,7.532408829955361e-05
1.6099344465364307,7.174832090123372e-05
1.830655525447682,6.797602721839147e-05
1.9699793822500131,6.538191478326004e-05
1.9137554030532935,6.637207967424434e-05
1.7975616312150227,6.844414965086395e-05
1.7346508700843064,6.955813522926783e-05
1.797536436987531,6.847335328050199e-05
1.9237210537445837,6.61966080458587e-05
2.046631641646162,6.399847224475371e-05
1.8560170884462959,6.762595792868743e-05
1.6296206763629901,7.154306017858998e-05
1.4206873174343677,7.487346947651933e-05
1.2338914322869279,7.752741317704332e-05
1.0445625012046793,7.974496968188383e-05
1.2503804482772116,7.712028765942053e-05
1.480360382077483,7.37259856194104e-05
1.7071962699783878,7.004866388297467e-05
1.8779828913396617,6.703250209617051e-05
1.884748076181724,6.684493345190891e-05
1.7735354800481133,6.881624820891452e-05
1.6762608334923914,7.049479103207874e-05
1.6941988353958546,7.028777385063106e-05
1.8011866874383324,6.840080093526609e-05
1.9372075269038542,6.585823361865099e-05
2.0555270278662907,6.38552596026734e-05
1.832339381562495,6.804421287532387e-05
1.6124019927318747,7.186208050990409e-05
1.1092607781336588,7.893277367720528e-05
1.3221201139026928,7.605560785198484e-05
1.5505482225500662,7.257724460620021e-05
1.7509141259018988,6.925181049339586e-05
1.8251817238138675,6.789572741568358e-05
1.7294670710384974,6.952385460528524e-05
1.6068654760927343,7.158208607266446e-05
1.5910319955989598,7.196085000417174e-05
1.6862445371288768,7.043084433931743e-05
1.8080597888811076,6.822404417173001e-05
1.9445217214967603,6.569778670834185e-05
2.055132565522936,6.388446263369385e-05
1.167682999197321,7.816653672186797e-05
1.379768115878078,7.518323885159753e-05
1.595233629119116,7.181879842373053e-05
1.7347756220948998,6.94880354209601e-05
1.6699833169030065,7.049468998395054e-05
1.5312930500403912,7.274514305286566e-05
1.4872591397745494,7.356572938164963e-05
1.5775056834109544,7.2199367174198e-05
1.6896921419568367,7.0315899171244e-05
1.811470789663706,6.811302185415742e-05
1.2194906844852342,7.74574472611449e-05
1.4245333883074305,7.447933449187906e-05
1.6096580962594436,7.155788688402684e-05
1.5995826350236175,7.159127447407435e-05
1.4577810545446965,7.384354785246579e-05
1.3797508806709806,7.514075484702686e-05
1.4725692040990042,7.381212994432934e-05
1.5785086909130248,7.218815225760135e-05
1.262543911435408,7.682535589707753e-05
1.4544124176248503,7.401606133502535e-05
1.5244325675155888,7.278692410067184e-05
1.4002828725975258,7.46755309843067e-05
1.2969143898539315,7.625609121251334e-05
1.3708236481833591,7.531022887518262e-05
1.29482655918228,7.63393069141568e-05
1.4467325866727279,7.400369849141426e-05
1.3730368071656527,7.503058394689105e-05
1.3050590699004556,7.606535589371578e-05
1.3185880266069956,7.597920335813667e-05
1.3850766737781428,7.480545998284038e-05
1.346243570651104,7.584607327386052e-05
1.557252125258756,7.261401403140514e-05
1.7816176943259532,6.88580197960169e-05
1.9704651215447802,6.537232884964956e-05
1.9563790194050155,6.553011103260958e-05
1.8320549987355306,6.779069115619312e-05
1.7303132135187973,6.957586097925978e-05
1.441605198027483,7.433707172313695e-05
1.655868019380481,7.092878423457873e-05
1.8543318970215097,6.74648960321187e-05
1.925141785358181,6.611703236276902e-05
1.8233937612676785,6.78565279939751e-05
1.698338035296625,7.005226003152906e-05
1.6433427640915634,7.100436801747117e-05
1.723858557477751,6.970857873021172e-05
1.852320786512711,6.736821389508527e-05
1.9816891323851762,6.508581717179055e-05
1.9620821696780233,6.553424168347986e-05
1.7624987675193964,6.916862793391233e-05
1.5125609967511922,7.317851864417047e-05
1.7126279337494694,6.991694043392251e-05
1.8452536417717684,6.752476007253002e-05
1.7813308573297657,6.86029688066135e-05
1.6421893952753168,7.09256143549207e-05
1.5458181188610918,7.254847155329372e-05
1.6043144149324526,7.165368159891987e-05
1.7259445440210766,6.96299593065811e-05
1.8628207028409172,6.711610630014383e-05
1.9901449740327701,6.49483072288089e-05
1.561704288872017,7.237803374039302e-05
1.7272557467943876,6.962450002324469e-05
1.7141501250477384,6.96979833360873e-05
1.5702304255974109,7.205744414293977e-05
1.44754321802466,7.4047180688943e-05
1.482698415301366,7.357535630605686e-05
1.5980611758380867,7.177063523886837e-05
1.7282719670215236,6.960222137497228e-05
1.5878813950624167,7.193061676074306e-05
1.6292642043045518,7.110926647839886e-05
1.4940900624517712,7.321137050660925e-05
1.3646081728964252,7.524126960021264e-05
1.3667231250027743,7.529779210378994e-05
1.475679079591244,7.368303956966252e-05
1.5357281134099463,7.259906108457835e-05
1.4282715325530193,7.41762229140571e-05
1.3237158483128402,7.580444840062271e-05
1.258263339928267,7.683227278888209e-05
1.38779493484558,7.47934071029216e-05
1.3333209072199905,7.56152349407252e-05
1.8419291687570811,6.769564712499638e-05
1.9435493166254576,6.578089150902502e-05
1.85207314142126,6.730522889622986e-05
1.7116424367925478,6.9810830417598e-05
1.5945558789348053,7.17413576618692e-05
1.8482774901975487,6.746244504456577e-05
1.807611037195115,6.809453597896236e-05
1.6635062168318853,7.053865084109442e-05
1.5243800210787324,7.281960189810556e-05
1.4751857328493523,7.362289031443235e-05
1.5796447637249857,7.19635180541937e-05
1.7199032945362611,6.964903831441964e-05
1.8615554242264352,6.717199950474234e-05
1.7293985739340894,6.944595478831244e-05
1.5906108705054538,7.171101444534475e-05
1.4464603741059512,7.399897669606298e-05
1.3567650195290257,7.538192147146114e-05
1.448047943867518,7.404556734823548e-05
1.5787866025000037,7.198421207335856e-05
1.5068506267325008,7.29926105944206e-05
1.3786904112316365,7.499280381063658e-05
1.2848122907939035,7.639090496918144e-05
1.3309920979799892,7.578499741802807e-05
1.3371920101416577,7.559498888392812e-05
1.2858023286005065,7.635325935013195e-05
1.6709465846890261,7.040937416841977e-05
1.523610644597909,7.28075759252986e-05
1.399619695913044,7.473974520461863e-05
1.4509007379717311,7.390657154976104e-05
1.3327174405363535,7.570113601850309e-05
1.2909954133823154,7.631778920776821e-05
1.3924999468028463,7.483679520197535e-05
1.2917786936389675,7.627841291591185e-05
1.2456751367903423,7.694101140527018e-05
1.2521364962784367,7.684863158720412e-05
0.43674155684448396,8.496400914174824e-05
0.8589589619190492,8.160799286851682e-05
1.2539312001505498,7.679036620608288e-05
1.6123776595326251,7.131328618455728e-05
1.9295245002796293,6.579021647795669e-05
2.2050192207714887,6.059327219384161e-05
2.441437304494504,5.596421215218512e-05
2.6419185347011998,5.200585889494368e-05
2.6162570107897913,5.195372666370058e-05
2.411360461180005,5.573283396920345e-05
2.221423161601028,5.980562859799015e-05
2.0671711616015154,6.368716628145246e-05
0.5524224252997657,8.427864591498694e-05
0.8724907011314591,8.151289576198926e-05
1.225475526752584,7.722848666611335e-05
1.566910998271884,7.209163675630517e-05
1.8782850247174296,6.674502697622999e-05
2.152980343352677,6.161828601564077e-05
2.3903438551841405,5.699143869981215e-05
2.588303768697869,5.310007447000165e-05
2.53209816075623,5.3496011839974555e-05
2.3273775633022304,5.7379047684009784e-05
2.137420399594805,6.181626425028487e-05
2.039258301893304,6.419892672141091e-05
2.125183930950128,6.253336298694347e-05
2.0477382746133697,6.401611519878669e-05
2.1713515538703905,6.117947602717726e-05
2.356340143761549,5.6796911055587156e-05
2.56025509411897,5.296427086467391e-05
2.526246208569179,5.433140270703727e-05
2.311212264169012,5.85207440335843e-05
2.059555691475985,6.340145401127658e-05
1.76963736328049,6.866659488620213e-05
1.4427821725457342,7.403725956553357e-05
1.0870842297449328,7.902475140311035e-05
0.7241905513753687,8.291041575977778e-05
1.0899817258571671,7.906658327933697e-05
1.3699177646670007,7.523348977567573e-05
1.6590562366652888,7.064097911554453e-05
1.9329912785035837,6.582450950403344e-05
2.179590788823535,6.11764261940748e-05
2.3930440843148353,5.698997905407449e-05
2.559544882692466,5.367845233858361e-05
2.5433237297235194,5.338536677967187e-05
2.3550872235283986,5.680488592050611e-05
2.1764681927133136,6.0207742499262535e-05
2.2289612967481607,5.97340169265696e-05
2.387747676780591,5.6627362432197865e-05
2.1972074218828084,6.118599715708843e-05
2.068493630953248,6.364550195959255e-05
2.148423234402336,6.169607494123345e-05
2.3252850354907433,5.73334811826106e-05
2.52584619171831,5.357714189622262e-05
2.436476354200012,5.611751789014352e-05
2.2214094281209884,6.030634395063925e-05
1.9722925513337568,6.50442414306395e-05
1.6914448405422846,7.003182261906864e-05
1.3882479396291167,7.488493985019628e-05
1.5926025655435903,7.178401597810915e-05
1.8330492332988277,6.768996757963453e-05
2.0630592917875727,6.346385841484971e-05
2.268307670906107,5.9529177561141224e-05
2.4391727556543255,5.617790044720793e-05
2.556382505804219,5.365229063560562e-05
2.5637198558497953,5.327209020527198e-05
2.4511741938283413,5.5345060456639884e-05
2.3530588208350327,5.749710574805016e-05
2.425905104626312,5.643476148612759e-05
2.595498515914435,5.298584334774655e-05
2.476923007859838,5.501944379683346e-05
2.2635229974434847,5.993186055014692e-05
2.1001481597115723,6.308471037311817e-05
2.143329141448651,6.195787935598876e-05
2.3107261524516782,5.771520564202967e-05
2.5070000723997072,5.391048814987411e-05
2.381607133709879,5.7215276907226566e-05
2.1771355835023787,6.11905365169331e-05
1.9440290287225297,6.559399320674172e-05
2.029949174891564,6.411054832004855e-05
2.2170174583395994,6.0582397490639955e-05
2.377185255531584,5.7452821611867765e-05
2.4987502918400333,5.495993070194578e-05
2.5659451204753703,5.3425441650507674e-05
2.5578971022286034,5.3538593982705986e-05
2.481273350665861,5.515222767509857e-05
2.4087271423789356,5.665302607774594e-05
2.45119438899907,5.585366715229165e-05
2.5810409747853837,5.331534086511235e-05
2.724323597529502,5.0285519172819404e-05
2.552168780009796,5.366998765346779e-05
2.3134085482709996,5.9107979122243015e-05
2.123689235259828,6.266212539180458e-05
2.145068416906198,6.212215086362835e-05
2.3051256618916125,5.789615064187109e-05
2.4988180409162086,5.405121168915101e-05
2.363386112937313,5.756582671968767e-05
2.3606467380568157,5.7834119769622296e-05
2.4754578481438765,5.53944136140116e-05
2.549910618057484,5.378098471609657e-05
2.573652902059444,5.327115532717401e-05
2.539297873607021,5.4049197440902566e-05
2.455549000340667,5.576998204215069e-05
2.365471224128452,5.74573722605177e-05
2.361071107205526,5.745602917137088e-05
2.4646418023522068,5.54877386684808e-05
2.590441329400504,5.304452792047696e-05
2.7184517923548492,5.039318387279399e-05
2.606431101321634,5.26268390135992e-05
2.3441990694066623,5.859876078522272e-05
2.135889567774676,6.245761710754812e-05
2.147163093309417,6.213658441207459e-05
2.3037678585509647,5.796329698466498e-05
2.546227465505297,5.38606444131356e-05
2.579154820005505,5.321213231290467e-05
2.5669484857577527,5.3457734066657354e-05
2.506413731265412,5.478926031592207e-05
2.403856474317462,5.681297808898843e-05
2.2849200442322175,5.89852843474106e-05
2.2234867550438606,6.005169848549644e-05
2.299371605910057,5.8632554331225396e-05
2.4325128263423275,5.6119530072338e-05
2.594961862953373,5.289886983193734e-05
2.694124636218719,5.0816400313626936e-05
2.6381221370408054,5.20518557103912e-05
2.35819052369332,5.8351295259857787e-05
2.139394971311769,6.239061065086678e-05
2.576710115727494,5.334047434113637e-05
2.5356022576312407,5.423796407462162e-05
2.452801070881978,5.589501352868612e-05
2.3318502692031506,5.819058621096374e-05
2.1877708563350358,6.086004712163438e-05
2.070138295163325,6.303464080796082e-05
2.1046539841646013,6.236747163656323e-05
2.2485337037340694,5.9694298131559406e-05
2.439239689857192,5.6047066779181584e-05
2.5765109158091706,5.32073051506814e-05
2.678071818249981,5.1123347606133505e-05
2.6484081013790135,5.1892908450587966e-05
2.472000873864417,5.550253946908092e-05
2.3722437635204345,5.744389966823302e-05
2.237855344475218,5.996231331854663e-05
2.0780947133741448,6.298056850850672e-05
1.9207458096468746,6.582640048983468e-05
1.892115699089026,6.636022654768672e-05
2.0461580920284863,6.359896380873146e-05
2.2191183131377086,6.03395737841949e-05
2.4283063166330243,5.6278866301861015e-05
2.5695873256437984,5.3375062886185954e-05
2.261072574728368,5.9539253454292195e-05
2.120114263505559,6.219750720222105e-05
1.956250224858868,6.525194326363708e-05
1.785466060849915,6.824011786161115e-05
1.6797601509444609,7.007992984493956e-05
1.8293599803376723,6.759802675707228e-05
2.0260371002354316,6.40432335565532e-05
2.2510454759050993,5.974454811062396e-05
1.9801544872126102,6.484531334701638e-05
1.824675692263856,6.757788392667668e-05
1.666223091978078,7.026195945627971e-05
1.5270664708927644,7.255007715270385e-05
1.600210065189571,7.157006809318563e-05
1.8186880668540164,6.783107904504363e-05
1.6905700326651842,6.98519578336399e-05
1.5661346210425788,7.190322290046624e-05
1.4661289733845349,7.342725986889574e-05
1.4035478885085735,7.450068867768277e-05
1.4935399729937937,7.300373600361548e-05
1.4581204029636528,7.356405796876327e-05
1.1581014471569557,7.815963938590802e-05
1.4700806817595256,7.366453908508002e-05
1.7715097686648353,6.867224971638774e-05
2.0460346387222286,6.368757648945463e-05
2.287344519916962,5.903189439360021e-05
2.492566733962852,5.499837558748507e-05
2.5545469782117376,5.313861106574053e-05
2.355557271737326,5.675068293150865e-05
2.161574742110628,6.101456535778002e-05
2.0482208228515275,6.40486606561823e-05
2.217959533053397,6.034835187332323e-05
1.6254158170904474,7.12192368225331e-05
1.8819237030123186,6.678017151689858e-05
2.1195187279902017,6.23719353187844e-05
2.328162673044953,5.831194548088289e-05
2.497619351138367,5.4950400723531595e-05
2.566721529217354,5.322942288345402e-05
2.4305040060731598,5.549367218576706e-05
2.2544415845596726,5.899599858739669e-05
2.227527371189781,5.9881354763353085e-05
2.4041456652152577,5.647611219409656e-05
2.455685396126897,5.531786884362182e-05
2.264527308106229,5.974695968927144e-05
2.0757680797822156,6.355407387114605e-05
2.1616363493975492,6.129896542996051e-05
2.3502633931751276,5.68518869690334e-05
2.534116361617744,5.362659091712014e-05
2.42591892564157,5.634173854578365e-05
2.2264754891145464,6.023769143792845e-05
1.9949062373948128,6.46754571161175e-05
1.7378787742457236,6.927496284368601e-05
2.046109323770824,6.380975584711886e-05
2.241356369659827,6.008073576336135e-05
2.4058369284011225,5.686908833093581e-05
2.5252809640787657,5.438109338360024e-05
2.5668313493111867,5.3312480084188434e-05
2.4987767211098832,5.458884888107046e-05
2.386219601524076,5.7024348018083164e-05
2.37857066907176,5.730824250985185e-05
2.517785471315535,5.462424266737729e-05
2.6767266422625178,5.128206969976324e-05
2.5370556335152155,5.394104952674772e-05
2.3052995307091932,5.907544103338272e-05
2.09893154590404,6.31519020795089e-05
2.1642728767622716,6.141464514201912e-05
2.3456240886544264,5.7028175858973004e-05
2.5118668905031076,5.423769158937544e-05
2.392753566064814,5.6993512616314015e-05
2.2067480699887145,6.063377346673037e-05
2.3685517380801704,5.764105235650374e-05
2.485907189805816,5.522876924881072e-05
2.556117059232383,5.365410499018969e-05
2.5634329583747295,5.344125988642732e-05
2.502730451389271,5.475856811188671e-05
2.4082849319611044,5.665653082559765e-05
2.3729681031312366,5.731521219793996e-05
2.465323583931226,5.553578370472659e-05
2.5982786233195183,5.289955218633301e-05
2.714506266512778,5.0461617636139394e-05
2.57980618548335,5.317284685785743e-05
2.3310427790923303,5.875495844272197e-05
2.111952974685794,6.288200593825514e-05
2.1680818460716207,6.149826664792119e-05
2.343765273510672,5.7152377101152114e-05
2.5026802539202198,5.445245535372628e-05
2.5477612576073683,5.378706512599741e-05
2.5753854850516342,5.327743074761029e-05
2.550724480732226,5.3828437230660355e-05
2.474490552146247,5.540957777196065e-05
2.3666623174408596,5.747405873544429e-05
2.2869624032225433,5.8905573710942095e-05
2.331721196135853,5.8033239323590735e-05
2.4560785820476077,5.5664129241638734e-05
2.6039312148417544,5.270769072184107e-05
2.6833781681935207,5.1060232537283505e-05
2.5940309625081293,5.2917479816749546e-05
2.3426984149552923,5.85629238435271e-05
2.116943328856022,6.277186044393122e-05
2.169749199410385,6.149462147009018e-05
2.5715248381322633,5.337526923955707e-05
2.519612761048162,5.453466996624153e-05
2.42416150652051,5.642283358733132e-05
2.2967399709682854,5.883051722718633e-05
2.173693915153796,6.106367457114624e-05
2.160468895368839,6.129644444421352e-05
2.2806087819224703,5.906084030069072e-05
2.4207950229670443,5.6344894756160176e-05
2.5794575088340244,5.315959640062636e-05
2.657730126297341,5.152278575770797e-05
2.5945209034933945,5.2753167481630264e-05
2.345636975430169,5.847095260579356e-05
2.4619872061267953,5.5714679007502916e-05
2.3500419704521005,5.786230128714893e-05
2.206496559023696,6.056946986360788e-05
2.0522661101950277,6.34148542794178e-05
1.9719673357145922,6.486352960093482e-05
2.082788146490991,6.285711303100643e-05
2.243939236343936,5.979593713073091e-05
2.434772788337046,5.6117088790082686e-05
2.564460445180287,5.3434762306324154e-05
2.6482770691143656,5.170816832555824e-05
2.2489360474302056,5.976281992015345e-05
2.096466601891916,6.269173915592e-05
1.9277413139732829,6.572338910719103e-05
1.7892772981172034,6.817350814405521e-05
1.869109428712944,6.68588698686789e-05
2.0519593135774272,6.353470017589469e-05
2.2611641572572716,5.954445747803146e-05
2.4288911155559214,5.625161868797698e-05
1.9675916124697939,6.506232132975002e-05
1.8015012571833535,6.798445360851824e-05
1.643000544358279,7.065864664316902e-05
1.6450921427048983,7.079768209541094e-05
1.8463418334557202,6.733579241721297e-05
2.043908693147341,6.372193026435317e-05
1.6777981572426495,7.006950956473808e-05
1.541899840822743,7.228449742733552e-05
1.4436411360707846,7.392144779660256e-05
1.628039304890682,7.112783969276675e-05
1.479676487557439,7.32260648497881e-05
1.430918437138341,7.400415637878341e-05
2.100803588415115,6.274209871963874e-05
2.2974184150681483,5.8935715380035785e-05
2.459182345353413,5.57252413636056e-05
2.543949942354158,5.3756935129104114e-05
2.441242681872344,5.536141426866099e-05
2.266162645836641,5.8910536451691706e-05
2.18724861644562,6.077322546115e-05
2.3799662557958983,5.738039080750031e-05
2.5861140783851737,5.293662147852053e-05
2.395354590736381,5.70731486512208e-05
2.5088863131232553,5.471794241023059e-05
2.5550052298562833,5.361226559766428e-05
2.5010327010479254,5.460978331491594e-05
2.380886440338823,5.7125834911450095e-05
2.3114131718198747,5.8642223551796505e-05
2.4251788694801375,5.6491332188906026e-05
2.5922602523577725,5.304979056191113e-05
2.7048620069473692,5.0629118961714875e-05
2.5753343756247595,5.3340450034803525e-05
2.352068429863611,5.80282996465823e-05
2.143538070508645,6.162556134051883e-05
2.2673136862160703,5.917011301408439e-05
2.4393914074897936,5.554708770746165e-05
2.5281949335233844,5.410764899671955e-05
2.4465683118456893,5.602721779342394e-05
2.5524553782735686,5.369620116242233e-05
2.562091357007288,5.3494273253613164e-05
2.5064349545770734,5.4749089669806445e-05
2.402899432672816,5.6807170933529795e-05
2.3122833705698227,5.852790485958834e-05
2.3515701061874936,5.774296066318639e-05
2.482900596958966,5.5209166917063504e-05
2.598758446825051,5.272459454230152e-05
2.6532065624343555,5.161411182949866e-05
2.5447694566209287,5.394258148825023e-05
2.3269229563058813,5.864360431332749e-05
2.116573570542934,6.215285323496946e-05
2.268029242065563,5.920032441519714e-05
2.4380111760345646,5.557647252849707e-05
2.5536295438662293,5.372731969672088e-05
2.4819438608918105,5.527009870930508e-05
2.3701254701152106,5.744408986498341e-05
2.250724130934151,5.9659804629998446e-05
2.2201792049742717,6.0196148371051215e-05
2.328700836386425,5.814454173414248e-05
2.457771283994158,5.565491337316048e-05
2.5778694751357984,5.3103759208796473e-05
2.6100024459347493,5.243106333943102e-05
2.51923632936831,5.45528340735947e-05
2.3118284118410495,5.8989821357508185e-05
2.109968638813071,6.228216159867762e-05
2.4307815579699668,5.630349395509113e-05
2.3056063623408813,5.871020476943005e-05
2.162125706284173,6.140323030459016e-05
2.0668154009656727,6.313021785416819e-05
2.148328847563335,6.161294806384902e-05
2.294056935346093,5.882478328582207e-05
2.4497904132178814,5.5769606527976065e-05
2.550202616448476,5.364285819113553e-05
2.586585665622401,5.290497824236335e-05
2.509597008380786,5.475230352492709e-05
2.2140232143247838,6.044947706876129e-05
2.055741630800006,6.337393829011455e-05
1.9128252092559974,6.599118374003511e-05
1.9510690232217298,6.5363115551037e-05
2.114508092705575,6.232825097691644e-05
2.2712253438862517,5.93158530821359e-05
2.435765093942433,5.602785154940456e-05
2.5402984902835364,5.38094560168917e-05
1.9341934903803155,6.560173431100775e-05
1.77158319638938,6.845616330094e-05
1.7451908520778865,6.908982314055397e-05
1.922298824482972,6.59599742784015e-05
2.102337905728498,6.26081834414582e-05
2.2872927563632706,5.8999947304836566e-05
1.646821237020736,7.05816780717087e-05
1.54941621933,7.230798479996382e-05
1.719597486270857,6.958625485494277e-05
1.9178082693551837,6.603096444483776e-05
1.4449985386592863,7.383031990977077e-05
1.5136494946492542,7.302495069017509e-05
2.5501456914999796,5.370909312585576e-05
2.4981449332815875,5.475565486004153e-05
2.374530851883654,5.737528510079122e-05
2.2631910559364252,5.9594740203620564e-05
2.341983309514289,5.814614321468977e-05
2.509986427103994,5.473277471286789e-05
2.623821341249008,5.222890599582424e-05
2.506915721871418,5.473991177768344e-05
2.400636352832762,5.689035026407983e-05
2.282155662927061,5.9190402225646555e-05
2.262957728423655,5.949472296078238e-05
2.385129070262461,5.712963764679301e-05
2.504190809400599,5.4708227831159204e-05
2.5740854549553287,5.316852656182635e-05
2.556296713332145,5.3578700026795294e-05
2.4484845532760104,5.5954145133312296e-05
2.285439592811546,5.92733325201241e-05
2.2427127167327456,6.003333956272848e-05
2.3725507972789006,5.746234219340652e-05
2.3718958539979345,5.745475633834452e-05
2.239835036206701,5.992500195294211e-05
2.1513912417247827,6.156753353215131e-05
2.2302919864527038,6.0094305348962746e-05
2.3607975166752526,5.753399842086684e-05
2.462236188119768,5.542466285598592e-05
2.5283127463784587,5.4048735377686196e-05
2.5131226898491787,5.44264904265913e-05
2.416067196466995,5.661538822569094e-05
2.26550500487939,5.9661904072864705e-05
2.1615276990925487,6.137612099278825e-05
2.028846629023295,6.385856686300663e-05
2.0579219659851464,6.33740198330871e-05
2.2013429994170743,6.067327621784088e-05
2.332792127466226,5.813074298268207e-05
2.4464064385361697,5.5802940071637015e-05
2.503843744990847,5.4454109414443045e-05
2.498375551977227,5.4645330844379016e-05
1.9017765425995046,6.619898269518834e-05
1.8775837434747826,6.67272279731829e-05
2.0304034158315436,6.396142533315495e-05
2.1861367854779714,6.0998080452292426e-05
2.3288945916141452,5.8208361852860124e-05
2.437213200206242,5.594892012259979e-05
1.701626351491341,6.982972747682444e-05
1.8517829001008397,6.723057904325642e-05
2.024419519422021,6.403184856779926e-05
2.1815708975409693,6.108078381583188e-05
1.6733386023146763,7.040898511113051e-05
1.8502198378131849,6.725331216520464e-05
2.274293981696117,5.936396782191511e-05
2.215928989726047,6.043565382794521e-05
2.321192795847481,5.8395162261485226e-05
2.4360329166975694,5.602084241855251e-05
2.4987372411346995,5.4660753497053795e-05
2.1301111483544313,6.201173261344788e-05
2.177026150155058,6.11527847892424e-05
2.3000378985300145,5.876908818763454e-05
2.397494290481451,5.680560822348409e-05
2.45368345294282,5.55477944465769e-05
2.4558635478039963,5.551814858831319e-05
2.40111878966246,5.673960590486901e-05
2.2991283710020793,5.8853985560058356e-05
2.0257328405476245,6.404075077314622e-05
2.153630892365664,6.162209269779441e-05
2.2779694932194854,5.9235201573525596e-05
2.370886690700975,5.741345737539485e-05
2.4311011028985092,5.60373001537636e-05
2.441417147520961,5.5894866738933165e-05
2.0015759038062293,6.452932105702819e-05
2.143715969129385,6.180050081630494e-05
2.26701527865552,5.9472297623279926e-05
2.3660104776812845,5.746596580384599e-05
1.9981641693193433,6.457841789776409e-05
2.1411962869576833,6.186755118704664e-05
2.279612979682984,5.9206164769470924e-05
2.3651738096947468,5.7506220249551224e-05
2.4099710353437143,5.651164847031581e-05
2.259909249178882,5.957703338786699e-05
2.341467962625458,5.80162540634403e-05
2.3884597375875334,5.7031478625215704e-05
2.3968457595531425,5.6853703583400586e-05
2.2504125039640273,5.976324564107239e-05
2.3339186707168147,5.815217208617689e-05
2.375597183636172,5.7260652913287445e-05
3.6546324097367067,3.3975129539495286e-05
3.645407943615395,3.4124368369442386e-05
3.615893181447216,3.459778710777174e-05
3.5614065328346394,3.5475693050605296e-05
3.4765783869273448,3.686036253633463e-05
3.3579037571741903,3.883990617796045e-05
3.205724204406995,4.143826080831833e-05
3.025000820568151,4.460145938039084e-05
2.824723100195637,4.818336900745121e-05
2.6162570107897913,5.196720357859838e-05
2.411360461180005,5.573330262866106e-05
2.221423161601028,5.993856321305136e-05
2.0671711616015154,6.366986711473276e-05
3.6783288284671665,3.361034502314414e-05
3.651132266270482,3.404053865620451e-05
3.571606717433169,3.53092159645838e-05
3.4620716907941196,3.709640653591464e-05
3.323102179740187,3.941925322152818e-05
3.15534271722751,4.2306049906036475e-05
2.963576308774906,4.5679509276717776e-05
2.7604404154977225,4.933434311712705e-05
2.7733413448889617,4.936057249800803e-05
2.697519458901352,5.051463298501071e-05
2.4923319326753086,5.4269969940358796e-05
2.297448135662221,5.8314697858127714e-05
2.2006618592324756,6.065394341105838e-05
2.3920560536112196,5.625668236682312e-05
2.5934868276731926,5.242484949550338e-05
2.779933770223397,4.9086781406513846e-05
2.7046441238302767,5.0731174181441866e-05
2.7685167314933707,4.917941633019675e-05
2.9683739581400386,4.5592478617565495e-05
3.1488312094492414,4.2412404059726636e-05
3.302459224987318,3.9763885378831474e-05
3.4264556490796902,3.7678344635863996e-05
3.5222862191747617,3.6101418498049595e-05
3.5939419746536814,3.494088584191652e-05
3.7452025190329805,3.25864718235276e-05
3.722691322389078,3.293737432883328e-05
3.6087738020539515,3.473083862443688e-05
3.447982832090741,3.734161426899444e-05
3.259363427750431,4.05137418063385e-05
3.0541682875519105,4.408050649356754e-05
2.8550512650807724,4.762764068499419e-05
2.808754255557974,4.865153809029263e-05
2.9153267720863107,4.669118473580782e-05
2.8013975586375155,4.8667370431671096e-05
2.592546460691934,5.247964456234232e-05
2.4282113329629875,5.578356910880364e-05
2.628206771353785,5.1944400408446284e-05
2.79730818219168,4.8808894791185046e-05
2.8461619442555253,4.796486288166567e-05
2.760794269457347,4.959851312572644e-05
2.617367100602363,5.252668792974904e-05
2.732171753773383,4.9818379013737214e-05
2.9314495927652184,4.623420310420879e-05
3.113782214515356,4.3008546135044956e-05
3.2734152908872884,4.0249753509655706e-05
3.4089917076812695,3.7962801309613396e-05
3.844799061137976,3.109564440090494e-05
3.823528388148707,3.142028494152366e-05
3.6858218941175145,3.3532379849216293e-05
3.4953909388769007,3.6577705313063426e-05
3.2915490135820185,3.997794364462826e-05
3.109997934912329,4.312213402345392e-05
3.0209647180564168,4.472921907501109e-05
3.053401776655837,4.418185024439214e-05
3.127304004156499,4.2875215640337914e-05
2.918112543815819,4.659442531150876e-05
2.6988776203406215,5.059328306259184e-05
2.7584426867365384,4.9646145681304766e-05
2.8466821294546256,4.794978529070738e-05
2.8558088919479223,4.7790374960254924e-05
2.799118856148248,4.885437982349163e-05
2.6952736473726233,5.0880576535629365e-05
2.5547566728070086,5.376205370199656e-05
2.7119007584464643,5.0175164372985803e-05
2.913125802462799,4.655821979327786e-05
3.101884289124778,4.321366978307835e-05
3.9651983463756064,2.9349229534339086e-05
3.941185365280238,2.97009834861435e-05
3.7968025394286125,3.184440068048637e-05
3.61985718676973,3.4588192434575065e-05
3.4660870442759233,3.708049265043909e-05
3.3779266490434217,3.856384864275358e-05
3.3711963589226315,3.869264106267008e-05
3.421660431602088,3.786330888023972e-05
3.2546017712756785,4.070033842477507e-05
3.0338610096726155,4.455527628084778e-05
2.7970563990717086,4.881435546292658e-05
2.805308929828799,4.87155013889534e-05
2.833805460051361,4.8196511231261904e-05
2.812974661085358,4.8597655018956314e-05
2.7503045167638067,4.977017234880723e-05
2.6522863508350905,5.1747730491666666e-05
2.522690469098234,5.4410260168772996e-05
2.7053844394142663,5.029371558003337e-05
4.096702930373129,2.7510463478335977e-05
4.075891815690488,2.780349361564991e-05
3.9583391630326044,2.9470240412809368e-05
3.8406513941942335,3.1206846220160024e-05
3.768400494721116,3.230928074164487e-05
3.756603207775703,3.250660205916419e-05
3.764248775692522,3.240584050159115e-05
3.583735944294092,3.5248748370610204e-05
3.373145505637437,3.870645646081516e-05
3.1352841300876415,4.278952177622482e-05
2.8761084619533235,4.7410579875733994e-05
2.7800452439370877,4.9199260268492665e-05
2.7986831774492806,4.886307697403654e-05
2.7782793068434737,4.924482795698598e-05
2.723424389608077,5.027936834601822e-05
2.637517555158482,5.204780985410877e-05
4.232329983903805,2.5693048317912923e-05
4.229141693407723,2.5741810400086935e-05
4.16541462339079,2.6596747381765438e-05
4.118609500571325,2.7242270224415745e-05
4.115039090197725,2.7303425006628516e-05
4.043374886774426,2.8315759294993893e-05
3.8891810037939343,3.054031266677312e-05
3.698234243298253,3.3447652340969064e-05
3.471461786281608,3.70854237791194e-05
3.212602947892503,4.146373379061122e-05
2.930076446888056,4.6452287638216625e-05
2.754146483667507,4.9682172226033304e-05
2.7769178349813872,4.9268023122537e-05
2.7657015718036213,4.9490045555343686e-05
4.3660897043181714,2.3984864391293446e-05
4.387344568446944,2.372491019840054e-05
4.379980125455405,2.3824881820636542e-05
4.364912960415433,2.4022597753601575e-05
4.281473339527452,2.5096147436458673e-05
4.157874425595595,2.6741061731415e-05
3.993297609944716,2.9042946043968998e-05
3.7871134904791193,3.208781737199312e-05
3.540879124570455,3.595658898334372e-05
3.260388993555825,4.064631496532825e-05
2.9570858094491257,4.597352276566288e-05
2.744230150318432,4.98642479168724e-05
4.4914815225572005,2.245958491097198e-05
4.528345619138171,2.2026569841038968e-05
4.521384135772397,2.2108194968014327e-05
4.472184181467888,2.270918954011844e-05
4.381014401810835,2.383301203466615e-05
4.246667439445194,2.5566306235003947e-05
4.067444552494327,2.7998394512141693e-05
3.843018298761413,3.1248015867675896e-05
3.5765655812063573,3.5387566090605014e-05
3.2764784267107703,4.036642648969195e-05
4.601514374717396,2.11765184594956e-05
4.629162586811585,2.0864689999799338e-05
4.613201590104166,2.1048039672088137e-05
4.554345762698051,2.17391671514349e-05
4.451555284871143,2.2974411773250524e-05
4.302633874113003,2.4842308379036886e-05
4.1058490699807475,2.7471966635891802e-05
3.862045108278458,3.0963590314269026e-05
4.689737768251021,2.018595170407869e-05
4.705387763467244,2.001927644399439e-05
4.677541121764655,2.0325013325126483e-05
4.605792769939844,2.1144794191725296e-05
4.488033737884154,2.252520608727532e-05
4.321718448916643,2.4594901073344864e-05
4.751175601313004,1.9520893577563597e-05
4.752741507699492,1.9506012824901374e-05
4.710614391108239,1.996494905307776e-05
4.62328832746771,2.094422810983931e-05
4.782646406379672,1.918288632199183e-05
4.768785651723831,1.933182514768977e-05
3.592555117578172,3.4971250073279183e-05
3.484581778128069,3.672375367904488e-05
3.3470559201826378,3.900975452408595e-05
3.182276799500497,4.1827189211159976e-05
2.993926125098499,4.51360708609483e-05
2.7909423250595826,4.8766176583291026e-05
2.690422310270538,5.0980111950343354e-05
2.8139366779135258,4.857068125360183e-05
2.8190972244221495,4.8392053774378695e-05
2.643196827415378,5.1569515876684565e-05
2.4514408611185905,5.5259458659977214e-05
3.6593634384342097,3.39313680701769e-05
3.5211119533144872,3.6146161916599136e-05
3.3457047870256544,3.904736144919994e-05
3.148650578138129,4.2421629453792955e-05
2.9480777701771776,4.595709989311801e-05
2.8147991146768994,4.8428623271514726e-05
2.8618110418378686,4.7660824666122365e-05
2.923827078441906,4.652936672735249e-05
2.8760917602335954,4.737327310154628e-05
2.716464598059349,5.02997679623262e-05
2.66254954487559,5.146641035635185e-05
2.799587927145825,4.881341234906557e-05
2.8702945350652755,4.751173599387265e-05
2.840147927773022,4.8083159789266515e-05
2.745665557609332,4.9872993400716924e-05
2.630942149853662,5.200690306097154e-05
2.7793951723889303,4.896275327654944e-05
2.9815500536954884,4.5345391426187124e-05
3.1708879518855406,4.201643057140546e-05
3.340205932812248,3.912224436587361e-05
3.755558411278535,3.245743711092794e-05
3.600745243682076,3.4878994168657e-05
3.4155246186162844,3.7892874604157884e-05
3.234688150415726,4.095582885467189e-05
3.106074530015798,4.320959333056202e-05
3.0745795493132744,4.380030783518474e-05
3.095172276357653,4.345334860894787e-05
3.0775840699627657,4.376353457954848e-05
2.956992571708814,4.591396516705675e-05
2.7648644931973307,4.940536134628158e-05
2.805369976890321,4.8732482479399864e-05
2.8572090527851253,4.7757772356631874e-05
2.848225571120896,4.793591800828813e-05
2.790026528418438,4.901940678139917e-05
2.6947606432445554,5.0853422256010874e-05
2.601494259817922,5.239649232321924e-05
2.770660653619081,4.9117526264480125e-05
2.975419753836914,4.544353022469353e-05
3.8746624728991406,3.067861263772634e-05
3.7305831809887824,3.285935585412059e-05
3.5827862365092233,3.518781486925887e-05
3.4724423446606454,3.6989438803287015e-05
3.420705766140742,3.786325478250046e-05
3.4090803044634406,3.807132392902819e-05
3.378683736375314,3.859447099561301e-05
3.267188942612107,4.049226189240942e-05
3.0820413871722385,4.371260398103564e-05
2.8673533453507396,4.755552975466558e-05
2.8194345103521976,4.845330234607768e-05
2.834392447354725,4.8189715494326264e-05
2.8121273997458087,4.860892630042318e-05
2.754951769482365,4.968212821023337e-05
2.6684639096735747,5.137904219680276e-05
2.5932960613753036,5.2491366984663506e-05
4.024723619261101,2.8518226363613913e-05
3.9210210992581565,3.001979122866749e-05
3.834284066470462,3.131284881205425e-05
3.7839277289550832,3.2089283204977845e-05
3.7583961104913253,3.2490811305874955e-05
3.712493849790779,3.320430738312664e-05
3.5982774221485805,3.5016673243654786e-05
3.417364648702106,3.797671629029579e-05
3.1919305972216447,4.181159219359089e-05
2.949582040628855,4.608928975097744e-05
2.8186353408618023,4.8473751005431185e-05
2.8125064749892648,4.859776902799186e-05
2.7912735885665847,4.900425965299373e-05
2.742723673979244,4.99072969572191e-05
4.200151717608049,2.613012854167646e-05
4.142691209545768,2.6915384702819706e-05
4.102130381312867,2.7475912446725768e-05
4.0729323533969355,2.7893357230932964e-05
4.020109941869338,2.864838063595815e-05
3.9095934846821625,3.024753602965992e-05
3.7394923866326195,3.281196434738118e-05
3.5206463678101643,3.6283111005063856e-05
3.265605907970644,4.054929303880841e-05
2.9959801947095372,4.5268758779659446e-05
2.819834247090366,4.845299513172859e-05
2.8044825273360914,4.874728150564373e-05
4.374583055602754,2.3888427846135425e-05
4.35009806232646,2.4208955138391385e-05
4.326657311688132,2.4515708309361584e-05
4.2790033869092685,2.513594259524775e-05
4.181822514446016,2.6428889617515865e-05
4.030258803773368,2.851786611555493e-05
3.8282626413253578,3.147074842972814e-05
3.582187630895014,3.529841429039633e-05
3.302112649183241,3.9928695051137184e-05
3.0110388704248443,4.4999022312100065e-05
4.524981123429943,2.207060714697208e-05
4.514649271538543,2.2197448889865116e-05
4.481829028315037,2.259794576720629e-05
4.405065721740445,2.3539432607832935e-05
4.277471765680621,2.516855128449331e-05
4.099056964080061,2.756479976771287e-05
3.8722123669023607,3.082107581009674e-05
3.60256929620316,3.4969929015075274e-05
4.640698983791183,2.073571038661238e-05
4.627934647538303,2.0885577662640725e-05
4.575467485759179,2.149756713180188e-05
4.474604407715652,2.2693974001403055e-05
4.323428038794204,2.457575793749063e-05
4.121768468360691,2.724891887377751e-05
4.7183621110337315,1.988084335900207e-05
4.693036988150888,2.0163660510458394e-05
4.619863956078343,2.098375084827297e-05
4.497107823274387,2.2423617929526306e-05
4.757236921827693,1.9458160572016738e-05
4.71421432949843,1.99273846597721e-05
3.351995440264042,3.893802487729409e-05
3.159038513048375,4.22386901651503e-05
2.9610119565853266,4.572608144944503e-05
2.807724141104306,4.8515618495688474e-05
2.818023108401364,4.8451428925220565e-05
2.8845120466669028,4.725348868727137e-05
2.919549450346283,4.661361676232929e-05
2.889805229722,4.714503552723563e-05
2.7824078815602435,4.914511136242532e-05
3.4294770528855443,3.766327624689187e-05
3.2533179033638437,4.0635057026542586e-05
3.115771912318112,4.303493306709281e-05
3.061596742661561,4.402649740660504e-05
3.0721905651808394,4.385847043773927e-05
3.0894034316987855,4.3566187879307777e-05
3.0702920965830143,4.390752085679767e-05
2.9888853522338485,4.535699935089913e-05
2.872708183439241,4.746723161902503e-05
2.8881429645667662,4.7175776767299884e-05
2.9148152146766755,4.670362012464239e-05
2.9003726213798795,4.697524116592049e-05
2.8528289814272814,4.783864303734133e-05
2.7921652414028615,4.892143736328404e-05
2.801794435361357,4.861911431546983e-05
2.961223005589163,4.571618272457277e-05
3.593029864041019,3.502289676289518e-05
3.477449959184452,3.690528163772368e-05
3.4117163273069933,3.8007611829302225e-05
3.392603782613654,3.8346714869978224e-05
3.391867616199031,3.836971970138992e-05
3.37187154512081,3.8711349110191726e-05
3.2988622452875194,3.995670878034811e-05
3.16680835073631,4.223355886387653e-05
3.020438999039945,4.481710952579658e-05
2.9421858128036305,4.620426571809837e-05
2.9156614574245894,4.669259823185254e-05
2.884145065607572,4.727392909347836e-05
2.8363994548490914,4.814477711831389e-05
2.783707773191749,4.907517250984075e-05
3.832016482545518,3.1348801483173915e-05
3.7706783807455255,3.2288281528936367e-05
3.7425037732263555,3.2732429365446224e-05
3.7307049759005326,3.293126388534311e-05
3.7035181332962233,3.336239912179414e-05
3.62670175013966,3.45748412686767e-05
3.4869365901026725,3.6834353589746506e-05
3.3002828989151944,3.995454902161962e-05
3.104814731106007,4.332249453656682e-05
2.970582166130362,4.569996725012173e-05
2.914399610190681,4.67170361513412e-05
2.8783400036498543,4.737926673240929e-05
4.090689622130123,2.76362644986867e-05
4.061290936436589,2.8062780622014207e-05
4.04462782610617,2.8305524506613056e-05
4.013491308490424,2.8752341824754732e-05
3.9362708134263054,2.9869185435833516e-05
3.79786873271633,3.1930836252862145e-05
3.6049567779129323,3.493304404512054e-05
3.3751437086803513,3.869088287805693e-05
3.1435164545331573,4.2650454158287414e-05
2.9796356711949032,4.553802470666561e-05
4.32268639426644,2.456562852956503e-05
4.306277078774474,2.4780026451840504e-05
4.277367592404169,2.516573090338558e-05
4.206630315327185,2.6102322286802872e-05
4.078074590720906,2.7856077691354166e-05
3.892640556383472,3.0517315032776642e-05
3.660824084515985,3.40499542261754e-05
3.399161763635305,3.8292191155094044e-05
4.503472386476798,2.233844539164419e-05
4.483149134215864,2.2590681227162078e-05
4.425551773592667,2.3296942586368026e-05
4.31329317297587,2.4709432401677327e-05
4.144149966458369,2.6947900699065646e-05
3.923391556163666,3.006769519914434e-05
4.623953811580557,2.0941169243546208e-05
4.586376708812282,2.1376758420425603e-05
4.495292594303348,2.2446432824989037e-05
4.347000081119736,2.427609059956136e-05
4.6834346690960835,2.0271351383427932e-05
4.619662695103506,2.099493068512507e-05
3.1152154222849426,4.3041886359786664e-05
3.052717553639991,4.4175280169725774e-05
3.058293125310616,4.410701133137193e-05
3.0867523384736715,4.3615104464814364e-05
3.110183517533721,4.3206853212445614e-05
3.1158214604349945,4.311356668610741e-05
3.1061763700807834,4.3297196333684074e-05
3.4069157669979515,3.808763815144875e-05
3.3840388434356696,3.8490447276346303e-05
3.3936966041149006,3.8340973032979076e-05
3.414076498028531,3.800885819144825e-05
3.422480076375912,3.788143597854295e-05
3.397738964598997,3.8304113385663215e-05
3.334331972679666,3.936440991755184e-05
3.2535635956241427,4.0738483012967834e-05
3.1814684117557976,4.197242753852405e-05
3.1268535399633186,4.291861789422825e-05
3.084201290045785,4.366123593956619e-05
3.0536294302948863,4.418797770378745e-05
3.736930386753099,3.2819636030139436e-05
3.733562943495326,3.2884671256817965e-05
3.7444837323381432,3.27279507966772e-05
3.7446020019679045,3.2730867222967395e-05
3.7058110467303598,3.333701465609852e-05
3.6127310464744826,3.4801406734622566e-05
3.4778404299218337,3.698167062726205e-05
3.330837692481545,3.94236620189438e-05
3.2101992355616344,4.147696780104215e-05
3.1316512498073292,4.2841416968739496e-05
4.048144141306162,2.824973873852472e-05
4.050547202693314,2.823164133420615e-05
4.043715769606189,2.8330282422560837e-05
3.9977247004473973,2.8988608356175956e-05
3.8936016389721235,3.05027370963037e-05
3.7357034358320127,3.2882569965206035e-05
3.544123241845925,3.59091108174627e-05
3.354882948607823,3.9022557882777714e-05
4.303538020612312,2.4828840248425102e-05
4.294949211375963,2.4942800782099216e-05
4.24967192030595,2.5537402553186223e-05
4.146188419786392,2.692930879373842e-05
3.9835422538628324,2.9200896339476984e-05
3.7746495798714674,3.228700007457155e-05
4.480538975642113,2.2623385948268705e-05
4.444694373105459,2.3065534518730835e-05
4.350749851156453,2.423824021122832e-05
4.194182219946228,2.6279501196677273e-05
4.5696350793906895,2.1572912492239276e-05
4.493929830103124,2.2476151543594127e-05
3.3937993386306666,3.834006620122277e-05
3.430464703208846,3.773734877319989e-05
3.482939260918174,3.688490479548218e-05
3.5364909347189646,3.6018635578244494e-05
3.5708510227070285,3.547397330677394e-05
3.755549539982007,3.255626418017725e-05
3.7948669734051017,3.196750936950464e-05
3.830000926839159,3.1448025394955284e-05
3.834658526220568,3.137419507698929e-05
3.791711343094892,3.202828484888504e-05
3.7056817588038884,3.334724111585267e-05
3.599222352102058,3.5015289991493413e-05
3.5011444616893965,3.658707569624916e-05
4.076349026461705,2.7877110169104824e-05
4.0981651218494015,2.757947442958884e-05
4.086195242509052,2.7749576696474864e-05
4.019178831339569,2.869076438839883e-05
3.8995827804095815,3.042236379548132e-05
3.7484060915866984,3.269138967444023e-05
4.311085980394083,2.4740776738078255e-05
4.293950146460142,2.4972716474524533e-05
4.217916616229209,2.596753873889655e-05
4.080575099496613,2.7833685407046626e-05
4.433494595196698,2.3210079801947216e-05
4.360368283057697,2.411893853862048e-05
3.869097103060367,3.085608167517064e-05
3.9448128804474183,2.9756990052536316e-05
3.99310535395656,2.9062278827799087e-05
4.153194286691144,2.683634005729632e-05
4.177373560828802,2.651185411859292e-05
4.146654011656913,2.692088476892847e-05
4.061477072917183,2.809595279499741e-05
4.306915554293477,2.480458613673066e-05
4.25899320992844,2.5426373468260248e-05
4.236582955715645,2.5716341063326364e-05
3.6546324097367067,3.397840931071785e-05
3.645407943615395,3.412473499118997e-05
3.615893181447216,3.4596815608331624e-05
3.5614065328346394,3.547651151041482e-05
3.4765783869273448,3.6861527333947124e-05
3.3579037571741903,3.8840044322688194e-05
3.205724204406995,4.143476258516665e-05
3.025000820568151,4.460128190382034e-05
2.824723100195637,4.818052732197944e-05
2.8079849944644844,4.874614697428237e-05
2.9383993862004214,4.633071455457134e-05
3.0294423973537525,4.460257087921582e-05
3.0765351815920106,4.375030724491707e-05
3.6783288284671665,3.3608360144847397e-05
3.6908470252343575,3.341987283545784e-05
3.678086376601508,3.362787986447718e-05
3.634013134056271,3.43308313894539e-05
3.5538519872213246,3.5621313081209744e-05
3.436122440210392,3.7554353764324285e-05
3.2836324684590914,4.0121297904578485e-05
3.1032084311949624,4.324814825465504e-05
2.904373141620987,4.6775424867877186e-05
2.907485120504955,4.689326639984795e-05
3.0076331169807196,4.5004727082905356e-05
3.0670933321001277,4.3921103822253734e-05
3.0821217874748403,4.364724001178251e-05
3.0531294195763725,4.4173951317683624e-05
2.9818683635816723,4.5495519696418695e-05
2.8915191008675314,4.710590906596482e-05
3.025295075776236,4.462252968451526e-05
3.217267659908319,4.126639528611403e-05
3.390339862435501,3.8323268220362864e-05
3.532961310982632,3.596778242722931e-05
3.637992485098397,3.427727662809978e-05
3.7019703467000067,3.3262324026683585e-05
3.724103927551281,3.291130050086794e-05
3.701966437854604,3.3246880604644515e-05
3.7452025190329805,3.258462237455403e-05
3.774143315955239,3.2147929133107464e-05
3.771469713446524,3.220246653296768e-05
3.7317541746234273,3.282163327915128e-05
3.652291312143549,3.407210466362068e-05
3.5341720583389615,3.596793689901355e-05
3.3822048039419066,3.847916413926887e-05
3.20383034811942,4.1519222175705026e-05
3.0075280381126426,4.496781152906163e-05
3.012137547236447,4.492293576216242e-05
3.077909747131265,4.3733534223544264e-05
3.106910309917753,4.321360360378299e-05
3.1070179559550626,4.322025170921071e-05
3.0980106694859955,4.338462448559583e-05
3.169278889044684,4.213416792504449e-05
3.3332680218850963,3.931903327649342e-05
3.5092445824898837,3.639562656926796e-05
3.667720634256526,3.3853728145556826e-05
3.792682928318238,3.1915053471208176e-05
3.8698119920506486,3.074523749423294e-05
3.886314718761815,3.0489713983995027e-05
3.8350586863108855,3.1238784833183416e-05
3.844799061137976,3.109461547137183e-05
3.8839134383184764,3.05241364221845e-05
3.8857930932104794,3.0506279069939326e-05
3.8469559082366147,3.109524020124157e-05
3.767191528308599,3.231179343060893e-05
3.6495926363650986,3.414413045111972e-05
3.49963694765998,3.655944494891083e-05
3.3237672182191935,3.9493278673810864e-05
3.1281334862973558,4.286464378336508e-05
3.1991792072456016,4.1617352556887626e-05
3.2599073525008424,4.057261988813367e-05
3.3224969564634437,3.9510161298911354e-05
3.418658069093625,3.791326166302108e-05
3.5518160787808424,3.5735472696172504e-05
3.706343252902312,3.328639152537714e-05
3.859577913815438,3.0949123238667546e-05
3.9914606165352096,2.9016966405753668e-05
4.080174014716077,2.775617657897653e-05
4.100098873506561,2.746853618704392e-05
4.032740667547492,2.83884374858034e-05
3.9651983463756064,2.9344360053459682e-05
4.009484705347391,2.8721086847292065e-05
4.012760566076261,2.868607922166806e-05
3.973832599122857,2.9255985021189584e-05
3.8944195123514307,3.0418972501953545e-05
3.7783570433412113,3.217039701742528e-05
3.6302981139098285,3.4479724723364104e-05
3.454539912295414,3.732560586946013e-05
3.500831010803626,3.656454526838409e-05
3.5948420642934917,3.504601501251434e-05
3.698999001898403,3.3414314428549924e-05
3.8253826419117924,3.149018157159022e-05
3.9616929110075243,2.9482527906684777e-05
4.099522882218215,2.7532231948489963e-05
4.225157921041277,2.583061138804347e-05
4.3176953000257265,2.4616212412526874e-05
4.344763094732603,2.4257157760307878e-05
4.272119115972587,2.5179599272010905e-05
4.096702930373129,2.7513466522944278e-05
4.142939790468285,2.6884894255946547e-05
4.146201526195955,2.6851340198326247e-05
4.107137114118289,2.739732847110651e-05
4.02833382791977,2.8503817104593376e-05
3.9130893723452083,3.0175718079302903e-05
3.7987033460125526,3.1877807522639895e-05
3.879372499510353,3.068096769929122e-05
3.9844669154343064,2.9157426349550193e-05
4.10369694341772,2.7488827508607365e-05
4.2300715497965395,2.5787912763503248e-05
4.358187836464096,2.413529905279753e-05
4.476836114933323,2.2667511919640093e-05
4.569537651100726,2.156339411423876e-05
4.604168915238577,2.1157776515800548e-05
4.5337054578749845,2.1964163482752023e-05
4.232329983903805,2.5696196383362665e-05
4.278169214472238,2.510247244982355e-05
4.280249006705179,2.5084611145258714e-05
4.24027679393071,2.5616799933163607e-05
4.160677828509698,2.6687563502632336e-05
4.157512150747931,2.673384953053932e-05
4.238297382311927,2.5673053673377567e-05
4.345729650659747,2.4290200187922418e-05
4.4678184897591535,2.2783019250931936e-05
4.595418657636405,2.1281684966087907e-05
4.714909453036329,1.9944919529330524e-05
4.813777264445642,1.8883333682224543e-05
4.861598663196474,1.8377789947626274e-05
4.800619890286147,1.9006864469355492e-05
4.3660897043181714,2.3982872599715404e-05
4.408977242537374,2.3459673159930155e-05
4.40792564057484,2.3477465858971976e-05
4.394002274364387,2.3655984641370354e-05
4.443724968304833,2.306087416296558e-05
4.527763748666226,2.2056920308290208e-05
4.637720216003034,2.0794858820912875e-05
4.762399462547753,1.942811384271945e-05
4.897184236288598,1.8027864742664917e-05
5.0152483269899095,1.6864611306630577e-05
5.09502732211635,1.6111490814904567e-05
5.058403769133269,1.6448761961799987e-05
4.4914815225572005,2.245871512037967e-05
4.530986765179342,2.199241823667411e-05
4.566620404655829,2.1583808480087754e-05
4.626212740659695,2.09110848031298e-05
4.71557825075509,1.991972914135763e-05
4.829904678336207,1.871110056685752e-05
4.959482916156072,1.740202887590978e-05
5.093597642811852,1.6126472995003073e-05
5.241716737586371,1.4803519472479391e-05
5.296033082452092,1.4337618487524623e-05
4.601514374717396,2.1175204703645243e-05
4.648269852335462,2.0648705469844708e-05
4.708273950824997,1.998763244456489e-05
4.794581451477627,1.9066799311877703e-05
4.906020431193841,1.792533714523238e-05
5.033464571522633,1.66842580949838e-05
5.162792850138175,1.5491858744030192e-05
5.291008218715554,1.4380735665595824e-05
4.689737768251021,2.0185981362806933e-05
4.7340736466918,1.970758219387783e-05
4.8011669917692235,1.898671036158258e-05
4.8937464767854175,1.8037561453953672e-05
5.002720529996551,1.6966585320257106e-05
5.1074701622010865,1.5988589725784966e-05
4.751175601313004,1.9520910822072355e-05
4.786198957977106,1.9144914583615776e-05
4.846778248797173,1.8513414677312267e-05
4.926023076962761,1.7715558712547834e-05
4.782646406379672,1.918192559623223e-05
4.803670806193099,1.8965644987487592e-05
3.768693124957232,3.2231527863416304e-05
3.805644677179431,3.168352444493882e-05
3.78779277969173,3.196474845183293e-05
3.720127436523482,3.301322787492327e-05
3.608366713948962,3.4775130634267006e-05
3.460268867950895,3.718337624366002e-05
3.286160625631513,4.010808241838823e-05
3.1035293146165754,4.32695434079249e-05
3.0072921752616284,4.50023821649222e-05
3.055572151924639,4.413562803094226e-05
3.0905749250799515,4.350608706281124e-05
3.86812367482278,3.075213100043462e-05
3.913747750189846,3.0091984206070128e-05
3.8968507584874548,3.035038574497014e-05
3.826960621792263,3.1400689990594063e-05
3.7142077113870138,3.313008152000774e-05
3.5691412307026886,3.543005572198077e-05
3.4046905835413974,3.8128746312853664e-05
3.2468976359313513,4.080461634992106e-05
3.170704858447458,4.211631965773861e-05
3.180488286278205,4.193825369977543e-05
3.1978669747398087,4.16345618204339e-05
3.22982870277774,4.108793172420048e-05
3.3080305217561716,3.9763271107728916e-05
3.4483959330694804,3.7412851996758396e-05
3.6113434970749703,3.4767763311200144e-05
3.766341913067441,3.2343621270354076e-05
3.894010508020926,3.041582319709452e-05
3.97607834062341,2.921161201529161e-05
3.9935884783356124,2.8949908185071438e-05
3.9340963956219492,2.97911562160172e-05
3.988399548134438,2.9015169852692972e-05
4.0378462276148275,2.832868500918244e-05
4.02071589407572,2.857963646980446e-05
3.9516962967220555,2.957802002497087e-05
3.843917062640547,3.117613708931932e-05
3.7103279276772847,3.3218985630823966e-05
3.5704530430394317,3.543329941306424e-05
3.4686105986873907,3.7090872940088635e-05
3.454535282478119,3.7317974890813166e-05
3.5015301179897502,3.655091244843392e-05
3.587134717202413,3.517670306285017e-05
3.7054077385552686,3.33137871827059e-05
3.8431263347283333,3.12168059017239e-05
3.984414349739702,2.9144038266236504e-05
4.110897635071411,2.7354674324309637e-05
4.200202465753204,2.6137602949883852e-05
4.22282963223794,2.582211585585733e-05
4.152500068744872,2.675365455191515e-05
4.119838773563031,2.719237820485026e-05
4.1709254985770485,2.6507257719250257e-05
4.155730852019209,2.6726671055599297e-05
4.092865739709271,2.7597247786920248e-05
3.998384475672436,2.8937478578192694e-05
3.8930357906283004,3.0471203892143712e-05
3.8182420169251734,3.1589554559380756e-05
3.82187303827575,3.153849556997768e-05
3.89084155485043,3.0519222747763834e-05
3.992416736672735,2.904293331612738e-05
4.113814819445881,2.734667680180193e-05
4.239751639914286,2.5651104352842237e-05
4.357212525423533,2.4133291844846044e-05
4.446683636415219,2.3018296356819018e-05
4.475501514791828,2.2653242399276244e-05
4.403121978335958,2.352378941653575e-05
4.255436195626401,2.5393151821889837e-05
4.308052428291422,2.4719338986748e-05
4.299304608942979,2.4845267583919114e-05
4.251278404836728,2.5478142678300997e-05
4.189111546642419,2.6306069145551256e-05
4.154220172397975,2.6790694532599868e-05
4.184327541630558,2.6389334104990674e-05
4.267753158475097,2.5292820021150315e-05
4.377125964846851,2.3896832888797315e-05
4.494636075388446,2.2460769600001526e-05
4.607208459524845,2.114274515743432e-05
4.698009329164657,2.011508834156528e-05
4.735315300346529,1.9707131027819067e-05
4.667857355167723,2.0437912018015445e-05
4.3891821682367835,2.3695600513891603e-05
4.444036598458055,2.3031777236071175e-05
4.4492653444513435,2.2976232654401317e-05
4.43487422822934,2.3161311495726525e-05
4.4407770383784575,2.3099156033508468e-05
4.495284743190005,2.2450448197126728e-05
4.590041506024882,2.1341082112494448e-05
4.704727319791444,2.0060863389461004e-05
4.82475082429294,1.8771873167144722e-05
4.926758918701301,1.7728849988548405e-05
4.983610079782263,1.71628637299167e-05
4.930551530065599,1.7676781841677874e-05
4.514579741518555,2.218530093726862e-05
4.572605996065496,2.1508139603983262e-05
4.603867725649621,2.115745860545283e-05
4.645722018837426,2.068578070320436e-05
4.721979507129631,1.9857420125050285e-05
4.828666884188848,1.8723248839389412e-05
4.951189348888454,1.7486411969298998e-05
5.085464341388829,1.620339403133109e-05
5.1888671551268875,1.526307696733466e-05
5.178117652016924,1.5355783772317597e-05
4.624648349428265,2.0912880515441354e-05
4.686419443391785,2.022862480466148e-05
4.7504290659538375,1.9535208153460517e-05
4.840514604152627,1.859029138309442e-05
4.956147232267194,1.74291637630175e-05
5.085630884304379,1.6194239059529186e-05
5.234485725324472,1.4864993829005282e-05
5.364979826630557,1.3770944693996275e-05
4.7129316250092295,1.9933247118049538e-05
4.77648122294067,1.925333480591739e-05
4.8614667253401995,1.8367652010604367e-05
4.970560130434707,1.7280977744539233e-05
5.090517498099601,1.614518021654883e-05
5.196503864479574,1.5192623670365272e-05
4.774430384174977,1.9271682573024468e-05
4.83392101221246,1.8646572450901003e-05
4.919128405250549,1.7783623910863368e-05
5.015057342649748,1.6849981964792737e-05
4.8059385699631285,1.8941463251802634e-05
4.853524220454505,1.8445890510592696e-05
4.054097519755347,2.8096341587497637e-05
4.116996078476577,2.7237095535730037e-05
4.098044439430703,2.7513886727513667e-05
4.016697731509171,2.8660633572790294e-05
3.89609862564894,3.0409194289631394e-05
3.75677554870583,3.251061223120532e-05
3.6208375764445284,3.4638640859970556e-05
3.516161602739205,3.6315415500259226e-05
3.4627474244853014,3.7186143508089695e-05
4.185398522298963,2.6314324829286826e-05
4.249624968006188,2.5477380473388692e-05
4.232705021386355,2.5707761599360037e-05
4.159890122949853,2.668768625502141e-05
4.056878916315469,2.811765351865732e-05
3.9477662295996065,2.9677727455954118e-05
3.8605173608811256,3.095785856677659e-05
3.8227701946899595,3.1526946629236406e-05
3.843258471528286,3.122356549440854e-05
3.9162641601359174,3.014770214837891e-05
4.021132286378684,2.863784860580775e-05
4.139201220164913,2.699330480377021e-05
4.250763904652195,2.5492475982787008e-05
4.332921029543951,2.4420622452354627e-05
4.354759105820837,2.4136854431113634e-05
4.283673231671999,2.5028806328391624e-05
4.32091851707407,2.4551808557397644e-05
4.386579448565073,2.3738327428706953e-05
4.377496049427571,2.3858719304728513e-05
4.3225226238299985,2.456051148913603e-05
4.251222145155895,2.549147540210496e-05
4.194964705223939,2.624431996295856e-05
4.183353801449282,2.6401644920979058e-05
4.22511288815013,2.5854608561264502e-05
4.304664519299517,2.481748924353454e-05
4.404114659547011,2.356177871823733e-05
4.504387583103806,2.2338210619307777e-05
4.583933970097818,2.1399202016712105e-05
4.609814618534876,2.1090825016068794e-05
4.5381092942489305,2.1911269267722913e-05
4.454597612777365,2.289713778745011e-05
4.522558458928452,2.209733366626385e-05
4.528434408497823,2.2030524025858802e-05
4.50424298128871,2.2327245652714145e-05
4.485277374805031,2.256411655881052e-05
4.5019382999380815,2.2367148851221575e-05
4.562125288147372,2.1665308837756523e-05
4.650986862763356,2.065398236766636e-05
4.74574794347184,1.960899637540454e-05
4.82797626155274,1.8735459419525964e-05
4.863994376399902,1.83536371039918e-05
4.7995447636314745,1.901594304228187e-05
4.579968067648383,2.1423784580912057e-05
4.65103918017625,2.0622711102257458e-05
4.680759826770362,2.029603375134653e-05
4.703753874046814,2.0052118952941813e-05
4.750583936445862,1.9548489991220538e-05
4.830044023263532,1.8712455892513762e-05
4.934955309143765,1.765199434730899e-05
5.032100475195535,1.6704382734965958e-05
5.095814562943761,1.6103995349665453e-05
5.052227194974991,1.650354675690397e-05
4.690099677042316,2.0186602146690948e-05
4.764788152243543,1.938219447034559e-05
4.826120904845899,1.874141457115485e-05
4.9022682865653735,1.7965155433283596e-05
5.002648846610183,1.6977501326524168e-05
5.118853404378946,1.5893712611678967e-05
5.249175266614068,1.4739663182317422e-05
5.284254986409717,1.4434362214098414e-05
4.778531498297865,1.9230459054336384e-05
4.85584390375007,1.8426223952235113e-05
4.945095998441468,1.753151250397344e-05
5.055121510375688,1.6473811226532743e-05
5.175456038650072,1.537723486645421e-05
5.297926405570608,1.4320576593139623e-05
4.840198161153927,1.8580589608131095e-05
4.915404649089281,1.7820089263218482e-05
5.012123030020304,1.6874773490318228e-05
5.113552242886551,1.5931173792118094e-05
4.871814319247021,1.8256668452701156e-05
4.93610675377675,1.7613335554335605e-05
4.419040940631357,2.3334193745988868e-05
4.490854008039127,2.2473270749430996e-05
4.475422919306282,2.2666923156193087e-05
4.408733923277277,2.3488324475807933e-05
4.323131663642277,2.457107653030006e-05
4.245046268096267,2.5586571105428413e-05
4.19826951146231,2.6204737524513302e-05
4.552492213991363,2.1743898964905847e-05
4.625844452938281,2.0907426914045597e-05
4.623295841172574,2.0945564987125942e-05
4.582302071705727,2.1420667358125465e-05
4.5382365131611415,2.194034544277937e-05
4.519799584384327,2.216410052405574e-05
4.541333307071989,2.190840856971673e-05
4.594059856394264,2.1298016343909917e-05
4.663880997830075,2.0502202451789004e-05
4.725137365609044,1.9818901879573717e-05
4.74257651066733,1.9624565971868866e-05
4.670964478234377,2.0402212540447263e-05
4.677657710718217,2.0324221098341177e-05
4.753467023465324,1.9502834704907628e-05
4.771776505738358,1.9314098261967006e-05
4.770364688393124,1.9335183852615563e-05
4.783434377728271,1.9201544160668407e-05
4.827452197747676,1.874459916352516e-05
4.891992829636509,1.8076035297832092e-05
4.9556807188895515,1.7436892177894267e-05
4.984961992798467,1.7148843405488264e-05
4.92293138555939,1.775554498339758e-05
4.787738797967015,1.9136670696706128e-05
4.867004190542801,1.831805894197696e-05
4.915379222495573,1.782720128470393e-05
4.965655646722475,1.7340443104290978e-05
5.036457200114777,1.665899145421863e-05
5.126090714401943,1.5832116751689226e-05
5.192340404590829,1.5233762223434948e-05
5.159822326576077,1.5520996964141525e-05
4.87630095757166,1.821632539389656e-05
4.959211704992198,1.7389287177683234e-05
5.040710614377358,1.6610149035681662e-05
5.137670342638733,1.571644200683519e-05
5.2593330061808246,1.465046546981828e-05
5.370889017301343,1.3717026762967703e-05
4.938180093868298,1.7595215942029144e-05
5.021095743261083,1.6790762747159616e-05
5.118622510345256,1.5886698863756836e-05
5.217212765083114,1.5009186742309917e-05
4.969949328777208,1.7283828557331784e-05
5.043062128661541,1.658598030578626e-05
4.795525924656418,1.9055775932913722e-05
4.868030345221484,1.8309824205379202e-05
4.86618870130454,1.833124542902093e-05
4.835258664945763,1.8655982042019017e-05
4.811830949097275,1.8902717973770466e-05
4.905236548535729,1.7930908968471454e-05
4.980319221883105,1.7188632969713724e-05
5.004361100741491,1.6957940697598377e-05
5.018096883752918,1.6834521458794996e-05
5.047531993646727,1.655919837127716e-05
5.079836972741974,1.624772167439293e-05
5.093298778476615,1.6125059043505656e-05
5.031800660705288,1.6697413612487233e-05
4.993742467558134,1.7054158346272377e-05
5.073467738341984,1.630125179993817e-05
5.133854551948524,1.5752016214640475e-05
5.200240284599665,1.5160394001655162e-05
5.268191996848567,1.4569173184933808e-05
5.247268337339468,1.4749817306538244e-05
5.0557641764443435,1.6465760272433583e-05
5.138821623342126,1.5702131681998405e-05
5.228923451049342,1.4903498708139302e-05
5.330112655078309,1.405386893595056e-05
5.087675468280809,1.6163620374936295e-05
5.1631201809265335,1.5483926954952528e-05
5.119930226033763,1.5873828075831872e-05
5.185305727458276,1.5287844107959092e-05
5.201746808685335,1.5149910428892464e-05
5.181920497044064,1.531770504213978e-05
5.256207296999916,1.4670659674919448e-05
5.320670406107518,1.4133565077141219e-05
5.309042857908913,1.4224104514160735e-05
5.2139052929994465,1.5035603341315252e-05
5.287328879515804,1.4407594908255775e-05
5.341019010159337,1.3963318401028184e-05
3.6546324097367067,3.397578042925259e-05
5.528249066649277,1.2409560954965014e-05
5.526887847843551,1.2426682316433796e-05
5.532623729922154,1.2389655032231958e-05
5.553579686743855,1.2242855825106676e-05
5.594934728382225,1.1954573229367212e-05
5.656113434915161,1.152368505861244e-05
5.730612243579156,1.1022225413612074e-05
5.808385337338085,1.0515407914998222e-05
5.879273795695513,1.006911912660914e-05
5.935742459701741,9.727014946024677e-06
5.973924036126978,9.500395076782423e-06
5.992887848934449,9.387706036826295e-06
5.480998497791988,1.2769272074422593e-05
5.462373802787961,1.2919717448767841e-05
5.471134820855835,1.2857281291784196e-05
5.496720346690368,1.2668612933577236e-05
5.542069523273527,1.2334591021552066e-05
5.60718306043636,1.1870611667716246e-05
5.686514322468443,1.1320058791187694e-05
5.770546698434926,1.0760589953088084e-05
5.848967236093903,1.0260845779605167e-05
5.91355998326885,9.860339462014273e-06
5.959646757069571,9.583784296496484e-06
5.98576534532965,9.429990300510016e-06
5.992133645490124,9.391335374542904e-06
5.979111206074482,9.467755039441897e-06
5.946086195692741,9.665469264286674e-06
5.893185005651412,9.985364147729877e-06
5.822858427905077,1.042568080859574e-05
5.741198929590787,1.0953427613907443e-05
5.657760857280402,1.151984986066641e-05
5.583636150267891,1.2037753981265298e-05
5.528327802191174,1.2435307895898495e-05
5.496821690191931,1.2663457096389203e-05
5.4889487105515755,1.2718264150868145e-05
5.502987954292996,1.2605689624466043e-05
5.350508741415848,1.3806927000455235e-05
5.316253573140919,1.4092925418000956e-05
5.3477672959295415,1.3839889084973115e-05
5.414613545000068,1.331133283008339e-05
5.5027443453709015,1.2639661866023467e-05
5.6026849072515885,1.1908892761470194e-05
5.704479829529172,1.1200863683066771e-05
5.798249895378856,1.05826142558373e-05
5.87613134341459,1.0089783466346455e-05
5.933513879878702,9.741966101287129e-06
5.968860206485722,9.530137481661379e-06
5.982305604937279,9.448926110658061e-06
5.974684982966241,9.49688084686555e-06
5.945081059015843,9.671644840738728e-06
5.892560121964547,9.989797934353224e-06
5.818062766385183,1.045674894046616e-05
5.726170582441435,1.1061169753102933e-05
5.626279140550836,1.1746379092440465e-05
5.532421927820511,1.2425302195920606e-05
5.461382176774181,1.295249101506568e-05
5.428384038113033,1.3198634405572547e-05
5.440534744525076,1.3095429097800234e-05
5.180394392125744,1.526297155270503e-05
5.157596067232109,1.5467456166466565e-05
5.231528607383231,1.4825827391090816e-05
5.349529532670729,1.3839922816814269e-05
5.480667441186411,1.2813154902884759e-05
5.609012953943855,1.1869672779454747e-05
5.72432572518619,1.107412920727154e-05
5.819695226594225,1.0450883083173828e-05
5.891335682508464,9.997701741300352e-06
5.938085559464083,9.71531417836863e-06
5.960090444445275,9.583299060502856e-06
5.957273604079326,9.601310474747252e-06
5.930163682650562,9.765648968789103e-06
5.876229914437045,1.009463552304388e-05
5.795318810411656,1.0609249451619467e-05
5.6912387446442585,1.1303793616925159e-05
5.5748060398561226,1.2122785838481405e-05
5.46645223573991,1.2929952274090479e-05
5.394954379471581,1.348476797681994e-05
5.383477339328009,1.3565876737822419e-05
5.028988986508792,1.66613323193343e-05
5.047029181801214,1.6493555275924263e-05
5.174191821599061,1.5335334911655722e-05
5.334505239197778,1.3974628138304305e-05
5.491302309765514,1.274038668333205e-05
5.6300083605013,1.172666610411484e-05
5.74413307829064,1.0943247037946474e-05
5.831001455286671,1.037791161901529e-05
5.890095615628518,1.0009279321323365e-05
5.921584096443165,9.818019524529112e-06
5.922796779123603,9.8127809421213e-06
5.8974657643247665,9.965891351510192e-06
5.841285226469764,1.031838531106865e-05
5.7538170899861845,1.0886849573578567e-05
5.639744019567427,1.166720302426322e-05
5.514702496583495,1.2577147532419553e-05
5.411134281070828,1.3369237347549634e-05
5.368395578188207,1.3706312002901563e-05
4.9545577820899735,1.738820389986091e-05
5.027148038098949,1.6686729324046867e-05
5.193035028382206,1.5175361937019744e-05
5.369711504680229,1.3691010214741462e-05
5.5272047508000375,1.2471576657694734e-05
5.656723240262717,1.1537434929807694e-05
5.756216094513836,1.0868063973159976e-05
5.825805509535606,1.041639405874987e-05
5.8656581110041435,1.0164453594070319e-05
5.874593570847393,1.0112014413887045e-05
5.844176065926503,1.0304263489974e-05
5.785038733214794,1.0685211839134181e-05
5.692376038811252,1.1311012412322876e-05
5.575150171040272,1.213563170100681e-05
5.461491992093365,1.2990450437003307e-05
5.399807807869619,1.3471674391745444e-05
4.991580705754853,1.7027317116590292e-05
5.104426263435575,1.597172654296193e-05
5.275623558662707,1.446716306005435e-05
5.438870558369679,1.3144037611892687e-05
5.574735712469868,1.2124685501116489e-05
5.679581210062826,1.1385072701158817e-05
5.75369925166632,1.088464113407674e-05
5.797216024868531,1.0605722704188882e-05
5.808334493699965,1.0533058397432745e-05
5.770909254986839,1.0779391209472169e-05
5.706617566893793,1.121285795034581e-05
5.610916768556219,1.188752584074309e-05
5.506356113748013,1.2657490492188145e-05
5.4468909186704355,1.3112518694467498e-05
5.127939316572999,1.5755866627859604e-05
5.251311117992614,1.4671202218988014e-05
5.397665940434224,1.3470200689432568e-05
5.525566974815897,1.2490385151428748e-05
5.624294459311886,1.1769945447348234e-05
5.692744940870747,1.1297571449340222e-05
5.7308659954457735,1.1044308002008444e-05
5.736482716626935,1.1010504335451752e-05
5.685293062928122,1.136010769582822e-05
5.608580015893008,1.1903028055827299e-05
5.511890335372874,1.2620034618257069e-05
5.464573112425417,1.298072774828485e-05
5.31617277335941,1.4130162183572296e-05
5.427607813990783,1.3234870539654613e-05
5.535281350091485,1.2416079270199279e-05
5.617983206649214,1.1815932808659193e-05
5.670911776115404,1.1449918662228576e-05
5.693469245467461,1.1298627513410103e-05
5.6837355758381225,1.13710545535028e-05
5.636344799433716,1.1701248625453933e-05
5.505150752194957,1.266574484430111e-05
5.41675972712597,1.3353507892189479e-05
5.509452267855989,1.2607773132307997e-05
5.598397912887563,1.1955675336538671e-05
5.666340241361022,1.1482285194845404e-05
5.703948995272829,1.1226092670710841e-05
5.709806159784267,1.1187073439006163e-05
5.683806137182144,1.1367936382186414e-05
5.625286761734175,1.1782113053489688e-05
5.504845082394353,1.2670852246256918e-05
5.676920034372067,1.1404553238974948e-05
5.738543427773749,1.0988858629679503e-05
5.769397590196506,1.0785828540307112e-05
5.766766534578728,1.0810258471135054e-05
5.7331807719944425,1.1032129135735246e-05
5.676604859838262,1.1422491947501387e-05
5.799362159247949,1.0587638107924517e-05
5.830317310256747,1.0391176678128624e-05
5.826227090289714,1.0418854912870013e-05
5.790113781687989,1.065305338573255e-05
5.86404473188123,1.0174383955892126e-05
5.86226969430797,1.0188092606111916e-05
5.4171480651871144,1.3273768045932227e-05
5.411279887153614,1.332757602474627e-05
5.441892824795325,1.3095960241902888e-05
5.5030789002021265,1.2637009588400184e-05
5.586577148996495,1.2025239929107495e-05
5.681130405180288,1.1362575660994028e-05
5.774597295187328,1.0739368224837884e-05
5.856606388474965,1.0212477623851724e-05
5.920323135702289,9.822856073104226e-06
5.962736950824929,9.566322609583134e-06
5.983514221208921,9.442554229451011e-06
5.270296332365282,1.4487908434706896e-05
5.293949376599101,1.4292383330449639e-05
5.368353059945159,1.36876938691792e-05
5.4723651203969235,1.2875070065108706e-05
5.58811680436667,1.2018114426079962e-05
5.701031481447628,1.1231155783247262e-05
5.800137299525038,1.0573069205653854e-05
5.878512312504091,1.0078542324399443e-05
5.933080833602494,9.741650766091285e-06
5.963422892714161,9.561155905030465e-06
5.9699731228900825,9.525454206914036e-06
5.953857827056885,9.620736494159714e-06
5.913132999204425,9.868359806911287e-06
5.84719466383071,1.0276847430690682e-05
5.757723820219328,1.0852406227371388e-05
5.6509218388686895,1.1578876569005742e-05
5.539135966630062,1.2377227613881666e-05
5.441275082390758,1.311732083019885e-05
5.379846343442223,1.3592258620229986e-05
5.370933556812167,1.3658094493005189e-05
5.137060683713725,1.5657304122034914e-05
5.2069405533235384,1.504616832166153e-05
5.328874292747802,1.401957361037207e-05
5.468460971656958,1.2910380781750191e-05
5.60401772326617,1.1908193061619573e-05
5.722795539535129,1.1088747650937564e-05
5.817868181960209,1.0463864619540214e-05
5.88636184543823,1.0033435795217836e-05
5.927816710648456,9.777180024971623e-06
5.942364570616163,9.692124246661079e-06
5.929360040906266,9.771258242441566e-06
5.889251271599075,1.0014849007373071e-05
5.819686877325909,1.0454825550153698e-05
5.721918626038132,1.1097073875492672e-05
5.603237171721018,1.1918542136175292e-05
5.4814326931668855,1.2819594801520864e-05
5.387238888422064,1.3551836456093776e-05
5.352215503110072,1.3826535671966534e-05
5.071706348305094,1.626817793052511e-05
5.187598609061424,1.5222574637012649e-05
5.3408706236396934,1.3926927507339235e-05
5.49453066433542,1.271864758722068e-05
5.6304202152968355,1.1726165275435943e-05
5.740586899257127,1.097033541502335e-05
5.8221567392257745,1.0437288789422743e-05
5.874512740826446,1.0108021621223436e-05
5.897254358813858,9.968859675279206e-06
5.885752568485085,1.0042608471141373e-05
5.845428402061013,1.0295403500869677e-05
5.772024437757589,1.076724936816279e-05
5.667899369338483,1.1472265151699851e-05
5.544924008558165,1.2357259609402635e-05
5.432922401794177,1.3204151831445932e-05
5.375290991562453,1.3657676226670544e-05
5.097382035414888,1.603302179294059e-05
5.238196254118419,1.4785215617298736e-05
5.3951904158014825,1.3489764880588683e-05
5.538773228641514,1.2387300750980381e-05
5.65726352673113,1.1538444026231284e-05
5.746891042468492,1.0927826258254408e-05
5.806560934676126,1.053934106861953e-05
5.835118712495438,1.0360704600252576e-05
5.822305160759504,1.0446047926014138e-05
5.779936431049144,1.0720310616435973e-05
5.702713090294645,1.1238301662690007e-05
5.597189885489211,1.1980149791585039e-05
5.488230550927215,1.2785385400461638e-05
5.425233247704643,1.3271286116653458e-05
5.202160466706377,1.5095954586111124e-05
5.3393275289312,1.3942806867660493e-05
5.474553605906699,1.2870909768901582e-05
5.5891416507917215,1.2022189715953841e-05
5.676849412549169,1.1409239148456238e-05
5.735632655751937,1.1009590112248506e-05
5.763489572497652,1.08283266970239e-05
5.756691633568301,1.0874721055060582e-05
5.6946373440736915,1.1297799207094527e-05
5.611760200627838,1.1880060308142337e-05
5.515691323061826,1.2587049429837197e-05
5.464224989635293,1.2979703235961628e-05
5.354155487274803,1.382009459318801e-05
5.4670215950417775,1.29283628844684e-05
5.564995065487825,1.2197678542094098e-05
5.638682838068867,1.1677327871044852e-05
5.685017691454035,1.135763706757853e-05
5.701557816393729,1.1244916967064324e-05
5.683826079296512,1.1371166281371302e-05
5.599923449622737,1.1966991824086048e-05
5.501152388503328,1.2699128392084494e-05
5.452364438600001,1.3076740976842245e-05
5.519349610837254,1.2536417984681795e-05
5.599468879232024,1.1951097283713235e-05
5.655289432478994,1.155950532105058e-05
5.682999067240372,1.1370056009905277e-05
5.680835047028448,1.1386709238549618e-05
5.645456816221536,1.1640862660250275e-05
5.539826218435152,1.2409576610219232e-05
5.40087335021362,1.348481212019404e-05
5.669646769655875,1.145571208706872e-05
5.715709358271444,1.1141419643507591e-05
5.731191195149444,1.1042071291190979e-05
5.715756527021928,1.1149521346304006e-05
5.67108453880613,1.1459630321344864e-05
5.6050206699710525,1.1928073548620314e-05
5.783331156647263,1.0692606611498258e-05
5.79565477058103,1.0613117814361653e-05
5.77541691767946,1.0749655803794068e-05
5.728452611269013,1.1065628731068434e-05
5.844538573140383,1.0297984465482702e-05
5.824219312485423,1.0429807154709564e-05
5.282883495743963,1.4395883556346822e-05
5.330544138452975,1.400474558537565e-05
5.42894347251265,1.322014381706788e-05
5.552300198776054,1.2288251836843574e-05
5.675399159285178,1.1413462070633421e-05
5.7818432536899325,1.069758546512811e-05
5.863387100473275,1.017702840882597e-05
5.91731201171421,9.840158612711987e-06
5.943705212279297,9.684988722683149e-06
5.234921976981234,1.4808346967580016e-05
5.320083928099971,1.4098309573174271e-05
5.444325767523042,1.3105320522784555e-05
5.577963538645363,1.2101171397751657e-05
5.698736503773879,1.125344036487704e-05
5.79506852334815,1.061273678419316e-05
5.862476716691746,1.0183748610296852e-05
5.899924851434984,9.95251841178787e-06
5.906134717624259,9.915468588617514e-06
5.883108888697221,1.0058185044828076e-05
5.82882878818669,1.0397461811685654e-05
5.743490388348744,1.095618407056547e-05
5.631273260327017,1.1726649464430426e-05
5.5054358257543745,1.2644998935627303e-05
5.393704438618966,1.3508483671912609e-05
5.331546454904283,1.4003628844629609e-05
5.248853880262834,1.469591168564367e-05
5.354677203544456,1.3816768355780098e-05
5.483395315530721,1.280894507375396e-05
5.60868150263402,1.1883283935533518e-05
5.713887868144944,1.1150730486544306e-05
5.791406078445609,1.0640093066044893e-05
5.838192446446581,1.0337189351582392e-05
5.852425505894598,1.0249036940162512e-05
5.828086465658867,1.0405334148985638e-05
5.772876107689063,1.0765556010427294e-05
5.684905197557158,1.1357954998279345e-05
5.5731183512902795,1.215091885882691e-05
5.462968531387758,1.297678545475598e-05
5.396771397344181,1.3491425245310526e-05
5.316757266704816,1.4124808986089292e-05
5.421471867314827,1.3283801056635983e-05
5.5340258276750145,1.2429240127406507e-05
5.6354888705159665,1.1695818742575248e-05
5.714269943459077,1.1152038006685455e-05
5.764314356384588,1.082099501169138e-05
5.781546205312597,1.0708830279151843e-05
5.752919301726852,1.0901695050344264e-05
5.694984831835591,1.1292215076435407e-05
5.606868999987157,1.1915106048740988e-05
5.510757355896386,1.2618451763071696e-05
5.454567688913848,1.3048534299206874e-05
5.418538156291067,1.3309201405331195e-05
5.504979008095867,1.2643734175705682e-05
5.586807471663939,1.204731086588458e-05
5.652695248286882,1.1578358342143417e-05
5.694425680731775,1.129214031586111e-05
5.70556330386061,1.1220976674367689e-05
5.665049437476766,1.1500154024193764e-05
5.597579253282837,1.1981613645193315e-05
5.512803638056059,1.2607448614639416e-05
5.473354355903458,1.2909659106839515e-05
5.534735528214151,1.2424484485652927e-05
5.5933268862597805,1.200037660886289e-05
5.636338122883854,1.1693095897969666e-05
5.657659236849237,1.1552551478897163e-05
5.650878911597439,1.1598625761085278e-05
5.608341491971346,1.1904794010231357e-05
5.493043162448546,1.2762706126564031e-05
5.424870678420334,1.3289573128392802e-05
5.647814303590733,1.1612506159119074e-05
5.674805420629127,1.1427749314721564e-05
5.677296671361795,1.1412629427655082e-05
5.6523297028051385,1.1589123194738707e-05
5.596757499706016,1.1989196138427218e-05
5.486819588244024,1.2807249811238503e-05
5.73911076421629,1.0988126203936052e-05
5.7341202747643605,1.1023448860377399e-05
5.701730604549246,1.1249495198872883e-05
5.647664624732952,1.1625244334898486e-05
5.79053118303329,1.0648211017532465e-05
5.756266637349114,1.087871372944067e-05
5.346206902670282,1.3890962133074296e-05
5.42416242619118,1.3267630929459626e-05
5.538031308775698,1.240529095997279e-05
5.654486670861534,1.1564746273004118e-05
5.750973952448989,1.0909058420222963e-05
5.817788658601344,1.0472888397016702e-05
5.851803127306539,1.0256185534518086e-05
5.3940537550711625,1.3506188104748756e-05
5.471213187158264,1.2907393295993522e-05
5.570989776475731,1.2163558519550736e-05
5.666094980410619,1.1485484235623793e-05
5.738512499193658,1.0994694349266721e-05
5.779811080615965,1.0722366278913287e-05
5.783048764848635,1.0701254066415563e-05
5.751265509980788,1.0908898068691176e-05
5.685467752985209,1.1357995944157494e-05
5.593541366644191,1.200547373004852e-05
5.497301380007311,1.2713912620120544e-05
5.4345622754404665,1.3197048225920054e-05
5.461991913685112,1.2974069909962035e-05
5.524383554363296,1.2508049956398836e-05
5.597206706575147,1.1976896235076172e-05
5.6604645002846254,1.1529252772030823e-05
5.6993446316283345,1.126309599696599e-05
5.705116818541007,1.1223012408053488e-05
5.664726039407052,1.150248884731975e-05
5.5995238959127525,1.196717928649115e-05
5.523692699360971,1.2527871529748107e-05
5.482492832200567,1.2834943732472131e-05
5.538051429143604,1.2404717379917926e-05
5.576601536797316,1.2122776551114775e-05
5.612749267430133,1.186608896680721e-05
5.633123751667247,1.1725087038662685e-05
5.625571041110426,1.1777962232337765e-05
5.567377401718287,1.2203569145007715e-05
5.495934605102521,1.2737840619991964e-05
5.4704964312805,1.2931699535920008e-05
5.6129336675302985,1.185979205522051e-05
5.622762924026909,1.1796669881805764e-05
5.616824222846575,1.184051983378466e-05
5.585903473178727,1.206255184017059e-05
5.501231041284655,1.269308339205565e-05
5.382089708759477,1.363244884110147e-05
5.675681917140173,1.1426649346815717e-05
5.656283315309867,1.1561380874194881e-05
5.614441781573851,1.1857931992386666e-05
5.552972208241568,1.2309657921577492e-05
5.71257373692068,1.1173769036146965e-05
5.669297047358573,1.1470164760911193e-05
5.480425532039109,1.2841672316186304e-05
5.528614605764823,1.2481162373529974e-05
5.6003370726296895,1.1957789138504316e-05
5.664023398981191,1.150607418463101e-05
5.700297438159945,1.1256348515783043e-05
5.5266080677775395,1.2494674120089412e-05
5.551959180662591,1.23133648888029e-05
5.589039764571802,1.2041826628592317e-05
5.614063971612192,1.1860303429192908e-05
5.606461837079343,1.1916827348600243e-05
5.5706400255305395,1.2176479613921359e-05
5.522998247456933,1.2531328642326276e-05
5.503749112808333,1.267574154126547e-05
5.568321667995651,1.2190133692212698e-05
5.565266332355929,1.2216205771087174e-05
5.557888394616766,1.2272138181429071e-05
5.530231701155658,1.2480449566161078e-05
5.46618064578727,1.2964916947237406e-05
5.454679698979697,1.3055165797027836e-05
5.601419135256783,1.1954037509053343e-05
5.5697884558666795,1.2186662827041675e-05
5.519287448099582,1.2561259356844371e-05
5.4323677945639846,1.3230113094168193e-05
5.6207202737830375,1.1815209850193596e-05
5.570696188126858,1.2180886781068661e-05
5.515965319437205,1.2579464863119687e-05
5.506880596130577,1.265241184231777e-05
5.515752873052969,1.258984976197294e-05
5.519850283640331,1.2556797378019476e-05
5.479392251993624,1.2862247257209712e-05
5.430571293355099,1.324331177641764e-05
5.429937982413999,1.3247202855614646e-05
5.5197049592617935,1.2558754333042894e-05
5.462314807233656,1.299267471064582e-05
5.409395379627397,1.3410485594205985e-05
