Frequency_THz,Cv_Contribution_eV_K
0.23565958723325597,8.616523629284869e-05
0.4648415799009826,8.61387182784985e-05
0.681618812373122,8.608560588141283e-05
0.8813261585126962,8.598131040138812e-05
1.0615517133289858,8.58485140803266e-05
1.223260785292691,8.556246402125621e-05
1.3714152393617622,8.535769215463297e-05
1.514125348989661,8.523077212027844e-05
1.659914218681805,8.511205258142314e-05
1.8140230874578958,8.500800857051722e-05
1.9744659982929598,8.492646751551394e-05
2.1169450668280003,8.494159953186225e-05
0.20201876467809868,8.616689074008612e-05
0.36238798741113115,8.61524048552569e-05
0.5611098541008274,8.611966996140893e-05
0.7548382942932741,8.605598774537227e-05
0.9326187975554665,8.595105734511872e-05
1.0911812566097279,8.581696629971403e-05
1.2322191757026768,8.551035646464238e-05
1.3617699464033084,8.537361140398241e-05
1.4887083289285914,8.524847953062096e-05
1.622031035493174,8.513646835405311e-05
1.7679269282901806,8.50290476706111e-05
1.9274118521002366,8.492792624703111e-05
2.0296813537279776,8.493696737482338e-05
1.8700322424955287,8.500814765483993e-05
1.716217332899329,8.510000692844527e-05
1.5750141326712186,8.521278185107394e-05
1.4435917520426476,8.53341816328575e-05
1.314493720177643,8.545060365902316e-05
1.178534374521568,8.57176118719826e-05
1.0277435064060942,8.588741323076342e-05
0.8576176226797991,8.601065272314338e-05
0.6684011948845685,8.609092083778895e-05
0.46757695123888693,8.613691250092054e-05
0.28736208590519513,8.615997515717091e-05
0.378241125450237,8.614926436915885e-05
0.49576023365738503,8.613091472586923e-05
0.6515886824668156,8.608996780851887e-05
0.8109718437203431,8.602410512329148e-05
0.9599766658334531,8.592010918611318e-05
1.0944611539854192,8.580012410597533e-05
1.2166370056386924,8.552337423995424e-05
1.3334327909168147,8.538074657089214e-05
1.454263998478445,8.526808125565755e-05
1.5879742661097394,8.51553798206603e-05
1.739953978041655,8.503226298378812e-05
1.9105111998341542,8.491694567048637e-05
1.7791170820995326,8.510581217521809e-05
1.6205879028213364,8.521237074759384e-05
1.4810120340342257,8.531531529255017e-05
1.3564188685094922,8.543863825104417e-05
1.238020575823464,8.565468668591367e-05
1.1160301716690362,8.582899763742684e-05
0.9831291816177281,8.594357761468454e-05
0.83725190501526,8.602486691894588e-05
0.6846660438431412,8.60865234884203e-05
0.5465283234725152,8.61212760253742e-05
0.5085323645236036,8.61279854070942e-05
0.5891744417867115,8.610497209115731e-05
0.7056896201888937,8.605903848603791e-05
0.8326917055942339,8.599659381070663e-05
0.9570482731312714,8.58921011465867e-05
1.0748378412909625,8.577593553029356e-05
1.188803683454136,8.549874288844083e-05
1.3060086869670067,8.53822376150722e-05
1.434751405103249,8.527679274259982e-05
1.5811644214357157,8.515511666438203e-05
1.7468840283061675,8.502413939460264e-05
1.6973286666897889,8.5193701265719e-05
1.524837226438682,8.530076942626153e-05
1.3777890561508739,8.540290843111995e-05
1.2546975009620982,8.556161856446922e-05
1.147491241864455,8.578734286405305e-05
1.0464221910640008,8.587664935766077e-05
0.9448198289196699,8.596446157625144e-05
0.8427048462106836,8.60150947065236e-05
0.7494519610330839,8.60582571641292e-05
0.5827844383032678,8.610116773507775e-05
0.6314388354051137,8.60738304728101e-05
0.717960082737866,8.603312725420229e-05
0.8233296283795473,8.597868464096146e-05
0.9356301500900447,8.587901119932018e-05
1.0509615701536816,8.577800522668481e-05
1.1714838878918994,8.549525696136993e-05
1.3023920974683594,8.538872478652606e-05
1.4484204082921033,8.527626603708253e-05
1.6110508611664407,8.514542848941067e-05
1.6198048175294897,8.527024071997289e-05
1.4304233775709514,8.537457219109118e-05
1.27169978702836,8.54710377452524e-05
1.147490097858724,8.56782270313481e-05
1.05289567497566,8.583672709907967e-05
0.9792335602404576,8.590643801662682e-05
0.9196009031275341,8.597252256477454e-05
0.8725772846036001,8.599548141119268e-05
0.6044188802868066,8.60790220540423e-05
0.6313894424643,8.604938823585087e-05
0.7031501014225496,8.600815986509576e-05
0.8033103711317513,8.595655505029822e-05
0.9194124937551974,8.586107801850162e-05
1.0461396364498674,8.575425044166123e-05
1.1834204987561852,8.550921991346175e-05
1.3330046954734214,8.539266119481605e-05
1.4953421644693596,8.527553145428752e-05
1.559233335965016,8.533128381960069e-05
1.3403079785625842,8.543454951520231e-05
1.171305520719007,8.558003838774123e-05
1.0469454796253366,8.57809362312454e-05
0.9672355817765949,8.586710184431388e-05
0.9250864406876974,8.593109352970742e-05
0.9115207109132463,8.596433876511682e-05
0.5929592292531621,8.605663868731619e-05
0.6147519961867646,8.6018683952684e-05
0.6895609768263937,8.599162561181887e-05
0.7992844688603196,8.592843804941042e-05
0.9292823089791952,8.585080467097083e-05
1.0723275731341444,8.574815990651653e-05
1.2259761315965008,8.549866077966619e-05
1.388944429512202,8.539812601132693e-05
1.48318817691901,8.539442042222925e-05
1.2576091233487714,8.551727607215782e-05
1.0853355542781367,8.567999547118112e-05
0.9663814336435026,8.58176170672434e-05
0.9054073153786424,8.58636552798648e-05
0.8959495109220244,8.593274870774789e-05
0.5811945544288283,8.602643773375463e-05
0.6143354286542091,8.60139268763354e-05
0.7029350824578127,8.59863875327887e-05
0.8260262762057127,8.592182085550604e-05
0.9683202604334876,8.583812736222416e-05
1.1221118894812319,8.5728408154674e-05
1.2836142992287973,8.55366488874191e-05
1.404734772968511,8.545124600711372e-05
1.1869845383165671,8.558519273728323e-05
1.0240725344591672,8.576399023367372e-05
0.9212826561689295,8.584369044414504e-05
0.8845296503748574,8.586768492188125e-05
0.5988369861860668,8.600882648835687e-05
0.6483323290410108,8.600668910157953e-05
0.7474307327262426,8.596714907581541e-05
0.8763096613923608,8.5913577412572e-05
1.0216940402290315,8.582726989572522e-05
1.176341224021255,8.57195795976595e-05
1.3286971570710329,8.552438009526177e-05
1.1484079159268001,8.565007644456806e-05
1.0010284974108643,8.574910499072966e-05
0.9287494276719744,8.57839966545646e-05
0.6500130513949947,8.601304069231206e-05
0.7072501278805571,8.600824389921179e-05
0.8058285102962799,8.596663491498495e-05
0.9302005115656139,8.589338706643875e-05
1.0694900006086887,8.582591962485757e-05
1.2165297076732435,8.571717166309611e-05
1.124673823788916,8.57307003444954e-05
1.0306472659019588,8.574998902686049e-05
0.7145946632943495,8.601006224067928e-05
0.7677552792351731,8.59848195328584e-05
0.8565898411192869,8.596226747142618e-05
0.9694983762518355,8.589724066837868e-05
1.0969250891143592,8.582907330580955e-05
1.151442531980255,8.575974153105594e-05
0.7693700213610192,8.598807471037609e-05
0.810663065942011,8.599705590829023e-05
0.8851653261992575,8.597321949833029e-05
0.9836723053413116,8.591066258285949e-05
0.7997707508734426,8.601324514970516e-05
0.8259228506391838,8.600720701251529e-05
0.4328424146415626,8.614175867659194e-05
0.582223201633076,8.611488016012441e-05
0.7530588112041434,8.605419130464266e-05
0.9164637142597354,8.597916356534147e-05
1.0637241911937405,8.585386265110483e-05
1.195109718699464,8.566956003524646e-05
1.3165586560924207,8.543418995930264e-05
1.4373274784177676,8.531252454296738e-05
1.5669569483729688,8.520195919021226e-05
1.7117683506342256,8.509246994340144e-05
1.8681040517120808,8.497800619145787e-05
0.5532597195610042,8.611934746299239e-05
0.667984719821035,8.608116484653103e-05
0.8046404834221608,8.60249607299684e-05
0.9387835248564009,8.594317953647296e-05
1.0624783393499226,8.583254727819523e-05
1.1772726238947098,8.562486911730715e-05
1.2903055182434522,8.54190060553337e-05
1.4108549033036866,8.52959626667872e-05
1.546115902852575,8.518867999247126e-05
1.693534858480319,8.506293932009224e-05
1.7618236768141846,8.503034901368941e-05
1.6253657501284495,8.517432452170098e-05
1.4782433084357427,8.528365658025656e-05
1.3490585963323918,8.540306373215124e-05
1.234274090267308,8.557059759336085e-05
1.1246591708707705,8.580670461176054e-05
1.0113373351791832,8.591265120241793e-05
0.890121836389147,8.599203742585401e-05
0.765062646569912,8.605143598688304e-05
0.6523274002943314,8.609322786369641e-05
0.6245387928501918,8.609221572667759e-05
0.708556125968919,8.605347779722653e-05
0.817070441824113,8.599939601316128e-05
0.930005595461739,8.591893595818766e-05
1.041127043241131,8.58077414651975e-05
1.1526500814363136,8.559604864053841e-05
1.2709347817380485,8.54136408167173e-05
1.401969993616842,8.529135527100545e-05
1.5441245385384106,8.517350344015411e-05
1.644219508884321,8.509474371312469e-05
1.532611515372065,8.524081179150933e-05
1.3790624287491413,8.536276414212998e-05
1.2464680350985153,8.547036606751368e-05
1.1375930593408654,8.57364547414619e-05
1.0450873427999496,8.585726070805442e-05
0.9608389830714643,8.593982262842682e-05
0.8816220542899346,8.599789134979597e-05
0.8122044050123285,8.602968453893725e-05
0.6464289112019198,8.606070693346069e-05
0.7101476201730726,8.602897353709383e-05
0.804171064671033,8.597005347118499e-05
0.9111608378728289,8.588629634964706e-05
1.025220323143954,8.57916060508612e-05
1.147202043008912,8.557747478800292e-05
1.2799348209276271,8.540228753950133e-05
1.4216126756270278,8.528750786325781e-05
1.5353735230404,8.519013082298056e-05
1.444508450933164,8.531108557976465e-05
1.28213236219451,8.542251414648942e-05
1.1444747689970476,8.562489643376188e-05
1.0420967910206589,8.580148788204188e-05
0.9707491391397327,8.58939165412599e-05
0.9227589476590755,8.595709083711538e-05
0.8931455162698425,8.597984912286756e-05
0.636896428540369,8.604286063809484e-05
0.6963938212995533,8.602118927463288e-05
0.7925162454320838,8.595427457516482e-05
0.9079678155411343,8.587641997385703e-05
1.0354321637730508,8.575292470445526e-05
1.172862011180752,8.553269899934645e-05
1.3172008034751168,8.540458917582365e-05
1.4411869149637961,8.529585790426598e-05
1.3655030191766353,8.538736450396434e-05
1.1954046991766245,8.552774783260211e-05
1.0551038754857016,8.573249764782406e-05
0.9619052366789053,8.583382540095707e-05
0.9146133185716255,8.591435452050784e-05
0.9047235031417042,8.594785194728129e-05
0.6269736467104653,8.602330086769999e-05
0.6971902425023916,8.600483573317777e-05
0.8055539449419796,8.59615307135928e-05
0.934126447503205,8.586079516104251e-05
1.0743930538362925,8.575763072548642e-05
1.2210799124821532,8.555954671540057e-05
1.3543812774829516,8.541446924425579e-05
1.3128638300026234,8.54454596804417e-05
1.124142581618454,8.562489465599529e-05
0.9891338689149322,8.577969278451833e-05
0.9111941900643935,8.584302621551787e-05
0.8900259678176261,8.591045687050296e-05
0.6444448455742906,8.603542977575127e-05
0.7289895814096324,8.599374611114269e-05
0.8472300878850793,8.593471353940719e-05
0.9828935651385661,8.585128031658245e-05
1.1273156479892994,8.575039722870467e-05
1.266884231299735,8.55823238428093e-05
1.2489532979447593,8.554395140644029e-05
1.0751980089271795,8.570674908920906e-05
0.9591748930456533,8.57808607050103e-05
0.9056537836784442,8.585072142002338e-05
0.6934148696874446,8.601588261428101e-05
0.7838489113749819,8.598814187517164e-05
0.9022928360113637,8.592191023354585e-05
1.0356001680492883,8.584332979979458e-05
1.1737056542918254,8.575750414138463e-05
1.198503869748237,8.56430088447129e-05
1.0599134767504406,8.575424349341387e-05
0.9796244930046392,8.576382322446975e-05
0.7553946743503775,8.600135845132745e-05
0.8407785157893654,8.596869290200589e-05
0.9508538330348563,8.592477477082696e-05
1.0752266337394694,8.585003492026861e-05
1.1739319552730132,8.57368543414961e-05
1.0957365274796314,8.575702857995085e-05
0.8082904174729352,8.598745263173647e-05
0.8815901908337077,8.597823525703755e-05
0.9789295906921113,8.594066435993848e-05
1.0918052114683439,8.585103418155925e-05
0.8377770884753483,8.599963643883501e-05
0.8962313082769388,8.598906223049962e-05
0.7186692017248405,8.605997875261588e-05
0.8048641419538285,8.602391878055892e-05
0.9045978692535713,8.597278829494987e-05
1.0053449741140117,8.588334250239567e-05
1.1054560975725614,8.576857781898368e-05
1.210573838290044,8.548087967406084e-05
1.3284373963095388,8.53616080083595e-05
1.4615636740025122,8.523726142837179e-05
1.587677536838064,8.51184375817892e-05
0.7409801025094819,8.603829316348968e-05
0.8085888489067268,8.601022009966188e-05
0.894077847995489,8.594865319535562e-05
0.9874470568153606,8.585798549271768e-05
1.0880098570686016,8.57108590647613e-05
1.1997626580241396,8.545022569817103e-05
1.324113453488856,8.533547019177299e-05
1.4446241226767889,8.52140523453412e-05
1.4753558139384424,8.518626908453438e-05
1.3660022925302981,8.52962468202301e-05
1.2340236741291428,8.541675546103474e-05
1.1199771345210887,8.564405083731279e-05
1.0273688360939979,8.583416839340465e-05
0.9507301707581584,8.592159881468003e-05
0.8856819487149568,8.598090716196611e-05
0.8342334721547284,8.600591191607016e-05
0.7347799302886363,8.602422355060278e-05
0.7981648583990522,8.598958733495097e-05
0.8845763747647404,8.592586704713103e-05
0.984463588385967,8.583453118119074e-05
1.0955768906153718,8.567866306695025e-05
1.2167968412874761,8.543784065804336e-05
1.3353507873486932,8.532983435675846e-05
1.3871054964814036,8.526468298863254e-05
1.280771381007113,8.53639186030676e-05
1.1473566133347133,8.551660693352407e-05
1.0378031859969183,8.57681029796307e-05
0.9608700071445212,8.5862799836895e-05
0.9127216140588813,8.594280002862517e-05
0.8882591739929533,8.597032566556355e-05
0.7280737416374989,8.601137174278102e-05
0.8008510360581313,8.59747253147128e-05
0.8982815295214531,8.590809543528472e-05
1.0100583784705823,8.582044942881957e-05
1.1310004318796527,8.567873066834592e-05
1.250398259147738,8.544069438564835e-05
1.3142099333859396,8.536513815296745e-05
1.2125076125472056,8.545472274885592e-05
1.0783134263536929,8.56466434259396e-05
0.9763470109643643,8.581417956354208e-05
0.9180801602984022,8.588893312295263e-05
0.8994707833210286,8.593541253107305e-05
0.7453846047877096,8.600555968977505e-05
0.8313630869729652,8.595787676735844e-05
0.9388445537742591,8.590497949561334e-05
1.0575608760746162,8.580609094569268e-05
1.1777357216481177,8.566509861280239e-05
1.255298202010289,8.545489835909345e-05
1.1605206468553366,8.557139425005639e-05
1.0320943916121634,8.572541250220872e-05
0.9451028668873656,8.581759050404496e-05
0.9092938827495102,8.587869012233534e-05
0.7906508088060771,8.598249016028715e-05
0.882911793586775,8.595216202150269e-05
0.9921955179129361,8.589170834139873e-05
1.108551089531143,8.581289264811172e-05
1.2021915099923541,8.56528906094916e-05
1.1378437107100363,8.568081761349212e-05
1.0160043170627977,8.578042852912628e-05
0.9549388475211663,8.581921136564677e-05
0.8480550411128756,8.597663496942482e-05
0.9367085074309077,8.594396198383507e-05
1.0399315995875087,8.589176988974108e-05
1.1450421590748041,8.581170865522666e-05
1.1233871972444527,8.573933147882635e-05
1.0414681445926304,8.579457939141581e-05
0.897544506853236,8.596536676887679e-05
0.9758355490476947,8.595284205463794e-05
1.0703161473394034,8.589357038827071e-05
1.1487133140499157,8.576355574162786e-05
0.9253495298565161,8.598134998755265e-05
0.9903160053054525,8.595030348367813e-05
0.8298031826376913,8.599560848398273e-05
0.8763291607376786,8.596985901354769e-05
0.9410882790999934,8.58880891077826e-05
1.0223643585141198,8.579769889046627e-05
1.1221028496396193,8.561433827581393e-05
1.2375555585022875,8.538232807295909e-05
1.341197312670495,8.527221487166402e-05
0.8250609309702204,8.599205799670066e-05
0.8797589784091987,8.595078599782796e-05
0.9544126083863406,8.587644170447805e-05
1.0455040421127981,8.578343178760796e-05
1.1495407892469403,8.553696326325557e-05
1.2471417634374142,8.537731872005539e-05
1.2614725322430247,8.535826520778583e-05
1.165748149211899,8.54614218655693e-05
1.0581924945620522,8.57360106213478e-05
0.9734407912513893,8.582956429631225e-05
0.915982976727365,8.591517319135654e-05
0.8837686153637563,8.596181155031898e-05
0.842379211377399,8.597721721947798e-05
0.9097438428989856,8.595480108040413e-05
0.9942779475024389,8.587713423502437e-05
1.090181628762874,8.57736133704939e-05
1.1834240692381783,8.553619377398318e-05
1.2130313588381576,8.54478933478063e-05
1.1145266198019277,8.564750908164888e-05
1.0160787925043329,8.578155852259963e-05
0.9494437417249794,8.587641104510865e-05
0.9175003825548049,8.590998264071018e-05
0.8853873685124781,8.596235091407442e-05
0.9598445909447734,8.59285529914264e-05
1.0467469647098884,8.585059277325409e-05
1.1360302561574578,8.576318519740353e-05
1.1754254721026502,8.560320910847248e-05
1.082725954338236,8.57555083137973e-05
0.9996112060905168,8.582403074372019e-05
0.9558875295524267,8.584909995386728e-05
0.9398487079876946,8.59437609133642e-05
1.0122773996068948,8.591051382327016e-05
1.093496205682355,8.585282525225049e-05
1.1492405486989103,8.574167656495e-05
1.0725927370468014,8.580511658769285e-05
1.0157253865658733,8.584104348000641e-05
0.9870905093174792,8.594285252412197e-05
1.0509916034872178,8.592026895846787e-05
1.1241951878975691,8.58409831408334e-05
1.1038995568178545,8.579942930025098e-05
1.0137779571329042,8.5945748852651e-05
1.0667419691316813,8.591532916120031e-05
0.9012448064406815,8.595131338576473e-05
0.9461839747439552,8.589866137237959e-05
1.0128305298792153,8.583415123515505e-05
1.0986334146650532,8.573020594878725e-05
1.1826494758174753,8.549215597761941e-05
0.9439067597167857,8.592170835526673e-05
0.9966206955323561,8.588118859995493e-05
1.0647821513962519,8.58106699162032e-05
1.1367203085414048,8.570993619632302e-05
1.1418280136990624,8.565244016430327e-05
1.0675495809960334,8.57995239700088e-05
1.0015869722653286,8.58418594103077e-05
0.9615269912693223,8.588956368910177e-05
0.9978151742295583,8.59187309955433e-05
1.0493529772973718,8.587881823708988e-05
1.1091983661593452,8.582426428993783e-05
1.1259402480006782,8.57405563569241e-05
1.0555795028711592,8.584149708917632e-05
1.0140771860921156,8.58560141097891e-05
1.0446543697350155,8.592400363138575e-05
1.088255867479632,8.588743779119568e-05
1.1183410045173703,8.581153814516261e-05
1.0677894596445714,8.58244299094612e-05
1.0711667603228996,8.59157559633941e-05
1.1073515969757686,8.588630507834781e-05
1.0169526422686757,8.588131725194443e-05
1.055817206508245,8.585764029070231e-05
1.1088516652594829,8.578744864942062e-05
1.065002301516354,8.589334504937273e-05
1.0949477995084322,8.584642096655318e-05
1.0945660771999624,8.582751319240767e-05
1.0642519738132046,8.586977750183276e-05
1.09217209385161,8.588596900765597e-05
1.1068931008692304,8.584170819621679e-05
1.0925368803234303,8.586520714074303e-05
0.23565958723325597,8.616523293044319e-05
0.4648415799009826,8.613842716271378e-05
0.681618812373122,8.608486754125494e-05
0.8813261585126962,8.598567437264801e-05
1.0615517133289858,8.584171164220454e-05
1.223260785292691,8.555686304181582e-05
1.3714152393617622,8.535988220628385e-05
1.514125348989661,8.523160935461466e-05
1.659914218681805,8.510698211167468e-05
1.8140230874578958,8.500321074819919e-05
1.9744659982929598,8.492921124370166e-05
2.1169450668280003,8.493060663844034e-05
0.20201876467809868,8.616690316759564e-05
0.3972575263931585,8.614797940184589e-05
0.6299473361826904,8.610033243052125e-05
0.8474940321934072,8.600991432267852e-05
1.046262792295536,8.586519204186625e-05
1.2281040376419776,8.559059902502598e-05
1.3981950583188334,8.535202009149691e-05
1.5642825605937642,8.521520519529607e-05
1.7338265127326173,8.508620312033283e-05
1.909095421122386,8.498801166470437e-05
2.0765216975363487,8.494016831589422e-05
2.1458792222144836,8.49653131361967e-05
2.0904666674387773,8.488585148810012e-05
2.169366016377847,8.494512760497342e-05
2.0316105662861603,8.487916767353545e-05
1.852528203600746,8.495635269084356e-05
1.6795351647422578,8.507029576801034e-05
1.516341107608795,8.520199253242077e-05
1.357354407525552,8.53451859501977e-05
1.1939524031589386,8.55788379666532e-05
1.0190211563048839,8.585342638816517e-05
0.8295265931508247,8.600773740220746e-05
0.6272205434553738,8.610024867403936e-05
0.42000581711071483,8.61456321516915e-05
0.378241125450237,8.614941469690811e-05
0.5266082867584966,8.612564727366484e-05
0.736341125052189,8.606623181176038e-05
0.9524046914806298,8.595479525379181e-05
1.1619506007021112,8.579955830314628e-05
1.364653371308714,8.548438526065015e-05
1.5643637151316412,8.530401355104631e-05
1.7644784751663738,8.517140767758215e-05
1.9609460771308493,8.50567079196384e-05
2.11712344132202,8.500417713139068e-05
2.1022422647485457,8.49605580956105e-05
1.9516360079318464,8.500990134998888e-05
2.0937263341521875,8.483366552980032e-05
2.2368720008846763,8.492407518775247e-05
2.0714992131662093,8.478809296932685e-05
1.865032504549856,8.488809470839558e-05
1.6738583562038811,8.501381809958083e-05
1.4980697688868858,8.51707030174369e-05
1.330309048731848,8.532165824131977e-05
1.161991559226716,8.559966323131605e-05
0.987719231025796,8.587165961269554e-05
0.8073416276937783,8.601431944477468e-05
0.5085323645236036,8.612777583908899e-05
0.6201093454219584,8.609792848920299e-05
0.8072389399695657,8.603237299099877e-05
1.0237192625291696,8.592298592758084e-05
1.2505560889667737,8.577347614835118e-05
1.4806482852526344,8.545587840562473e-05
1.7089960911593862,8.529805301557761e-05
1.9233724264332903,8.516691460646559e-05
2.075194084296856,8.506038829048756e-05
2.044883259342771,8.502668426851951e-05
1.8857901081575308,8.508611908921263e-05
1.9288359402915836,8.488919362231793e-05
2.1208946320225275,8.474800247225945e-05
2.3062907906666044,8.488309968725196e-05
2.07772270938481,8.466875776380893e-05
1.8527634377897346,8.482224294898846e-05
1.6532002164778916,8.498479520865433e-05
1.4749782306134225,8.514699671254899e-05
1.3093302258011634,8.531451578781105e-05
1.1481878235799423,8.55657277409262e-05
0.5827844383032678,8.609861660944108e-05
0.6673531024476839,8.606334614119389e-05
0.8454750030895697,8.601039713358482e-05
1.072042817247993,8.589234976631209e-05
1.3190113408767434,8.573142288823183e-05
1.56877737438952,8.547107490761999e-05
1.8024110648239888,8.528022408077025e-05
1.9756151367708192,8.514377374600849e-05
1.9771546584508413,8.509051126951623e-05
1.8232908962448595,8.515869494401565e-05
1.7876121872715873,8.500871298674152e-05
1.97241643594991,8.485397503163044e-05
2.1588110690449684,8.467681234598348e-05
2.3031476094560435,8.4131676930608e-05
2.061337107979364,8.458739218036182e-05
1.8328768971433491,8.476927944475846e-05
1.6360149299200344,8.495235299310673e-05
1.464717402411152,8.514259226969425e-05
0.6044188802868066,8.607029828508136e-05
0.6760331908636152,8.604686994598441e-05
0.8620946392923534,8.599230056406065e-05
1.1067592972395588,8.586521408266101e-05
1.3701684394319484,8.569506782112746e-05
1.6240486856785845,8.54022758839156e-05
1.8304031916516075,8.524941758793082e-05
1.889927792903243,8.516353504358077e-05
1.7563367544468613,8.523202321633765e-05
1.6679695532813061,8.514155977734881e-05
1.8458168338195913,8.498658889143264e-05
2.022832682568967,8.482387616525447e-05
2.1927989509169197,8.459811382427679e-05
2.2793019479523475,8.414368382905134e-05
2.0457164784416912,8.453770196702065e-05
1.8237338228599347,8.476368117375701e-05
0.5929592292531621,8.6057083507136e-05
0.6693346855765108,8.602634482359849e-05
0.8757777353331085,8.597129564861179e-05
1.1385827113558862,8.582700524087008e-05
1.408699753910826,8.559885118502847e-05
1.6477818262290638,8.537313864898347e-05
1.7757461804048462,8.524605342029666e-05
1.6803679350242389,8.52912496061856e-05
1.5586758311599298,8.527902203805735e-05
1.7307441143863724,8.51303113353312e-05
1.8998656997048535,8.497564292822599e-05
2.061615065721276,8.479835963995652e-05
2.2121770535905543,8.455853517670266e-05
2.270451636003652,8.415122132082545e-05
0.5811945544288283,8.603574456479187e-05
0.6758937598334658,8.601174806381799e-05
0.9024286397412051,8.593253566452609e-05
1.174130353687043,8.578124304859454e-05
1.4374276573826121,8.550625087931357e-05
1.62977413196757,8.53477952562657e-05
1.5941688650427877,8.53495746989348e-05
1.4496282362693123,8.540138768159855e-05
1.6160228377153902,8.526483739823734e-05
1.7780294347254864,8.512527418307476e-05
1.9317631753007092,8.496471985146776e-05
2.076025969677353,8.478945997236988e-05
0.5988369861860668,8.604421786286495e-05
0.7110619069112715,8.598003950138736e-05
0.9448364044295281,8.590389926276902e-05
1.2120397945764954,8.56893262299963e-05
1.4507053585678167,8.546518524027377e-05
1.4992975940460747,8.54127876443863e-05
1.3355417050029326,8.549578312707836e-05
1.4947995616599048,8.539004278021613e-05
1.6493911357600823,8.526874143190612e-05
1.7954369445557345,8.512499016258178e-05
0.6500130513949947,8.601376816580223e-05
0.766943274216927,8.598105952691134e-05
0.9932956914176235,8.585901900670111e-05
1.2453469424272627,8.565930608094863e-05
1.3971728428841463,8.54798002498009e-05
1.266194590172161,8.561923567915044e-05
1.3655805142649058,8.550134273241841e-05
1.5113183286428555,8.538984112505928e-05
0.7145946632943495,8.600288959923327e-05
0.823703338032407,8.596549439024342e-05
1.0352910719610702,8.586770110420107e-05
1.264944515311083,8.565544024338571e-05
1.2340651137791405,8.570378961636097e-05
1.2311662845851028,8.571082540357031e-05
0.7693700213610192,8.598412580549998e-05
0.8646121451793636,8.597189439129794e-05
1.0631376614608377,8.587936985825146e-05
1.248621847749009,8.56733722537368e-05
0.7997707508734426,8.600418981982934e-05
0.8798226602808034,8.597977417321592e-05
0.5655562591699373,8.611913115292196e-05
0.7665983192467906,8.605292630399761e-05
0.9643560856109595,8.591323661320883e-05
1.1530657417856935,8.566442724351961e-05
1.3339875926343476,8.53881043833247e-05
1.512557350193136,8.524528884957284e-05
1.69569234219873,8.510498748470326e-05
1.8872148011376615,8.498793345506295e-05
2.0785531464553255,8.4918371882563e-05
2.182579121823764,8.495492109114076e-05
2.065367886758252,8.492520739494883e-05
0.6647415907386068,8.60871987861622e-05
0.8490352098806123,8.600927513713556e-05
1.0470341852694887,8.587332399599599e-05
1.250759523043203,8.562357846245426e-05
1.4587164041663738,8.53760905920405e-05
1.67143381526561,8.52351484861468e-05
1.8862529243658444,8.5105352032891e-05
2.083092184953428,8.500619108232797e-05
2.1504542631522625,8.498087353965016e-05
2.025899373913878,8.499784518485617e-05
1.9549269358591785,8.500642519412941e-05
2.1047045110843845,8.486592983200472e-05
2.2483291482519108,8.492996613009864e-05
2.0859743090854836,8.483508511385983e-05
1.8663318136742695,8.494516095060203e-05
1.6604396209799401,8.508505303709502e-05
1.470271894009565,8.523001865126582e-05
1.290367320176869,8.538852321433352e-05
1.1142440387680734,8.573976149468767e-05
0.9385872151918443,8.592231676945006e-05
0.7274664023957867,8.605801775644311e-05
0.898398884965221,8.59744852351759e-05
1.1038746326763016,8.585177843368531e-05
1.3297923612809321,8.564274537623971e-05
1.5657475552660496,8.538589424781459e-05
1.8002465942035761,8.524578823873827e-05
2.0072385252729785,8.511353058426193e-05
2.089313034425325,8.503181751915557e-05
1.9783971126549342,8.50757165908031e-05
1.8672292804406176,8.511204768565166e-05
1.970381302594001,8.494244930510042e-05
2.1514588778009487,8.478909452945665e-05
2.3096490777405014,8.486162497250494e-05
2.0697795551469476,8.475224721912614e-05
1.8364086853869082,8.489705457388092e-05
1.628233968893127,8.506510778427878e-05
1.4428784526919378,8.522253201403351e-05
1.2735421574876193,8.537786972562054e-05
0.7529283089254564,8.602936594653921e-05
0.9234757092664173,8.595721304029983e-05
1.1451986408514718,8.582805101885644e-05
1.3924326441562864,8.562749775808097e-05
1.642965842214487,8.537545254464145e-05
1.8690067132957713,8.52283276867656e-05
1.9954875524160054,8.511128891470387e-05
1.9179277979005445,8.513964276657884e-05
1.7859921061340203,8.521207575841709e-05
1.845092892096147,8.506826316877371e-05
2.013448738420029,8.489994529212346e-05
2.1936655479905056,8.471802004672178e-05
2.3005400100937776,8.44272919839997e-05
2.0451905859463317,8.470052474092711e-05
1.8142206735450959,8.488450795966608e-05
1.6149673539637932,8.504920590389691e-05
0.7544203879493374,8.599877191748416e-05
0.9381387372523539,8.59383822637728e-05
1.1794929282973285,8.580019838582125e-05
1.440090242231237,8.556278908258668e-05
1.686937539131384,8.535425325231813e-05
1.863776491936161,8.521106115958373e-05
1.8402116720619464,8.520123739980187e-05
1.6993660743698353,8.529485426344925e-05
1.7262984871074696,8.518756802624266e-05
1.8851300942000782,8.502337641020884e-05
2.055187610851554,8.484417354255991e-05
2.2212642501649986,8.465452613350846e-05
2.277053675888199,8.435892642840253e-05
2.0340536471837516,8.468250518599511e-05
0.7555643086915423,8.59845880678647e-05
0.9584853852899216,8.589971698398444e-05
1.2143484820161965,8.572908493570249e-05
1.4759719117949828,8.549217337739069e-05
1.6957808769104734,8.533139000256303e-05
1.7433654037679516,8.52717369529337e-05
1.603295770775533,8.537060893479082e-05
1.6051565244264945,8.530928208148892e-05
1.7597410150176198,8.516804512139499e-05
1.922059784899294,8.500296578609603e-05
2.0798564089885256,8.483254021587199e-05
2.230467984763423,8.462288915926476e-05
0.7767977779396246,8.597815550216221e-05
0.9930647329261809,8.587142698436714e-05
1.2518139437989348,8.566472964591939e-05
1.499260299109105,8.544756083953173e-05
1.6265452394539561,8.534703201763263e-05
1.500512230353439,8.543565920668429e-05
1.4791263150205811,8.542291649662604e-05
1.6304483998417258,8.52930845320002e-05
1.786164173317645,8.514945310039224e-05
1.9362100853684536,8.500147264924791e-05
0.8211746340036009,8.59406906172407e-05
1.0378847587939857,8.58171689242604e-05
1.2871927454946281,8.560816905972912e-05
1.4855286942332449,8.5436536629422e-05
1.4006408139743989,8.548886097964085e-05
1.34887477428298,8.559921814956432e-05
1.4946247460295676,8.541302712425883e-05
1.6433948491382397,8.529102092169487e-05
0.8752154818219853,8.593403379354257e-05
1.0816827392045822,8.57830390008028e-05
1.3107742389181463,8.559359818416718e-05
1.3188139441839255,8.55809770072643e-05
1.2209791352538775,8.574487241526396e-05
1.3506396969229868,8.557422259871712e-05
0.921945346794215,8.591503559017322e-05
1.1150350954944,8.57879708330271e-05
1.2704871505028552,8.564095312839412e-05
1.2013432217851114,8.577841411541471e-05
0.949758813285536,8.594101103770591e-05
1.1317485965079708,8.580996704898752e-05
1.0110112048965607,8.588563442594546e-05
1.1917543616680693,8.568741965061464e-05
1.3877040250646213,8.538464127939548e-05
1.5989846978601685,8.524767840665249e-05
1.8241999319840208,8.51100838699989e-05
2.053400560263189,8.498942772783988e-05
2.213038231438328,8.496023750667137e-05
2.1065731779191164,8.496610507430744e-05
1.9610993544818929,8.507307451095625e-05
1.0557435363907217,8.586713542114936e-05
1.2499736611342191,8.569389774184386e-05
1.4711717937775282,8.540783913150356e-05
1.7088358396387364,8.527208349794495e-05
1.9459393575467145,8.513807044224886e-05
2.1272894139739824,8.503347335862652e-05
2.0788190625342433,8.503371639588105e-05
1.933550650832772,8.514041247929757e-05
1.8848226800612982,8.516602367636125e-05
2.0046859728308797,8.502760731071e-05
2.1773141362499344,8.490184028539172e-05
2.2457531968500786,8.490675920234849e-05
2.0145923796861536,8.495974350678646e-05
1.7756676294826832,8.509101558790392e-05
1.5566147256271672,8.523758391020374e-05
1.3621023138089956,8.537679055021147e-05
1.0857400236476928,8.584711626698528e-05
1.2979356638871304,8.564839758373082e-05
1.5383376971160427,8.541683631086337e-05
1.783398326195463,8.527078163708877e-05
1.9920907339303862,8.513669164608523e-05
2.0164405266740726,8.51019091595469e-05
1.8749711641543474,8.520933962635088e-05
1.7917658018355536,8.526482277335478e-05
1.8826892971759197,8.51338498081106e-05
2.047394203908097,8.497572012141426e-05
2.225889506078873,8.482924256603134e-05
2.2319903113433934,8.481148115840293e-05
1.9857546530965915,8.494039426948363e-05
1.7566484482620608,8.509910929246177e-05
1.112371693225987,8.58254231349016e-05
1.3402363765043914,8.559893575872446e-05
1.5879944039846887,8.540457239081285e-05
1.8185709224497029,8.526066865822858e-05
1.9190989777464726,8.517372205955065e-05
1.7897820086811869,8.52793698009195e-05
1.6786879575153888,8.535952574378693e-05
1.7490657131252252,8.525253534093249e-05
1.905383849863561,8.510122922097354e-05
2.0765296521004046,8.494423844545143e-05
2.24744167323289,8.478389312048007e-05
2.219518613284376,8.479234595972561e-05
1.1446946138579688,8.578608892316871e-05
1.3799529148205303,8.553834858772308e-05
1.621105931470958,8.53868938023516e-05
1.7872390755638488,8.526519261429239e-05
1.683781022328141,8.534898799573021e-05
1.5486191508440081,8.545034858359788e-05
1.6059465807048485,8.536426188674787e-05
1.757871095633486,8.522867400363341e-05
1.9224293760996916,8.507969640616722e-05
2.086556679303949,8.492688527699076e-05
1.1842056097721476,8.571330892557605e-05
1.4157522205871416,8.549914714273634e-05
1.6234561836564418,8.536886460167407e-05
1.5659623224476666,8.541657682311992e-05
1.412144749234339,8.558276055712801e-05
1.4452733998826257,8.547629002683799e-05
1.606329660286673,8.534769079352074e-05
1.7648344140557528,8.521661336518101e-05
1.2245625836004148,8.566063347134221e-05
1.4386071042137492,8.547752481578384e-05
1.449233396092123,8.547777475687108e-05
1.292959799978696,8.566491591260479e-05
1.3056191173649128,8.568960891812416e-05
1.4546385397158823,8.546215477861411e-05
1.2566789470585191,8.562459421922926e-05
1.3490665822499714,8.552488582538138e-05
1.2283770133567065,8.570814531558002e-05
1.1807085868568925,8.580816937185273e-05
1.2698259330157229,8.561892352793856e-05
1.2307710567064722,8.56987811768928e-05
1.4374216222271698,8.541005513384585e-05
1.6563246030812229,8.527995296623111e-05
1.8941607557556372,8.514143054993409e-05
2.123962470874578,8.501841900744451e-05
2.159658425877484,8.499133266642852e-05
1.995672359952825,8.51037245217047e-05
1.8590913921721348,8.523166281890836e-05
1.5005924107039095,8.542210659761558e-05
1.7311931652836579,8.52909013152975e-05
1.962514985179564,8.515331419243439e-05
2.0869508726754495,8.506334185207319e-05
1.9414419762634167,8.517341284856293e-05
1.786814957879948,8.530837777981537e-05
1.7455576405597362,8.533604351878239e-05
1.865158703278882,8.520699576051332e-05
2.037063408805519,8.506182213110034e-05
2.210319794982144,8.495287955962649e-05
2.103094426468793,8.501265071546595e-05
1.8730918641778678,8.514248234931809e-05
1.5510736689341207,8.541941325615672e-05
1.7787984634527592,8.528746364823534e-05
1.9587068959970502,8.51625857186738e-05
1.850062231447689,8.524797078124407e-05
1.6786935772764293,8.538327364116868e-05
1.5994831440855917,8.544103168982394e-05
1.71079508632623,8.532477880699479e-05
1.8770090524823215,8.517920635907133e-05
2.05589169162965,8.50362735284759e-05
2.2268602636965147,8.49302616738605e-05
1.5896289381417927,8.540221518831228e-05
1.7907704850186432,8.527123402016852e-05
1.7320137856772835,8.532645508311242e-05
1.549326188084327,8.545332814677216e-05
1.445536872455702,8.559549355584465e-05
1.5466165743824127,8.542864406101547e-05
1.7077619257447294,8.530463777351692e-05
1.881975676650535,8.517110746641908e-05
1.60898899614629,8.538622658911109e-05
1.5994855982548144,8.54060002548083e-05
1.4184828766415467,8.55111162273367e-05
1.297835171705358,8.572265038641949e-05
1.3861825119255649,8.559955756921732e-05
1.5401915451931782,8.541707718978656e-05
1.4663395208911456,8.547107965460959e-05
1.3097174874974276,8.561212315281441e-05
1.1897074272914396,8.575862327984229e-05
1.2378224677080505,8.575254182009824e-05
1.243015634454655,8.566756954275034e-05
1.1799004602854548,8.576236204951795e-05
1.9457888781395707,8.516265669356549e-05
2.119711103344565,8.50543313937981e-05
1.9772759154188844,8.514178059267663e-05
1.7946997229438384,8.528342037243267e-05
1.650834290713612,8.541216625520507e-05
1.964327927094071,8.516101350894341e-05
1.876760245559786,8.522875962402455e-05
1.6857024362941124,8.535968475861536e-05
1.5225355781038044,8.548228210620219e-05
1.4878268265171202,8.554053844157205e-05
1.6217255996503368,8.539478463474012e-05
1.800297894616383,8.526555463194773e-05
1.9873724726424171,8.512976247614558e-05
1.7469168396892352,8.531951749845201e-05
1.5561090268701419,8.54367177902377e-05
1.3848926317765995,8.560308586234177e-05
1.3154252172947678,8.570590256274249e-05
1.447568318669045,8.549279481238773e-05
1.6171582029244742,8.5384366033337e-05
1.4247902212545913,8.549885378059016e-05
1.2667896854649463,8.567834410604862e-05
1.1883500888423804,8.581040818965369e-05
1.2925844815876715,8.570721421740098e-05
1.194749461936479,8.570610653396697e-05
1.136675051560097,8.580069676624599e-05
1.688293033133808,8.535295766988621e-05
1.5029195823987016,8.54663578758266e-05
1.3543806798561402,8.566749190108553e-05
1.3773563066986345,8.554837672172997e-05
1.2336047326414563,8.575640701903768e-05
1.2072419954465614,8.577729965944392e-05
1.3344399932657203,8.56543346892273e-05
1.1568188744480477,8.579497160826835e-05
1.118527539044477,8.585578393415325e-05
1.1310291295849064,8.58345667623297e-05
0.4391502165067586,8.61415276343043e-05
0.8634890562276599,8.604819694162249e-05
1.2603008160449385,8.589369396161323e-05
1.6206585087287404,8.566518010188667e-05
1.9402119043138966,8.531839511366329e-05
2.2186668844655735,8.509586811983609e-05
2.4580959409794723,8.488118308845037e-05
2.660842647899665,8.468243337560228e-05
2.82786138261705,8.450728785011139e-05
2.8057271810614974,8.402960109501066e-05
2.618146047865689,8.415201640470675e-05
2.4617030445252013,8.415572821451973e-05
0.5672711676873875,8.612205320391756e-05
0.8902765214656622,8.604069582349084e-05
1.243028161221916,8.589357110403108e-05
1.5845575502322893,8.56684244780847e-05
1.8971203724294843,8.535917164731335e-05
2.174156271404324,8.512270625737222e-05
2.414506589940112,8.491620628552491e-05
2.617626169835629,8.472208149064238e-05
2.76691111913168,8.45178135777262e-05
2.693502989743397,8.419932754266015e-05
2.5266249177562656,8.422275636395395e-05
2.462439541982106,8.419747868688269e-05
2.508403753744251,8.41975238428277e-05
2.4161571667563253,8.413245533291714e-05
2.5526326386829865,8.419701752777591e-05
2.742719628260591,8.409266851830531e-05
2.730157994926331,8.460614220340562e-05
2.549021678812987,8.47916695346143e-05
2.331085198659313,8.499306518746998e-05
2.076358523930944,8.520505765898599e-05
1.7839475094251946,8.550698835505611e-05
1.4553362286723086,8.577428528476167e-05
1.098102914634091,8.596420462926639e-05
0.7325850687135301,8.608423250692746e-05
1.1203164961499052,8.595367130200362e-05
1.4056273129344405,8.576229081402138e-05
1.697391513793717,8.551575387104663e-05
1.9736646388305472,8.525599280734921e-05
2.2235132320601934,8.506144583537451e-05
2.4413676025871767,8.487460994626757e-05
2.6188371591074726,8.470578524606607e-05
2.7152811776067476,8.454344646836073e-05
2.6437810088170957,8.43924863794847e-05
2.5202129820850443,8.437793818237819e-05
2.5507286012537027,8.438466128849422e-05
2.7092610257011884,8.435081228815527e-05
2.550817166204885,8.422165318835466e-05
2.3742839532288857,8.413581620989429e-05
2.5156615470084245,8.427178897318776e-05
2.7112882140423378,8.413187766601958e-05
2.650304738103444,8.46832794090865e-05
2.4665071301162325,8.486161701805763e-05
2.2477407826667393,8.506082638984774e-05
1.9950963893546214,8.526362412426763e-05
1.711175784950106,8.555817205134861e-05
1.4046090690522033,8.579934904459874e-05
1.6394368296331356,8.555515283499384e-05
1.8869121218584388,8.530083939589741e-05
2.122885728797233,8.512695431718116e-05
2.334755438970966,8.495429962381892e-05
2.5135908043255477,8.479340394070012e-05
2.6432945501419858,8.465690025788984e-05
2.6855397039967825,8.457738735490366e-05
2.6152025344889838,8.454901521089046e-05
2.519335833038731,8.458334037961281e-05
2.5623713105521864,8.459214756730392e-05
2.703960551758148,8.451319843427106e-05
2.8337182574664914,8.442665059953365e-05
2.583307166104575,8.426809169638326e-05
2.3362479781117877,8.412702198522208e-05
2.513231251027411,8.435478828876698e-05
2.7052147038505576,8.41709317765882e-05
2.5936554746170906,8.473248713762442e-05
2.4163078753465874,8.490412059120685e-05
2.20707577160809,8.508836781244124e-05
1.9691712793926617,8.527900750409936e-05
2.093483917300617,8.51458747827935e-05
2.287897319147001,8.498237542006306e-05
2.455624135797751,8.483296219503226e-05
2.5857386875786497,8.470907006262564e-05
2.66174862468082,8.46258954236825e-05
2.6605139977168286,8.460753679904652e-05
2.579272704480304,8.465402264410245e-05
2.4763562316426966,8.47319252827218e-05
2.487586559342784,8.475140039754857e-05
2.612410103716657,8.466003701515494e-05
2.7546201335527964,8.453603316086794e-05
2.838753235499664,8.445609807834604e-05
2.6035279942018814,8.430620594287436e-05
2.3655764128134407,8.483857467058253e-05
2.5300105126352985,8.440990644051587e-05
2.697356411028352,8.461930695882823e-05
2.5640126516070523,8.47583204832237e-05
2.399428376363991,8.491968127269935e-05
2.4374822277642973,8.484504632715906e-05
2.5567465568210475,8.473231847943262e-05
2.6357043331312755,8.464920518150211e-05
2.662645348193584,8.4620918437983e-05
2.625827732813744,8.464147875407445e-05
2.527162154815969,8.4723998670556e-05
2.4025988701543364,8.483722889188628e-05
2.3628240349740923,8.490255641904903e-05
2.468643599015958,8.481545083220785e-05
2.6047216881060593,8.46845453486209e-05
2.742580444079758,8.45516691785653e-05
2.8136173112385197,8.448056764741652e-05
2.613483430328924,8.433216981057801e-05
2.4052635934087765,8.480904180337002e-05
2.5442716135927395,8.442731888098882e-05
2.683518566726569,8.463182848481498e-05
2.6260534224807954,8.465850947441445e-05
2.6564431675965112,8.462067983277041e-05
2.640722704937686,8.4632804201465e-05
2.5728066688608267,8.468879542000921e-05
2.4544128504977136,8.47953585352127e-05
2.306452496863434,8.493391663535014e-05
2.2096116907670864,8.504204242208757e-05
2.287000788211718,8.49804657137527e-05
2.4336163319149033,8.484092028231163e-05
2.608141424903484,8.467480249693839e-05
2.7182735929312667,8.456848937132209e-05
2.7884594968065026,8.449975317604016e-05
2.6171365678503933,8.435688747450013e-05
2.4192098381422995,8.479271059418561e-05
2.6433097430728534,8.462527635270188e-05
2.5912365964116946,8.467630952863636e-05
2.4960941979666074,8.476324464651691e-05
2.3585145806644983,8.488662837914902e-05
2.1903594701041404,8.503555345723699e-05
2.042338887464747,8.516898263753189e-05
2.0767065941999365,8.515110082491681e-05
2.235500261937211,8.500297802329843e-05
2.438593931407992,8.482604473446904e-05
2.587483215149319,8.468740380505143e-05
2.7010465600318367,8.45791924150768e-05
2.778317036114283,8.450351588504767e-05
2.509477054891727,8.474705387961009e-05
2.391858300411329,8.485813148043652e-05
2.2383256696137463,8.49875012656991e-05
2.056040203881697,8.51402198361409e-05
1.8730709623591915,8.528645565067115e-05
1.846519994682116,8.531481870575121e-05
2.0184923315102705,8.516403413679132e-05
2.2029511487085576,8.500874227679314e-05
2.424478158012187,8.483108111535989e-05
2.579072350688643,8.469058435820552e-05
2.257660681086539,8.497355706648932e-05
2.0939326228316757,8.510694247006582e-05
1.9063329655920411,8.52390356471949e-05
1.7109301913658712,8.537348927214209e-05
1.609302684172926,8.546485625960171e-05
1.7884978176848174,8.531818717664213e-05
1.9962246116898597,8.516586372649655e-05
2.233326171992038,8.498603485313142e-05
1.927732350366888,8.522365347134631e-05
1.746342764626404,8.534454529160575e-05
1.5626368098328907,8.544849864258822e-05
1.4091713236410095,8.553691381408805e-05
1.5486770496616005,8.547521444546604e-05
1.7779591725927595,8.531289493905976e-05
1.5851008961361732,8.543316879628353e-05
1.4367365870436488,8.55084530274238e-05
1.3192342262336978,8.555392051582643e-05
1.3033111349816096,8.5701885727705e-05
1.3459764698227898,8.554824373576986e-05
1.3038707269446197,8.55644353976058e-05
1.181570419786412,8.592316606996629e-05
1.4956705907211911,8.571669356678863e-05
1.7986186221639304,8.544464328507266e-05
2.075380397439437,8.519147898716108e-05
2.319900833315241,8.499238964273269e-05
2.5295078901841683,8.480123074074082e-05
2.6943688005915645,8.462574046390009e-05
2.698345409394021,8.430142585624005e-05
2.532214525301322,8.428313200717457e-05
2.445667946867828,8.42243936777783e-05
2.589569110974328,8.42384622527315e-05
1.6679876523814345,8.554691955668221e-05
1.9291674632211429,8.528165620740693e-05
2.171403393818454,8.509656284375142e-05
2.3857238450171905,8.491793813264305e-05
2.5639658107157506,8.475341245346179e-05
2.681072506448442,8.461596786406446e-05
2.664546148411326,8.448392009369202e-05
2.539229171192736,8.445316830718263e-05
2.50401142586424,8.44595923016631e-05
2.6510706553515795,8.44316523698227e-05
2.7952080579147593,8.437708403100304e-05
2.5913339292086923,8.429037650745634e-05
2.402071852433529,8.423842864625543e-05
2.523518697098139,8.434327160874812e-05
2.6857007926724332,8.43904359810655e-05
2.6367304559789706,8.468365014709582e-05
2.47023181096772,8.485075209835036e-05
2.2653333483155182,8.502757976225922e-05
2.029449032074447,8.522247425922451e-05
1.7684524754193138,8.545990609715108e-05
2.107904290975808,8.513840788967207e-05
2.310531603040792,8.496625875926709e-05
2.4834888766004686,8.480997722659468e-05
2.6139669732854767,8.468858298287126e-05
2.6755681741218944,8.460856893549694e-05
2.6369380067571577,8.458923027416463e-05
2.5279657217574423,8.462944341357209e-05
2.4852240315365393,8.467196651673872e-05
2.6030671244585215,8.461465064697583e-05
2.7420925832495993,8.45263506930614e-05
2.7877026768549147,8.440284424040456e-05
2.5843695683215477,8.436740422377542e-05
2.3591315225197023,8.427951014179576e-05
2.5327425870785567,8.440694566415446e-05
2.6751135814494904,8.448949891092859e-05
2.5997207851462028,8.471574027866338e-05
2.4403511738670653,8.487182614372034e-05
2.2475515713126444,8.504273693109708e-05
2.4463928578448755,8.484278251380352e-05
2.5709417644489494,8.472015193774773e-05
2.648986351076002,8.463387058892823e-05
2.6629493341348893,8.461464987511894e-05
2.601372880300573,8.464837366946628e-05
2.485705976577463,8.47347098186263e-05
2.405903698674398,8.48206174437461e-05
2.4862065427467286,8.477694343679959e-05
2.6236166823161367,8.465852691635155e-05
2.7479032076725782,8.454662663622642e-05
2.760982710501517,8.446252736635629e-05
2.571785737647375,8.44442302070831e-05
2.378302061682754,8.470209996314424e-05
2.5481461229076543,8.443387682314699e-05
2.6672686194453177,8.454899039233324e-05
2.5869034693958657,8.472773754320257e-05
2.6308584454944413,8.465338364612618e-05
2.6597904554722915,8.46167382382584e-05
2.633892053301332,8.463073879390077e-05
2.548890523999033,8.471152742947788e-05
2.4177769916544336,8.482501737342265e-05
2.296229691572843,8.494602598641077e-05
2.326665725312208,8.493661656472292e-05
2.4651135646598714,8.480886847957144e-05
2.6247385368621012,8.466321399047669e-05
2.720049139800345,8.456659809167249e-05
2.7315995280909897,8.450530586824706e-05
2.5607020935090388,8.450013813082348e-05
2.40516679059774,8.472754063852855e-05
2.554959195880543,8.445648934378525e-05
2.6420788833063646,8.462828280668607e-05
2.5821209047362395,8.468395137365709e-05
2.4742822262834867,8.478167165853649e-05
2.3258215977334875,8.491356595563337e-05
2.169050311858082,8.505804262355242e-05
2.1374658001338713,8.510106323492466e-05
2.2758881253526084,8.497118557994592e-05
2.430857040384827,8.48265448506628e-05
2.600565687809496,8.467810853331709e-05
2.6945145212659094,8.458537184559788e-05
2.7128976827283,8.452604691901064e-05
2.55652479828109,8.452749259434949e-05
2.5027423689114094,8.475237442883569e-05
2.374507487938008,8.486586186316068e-05
2.2105254454503105,8.50130985635402e-05
2.0291051889607434,8.516030613696012e-05
1.9302631208634748,8.525694902847435e-05
2.0642092499133886,8.513667919773105e-05
2.240804862767926,8.498186746756824e-05
2.4426756111207797,8.481300364997216e-05
2.5842707983554143,8.468530279715057e-05
2.6844550089469306,8.459358180366122e-05
2.247745347230507,8.498138382354739e-05
2.0731916334085105,8.511975088468881e-05
1.8795652463895183,8.526317180297216e-05
1.72288857971933,8.538852655163937e-05
1.837265091769488,8.529100874465832e-05
2.0357546633845294,8.513534336087603e-05
2.2557625865028297,8.496655138935605e-05
2.435463724508392,8.481552980361525e-05
1.9165524668260137,8.523373413273708e-05
1.7249960569546217,8.535662225999588e-05
1.5444596103048909,8.54691155282822e-05
1.600939601209265,8.543385121278554e-05
1.8190439850532527,8.528603920120901e-05
2.0273921135899275,8.513259671480426e-05
1.5731994295481115,8.544084875809021e-05
1.4140919603067261,8.552230559289903e-05
1.3632303999076025,8.562336170012412e-05
1.5915735094702939,8.543024817819285e-05
1.3323735348747567,8.554980442749633e-05
1.2766489009697342,8.557207004409764e-05
2.154971957380947,8.510690837954858e-05
2.3586998529337517,8.493298326063805e-05
2.530490592380289,8.477931176839589e-05
2.6517109993496155,8.464957575916102e-05
2.663425641907729,8.453790490278354e-05
2.5437557128447073,8.45015301614568e-05
2.44211545893237,8.448779415372133e-05
2.5866337192743685,8.450244925199993e-05
2.753470781807313,8.447672298087616e-05
2.473426758915071,8.481664059231084e-05
2.59835972231232,8.470077078065673e-05
2.6647125496789767,8.462108144559457e-05
2.643003382539797,8.459810346286685e-05
2.5362914590137073,8.46341568621868e-05
2.4242731282482985,8.470323624697313e-05
2.501985961171124,8.469607576043223e-05
2.653476392133324,8.460347635799864e-05
2.747339469723301,8.454449521181135e-05
2.6981192565860854,8.453386853534477e-05
2.522998849307518,8.456617823850398e-05
2.4023843181502023,8.454367768748392e-05
2.553822242305127,8.453529892056737e-05
2.660075973074,8.456248908270693e-05
2.635577314754293,8.466472552700545e-05
2.5191776680393856,8.478699726067771e-05
2.6441947702888493,8.464255938617094e-05
2.6614975100116096,8.461583413389974e-05
2.6107416697158294,8.464195271121365e-05
2.4976907639613324,8.472412050007326e-05
2.364626601577859,8.483647257623398e-05
2.3693241679485775,8.485865247981443e-05
2.5129432569747876,8.475012769004697e-05
2.636523183721934,8.464655548340701e-05
2.7047411001202013,8.457977937732501e-05
2.6485678611108887,8.45800578044549e-05
2.473412072096923,8.463361049914492e-05
2.405353813571367,8.462317944664025e-05
2.5623723657494595,8.454966143322737e-05
2.6585748156930107,8.457163571908287e-05
2.635695071905137,8.463319986123996e-05
2.5582182769037627,8.469763895571246e-05
2.431215586232174,8.480661471371255e-05
2.277446863400459,8.49421995772797e-05
2.2090718324254706,8.501746067384071e-05
2.3412769369050124,8.490704998811752e-05
2.4887974865442,8.476855069918501e-05
2.6186606737826277,8.465588280763617e-05
2.6657954192216318,8.460181511869071e-05
2.6143025037365026,8.46107113975583e-05
2.4485172516590685,8.468260818176867e-05
2.4126105389058723,8.464483528869017e-05
2.480552436069434,8.477467673271408e-05
2.337822166921514,8.489788624794276e-05
2.1666358899910927,8.50425795856514e-05
2.035616126964315,8.516440989942111e-05
2.146496947112007,8.506564257912444e-05
2.3152373308769922,8.492099351383692e-05
2.4825946343132674,8.477023009364091e-05
2.592887728678659,8.467576833918325e-05
2.643127334001026,8.462435342906998e-05
2.602142598168749,8.462549956449572e-05
2.2180927632478085,8.500214389104934e-05
2.0348019539374342,8.514831626349654e-05
1.8618203583193544,8.528380617929056e-05
1.9361336066436496,8.521904321612747e-05
2.124563996981994,8.506186093878342e-05
2.2959667898885474,8.492100190609046e-05
2.4685942912230385,8.477539433637071e-05
2.583065758295344,8.467371259521849e-05
1.885643333877462,8.525358087503189e-05
1.6964530009675458,8.538522863809047e-05
1.7174343254956261,8.535985232166661e-05
1.9216982294319733,8.520803014514541e-05
2.1151834428333443,8.506041393597739e-05
2.3096421720075204,8.490733347776384e-05
1.5445586248921719,8.545940216892019e-05
1.4997538621425643,8.548172559775982e-05
1.709508816766304,8.534938312931546e-05
1.9193735279810533,8.520326362242126e-05
1.3114131221921141,8.560734320262751e-05
1.493473282138835,8.547593833726435e-05
2.660485827291901,8.46253719218926e-05
2.644649124228839,8.459944854063014e-05
2.545437773691763,8.464104577862757e-05
2.402147777299131,8.472099296988923e-05
2.410529030982645,8.4751927934898e-05
2.5739406637458506,8.466752640041793e-05
2.6749663312961416,8.460693417751388e-05
2.613381813080859,8.464042432983994e-05
2.505696948331308,8.472030015828649e-05
2.357918026557505,8.483631681935092e-05
2.2751266548935827,8.491111771582816e-05
2.4216743763093187,8.481302918234804e-05
2.554793582429861,8.471271915067094e-05
2.630042111143433,8.464305281998913e-05
2.6170594763790582,8.464909811089001e-05
2.514640634893566,8.470800114993158e-05
2.345343455517921,8.479068274684713e-05
2.404168532597481,8.47310270862103e-05
2.549368305546645,8.464378141113729e-05
2.4363310823426056,8.480179396909584e-05
2.2784510690209414,8.493031464813609e-05
2.136317968318095,8.505272159815579e-05
2.2482008025227027,8.496448483846582e-05
2.4049812811876214,8.483303558174422e-05
2.5201362312052873,8.473276004218927e-05
2.590331501348924,8.467559470250942e-05
2.5784253524224368,8.467894117660244e-05
2.483818709304532,8.473484405866745e-05
2.32202045566424,8.481017068371232e-05
2.16931449314812,8.503402954278249e-05
1.996443877863408,8.517423654437328e-05
2.0606745029794378,8.511184106693686e-05
2.2360008869938053,8.496760741935356e-05
2.3838378016457717,8.484714973647018e-05
2.505186552752757,8.47380287793332e-05
2.567782825307473,8.469038774493518e-05
2.564899381780939,8.46859288650707e-05
1.8495785166037981,8.528383984959241e-05
1.8664908826736923,8.525022302703267e-05
2.0541730076386395,8.510655742903073e-05
2.2261825899065766,8.496990483134557e-05
2.379612705822215,8.484841334079053e-05
2.4962152607656196,8.474585030764208e-05
1.6748032845658087,8.538165191063558e-05
1.8640631634112077,8.524385387024001e-05
2.0522737591815927,8.51078637368762e-05
2.2223184972826875,8.496965698858645e-05
1.6722942753245904,8.536800720117436e-05
1.8653718770012087,8.524203483182438e-05
2.3596106186871446,8.483310945313702e-05
2.2239745585782393,8.493209887273654e-05
2.3629888383261144,8.485335857026367e-05
2.4961683546207913,8.474920473209849e-05
2.5663624931727824,8.469285135353493e-05
2.1167123759350024,8.505866242715932e-05
2.199398528674497,8.498830474620915e-05
2.3533223527729032,8.487140895670413e-05
2.4650267074412286,8.477306391835411e-05
2.52711762962909,8.47185237765417e-05
2.5283510056352285,8.471898338777701e-05
2.4657826058856966,8.47750645854283e-05
2.3434132848469806,8.486940720134625e-05
2.030961717047965,8.512820193908017e-05
2.196181052344951,8.499741912285364e-05
2.3372907342425857,8.487890315797425e-05
2.440829751189393,8.478849517748588e-05
2.5053097673266,8.473352590551937e-05
2.5150037341638347,8.473459861529238e-05
2.03065781386723,8.512295134352023e-05
2.190884363106458,8.499606416158804e-05
2.3267152065840153,8.488546353492905e-05
2.434910267968438,8.479233662536065e-05
2.031125469977363,8.511809905116563e-05
2.1885346027097476,8.499450101668115e-05
2.3360029288374586,8.488124001168029e-05
2.4361119068873753,8.479512739496323e-05
2.487037505028556,8.474787880269584e-05
2.3213609398617594,8.488846364956967e-05
2.412832595065573,8.480458645758121e-05
2.464951525829211,8.476594975812748e-05
2.473889654700856,8.475671622215563e-05
2.3114318932158304,8.48927462234104e-05
2.4042939769320766,8.481471170802531e-05
2.451335936630808,8.47718548477598e-05
3.9164736255480705,8.287242445422242e-05
3.9077325384537196,8.2888570593997e-05
3.8800433264546403,8.292478466783718e-05
3.829775881749627,8.297942635287845e-05
3.7530395153322518,8.307557648111862e-05
3.6477497605888956,8.320141091676596e-05
3.5148537549520946,8.334854614375468e-05
3.3582303972300953,8.352057377740151e-05
3.183578109202545,8.369503480853579e-05
2.997205662306554,8.388069567749295e-05
2.8057271810614974,8.403332207512838e-05
2.618146047865689,8.4144821954459e-05
2.4617030445252013,8.416703884653312e-05
3.937625594414584,8.28602608064771e-05
3.9125552467646423,8.288308666982134e-05
3.8398673969445625,8.297170071808152e-05
3.7403931654133333,8.309354804626912e-05
3.615508726766684,8.324054651166269e-05
3.466495303761294,8.339676814887297e-05
3.2973789848798796,8.358702894073869e-05
3.115474165250575,8.376714217755048e-05
2.9447153339339143,8.396119554220365e-05
2.961420563028473,8.427830938575413e-05
2.8930460843211367,8.396526848187334e-05
2.69666638522328,8.412244360491432e-05
2.5932147968613615,8.421353175174264e-05
2.769320799772915,8.414101222733242e-05
2.907857399832341,8.422402067774422e-05
2.8679770385586294,8.445198823403061e-05
2.937150459164793,8.393243738132579e-05
3.12561638561883,8.375682522276701e-05
3.301821931989541,8.357895129318912e-05
3.4602049242694086,8.341004403926195e-05
3.5962357475245104,8.32568668423993e-05
3.707596736543961,8.312166269101877e-05
3.7948121445272065,8.302540587793449e-05
3.860540186883064,8.294540812188741e-05
3.998859893769143,8.27778652104132e-05
3.979470678897381,8.281066322082874e-05
3.876694560029439,8.293827742563765e-05
3.730980223233764,8.311249486571847e-05
3.5602824501194714,8.330902491914048e-05
3.3751963300791856,8.350646684127799e-05
3.1907072018219873,8.36959800993283e-05
3.0551648346365305,8.387474711448561e-05
3.06660560814322,8.402560080038088e-05
3.146896273679305,8.399281853914626e-05
2.989811852044915,8.390558887010444e-05
2.773840943396174,8.409190473745092e-05
2.8531122899583803,8.431017913443542e-05
2.9203714919935497,8.433390035976207e-05
2.893243283661825,8.44131418486252e-05
2.7958193625018786,8.45316788942242e-05
2.905530778972807,8.39693962574557e-05
3.0926860310479456,8.378668811337538e-05
3.2686106784933955,8.361085426189837e-05
3.429060286568465,8.343853165167025e-05
3.5706919664400014,8.327850447540009e-05
3.6922887684835417,8.314235947265631e-05
4.094286942421499,8.266473647280479e-05
4.07845098738667,8.269005642660432e-05
3.9540453393299715,8.285246858812158e-05
3.7791884703554723,8.307280779479303e-05
3.5909451348217436,8.329752877921829e-05
3.419938091822035,8.347941348342467e-05
3.3152802235830383,8.36217085569238e-05
3.3171024108081895,8.36743676526801e-05
3.385764815131524,8.363061367650635e-05
3.303085943730676,8.362043098905089e-05
3.080953698417907,8.384492663208928e-05
2.838691497705689,8.405760306649373e-05
2.8969761705421786,8.438869891460171e-05
2.897377887167839,8.440675469823264e-05
2.8405630882167254,8.447003228060172e-05
2.736627132475649,8.458905150188429e-05
2.893622438482753,8.399631831534712e-05
3.077288996698273,8.380997985118109e-05
3.2535938732605167,8.362619854630197e-05
3.4189966871505475,8.344816684807678e-05
4.216042452182743,8.251250799562961e-05
4.199382029979312,8.254171361083906e-05
4.066793709044695,8.272830472833169e-05
3.9015531886332337,8.294418817660193e-05
3.757387855969091,8.312498183958222e-05
3.674926060769774,8.323599384459334e-05
3.67300317302903,8.326328304291851e-05
3.7332816434996086,8.319431221290435e-05
3.6213455862904818,8.327993976009723e-05
3.4029003514457203,8.352924450284166e-05
3.155439187404715,8.37854320184219e-05
2.8850610898402844,8.405125415388128e-05
2.872588702640363,8.442431614229223e-05
2.8567680901420474,8.444588726257164e-05
2.7964276781591666,8.451380510084135e-05
2.709841654764576,8.419999971815719e-05
2.89088145613733,8.400398536479981e-05
3.0729662465847336,8.381150493747314e-05
4.35546764293734,8.232561800030117e-05
4.341779321521494,8.235510163783505e-05
4.2327301630927145,8.252592676107176e-05
4.123857295819751,8.268057236326335e-05
4.060760689461986,8.276752674842486e-05
4.059305133155291,8.27820807210652e-05
4.100577407857055,8.269258209820498e-05
3.9311915218823277,8.29127475265813e-05
3.7249960228382997,8.31841075846088e-05
3.4824640831454308,8.345783941078063e-05
3.2081681590652242,8.37526703129338e-05
2.912580900501036,8.404075497104109e-05
2.8401993061717508,8.445323830198908e-05
2.8248657619119766,8.447235563862186e-05
2.7714452636152824,8.453388469331436e-05
2.7128599279927,8.420063030477243e-05
4.5031477724633175,8.212194201157543e-05
4.5058564829609296,8.213151475539005e-05
4.448811380440964,8.222205027607325e-05
4.409893212657407,8.228913703685896e-05
4.414845983979373,8.229022963505885e-05
4.364928468473088,8.233199803948039e-05
4.219536697366776,8.25364642291217e-05
4.033166905175235,8.278935185528282e-05
3.8050327502964842,8.30823950501177e-05
3.5378123281832816,8.340770283062082e-05
3.2397180545893125,8.372375068249317e-05
2.9254659621444503,8.402779783495702e-05
2.819346737992632,8.447081103377335e-05
2.812904370304742,8.44839697784937e-05
4.6488712893161095,8.191079102467539e-05
4.674935809458922,8.188296534513789e-05
4.672938122078023,8.189209907316733e-05
4.6680387297324195,8.189384998930195e-05
4.59196695616021,8.201267948555445e-05
4.474638145380489,8.218679459125281e-05
4.313996163542605,8.242177662760045e-05
4.108240436662681,8.270078670837376e-05
3.8581755264005815,8.30210952559718e-05
3.569455805222358,8.337271432033123e-05
3.2538587627900517,8.371188566803593e-05
2.928981764865525,8.403586245217634e-05
4.782596192995126,8.17134164108748e-05
4.8227926996477954,8.165416149582743e-05
4.819763723249749,8.165683061426714e-05
4.774787963951819,8.172847319490096e-05
4.68764273374918,8.187108032777678e-05
4.556415489972391,8.20719301355886e-05
4.378671642640072,8.233397238554367e-05
4.153602036880698,8.264155077624793e-05
3.8843499223414555,8.300077439326914e-05
3.5796243514097505,8.335965945530723e-05
4.896015579048518,8.153598088809758e-05
4.924610282406176,8.149539818095731e-05
4.910318031643273,8.151475842964509e-05
4.853656728085475,8.161537227520151e-05
4.753243398037884,8.177553241350027e-05
4.606465185250463,8.199881200842289e-05
4.411316174031756,8.228530807880378e-05
4.168706055839292,8.262540327620457e-05
4.983605481795957,8.140172929142158e-05
4.9988584124855056,8.137372756003599e-05
4.9717335734639265,8.142259707169698e-05
4.901697940502858,8.154168353146935e-05
4.786435833053558,8.171927338038081e-05
4.623265783170021,8.196916123805425e-05
5.042601543805529,8.130528609816207e-05
5.043683717841082,8.129742249173404e-05
5.002611201691493,8.137422193966585e-05
4.9177924204610495,8.151484635567451e-05
5.072134750440063,8.125694241546943e-05
5.058632850392159,8.127984972917215e-05
3.859254203802035,8.29483772614279e-05
3.7614302196362863,8.307310428891269e-05
3.637611361530823,8.320971245109173e-05
3.490452494682911,8.336688535269087e-05
3.3233407020703,8.355243509053272e-05
3.1422859464990927,8.374413178527937e-05
2.961969671455382,8.391823056228406e-05
2.901039806859068,8.426205581329584e-05
2.965306728851419,8.425230993193583e-05
2.9343472360957747,8.415728674700841e-05
2.784971535059623,8.418914156235155e-05
3.923339504539528,8.287511336120555e-05
3.798911468156985,8.303652861507941e-05
3.640502199396013,8.321903233614363e-05
3.4623238065479223,8.341659178444606e-05
3.27887494842131,8.361246175786167e-05
3.121603887376706,8.378366468166476e-05
3.068670960248174,8.394333325003589e-05
3.1065736510581803,8.39767212865963e-05
3.1119252169210516,8.394321928848316e-05
3.007717935424542,8.397434783530031e-05
2.8422627945723216,8.407771149110667e-05
2.928170365909302,8.42549690112147e-05
2.9557933646774077,8.427370386252597e-05
2.914575422290117,8.43204798286938e-05
2.8477952384364675,8.425703581988848e-05
2.9518306134958454,8.392875109665388e-05
3.133866342840492,8.374932459029053e-05
3.3135370886181206,8.356090746347845e-05
3.4811409819485744,8.33857030565767e-05
3.6319111253848235,8.321370822988002e-05
4.019786631334841,8.276877317150355e-05
3.8795621644560363,8.294695490422817e-05
3.7095784240784306,8.315783187488098e-05
3.5413552524982093,8.334568154446086e-05
3.413174078360354,8.350614194239203e-05
3.364957881449238,8.358833387259006e-05
3.380310699372621,8.359949449624144e-05
3.383812717684074,8.35894210998987e-05
3.2951688988612275,8.365993834006401e-05
3.118861388284676,8.380656603653342e-05
2.9505499079927295,8.405363282702402e-05
2.941339735576858,8.425866292059211e-05
2.9249678039894738,8.430698841681117e-05
2.8690636625663917,8.436255925812073e-05
2.8170447750084313,8.421597699423273e-05
2.947343165072546,8.393476777106615e-05
3.128312131354779,8.376218646941173e-05
3.3089022372527275,8.356500737222234e-05
4.142931536692935,8.261955881732464e-05
4.011154434869455,8.279978739031523e-05
3.8743698140151346,8.298245210300511e-05
3.7724110496813856,8.311805138362839e-05
3.727725996436309,8.317717346292418e-05
3.726740746169549,8.318097889853868e-05
3.7127204673311485,8.319434158479382e-05
3.6156870232747815,8.330458498384075e-05
3.4348672870333896,8.349621359008494e-05
3.2082490543396993,8.373706237335041e-05
2.9981432202030667,8.400994598160342e-05
2.9279093358871373,8.42534254265033e-05
2.8939082823520956,8.433319590950563e-05
2.838044836847962,8.437814937630348e-05
2.8058079410542707,8.419544325486292e-05
2.9465105412131125,8.39365445373825e-05
4.300468571112237,8.241696606421723e-05
4.207066910758624,8.255992644145997e-05
4.130299507535796,8.266744501567194e-05
4.090335597874709,8.272248319470324e-05
4.076478398740297,8.274026483690852e-05
4.042277141019241,8.278426867749698e-05
3.9357805143424187,8.291395430778454e-05
3.7564234900139635,8.314035891841259e-05
3.525281599555871,8.341079435687024e-05
3.263474313986825,8.369319480513356e-05
3.019639590817135,8.39832376884503e-05
2.9135370476949025,8.42570055441148e-05
2.8753346267467697,8.434262052704049e-05
2.827048922097357,8.438672258778213e-05
4.486229786632383,8.216840791074322e-05
4.437843244594126,8.223712037929435e-05
4.406229660036462,8.229088602308449e-05
4.385564504760581,8.231602425982454e-05
4.339728869502312,8.237836783739383e-05
4.233608967350436,8.252872031133489e-05
4.0647070063041255,8.275749384862991e-05
3.842852389282536,8.303955678765201e-05
3.5795994770836947,8.335497284827666e-05
3.292228407836892,8.36664367215181e-05
3.027559855391082,8.398084261095825e-05
2.9077386304560586,8.425206747031996e-05
4.669475631488235,8.189566633962826e-05
4.651415131208173,8.192512212336102e-05
4.633155650643609,8.195438462367531e-05
4.589044675644463,8.20154376031897e-05
4.494294936317225,8.215798169907268e-05
4.3439203661258325,8.238081104493537e-05
4.141018228488217,8.265105553093844e-05
3.8914057050110102,8.298215048226101e-05
3.604950862123698,8.333024465030075e-05
3.3009979200040784,8.366289197158569e-05
4.823069853657246,8.165694778657427e-05
4.815437747065514,8.166981613847514e-05
4.784054809851376,8.172624248325483e-05
4.70855268683458,8.184478457627217e-05
4.5822489235040305,8.203429399067025e-05
4.404577058769372,8.23005334208537e-05
4.1775810718182536,8.261170241509351e-05
3.9070023833212972,8.296974737963573e-05
4.936877773532361,8.14778721182806e-05
4.924199056272666,8.14999216884092e-05
4.872219631182846,8.157989253342461e-05
4.772764560315215,8.174350605383785e-05
4.623574056745493,8.197927649819623e-05
4.424250592806122,8.226709015121049e-05
5.010674309418414,8.13595696151423e-05
4.985033343551005,8.140278521713104e-05
4.913250606300739,8.152589754857115e-05
4.793271724070639,8.171796504209077e-05
5.046763754327972,8.130354923788018e-05
5.004561729871203,8.136987748533091e-05
3.6471235431836084,8.32105268106875e-05
3.473732930502628,8.339419327922583e-05
3.2936956859051456,8.360083346006216e-05
3.130164244483879,8.376582868930544e-05
3.045619095163995,8.393686569577784e-05
3.0664309133114847,8.400149137130356e-05
3.1011546034994373,8.398198392771176e-05
3.0957805856487437,8.395525941265082e-05
3.0436254025721685,8.389971415377669e-05
3.724310235329363,8.313988919038517e-05
3.562052413833146,8.331984328084176e-05
3.4271794411974876,8.348426231611588e-05
3.356371620283527,8.358715992987628e-05
3.3530936682587056,8.361968611126977e-05
3.3740969163801964,8.361097339104445e-05
3.3728425764849534,8.359706436986855e-05
3.319384333001956,8.36253756158943e-05
3.2240364209619523,8.370834437263304e-05
3.151043230792002,8.38262126454139e-05
3.116619297798517,8.393023045254289e-05
3.0807823633470206,8.399867159240745e-05
3.037417069044996,8.402128536763119e-05
3.0305746447175013,8.392315748392449e-05
3.1301248568185627,8.377194196605096e-05
3.295110079968909,8.359229201202034e-05
3.8864337332367094,8.296335921695028e-05
3.7799214775444754,8.31010618793177e-05
3.7188678110925784,8.317996331254029e-05
3.704000609914657,8.320792274699167e-05
3.71017823449556,8.320408125281238e-05
3.6985043690254162,8.32142147309317e-05
3.6324927539412544,8.328642310022662e-05
3.5031489354370686,8.342814134055565e-05
3.3413827897149964,8.360150847139779e-05
3.2021843661064144,8.378134202910635e-05
3.1190420211873375,8.392160530289326e-05
3.0646905444594785,8.40112011025892e-05
3.0222102137114724,8.402772210171211e-05
3.025799019213394,8.392727459627451e-05
4.129556363768469,8.266413637973374e-05
4.077353286194868,8.273395055400202e-05
4.056613947208462,8.276962608133237e-05
4.050708130622471,8.277546640697934e-05
4.027082730010719,8.281000366515604e-05
3.951128541702014,8.29031182308031e-05
3.8097059452707667,8.30799964137904e-05
3.6174702891585993,8.330605867126433e-05
3.4053104283827635,8.35427507793511e-05
3.225057054555661,8.375460568431521e-05
3.1173672448620278,8.391908275568748e-05
3.0586576967641084,8.401331433691466e-05
4.394983918180136,8.230023351232583e-05
4.372082766460867,8.233830136785965e-05
4.359074679637993,8.235271796680988e-05
4.32867578311305,8.240472939473528e-05
4.2502395098048495,8.25091400428189e-05
4.1096738338266485,8.270790153285859e-05
3.9133836339194903,8.296245815049165e-05
3.6778485863841333,8.3243326854963e-05
3.4332940467871236,8.351050030131488e-05
3.231488276622886,8.375145121360343e-05
4.62871770259071,8.196251701467783e-05
4.614015436863414,8.198591035355995e-05
4.5841492287499,8.20334771540585e-05
4.5114783925932365,8.21402847622562e-05
4.381311456554368,8.233480997886531e-05
4.1943907765836554,8.259058393954225e-05
3.960802540960089,8.289675272991343e-05
3.6966950287872713,8.322880659238844e-05
4.804725823620713,8.168979859705789e-05
4.782611389109093,8.17317636707045e-05
4.722988785018149,8.182677584779259e-05
4.6099931808317285,8.199700119567994e-05
4.441196473723932,8.225415509057816e-05
4.2214941615189066,8.255889500116375e-05
4.917933183458918,8.151674287331433e-05
4.878218309903483,8.158352936372459e-05
4.787160861805264,8.173127326694096e-05
4.640787386404324,8.195223242878584e-05
4.972456558666162,8.142818997325721e-05
4.908617717315795,8.152669792618185e-05
3.4278507710713946,8.34813302668484e-05
3.348171402164682,8.358823979690313e-05
3.3351515012703814,8.363593732178698e-05
3.3617265665973903,8.361623720894341e-05
3.3975505474280685,8.357537691920773e-05
3.4251568174201052,8.352865185061726e-05
3.4377440651509072,8.35011282947592e-05
3.713778298618156,8.319087294107508e-05
3.691874839899098,8.32284307716866e-05
3.703579961808516,8.321795618281703e-05
3.7275499790269966,8.31868233646115e-05
3.7393932903988527,8.317105892948303e-05
3.7168443772165363,8.319315513640339e-05
3.653038691023913,8.325979407174577e-05
3.5645976833450486,8.336978794839832e-05
3.4766688139913615,8.347397528507613e-05
3.4053834327551593,8.356675206613748e-05
3.354180683787628,8.36290531891893e-05
3.3289860409017793,8.363987283245811e-05
4.049746024667535,8.277539594901697e-05
4.049254832724419,8.277806411027594e-05
4.060178557975935,8.276794215932147e-05
4.057681824355479,8.277622020338817e-05
4.015078777188601,8.283366639681731e-05
3.9188485181018438,8.295435844916954e-05
3.7810868339110355,8.311893233217626e-05
3.6289808234599445,8.32950805030674e-05
3.4978548372410487,8.346097810587943e-05
3.4070535919955702,8.356698990230659e-05
4.361152719575011,8.235360840837566e-05
4.361785815656938,8.235917325524854e-05
4.350190171658225,8.238506536197431e-05
4.298729095119461,8.245788115446805e-05
4.190732353526527,8.260722507066136e-05
4.031041306558123,8.281729617313889e-05
3.8390282525071107,8.305550577023733e-05
3.6486031589430508,8.327791336966843e-05
4.608653147140476,8.200093698313668e-05
4.594635685344568,8.202510209016285e-05
4.543788499660749,8.210620716244998e-05
4.437002615241056,8.226761587739009e-05
4.273652922398603,8.24951655978066e-05
4.066180259048942,8.277201944332702e-05
4.774593487752207,8.174660383698684e-05
4.733496945572408,8.181784757410918e-05
4.637234586525177,8.196815831786367e-05
4.481330527976932,8.219957548856959e-05
4.8561113397586935,8.16235750610664e-05
4.778517699564299,8.174798191776602e-05
3.7008768790296913,8.321434961882713e-05
3.737446932078651,8.31724641327196e-05
3.789661685258876,8.311365535293128e-05
3.8419646994043424,8.30457368591283e-05
3.8750031026745435,8.301013118069414e-05
4.068718056236268,8.275721114705804e-05
4.102412602815705,8.271826498406386e-05
4.1303038858882815,8.268068559607198e-05
4.1288421225388054,8.269138965301675e-05
4.083638577503224,8.27488859089057e-05
3.9996040242971183,8.285608825695853e-05
3.897752296437247,8.298366647107741e-05
3.804436711851506,8.309737353722339e-05
4.380453945636484,8.233885530042515e-05
4.393162092236706,8.233045235680407e-05
4.373322371791478,8.236263286342735e-05
4.302706350090988,8.245888402218261e-05
4.184529436042068,8.262251550892786e-05
4.0388919790416535,8.280795653796465e-05
4.601457432261856,8.202900482200544e-05
4.576156679183899,8.206427871212886e-05
4.496361334070155,8.21897080570002e-05
4.360222487580528,8.23842698490677e-05
4.714174801776763,8.185921497349689e-05
4.637421369174841,8.197960567558343e-05
4.166471284888965,8.263923934628402e-05
4.232478588465719,8.255514184905333e-05
4.274673520978223,8.250160462259243e-05
4.436476780041476,8.227529461922632e-05
4.452216502039965,8.22587325787693e-05
4.419502002952198,8.23064278082305e-05
4.339194272823114,8.241458150922207e-05
4.579592522461564,8.207194424945987e-05
4.528325030854732,8.214741157133466e-05
4.503825708858912,8.218240233119061e-05
3.9164736255480705,8.287904320262308e-05
3.9077325384537196,8.289122758413665e-05
3.8800433264546403,8.292306592272693e-05
3.829775881749627,8.298666026623694e-05
3.7530395153322518,8.307569481559967e-05
3.6477497605888956,8.31989520181834e-05
3.5148537549520946,8.334980262791464e-05
3.3582303972300953,8.352051807457498e-05
3.183578109202545,8.36929408822328e-05
2.997205662306554,8.387534225726554e-05
2.957944935789683,8.436286295168863e-05
3.0479930614360002,8.425976409156256e-05
3.0942850496203436,8.420393669085752e-05
3.937625594414584,8.285147081423479e-05
3.9486501554633966,8.284468449036633e-05
3.9368341694037197,8.285630090046707e-05
3.8974741540756,8.290905872037039e-05
3.8272288312939104,8.299938102733812e-05
3.7256415409635357,8.31217407526755e-05
3.59544498141511,8.326325951029005e-05
3.4416447809187507,8.34410703303809e-05
3.2699908271880536,8.362709529038072e-05
3.0856911012708816,8.380273520379996e-05
3.052706245681284,8.421762273829787e-05
3.1106122507109712,8.415299953123208e-05
3.1272471444615295,8.412666047501367e-05
3.1082060141827057,8.412147578917648e-05
3.0898336084113693,8.397108913647232e-05
3.2063815620684477,8.368881650488793e-05
3.3759221609718044,8.350583368645473e-05
3.540878941542271,8.333893127535313e-05
3.6887394509145506,8.315654463449449e-05
3.8114908377181034,8.301872751062391e-05
3.902922105763558,8.290766443247436e-05
3.959246031081441,8.28322054457394e-05
3.978860962676594,8.280638453511128e-05
3.958845403075591,8.282266724530973e-05
3.998859893769143,8.278363852121924e-05
4.026492456157778,8.274672156102343e-05
4.026314143734187,8.275280812740669e-05
3.994008125357161,8.278861458845545e-05
3.927819706638268,8.288275886174534e-05
3.8291472977103362,8.300040380670849e-05
3.7018720287339115,8.315764274571438e-05
3.5508220049640378,8.332624145284582e-05
3.3801780612345973,8.35190149747737e-05
3.1926395274508566,8.370877078893386e-05
3.2175307478038984,8.391664507920328e-05
3.265632096916529,8.383199131532611e-05
3.3140466008867375,8.371907561493795e-05
3.394272180008845,8.356334729469462e-05
3.520981094528728,8.339942103129957e-05
3.670460851066673,8.320686497905315e-05
3.8195632257697567,8.302367044003947e-05
3.953392450739321,8.285610991504893e-05
4.058954987505841,8.272398245907254e-05
4.122837798592337,8.263891889607938e-05
4.13274641770132,8.262221647510783e-05
4.0821357680939245,8.267778861352006e-05
4.094286942421499,8.266558570123463e-05
4.134557314474808,8.261389955301018e-05
4.1421892826017395,8.260766589686557e-05
4.114257362497543,8.264593504521523e-05
4.050810483166374,8.273293563590284e-05
3.95445634742121,8.285902904862161e-05
3.828967072244328,8.302034138108252e-05
3.677622404928308,8.319339504295474e-05
3.5021796261294087,8.34028324849777e-05
3.472514037596311,8.353622811008476e-05
3.5606313400364207,8.342008199964079e-05
3.6557470020426184,8.328285909550337e-05
3.7691154585142206,8.312562929595295e-05
3.895246002379358,8.296978043713583e-05
4.028166423975978,8.278713917989716e-05
4.156902243541212,8.261379970775091e-05
4.266991363339987,8.246033510733977e-05
4.338639030564699,8.235372271634078e-05
4.347109124537447,8.234011264200689e-05
4.275300198341296,8.243305768676231e-05
4.216042452182743,8.251216500984124e-05
4.264904108331765,8.243838936823995e-05
4.277132378905324,8.243313888768284e-05
4.251487855924936,8.24668104407942e-05
4.189327645632599,8.255296980285066e-05
4.093409109008932,8.268648387524131e-05
3.966262282846231,8.285262230137449e-05
3.8090075160847,8.305240859574241e-05
3.8264379871985885,8.30849034983592e-05
3.9334917262044073,8.294549318944833e-05
4.045081064370009,8.279853970582306e-05
4.166513516653115,8.263101461159893e-05
4.288154902770864,8.245560737230792e-05
4.406203060470823,8.228527521270467e-05
4.51197104876183,8.212675067823159e-05
4.587781607692141,8.200813539351014e-05
4.602164880758548,8.197884600177156e-05
4.521062817857789,8.209960579440315e-05
4.35546764293734,8.232688480746346e-05
4.408811968086721,8.225139674935031e-05
4.422485416473136,8.224074189341412e-05
4.396696923522777,8.227442301047983e-05
4.333328833846185,8.236527849214847e-05
4.234368580471275,8.25032063254741e-05
4.112757300102562,8.271113940671733e-05
4.203553576530717,8.25908227563204e-05
4.3144444632285595,8.243631725402971e-05
4.432788851249446,8.227075828708371e-05
4.552182250190396,8.209127294804878e-05
4.667046229958002,8.192185656431865e-05
4.770366415224257,8.175590640325167e-05
4.8495923564727486,8.162200934853784e-05
4.874716638549805,8.157759878724137e-05
4.796530376967061,8.169102925298446e-05
4.5031477724633175,8.212353785489529e-05
4.556530624249772,8.205003975433638e-05
4.568130333065732,8.203502412376152e-05
4.539114112615943,8.207776062579115e-05
4.471149838267382,8.217933212902509e-05
4.465463361066213,8.222130025619409e-05
4.552186800430218,8.209396887402203e-05
4.6613760374906095,8.193371552803677e-05
4.7798084716175655,8.175378646329233e-05
4.899879483869574,8.156015364177062e-05
5.008458960145793,8.138514997534655e-05
5.097198480427472,8.123851612802093e-05
5.140062104024926,8.115743068485052e-05
5.076287077440539,8.125031625042936e-05
4.6488712893161095,8.1910951516213e-05
4.697699389236931,8.184499660169347e-05
4.703578725623491,8.183248527791765e-05
4.692586797704211,8.187283346716194e-05
4.7469558753772265,8.179438042232676e-05
4.833279590735459,8.16603758904429e-05
4.941875063675009,8.149337882712337e-05
5.060783609814224,8.130167734646658e-05
5.187060468001645,8.109596486494857e-05
5.295670788505836,8.090926049967167e-05
5.3722886035892,8.07599061941932e-05
5.339884833837677,8.081140829785033e-05
4.782596192995126,8.171273242977036e-05
4.825075237771191,8.165336828077294e-05
4.863704894248561,8.15918638650883e-05
4.925255055686279,8.150607910771544e-05
5.014329340883706,8.136818081204598e-05
5.125089305133812,8.118814702354405e-05
5.247100062818137,8.09862810337654e-05
5.369372124271129,8.07800496642035e-05
5.506107368895904,8.054048923085289e-05
5.5768142998998895,8.039639345340397e-05
4.896015579048518,8.153918120906176e-05
4.943376283126427,8.146769970601646e-05
5.003357412374574,8.137199011715697e-05
5.08785193769016,8.124089379399455e-05
5.194733479005301,8.106358435038333e-05
5.314087687633062,8.086767598498873e-05
5.431180711956143,8.067069335278254e-05
5.542934048149754,8.047647678657406e-05
4.983605481795957,8.14007148337849e-05
5.026815756000311,8.133542915757614e-05
5.091750218387374,8.123178116027066e-05
5.180344697586313,8.108606013940443e-05
5.283142025441973,8.091793635525162e-05
5.380170497497917,8.075512469017943e-05
5.042601543805529,8.130778475864194e-05
5.076064384661066,8.125249799173087e-05
5.134126178506799,8.115763694154686e-05
5.209867565515744,8.103462273663859e-05
5.072134750440063,8.125905332556044e-05
5.092313630069019,8.122447362426332e-05
4.02025790662838,8.275715506302977e-05
4.055689432059537,8.271661300156117e-05
4.042348081152026,8.273662330309859e-05
3.9852501105430638,8.280414877105402e-05
3.8903066191712043,8.292539919807473e-05
3.7649168810872817,8.307957697309052e-05
3.6175411528970107,8.325657196678791e-05
3.458301617361313,8.343466701845699e-05
3.30723844580159,8.362507545385123e-05
3.2230190739178197,8.383640422275407e-05
3.2152543164556686,8.392367243310818e-05
4.115915056722811,8.263653592982499e-05
4.162733987825139,8.258714154716468e-05
4.153509583774255,8.259968527320752e-05
4.097262652843193,8.266882068985127e-05
4.0037472969728825,8.279786550524096e-05
3.8823280991134372,8.295238973775212e-05
3.7425831915429586,8.312285623212414e-05
3.5986855956902826,8.330166432734069e-05
3.4859029249022244,8.34606203390267e-05
3.4536400804866116,8.355257911791179e-05
3.4804770273147305,8.351145085077718e-05
3.551516393206099,8.339486121858512e-05
3.6576692181495027,8.324697004358317e-05
3.7894643347209915,8.307888542387396e-05
3.9284700089610936,8.290388130668528e-05
4.058677648876657,8.273184248388046e-05
4.1653751418240565,8.25881538130422e-05
4.231843296045577,8.24925217021547e-05
4.23995713122751,8.24762372225624e-05
4.17837914950574,8.256634051161609e-05
4.23788897003781,8.24823642330778e-05
4.2919477289943355,8.241731521479835e-05
4.285203617858288,8.242680407967903e-05
4.231467777915098,8.250118050983855e-05
4.142887899590639,8.262588760212826e-05
4.030256185674554,8.277062564069512e-05
3.9081491360665597,8.294177132949933e-05
3.810523751804999,8.307605208533518e-05
3.7919593972145464,8.312416815422528e-05
3.84508836981043,8.306020498094958e-05
3.9364918271211287,8.293381346229874e-05
4.048025779366534,8.278042245322354e-05
4.168221809417891,8.261571225553302e-05
4.287657349404671,8.244370219801178e-05
4.393304282854413,8.228983123995294e-05
4.465458003910828,8.218397127066651e-05
4.475511793018054,8.216249448678716e-05
4.398230199962832,8.226507921571137e-05
4.37747273004531,8.22948185072243e-05
4.435453841884192,8.221498035798058e-05
4.4313612950718895,8.223329695042512e-05
4.3827536040571085,8.230312403575742e-05
4.304113598097807,8.241598455430575e-05
4.21325098748092,8.255256324383501e-05
4.147670383081245,8.265491989792918e-05
4.156680072789952,8.26496236702054e-05
4.228802118829593,8.255018341494804e-05
4.328060765441108,8.241333821077609e-05
4.4387515657275936,8.22490607370993e-05
4.548680215963447,8.209104155672319e-05
4.648867962977799,8.193510000479524e-05
4.723374928332628,8.181039319794223e-05
4.740884217748984,8.178066388881138e-05
4.65991912359225,8.189736568988935e-05
4.525246027283424,8.20949920756504e-05
4.584840460949439,8.200562381294486e-05
4.58545914555127,8.201031917102271e-05
4.548103790182107,8.207186171262314e-05
4.496145725277199,8.215210857968075e-05
4.469346563424119,8.220284522310555e-05
4.504976341801687,8.21595613892987e-05
4.589310217709265,8.204301130467181e-05
4.694257393029165,8.188017867043004e-05
4.80191760945268,8.171279990932533e-05
4.90196711766656,8.155157302145173e-05
4.981437277400579,8.141925978492247e-05
5.01167981851788,8.135863764416344e-05
4.938705028250901,8.147420857903984e-05
4.6710499778613555,8.187989395718239e-05
4.731073633310297,8.179345236932582e-05
4.742525522198212,8.178336843523896e-05
4.734661334276914,8.18034446846588e-05
4.746376139173069,8.17928164054831e-05
4.804107904554159,8.17052721443483e-05
4.897398294912408,8.156471640199576e-05
5.005444665791248,8.139180078637587e-05
5.117064978691873,8.120867890029075e-05
5.210034827811636,8.104801521163519e-05
5.26351022660595,8.094868192144161e-05
5.210715482573658,8.102512207134818e-05
4.80492207598949,8.168126761995494e-05
4.8656722530635035,8.158667822432318e-05
4.900430615155809,8.15400719569518e-05
4.945523735308774,8.147001816331453e-05
5.02236061443891,8.135593107006325e-05
5.125294880799156,8.119097909111377e-05
5.239504307215407,8.100152541259374e-05
5.364275780866548,8.079301110768503e-05
5.462203922393255,8.061790739572364e-05
5.460233232465352,8.060380235107794e-05
4.9185997546000255,8.149945811371176e-05
4.981011221209472,8.140387262893743e-05
5.045766898482762,8.130837312463934e-05
5.134323540185529,8.116447985124302e-05
5.2445676148284495,8.098784983921938e-05
5.364183911858748,8.078615758669412e-05
5.49825567304609,8.055687154774827e-05
5.604760263836265,8.03739736973721e-05
5.006528429784682,8.136473046526095e-05
5.0690832265612285,8.126216081557785e-05
5.151611729963393,8.113383118595994e-05
5.255332797883405,8.096579289634891e-05
5.366645071166325,8.077859130511662e-05
5.46185820602587,8.061516356064758e-05
5.065848727018969,8.126983557234441e-05
5.123465900841032,8.118013267714902e-05
5.204908915010179,8.104374940907735e-05
5.295606623598978,8.089841380453382e-05
5.095580415783033,8.122043385985792e-05
5.1416857247684264,8.114740474532864e-05
4.300867886089807,8.240609652499845e-05
4.369030360863649,8.231183726484749e-05
4.361525248775657,8.232701702450942e-05
4.296605847220859,8.241849603061857e-05
4.196341979580326,8.256210011146798e-05
4.07891568639796,8.272000729624535e-05
3.9613141859049428,8.28873456496212e-05
3.8638015247233763,8.302119212545665e-05
3.807352748718836,8.30999156511886e-05
4.440745081657433,8.22097605421908e-05
4.512147495889489,8.211156734788307e-05
4.506754552924512,8.212519727186147e-05
4.44889903980052,8.221368922280725e-05
4.362965868390944,8.234016631682808e-05
4.270459359099257,8.247720199614299e-05
4.1957593563055005,8.258997296045755e-05
4.164436134026013,8.263813170032289e-05
4.186278803514557,8.260715971221953e-05
4.253897625692939,8.25139731542102e-05
4.34610364408587,8.238014868161237e-05
4.446887521855067,8.223082822959705e-05
4.54060073755908,8.208639649014734e-05
4.607319441449762,8.198208390578307e-05
4.617243998334746,8.196207769927067e-05
4.538056997526179,8.207134435273057e-05
4.588577430154084,8.200069003848162e-05
4.661209123744042,8.189612776689989e-05
4.661684467037927,8.190619000480922e-05
4.618321601440333,8.197688538339651e-05
4.559370174434552,8.2069986731729e-05
4.513979846749306,8.214071887975113e-05
4.509051239922349,8.215973619507246e-05
4.551107930451284,8.209301915122369e-05
4.625018516769556,8.19831968973892e-05
4.713126067786304,8.184544497478884e-05
4.799830702993782,8.170648401099877e-05
4.867176055599648,8.159754349419533e-05
4.884205255721716,8.156020162196104e-05
4.805432041849695,8.167602118202831e-05
4.734379006140264,8.178747765014884e-05
4.80744559538687,8.167630328353374e-05
4.819958546407137,8.166365545881854e-05
4.803616512075813,8.169970678090034e-05
4.792243091349491,8.172102919190252e-05
4.813438135501352,8.16922680024426e-05
4.872491730431303,8.160313511904785e-05
4.955514085255684,8.14709755899123e-05
5.040922666057336,8.133134060697017e-05
5.1141241184280695,8.120576148089602e-05
5.1453540997841465,8.114695598125142e-05
5.078077401846084,8.124413499228057e-05
4.868446134327213,8.157962240995126e-05
4.942308546035761,8.146869635326689e-05
4.97610242758138,8.142332844280236e-05
5.003430647521638,8.138331730845217e-05
5.052110685598901,8.131026238816219e-05
5.128486461027911,8.11843510724138e-05
5.226554085946741,8.10238257157243e-05
5.3156070937198265,8.086715239743492e-05
5.376421583714795,8.07590829304331e-05
5.335544651483221,8.081596390941308e-05
4.9826707759560245,8.140075291793273e-05
5.058258594360379,8.128215015224478e-05
5.1211265714592935,8.118602486819365e-05
5.196702887735911,8.106506847340031e-05
5.291955074443841,8.090880970163112e-05
5.398144025967778,8.072990179778905e-05
5.518886221671146,8.051486244573295e-05
5.566585933735587,8.041632676079003e-05
5.071426818112344,8.125546250832578e-05
5.148125725822314,8.113332482515592e-05
5.235249809107663,8.099221378872742e-05
5.339113925490526,8.082545421818046e-05
5.448504178427141,8.06358707703194e-05
5.555506085442644,8.045347661116988e-05
5.131585987629131,8.11617164162054e-05
5.205057678727036,8.104389979702486e-05
5.29709561040147,8.088961894686569e-05
5.391389184605467,8.073413478302001e-05
5.161844200733678,8.111761404847574e-05
5.2244463285987495,8.100918180367096e-05
4.685348535934653,8.185211986659961e-05
4.764481354034393,8.175455850905452e-05
4.758717202854798,8.176014844481882e-05
4.704344625364583,8.185016340258734e-05
4.632303831106489,8.19640708427772e-05
4.56604990421302,8.207186918956198e-05
4.526058949352452,8.213000611828341e-05
4.8304524275799015,8.164166495896289e-05
4.909016441828525,8.152591421223538e-05
4.913304677601105,8.152166057683147e-05
4.881079785273222,8.15792374643902e-05
4.845805541531478,8.164065547239122e-05
4.832804058047192,8.165770435386791e-05
4.853996799227028,8.163296408933977e-05
4.900856849600452,8.155465899554852e-05
4.961350577131563,8.145755838976534e-05
5.013516372659744,8.1365806890785e-05
5.024754156768916,8.133903551142842e-05
4.948486926602644,8.1455528106082e-05
4.9641477777775345,8.143452246207453e-05
5.042896965619347,8.131040988600878e-05
5.065657540552031,8.127312477891302e-05
5.0694876376800755,8.127219459026138e-05
5.085619030444217,8.125482883581417e-05
5.1276782547198465,8.118818499670759e-05
5.186921608496895,8.108665075701066e-05
5.243887087390381,8.098609616479881e-05
5.269885699879709,8.093322150463493e-05
5.20711598663421,8.103771744221479e-05
5.078637181611927,8.124936681472121e-05
5.159140205997029,8.111551173926404e-05
5.209755179844229,8.103565911474529e-05
5.260596890598005,8.095982164349483e-05
5.327519400351063,8.084723083327819e-05
5.410749231150808,8.070378646262147e-05
5.473509999888507,8.058899741337244e-05
5.4448652964139255,8.063395847187821e-05
5.168229546388558,8.11035984520526e-05
5.250974950921815,8.096455487626613e-05
5.330984431053743,8.083258933662098e-05
5.4219245262546725,8.067910709875321e-05
5.532116273935402,8.048891519903725e-05
5.633253614143063,8.031406091256196e-05
5.229396959286731,8.100017730461503e-05
5.310720351009101,8.086623744138224e-05
5.402818333435113,8.070790154259493e-05
5.492276624496134,8.055818197072866e-05
5.260329607378126,8.09480711528409e-05
5.33144760217758,8.083063721308865e-05
5.080596775257196,8.124243210673271e-05
5.155563930763778,8.112579315692929e-05
5.157874949664239,8.11289669636932e-05
5.132870536724122,8.117481555055709e-05
5.113712714041022,8.120771326156297e-05
5.1944583908270126,8.10601112700395e-05
5.270654781128114,8.092874972007294e-05
5.297242152315322,8.089240162590792e-05
5.312870139586013,8.086982483061797e-05
5.340978732817888,8.082422373974931e-05
5.3695633505268034,8.077229828730899e-05
5.380575597757669,8.074824125912854e-05
5.319171276360503,8.084795117931961e-05
5.284365263278237,8.090548006230017e-05
5.364181510210657,8.077294649676529e-05
5.4241107438065095,8.067204199039649e-05
5.48650891620356,8.056778175689746e-05
5.550624077591475,8.0453551035183e-05
5.53310385104743,8.047481353275085e-05
5.346313756115975,8.079864177735299e-05
5.4278080563739834,8.066097646971691e-05
5.512068870613385,8.051940169584788e-05
5.601549895366478,8.036601122256267e-05
5.377856075864772,8.075229896264796e-05
5.450753446801234,8.062238557942245e-05
5.408583051206307,8.069874369644968e-05
5.473861055904231,8.0583404537169e-05
5.491325638697072,8.055339844398282e-05
5.4708429370564025,8.058048319656419e-05
5.543902125598154,8.04605685414073e-05
5.605405038707917,8.035260310173215e-05
5.595246953774933,8.03672514608028e-05
5.5027900021494265,8.052800969705287e-05
5.573018121873317,8.040946329967068e-05
5.627396056518917,8.031510129760972e-05
3.9164736255480705,8.288348217690841e-05
5.704375641928775,8.018586644865384e-05
5.702053977154169,8.018726092954068e-05
5.706091289243471,8.01766730865746e-05
5.724423634124082,8.014264043666596e-05
5.762063504418813,8.00713250768761e-05
5.818536134566223,7.99676885665583e-05
5.887855633945354,7.983900022815868e-05
5.960763192389725,7.97003083119839e-05
6.027799922870791,7.956975969063329e-05
6.081746396423416,7.946895433227169e-05
6.1186073767505995,7.94000606059535e-05
6.137069318318272,7.935934163255837e-05
5.659678687077054,8.02664134710459e-05
5.64116470980074,8.030457758229766e-05
5.6479965296343755,8.02870867029633e-05
5.670695661209729,8.024414637492161e-05
5.712272104880983,8.016519766697322e-05
5.772766494496657,8.00550184041399e-05
5.846972220924498,7.991273234322296e-05
5.926023311369411,7.976334027621984e-05
6.00029837364821,7.962359596702448e-05
6.061996291351996,7.950526729602008e-05
6.106435900618483,7.942161980073363e-05
6.131834857070976,7.937752811102286e-05
6.13804357893621,7.936280658787741e-05
6.125292969797171,7.938469876998146e-05
6.093206462692306,7.944606030915372e-05
6.0422954542847584,7.954229570167188e-05
5.9752542547328895,7.967272191091856e-05
5.8980469583882025,7.981794592318643e-05
5.819698223481802,7.996359999669138e-05
5.750567919541272,8.00937755522388e-05
5.699532155940033,8.018907684062787e-05
5.671234302016031,8.024400196206857e-05
5.665348518262726,8.025604251051376e-05
5.679890273046815,8.02314534895135e-05
5.535020482407361,8.049754102820848e-05
5.501173091378326,8.056049500997591e-05
5.529279504187479,8.050957310578165e-05
5.591543863883025,8.039193646818784e-05
5.6747217831149825,8.023633026265789e-05
5.769553794406953,8.006206725420849e-05
5.866434951056023,7.988054748609417e-05
5.955990280477397,7.97112891280031e-05
6.03075156429044,7.956638810781576e-05
6.086195402561761,7.946218845176589e-05
6.120562380367311,7.93947489280908e-05
6.133630344462874,7.937238312869049e-05
6.125955310599892,7.938695266565937e-05
6.096766882910128,7.94398704911385e-05
6.045468809680981,7.953899144096989e-05
5.973313861539954,7.967705364393454e-05
5.884961655953138,7.98464527316878e-05
5.789557056105504,8.002446286452127e-05
5.700604780679,8.019271183831752e-05
5.63417044051669,8.031115371658644e-05
5.604576540144608,8.036707109221462e-05
5.618000303073201,8.034199097736859e-05
5.371865319877202,8.079381557249948e-05
5.348620247058307,8.083701384032216e-05
5.417956180776861,8.071144865399653e-05
5.530789236836804,8.05068025066512e-05
5.656980054270439,8.027666524821783e-05
5.780707170692055,8.004316430788055e-05
5.891988825747023,7.98318993864281e-05
5.984222062818323,7.965495135826287e-05
6.0537513093138555,7.952265109618226e-05
6.099287922673494,7.943802966948453e-05
6.120667758446681,7.939690060055921e-05
6.117408561240353,7.940342976756131e-05
6.090021796154279,7.945494565627921e-05
6.0362471048979325,7.955929062884003e-05
5.9562406980479565,7.971101340331563e-05
5.854038596947065,7.990679926142654e-05
5.740502660137298,8.011891560832106e-05
5.635893587212304,8.031073605406196e-05
5.568364186238698,8.043485997617825e-05
5.559574560069803,8.045416325134284e-05
5.225601639105302,8.105705825309853e-05
5.2423890446716275,8.102795563297233e-05
5.365793807079957,8.080914899647287e-05
5.52218838593746,8.052602155065921e-05
5.675194400084692,8.024265422229531e-05
5.810447418808958,7.999032757270369e-05
5.921748509865577,7.977904607829516e-05
6.0066008107185835,7.96136526930335e-05
6.06444244075689,7.950320198833873e-05
6.095191161438299,7.944794256247058e-05
6.095686862240955,7.944324496229737e-05
6.069357869554559,7.949487559653534e-05
6.012043548490606,7.960673224587587e-05
5.923486066449739,7.977839665761491e-05
5.808578828368599,7.999878241370948e-05
5.6832455250359475,8.02313091047767e-05
5.580617510983398,8.041846679362147e-05
5.54025230327415,8.048823245203485e-05
5.153725851917558,8.11920548705403e-05
5.2265813269068016,8.106476892960397e-05
5.3917397010859345,8.076645205275853e-05
5.566676545419337,8.044999479296881e-05
5.722010490271285,8.015555015134841e-05
5.8495223176058255,7.991802155064868e-05
5.947512930630793,7.973054414339833e-05
6.016182100630758,7.959765101449828e-05
6.055517263914513,7.951993502942281e-05
6.063953050447729,7.950281639963012e-05
6.031957745491453,7.956710628564835e-05
5.970409603729963,7.968765299049631e-05
5.874123966680756,7.98748830463994e-05
5.751849860086746,8.010751536929505e-05
5.632552920182157,8.033039657380714e-05
5.568456214401443,8.044687912253334e-05
5.194481964857183,8.1128961650457e-05
5.311075971588594,8.092402267255284e-05
5.484576986870498,8.060948160180068e-05
5.648157764732573,8.030627557260017e-05
5.7835465203416065,8.004632123227135e-05
5.887907112611698,7.984508561130931e-05
5.961876194737754,7.969961753942876e-05
6.005542837783678,7.961557520990532e-05
6.016764157313986,7.959106777396452e-05
5.97793444307315,7.967081379131168e-05
5.91031231683815,7.98041724725598e-05
5.807793117020192,8.000349938177097e-05
5.691581145814178,8.022482171041256e-05
5.621417525222525,8.035781357191743e-05
5.340770515180489,8.087805577468914e-05
5.470614918952533,8.064430402478669e-05
5.620903063235178,8.036081348600761e-05
5.75059709423389,8.011001729235816e-05
5.850275152317638,7.991565885678579e-05
5.919632075390088,7.978531454465255e-05
5.958880432384782,7.970474849444697e-05
5.9656772047084,7.968968723073689e-05
5.914207720013993,7.978718834583223e-05
5.834005224724832,7.994684835203898e-05
5.725213157233377,8.01541660203043e-05
5.658717812981378,8.029296393529649e-05
5.54538629000587,8.051237554665233e-05
5.664489659302474,8.028552609541493e-05
5.776704982507145,8.006927786103784e-05
5.862069291178276,7.98971096864249e-05
5.917011573336586,7.97886989639713e-05
5.941657311513853,7.973770033447996e-05
5.934378272656326,7.974742459749656e-05
5.8898675434119685,7.983152516416313e-05
5.7585930656311675,8.00770835413041e-05
5.639977695629523,8.03146005877866e-05
5.757765423321453,8.010987918852701e-05
5.8542746857980985,7.992514415676634e-05
5.9268181868594425,7.978022349376574e-05
5.967507621835658,7.969157198835069e-05
5.976002298880916,7.967246969978864e-05
5.9529103172017805,7.971219054097586e-05
5.898123287507359,7.981101858478802e-05
5.783376383707441,8.002254548753395e-05
5.942895718407743,7.975347470950648e-05
6.010695238742313,7.961045148859777e-05
6.045214343208669,7.953841859697815e-05
6.0448160165832965,7.953483402021978e-05
6.012522636700301,7.959843438959266e-05
5.955717380679576,7.970464179679416e-05
6.078516315022377,7.947496062329036e-05
6.113154336879111,7.940236821113047e-05
6.1103864493905595,7.940977858242203e-05
6.0734297532806,7.948008965011241e-05
6.150149776076868,7.932870522822613e-05
6.148798015849409,7.932974959125188e-05
5.597301169808519,8.037894412933707e-05
5.590099408633612,8.039366793530274e-05
5.617506013974891,8.034212761139271e-05
5.674365467028388,8.023892041211308e-05
5.752923041868015,8.009225871112958e-05
5.842449699526389,7.992617971594462e-05
5.931412851601705,7.975358074394381e-05
6.009948767045125,7.960735460211312e-05
6.071425516673792,7.948821743249305e-05
6.112685897726658,7.94098113168294e-05
6.133045671272383,7.937332630743745e-05
5.45621158122245,8.063845874646327e-05
5.477100417630001,8.059832987694071e-05
5.547053461908,8.04726456174046e-05
5.646179271437812,8.029159534870685e-05
5.757131015802794,8.008753606368202e-05
5.865730997601881,7.988194954070991e-05
5.961391104795155,7.970139308125272e-05
6.037400639235319,7.95532560100825e-05
6.090621485613652,7.945256369465057e-05
6.120351928194511,7.93945342491689e-05
6.126672282928378,7.938705016983026e-05
6.110523005923281,7.94160657569949e-05
6.070227858219982,7.948982058725468e-05
6.00551147948524,7.961576565774e-05
5.918309348207347,7.978124014414344e-05
5.814855694014267,7.997807706210897e-05
5.707268193892703,8.017595349645217e-05
5.613977878337276,8.034744204268643e-05
5.5566380129049575,8.045237434183529e-05
5.550041855387107,8.046904259841727e-05
5.328102978555546,8.087414681993033e-05
5.394643483022646,8.075328439970645e-05
5.5123925360634045,8.053920675248851e-05
5.647859295101595,8.029257352018223e-05
5.779660079180608,8.004662980844984e-05
5.895328249777065,7.982896847373637e-05
5.988146351024788,7.965318194418939e-05
6.055246041609792,7.952312939209345e-05
6.095960745616323,7.94447919830296e-05
6.1100923644782625,7.941510744067875e-05
6.096521055368127,7.944512831285365e-05
6.055910156990129,7.95231209212244e-05
5.986138054375383,7.96572293320382e-05
5.888725824737556,7.984292016441012e-05
5.7711615728674195,8.006533272146094e-05
5.651367270582569,8.02882517968803e-05
5.560102916283682,8.045343107585781e-05
5.528001404050782,8.051321956485224e-05
5.267043923117277,8.098160319083147e-05
5.381039906839348,8.078381641079841e-05
5.531918095791814,8.051042159979632e-05
5.683069810021028,8.023214009747102e-05
5.816680131690314,7.99816534092203e-05
5.925096186079418,7.977359553244394e-05
6.005549084615194,7.961852627592991e-05
6.057296829445905,7.952120636213934e-05
6.07963218852558,7.947375149527893e-05
6.067241828191779,7.950046168988346e-05
6.025481732448593,7.958110810224429e-05
5.950117900753399,7.972756472230298e-05
5.843567998550926,7.993143238151922e-05
5.71786243658103,8.017040284736999e-05
5.603800358994192,8.038172241017068e-05
5.546658681254759,8.048376742061845e-05
5.298579322809148,8.093664807732012e-05
5.440139795167596,8.068331530329488e-05
5.596966557681514,8.039405044187629e-05
5.739849811335383,8.012594188053977e-05
5.857639657379605,7.990284724666898e-05
5.946882043619476,7.973110004785425e-05
6.006494936075791,7.961827705502382e-05
6.03507165651643,7.955807701941806e-05
6.021520708098164,7.958654634409764e-05
5.977129953033007,7.967178990157648e-05
5.89607828336188,7.983156956840815e-05
5.7841954634812165,8.004667681516482e-05
5.666435188425422,8.027164921890892e-05
5.597194324320574,8.039948144966627e-05
5.4132488136447465,8.074201959861767e-05
5.55354703610728,8.048276341172131e-05
5.690474979170954,8.0224382279483e-05
5.805979207443631,8.000646466727294e-05
5.894451929928005,7.983218756677283e-05
5.954122016304671,7.97181543967681e-05
5.982880319802982,7.96553322635896e-05
5.976560776759324,7.966855844970289e-05
5.912210005576753,7.97941097135679e-05
5.823614970927063,7.996788783972864e-05
5.714950864009855,8.017903196526705e-05
5.648912735303724,8.031018882725798e-05
5.580296358589931,8.044139374761238e-05
5.6978145637519315,8.02163602940753e-05
5.798712697263225,8.001985787778093e-05
5.874506971459758,7.987238264487799e-05
5.922787049981932,7.977527042314414e-05
5.941338403205083,7.973544126130237e-05
5.92552094038309,7.97655832439089e-05
5.841053071928923,7.992542272161973e-05
5.73431727356982,8.013118580244275e-05
5.662255228943726,8.027617625811977e-05
5.76422018758786,8.009733496393238e-05
5.849624576248311,7.992755338988158e-05
5.909041082645698,7.981165631562068e-05
5.939661901640189,7.974372965341259e-05
5.940425616183912,7.973770977844674e-05
5.908495778021928,7.979622391514586e-05
5.808071208452256,7.997942888954445e-05
5.680761417177126,8.021090844244061e-05
5.932967620325274,7.976988691346471e-05
5.983876733197451,7.966388546948842e-05
6.002711305824931,7.962400557957422e-05
5.9899542700092905,7.964049731439324e-05
5.947701040632682,7.971678621094015e-05
5.882928991090395,7.98341427914383e-05
6.06087337683411,7.951137499036996e-05
6.076208649516565,7.947673957356687e-05
6.057222020256454,7.950788441896186e-05
6.009596448930702,7.959844245448174e-05
6.129673580690271,7.937043238340995e-05
6.109121894931068,7.940427080384909e-05
5.465227458875346,8.062387431509808e-05
5.509880658850111,8.054184815943732e-05
5.604496532954715,8.037176662458195e-05
5.724353281273037,8.015239650950638e-05
5.8446465327129316,7.992544513136764e-05
5.949151437136122,7.972962848074514e-05
6.029619819856311,7.957205218245653e-05
6.083142592710987,7.947137375901644e-05
6.109507969808922,7.941777563314207e-05
5.421607242917872,8.070861397549593e-05
5.504496394604181,8.055847847948006e-05
5.626545744179108,8.033615924131614e-05
5.758461083211509,8.008944491151427e-05
5.878050376422613,7.986093929215213e-05
5.97376422705707,7.968028904110627e-05
6.041006615964052,7.955190844694898e-05
6.0784900114849325,7.947997978224462e-05
6.084549605168489,7.946630051738406e-05
6.060899015103892,7.951142636192936e-05
6.005794745044505,7.962003976911961e-05
5.9196437303065705,7.978427943788998e-05
5.806823271360374,8.00006965960877e-05
5.680801583110114,8.023517741143992e-05
5.569806570882303,8.044002311114404e-05
5.50955817432977,8.054906563834775e-05
5.4423054339852905,8.06747192077142e-05
5.547728722909,8.048787037980565e-05
5.676396885707925,8.024552259586044e-05
5.801845916965898,8.000883894018946e-05
5.907383849969764,7.980567509843264e-05
5.985375382296537,7.965649566156036e-05
6.032600004123454,7.956560042072127e-05
6.04692144708602,7.953960703652937e-05
6.021472536671538,7.958697505713178e-05
5.964182189116664,7.970077878529049e-05
5.872947732073835,7.987894595388423e-05
5.756597186250422,8.009983361759724e-05
5.641355525436661,8.031575207394536e-05
5.572659703349925,8.043930657192572e-05
5.520597942633395,8.053755396559814e-05
5.627143116342508,8.03445608291269e-05
5.741631921754315,8.012613513709962e-05
5.844873847351951,7.99301959515011e-05
5.9252384435422005,7.977562781019084e-05
5.97658774715598,7.967310051764226e-05
5.99456592135863,7.963547565527318e-05
5.964993376396812,7.969564986810444e-05
5.904029602248324,7.981336684001986e-05
5.809568082973727,7.999615269079913e-05
5.702925192904204,8.020553217754992e-05
5.636968296881026,8.032968850094997e-05
5.637040188760371,8.032603333982579e-05
5.7273252881592045,8.015932466878763e-05
5.812533198450859,7.999308060881008e-05
5.881327702968509,7.985681165441623e-05
5.92553240749674,7.977093492164186e-05
5.938556670828031,7.974038661729791e-05
5.898113755717818,7.982181897862165e-05
5.827287374154394,7.995638974989969e-05
5.731268012874278,8.014390073946604e-05
5.674989204799662,8.025798388722156e-05
5.771862214307195,8.007662884923531e-05
5.835634043468774,7.994831672674882e-05
5.882866568930165,7.985583230316183e-05
5.90779243253967,7.980223719036367e-05
5.904257887732497,7.98048434179665e-05
5.864674872455864,7.987470936636556e-05
5.748507951648043,8.009563100659536e-05
5.654614879717491,8.028500118485942e-05
5.9048559522199,7.981958632505756e-05
5.937163813611166,7.974817486133527e-05
5.943916920184598,7.973314120391922e-05
5.922765085008235,7.976786280273335e-05
5.871218034560764,7.985946721686557e-05
5.76664850527293,8.00580641266391e-05
6.012708004462521,7.960447983900979e-05
6.011354751361695,7.960118864435442e-05
5.981151160233617,7.965369184547214e-05
5.927444157574567,7.976053160269647e-05
6.073336074681095,7.948054664715894e-05
6.038918300983908,7.954893898567976e-05
5.530135046358718,8.051812692436233e-05
5.608358341705171,8.03752149006825e-05
5.724071347840646,8.0153863205456e-05
5.842703333618349,7.99337200741341e-05
5.941087869451414,7.974455517585309e-05
6.009369447826918,7.961130035147425e-05
6.044276365143107,7.954367077817887e-05
5.588506667132169,8.041465077231556e-05
5.668500817459977,8.02648411267968e-05
5.772271267975733,8.006731136445609e-05
5.870957887848533,7.987888365223398e-05
5.946022557588748,7.973031367640914e-05
5.988931341401303,7.964623189531198e-05
5.992416147105661,7.964247542284887e-05
5.9591571057463035,7.970656633353152e-05
5.890087285458796,7.984116100496007e-05
5.792739589967294,8.002843000268849e-05
5.689291851563448,8.022813685730284e-05
5.620952409225283,8.035687416529373e-05
5.671682927969618,8.025842564413036e-05
5.7391763933486235,8.013385283455483e-05
5.817277309684684,7.998161319982172e-05
5.884783964233824,7.984944666474454e-05
5.926518224355097,7.976395172099008e-05
5.933566046094399,7.975179857706217e-05
5.891540597680794,7.983217219509558e-05
5.821207800159281,7.99696429882332e-05
5.734944331313207,8.014071595724874e-05
5.681835464761284,8.024482080481431e-05
5.7670819239717055,8.008200650696726e-05
5.81224518689119,7.999116152911619e-05
5.854077712457428,7.990681294072597e-05
5.878743055340586,7.985590694914667e-05
5.873932466678581,7.986272944588068e-05
5.815248326075777,7.997280499691949e-05
5.73602354029217,8.012695804530014e-05
5.693648754736225,8.021498552103853e-05
5.863333341116597,7.989186922420342e-05
5.880078195017338,7.985619112977352e-05
5.879654737826451,7.985037570290263e-05
5.853227766173989,7.989678499320024e-05
5.773019625658995,8.00436261046777e-05
5.653458685901004,8.026186407045583e-05
5.945035779434534,7.973061792843601e-05
5.930845349638023,7.975371955594389e-05
5.892698088610066,7.98227788999864e-05
5.833150242778992,7.993434783721538e-05
5.993067830893392,7.96333994686546e-05
5.950471716515837,7.971279495751095e-05
5.682982905055901,8.024021943984632e-05
5.739094477890963,8.013094308587473e-05
5.8187702721776535,7.997583824874817e-05
5.887726926934425,7.984318454690006e-05
5.926552627287596,7.976492323789795e-05
5.749723811061144,8.011018433789441e-05
5.784096887684115,8.004354448420205e-05
5.828529888837365,7.995458239006892e-05
5.8578264861842015,7.989379006201573e-05
5.851161715378835,7.990773115432122e-05
5.812301376543849,7.99813957828956e-05
5.756044422034471,8.009380612013577e-05
5.724655379636718,8.01566315470175e-05
5.814175874815696,7.998341097500573e-05
5.819934385544109,7.996738793182872e-05
5.818653218491659,7.996342824632978e-05
5.794160961383762,8.000866680719918e-05
5.727109018873234,8.013931826349725e-05
5.7011867116298225,8.019333840388866e-05
5.868109168747483,7.987169971801238e-05
5.843412863861697,7.992147952137582e-05
5.7978030312704885,7.999331368856414e-05
5.7153456653532375,8.01509222551172e-05
5.900263143224274,7.980838640765177e-05
5.852131070841429,7.989466409624112e-05
5.760496046271629,8.008293302606096e-05
5.761927426942469,8.007717021159295e-05
5.77632747175678,8.004276063292508e-05
5.786293905490389,8.00264162492416e-05
5.753601829742554,8.008445944998149e-05
5.707375411803215,8.016738613327934e-05
5.69827479369242,8.018760528994818e-05
5.8001952892201025,7.999426071825048e-05
5.745736642328213,8.009489261550294e-05
5.692258155928004,8.018762322677846e-05
